corpus	item	surface	reference	resolved lemma	display gloss	resolution path	source	judgment	reason if incorrect	context
bavli	0	מוליד	Bavli_Yevamot.159.5	מולד	לידה	form	krupnik-1927:def	incorrect	Hebrew participle 'begets' read as the noun 'birth'	גמ׳ פשיטא מהו דתימא ⟨מוליד⟩ מאכיל שאינו מוליד אינו מאכיל קמ"ל
bavli	1	סבר	Bavli_Eruvin.188.20	סבר	חשב	form	krupnik-1927:def	correct		ורבן גמליאל ⟨סבר⟩ שבת לאו זמן תפילין הוא
bavli	2	דאנא	Bavli_Bava_Batra.5.2	pron:אנא	שאני	form+d	grammar:pronominal	correct		ליה ליכא איניש דאזיל דלימא ליה ⟨דאנא⟩ ואת יתיבנא אמר ליה כתיב קהלת
bavli	3	הך	Bavli_Pesachim.135.4	הכ	זה, זאת	form	krupnik-1927:def	correct		אמר ליה ברישא ופרכיה והדר א"ל ⟨הך⟩ דמה לי אם דחו
bavli	4	למאי	Bavli_Bava_Kamma.15.9	מאי	למה	form+l	krupnik-1927:def	correct		רב אסי כספים הרי הן כקרקע ⟨למאי⟩ הלכתא אילימא לענין מיטב היינו דרב
bavli	5	לקמיה	Bavli_Eruvin.21.15	לקמיה	לפניו	reviewed-form	reviewed	correct		לשון ים הנכנס לחצר הוה ואתא ⟨לקמיה⟩ דרב יהודה ולא אצרכיה אלא פס
bavli	6	דלמא	Bavli_Menachot.28.9	דילמא	שמא, אולי	form	krupnik-1927:def	correct		חבירו כבש משמע ולא מפגל או ⟨דלמא⟩ לחם משמע ומפגל ליה
bavli	7	דאמר	Bavli_Bava_Batra.219.7	אמר	שאמר	form+d	jastrow-1903:same	correct		בעלמא דריש דיו ושאני הכא ⟨דאמר⟩ קרא ממטות מקיש מטה האם למטה
bavli	8	והאידנא	Bavli_Beitzah.9.5	האידנא	וכעת, עכשיו	form+w	krupnik-1927:def	correct		אמר רבינא ⟨והאידנא⟩ דאיכא חברי חיישינן
bavli	9	בר	Bavli_Bekhorot.48.8	בר	בן	form	reviewed:reviewed	correct		אמר רב נחמן אמר רבה ⟨בר⟩ אבוה הכא בגיזת בכור בעל מום
bavli	10	אמר	Bavli_Yoma.43.1	אמר	אמר	form	jastrow-1903:same	correct		נטירה נקימה אמר לו השאילני מגלך ⟨אמר⟩ לו לאו למחר אמר לו הוא
bavli	11	מאי	Bavli_Taanit.31.10	phrase	מהו הטעם, למה	phrase	krupnik-1927	correct		ולכבס ובחמישי מותרין מפני כבוד השבת ⟨מאי⟩ טעמא אמר רבה בר בר חנה
bavli	12	אי	Bavli_Gittin.69.14	אי	אם	form	krupnik-1927:def-en	incorrect	Hebrew negation 'אי אתה' glossed 'אם'	כספים בזמן שאי אתה משמט קרקע ⟨אי⟩ אתה משמט כספים
bavli	13	תנא	Bavli_Shabbat.151.4	תני	שנה	form	reviewed:reviewed	correct		⟨תנא⟩ יבש בכזית דברי רבי נתן אמר
bavli	14	וחד	Bavli_Yoma.147.1	חד	ואחד	form+w	krupnik-1927:def	correct		בכוסו עריות כולן דומות עליו כמישור ⟨וחד⟩ אמר כל הנותן עינו בכוסו כל
bavli	15	דקאי	Bavli_Eruvin.84.9	קומ	שעמד, היה קיים	form:pe.ptcp.ms+d	krupnik-1927:def	correct		דקאי אימת דקא נדר אילימא ⟨דקאי⟩ בחול כיון דחל עליה נזירות היכי
bavli	16	צריכא	Bavli_Pesachim.124.9	צריכ	צריך	form	jastrow-1903:eq	correct		דאיסורא הוא וכל היכא דאיתיה איתיה ⟨צריכא⟩
bavli	17	הכי	Bavli_Yevamot.4.16	הכי	כן	form	krupnik-1927:def	correct		טעמא דכתב רחמנא עליה הא לאו ⟨הכי⟩ ה"א אחות אשה מייבמת מאי טעמא
bavli	18	אמר	Bavli_Shabbat.309.5	אמר	אמר	form	jastrow-1903:same	correct		תלתא קמי תרי אסור רב יוסף ⟨אמר⟩ קב ואפילו קביים עולא אמר כור
bavli	19	ושיריים	Bavli_Eruvin.111.17	שיריימ	ושארית, מותר	form+w	krupnik-1927:def	correct		ע' אמה ושיריים ולזו ע' אמה ⟨ושיריים⟩ עושה קרפף לשתיהן להיות אחד שמע
bavli	20	ליה	Bavli_Rosh_Hashanah.48.10	pron:ליה	לו	form	grammar:pronominal	correct		וכיון דתנא ⟨ליה⟩ ראוהו ב"ד וכל ישראל נחקרו העדים
bavli	21	ותניא	Bavli_Beitzah.58.9	תניא	ונאמר בברייתא	form+w	krupnik-1927:def	correct		לד חג הסוכות שבעת ימים לה' ⟨ותניא⟩ ר' יהודה בן בתירא אומר מנין
bavli	22	כתיב	Bavli_Sanhedrin.40.13	כתיב	כתוב	reviewed-form	reviewed	correct		רב יהודה רמי ⟨כתיב⟩ מלכים א ה ו ויהי לשלמה
bavli	23	ומאי	Bavli_Pesachim.20.6	ומאי	ומה	reviewed-form	reviewed	correct		יהודה מאי שנא גבי חמץ דגזר ⟨ומאי⟩ שנא גבי קרצוף דלא גזר לחם
bavli	24	דקסבר	Bavli_Keritot.31.1	דקסבר	שסובר	reviewed-form	reviewed	correct		שבת וזדון מלאכות דשבתות כגופין דמיין ⟨דקסבר⟩ אין ידיעה לחצי שיעור
bavli	25	אוקימתא	Bavli_Shabbat.98.3	קימ	הקים, העמיד · קבע, הניח	form:af.perf.2ms	krupnik-1927:def	correct		במאי ⟨אוקימתא⟩ כר' יהודה אימא סיפא אבל פניו
bavli	26	דאתאי	Bavli_Niddah.48.9	אתא	שבאתי	form:pe.perf.1s+d	krupnik-1927:def	incorrect	3fs 'that came (was brought)', rendered 1s	דמספקא ליה לשמואל והא ההוא שפירא ⟨דאתאי⟩ לקמיה דמר שמואל אמר הא בר
bavli	27	אמר	Bavli_Chullin.39.11	אמר	אמר	form	jastrow-1903:same	correct		ר"ל אמר הותזו ממש ר' אסי ⟨אמר⟩ רבי מני כהבדלת עולת העוף
bavli	28	אמרינן	Bavli_Bava_Kamma.31.6	אמר	אנו אומרים	form:pe.ptcp.1pl	jastrow-1903:same	correct		ומברך והדר אמר לן אפילו קיים ⟨אמרינן⟩ לימד לא אמרינן
bavli	29	אינשי	Bavli_Bava_Kamma.182.17	אינשי	אנשים	reviewed-form	reviewed	correct		בר מרי מנא הא מילתא דאמרי ⟨אינשי⟩ כד הוינן זוטרי לגברי השתא דקשישנא
bavli	30	אתא	Bavli_Gittin.109.11	אתא	בא	form	krupnik-1927:def	correct		א"ל זיל אייתי לי אדאזל אזדבן ⟨אתא⟩ ואמר לה גושקרא ליכא קימחא דשערי
bavli	31	הא	Bavli_Berakhot.116.11	phrase	גם זה וגם זה	phrase	krupnik-1927	correct		דאתא פורתא הא דאתא טובא ואב"א ⟨הא⟩ והא דאתא טובא ולא קשיא הא
bavli	32	הכא	Bavli_Shevuot.65.14	הכא	כאן	form	krupnik-1927:def	correct		משביע עדי קרקע אפי' לר"א פטורין ⟨הכא⟩ מאי איכא בין ר"א לר"ע
bavli	33	כמאן	Bavli_Bava_Batra.246.14	מאנ	כמי	form+k	krupnik-1927:def	correct		לעולם רבנן היא ומלוה ⟨כמאן⟩ דגביא דמיא
bavli	34	בעא	Bavli_Niddah.104.14	בעא	שאל	reviewed-form	reviewed	correct		טהרה א"ל אין והא זימנין סגיאין ⟨בעא⟩ מינך ולא אמרת ולא מידי דלמא
bavli	35	ליה	Bavli_Sanhedrin.119.17	pron:ליה	לו	form	grammar:pronominal	correct		במאי קמיפלגי במסית לעצמו ואמרי ⟨ליה⟩ אין קמפלגי מר סבר מסית לעצמו
bavli	36	אמר	Bavli_Sanhedrin.74.11	אמר	אמר	form	jastrow-1903:same	correct		ואמר רב יהודה ⟨אמר⟩ רב אדם הראשון מין היה שנאמר
bavli	37	הוה	Bavli_Pesachim.144.1	הוה	היה	form	reviewed:reviewed	correct		פסח הוא וכיון דלית ליה בעלים ⟨הוה⟩ ליה פסולו בגופו אמטו להכי ישרף
bavli	38	בינייהו	Bavli_Niddah.36.4	phrase	חולקים הם בדבר זה	phrase	krupnik-1927	correct		וחכמים מטהרין היינו ת"ק איכא ⟨בינייהו⟩ לתלות
bavli	39	התם	Bavli_Tamid.4.1	התמ	שם	reviewed-form	reviewed	correct		פרחי כהונה אמרי אין ⟨התם⟩ דלא מטו למעבד עבודה קרי להו
bavli	40	לשמעתא	Bavli_Temurah.53.8	שמעתא	להלכה מקובלת	form+l	krupnik-1927:def	correct		אמר רב כהנא אמריתה ⟨לשמעתא⟩ קמיה דרב שימי בר אשי אמר
bavli	41	כאן	Bavli_Yevamot.21.3	כאנ	פה, במקום זה	form	krupnik-1927:def	correct		משום דרב יוסף דאמר רב יוסף ⟨כאן⟩ שנה רבי לא ישפוך אדם מי
bavli	42	אמר	Bavli_Ketubot.151.14	אמר	אמר	form	jastrow-1903:same	correct		ר' אלעזר אמרה לשמעתא קמיה דשמואל ⟨אמר⟩ אכסוה שערי לאלעזר עד שכופין אותו
bavli	43	אמר	Bavli_Bava_Batra.341.3	אמר	אמר	form	jastrow-1903:same	correct		⟨אמר⟩ להו רב לספריה וכן אמר להו
bavli	44	ליה	Bavli_Shabbat.187.3	pron:ליה	לו	form	grammar:pronominal	correct		חייב אמר להו משום מגבן אמרו ⟨ליה⟩ רבך קטיל קני באגמא הוה אתא
bavli	45	מאי	Bavli_Gittin.62.6	phrase	מה ההבדל	phrase	reviewed	correct		רב אחא בריה דרבא לרב אשי ⟨מאי⟩ שנא מהרי הוא הקדש הרי הוא
bavli	46	ההיא	Bavli_Menachot.125.13	ההיא	ההיא	reviewed-form	reviewed	correct		אימא סמי כחושה מקמייתא ואיבעית אימא ⟨ההיא⟩ רבי אמי אמרה
bavli	47	לית	Bavli_Eruvin.91.11	לית	אין	form	krupnik-1927:def	correct		ומאי קושיא דילמא רב ⟨לית⟩ ליה להני כללי
bavli	48	אזיל	Bavli_Pesachim.97.15	אזיל	הולך	reviewed-form	reviewed	correct		בא יצחק והזהיר את יעקב ויהודה ⟨אזיל⟩ ונסיב אלא אמר רבי שמעון בן
bavli	49	אמר	Bavli_Niddah.80.8	אמר	אמר	form	jastrow-1903:same	correct		למאי אילימא לטומאת שבעה דם ⟨אמר⟩ רחמנא ולא חתיכה אלא לטומאת ערב
bavli	50	איכא	Bavli_Ketubot.60.6	איכא	יש	form	krupnik-1927:def	correct		צידי רה"ר כרה"ר דמו איסור שבת ⟨איכא⟩ איסור גניבה ליכא אי כרבנן דאמרי
bavli	51	דאיכא	Bavli_Zevachim.18.7	איכא	שיש	form+d	krupnik-1927:def	correct		משום ⟨דאיכא⟩ למיפרך מה להצד השוה שבהן שכן
bavli	52	שמיה	Bavli_Sukkah.22.4	שמיה	שמו	reviewed-form	reviewed	correct		דתימא בית קבול העשוי למלאות לא ⟨שמיה⟩ קיבול קמשמע לן
bavli	53	סבר	Bavli_Bekhorot.76.8	סבר	חשב	form	krupnik-1927:def	correct		סבר חסרון מבפנים שמיה חסרון ומר ⟨סבר⟩ לא שמיה חסרון
bavli	54	למעוטי	Bavli_Sanhedrin.119.5	למעוטי	למעט	reviewed-form	reviewed	correct		כולו דברים יב ל איכה יעבדו ⟨למעוטי⟩ מאי
bavli	55	אמר	Bavli_Bava_Kamma.182.12	אמר	אמר	form	jastrow-1903:same	correct		ואזיל דיקלא בישא גבי קינא דשרכי ⟨אמר⟩ ליה דבר זה כתוב בתורה שנוי
bavli	56	אמר	Bavli_Arakhin.18.8	אמר	אמר	form	jastrow-1903:same	correct		רב נחמן ⟨אמר⟩ קרייתה זו היא הלילא רבא אמר
bavli	57	קינוח	Bavli_Chullin.207.4	קינוח	נגוב ונקוי	form	krupnik-1927:def	correct		גופא אמר רבי זירא אין ⟨קינוח⟩ הפה אלא בפת והני מילי בדחיטי
bavli	58	ליה	Bavli_Kiddushin.17.3	pron:ליה	לו	form	grammar:pronominal	correct		ורבי יוחנן האי סברא מנא ⟨ליה⟩ אם כן נכתוב קרא בעולת איש
bavli	59	דאתמר	Bavli_Bava_Metzia.132.3	דאתמר	שנאמר	reviewed-form	reviewed	correct		דאמר קיצותא אסירא מאי איכא למימר ⟨דאתמר⟩ קיצותא פליגא בה רב אחא ורבינא
bavli	60	אמרה	Bavli_Bava_Batra.268.9	אמרה	אמרה	reviewed-form	reviewed	correct		אלעזר אלא אי אמרת רבי יוחנן ⟨אמרה⟩ אצטריך רבי אלעזר לאסהודי עליה דר'
bavli	61	ליעבד	Bavli_Meilah.26.8	עבד	ייעשה	form:itpe.impf.3ms	reviewed:reviewed	incorrect	active jussive 'let him do', rendered passive	ואמאי מועלין בהן הכא נמי ⟨ליעבד⟩ בחול אמרי דדלמא בעי למיזגא וזגא
bavli	62	אמר	Bavli_Nedarim.69.8	אמר	אמר	form	jastrow-1903:same	correct		ואי דאכלה כשהיא פקחת ונשתטית הא ⟨אמר⟩ רבי ירמיה אמר רבי אבהו אמר
bavli	63	ומאי	Bavli_Chullin.246.24	ומאי	ומה	reviewed-form	reviewed	correct		ואתא ר' אליעזר למימר והוא דנישא ⟨ומאי⟩ אף אימא והוא דנישא
bavli	64	קשישא	Bavli_Shabbat.109.13	קשישא	זקן	form	krupnik-1927:def	correct		אביי ⟨קשישא⟩ רמי דרב אדרב מי אמר רב
bavli	65	ומאי	Bavli_Berakhot.70.3	ומאי	ומה	reviewed-form	reviewed	correct		ערלתו את פריו את הטפל לפריו ⟨ומאי⟩ ניהו שומר לפרי
bavli	66	קאמר	Bavli_Zevachim.212.23	אמר	אומר	form:pe.ptcp.ms+q	jastrow-1903:same	correct		לעתיד לבא ומר מאי דשמיע ליה ⟨קאמר⟩ ומר מאי דשמיע ליה קאמר וכי
bavli	67	אמר	Bavli_Chullin.160.9	אמר	אמר	form	jastrow-1903:same	correct		ואזדו לטעמייהו דכי אתא רב דימי ⟨אמר⟩ חייבי מיתות שוגגין וחייבי מלקות שוגגין
bavli	68	להא	Bavli_Nedarim.41.6	להא	לזה	reviewed-form	reviewed	correct		רב כהנא מתני לה ⟨להא⟩ שמעתא בהדין לישנא רב טביומי מתני
bavli	69	נפחא	Bavli_Bava_Batra.337.17	נפחא	נפח	form	jastrow-1903:same	correct		ברבי אבא אתא לקמיה דרבי יצחק ⟨נפחא⟩ אמר פרעתיך בפני פלוני ופלוני אמר
bavli	70	עילויה	Bavli_Bava_Batra.117.13	עילויה	עליו	reviewed-form	reviewed	correct		בני רשות הרבים הוו קא מעכבי ⟨עילויה⟩ אתא לקמיה דר' ינאי א"ל
bavli	71	שכיחא	Bavli_Gittin.7.11	שכיחא	מצוי	form	krupnik-1927:def	correct		בי תרי דמייתו גיטא מילתא דלא ⟨שכיחא⟩ ומילתא דלא שכיחא לא גזור בה
bavli	72	הני	Bavli_Bava_Batra.14.9	phrase	מנין הדברים האלה	phrase	reviewed	correct		שררות על הצבור פחות משנים מנא ⟨הני⟩ מילי אמר רב נחמן אמר קרא
bavli	73	בר	Bavli_Sanhedrin.54.26	בר	בן	form	reviewed:reviewed	correct		איכא דמתני לה להא דרבה ⟨בר⟩ בר חנה אהא את זו דרש
bavli	74	להו	Bavli_Nazir.40.3	pron:להו	להם	form	grammar:pronominal	correct		ואמר ואני אינו יכול להפר איבעיא ⟨להו⟩ בעל מיעקר עקר או דלמא מיגז
bavli	75	בר	Bavli_Eruvin.107.1	בר	בן	form	reviewed:reviewed	correct		והיינו דאמר אבדימי בר חמא ⟨בר⟩ דוסא מאי דכתיב דברים ל יב
bavli	76	אמר	Bavli_Yevamot.97.4	אמר	אמר	form	jastrow-1903:same	correct		אשתו שמתה וכו' יבמתו שמתה וכו' ⟨אמר⟩ רב יוסף כאן שנה רבי משנה
bavli	77	לטעמיה	Bavli_Pesachim.126.7	לטעמיה	לשיטתו	reviewed-form	reviewed	correct		חטא כעקביא בן מהללאל אביי מתרץ ⟨לטעמיה⟩ ורבא מתרץ לטעמיה אביי מתרץ לטעמיה
bavli	78	ליה	Bavli_Nedarim.99.5	pron:ליה	לו	form	grammar:pronominal	correct		אמר ⟨ליה⟩ ומאי ויקרא יח יז זימה אמר
bavli	79	מסית	Bavli_Menachot.196.21	מסית	מפתה	form	krupnik-1927:def	correct		בשר ודם מדת בשר ודם אדם ⟨מסית⟩ את חבירו מדרכי חיים לדרכי מיתה
bavli	80	שבתא	Bavli_Bava_Kamma.223.8	שבתא	שבת	form	jastrow-1903:same	correct		לא במעלי יומא טבא ולא במעלי ⟨שבתא⟩ אבל מניסן לבתר יומי ניסן וביומי
bavli	81	יומי	Bavli_Rosh_Hashanah.23.13	יומי	ימים	reviewed-form	reviewed	correct		דעייל רבעא או דנקא אכתי בחמשה ⟨יומי⟩ מי קא מליא אלא מאי אית
bavli	82	אמר	Bavli_Niddah.49.8	אמר	אמר	form	jastrow-1903:same	correct		⟨אמר⟩ רב פפא שמע מינה מכרך כריך
bavli	83	אי	Bavli_Eruvin.139.15	אי	אם	form	krupnik-1927:def-en	correct		אחד וסיפא בשני כלים שפיר אלא ⟨אי⟩ אמרת רישא בשני כלים וסיפא בשני
bavli	84	דעתיה	Bavli_Horayot.24.15	דעתא	דעה, סברא שלו	form:n.sg+3ms	krupnik-1927:def	correct		ושלום איכא בי מדרשא מידי יהב ⟨דעתיה⟩ וגרסה למחר אמרו ליה ניתי מר
bavli	85	עלמא	Bavli_Makkot.31.3	עלמא	עולם	form	krupnik-1927:def	correct		אלא דכולי ⟨עלמא⟩ ודאי טובלו והכא בהא קא מיפלגי
bavli	86	ליה	Bavli_Horayot.24.17	pron:ליה	לו	form	grammar:pronominal	correct		מורידין כי אזל רבי נתן אמר ⟨ליה⟩ רשב"ג נהי דאהני לך קמרא דאבוך
bavli	87	אמר	Bavli_Pesachim.226.10	אמר	אמר	form	jastrow-1903:same	correct		אפי' דג וביצה שעליו רב יוסף ⟨אמר⟩ צריך שני מיני בשר אחד זכר
bavli	88	אמר	Bavli_Pesachim.167.8	אמר	אמר	form	jastrow-1903:same	correct		חד אמר מפני חשדי כהונה וחד ⟨אמר⟩ מפני עצלי כהונה
bavli	89	בר	Bavli_Zevachim.81.3	בר	בן	form	reviewed:reviewed	correct		אמר רב יצחק ⟨בר⟩ אבין הכא במאי עסקינן כגון שפיגל
bavli	90	בהאי	Bavli_Menachot.174.17	האי	בזה, זאת	form+b	krupnik-1927:def	correct		במאי קא מיפלגי ⟨בהאי⟩ קרא דתניא שמות כה לט ככר
bavli	91	להו	Bavli_Shabbat.235.9	pron:להו	להם	form	grammar:pronominal	correct		לאחרוה אקדמוה רב ששת בקיטא מותיב ⟨להו⟩ לרבנן היכא דמטיא שימשא בסיתוא מותיב
bavli	92	בר	Bavli_Avodah_Zarah.115.7	בר	בן	form	reviewed:reviewed	correct		עובד כוכבים הוא ואמר רבה בר ⟨בר⟩ חנה א"ר יוחנן עובד כוכבים ועבד
bavli	93	הא	Bavli_Sanhedrin.142.2	הא	זה · הלא	form	krupnik-1927:def-en	correct		מאי טעמא אילימא משום דצדיק הוא ⟨הא⟩ קאתי במחתרתא אלא משום דקים לי
bavli	94	איסורא	Bavli_Pesachim.18.19	איסורא	איסור	form	krupnik-1927:def	correct		והכא בהא קמיפלגי מר סבר מקמי ⟨איסורא⟩ אין בתר איסורא לא גזירה דילמא
bavli	95	הכא	Bavli_Niddah.24.14	הכא	כאן	form	krupnik-1927:def	correct		התם במדברת ואינה שומעת ⟨הכא⟩ בשאינה מדברת ואינה שומעת כדתנן חרש
bavli	96	נמי	Bavli_Bava_Metzia.155.14	נמי	גם, כמו כן	form	krupnik-1927:def	correct		דשלמו שני משכנתא מקמי יובל אי ⟨נמי⟩ דמטו ליה זוזי ופריק לה ארבע
bavli	97	אשתכח	Bavli_Sanhedrin.136.13	אשתכח	נמצא	reviewed-form	reviewed	correct		עשר שנין וקשיש מאבוה תרתין שנין ⟨אשתכח⟩ כי אולדה הרן לשרה בתמני אולידה
bavli	98	היכרא	Bavli_Shabbat.94.9	היכרא	סימן ורושם	form	krupnik-1927:def	correct		עבדו בהו רבנן ⟨היכרא⟩ כי היכי דלא אתי למשרף עליה
bavli	99	וסיפא	Bavli_Eruvin.66.7	סיפא	והחלק האחרון של המשנה	form+w	krupnik-1927:def	correct		רבינא אמר כולה רבי היא ⟨וסיפא⟩ גזירה שמא יקטום
bavli	100	גברא	Bavli_Rosh_Hashanah.50.3	גברא	איש	form	krupnik-1927:def	correct		שמעוה לאמתא דבי רבי דחזית לההוא ⟨גברא⟩ דקא מבדר פרפחיניה אמרה ליה עד
bavli	101	מאי	Bavli_Bava_Batra.135.4	מאי	מה	reviewed-form	reviewed	correct		ואת הקנים שבכרם שהן לצרכו קנים ⟨מאי⟩ עבידתייהו אמרי דבי רבי ינאי קנים
bavli	102	אמרינן	Bavli_Bava_Kamma.46.6	אמר	אנו אומרים	form:pe.ptcp.1pl	jastrow-1903:same	correct		ודאי פטור בעל כלב מאי מי ⟨אמרינן⟩ מצי א"ל אנא מאי עבידנא ליה
bavli	103	ליה	Bavli_Moed_Katan.19.16	pron:ליה	לו	form	grammar:pronominal	correct		רבא מיצד מיזל אייתויי ומימלח אמר ⟨ליה⟩ אביי והא אנן כבשין שהוא יכול
bavli	104	מהו	Bavli_Bava_Batra.285.7	מהו	מה הוא	reviewed-form	reviewed	correct		קנה עלייה לא קנה בית ואכסדרה ⟨מהו⟩ שני בתים זה לפנים מזה מהו
bavli	105	איכא	Bavli_Zevachim.128.5	phrase	חולקים הם בדבר זה	phrase	krupnik-1927	correct		שהייה בסימן שני בעולת העוף מעכב ⟨איכא⟩ בינייהו תנא קמא סבר שהייה בסימן
bavli	106	הא	Bavli_Sanhedrin.81.1	הא	זה · הלא	form	krupnik-1927:def-en	correct		ותרוייהו כר' יוחנן סבירא להו ⟨הא⟩ למיהוי כי יתרא הא למיהוי כי
bavli	107	אימא	Bavli_Menachot.14.8	אימא	אמור	reviewed-form	reviewed	correct		ואיבעית ⟨אימא⟩ מנחה לגבי דם כיבש דמיא
bavli	108	דאמר	Bavli_Shevuot.44.8	אמר	שאמר	form+d	jastrow-1903:same	correct		איקא אמר במסרהב בו חבירו עסקינן ⟨דאמר⟩ לו בוא ושתה עמי יין ושמן
bavli	109	דלא	Bavli_Shabbat.298.11	דלא	שלא	reviewed-form	reviewed	correct		אבל מחשיכין ואע"ג ⟨דלא⟩ אבדיל והאמר רבי אלעזר בן אנטיגנוס
bavli	110	ליה	Bavli_Gittin.98.3	pron:ליה	לו	form	grammar:pronominal	correct		דאית ליה הנאה מיניה לא יהיב ⟨ליה⟩ מתנה והלכך כי פסידא דלקוחות דמי
bavli	111	אמר	Bavli_Pesachim.154.5	אמר	אמר	form	jastrow-1903:same	correct		גמ׳ אמר רב גידל ⟨אמר⟩ רב אם זרק הורצה והא בעינן
bavli	112	קרא	Bavli_Bekhorot.16.17	קרא	מקרא	form	jastrow-1903:eq	correct		הבכורה ולענין גזה ועבודה לא איצטריך ⟨קרא⟩ כי איצטריך קרא לפטר חמור
bavli	113	ליה	Bavli_Bava_Kamma.182.15	pron:ליה	לו	form	grammar:pronominal	correct		אמר ⟨ליה⟩ רבא לרבה בר מרי מנא הא
bavli	114	לימא	Bavli_Yoma.83.10	לימא	יאמר	reviewed-form	reviewed	correct		ורבי יהודה אם כן ⟨לימא⟩ קרא ולקח מאי ולקחו דאפי' קטן
bavli	115	מאי	Bavli_Avodah_Zarah.41.8	מאי	מה	reviewed-form	reviewed	correct		איבעיא להו סתמא ⟨מאי⟩ ת"ש אם התנו מתחילה מותר הא
bavli	116	דתנן	Bavli_Sukkah.28.5	תננ	ששנינו במשנה	form+d	krupnik-1927:def	correct		איתמר דר' חנן אמר רבי אהא ⟨דתנן⟩
bavli	117	דאמר	Bavli_Megillah.37.8	אמר	שאמר	form+d	jastrow-1903:same	correct		גמ׳ מנלן ⟨דאמר⟩ קרא אסתר ט כח והימים האלה
bavli	118	ורבנן	Bavli_Sanhedrin.105.24	ורבננ	וחכמים	reviewed-form	reviewed	correct		⟨ורבנן⟩ עונש דאשת אביו לאחר מיתה מנא
bavli	119	נקטינן	Bavli_Sotah.73.15	נקט	החזיק, אחז	form:pe.ptcp.1pl	krupnik-1927:def	correct		אמור להם לשנים ואמר רב חסדא ⟨נקטינן⟩ כהן קורא כהנים ואין ישראל קורא
bavli	120	בר	Bavli_Berakhot.93.7	בר	בן	form	reviewed:reviewed	correct		א"ר אבא בריה דרב חייא ⟨בר⟩ אבא א"ר יוחנן שמעון בן שטח
bavli	121	אינהו	Bavli_Sanhedrin.183.16	pron:אינהו	הם	form	grammar:pronominal	correct		אחתיוהו שדינהו ⟨אינהו⟩ איקלו יהושע כהן גדול איחרוכי מאניה
bavli	122	אמר	Bavli_Keritot.7.26	אמר	אמר	form	jastrow-1903:same	correct		שוקל או עין בעין הוא שוקל ⟨אמר⟩ ליה רחמנא כתב בד בבד ואת
bavli	123	מאי	Bavli_Nazir.72.7	מאי	מה	reviewed-form	reviewed	correct		אין מלמדין נזיר הא דאמרן חטאת ⟨מאי⟩ היא
bavli	124	תיקו	Bavli_Bava_Batra.163.12	תיקו	השאלה נשארת בצריך עיון	form	krupnik-1927:def	correct		שלו ואחד בתוך של חבירו מאי ⟨תיקו⟩
bavli	125	מנלן	Bavli_Menachot.55.2	מנלנ	מהיכן לנו זאת	form	krupnik-1927:def	correct		אלא פרחים תשעה ⟨מנלן⟩ פרחים תרי דידה וששה דקנים תמניא
bavli	126	הכי	Bavli_Berakhot.30.23	הכי	כן	form	krupnik-1927:def	correct		רבי בתר צלותיה אמר ⟨הכי⟩ יהי רצון מלפניך ה' אלהינו ואלהי
bavli	127	דאמור	Bavli_Chullin.168.6	דאמור	שאומר	reviewed-form	reviewed	incorrect	'that (the Rabbis) said', rendered present singular	כיון ⟨דאמור⟩ רבנן שחיטת אמו מטהרתו תהני ליה
bavli	128	מיטרא	Bavli_Taanit.16.7	מיטרא	גשם, מטר	form	krupnik-1927:def	correct		מיטרא וסימניך מהולתא דבתר מיטרא פסיק ⟨מיטרא⟩ וסימניך חריא דעיזי
bavli	129	מיניה	Bavli_Eruvin.105.4	pron:מיניה	ממנו	form	grammar:pronominal	correct		חטוף ואכול חטוף ואישתי דעלמא דאזלינן ⟨מיניה⟩ כהלולא דמי
bavli	130	מידי	Bavli_Niddah.14.14	מידי	דבר מה	form	krupnik-1927:def	correct		כי קתני מידי דלא הדר לברייתו ⟨מידי⟩ דהדר לברייתו לא קתני רבינא אמר
bavli	131	מעיקרא	Bavli_Zevachim.160.13	מעיקרא	מתחילה	reviewed-form	reviewed	correct		תחתונים ועוד א"ל ה"מ למאן דאמרו ⟨מעיקרא⟩ אין בילה מסקנא בכוסות פליגי
bavli	132	מתנייתא	Bavli_Avodah_Zarah.82.14	מתניתא	משנה	form:n.pl	jastrow-1903:eq	correct		מנקיט רב ששת חומרי ⟨מתנייתא⟩ ותני כל המזלות מותרין חוץ ממזל
bavli	133	הכי	Bavli_Ketubot.144.2	phrase	גם כן	phrase	krupnik-1927	correct		אבל קידשה על תנאי וכנסה סתם ⟨הכי⟩ נמי דלא בעיא גיטא אדתני המקדש
bavli	134	חדא	Bavli_Arakhin.37.18	חדא	אחד	form	krupnik-1927:def	correct		הא אמרה ⟨חדא⟩ זימנא דא"ר גידל א"ר האומר ערך
bavli	135	לבר	Bavli_Nazir.8.2	לבר	מחוץ	reviewed-form	reviewed	incorrect	name (בר פדא), not 'outside'	יום בשלמא לרב מתנא ניחא אלא ⟨לבר⟩ פדא קשיא
bavli	136	אמר	Bavli_Kiddushin.61.16	אמר	אמר	form	jastrow-1903:same	correct		ורב יוסף ⟨אמר⟩ אפי' הרב שמחל על כבודו כבודו
bavli	137	האי	Bavli_Bava_Metzia.63.4	האי	זה, זאת	form	krupnik-1927:def	correct		בשכר מאן שמעת ליה דאית ליה ⟨האי⟩ סברא רבנן לעולם ר' יוסי הגלילי
bavli	138	גמירי	Bavli_Gittin.5.9	גמירי	מקובל לנו	reviewed-form	reviewed	correct		ת"ק סבר הני כיון דסמוכות מיגמר ⟨גמירי⟩
bavli	139	לקי	Bavli_Menachot.138.5	לקי	לוקה	reviewed-form	reviewed	correct		שני דאי אכיל ליה חוץ לחומה ⟨לקי⟩
bavli	140	דאמרי	Bavli_Pesachim.220.2	phrase	יש אומרים	phrase	krupnik-1927	correct		דכנדא טולא דפרחא טולא דזרדתא איכא ⟨דאמרי⟩ אף טולא דארבא וטולא דערבתא כללא
bavli	141	בר	Bavli_Gittin.73.6	בר	בן	form	reviewed:reviewed	correct		כך ובין כך ישתעבד ואמר רבה ⟨בר⟩ בר חנה אמר יוחנן כל מקום
bavli	142	חדא	Bavli_Yevamot.114.3	חדא	אחד	form	krupnik-1927:def	correct		היינו ארוסה ולטעמיך נשואה וכנוסה לאו ⟨חדא⟩ מילתא היא אלא נשואה דידיה וכנוסה
bavli	143	מאי	Bavli_Ketubot.108.5	מאי	מה	reviewed-form	reviewed	correct		ושמואל אמר לא ידענא ⟨מאי⟩ אידון בה שמא לא גמר להקנותו
bavli	144	מילי	Bavli_Beitzah.6.5	phrase	במה דברים אמורים	phrase	krupnik-1927	correct		לא בטיל מאי איכא למימר הני ⟨מילי⟩ היכא דאיתיה לאיסורא בעיניה הכא מקלא
bavli	145	דבי	Bavli_Yoma.74.16	דבי	של בית	reviewed-form	reviewed	correct		לו בא לטהר מסייעין אותו תנא ⟨דבי⟩ רבי ישמעאל משל לאדם שהיה מוכר
bavli	146	אמר	Bavli_Sanhedrin.42.9	אמר	אמר	form	jastrow-1903:same	correct		פפא לאביי אימא לא לירבו כלל ⟨אמר⟩ ליה אי כתיב לא ישלחו פרע
bavli	147	אימא	Bavli_Rosh_Hashanah.5.10	אימא	אמור	reviewed-form	reviewed	correct		איבעית ⟨אימא⟩ מנלן דאחמיץ מהכא עזרא ז כב
bavli	148	אמר	Bavli_Sanhedrin.11.17	אמר	אמר	form	jastrow-1903:same	correct		סימן אמר רבי שמואל בר נחמני ⟨אמר⟩ רבי יונתן כל דיין שדן דין
bavli	149	מידי	Bavli_Meilah.20.10	מידי	דבר מה	form	krupnik-1927:def	correct		ג ושמו אצל המזבח הני אין ⟨מידי⟩ אחרינא לא
bavli	150	צריכא	Bavli_Bava_Metzia.156.8	צריכ	צריך	form	jastrow-1903:eq	correct		אמר רב פפא לא ⟨צריכא⟩ דשכיח למטרח ולמזבן מאוונא לאוונא חמר
bavli	151	סברי	Bavli_Sanhedrin.5.11	סברי	סוברים	reviewed-form	reviewed	correct		ורביעית אפילו טפח במאי קמיפלגי רבנן ⟨סברי⟩ יש אם למסורת ור"ש סבר יש
bavli	152	והכא	Bavli_Bava_Metzia.233.4	הכא	וכאן	form+w	krupnik-1927:def	correct		זריעה עבידי אינשי דזרעי הכא פורתא ⟨והכא⟩ פורתא אימא מודה ליה לרב ואי
bavli	153	תלתא	Bavli_Bava_Batra.328.14	תלתא	שלושה	reviewed-form	reviewed	correct		דעת תלמידכם נוטה שצריכין למכתב במותב ⟨תלתא⟩ הוינא וחד ליתוהי
bavli	154	ותרי	Bavli_Shevuot.81.9	תרי	ושנים	form+w	krupnik-1927:def	correct		טפי אבל לענין עדות מאה כתרי ⟨ותרי⟩ כמאה
bavli	155	דאי	Bavli_Zevachim.146.4	דאי	שאם	reviewed-form	reviewed	correct		ואיצטריך דר"נ ואיצטריך דר"ל ⟨דאי⟩ מדר"נ הוה אמינא ה"מ עבודת כוכבים
bavli	156	הא	Bavli_Shabbat.2.17	הא	זה · הלא	form	krupnik-1927:def-en	correct		א"ל ⟨הא⟩ לא קשיא בשלמא
bavli	157	אמר	Bavli_Shabbat.57.6	אמר	אמר	form	jastrow-1903:same	correct		יהודה אמר רב דאמר רב יהודה ⟨אמר⟩ רב מאי דכתיב תהלים פו יז
bavli	158	אמרה	Bavli_Sanhedrin.72.3	אמרה	אמרה	reviewed-form	reviewed	correct		אעשה שאין דמך מסור בידי שהרי ⟨אמרה⟩ תורה דברים יז ו על פי
bavli	159	דפליג	Bavli_Menachot.74.13	פליג	שהיה מחולק בדעות	form+d	krupnik-1927:def	correct		ומאן תנא ⟨דפליג⟩ עליה דרבי האי תנא הוא דתניא
bavli	160	כתיב	Bavli_Rosh_Hashanah.19.16	כתיב	כתוב	reviewed-form	reviewed	correct		אתיא פקידה פקידה אתיא זכירה זכירה ⟨כתיב⟩ ברחל בראשית ל כב ויזכור אלהים
bavli	161	סבר	Bavli_Ketubot.185.5	סבר	חשב	form	krupnik-1927:def	correct		מר סבר חיישינן שמא תכסיף ומר ⟨סבר⟩ לא חיישינן שמא תכסיף
bavli	162	אמרת	Bavli_Chullin.230.11	אמר	אתה אומר	form:pe.ptcp.2ms	jastrow-1903:same	correct		ליה קבתה לא אתי למיכל מינה ⟨אמרת⟩ לא טרפה שחוטה דאי שרית אתי
bavli	163	חדא	Bavli_Taanit.25.5	חדא	אחד	form	krupnik-1927:def	correct		תני ⟨חדא⟩ עוברות ומיניקות מתענות בראשונות ואין מתענות
bavli	164	שיעורא	Bavli_Bava_Batra.297.4	שיעורא	שיעור	form	jastrow-1903:same	correct		קמא שיעורא רבה אמר איהו נמי ⟨שיעורא⟩ זוטרא קרי לה כל שהוא
bavli	165	קאמר	Bavli_Moed_Katan.4.4	אמר	אומר	form:pe.ptcp.ms+q	jastrow-1903:same	correct		שהוסיפו חכמים לפני ראש השנה והכי ⟨קאמר⟩ יכול ילקה על תוספת ראש השנה
bavli	166	דהני	Bavli_Bekhorot.53.4	דהני	של אלה	reviewed-form	reviewed	correct		תם ואחד בעל מום ואידך ובשרם ⟨דהני⟩ בכורות דכולהו ישראל קאמר
bavli	167	הכא	Bavli_Yevamot.138.1	הכא	כאן	form	krupnik-1927:def	correct		אלמא לא קני ליה רביה ⟨הכא⟩ נמי לא קני ליה רביה אלא
bavli	168	דכתיב	Bavli_Beitzah.2.10	דכתיב	שכתוב	reviewed-form	reviewed	correct		ורבה לטעמיה דאמר רבה מאי ⟨דכתיב⟩ שמות טז ה והיה ביום הששי
bavli	169	והא	Bavli_Bekhorot.36.10	הא	וזה · והלא	form+w	krupnik-1927:def-en	correct		⟨והא⟩ קטן וקטנה דרובא דליתיה קמן וקאזלי
bavli	170	הכי	Bavli_Ketubot.151.7	הכי	כן	form	krupnik-1927:def	correct		ומי א"ר יוחנן ⟨הכי⟩ והא אמר רבה בר בר חנה
bavli	171	אימא	Bavli_Bava_Batra.126.8	אימא	אמור	reviewed-form	reviewed	correct		משום דקשי ליה דוושא אבל בית ⟨אימא⟩ לא
bavli	172	טובא	Bavli_Shabbat.235.5	טובא	טוב	form	jastrow-1903:same	incorrect	here the adverb 'much, very' — the homograph of 'good'	ההוא נכרי בשבבותיה דהוה נפישי נכסיה ⟨טובא⟩ אמרי ליה כלדאי כולהו נכסי יוסף
bavli	173	תימא	Bavli_Shevuot.57.8	אמר	תאמר	form:pe.impf.2ms	jastrow-1903:same	correct		מאי אם נפשך לומר וכי ⟨תימא⟩ בתובע ונתבע קא משתעי קרא נאמר
bavli	174	אהדדי	Bavli_Yevamot.54.6	אהדדי	זה על זה	reviewed-form	reviewed	correct		ואי אשמועינן הכא אדרבה תרווייהו מוכחי ⟨אהדדי⟩ אבל אידך לא צריכא
bavli	175	טעמא	Bavli_Chullin.63.10	טעמא	סבה	form	krupnik-1927:def	correct		גמ׳ ⟨טעמא⟩ דלא יצא מהן דם הא יצא
bavli	176	ליה	Bavli_Pesachim.204.6	pron:ליה	לו	form	grammar:pronominal	correct		קא עביד א"ל אי לא שמיע ⟨ליה⟩ מיניה דמר לא הוה עביד א"ל
bavli	177	אמר	Bavli_Kiddushin.125.11	אמר	אמר	form	jastrow-1903:same	correct		הימניה כרב הונא דאמר רב הונא ⟨אמר⟩ רב מנין לאב שנאמן לאסור את
bavli	178	בריה	Bavli_Chullin.169.17	בריה	בנו	reviewed-form	reviewed	correct		דרב יהושע ואמרי לה רב הונא ⟨בריה⟩ דרב יהושע לרב פפא מאי איריא
bavli	179	אמר	Bavli_Bava_Metzia.191.9	אמר	אמר	form	jastrow-1903:same	correct		רבנן לרבא שאיל לן מר אקפיד ⟨אמר⟩ להו לאפקועי ממונאי קא בעיתו אדרבה
bavli	180	דאמרי	Bavli_Ketubot.170.3	אמר	שאומרים	form:pe.ptcp.mp+d	jastrow-1903:same	correct		אינה מגורשת מדרב ושמואל דרב ושמואל ⟨דאמרי⟩ תרוייהו והוא שצבורין ומונחין ברשות הרבים
bavli	181	ותניא	Bavli_Bava_Batra.334.9	תניא	ונאמר בברייתא	form+w	krupnik-1927:def	correct		בר מניומי לאביי ודלמא רישומו ניכר ⟨ותניא⟩ נמחק או נטשטש אם רישומו ניכר
bavli	182	אזלינן	Bavli_Ketubot.13.9	אזליננ	אנו הולכים	reviewed-form	reviewed	correct		בתר מחשבה אזלינן ומ"ס בתר מעשה ⟨אזלינן⟩ כי הא דרב יהודה רמי כתיב
bavli	183	אמר	Bavli_Yevamot.210.8	אמר	אמר	form	jastrow-1903:same	correct		דקמצטער ומקרי לה לא אבה יבמי ⟨אמר⟩ ליה לא סבר ליה מר להא
bavli	184	אמר	Bavli_Ketubot.128.3	אמר	אמר	form	jastrow-1903:same	correct		לאשה מותר בלאות לאשה למה לה ⟨אמר⟩ רחבה שמתכסה בהן בימי נדתה כדי
bavli	185	ביה	Bavli_Bava_Metzia.58.6	pron:ביה	בו	form	grammar:pronominal	correct		ברבי יוסי הוה קאזיל באורחא פגע ⟨ביה⟩ ההוא גברא הוה דרי פתכא דאופי
bavli	186	ליה	Bavli_Yoma.16.13	pron:ליה	לו	form	grammar:pronominal	correct		שעבוד מלכיות קא עסקי בתורה אמר ⟨ליה⟩ בירה תוכיח שחזרה לראשונים ולא חזרה
bavli	187	ותרתי	Bavli_Pesachim.169.11	תרתי	ושתים	form+w	krupnik-1927:def	correct		בגדולה כדי שלא יבואו לידי מעילה ⟨ותרתי⟩ למה לי אחת לכספא ודהבא ואחת
bavli	188	אמר	Bavli_Chullin.101.17	אמר	אמר	form	jastrow-1903:same	correct		דקא בעי מיניה תרתי הניחא אי ⟨אמר⟩ להו כשרה כל שכן חדא ואי
bavli	189	מנין	Bavli_Keritot.11.6	מנינ	מאין, מהיכן	form	krupnik-1927:def	correct		תני רב חנניה קמיה דרבא ⟨מנין⟩ לכהן גדול שנטל משמן המשחה שעל
bavli	190	שרשורא	Bavli_Bava_Kamma.189.10	שרשורא	חבל	form	krupnik-1927:def	incorrect	'chain', not 'rope'	מעיקרא הוצי והשתא חופיא חופיא ועבדיה ⟨שרשורא⟩ לא קני מאי טעמא דהדר סתר
bavli	191	יהב	Bavli_Bava_Batra.153.2	יהב	יהב	form	jastrow-1903:targum-h	incorrect	identity gloss says nothing to a Hebrew reader ('נתן')	שאין הדעת טועה לא אימור מתנה ⟨יהב⟩ ליה
bavli	192	מיחזי	Bavli_Bava_Metzia.182.6	מחזי	מראה	form	krupnik-1927:def	incorrect	'appears (as)', not 'shows'	דמיחזי כמקח טעות בשלמא נתפרסו עגוליו ⟨מיחזי⟩ כמקח טעות אלא נתפתחו חביותיו מאי
bavli	193	מאי	Bavli_Chullin.173.3	phrase	מה ההבדל	phrase	reviewed	correct		⟨מאי⟩ שנא זב דגזרו ביה רבנן ומאי
bavli	194	ותו	Bavli_Temurah.52.12	ותו	ועוד	reviewed-form	reviewed	correct		⟨ותו⟩ תלתא ותלתא לא אזלינן בתר בתרא
bavli	195	אמר	Bavli_Meilah.36.6	אמר	אמר	form	jastrow-1903:same	correct		לו פדיון יש כו' היינו ת"ק ⟨אמר⟩ רבא איכא בינייהו עצים
bavli	196	בתר	Bavli_Pesachim.11.14	בתר	אחר	reviewed-form	reviewed	correct		אם רוב מעשר מעשר ואמאי ליזיל ⟨בתר⟩ בתרא
bavli	197	דמי	Bavli_Shabbat.142.5	phrase	באיזה אופן	phrase	krupnik-1927	correct		ואלא דחזי אנדרטא וסגיד לה היכי ⟨דמי⟩ אי דקבלה עליה באלוה מזיד הוא
bavli	198	אוקימתא	Bavli_Shabbat.113.4	קימ	הקים, העמיד · קבע, הניח	form:af.perf.2ms	krupnik-1927:def	correct		במאי ⟨אוקימתא⟩ להא דשמואל דעבד ליה רביה בחותם
bavli	199	מדסיפא	Bavli_Keritot.32.11	סיפא	משל החלק האחרון של המשנה	form+md	krupnik-1927:def	correct		ולחייא בר רב דאמר ⟨מדסיפא⟩ בשתי חתיכות רישא נמי בשתי חתיכות
bavli	200	גברא	Bavli_Arakhin.44.5	גברא	איש	form	krupnik-1927:def	correct		ההוא ⟨גברא⟩ דזבנינהו לנכסיה וקא גרשה לדביתהו שלחה
bavli	201	השתא	Bavli_Zevachim.144.2	השתא	עכשיו	form	reviewed:reviewed	correct		אמר רבא ⟨השתא⟩ דאמור רבנן לא ניקרב גזירה שמא
bavli	202	כאן	Bavli_Sotah.73.2	כאנ	פה, במקום זה	form	krupnik-1927:def	correct		או אינו אלא בכל לשון נאמר ⟨כאן⟩ כה תברכו ונאמר להלן דברים כז
bavli	203	דאי	Bavli_Sukkah.79.5	דאי	שאם	reviewed-form	reviewed	correct		⟨דאי⟩ לא תימא הכי מעשר מעשר ממש
bavli	204	איתמר	Bavli_Makkot.34.5	איתמר	נאמר	reviewed-form	reviewed	correct		אלא אי איתמר הכי ⟨איתמר⟩ אמר רב גידל אמר רב זר
bavli	205	הא	Bavli_Ketubot.3.6	הא	זה · הלא	form	krupnik-1927:def-en	correct		אינו גט מת הוא דאינו גט ⟨הא⟩ חלה הרי זה גט
bavli	206	ירקא	Bavli_Shabbat.255.24	ירקא	ירק	form	jastrow-1903:same	incorrect	verb 'turned pale' (ירקא אפיה), not 'vegetable'	לא טעים מידי אי פגע בשכבא ⟨ירקא⟩ אפיה אי פגע במאן דקטל נפשא
bavli	207	אמר	Bavli_Bava_Kamma.227.4	אמר	אמר	form	jastrow-1903:same	correct		⟨אמר⟩ רב יוסף לא פליגי כאן לפני
bavli	208	חבריה	Bavli_Menachot.109.18	חבריה	חבירו	reviewed-form	reviewed	correct		דעריך הוא ואפה הוא הא דעריך ⟨חבריה⟩ ויהיב ליה ואפה
bavli	209	כוותיה	Bavli_Berakhot.69.6	כוותיה	כמוהו	reviewed-form	reviewed	correct		דרב יהודה דר' יוחנן ושמואל קיימי ⟨כוותיה⟩ דאמר רב יהודה אמר שמואל וכן
bavli	210	ליה	Bavli_Pesachim.206.2	pron:ליה	לו	form	grammar:pronominal	correct		וחזי היכי אבדיל לא אזל שדר ⟨ליה⟩ לאביי כי אתא אביי א"ל היכי
bavli	211	איצטריך	Bavli_Chullin.84.9	צרכ	היה זקוק לדבר	form:itpe.perf.3ms	krupnik-1927:def	correct		ליה ישב איתמר אבל נמצאת לא ⟨איצטריך⟩ ליה לעולא דכולהו חיוי ברייתא קוצי
bavli	212	לקמיה	Bavli_Sanhedrin.10.15	לקמיה	לפניו	reviewed-form	reviewed	correct		תלמידיה דרב הוה כי הוה אתו ⟨לקמיה⟩ דרב הונא אמר להו אי דינא
bavli	213	מדרבנן	Bavli_Shabbat.72.5	דרבננ	מתקנת חכמים	form+m	krupnik-1927:def	incorrect	'one of the Rabbis' (ההוא מדרבנן)	מצטמק ויפה לו אמר ליה ההוא ⟨מדרבנן⟩ לרב שמואל בר יהודה הא רב
bavli	214	מינה	Bavli_Kiddushin.17.6	phrase	היוצא לנו מזה למעשה	phrase	krupnik-1927	correct		נשואין עושה או אירוסין עושה נפקא ⟨מינה⟩ ליורשה
bavli	215	איידי	Bavli_Bava_Kamma.102.13	איידי	מכיון	form	krupnik-1927:def	correct		ודקא קשיא לך פשיטא פושע הוא ⟨איידי⟩ דנסיב רישא כסהו כראוי נסיב סיפא
bavli	216	אי	Bavli_Yevamot.238.15	אי	אם	form	krupnik-1927:def-en	correct		רב הושעיא חיישינן שמא הרוח בלבלתו ⟨אי⟩ נמי שמא איהו
bavli	217	קאמרה	Bavli_Shabbat.310.6	אמר	אומרת	form:pe.ptcp.fs+q	jastrow-1903:same	correct		ובעי רחמי לא הוה ידע אמאי ⟨קאמרה⟩ ליה יומא חד יתיב קא גריס
bavli	218	בשלמא	Bavli_Yevamot.69.8	בשלמא	מובן	reviewed-form	reviewed	correct		⟨בשלמא⟩ יבומי לא שמא יהא ולד בן
bavli	219	ליה	Bavli_Yevamot.99.6	pron:ליה	לו	form	grammar:pronominal	correct		ורבנן כל חד וחד תקינו ⟨ליה⟩ רבנן גט ומאמר ביבמה
bavli	220	אית	Bavli_Ketubot.152.12	אית	יש	reviewed-form	reviewed	correct		אדא בר מתנא לאפוקי ממר דלא ⟨אית⟩ ליה מעקה לאיגריה ולא היא מיהוה
bavli	221	נמי	Bavli_Bekhorot.16.9	נמי	גם, כמו כן	form	krupnik-1927:def	correct		הכא ⟨נמי⟩ אשה יודעת דפטר חמור איסורא אית
bavli	222	ליה	Bavli_Niddah.64.21	pron:ליה	לו	form	grammar:pronominal	correct		רבא צדוקי חבר בועל נדה משוית ⟨ליה⟩ אלא אמר רבא
bavli	223	איניש	Bavli_Pesachim.177.2	אינש	אדם	form	krupnik-1927:def	correct		אבל בפסח לא משייר ⟨איניש⟩ במעות ודאי משייר איניש דמעיקרא כי
bavli	224	מיניה	Bavli_Bava_Batra.26.3	pron:מיניה	ממנו	form	grammar:pronominal	correct		היכי הוה יתיב דפא הוה נפיק ⟨מיניה⟩ ויתיב עילוה ספר תורה ור"מ האי
bavli	225	הכי	Bavli_Bava_Kamma.221.7	הכי	כן	form	krupnik-1927:def	correct		יהא אלא דאזיק אזוקי א"ר פפא ⟨הכי⟩ קאמר הניח לפניהם ועדיין לא אכלום
bavli	226	וכתיב	Bavli_Chullin.180.8	וכתיב	וכתוב	reviewed-form	reviewed	correct		בראשית כח יא ויקח מאבני המקום ⟨וכתיב⟩ ויקח את האבן אמר רבי יצחק
bavli	227	אמר	Bavli_Menachot.174.10	אמר	אמר	form	jastrow-1903:same	correct		⟨אמר⟩ רב הונא בריה דרב יהודה אמר
bavli	228	עלמא	Bavli_Bekhorot.82.2	עלמא	עולם	form	krupnik-1927:def	correct		מטיל מים במקום זכרות דכולי ⟨עלמא⟩ לא פליגי דזכר הוא כי פליגי
bavli	229	דאמר	Bavli_Gittin.146.2	אמר	שאמר	form+d	jastrow-1903:same	correct		ולרב יהודה ⟨דאמר⟩ בעל מנת פליגי אדמיפלגי במהיום ולאחר
bavli	230	דמי	Bavli_Chullin.13.6	phrase	באיזה אופן	phrase	krupnik-1927	correct		והכא היכי ⟨דמי⟩ כגון דהוה ביה חצי גריס שחין
bavli	231	אמר	Bavli_Kiddushin.140.2	אמר	אמר	form	jastrow-1903:same	correct		⟨אמר⟩ רב יוסף כל שסיחתו בבבל משיאין
bavli	232	נמי	Bavli_Makkot.27.14	נמי	גם, כמו כן	form	krupnik-1927:def	correct		אי הכי לאו שניתק לעשה ⟨נמי⟩ לימא משום דכתב ביה רחמנא עשה
bavli	233	תנא	Bavli_Sotah.1.4	תני	שנה	form	reviewed:reviewed	incorrect	the noun 'Tanna' glossed as the verb	גמ׳ מכדי תנא מנזיר סליק מאי ⟨תנא⟩ דקא תנא סוטה
bavli	234	דאמר	Bavli_Chagigah.42.20	אמר	שאמר	form+d	jastrow-1903:same	correct		מאי טעמא לא משום מעשה שהיה ⟨דאמר⟩ רב יהודה אמר שמואל מעשה באחד
bavli	235	ליה	Bavli_Bava_Metzia.124.12	pron:ליה	לו	form	grammar:pronominal	correct		אי בכדי שהדעת טועה מיחייב לאהדוריה ⟨ליה⟩ ואי לאו מתנה בעלמא הוא דיהיב
bavli	236	דלמא	Bavli_Ketubot.46.12	דילמא	שמא, אולי	form	krupnik-1927:def	correct		האי לא מחציף אינש נפשיה או ⟨דלמא⟩ לא שנא
bavli	237	בר	Bavli_Shabbat.222.4	בר	בן	form	reviewed:reviewed	correct		כי אתא רבין אמר רב חנן ⟨בר⟩ אבא אמר רב הלכה כרבי יהודה
bavli	238	אמר	Bavli_Berakhot.30.3	אמר	אמר	form	jastrow-1903:same	correct		אפילו טבעה ספינתו בים נמי אלמה ⟨אמר⟩ רבי אבא בר זבדא אמר רב
bavli	239	אמר	Bavli_Kiddushin.30.16	אמר	אמר	form	jastrow-1903:same	correct		אביי ⟨אמר⟩ הכי אמר רב ששת הא מני
bavli	240	דאמר	Bavli_Zevachim.15.22	אמר	שאמר	form+d	jastrow-1903:same	correct		והא מהכא נפקא מדאבוה דשמואל נפקא ⟨דאמר⟩ אבוה דשמואל ואם מן הצאן קרבנו
bavli	241	מנין	Bavli_Rosh_Hashanah.19.9	מנינ	מאין, מהיכן	form	krupnik-1927:def	correct		ר' יהושע אומר ⟨מנין⟩ שבניסן נולדו אבות שנאמר מלכים א
bavli	242	ולאו	Bavli_Chullin.230.11	ולאו	ולא	reviewed-form	reviewed	correct		א"ל רבא ⟨ולאו⟩ כל דכן הוא ומה נבלה דמאיסה
bavli	243	להוי	Bavli_Zevachim.14.7	הוה	יהיה	form:pe.impf.3ms	reviewed:reviewed	correct		אימא כל דשחיט ⟨להוי⟩ כמותה
bavli	244	הכי	Bavli_Beitzah.23.15	הכי	כן	form	krupnik-1927:def	correct		תניא נמי ⟨הכי⟩ בן לוי שנתנו לו שבלין במעשרותיו
bavli	245	האי	Bavli_Shabbat.236.4	phrase	כל כך	phrase	krupnik-1927	correct		בריה א"ל למה לך לאפסודי כולי ⟨האי⟩ נשבוק כולייתא ממעלי שבתא שבקוהו ואתא
bavli	246	היינו	Bavli_Sukkah.19.6	היינו	זהו	form	krupnik-1927:def	incorrect	Hebrew 'we were' (נוהגין היינו)	אהל קבע דתנן א"ר יהודה נוהגין ⟨היינו⟩ לישן תחת המטה בפני הזקנים
bavli	247	דאיתיה	Bavli_Makkot.13.12	pron:איתיה	שישנו	form+d	grammar:pronominal	correct		ומצא דומיא דיער מה יער מידי ⟨דאיתיה⟩ מעיקרא אף ומצא נמי מידי דאיתיה
bavli	248	סלקא	Bavli_Nazir.75.6	סלקא	עולה	reviewed-form	reviewed	correct		אינבא חיה דקאים בעיקבא דבינתא ואי ⟨סלקא⟩ דעתך מלתחת רבי ברישא דבינתא בעי
bavli	249	אימא	Bavli_Pesachim.149.10	אימא	אמור	reviewed-form	reviewed	correct		בלע פורתא קליפה מיהא ניבעי אלא ⟨אימא⟩ חם לתוך צונן קולף צונן לתוך
bavli	250	נינהו	Bavli_Menachot.176.19	pron:נינהו	הם	form	grammar:pronominal	correct		ר' אבא אמר בשלמא הנך עולות ⟨נינהו⟩
bavli	251	דלא	Bavli_Nazir.55.6	דלא	שלא	reviewed-form	reviewed	correct		לא תיגמריה מצות קסבר כל חינוך ⟨דלא⟩ חשיב לא ניחא ליה
bavli	252	מעיקרא	Bavli_Chullin.159.1	מעיקרא	מתחילה	reviewed-form	reviewed	correct		השמיני והלאה ירצה מיום השמיני אין ⟨מעיקרא⟩ לא לאו הבא מכלל עשה עשה
bavli	253	ודחי	Bavli_Yevamot.11.6	דחי	וסילק וביטל	form+w	krupnik-1927:def	correct		הדר אמר אימר דאמרינן דאתי עשה ⟨ודחי⟩ לא תעשה לא תעשה גרידא ל"ת
bavli	254	מיבעיא	Bavli_Avodah_Zarah.101.25	מיבעיא	צריך	reviewed-form	reviewed	correct		כוכבי' גופה עבודת כוכבים גופה לא ⟨מיבעיא⟩ ליה
bavli	255	דהוה	Bavli_Bava_Kamma.232.8	הוה	שהיה	form+d	reviewed:reviewed	correct		ההוא גברא ⟨דהוה⟩ מפקיד ליה כסא דכספא סליקו גנבי
bavli	256	דילמא	Bavli_Eruvin.145.4	דילמא	שמא, אולי	form	krupnik-1927:def	correct		והוא שלא עירבו אבל עירבו גזרינן ⟨דילמא⟩ אתי לאפוקי מאני דבתים לחצר
bavli	257	דכתיב	Bavli_Sotah.87.12	דכתיב	שכתוב	reviewed-form	reviewed	correct		באדמה פרט לטמון והתם מענייניה דקרא ⟨דכתיב⟩ דברים כד יט כי תקצור קצירך
bavli	258	נמי	Bavli_Avodah_Zarah.120.5	נמי	גם, כמו כן	form	krupnik-1927:def	correct		חכמים אהייא אילימא אסיפא תנא קמא ⟨נמי⟩ מיסר קא אסר ואלא ארישא דסיפא
bavli	259	במאי	Bavli_Bava_Kamma.192.6	מאי	במה	form+b	krupnik-1927:def	correct		הכא ⟨במאי⟩ עסקינן כשמלכיות מקפידות זו על זו
bavli	260	זוזא	Bavli_Berakhot.86.17	זוזא	זוז	form	jastrow-1903:same	correct		אמר רב חסדא אפילו גדיא בר ⟨זוזא⟩ ולא אמרן אלא דלית ביה רבעא
bavli	261	דמתני	Bavli_Shevuot.78.22	דמתני	ששונה	reviewed-form	reviewed	correct		מאן ⟨דמתני⟩ ארישא כל שכן אסיפא
bavli	262	ופלגא	Bavli_Sanhedrin.220.18	פלגא	ומחצית	form+w	krupnik-1927:def	correct		שני השבטים האלה מאי לאו ארבע ⟨ופלגא⟩ מהאי וארבע ופלגא מהאי וש"מ חולקין
bavli	263	מיא	Bavli_Bava_Batra.144.4	מיא	מים	reviewed-form	reviewed	correct		דיתבא ליה אכלה טינא באוסייה ואדחוהו ⟨מיא⟩ ושדיוהו לגודא וחרוב מיניה שתין מחוזי
bavli	264	מיחייב	Bavli_Shevuot.40.3	מיחייב	חייב	reviewed-form	reviewed	correct		אוכל ולא אכל ממלקות אבל קרבן ⟨מיחייב⟩
bavli	265	אמר	Bavli_Bava_Batra.302.5	אמר	אמר	form	jastrow-1903:same	correct		קנה הרי היא כמתנת בריא ושמואל ⟨אמר⟩ שני קנה הרי היא כמתנת שכיב
bavli	266	דריש	Bavli_Niddah.67.11	דריש	דורש	reviewed-form	reviewed	correct		רבנן לא דרשי אתים ורבי אליעזר ⟨דריש⟩ אתים
bavli	267	להו	Bavli_Sotah.11.14	pron:להו	להם	form	grammar:pronominal	correct		אמר ⟨להו⟩ קל וחומר ברישא ופרכוה והדר אמר
bavli	268	אמינא	Bavli_Bava_Kamma.181.24	אמר	אני אומר	form:pe.ptcp.1s	jastrow-1903:same	correct		אמר ליה את אמרת מהתם ואנא ⟨אמינא⟩ מהכא
bavli	269	אנא	Bavli_Kiddushin.160.4	pron:אנא	אני	form	grammar:pronominal	correct		הכי והכי הוה מעשה אמרה ליה ⟨אנא⟩ הואי לא אשגח בה עד דיהבה
bavli	270	אמינא	Bavli_Chullin.67.3	אמר	אני אומר	form:pe.ptcp.1s	jastrow-1903:same	correct		ואיצטריך דרבי יונתן דאי מדעולא הוה ⟨אמינא⟩ הני מילי בחולין שנעשו על טהרת
bavli	271	דאילו	Bavli_Berakhot.71.3	דאילו	שאילו	reviewed-form	reviewed	correct		עליו תחלה וסוף ולא כמעשה קדרה ⟨דאילו⟩ במעשה קדרה בתחלה בורא מיני מזונות
bavli	272	אמר	Bavli_Shevuot.87.12	אמר	אמר	form	jastrow-1903:same	correct		רבנן דמשתבע ושקיל אמר רב יהודה ⟨אמר⟩ שמואל הלכות גדולות שנו כאן הלכות
bavli	273	בשמא	Bavli_Ketubot.25.9	בשמא	בשם	reviewed-form	reviewed	incorrect	'in (a case of) doubt' (שמא), not 'in the name'	פסיל וקיל ליה ספק ספיקא דאפילו ⟨בשמא⟩ נמי מכשיר
bavli	274	עלך	Bavli_Ketubot.38.1	pron:עלכ	עליך	form	grammar:pronominal	correct		כהנא דהוה מחסם א"ל מי סברת ⟨עלך⟩ קא סמיכנא אנא הוא דרמאי אנפשאי
bavli	275	דאמר	Bavli_Sanhedrin.47.8	אמר	שאמר	form+d	jastrow-1903:same	correct		והא רבא הוא ⟨דאמר⟩ לוה ברבית פסול לעדות והוה ליה
bavli	276	שנא	Bavli_Sanhedrin.160.16	שנא	שונה	reviewed-form	reviewed	correct		לו לחם צר ומים לחץ ומאי ⟨שנא⟩ התם דקתני מאכילין אותו שעורין עד
bavli	277	ואכתי	Bavli_Niddah.114.18	אכתי	ועדיין	form+w	krupnik-1927:def	correct		ה"ז יפלוט מנא ידע טעמו כריחו ⟨ואכתי⟩ מנא ידע ברית כרותה לו שכל
bavli	278	עביד	Bavli_Bava_Batra.70.3	עביד	עושה	reviewed-form	reviewed	correct		טעמא דמ"ד ניר הוי חזקה לא ⟨עביד⟩ איניש דכריבו ליה לארעיה ושתיק ומ"ט
bavli	279	דלא	Bavli_Avodah_Zarah.38.14	דלא	שלא	reviewed-form	reviewed	correct		ואי אשמעינן בהני תרתי משום ⟨דלא⟩ ידיע שבחייהו אבל שחת דידיע שבחייהו
bavli	280	אימא	Bavli_Sanhedrin.94.17	אימא	אמור	reviewed-form	reviewed	correct		אימא מיחש הוה חייש ביה ואיבעית ⟨אימא⟩ מרביה הוה גמיר לה ואיבעית אימא
bavli	281	ואמרי	Bavli_Berakhot.75.3	אמר	ואומרים	form:pe.ptcp.mp+w	jastrow-1903:same	correct		לא אגורי שמו אלא אברוטי שמו ⟨ואמרי⟩ לה סמרוסי שמו ולמה נקרא שמו
bavli	282	אמר	Bavli_Zevachim.236.16	אמר	אמר	form	jastrow-1903:same	correct		רבי יהודה אומר אין מנחה בבמה ⟨אמר⟩ רב ששת לדברי האומר יש מנחה
bavli	283	אמר	Bavli_Berakhot.110.4	אמר	אמר	form	jastrow-1903:same	correct		אהדדי אמר ליה בא על אחותו ⟨אמר⟩ ליה חזאי דנשקי סיהרא אמר ליה
bavli	284	דכתיב	Bavli_Sanhedrin.215.9	דכתיב	שכתוב	reviewed-form	reviewed	correct		רעים בגופן וחטאים בממונם רעים בגופן ⟨דכתיב⟩ בראשית לט ט ואיך אעשה הרעה
bavli	285	אמר	Bavli_Menachot.116.22	אמר	אמר	form	jastrow-1903:same	correct		אמר רב יצחק בר יוסף ⟨אמר⟩ רבי יוחנן נתן משהו שמן על
bavli	286	עניא	Bavli_Ketubot.132.12	עניא	עני	form	krupnik-1927:def	correct		מר עוקבא הוה ⟨עניא⟩ בשיבבותיה דהוה רגיל כל יומא דשדי
bavli	287	קיימי	Bavli_Berakhot.69.6	קיימי	עומדים	reviewed-form	reviewed	correct		עליה דרב יהודה דר' יוחנן ושמואל ⟨קיימי⟩ כוותיה דאמר רב יהודה אמר שמואל
bavli	288	מחיצתא	Bavli_Eruvin.42.6	מחיצותא	מחיצה	form	jastrow-1903:same	correct		ניחא תשמישתיה לא אתו רבים ומבטלי ⟨מחיצתא⟩ או דילמא לא שנא א"ל חייבין
bavli	289	פליגי	Bavli_Meilah.15.17	פליגי	חולקים	reviewed-form	reviewed	correct		עלמא לא פליגי דמועלין בו כי ⟨פליגי⟩ לאחר תרומת הדשן
bavli	290	וכתיב	Bavli_Sanhedrin.194.5	וכתיב	וכתוב	reviewed-form	reviewed	correct		אנכי עמך ושמרתיך בכל אשר תלך ⟨וכתיב⟩ בראשית לב ח ויירא יעקב מאד
bavli	291	אימא	Bavli_Yevamot.68.11	אימא	אמור	reviewed-form	reviewed	correct		ואיבעית ⟨אימא⟩ קרא רבי יוחנן סבר דברים כה
bavli	292	מהא	Bavli_Bava_Batra.11.9	מהא	מזה	reviewed-form	reviewed	correct		א"ל רבינא לרב אשי מאי שנא ⟨מהא⟩ דתניא שני אחין שחלקו אחד מהן
bavli	293	אמינא	Bavli_Eruvin.44.11	אמר	אני אומר	form:pe.ptcp.1s	jastrow-1903:same	correct		דאי אשמעינן הלכה כרבי יוסי הוה ⟨אמינא⟩ עד דאיכא שומירה או בית דירה
bavli	294	מלכא	Bavli_Rosh_Hashanah.14.5	מלכא	מלך	reviewed-form	reviewed	correct		בעית אימא לאו אורח ארעא למיקם ⟨מלכא⟩ אבראי ואיבעית אימא מקמי דליפוש חרון
bavli	295	רווחא	Bavli_Bava_Batra.26.1	רווחא	הנחה והקלה	form	krupnik-1927:def	incorrect	'space, gap' here	דלאמצעיתו נגלל נפיש ליה מתרי טפחא ⟨רווחא⟩ דביני ביני בתרי פושכי היכי יתיב
bavli	296	סיפא	Bavli_Ketubot.82.3	סיפא	החלק האחרון של המשנה	form	krupnik-1927:def	correct		פשיטא בשעמד בדין ומדרישא בשעמד בדין ⟨סיפא⟩ נמי בשעמד בדין
bavli	297	בר	Bavli_Shabbat.151.6	בר	בן	form	reviewed:reviewed	correct		גמיאה או כדי גמיעה א"ר נחמן ⟨בר⟩ יצחק בראשית כד יז הגמיאיני נא
bavli	298	ומציעתא	Bavli_Avodah_Zarah.83.4	מציעתא	והחלק האמצעי של משנה	form+w	krupnik-1927:def	correct		אמר אביי אין רישא וסיפא במוצא ⟨ומציעתא⟩ בעושה
bavli	299	אמר	Bavli_Yoma.99.6	אמר	אמר	form	jastrow-1903:same	correct		יהא דוחה את השבת ואת הטומאה ⟨אמר⟩ ליה אין כמאן דאמר דחי דתניא
bavli	300	כולהו	Bavli_Berakhot.109.17	pron:כולהו	כולם	form	grammar:pronominal	correct		רשע בדידך קיימא וצערתן כולי האי ⟨כולהו⟩ מחילנא לך בר מברתיה דרב חסדא
bavli	301	שפיר	Bavli_Shabbat.280.15	שפיר	יפה	reviewed-form	reviewed	correct		לצורך גופו מותר לצורך מקומו אסור ⟨שפיר⟩
bavli	302	מיבעי	Bavli_Kiddushin.25.18	מיבעי	צריך	reviewed-form	reviewed	correct		והאי נעל להכי הוא דאתא האי ⟨מיבעי⟩ ליה לכדתניא נעלו אין לי אלא
bavli	303	בר	Bavli_Bava_Metzia.223.4	בר	בן	form	reviewed:reviewed	correct		ולעולם לא פרע ליה א"ר חמא ⟨בר⟩ עוקבא כנגד אותו היום של תביעה
bavli	304	רחמנא	Bavli_Chullin.2.14	רחמנא	אלהים	form	krupnik-1927:def	correct		במדבר יט טז בחלל חרב אמר ⟨רחמנא⟩
bavli	305	נמי	Bavli_Bava_Metzia.50.13	נמי	גם, כמו כן	form	krupnik-1927:def	correct		של שולחני ליתני על שולחן אי ⟨נמי⟩ מצא בשולחנות כדקתני רישא מצא בחנות
bavli	306	בעינן	Bavli_Yevamot.201.19	בעיננ	אנו צריכים	reviewed-form	reviewed	correct		קרעתהו מהו שרפתהו מהו גלויי כרעא ⟨בעינן⟩ והאיכא או דלמא חליצה בעינן וליכא
bavli	307	ליה	Bavli_Bava_Batra.270.7	pron:ליה	לו	form	grammar:pronominal	correct		נפשיה אפילו במקום בריה נפשיה עדיפא ⟨ליה⟩ קא משמע לן
bavli	308	הכא	Bavli_Ketubot.188.11	הכא	כאן	form	krupnik-1927:def	correct		א"ל התם דאמר לה כשהיא פנויה ⟨הכא⟩ דאמר לה כשהיא נשואה מאי קאמר
bavli	309	קאמר	Bavli_Nedarim.137.1	אמר	אומר	form:pe.ptcp.ms+q	jastrow-1903:same	correct		אמר לה קיים ליכי היום כי ⟨קאמר⟩ לה מופר ליכי למחר מהיום קאמר
bavli	310	הא	Bavli_Bava_Batra.137.5	הא	זה · הלא	form	krupnik-1927:def-en	correct		מהו שאר חרובין ודאי לא קני ⟨הא⟩ מה ששייר באותו חרוב קני או
bavli	311	אמר	Bavli_Taanit.38.2	אמר	אמר	form	jastrow-1903:same	correct		כמותו בישראל אמרו לו מפני מה ⟨אמר⟩ להם כך וכך עשה לי אמרו
bavli	312	דלמא	Bavli_Nedarim.47.8	דילמא	שמא, אולי	form	krupnik-1927:def	correct		משה לישראל לאו הכי קאמר להו ⟨דלמא⟩ עבידתון מילי ואמריתון על דעתינו משום
bavli	313	אבוה	Bavli_Ketubot.193.15	אבוה	אביו	reviewed-form	reviewed	correct		אמר רב נחמן אמר רבה בר ⟨אבוה⟩
bavli	314	מאי	Bavli_Ketubot.20.13	מאי	מה	reviewed-form	reviewed	correct		ששת להא שמעתא וקשיא להו ושני ⟨מאי⟩ מקח טעות נמי ממאתים אבל מנה
bavli	315	מאי	Bavli_Keritot.8.5	מאי	מה	reviewed-form	reviewed	correct		מבניו נימא קרא והכהן שתחתיו מבניו ⟨מאי⟩ המשיח הא קמ"ל דאפי' מבניו ההוא
bavli	316	אמר	Bavli_Avodah_Zarah.105.3	אמר	אמר	form	jastrow-1903:same	correct		⟨אמר⟩ רמי בר חמא לא כגון שאנסוהו
bavli	317	והא	Bavli_Gittin.142.20	הא	וזה · והלא	form+w	krupnik-1927:def-en	correct		עמד מחולי זה ונפל לחולי אחר ⟨והא⟩ הלך בשוק קתני הלך על משענתו
bavli	318	הא	Bavli_Shabbat.155.5	הא	זה · הלא	form	krupnik-1927:def-en	correct		לצבוע בהן בגד קטן לפי סבכה ⟨הא⟩ איתמר עלה אמר רב נחמן אמר
bavli	319	נמי	Bavli_Eruvin.18.8	phrase	גם כן	phrase	krupnik-1927	correct		אין הכי ⟨נמי⟩ וכולי האי לא אטרחוה רבנן
bavli	320	האי	Bavli_Megillah.22.6	phrase	כל כך	phrase	krupnik-1927	correct		המלך מאד אמאי דלקה ביה כולי ⟨האי⟩ אמר רבא שלחה ליה בר אהורייריה
bavli	321	דכתיב	Bavli_Sanhedrin.12.12	דכתיב	שכתוב	reviewed-form	reviewed	correct		מילתא דאמרו רבנן הוו מתונין בדין ⟨דכתיב⟩ שמות כ כו לא תעלה במעלות
bavli	322	וניחא	Bavli_Bava_Batra.211.1	ניחא	ורך	form+w	krupnik-1927:def	incorrect	'and it is convenient', not 'soft'	עבוד רבנן מילתא דניחא ליה למוכר ⟨וניחא⟩ ליה ללוקח
bavli	323	השתא	Bavli_Chullin.71.5	השתא	עכשיו	form	reviewed:reviewed	correct		דמסוכנת שריא דאי ס"ד מסוכנת אסירא ⟨השתא⟩ מחיים אסירא לאחר מיתה מיבעי
bavli	324	דכתיב	Bavli_Sanhedrin.189.3	דכתיב	שכתוב	reviewed-form	reviewed	correct		בנוהי קמך שמעו בנוהי וקטלוהו היינו ⟨דכתיב⟩ מלכים ב יט לז ויהי הוא
bavli	325	מאי	Bavli_Yevamot.15.15	מאי	מה	reviewed-form	reviewed	correct		לכם הא לאו הכי ה"א נחלק ⟨מאי⟩ לייתו לייתו פר צבור בשאר מצות
bavli	326	דהאי	Bavli_Chullin.236.5	האי	שזה, זאת	form+d	krupnik-1927:def	correct		כיון ⟨דהאי⟩ לא מגין אהאי והאי לא מגין
bavli	327	דעתא	Bavli_Yevamot.223.18	דעתא	דעה, סברא	form	krupnik-1927:def	correct		קלישתא הוא ומיהו מספקא לי' אי ⟨דעתא⟩ צילותא
bavli	328	תיקו	Bavli_Chullin.182.3	תיקו	השאלה נשארת בצריך עיון	form	krupnik-1927:def	correct		דידיה אזלינן או בתר מיניה אזלינן ⟨תיקו⟩
bavli	329	תנא	Bavli_Bekhorot.8.15	תני	שנה	form	reviewed:reviewed	incorrect	'our Tanna' (תנא דידן) glossed as the verb	במאי קמיפלגי ⟨תנא⟩ דידן סבר גלי רחמנא בקדושת דמים
bavli	330	הכא	Bavli_Eruvin.155.15	הכא	כאן	form	krupnik-1927:def	correct		תקרה כי מיפחית מינכרא ליה מלתא ⟨הכא⟩ לא מינכרא ליה מלתא
bavli	331	ליה	Bavli_Shabbat.213.6	pron:ליה	לו	form	grammar:pronominal	correct		מיא לאקבולי אפיה קמיה זיל תהי ⟨ליה⟩ אקנקניה אזל אשכחיה לרב א"ל מניין
bavli	332	קרא	Bavli_Pesachim.124.11	קרא	מקרא	form	jastrow-1903:eq	correct		בסוף העולם נמי אמר ליה אמר ⟨קרא⟩ לא תשחט ולא ילין לא תשחט
bavli	333	מתני	Bavli_Ketubot.209.2	מתני	שונה	reviewed-form	reviewed	correct		הוה רגיל אליהו דאתי גביה דהוה ⟨מתני⟩ ליה סדר דאליהו כיון דעבד הכי
bavli	334	אמר	Bavli_Chullin.34.8	אמר	אמר	form	jastrow-1903:same	correct		רב אשי ⟨אמר⟩ אפילו תימא מבבל לארץ ישראל הני
bavli	335	ברישא	Bavli_Gittin.115.1	ברישא	בראש	reviewed-form	reviewed	correct		במניינא דבי רבי ומינאי דידי מנו ⟨ברישא⟩
bavli	336	חד	Bavli_Bava_Metzia.53.21	חד	אחד	form	krupnik-1927:def	correct		דעתך אבידתא מכריז בעינן למטפי ליה ⟨חד⟩ יומא לעיוני במאניה אלא שמע מינה
bavli	337	הדר	Bavli_Taanit.7.2	הדר	חזר	reviewed-form	reviewed	correct		ואף רב ⟨הדר⟩ ביה דאמר רב חננאל אמר רב
bavli	338	דלא	Bavli_Temurah.55.14	דלא	שלא	reviewed-form	reviewed	correct		סלקא דעתך אמינא הני מילי היכא ⟨דלא⟩ היתה לה שעת הכושר דנולדה טרפה
bavli	339	אומצא	Bavli_Pesachim.146.8	אומצא	חתיכת בשר חי	form	krupnik-1927:def	correct		⟨אומצא⟩ ביעי ומיזרקי פליגי בה רב אחא
bavli	340	אמר	Bavli_Bekhorot.47.2	אמר	אמר	form	jastrow-1903:same	correct		ומי אמר רב הכי והא ⟨אמר⟩ רב חייא בר אשי משמיה דרב
bavli	341	והתניא	Bavli_Avodah_Zarah.74.12	והתניא	והלא נאמר בברייתא	reviewed-form	reviewed	correct		⟨והתניא⟩ אחת יורה גדולה ואחת יורה קטנה
bavli	342	תרי	Bavli_Niddah.76.5	תרי	שנים	form	krupnik-1927:def	correct		יומא ורמיא יומא וכבשה יומא וכבשה ⟨תרי⟩ יומי ורמיא חד יומא
bavli	343	מאי	Bavli_Gittin.176.15	phrase	מהו הטעם, למה	phrase	krupnik-1927	correct		אבל מגרש שני ונושא ראשון לא ⟨מאי⟩ טעמא אתי למימר מחזיר גרושתו מן
bavli	344	מהו	Bavli_Yevamot.47.4	מהו	מה הוא	reviewed-form	reviewed	correct		לרבה בר ר"נ ילמדנו רבינו כנס ⟨מהו⟩ שיוציא
bavli	345	קרא	Bavli_Menachot.65.14	קרא	מקרא	form	jastrow-1903:eq	correct		ואת אמרת נילף כתיבה כתיבה אמר ⟨קרא⟩ דברים ו ט וכתבתם כתיבה תמה
bavli	346	איתיה	Bavli_Sanhedrin.99.18	pron:איתיה	ישנו	form	grammar:pronominal	correct		אל בית אביה כנעוריה מכלל דכי ⟨איתיה⟩ גביה לא אכלה
bavli	347	דתני	Bavli_Bava_Batra.296.4	תני	ששנה	form+d	reviewed:reviewed	correct		אמר ליה אביי וכל היכא ⟨דתני⟩ קרקע קרקע דוקא והא תנן הכותב
bavli	348	אמאי	Bavli_Bava_Batra.162.5	אמאי	למה, מדוע	form	krupnik-1927:def	correct		ישפה ואי ס"ד רבי עקיבא היא ⟨אמאי⟩ ישפה האמר מוכר בעין יפה מוכר
bavli	349	נמי	Bavli_Temurah.28.10	phrase	גם כן	phrase	krupnik-1927	correct		הכי ⟨נמי⟩ מסתברא דאי לא תימא הכי בשלמא
bavli	350	ומאי	Bavli_Keritot.45.13	ומאי	ומה	reviewed-form	reviewed	correct		⟨ומאי⟩ שנא מהא דאמר רבה בר איתי
bavli	351	מאי	Bavli_Niddah.124.2	מאי	מה	reviewed-form	reviewed	correct		צמרמורות וכו' וכן כיוצא בהן לאתויי ⟨מאי⟩ אמר רבה בר עולא לאתויי אשה
bavli	352	דכל	Bavli_Temurah.60.3	דכל	של כל	reviewed-form	reviewed	incorrect	relative 'that all', not 'of all'	גמ׳ וכללא הוא ⟨דכל⟩ קדשי מזבח עושין תמורה והרי עופות
bavli	353	והא	Bavli_Taanit.27.1	phrase	גם זה וגם זה	phrase	krupnik-1927	correct		כדקאמרת השתא דכתיב שרים וישתחוו הא ⟨והא⟩ עבוד
bavli	354	מרבנן	Bavli_Bava_Batra.299.11	מרבננ	מחכמים	reviewed-form	reviewed	correct		אמר לה השתא אמרי מר צורבא ⟨מרבנן⟩ ומר לאו צורבא מרבנן כתבתינהו ניהליה
bavli	355	דהא	Bavli_Bava_Batra.218.6	דהא	שהרי	reviewed-form	reviewed	correct		אחוזה נמי מהאי פירכא גופה הוא ⟨דהא⟩ קיימא ליה לתנא כלום יש יבום
bavli	356	מאי	Bavli_Yoma.165.11	מאי	מה	reviewed-form	reviewed	correct		אין בהן משום רפואה באילו למעוטי ⟨מאי⟩ מאי לאו אתרתי בתרייתא ולמעוטי דרישא
bavli	357	דאמר	Bavli_Ketubot.104.13	אמר	שאמר	form+d	jastrow-1903:same	correct		כיון ⟨דאמר⟩ מר כתובתה על נכסי בעלה הראשון
bavli	358	מיניה	Bavli_Shabbat.216.11	pron:מיניה	ממנו	form	grammar:pronominal	correct		במילחא וארהטיה קמיה תלתא מילי ונפק ⟨מיניה⟩ גובי גובי איכא דאמרי רב שימי
bavli	359	דילמא	Bavli_Yoma.101.9	דילמא	שמא, אולי	form	krupnik-1927:def	correct		הבית מפנימה הכין לתתן שם או ⟨דילמא⟩ הכי קאמר ודביר בתוך הבית מפנימה
bavli	360	דלית	Bavli_Bava_Metzia.92.9	דלית	שאין	reviewed-form	reviewed	correct		ורבי יוחנן אמר מיד למעוטי קרקע ⟨דלית⟩ ביה אונאה
bavli	361	להו	Bavli_Gittin.132.16	pron:להו	להם	form	grammar:pronominal	correct		כל דאמינא להו מיפך אפכי אמר ⟨להו⟩ בישרא סומקא אגומרי וחמרא מרקא אייתו
bavli	362	דמי	Bavli_Avodah_Zarah.139.7	דמי	דומה	reviewed-form	reviewed	incorrect	'the money of' (דמי יין נסך)	נסך ברשותייכו קא הוי וכי שקילתו ⟨דמי⟩ יין נסך קא שקילתו ואי ס"ד
bavli	363	דהוה	Bavli_Zevachim.152.5	הוה	שהיה	form+d	reviewed:reviewed	correct		בשר בעלת מום כעצים דמי מידי ⟨דהוה⟩ אבשר חטאת
bavli	364	דרש	Bavli_Kiddushin.59.6	דרש	הורה בצבור	form	krupnik-1927:def	correct		⟨דרש⟩ עולא רבה אפיתחא דבי נשיאה מאי
bavli	365	תלמוד	Bavli_Arakhin.6.13	תלמוד	לימוד	form	krupnik-1927:def	correct		שאני מוציא דבר שהנשמה תלויה בו ⟨תלמוד⟩ לומר נפשות נפשות ולא את המת
bavli	366	ההיא	Bavli_Makkot.26.14	ההיא	ההיא	reviewed-form	reviewed	correct		כתיב טומאתו לאחר זריקה הוא דכתיב ⟨ההיא⟩ מבכל קדש נפקא
bavli	367	דאמר	Bavli_Bekhorot.107.19	אמר	שאמר	form+d	jastrow-1903:same	correct		זכרותא דדמא כבדא כדרבי יצחק ⟨דאמר⟩ רבי יצחק כבד שנימוח מטמא ברביעית
bavli	368	ליה	Bavli_Temurah.38.3	pron:ליה	לו	form	grammar:pronominal	correct		אמר ⟨ליה⟩ ר' יהושע סבר ליה כאידך תנא
bavli	369	מאי	Bavli_Pesachim.159.9	מאי	מה	reviewed-form	reviewed	correct		ולהבא הוא מטמא למת בלבד למעוטי ⟨מאי⟩
bavli	370	רחמנא	Bavli_Sotah.86.17	רחמנא	אלהים	form	krupnik-1927:def	correct		הוה אמינא אפי' זקני השוק כתב ⟨רחמנא⟩ זקניך ואי כתב רחמנא זקניך הוה
bavli	371	דאתא	Bavli_Shevuot.76.13	אתא	שבא	form+d	krupnik-1927:def	correct		כסף כי אתא מעיקרא לכפירה הוא ⟨דאתא⟩ דא"כ לכתוב רחמנא כי יתן איש
bavli	372	דרבן	Bavli_Shabbat.269.10	דרבנ	פתח	form	krupnik-1927:def	incorrect	'of Rabban' (title) read as 'goad'	איבעיא להו מי פליגי רבנן עליה ⟨דרבן⟩ שמעון בן גמליאל או לא אם
bavli	373	מאי	Bavli_Yevamot.38.9	מאי	מה	reviewed-form	reviewed	correct		ממזרת ונתינה ⟨מאי⟩ איכא למימר גזירה במקום מצוה אטו
bavli	374	תנינא	Bavli_Temurah.53.10	תנינא	שנינו	reviewed-form	reviewed	correct		ובחולין נמי ⟨תנינא⟩ ואלו אסורין ואוסרין בכל שהן יין
bavli	375	עסקינן	Bavli_Zevachim.155.2	עסקיננ	אנו עוסקים	reviewed-form	reviewed	correct		אמר בדלי שתוכו טהור וגבו טמא ⟨עסקינן⟩ דמדינא סגי להו בכל דהו
bavli	376	למה	Bavli_Zevachim.81.7	למה	למה	reviewed-form	reviewed	correct		דעת ראשונה הוא מיהדר פיגולי בשלישית ⟨למה⟩ לי קמ"ל מתקיף לה רב אשי
bavli	377	אמאי	Bavli_Shabbat.16.5	אמאי	למה, מדוע	form	krupnik-1927:def	correct		לאמשוכי ולא לדין בגמר הדין לכתחלה ⟨אמאי⟩ לא דילמא חזי טעמא וסתר דינא
bavli	378	מאי	Bavli_Kiddushin.16.20	מאי	מה	reviewed-form	reviewed	correct		ורבי האי בעולת בעל ⟨מאי⟩ עביד ליה האי מיבעי ליה בעל
bavli	379	דאמר	Bavli_Ketubot.220.19	אמר	שאמר	form+d	jastrow-1903:same	correct		מסייע ליה לר' יוחנן ⟨דאמר⟩ ר' יוחנן טוב המלבין שינים לחבירו
bavli	380	הכא	Bavli_Niddah.3.2	הכא	כאן	form	krupnik-1927:def	correct		מה סוטה ספק היא ועשאוה כודאי ⟨הכא⟩ נמי ספק ועשאוה כודאי
bavli	381	קאמר	Bavli_Zevachim.103.5	אמר	אומר	form:pe.ptcp.ms+q	jastrow-1903:same	correct		הכי ⟨קאמר⟩ מצוה בחודה אי עבד אמה אילך
bavli	382	אי	Bavli_Chullin.28.13	אי	אם	form	krupnik-1927:def-en	correct		חייא אי רבי חייא אפילו לכתחלה ⟨אי⟩ רבי דיעבד נמי לא
bavli	383	אמר	Bavli_Gittin.84.5	אמר	אמר	form	jastrow-1903:same	correct		⟨אמר⟩ רב הונא בר קטינא א"ר יצחק
bavli	384	מחסיא	Bavli_Yoma.4.11	מחסא	חמלה	form:n.pl	krupnik-1927:def	incorrect	personal name (מחסיא בר אידי)	והא א"ר מניומי בר חלקיה א"ר ⟨מחסיא⟩ בר אידי א"ר יוחנן כאשר עשה
bavli	385	מאי	Bavli_Shabbat.212.4	מאי	מה	reviewed-form	reviewed	correct		כג היהפוך כושי עורו ונמר חברבורותיו ⟨מאי⟩ חברבורותיו אילימא דקאי ריקמי ריקמי האי
bavli	386	אמר	Bavli_Bava_Kamma.20.2	אמר	אמר	form	jastrow-1903:same	correct		ואמר עולא ⟨אמר⟩ רבי אלעזר בכור שנטרף בתוך ל'
bavli	387	אמרי	Bavli_Kiddushin.89.9	אמר	אומרים	form:pe.ptcp.mp	jastrow-1903:same	correct		רב ושמואל ⟨אמרי⟩ תרוייהו לעולם ארישא ולא מיבעיא קאמר
bavli	388	והאמר	Bavli_Berakhot.12.18	והאמר	והלא אמר	reviewed-form	reviewed	correct		איני ⟨והאמר⟩ ר' יצחק אם ראית רשע שהשעה
bavli	389	כאן	Bavli_Zevachim.84.8	כאנ	פה, במקום זה	form	krupnik-1927:def	correct		להלן בטומאת הגוף הכתוב מדבר אף ⟨כאן⟩ בטומאת הגוף הכתוב מדבר
bavli	390	צעריה	Bavli_Pesachim.211.7	צערא	חרפה שלו	form:n.pl+3ms	krupnik-1927:def	incorrect	'pained him' (verb), not 'his disgrace'	עליו כל שירות ותושבחות שבעולם בליליא ⟨צעריה⟩ אמר מיסרן ומפייס
bavli	391	כתיב	Bavli_Chullin.159.3	כתיב	כתוב	reviewed-form	reviewed	correct		הא כיצד לילה לקדושה יום להרצאה ⟨כתיב⟩ קרא אחרינא שמות כב כט כן
bavli	392	דאמר	Bavli_Bekhorot.113.10	אמר	שאמר	form+d	jastrow-1903:same	correct		בא' בסיון וכו' בא' בניסן כרשב"ג ⟨דאמר⟩ ב' שבתות בא' בסיון כדאמרן
bavli	393	דנקא	Bavli_Bava_Metzia.216.3	דנקא	מטבע פרסי	form	krupnik-1927:def	correct		סבר רב אשי למימר ריבעא דהוא ⟨דנקא⟩ דאמר רב מניומי בריה דרב נחומי
bavli	394	בר	Bavli_Taanit.56.2	בר	בן	form	reviewed:reviewed	correct		אמר רב יהודה בריה דרב שמואל ⟨בר⟩ שילת משמיה דרב כריח שדה של
bavli	395	דבי	Bavli_Shabbat.50.2	דבי	של בית	reviewed-form	reviewed	correct		שמעון בן אלעזר אית ליה לתנא ⟨דבי⟩ ר' ישמעאל לית ליה
bavli	396	מיכוין	Bavli_Keritot.37.9	מיכוינ	מתכוונים	reviewed-form	reviewed	incorrect	singular 'intends', rendered plural	את התחתונות במאי עסקינן אי דקא ⟨מיכוין⟩ לכבות ולהבעיר מאי טעמא דמאן דפטר
bavli	397	דאמר	Bavli_Gittin.81.8	אמר	שאמר	form+d	jastrow-1903:same	correct		סיפא לגלויי רישא שלא תאמר רישא ⟨דאמר⟩ חצי חצי אבל אמר כולו קנו
bavli	398	אסיפא	Bavli_Chullin.250.16	אסיפא	על הסיפא	reviewed-form	reviewed	correct		על פני כולו איכא דמתני לה ⟨אסיפא⟩ רבי יהודה אומר אף הנוגע באדמה
bavli	399	קמיפלגי	Bavli_Bava_Kamma.148.19	קמיפלגי	נחלקים	reviewed-form	reviewed	correct		ובהא ⟨קמיפלגי⟩ דרבנן סברי הויא לה עדות שאי
yerushalmi	0	תַּלְמוּד	Jerusalem_Talmud_Yoma.22.5	תלמוד	לימוד	form	krupnik-1927:def	correct		שֶׁלְשֵׁם וְשֶׁלְעַזָּאזֵל עַל שֶׁלְעַזָּאזֵל יַחֲזוֹר וְיַחֲלִיף ⟨תַּלְמוּד⟩ לוֹמַר גּוֹרָל אֶחָד לַיי אֵין כָּאן
yerushalmi	1	תְּנָיֵי	Jerusalem_Talmud_Berakhot.31.2	תניי	תנאים	reviewed-form	reviewed	correct		וְאִם עָנָה הֲרֵי זֶה בּוּר אִית ⟨תְּנָיֵי⟩ תַּנִּי הֲרֵי זֶה בּוּר וְאִית תְּנָיֵי
yerushalmi	2	מַהוּ	Jerusalem_Talmud_Bikkurim.6.4	מהו	מה הוא	reviewed-form	reviewed	correct		אִילָא מָכַר לוֹ שָׂדֶה בְּקָמָתָהּ הַלּוֹקֵחַ ⟨מַהוּ⟩ שֶׁיָּבִיא מִּמֶּנָּה בִּיכּוּרִים אָמַר לֵיהּ לָמָּה
yerushalmi	3	תַּנֵּי	Jerusalem_Talmud_Terumot.5.7	תני	שנה	form	reviewed:reviewed	correct		בָּעֵי וְאַף לְעִנְיַין שַׁבָּת כֵּן אַשְׁכָּח ⟨תַּנֵּי⟩ רִבִּי אוֹמֵר בִּרְבִיעִית רַבָּן שִׁמְעוֹן בֶּן
yerushalmi	4	אָמַר	Jerusalem_Talmud_Kiddushin.32.14	אמר	אמר	form	jastrow-1903:same	correct		הוֹשַׁעְיָה בְּגִין דְּלֵית אֲנָן לְוִיִים נַפְסִיד ⟨אָמַר⟩ רִבִּי חֲנִינָה בְּרֵיהּ דְּרִבִּי אַבָּהוּ אַף
yerushalmi	5	טָבאוֹת	Jerusalem_Talmud_Kiddushin.22.7	טבאות	יפה, טוב	form	krupnik-1927:def	correct		וּמִנָּן אָמְרִין לוֹן מִנָּן בְּעֵי תְקִמִינוֹן ⟨טָבאוֹת⟩ אָמְרִין לוֹן שׁוֹמְרֵי חִינָּם אֲנַחְנוּ אַזְלוֹן
yerushalmi	6	אִינּוּן	Jerusalem_Talmud_Nedarim.44.2	pron:אינונ	הם	form	grammar:pronominal	correct		וּמְגַבְּלָן בִּדְבַשׁ וּמְטוֹגָן אֲמַר לֵיהּ אִילֵּין ⟨אִינּוּן⟩ אֲשִׁישִׁין שֶׁאָמְרוּ חֲכָמִים
yerushalmi	7	אָמַר	Jerusalem_Talmud_Horayot.19.3	אמר	אמר	form	jastrow-1903:same	correct		לוֹ אִשְׁתּוֹ מִפְּנֵי מַה פָנֶיךָ חוֹלָנִיּוֹת ⟨אָמַר⟩ לָהּ רַבּוֹתֵינוּ כָאן וְאֵינִי יוֹדֵעַ מָה
yerushalmi	8	חַד	Jerusalem_Talmud_Sheviit.28.5	חד	אחד	form	jastrow-1903:eq	correct		רִבִּי חִיָיא רוֹבָה וְרִבִּי שִׁמְעוֹן בְּרִבִּי ⟨חַד⟩ אָמַר מִשֶּׁיִּוָולְדוּ וְחַד אָמַר מִשֶּׁיְּדַבְּרוּ מָאן
yerushalmi	9	מָאן	Jerusalem_Talmud_Sukkah.45.2	מאנ	מי	reviewed-form	reviewed	correct		הֲוָה אֲמַר דִּי לָא נָן הָכָא ⟨מָאן⟩ הָכָא שֶׁאַף עַל פִּי שֶׁיֵּשׁ לְפָנָיו
yerushalmi	10	אָמַר	Jerusalem_Talmud_Eruvin.1.9	אמר	אמר	form	jastrow-1903:same	correct		וְהוּא שֶׁיְּהֵא הֶכְשֵׁר הַקּוֹרָה בְּתוֹךְ עֶשְׂרִים ⟨אָמַר⟩ רִבִּי יוֹסֵי וַאֲפִילוּ דִסְבַר שְׁמוּאֵל בְּמָבוֹי
yerushalmi	11	אָמַר	Jerusalem_Talmud_Gittin.1.7	אמר	אמר	form	jastrow-1903:same	correct		שֵׁם הַגֵּט וְאִית דְּבָעֵי מֵימַר אִם ⟨אָמַר⟩ גֵּט כָּשֵׁר הָיָה וְכֵיוָן דְּצְוָוחַת וַעֲלוֹן
yerushalmi	12	הָא	Jerusalem_Talmud_Eruvin.29.4	הא	זה · הלא	form	krupnik-1927:def-en	correct		לֹא אָמַר אֶלָּא הֶחֱזִירוּהוּ ⟨הָא⟩ אִם חָזַר הוּא אָסוּר אָמַר רִבִּי
yerushalmi	13	וְהָכָא	Jerusalem_Talmud_Sotah.2.6	הכא	וכאן	form+w	krupnik-1927:def	correct		עַד שֶׁיִּפְלוֹט הָכָא כְתִיב שִׁכְבַת זֶרַע ⟨וְהָכָא⟩ כְתִיב שִׁכְבַת זֶרַע הָכָא אַתְּ אָמַר
yerushalmi	14	תַנֵּי	Jerusalem_Talmud_Kiddushin.19.8	תני	שנה	form	reviewed:reviewed	correct		וָזֶה אֵינוֹ בְּיוֹם וּבְיוֹמַיִים אִית תַּנָּיֵי ⟨תַנֵּי⟩ זֶה וָזֶה בְּיוֹם וּבְיוֹמַיִים מָאָן דָּמַר
yerushalmi	15	בָּעֵי	Jerusalem_Talmud_Nedarim.5.2	בעי	צריך	reviewed-form	reviewed	correct		תַּנָּיֵי תַנֵּי אֲפִילוּ עַל אֲחֵרִים הֲווֹן ⟨בָּעֵי⟩ מֵימַר מָאן דָּמַר עַל נַפְשׁוֹ לֹא
yerushalmi	16	מְנַיִין	Jerusalem_Talmud_Nazir.44.3	מניינ	מנין	reviewed-form	reviewed	correct		זֶה שֶׁמִּיתָתוֹ בַּסַּיָיף קָבוֹר מִצְוַת עֲשֵׂה ⟨מְנַיִין⟩ אַתְּ מַרְבֶּה סַיָיף שֶׁנֶּהֱרַג בּוֹ עֵץ
yerushalmi	17	לֵית	Jerusalem_Talmud_Taanit.20.3	לית	אין	form	krupnik-1927:def	correct		בְּהֶסְפֶּד וָאֲפִילוּ עַל דַּעְתֵּיהּ דְּרִבִּי מֵאִיר ⟨לֵית⟩ הוּא מַקֵשִׁיָיא לֹא כֵן תַּנֵּי בִּתְּרֵין
yerushalmi	18	לֵיהּ	Jerusalem_Talmud_Peah.1.32	pron:ליה	לו	form	grammar:pronominal	correct		אֵיזִיל צוֹר כְּנִישְׁתָּא עֲלוֹי וּבְזִיתֵיהּ אֲמַר ⟨לֵיהּ⟩ וְלָמָּה לָא כְפִיתִינֵיהּ אֲמַר לֵיהּ וְכוֹפִין
yerushalmi	19	לוֹן	Jerusalem_Talmud_Shekalim.18.7	לונ	להם	reviewed-form	reviewed	correct		כְלוּם פָּתְחוּן לָהּ וְעָלַת לָהּ אֲמַר ⟨לוֹן⟩ יְהָבוּ לָהּ תֵּיכוּל יְהָבוּן קוֹמָהּ סְעָרִין
yerushalmi	20	מֵימַר	Jerusalem_Talmud_Nedarim.33.2	מימר	לומר	reviewed-form	reviewed	correct		קִידֵּשׁ אָמַר לוֹן אֵינָהּ מְקוּדֶּשֶׁת אָתָא ⟨מֵימַר⟩ לָךְ אֲפִילוּ בְסֵפֶר תּוֹרָה שֶׁלָּרַבִּים קִידֵּשׁ
yerushalmi	21	וְקַשְׁיָא	Jerusalem_Talmud_Shevuot.47.5	קשיא	וקשה	form+w	reviewed:reviewed	correct		לֹא שָׂכַרְתִּיךָ הַמּוֹצִיא מֵחֲבֵירוֹ עָלָיו הָרְאָיָיה ⟨וְקַשְׁיָא⟩ עַל דְּרִבִּי לָעְזָר אִם בָּאוֹמֵר בָּעֵדִים
yerushalmi	22	מַתְנִיתָא	Jerusalem_Talmud_Demai.5.5	מתניתא	משנה	form	jastrow-1903:eq	correct		⟨מַתְנִיתָא⟩ מְסַיְיעָא לְדֵין וּמַתְנִיתָא מְסַיְיעָא לְדֵין מַתְנִיתָא
yerushalmi	23	בְּרַם	Jerusalem_Talmud_Demai.38.3	ברמ	אבל	reviewed-form	reviewed	correct		וְלֹא דָמְיָין תַּמָּן טְמֵאָה לְצוֹרֶךְ טְהוֹרָה ⟨בְּרַם⟩ הָכָא חוּלִין לְצוֹרֶךְ טְמֵאָה אָמַר רִבִּי
yerushalmi	24	אֲזִיל	Jerusalem_Talmud_Shabbat.3.7	אזיל	הולך	reviewed-form	reviewed	correct		אָמְרָה לֵיהּ לֹא תִצּוֹק רוּחַ אֲנָא ⟨אֲזִיל⟩ וְאִישְׁתַּוֵּי לַחֲבֵרֶיךָ
yerushalmi	25	אִית	Jerusalem_Talmud_Nazir.49.13	אית	יש	reviewed-form	reviewed	correct		אָמַר תִּיפְתָּר בְּסָרִיס וְהָא תַנִּינָן זָקָן ⟨אִית⟩ לָךְ מֵימַר סָרִיס לֵית לָךְ אֶלָּא
yerushalmi	26	הָדָא	Jerusalem_Talmud_Sheviit.37.14	הדא	זה, זאת	form	krupnik-1927:def	correct		דְתַנֵּי הַשְּׁלֹשׁוּשִׁית וַחַלְבִצִין הַתֵּגָּר עוֹשֶׂה לְעַצְמוֹ ⟨הָדָא⟩ אָמְרָה שֶׁאָסוּר לִצְבּוֹעַ בְּטוֹבַת הֲנַיָיה
yerushalmi	27	מַתְנִיתָא	Jerusalem_Talmud_Sotah.63.6	מתניתא	משנה	form	jastrow-1903:eq	correct		יִצְחָק עַד שֶׁהִיא בַחַיִּים הִיא קְדוֹשָׁה ⟨מַתְנִיתָא⟩ אָמְרָה כֵן תֵּצֵא וְתִרְעֶה בָעֵדֶר מַהוּ
yerushalmi	28	חַד	Jerusalem_Talmud_Kilayim.24.2	חד	אחד	form	jastrow-1903:eq	correct		תַּמָּן תְּלָתָה כְרָמִין וּתְרֵין בֵּנַיִין נְסַב ⟨חַד⟩ חוֹרָן אִית תַּמָּן תְּרֵין כְּרָמִין וְחַד
yerushalmi	29	שָׁאַל	Jerusalem_Talmud_Nazir.45.2	שאל	שאל	reviewed-form	reviewed	correct		הַטֻּמְאוֹת הַנָּזִיר מְגַלֵּחַ כול׳ חַד סָב ⟨שָׁאַל⟩ מֵרִבִּי יוֹחָנָן כְּזַיִת מִן הַמֵּת מְטַמֵּא
yerushalmi	30	עָבְדִין	Jerusalem_Talmud_Shabbat.44.5	עבד	עשה	form:n.pl	reviewed:reviewed	correct		רִבִּי יוֹחָנָן וְרִבִּי שִׁמְעוֹן בֶּן לָקִישׂ ⟨עָבְדִין⟩ הֲוֵויי בְהָדָא פִירְקָא תְּלַת שְׁנִין וּפְלוּג
yerushalmi	31	מִיכָּן	Jerusalem_Talmud_Yevamot.69.12	מיכנ	מכאן	form	krupnik-1927:def	correct		לְהַטִּיף מִמֶּנּוּ דַם בְּרִית הִמּוֹל יִמּוֹל ⟨מִיכָּן⟩ לְיִשְׂרָאֵל עָרֵל שֶׁלֹּא יִמּוֹל עַד שֶׁיִּמּוֹל
yerushalmi	32	וְהָכָא	Jerusalem_Talmud_Yoma.28.5	הכא	וכאן	form+w	krupnik-1927:def	correct		לֵוִי מַה לְהַלָּן קוֹמֶץ הֶחָסֵר פָּסוּל ⟨וְהָכָא⟩ קוֹמֶץ הֶחָסֵר פָּסוּל חָפְנַיִם מָהוּ שֶׁיּיֵעָשֶׂה
yerushalmi	33	אָמַר	Jerusalem_Talmud_Eruvin.31.2	אמר	אמר	form	jastrow-1903:same	correct		כְּדוֹן בְּשֶׁיָּצָא שׁוֹגֵג וַאֲפִילוּ יָצָא מֵזִיד ⟨אָמַר⟩ רִבִּי פִינְחָס מַתְנִיתָה אָמְרָה כֵן שֶׁכָּל
yerushalmi	34	מִינְּהוֹן	Jerusalem_Talmud_Kiddushin.22.7	pron:מינהונ	מהם	form	grammar:pronominal	correct		דְּלָא יְהִיוְיָין כְּלוּם אֲתוֹן בְּעוֹן מִיפְקָא ⟨מִינְּהוֹן⟩ אָמְרִין לוֹן כְּבָר זָבְנוֹן אָמְרִין לוֹן
yerushalmi	35	וַועֲדָא	Jerusalem_Talmud_Bikkurim.18.15	וועדא	ועד	form	jastrow-1903:same	correct		רִבִּי מֵאִיר הֲוָה יְלִיף סְלַק לְבֵית ⟨וַועֲדָא⟩ וַהֲווֹן כָּל עַמָּא חָמְיָין לֵיהּ וְקַיְימוֹן
yerushalmi	36	בַּר	Jerusalem_Talmud_Ketubot.79.2	בר	בן	form	reviewed:reviewed	correct		אָמַר רִבִּי בָּא בְשֵׁם רַב חִיָיה ⟨בַּר⟩ אַשִּׁי אֲפִילוּ לֹא אָכַל אֶלָּא מְלֹא
yerushalmi	37	נְהוֹרִין	Jerusalem_Talmud_Shekalim.11.6	נהורינ	אורות	reviewed-form	reviewed	correct		חַמִיתֵּיהּ חָדָא מַטְרוֹנִיתָא אַפּוֹי ⟨נְהוֹרִין⟩ אָמְרָה סַבָּא סַבָּא חָדָא מֵהֲנֵי תְלַת
yerushalmi	38	אִית	Jerusalem_Talmud_Beitzah.34.10	אית	יש	reviewed-form	reviewed	correct		תַּנָּיֵי תַנֵּי מַמְתִּקִין אֶת הַחַרְדָּל בַּגַּחֶלֶת ⟨אִית⟩ תַּנָּיֵי תַנֵּי אֵין מַמְתִּקִין מָאן דְּאָמַר
yerushalmi	39	תִּיפְתָּר	Jerusalem_Talmud_Rosh_Hashanah.1.3	תיפתר	תתפרש	reviewed-form	reviewed	correct		שְׁנַת הַמַּבּוּל אֵינָהּ עוֹלָה מִן הַמִּינְיָין ⟨תִּיפְתָּר⟩ כְּרִבִּי אֱלִיעֶזֶר דְּרִבִּי אֱלִיעֶזֶר אָמַר בְּתִשְׁרֵי
yerushalmi	40	לֵיהּ	Jerusalem_Talmud_Kiddushin.23.6	pron:ליה	לו	form	grammar:pronominal	correct		אֵינֶהּ מְקוּדֶּשֶׁת וַהֲוָה רִבִּי יַנַּאי מְקַלֶּס ⟨לֵיהּ⟩ הַזָּלִים זָהָב מִכִּיס בְּנִי אַל יָלִיזוּ
yerushalmi	41	אֲמַר	Jerusalem_Talmud_Avodah_Zarah.20.9	אמר	אמר	form	jastrow-1903:same	correct		דְמָךְ עָבְרוּן קוֹמוֹי י״ג נְהָרִין דַּאֲפַרְסְמוֹן ⟨אֲמַר⟩ לוֹן כָּל אִילֵּין לְמָאן אָמְרוּ לֵיהּ
yerushalmi	42	נַשׁ	Jerusalem_Talmud_Avodah_Zarah.18.10	phrase	אדם	phrase	krupnik-1927	correct		חַמְתּוֹן מְקַלְלִין וַחֲמַר עֲלֵיהוֹן חַד בַּר ⟨נַשׁ⟩ הֲוָה טָעִין קוּפָּד מְהַלֵּךְ בְּשׁוּקָא אֲתַת
yerushalmi	43	לְקַדְמָךְ	Jerusalem_Talmud_Sanhedrin.5.3	pron:קדמכ	ללפניך	form+l	grammar:pronominal	incorrect	'to meet you'	עֲתֵיר לָךְ מִילָּה דְאוֹרַיָיא דִּנְשִׂיָיא נְפִיק ⟨לְקַדְמָךְ⟩ נְפַק לְקַדְמוֹן וָמַר דֵּיגְמַא דִידְכוֹן דָּמְיָיא
yerushalmi	44	מִיכָּן	Jerusalem_Talmud_Rosh_Hashanah.2.2	מיכנ	מכאן	form	krupnik-1927:def	correct		אָמְרִין לֵיהּ וִיהֵא תַמּוּז אֲמַר לוֹן ⟨מִיכָּן⟩ וְהֵילַךְ עַל שְׁמוֹת חֲדָשִׁים אַתֶּם רָבִים
yerushalmi	45	אָמַר	Jerusalem_Talmud_Berakhot.17.4	אמר	אמר	form	jastrow-1903:same	correct		וְחַד אָמַר בְּאָמֵן שֶׁל שׁוֹמֵעַ תְּפִילָּה ⟨אָמַר⟩ רִבִּי פִּינְחָס וְלֹא פְלִיגֵי מַאן דָּמַר
yerushalmi	46	וְחַד	Jerusalem_Talmud_Bikkurim.18.17	חד	ואחד	form+w	jastrow-1903:eq	correct		וְהַטַּלִּית שֶׁעָלָיו כְּמַרְדָּעַת שֶׁלַּחֲמוֹר רִבִּי זְעִירָא ⟨וְחַד⟩ מִן רַבָּנִן הֲווֹן יְתִיבִין עֲבַר חַד
yerushalmi	47	וַהֲווֹן	Jerusalem_Talmud_Sanhedrin.42.4	הוה	והיו	form:pe.perf.3mp+w	reviewed:reviewed	correct		טַבַּאי נָשִׂיא עוֹבְדָא דַאֲלֶכְסַנְדְּרִיָּאה מְסַיֵּיעַ לֵּיהּ ⟨וַהֲווֹן⟩ בְּנֵי יְרוּשָׁלִַם כוֹתְבִין מִיְּרוּשָׁלִַם הַגְּדוֹלָה לַאֲלֶכְסַנְדְּרִיָּאה
yerushalmi	48	תַּלְמוּד	Jerusalem_Talmud_Kiddushin.8.2	תלמוד	לימוד	form	krupnik-1927:def	correct		בָּאָרֶץ לֹא יְהוּ נוֹהֲגוֹת אֶלָּא בָאָרֶץ ⟨תַּלְמוּד⟩ לוֹמַר הִשָׁמְרוּ לָכֶם פֶּן יִפְתֶּה לְבַבְכֶם
yerushalmi	49	אָמַר	Jerusalem_Talmud_Maaser_Sheni.9.6	אמר	אמר	form	jastrow-1903:same	correct		שֶׁלֹּא פָקְעָה מִמֶּנּוּ קְדוּשַׁת מַעֲשֵׂר וְחָרָנָה ⟨אָמַר⟩ לֵית הָדָא אָמְרָה מֵשִׁיבִין דָּבָר שֶׁפָּקְעָה
yerushalmi	50	דְּלָא	Jerusalem_Talmud_Bikkurim.18.14	דלא	שלא	reviewed-form	reviewed	correct		מַאֲרִיךְ יָמִים רִבִּי חֲנִינָא מָחֵי מָאן ⟨דְּלָא⟩ קָאִים מִקּוֹמוֹי וַהֲוָה אֲמַר לֵיהּ כִּי
yerushalmi	51	בַּר	Jerusalem_Talmud_Pesachim.8.11	בר	בן	form	reviewed:reviewed	correct		כְרִבִּי יוֹשׁוּעַ אַחֵרַיָיא אָמַר רִבִּי בּוּן ⟨בַּר⟩ חִיָיה קוֹמֵי רִבִּי זְעִירָא תִּיפְתָּר בְּקֳדָשִׁים
yerushalmi	52	אָמַר	Jerusalem_Talmud_Shekalim.4.9	אמר	אמר	form	jastrow-1903:same	correct		מַעֲשֵׂר בְהֵמָה אַתְּ פוֹטְרוֹ מִן הַקּוֹלָּבוֹן ⟨אָמַר⟩ לֵיהּ לֹא שַׁנְיָיה הִיא שֶׁהוּא נוֹתֵן
yerushalmi	53	אִינּוּן	Jerusalem_Talmud_Taanit.34.13	pron:אינונ	הם	form	grammar:pronominal	correct		שֶׁלְחֲנוּכָּה לִהְיוֹת בַּשַּׁבָּת וְלָא שִׁבְעָה קְּרוּיִין ⟨אִינּוּן⟩ אִית לָךְ מֵימַר שֶׁלֹּא בָא הָרְבִיעִי
yerushalmi	54	מָהוּ	Jerusalem_Talmud_Sukkah.44.3	מהו	מה הוא	reviewed-form	reviewed	correct		⟨מָהוּ⟩ מַפְקְִיעִין תִּירְגֵּם רִבִּי חַגַּיי קוֹמֵי רִבִּי
yerushalmi	55	הֲוָה	Jerusalem_Talmud_Nazir.44.16	הוה	היה	form	reviewed:reviewed	correct		יִצְחָק והוּא מְגִיב לֵיהּ אָמַר כַּד ⟨הֲוָה⟩ רָחִיק הֲוָה מְגִיב לֵיהּ כַּד הֲוָה
yerushalmi	56	מֵימַר	Jerusalem_Talmud_Avodah_Zarah.25.4	מימר	לומר	reviewed-form	reviewed	correct		עֲבוֹדָה זָרָה שֶׁנִּשְׁבְּרָה מוּתֶּרֶת וְכֵן סָבְרִנָן ⟨מֵימַר⟩ אִם בְּעָתִיד לְהַחֲזִירָן לְכִלְיָין דִּבְרֵי הַכֹּל
yerushalmi	57	פִּירְשָׁהּ	Jerusalem_Talmud_Avodah_Zarah.17.2	פירשה	פרש, צואה	form	krupnik-1927:def	correct		שֶׁכֵּן הַשּׁוֹחֵט בְּהֵמָה לַעֲבוֹדָה זָרָה אֲפִילוּ ⟨פִּירְשָׁהּ⟩ אָסוּר רִבִּי יוֹחָנָן בָעֵי מָצָא בָהּ
yerushalmi	58	וְאִית	Jerusalem_Talmud_Pesachim.80.14	ואית	ויש	reviewed-form	reviewed	correct		לֹא אָמַר עַתִּיקְתָא בְּגִין דַּהֲוָות בְּיוֹמֹי ⟨וְאִית⟩ דְּאָמְרִין דַּהֲוָות זְעִירָא וְרָבַת וּזְעִירַת וְלָא
yerushalmi	59	אֵילּוּ	Jerusalem_Talmud_Sanhedrin.77.27	אילו	אלה	reviewed-form	reviewed	correct		יְמֵיהֶם אֲמַר לוֹן עָלַי לַעֲשׂוֹתָן רֵעִים ⟨אֵילּוּ⟩ לָאֵילּוּ עֲלֵי פְלֶשֶׁת אֶתְרוֹעָע עָלַי פְּלֶשֶׁת
yerushalmi	60	הֲוִינָן	Jerusalem_Talmud_Gittin.64.6	הוה	אנו הווים	form:pe.ptcp.1pl	reviewed:reviewed	correct		אִילּוּ תַנִּינָתָהּ הָכָא וְלֹא תַנִּינָתָהּ תַּמָּן ⟨הֲוִינָן⟩ אָמְרִין הָכָא עַל שֶׁהוּא חוֹמֶר בָּעֲרָיוֹת
yerushalmi	61	אָמַר	Jerusalem_Talmud_Eruvin.2.1	אמר	אמר	form	jastrow-1903:same	correct		אֱלִיעֶזֶר אוֹמֵר לְחָיַיִם מִשּׁוּם רִבִּי יִשְׁמָעֵאל ⟨אָמַר⟩ תַּלְמִיד אֶחָד לִפְנֵי רִבִּי עֲקִיבָה לֹא
yerushalmi	62	פְּשִׁיטָא	Jerusalem_Talmud_Sanhedrin.9.3	פשיטא	ודאי, ממילא מובן	form	krupnik-1927:def	correct		שָׂדוֹת הָיוּ אַחַת שְׂעוֹרִים וְאַחַת עֲדָשִׁים ⟨פְּשִׁיטָא⟩ לֵיהּ לְאַבֵּיד וְלִיתֵּן דָּמִים דִּילְמָא פְּשִׁיטָא
yerushalmi	63	דְתֵימַר	Jerusalem_Talmud_Pesachim.36.5	אמר	שתאמר	form:pe.impf.2ms+d	jastrow-1903:same	correct		יוֹסֵה מָאן דְּאָמַר חַיָיב נִיחָא כְּמַה ⟨דְתֵימַר⟩ לְעִנְיַין פְּטוֹר מָאן דְּאָמַר פָּטוּר מַה
yerushalmi	64	מָאן	Jerusalem_Talmud_Yoma.1.17	מאנ	מי	reviewed-form	reviewed	correct		לְרַבּוֹת מָאן דְּאָמַר פְּרָט רִבִּי יְהוּדָה ⟨מָאן⟩ דְּאָמַר לְרַבּוֹת רַבָּנִן יְאוּת אָמַר רִבִּי
yerushalmi	65	קִיטוֹנָא	Jerusalem_Talmud_Sanhedrin.59.4	קיטונא	חדר השינה	form	krupnik-1927:def	correct		עַל נַפְשֵׁיהּ דְּלָא נְפַק מִן הָדָא ⟨קִיטוֹנָא⟩ כְּלוּם עַד דְּיֵיחְמֵי לְחַכְמֵי יִשְׂרָאֵל אָמְרִין
yerushalmi	66	בַּר	Jerusalem_Talmud_Bava_Kamma.69.3	phrase	אדם	phrase	krupnik-1927	correct		יֶתֶר עַל הַהוֹצָאָה נוֹתֵן לוֹ הַהוֹצָאָה ⟨בַּר⟩ נַשׁ דִּיהַב לְחַבְרֵיהּ חֲמִשָּׁה מִינֵי עֲמַר
yerushalmi	67	דְּהָכָא	Jerusalem_Talmud_Berakhot.6.5	דהכא	של כאן	reviewed-form	reviewed	correct		הֵיךְ הֲוָה אֲבוּךְ נָהוּג עֲבֵיד כְּרַבָּנָן ⟨דְּהָכָא⟩ אוֹ כְּרַבָּנָן דְּהָתָם רִבִּי חִזְקִיָּה אָמַר
yerushalmi	68	בֵּיתָא	Jerusalem_Talmud_Shevuot.48.4	ביתא	בית	form	krupnik-1927:def	correct		נַשׁ עֲתִיר גַּו שׁוּקָא וּמִסְכֵּן גַּו ⟨בֵּיתָא⟩ עֲתִיר גַּו בֵּיתָא וּמִסְכֵּן גַּו שׁוּקָא
yerushalmi	69	אָמַר	Jerusalem_Talmud_Eruvin.53.2	אמר	אמר	form	jastrow-1903:same	correct		שְׁמוּאֵל לְמַעֲלָה מֵעֲשָׂרָה שְׁבוּת הֲוֵי דּוּ ⟨אָמַר⟩ בִּמְקוֹם פִּיתָּן מַתְנִיתָא פְלִיגָא עַל שְׁמוּאֵל
yerushalmi	70	מִינְיָין	Jerusalem_Talmud_Chagigah.17.6	מנינ	מאין, מהיכן	form	krupnik-1927:def	incorrect	Hebrew 'count' (מניין)	טוּמְאָתוֹ עַל יְדֵי מַיִם אֵינוֹ עוֹשֶׂה ⟨מִינְיָין⟩ הָתִיב רִבִּי יוֹסֵי הֶרֵי נִבְלַת עוֹף
yerushalmi	71	מָהוּ	Jerusalem_Talmud_Pesachim.27.4	מהו	מה הוא	reviewed-form	reviewed	correct		יוֹם הַכִּיפּוּרִים שֶׁחָל לִהְיוֹת בַּשַּׁבָּת ⟨מָהוּ⟩ לְהַדִּיחַ כְּבָשִׁין וּשְׁלָקוֹת מִן הַמִּנְחָה וּלְמַעֲלָן
yerushalmi	72	תַּנִּינָן	Jerusalem_Talmud_Eruvin.67.2	תניננ	שנינו	reviewed-form	reviewed	correct		לֹא תַנִּינָן מְזַכּוּן שְׁמוּאֵל אָמַר תַּמָּן ⟨תַּנִּינָן⟩ מְזַכּוּן צָרִיךְ לְזַכּוֹת בְּרַם הָכָא דְלָא
yerushalmi	73	וְלֵית	Jerusalem_Talmud_Sanhedrin.52.5	לית	ואין	form+w	krupnik-1927:def	correct		רִבִּי יִשְׁמָעֵאל פָּתַר לָהּ לְאַחַר מִיתָה ⟨וְלֵית⟩ לֵיהּ לְרִבִּי עֲקִיבָה כֵּן עֶרְוַת אָבִיךָ
yerushalmi	74	מַתְנִיתָא	Jerusalem_Talmud_Orlah.4.2	מתניתא	משנה	form	jastrow-1903:eq	correct		שֶׁלְכִּלְאֵי הַכֶּרֶם אָמַר רִבִּי יוֹסֵי בֵּירִבִּי ⟨מַתְנִיתָא⟩ עֲרוּגָה שֶׁלְכִּלְאֵי הַכֶּרֶם אָמַר רִבִּי יוֹסֵי
yerushalmi	75	אָמַר	Jerusalem_Talmud_Yevamot.70.2	אמר	אמר	form	jastrow-1903:same	correct		בֵּיצָה אַחַת אֲנִי מַכְשִּׁירוֹ רִבִּי חוּנָה ⟨אָמַר⟩ דּוּ סָבַר כְּרִבִּי יִשְׁמָעֵאל בְּנוֹ שֶׁל
yerushalmi	76	אָמַר	Jerusalem_Talmud_Eruvin.1.4	אמר	אמר	form	jastrow-1903:same	correct		הֶכְשֵׁר קוֹרָה בְתוֹךְ עֶשְׂרִים רִבִּי חִלְקִיָּה ⟨אָמַר⟩ בְּשֵׁם רִבִּי אָחָא וַאֲפִילוּ כְרַב אַתְיָא
yerushalmi	77	כְתִיב	Jerusalem_Talmud_Avodah_Zarah.40.3	כתיב	כתוב	reviewed-form	reviewed	correct		אָמַר רִבִּי זְעוּרָא אִילּוּ הֲוָה ⟨כְתִיב⟩ כְּמוֹהֶם יִהְיוּ עוֹבְדֵיהֶם קַשְׁיָא עוֹבְדֵי הַחַמָּה
yerushalmi	78	בַּר	Jerusalem_Talmud_Sheviit.52.5	בר	בן	form	reviewed:reviewed	correct		שֶׁיַּעֲשֶׂה מְקוֹמוֹ הוֹכִיחַ שָׁמַע רִבִּי יַעֲקֹב ⟨בַּר⟩ אָחָא וְאָמַר אִמָּה דָּהֵן יָלְדָת בַּר
yerushalmi	79	הָדָא	Jerusalem_Talmud_Gittin.35.5	הדא	זה, זאת	form	krupnik-1927:def	correct		רִבִּי יַעֲקֹב בַּר אָחָא מִשּׁוּם יִישׁוּב ⟨הָדָא⟩ אָמְרָה הִיא בָאָרֶץ הִיא בְחוּצָה לָאָרֶץ
yerushalmi	80	אוֹף	Jerusalem_Talmud_Orlah.3.12	אופ	גם	reviewed-form	reviewed	correct		מְעַשֵּׂר לְפִי כּוּלוֹ דְּלָא תִיסְבּוֹר מֵימַר ⟨אוֹף⟩ הָכָא כֵן
yerushalmi	81	אֲמַר	Jerusalem_Talmud_Yevamot.139.3	אמר	אמר	form	jastrow-1903:same	correct		פְּלוֹנִי אֵינוֹ בָעוֹלָם אָבַד פְּלוֹנִי אֲינָה ⟨אֲמַר⟩ רְבַךְ מִן עָלְמָא נַתְרֵי פְלוֹנִי אֲנָא
yerushalmi	82	אָמְרָה	Jerusalem_Talmud_Maaser_Sheni.19.12	אמרה	אמרה	reviewed-form	reviewed	correct		חָדָא אִיתָא דַּאַתְיָא לְגַבֵּי רִבִּי לִיעֶזֶר ⟨אָמְרָה⟩ לֵיהּ חֲמִית בְּחֶילְמַאי תִּינְיָיתָא דְבַיְתָא מִיתְבְּרָא
yerushalmi	83	בַּר	Jerusalem_Talmud_Shevuot.48.4	phrase	אדם	phrase	krupnik-1927	correct		מִילִּין מַפְלִגִן יָיבֹא כִדְאָמַר רִבִּי יוֹחָנָן ⟨בַּר⟩ נַשׁ עֲתִיר גַּו שׁוּקָא וּמִסְכֵּן גַּו
yerushalmi	84	נַשׁ	Jerusalem_Talmud_Bava_Kamma.10.3	phrase	אדם	phrase	krupnik-1927	correct		וְהֵילַךְ יְהֵא חַיָיב בְּתַשְׁלוּמִין חַד בַּר ⟨נַשׁ⟩ אַפִּיק פֻּלַטֵירָה בְּפוֹרָה עָבַר חַמְרָא וְתַבְרֵיהּ
yerushalmi	85	תַּנָּיֵי	Jerusalem_Talmud_Taanit.10.14	תניי	תנאים	reviewed-form	reviewed	correct		תַנֵּי שֶׁבַע מֵעֵין שְׁמוֹנֶה עֶשְׂרֶה אִית ⟨תַּנָּיֵי⟩ תַנֵּי שְׁמוֹנֶה עֶשְׂרֶה מֵעֵין שְׁמוֹנֶה עֶשְׂרֶה
yerushalmi	86	טָעֲמָא	Jerusalem_Talmud_Moed_Katan.2.2	טעמא	טעם	reviewed-form	reviewed	correct		רִבִּי לָעְזָר בֶּן עֲזַרְיָה אוֹסֵר מַה ⟨טָעֲמָא⟩ דְרִבִּי לָעְזָר בֶּן עֲזַרְיָה שֶׁמָּא לֹא
yerushalmi	87	וְהָכָא	Jerusalem_Talmud_Kiddushin.2.2	הכא	וכאן	form+w	krupnik-1927:def	correct		לֵיהּ לְרִבִּי יִשְׁמָעֵאל לֶמֶד מִן הַלֶּמֶד ⟨וְהָכָא⟩ אִית לֵיהּ רִבִּי יִשְׁמָעֵאל תַּנֵּי לָהּ
yerushalmi	88	דִּכְתִיב	Jerusalem_Talmud_Ketubot.108.12	דכתיב	שכתוב	reviewed-form	reviewed	correct		עָשְׂתה אֶרֶץ יִשְׂרָאֵל נִשְׂרְפָה הָדָא הִיא ⟨דִּכְתִיב⟩ וְהִגְבִּיר בְּרִית לָרַבִּים שָׁבוּעַ אֶחָד שתים
yerushalmi	89	חַד	Jerusalem_Talmud_Moed_Katan.20.26	חד	אחד	form	jastrow-1903:eq	correct		שְׁנֵי יָמִים טוֹבִים שֶׁלְרֹאשׁ הַשָּׁנָה שְׁלֹשָׁה ⟨חַד⟩ תַּלְמִיד מִן דְּרִבִּי מָנָא הוֹרִי לְחַד
yerushalmi	90	אָמַר	Jerusalem_Talmud_Peah.24.5	אמר	אמר	form	jastrow-1903:same	correct		חַד אָמַר הָרָאוּי לִיטּוֹל זָכָה וְחָרָנָה ⟨אָמַר⟩ הָרָאוּי לִיתֵּן זָכָה מָן דָּמַר הָרָאוּי
yerushalmi	91	בַּר	Jerusalem_Talmud_Bava_Metzia.19.5	phrase	אדם	phrase	krupnik-1927	correct		שְׁמוּאֵל כְּרִבִּי יוֹסֵי אָמַר חַד ⟨בַּר⟩ נַשׁ אַסְבַּר לִשְׁמוּאֵל בִּשְׁנֵי מַפְתֵּיחוֹת אֶחָד
yerushalmi	92	דְּרוֹמִיָא	Jerusalem_Talmud_Nazir.49.11	דרומיא	דרומי	form	jastrow-1903:same	correct		רִבִּי יַעֲקֹב ⟨דְּרוֹמִיָא⟩ בְּעָא קוֹמֵי רִבִּי יוֹסֵי וְיַעֲשׂוּ לוֹ
yerushalmi	93	תִּרְעָא	Jerusalem_Talmud_Chagigah.10.6	תרעא	שער	form	krupnik-1927:def	correct		עֲבֲד כְּלוּם אֲזַל וְקָם לֵיהּ עַל ⟨תִּרְעָא⟩ דִּמְעָרְתָא אֲמַר לֵיהּ אויים אויים פִּתְחוּן
yerushalmi	94	אָמְרָה	Jerusalem_Talmud_Sotah.31.5	אמרה	אמרה	reviewed-form	reviewed	correct		רִבִּי יְהוֹשֻׁעַ אֶת רִבִּי עֲקִיבָה הָדָא ⟨אָמְרָה⟩ הֲלָכָה כְיוֹצֵא בוֹ רַבָּנִן דְּקַיְסָרִין אָמְרִין
yerushalmi	95	אֲנָא	Jerusalem_Talmud_Yevamot.41.4	pron:אנא	אני	form	grammar:pronominal	correct		הִיא הַכָּרַת הָעוּבָּר הִיא לֵידָתוֹ וְלֵית ⟨אֲנָא⟩ יְדַע מִן מַה שְׁמָעִת אָמַר רִבִּי
yerushalmi	96	מַתְנִיתִין	Jerusalem_Talmud_Terumot.38.8	מתניתינ	משנתנו	reviewed-form	reviewed	correct		פִּי שֶׁהִבְאִישׁוּ מֵימָיו מֵימָיו מוּתָּרִין הָדָא ⟨מַתְנִיתִין⟩ מַה הִיא רִבִּי יוֹחָנָן אָמַר בְמַחְלוֹקֶת
yerushalmi	97	אֲתוֹן	Jerusalem_Talmud_Avodah_Zarah.12.9	pron:אתונ	אתם	form	grammar:pronominal	correct		רְחַם אִיתָה בְּיוֹמוֹי דְרִבִּי לָעְזָר וְסִכֵּן ⟨אֲתוֹן⟩ שְׁאֲלוּן לְרִבִּי לָעְזָר מָהוּ דְתֵיעֲבוֹר קוֹמוֹי
yerushalmi	98	וְהָכָא	Jerusalem_Talmud_Sheviit.43.2	הכא	וכאן	form+w	krupnik-1927:def	correct		אָמַר אֵין לוֹקְחִין הִימֶּינּוּ מַיִם וּמֶלַח ⟨וְהָכָא⟩ הוּא אָמַר הָכֵן
yerushalmi	99	אָמַר	Jerusalem_Talmud_Yoma.12.2	אמר	אמר	form	jastrow-1903:same	correct		אוֹמֵר יָמִים שְׁנַיִם פָּתַחְתָּ רִבִּי מָנָא ⟨אָמַר⟩ מִשּׁוּם רִבִּי יְהוּדָה יָמִים שְׁנַיִם יָכוֹל
yerushalmi	100	אָמַר	Jerusalem_Talmud_Eruvin.86.5	אמר	אמר	form	jastrow-1903:same	correct		⟨אָמַר⟩ רִבִּי חִיָיה וְכֵן בְּגַת לְעִנְיָין מַעֲשֵׂר
yerushalmi	101	קָמִית	Jerusalem_Talmud_Kilayim.53.4	קומ	עמד, היה קיים · מי חלב	form:pe.perf.1s	krupnik-1927:def	correct		קָמִית בֵּינֵי צַדִּיקַיָא לָא נִבְהָת וְאִין ⟨קָמִית⟩ בֵּינֵי רְשִׁיעַיָּא לָא נִבְהָת רִבִּי יֹאשַׁיָּה
yerushalmi	102	אָמְרָה	Jerusalem_Talmud_Moed_Katan.7.2	אמרה	אמרה	reviewed-form	reviewed	correct		יוֹחָנָן מִפְּנֵי בִיטּוּל פִּרְיָיה וְרִבְיָיה הָדָא ⟨אָמְרָה⟩ שֶׁהָעֶבֶד מְצוּוֶה עַל פִּרְיָיה וְרִבְיָיה וְכָל
yerushalmi	103	הֲוָה	Jerusalem_Talmud_Maaser_Sheni.19.4	הוה	היה	form	reviewed:reviewed	correct		רִבִּי יוֹנָה דִּידִי אָמַר לֵיהּ אֶשְׁתְּקַד ⟨הֲוָה⟩ דִידָךְ אֵישְׁתְּדָא דִידִי מָצָא בִמְגוּפָתוֹ הֲרֵי
yerushalmi	104	עוֹבְדָא	Jerusalem_Talmud_Bava_Batra.56.2	עובדא	מעשה, מאורע	form	krupnik-1927:def	correct		כול׳ רִבִּי שִׁמְעוֹן בֶּן יָקִים אָעִיל ⟨עוֹבְדָא⟩ קוֹמֵי רִבִּי יוֹחָנָן מֵהַיּוֹם לְאַחַר מִיתָתוֹ
yerushalmi	105	לוֹן	Jerusalem_Talmud_Pesachim.39.2	לונ	להם	reviewed-form	reviewed	correct		נִסָּא הֲוָה רַב בְּגִין כֵּן אֲמַר ⟨לוֹן⟩ עַנּוּן בַּתְרַיי מַה דַנָּא אֲמַר
yerushalmi	106	בַּר	Jerusalem_Talmud_Gittin.39.6	בר	בן	form	reviewed:reviewed	correct		יִשְׂרָאֵל אַתְּ אָמַר לֵיהּ רִבִּי חִינְנָא ⟨בַּר⟩ פַּפָּא לֹא כֵן אִלְפָן רִבִּי וְלֹא
yerushalmi	107	מְסַיֵיעַ	Jerusalem_Talmud_Shekalim.22.5	מסייע	מסייע	reviewed-form	reviewed	correct		לֵיהּ רַבָּנִן הַגִּישָׁה אֵלַי הַצִּיץ קִרְיָיא ⟨מְסַיֵיעַ⟩ לְרִבִּי יוּדָה בֶּן לָקִישׁ הָאָרוֹן וְיִשְׂרָאֵל
yerushalmi	108	אָהֵן	Jerusalem_Talmud_Bava_Batra.67.5	אהנ	ההוא	form	krupnik-1927:def	correct		עֵדָיו לְאָרְכּוֹ פָּשׁוּט שֶׁכָּתְבוּ עֵדָיו לְרָחְבּוֹ ⟨אָהֵן⟩ מִלְּגֵיו וְאָהֵן מִלְּבַּר אֵיכִי עֲבִיד אָמַר
yerushalmi	109	אָמַר	Jerusalem_Talmud_Bava_Kamma.25.7	אמר	אמר	form	jastrow-1903:same	correct		אָמַר לֵיהּ בְּפֵירוּשׁ פְּלִיגֵי רִבִּי לָעְזָר ⟨אָמַר⟩ סְתַמָּן חוֹלְקִין בְּשָׁוֶה רִבִּי זְעִירָא אָמַר
yerushalmi	110	יִתְנוֹן	Jerusalem_Talmud_Gittin.44.5	יהב	יהב	form:pe.impf.3mp	jastrow-1903:targum-h	incorrect	gloss is the Aramaic lemma itself ('they will give')	הַיּוֹרְשִין וְלָא יִתְנוֹן לֵיהּ מִשּׁוּם חוֹב ⟨יִתְנוֹן⟩ לֵיהּ מִשּׁוּם מַתָּנָה חָשִׁין לְהָא דְרִבִּי
yerushalmi	111	אָמַר	Jerusalem_Talmud_Sheviit.33.10	אמר	אמר	form	jastrow-1903:same	correct		יָדָיו שֶׁהָיָה מִסְתַּמֵּךְ עַל בֶּן הַקַּפָּר ⟨אָמַר⟩ לוֹ בְּנִי לָמָּה לֹא אָמַרְתָּ לִי
yerushalmi	112	לְהַהוּא	Jerusalem_Talmud_Sotah.44.4	לההוא	לאותו	reviewed-form	reviewed	correct		דָמִי הַהוּא דִטְעַן מִן אַרְעָא לְכָתְפֵיהּ ⟨לְהַהוּא⟩ דִטְעַן מֵאַרְעָא לְאַרְכּוּבְתֵיהּ וּמִן אַרְכּוּבְתֵיהּ לְכָתְפֵיהּ
yerushalmi	113	כְּתִיב	Jerusalem_Talmud_Yevamot.98.2	כתיב	כתוב	reviewed-form	reviewed	correct		הלכה מִצְוַת חֲלִיצָה בִשְׁלֹשָׁה דַיָינִים כול׳ ⟨כְּתִיב⟩ זְקֵינִים וְאַתְּ אָמַר הֶדְיוֹטוֹת מִצְוָה בִזְקֵינִים
yerushalmi	114	הָכֵין	Jerusalem_Talmud_Sanhedrin.88.2	הכינ	כך	reviewed-form	reviewed	correct		הַשְּׁבִיעִי שָׁנָת אַחֶרֶת הָיְתָה וַתָּ מַר ⟨הָכֵין⟩ אֶלָּא מְלַמֵּד שֶׁמֵּת בְּעֶרֶב רֹאשׁ הַשָּׁנָה
yerushalmi	115	אִינּוּן	Jerusalem_Talmud_Challah.9.9	pron:אינונ	הם	form	grammar:pronominal	correct		פָּחוֹת מִכְּבֵיצָה אֲפִילוּ כְבֵיצָה וְלֹא פֵּירוּרִין ⟨אִינּוּן⟩ שֶׁלֹּא לְטַמְּאוֹת זֵיתִים הַרְבֶּה אָמְרוּ לוֹ
yerushalmi	116	וּבְעָא	Jerusalem_Talmud_Ketubot.42.2	ובעא	ושאל	reviewed-form	reviewed	correct		כְּלוּם אָתָא עוֹבְדָא קוֹמֵי רִבִּי מָנָא ⟨וּבְעָא⟩ מֵיעֲבַד כְּהָדָא דְרַב חִסְדָּא אָמַר לֵיהּ
yerushalmi	117	אָמַר	Jerusalem_Talmud_Berakhot.28.13	אמר	אמר	form	jastrow-1903:same	correct		רַב חִסְדָּא ⟨אָמַר⟩ זֶה שֶׁנִּכְנַס לְבֵית הַכְּנֶסֶת צָרִיךְ לְהִכָּנֵס
yerushalmi	118	בַּר	Jerusalem_Talmud_Bava_Batra.41.7	בר	בן	form	reviewed:reviewed	correct		וַודַּאי מִיכָּן וָהֵילָךְ סָפֵק רִבִּי חִיָיה ⟨בַּר⟩ וָוה שָׁאַל בָּא בְסוֹף שָׁבוּעַ אַרְבָּעִים
yerushalmi	119	אָמַר	Jerusalem_Talmud_Challah.1.15	אמר	אמר	form	jastrow-1903:same	correct		אֶת זֶה וְרִבִּי שִׁמְעוֹן בֶּן לָקִישׁ ⟨אָמַר⟩ בִּיטְּלוּ זֶה אֶת זֶה אָמַר רִבִּי
yerushalmi	120	הָדָא	Jerusalem_Talmud_Yoma.49.2	הדא	זה, זאת	form	krupnik-1927:def	correct		שֶׁמַּאֲכִילִין אוֹתוֹ דְּבֵילָה וְצִימּוּקִין שֶׁלְתְּרוּמָה מִן ⟨הָדָא⟩ וַיִּתְּנוּ לוֹ פֶלַח דְּבֵילָה וּשְׁנֵי צִימּוּקִים
yerushalmi	121	וְרַבָּנִן	Jerusalem_Talmud_Sotah.8.10	ורבננ	וחכמים	reviewed-form	reviewed	correct		לְמִי אָרֶץ כָּתַב מִן אַבְנֵר לְדָוִד ⟨וְרַבָּנִן⟩ אָמְרִין עַל יְדֵי שֶׁלֹּא הִנִיחַ לְשָׁאוּל
yerushalmi	122	קַיָימִין	Jerusalem_Talmud_Maasrot.8.3	קיימינ	עומדים	reviewed-form	reviewed	correct		דִּבְרֵי הַכֹּל מוּתָּר אֶלָּא כִּי נָן ⟨קַיָימִין⟩ בִּתְמָרִים וְהוּא עָתִיד לְדוֹרְסָן בִּגְרוֹגְרוֹת וְהוּא
yerushalmi	123	אָמַר	Jerusalem_Talmud_Maaser_Sheni.16.4	אמר	אמר	form	jastrow-1903:same	correct		יוֹסֵי תִּיפְתָּר כְּמָאן דְּאָמַר הַקָָּטָן תּוֹרֵם ⟨אָמַר⟩ לֵיהּ וַאֲפִילוּ כְמָאן דְּאָמַר הַקָּטָן תּוֹרֵם
yerushalmi	124	הָכָא	Jerusalem_Talmud_Ketubot.100.3	הכא	כאן	form	krupnik-1927:def	correct		לָהּ כְּתוּבָּה יֵשׁ לָהּ מְזוֹנוֹת בְּרַם ⟨הָכָא⟩ לֹא דַיֶיךָ שֶׁמָּחְלָה לִיתוֹמִין כְּתוּבָּתָהּ אֶלָּא
yerushalmi	125	אמַר	Jerusalem_Talmud_Megillah.14.3	אמר	אמר	form	jastrow-1903:same	correct		⟨אמַר⟩ רִבִּי חַגַּי סֵירוּגִים וַחֲלוֹגְלוּגוֹת וּמִי גָדוֹל
yerushalmi	126	דְּאָמַר	Jerusalem_Talmud_Yevamot.41.5	אמר	שאמר	form+d	jastrow-1903:same	correct		מִילְתֵיהּ דְּרִבִּי יְהוֹשֻׁעַ בֶּן לֵוִי פְלִיגָא ⟨דְּאָמַר⟩ רִבִּי יְהוֹשֻׁעַ בֶּן לֵוִי בָּקוֹרֶת מִשֶּׁלַּמַּלְכוּת
yerushalmi	127	אָמַר	Jerusalem_Talmud_Berakhot.1.16	אמר	אמר	form	jastrow-1903:same	correct		חֲנִינָא חֲבֵרֵהוֹן דְּרַבָּנָן בָּעֵי כְּמָה דְאַתְּ ⟨אָמַר⟩ בְּעַרְבִית נִרְאוּ שְׁלֹשָׁה כוֹכָבִים אַף עַל
yerushalmi	128	תַּנֵּי	Jerusalem_Talmud_Orlah.15.8	תני	שנה	form	reviewed:reviewed	correct		לְכַפֵּר בַּקּוֹדֵשׁ לֹא תֵאָכֵל בָּאֵשׁ יִשָּׂרֵף ⟨תַּנֵּי⟩ חִזְקִיָּה מְסַיֵיעַ לְרִבִּי יוֹחָנָן מְמַשְׁמַע שֶׁנֶּאֱמַר
yerushalmi	129	תַּנָּיֵי	Jerusalem_Talmud_Shabbat.33.5	תניי	תנאים	reviewed-form	reviewed	correct		בַּר רַב הוּנָא אָמַר שַׁרְתּוּעָה אִית ⟨תַּנָּיֵי⟩ תַנֵּי גִּימוֹן אִית תַּנָּיֵי תַנֵּי גִּימוֹל
yerushalmi	130	דִכְתִיב	Jerusalem_Talmud_Kiddushin.8.3	דכתיב	שכתוב	reviewed-form	reviewed	correct		אָמַר מִדְּבַר תּוֹרָה נִתְחַיְיבוּ הָדָא הִיא ⟨דִכְתִיב⟩ וְהֶבִיאֲךָ יי אֱלֹהֶיךָ אֶל הָאָרֶץ אֲשֶׁר
yerushalmi	131	סַבָּא	Jerusalem_Talmud_Sheviit.47.13	סבא	שתה לשכרה	form	krupnik-1927:def	incorrect	'old man', not 'drank'	כּוּתִי אֲמַר לֵינָה אֲזַל מַפְלֵי בְהוֹן ⟨סַבָּא⟩ דְיוּדָאֵי נְסַב חַד מִית אֲזַל וְאַטְמְרֵיהּ
yerushalmi	132	בַּר	Jerusalem_Talmud_Ketubot.1.5	בר	בן	form	reviewed:reviewed	correct		אַף הוּא אִית לֵהּ כְּהָדָא דְתַנֵּי ⟨בַּר⟩ קַפָּרָא בַּר קַפָּרָא אָמַר מִפְּנֵי שֶׁכָּתוּב
yerushalmi	133	מִיכָּן	Jerusalem_Talmud_Beitzah.1.11	מיכנ	מכאן	form	krupnik-1927:def	correct		שִׁבְעָה קְדוּשַּׁת שִׁבְעָה סוּכָּה חָל עֲלֵיהֶן ⟨מִיכָּן⟩ וָהֵילַךְ קְדוּשַּׁת יוֹם טוֹב עֲלֵיהֶן מֶה
yerushalmi	134	אָמְרִין	Jerusalem_Talmud_Eruvin.1.23	אמר	אומרים	form:pe.ptcp.mp	jastrow-1903:same	correct		וְרַבָּנִין דְּתַמָּן כְדַעְתּוֹן רַבָּנִין דְּתַמָּן דְּאִינּוּן ⟨אָמְרִין⟩ צוּרַת הַפֶּתַח שֶׁאָמְרוּ קָנֶה מִיכָּן וְקָנֶה
yerushalmi	135	אֲזַל	Jerusalem_Talmud_Sanhedrin.1.18	אזל	הלך	form	krupnik-1927:def	correct		חַד בַּר נַשׁ ⟨אֲזַל⟩ מֵידוֹן קוֹמֵי רַב הוּנָא אֲמַר לֵיהּ
yerushalmi	136	שֵׁינִי	Jerusalem_Talmud_Rosh_Hashanah.1.2	שיני	שונה	reviewed-form	reviewed	incorrect	Hebrew 'second' (שני)	שֶׁבַּחֳדָשִׁים אֵין מוֹנִין אֶלָּא מִנִּיסָן אַף ⟨שֵׁינִי⟩ שֶׁבִּשְׁנַת אַרְבַּע לְמַלְכוּתוֹ אֵין מוֹנִין אֶלָּא
yerushalmi	137	מִבֵּינֵיהוֹן	Jerusalem_Talmud_Beitzah.42.3	pron:ביניהונ	מביניהם	form+m	grammar:pronominal	correct		מִפְּנֵי שֶׁאֵין בָּהֶן מַמָּשׁ מַה נְפַק ⟨מִבֵּינֵיהוֹן⟩ חַמִּים מָאן דְּאָמַר מִפְּנֵי שֶׁאֵין בָּהֶן
yerushalmi	138	טַעֲמֵיהּ	Jerusalem_Talmud_Pesachim.62.7	טעמא	סבה שלו · טעם שלו	form:n.pl+3ms	krupnik-1927:def	correct		לְבֵית אָבוֹת כָּל שֶׁכֵּן לַבַּיִת מַה ⟨טַעֲמֵיהּ⟩ דְּרִבִּי לָעְזָר בֵּירִבִּי שִׁמְעוֹן אִישׁ לֹא
yerushalmi	139	אִית	Jerusalem_Talmud_Taanit.9.8	אית	יש	reviewed-form	reviewed	correct		נִשָּׂא לְבָבֵינוּ אֶל כַּפָּיִים וְאֶיפְשַׁר כֵּן ⟨אִית⟩ בַּר נַשׁ דִּנְסַב לִיבֵּיהּ וְיָהִיב גַּו
yerushalmi	140	יַמָּא	Jerusalem_Talmud_Kilayim.53.16	ימא	ים	form	jastrow-1903:same	correct		יַמָּא דְטִיבֵּרִיָא יַמָּא דְסַמְכוֹ יַמָּא דְמִילְחָא ⟨יַמָּא⟩ דְחוֹלָתָא יַמָּא דְשַׁלְיָית יַמָּא דְאַפַּמֵּיָא וְהָא
yerushalmi	141	לֵיהּ	Jerusalem_Talmud_Bava_Batra.60.3	pron:ליה	לו	form	grammar:pronominal	correct		וְעָשָׂה לוֹ הֵסֵב בַּטְּרִיקְלִין מָהוּ אֲמַר ⟨לֵיהּ⟩ לֵית חֲמֵי לֵיהּ מַפְקָה
yerushalmi	142	חֲבֵרָיָא	Jerusalem_Talmud_Demai.29.8	חבר	אחבירה	form:n.pl	jastrow-1903:targum-h	incorrect	garbled; 'the colleagues'	וְכֹא אַתְּ אָמַר מְעַשֵּׂר וְנוֹתֵן לוֹ ⟨חֲבֵרָיָא⟩ בְשֵׁם רִבִּי יוֹחָנָן קָנְסוּ חֲכָמִים בְּחוֹכֵר
yerushalmi	143	אָמַר	Jerusalem_Talmud_Pesachim.45.1	אמר	אמר	form	jastrow-1903:same	correct		מִשּׁוּם מְלָאכָה לֹא תִדְחֶה אֶת הַשַּׁבָּת ⟨אָמַר⟩ לוֹ רִבִּי אֱלִיעֶזֶר עֲקִיבָה עָקַרְתָּ מַה
yerushalmi	144	הֲוֵינָא	Jerusalem_Talmud_Sheviit.22.10	הוינא	תבונה	form	krupnik-1927:def	incorrect	'I was'	כָּל חוֹטֵר וְחוֹטֵר דַּהֲוָה נְחִית עָלַי ⟨הֲוֵינָא⟩ שָׁרֵי לְכוֹן עַל קַדְמִיָּיא בְּאִילֵּין תַּרְתֵּין
yerushalmi	145	מַתְנִיתָא	Jerusalem_Talmud_Yevamot.32.3	מתניתא	משנה	form	jastrow-1903:eq	correct		הוּא הָכָא שֶׁיָּכוֹל לַעֲמוֹד עַל וַודָּאוֹ ⟨מַתְנִיתָא⟩ פְלִיגָא עַל רַב כְּרִבִּי לָעְזָר אוֹמֵר
yerushalmi	146	שֵׁינִי	Jerusalem_Talmud_Pesachim.53.6	שיני	שונה	reviewed-form	reviewed	incorrect	Hebrew 'second' (שני)	יֵצְאוּ לְבֵית הַשְּׂרֵיפָה וּפְטוּרִין מִלַּעֲשׂוֹת פֶּסַח ⟨שֵׁינִי⟩ סָבְרִין מֵימַר דְּרִבִּי נָתָן הִיא תִּיפְתָּר
yerushalmi	147	וְהָכָא	Jerusalem_Talmud_Orlah.4.3	הכא	וכאן	form+w	krupnik-1927:def	correct		אָמַר הָכֵין תָּמָּן בְּשֵׁם רִבִּי הוֹשַׁעְיָה ⟨וְהָכָא⟩ בְּשֵׁם חִזְקִיָּה וְאָמְרִין תַּמָּן בְּשֵׁם רִבִּי
yerushalmi	148	מֵימַר	Jerusalem_Talmud_Maasrot.4.11	מימר	לומר	reviewed-form	reviewed	correct		וְהָתַנֵּי אַף בִּכְלֵי נְחוֹשֶׁת כֵּן אִית ⟨מֵימַר⟩ כְּלִי נְחוֹשֶׁת בּוֹלֵעַ
yerushalmi	149	אָמַר	Jerusalem_Talmud_Berakhot.6.7	אמר	אמר	form	jastrow-1903:same	correct		יְרוּשָׁלַיִם מַלְכוּת בֵּית דָּוִד מַחֲזִירִין אוֹתוֹ ⟨אָמַר⟩ רִבִּי אִילָא אִם אָמַר מְנַחֵם יְרוּשָׁלַיִם
zohar	0	ואתדבקו	Zohar.1084.5	דבק	והִתְדַּבֵּק התחבר והתאחד	form:itpe.perf.3mp+w	krupnik-1927:def	correct		עלייהו ההוא רוחא מסאבא אשרי עלייהו ⟨ואתדבקו⟩ ביה כדין ההוא חטאה דחטי בר
zohar	1	אמר	Zohar.706.6	אמר	אמר	form	jastrow-1903:same	correct		ועל דא ⟨אמר⟩ קרא יהודה אתה להאי אתה יודוך
zohar	2	וכלא	Zohar.79.2	וכלא	והכל	reviewed-form	reviewed	correct		אלין על אלין הכי נמי לתתא ⟨וכלא⟩ אחיד דא בדא למהוי כלא חד
zohar	3	אתערו	Zohar.1217.8	אתערותא	התעוררות	form:n.sg	krupnik-1927:def	incorrect	verb 'they discussed/aroused', not the noun	ה"א ה"א כלא חד הוא והא ⟨אתערו⟩ ביה חברייא
zohar	4	גלגלא	Zohar.184.2	גלגלא	אופן	form	krupnik-1927:def	correct		דשדרני הכא בפלגות ליליא נהים ההוא ⟨גלגלא⟩ דקיטפא קמו רבי אבא ורבי יעקב
zohar	5	דא	Zohar.651.12	דא	זו	form	jastrow-1903:eq	correct		כהאי גוונא ולזמנין כהאי גוונא כגוונא ⟨דא⟩ לתתא בהאי אדם כמה דאמרן לזמנין
zohar	6	ואלין	Zohar.993.1	ואלינ	ואלה	reviewed-form	reviewed	correct		עם צדיקייא אפילו כחד נימא דשערא ⟨ואלין⟩ אינון דקיימי לאענשא בהאי עלמא ובעלמא
zohar	7	דבעי	Zohar.143.6	בעי	שבקש	form+d	jastrow-1903:targum-h	correct		בקדמיתא ולבתר עייל בגין דכל מאן ⟨דבעי⟩ לאתחזאה קמי מריה לא אעיל אלא
zohar	8	אוף	Zohar.400.5	אופ	גם	reviewed-form	reviewed	correct		דא הוא רישא דקרא דאיהו שלם ⟨אוף⟩ הכא שלם ומאי איהו דא צדקה
zohar	9	אוקימנא	Zohar.445.3	קימ	הקים, העמיד · קבע, הניח	form:af.perf.1pl	krupnik-1927:def	correct		ורזא דמלה הא ⟨אוקימנא⟩ ואתמר דא באתגליא ודא באתכסיא ותא
zohar	10	בריך	Zohar.591.3	בריכ	ברוך	reviewed-form	reviewed	correct		דירדפון מצראי בתריהון לאתייקרא שמא דקודשא ⟨בריך⟩ הוא ברתיכוי ופרשוי בגין למיזל יממא
zohar	11	דלא	Zohar.1556.4	דלא	שלא	reviewed-form	reviewed	correct		נביאה מהימנא דזכה לדרגין עלאין מה ⟨דלא⟩ זכה בר נש אחרא לעלמין על
zohar	12	חד	Zohar.736.1	חד	אחד	form	jastrow-1903:eq	correct		בעמודא דאמצעיתא ושכינתיה כאילו ביה הוו ⟨חד⟩ ומאן דאית ביה תורה בלא מצוה
zohar	13	בגין	Zohar.1403.6	בגינ	בגלל · לפי, משום	form	krupnik-1927:def	correct		דמדברא הוה ושכיח תמן תוקפא דיליה ⟨בגין⟩ דהוה מלך הבשן דכל מלכי עלמא
zohar	14	איהו	Zohar.1595.9	איהו	הוא	form	krupnik-1927:def	correct		כה ט פקודא דא לחלוץ והאי ⟨איהו⟩ חליצת רוחא מההוא גופא דבעי לאנהגא
zohar	15	יתיב	Zohar.675.2	יתב	ישב	form	krupnik-1927:def	correct		דמהימנותא עלאה אתקינו סעודתא דמלכא והוה ⟨יתיב⟩ וחדי כד אשלים סעודתא תליתאה הוו
zohar	16	חזי	Zohar.1213.7	phrase	בוא וראה	phrase	reviewed	correct		דקדישא ישתמש על ידא דקדישא תא ⟨חזי⟩ קב"ה
zohar	17	איהי	Zohar.1594.13	איהי	היא	form	krupnik-1927:def	correct		במראה אלא ודאי האי מראה כלילא ⟨איהי⟩ מעשר ספירן וכל את אחזי ספירה
zohar	18	הוה	Zohar.1453.7	הוה	היה	form	reviewed:reviewed	correct		ויקח בלק את בלעם וגו' הוא ⟨הוה⟩ אתקין ליה ואחיד ליה לכלא
zohar	19	אתעבידו	Zohar.683.11	עבד	נעשו	form:itpe.perf.3mp	reviewed:reviewed	correct		די בגווייהו בין מרגלא למרגלא כדין ⟨אתעבידו⟩ רזא דשמא קדישא דמ"ב אתוון בכלא
zohar	20	אשתלים	Zohar.1267.5	שלמ	כלה ונגמר · נפרע הכסף	form:itpa.perf.3ms	krupnik-1927:def	correct		ועם כל דא לא ⟨אשתלים⟩ עד דקבילו ישראל אורייתא בטורא דסיני
zohar	21	נמי	Zohar.418.3	phrase	גם כן	phrase	krupnik-1927	correct		צואר איהו שפירו דכל גופא הכי ⟨נמי⟩ בי מקדשא איהו שפירו דכל עלמא
zohar	22	בקיומא	Zohar.1288.7	בקיומא	בקיום	reviewed-form	reviewed	correct		ר' שמעון לחברייא עד אימת ניתיב ⟨בקיומא⟩ דחד סמכא כתיב עת לעשות ליהו"ה
zohar	23	כתיב	Zohar.1177.15	כתיב	כתוב	reviewed-form	reviewed	correct		מה ⟨כתיב⟩ הוציאוה כמה דכתיב השליך משמים ארץ
zohar	24	דא	Zohar.803.2	דא	זו	form	jastrow-1903:eq	correct		אמר ליה בשעתא דכרובים מהדרן אנפייהו ⟨דא⟩ עם דא ומסתכלן אנפין באנפין כיון
zohar	25	אינון	Zohar.1383.17	pron:אינונ	הם	form	grammar:pronominal	correct		זכאין ⟨אינון⟩ צדיקייא דמלבושיהון תקוניהון אשתמודען לעילא לאוטבא
zohar	26	דכל	Zohar.1138.2	דכל	של כל	reviewed-form	reviewed	correct		על פתגמי אורייתא ולא יתנשי מנה ⟨דכל⟩ מאן דלא לעי באורייתא ולא ישתדל
zohar	27	בכלהו	Zohar.561.3	pron:כלהו	בכולם	form+b	grammar:pronominal	correct		יהו"ה הויה במקנך אשר בשדה אמאי ⟨בכלהו⟩ לא כתיב יד יהו"ה אלא הכא
zohar	28	דא	Zohar.190.4	דא	זו	form	jastrow-1903:eq	correct		ובגין כך בן חורין כתיב ועל ⟨דא⟩ אשריך ארץ שמלכך בן חורין ושריך
zohar	29	וכלא	Zohar.264.2	וכלא	והכל	reviewed-form	reviewed	correct		ותפלה של ראש לגבי יום ולילה ⟨וכלא⟩ חד אוף הכא תפלה מיושב לגבי
zohar	30	אמר	Zohar.754.3	אמר	אמר	form	jastrow-1903:same	correct		בצלא דקודשא בריך הוא כמה דאת ⟨אמר⟩ בצלו חמדתי וישבתי שיר ב ג
zohar	31	עלמא	Zohar.524.4	עלמא	עולם	form	krupnik-1927:def	correct		אמר ליה רוחא לא נחתא להאי ⟨עלמא⟩ עד דסלקא מגנתא דארעא לגו כורסייא
zohar	32	ליה	Zohar.1475.1	pron:ליה	לו	form	grammar:pronominal	correct		אמר ⟨ליה⟩ סבא סבא תלת בעיין בעינא למתבע
zohar	33	למעבד	Zohar.28.1	למעבד	לעשות	reviewed-form	reviewed	correct		דא סטרא אחרא דכמה דאיהי חשיבת ⟨למעבד⟩ עביד סטרא דקדושה אזלא ומשטטא בכמה
zohar	34	דכתיב	Zohar.1158.8	דכתיב	שכתוב	reviewed-form	reviewed	correct		עלייהו דאינון חולקיה ועדביה הדא הוא ⟨דכתיב⟩ כי חלק יהו"ה עמו וגו' דברים
zohar	35	דא	Zohar.1319.18	דא	זו	form	jastrow-1903:eq	correct		דורידין לדא ולדא להכא ולהכא מאתר ⟨דא⟩ לאתר אחרא ואינון משקין דגופא אשקיין
zohar	36	אלין	Zohar.1302.8	אלינ	אלה	reviewed-form	reviewed	correct		ותאנא ⟨אלין⟩ ימי קדם כלהו מתתקנן בתקונא דדיקנא
zohar	37	ולבתר	Zohar.1219.9	ולבתר	ואחר כך	reviewed-form	reviewed	correct		כבוד יהו"ה ממקומו דא כבוד עלאה ⟨ולבתר⟩ ימלוך יהו"ה לעולם וכו' דא כבוד
zohar	38	אי	Zohar.1132.8	אי	אם	form	krupnik-1927:def-en	correct		אמר ליה ⟨אי⟩ הכי אמאי והובא והועלה מבעי ליה
zohar	39	ליה	Zohar.1567.7	pron:ליה	לו	form	grammar:pronominal	correct		מסטרא אחרא או בין דאיהו רווח ⟨ליה⟩ ועל דא כתיב בכל מאדך
zohar	40	ביה	Zohar.1590.1	pron:ביה	בו	form	grammar:pronominal	correct		אברין דגופא מליין חובין ולא אשכחת ⟨ביה⟩ אבר לשרייא ביה תורה דאיהו בדיוקנא
zohar	41	דסיהרא	Zohar.1597.9	סיהרא	של סהר, ירֵח, לבנה	form+d	krupnik-1927:def	correct		סיהרא אפילה מעוט ⟨דסיהרא⟩ שפחה דילה גהינם חמה בישא שפחה
zohar	42	אתעבר	Zohar.861.8	עבר	נעבר	form:itpa.perf.3ms	jastrow-1903:same	correct		הימים דאלמלא סטרא אחרא אתזנת בחולקא ⟨אתעבר⟩ מעל מקדשא ואסתלק מניה וסטרא דקדושה
zohar	43	ותרין	Zohar.561.3	תרינ	ושנים	form+w	krupnik-1927:def	correct		אלא דא בניחותא ודא בתקיפו דרוגזא ⟨ותרין⟩ אלין הוו באתר חד בחמש אצבעאן
zohar	44	ניעול	Zohar.1414.15	עלל	יבוא	form:pe.impf.3ms	krupnik-1927:def	incorrect	1pl 'let us enter', rendered 3ms	צריכין לאמשכא עלן להאי את ובה ⟨ניעול⟩ לגבי מלכא לאחזאה אנפוי ועל דא
zohar	45	שכינתא	Zohar.732.4	שכינתא	שכינה	reviewed-form	reviewed	correct		לית להטות בתר דיניה בית דין ⟨שכינתא⟩ בשלשה תלת חיון דמרכבתא דילה ואיהי
zohar	46	אקרי	Zohar.1016.1	אקרי	נקרא	reviewed-form	reviewed	correct		דההוא נהר דנגיד ונפיק וההוא נהר ⟨אקרי⟩ מבועא דבירא דלא פסקין מימוי לעלמין
zohar	47	כתיב	Zohar.677.3	כתיב	כתוב	reviewed-form	reviewed	correct		רבי האי קרא בעי לאתיישבא בארחוי ⟨כתיב⟩ ישעיה נו ה ונתתי להם בביתי
zohar	48	להו	Zohar.1204.6	pron:להו	להם	form	grammar:pronominal	correct		אתא קרא ואמר תשפוט דבעי לחברא ⟨להו⟩ כחדא דלא ישתכח דא בלא דא
zohar	49	הא	Zohar.1149.3	הא	זה · הלא	form	krupnik-1927:def-en	correct		י ותנינן מה שמיה דההוא נהר ⟨הא⟩ אוקימנא יוּבַל שמיה דכתיב וְעַל יוּבַל
zohar	50	דכל	Zohar.829.3	דכל	של כל	reviewed-form	reviewed	correct		קרא על סתימא דכל סתימין עתיקא ⟨דכל⟩ עתיקין אתמר ההוא דלא אתגליא ולא
zohar	51	ומסטרא	Zohar.1520.6	סטרא	ומצד	form+wm	krupnik-1927:def	correct		הדום רגלי מסטרא דחסד אתקריאת מים ⟨ומסטרא⟩ דגבורה אתקריאת אש ומסטרא דעמודא דאמצעיתא
zohar	52	אילנין	Zohar.1520.6	אילנ	עץ	form:n.pl	krupnik-1927:def	correct		איהי מלכות דשלטנותהא על ארעא ועל ⟨אילנין⟩ וזרעין וטורין ואבנין ובגין דאילנא דחיי
zohar	53	דחיי	Zohar.454.7	דחיי	של חיים	reviewed-form	reviewed	correct		לההוא אתר ברזא דאלהי"ם חיים מקורא ⟨דחיי⟩ דמניה נפקין ברכאן ובגין דא אדכר
zohar	54	אתכלילו	Zohar.1319.14	כלל	נכנס לחופה	form:itpa.perf.3mp	krupnik-1927:def	incorrect	'were included'	ותאנא בצניעותא דספרא באדם ⟨אתכלילו⟩ כתרין עלאין בכלל ובפרט ובאדם אתכלילו
zohar	55	דא	Zohar.263.8	דא	זו	form	jastrow-1903:eq	correct		שמעה תפלתי יהו"ה ⟨דא⟩ צלותא די בלחש ושועתי האזינה דא
zohar	56	גליפא	Zohar.1.3	גליפא	פִתוח, ציור המלים	form	krupnik-1927:def	correct		זווגין דההוא זרעא כך אזדרע שמא ⟨גליפא⟩ מפרש במ"ב אתוון דעובדא דבראשית
zohar	57	דלא	Zohar.618.9	דלא	שלא	reviewed-form	reviewed	correct		יצחק דמלה אחרא הוה ביה מה ⟨דלא⟩ הוה בכל עלמא ותו דהאי קרא
zohar	58	בעינא	Zohar.894.7	עינא	בעין	form+b	krupnik-1927:def	correct		קמיה בגין דלא לכסיף ויפרוס קמיה ⟨בעינא⟩ טבא
zohar	59	אינון	Zohar.351.2	pron:אינונ	הם	form	grammar:pronominal	correct		דאשתדל בה בר נש בהאי עלמא ⟨אינון⟩ מלין וההיא אורייתא קיימא קמי קב"ה
zohar	60	תלת	Zohar.156.9	תלת	שלש	form	jastrow-1903:eq	correct		באילנא שלטא ערלה ⟨תלת⟩ שנין בבר נש תלת סרי שנין
zohar	61	חד	Zohar.984.1	חד	אחד	form	jastrow-1903:eq	correct		גו אלין גו ההוא פשיטו נפקא ⟨חד⟩ זהרא דאצטבע בדהבא ודא איהו דהבא
zohar	62	כהנא	Zohar.1102.2	כהנ	כהן	form	jastrow-1903:eq	correct		מלואים אקרון יומי אשלמותא בגין דישתלים ⟨כהנא⟩ בשאר יומין אחרנין לאשלמא שבעה כחדא
zohar	63	דאקרי	Zohar.312.2	דאקרי	שנקרא	reviewed-form	reviewed	correct		עץ החיים אילנא דאינון חיין עלאין ⟨דאקרי⟩ הוא ולא אתה
zohar	64	דא	Zohar.1388.7	phrase	גערת הגַמָל	phrase	krupnik-1927	incorrect	a wrong phrase match (דא בלא דא)	בר נש לאכללא חיים באתר דא ⟨דא⟩ בלא דא לא אזלא ובעי בר
zohar	65	הכא	Zohar.345.3	הכא	כאן	form	krupnik-1927:def	correct		יהו"ה כל בכור בארץ מצרים וגו' ⟨הכא⟩ בהאי חמור כתיב ואת כל חילם
zohar	66	מדורא	Zohar.1389.5	מדור	חדר, תא	form	krupnik-1927:def	correct		בגיהנם אית ביה מדורין על מדורין ⟨מדורא⟩ תתאה שאול מדורא תתאה מניה אבדון
zohar	67	אחרנין	Zohar.1096.5	אחרנינ	אחרים	reviewed-form	reviewed	correct		אלא ארבעה נינהו ואינון מתפרשין לתלתא ⟨אחרנין⟩ ובעובדא דילהון אתערו שבעה אחרנין לעילא
zohar	68	באוירא	Zohar.680.16	אוירא	באויר	form+b	jastrow-1903:same	correct		ל' מגדלא דפרח וסליק ⟨באוירא⟩ דלא יסטי לבא למבני לה לאלהא
zohar	69	אגר	Zohar.117.3	אגר	שכר	form	krupnik-1927:def	correct		לון לצדיקיא לעלמא דאתי ולמיהב לון ⟨אגר⟩ חולקהון אתר דעינא לא שלטא למיקם
zohar	70	ואי	Zohar.98.1	אי	ואם	form+w	krupnik-1927:def-en	correct		בעי למפגע לה ולבסמא לה במלין ⟨ואי⟩ לאו לא יבית לגבה בגין דיהא
zohar	71	זמנא	Zohar.715.4	זמנא	פעם	reviewed-form	reviewed	correct		בההוא ⟨זמנא⟩ תהלים נא כא אז תחפץ זבחי
zohar	72	דכלא	Zohar.120.2	דכלא	של הכל	reviewed-form	reviewed	correct		חדא וקשורא חדא ודא הוא רעוא ⟨דכלא⟩ וטיולא דמטייל קב"ה בנשמתהון דצדיקיא תא
zohar	73	דיקנא	Zohar.1294.22	דיקנא	זקן	form	krupnik-1927:def	correct		⟨דיקנא⟩ דלא ידעין עלאין ותתאין
zohar	74	רוחין	Zohar.1071.3	רוחינ	רוחות	reviewed-form	reviewed	correct		נחית עננא חד ודחה לכל אינון ⟨רוחין⟩ ובשעתא דא כתיב ויאמר אלהים תוצא
zohar	75	דא	Zohar.484.5	דא	זו	form	jastrow-1903:eq	correct		דכתיב להנחיל אוהבי יש מאי יש ⟨דא⟩ עלמא דאתי דלא פסק מימוי לעלמין
zohar	76	ואחיד	Zohar.1622.1	אחיד	ומיוחד	form+w	jastrow-1903:eq	incorrect	'and holds', not 'unique'	ואתעבידו קלא ונטיל לון מאן דנטיל ⟨ואחיד⟩ לון לאתרא נ"א לכתרא קדישא ברישא
zohar	77	להו	Zohar.1214.2	pron:להו	להם	form	grammar:pronominal	correct		דישראל לאפקא לון מן גלותא ולאוטבא ⟨להו⟩ כדין ליהו"ה הישועה ודאי ועל דא
zohar	78	שריא	Zohar.1108.13	שריא	שורה	reviewed-form	reviewed	correct		אשתכח דכר ונוקבא כנסת ישראל לא ⟨שריא⟩ בינייהו כלל בגין כך אזהר לכהני
zohar	79	ממנא	Zohar.1034.1	ממנא	ממונה	reviewed-form	reviewed	correct		מהיכלא דא נפיק חד רוחא די ⟨ממנא⟩ על אינון רוחין דאקרי צפוני וסימניך
zohar	80	דאיהו	Zohar.285.3	דאיהו	שהוא	reviewed-form	reviewed	correct		כגוונא דאדם הראשון ואתנטלו מההוא חויא ⟨דאיהו⟩ שפת שקר דכמה שקרא אמר וכמה
zohar	81	ותרי	Zohar.1258.5	תרי	ושנים	form+w	krupnik-1927:def	correct		דלעילא ותתא ועלוון וקרבנין בכל יומא ⟨ותרי⟩ מזבחות למעבד עובדא מזבחות ושלחן לחם
zohar	82	הדא	Zohar.1138.5	הדא	זה, זאת	form	krupnik-1927:def	correct		לקודשא בריך הוא דביה דאין לחייביא ⟨הדא⟩ הוא דכתיב חרב ליהוה מָלְאָה דם
zohar	83	סמיך	Zohar.693.9	סמיכ	עזרה	form	krupnik-1927:def	incorrect	'rests (upon)', not 'help'	כד תהכון לגבי ההוא טינרא דעלמא ⟨סמיך⟩ עליה אמרו ליה דידכר יומא דתלגא
zohar	84	ואינון	Zohar.791.3	pron:אינונ	והם	form+w	grammar:pronominal	correct		אלין אתוון ארבע רוחין אינון ⟨ואינון⟩ רוחין דרחימו וחדוה דכל שייפי גופא
zohar	85	וכתיב	Zohar.952.5	וכתיב	וכתוב	reviewed-form	reviewed	correct		ואת האלף דהא כתיב הכא האלף ⟨וכתיב⟩ התם שיר ח יב האלף לך
zohar	86	ואיהו	Zohar.791.4	איהו	והוא	form+w	krupnik-1927:def	correct		אתעביד מאינון ארבע רוחין חד איבא ⟨ואיהו⟩ רוחא חדא דכליל מארבע רוחין ודא
zohar	87	האי	Zohar.1248.8	האי	זה, זאת	form	krupnik-1927:def	correct		היא העולה וגו' ויקרא ו ב ⟨האי⟩ קרא בכנסת ישראל אוקימנא דהיא סלקא
zohar	88	זמנין	Zohar.1228.8	זמנינ	לפעמים	form	krupnik-1927:def	correct		דא לא כתיב ביה חטאת כשאר ⟨זמנין⟩ דכתיב בהו חטאת וכדין כל נהורין
zohar	89	אי	Zohar.848.3	אי	אם	form	krupnik-1927:def-en	correct		רבי יהודה ונשקיה על רישיה אמר ⟨אי⟩ לא דקריבנא בקוטפייא הכא לא אשתמודענא
zohar	90	תליא	Zohar.1028.1	תליא	יתד, תלי	form	krupnik-1927:def	incorrect	'depends', not 'peg'	דא ולא ידעי דהא באתערו דלתתא ⟨תליא⟩ אתערו דלעילא בין לטב בין לביש
zohar	91	הא	Zohar.1431.4	הא	זה · הלא	form	krupnik-1927:def-en	correct		כב ו וכי מאָן הוה ידע ⟨הא⟩ אוקמוה דהא בקדמיתא כתיב והוא נלחם
zohar	92	לחרבא	Zohar.48.3	חרבא	לחרב	form+l	krupnik-1927:def	incorrect	infinitive 'to destroy', not 'to the sword'	תוהה ובוהה איך ברא קב"ה עלמין ⟨לחרבא⟩ לון שפיר הוה דלא לברי לון
zohar	93	למאן	Zohar.1328.6	מאנ	למי	form+l	krupnik-1927:def	correct		יעבדון הכי מה כתיב ואני אברכם ⟨למאן⟩ לאינון כהני דכתיב ומברכיך ברוך וכתיב
zohar	94	הות	Zohar.1176.16	הוה	היתה	form:pe.perf.3fs	reviewed:reviewed	correct		אמיה דשלמה מלכא אוף הכא אזדמנת ⟨הות⟩ תמר לדא מיומא דאתברי עלמא
zohar	95	אמר	Zohar.1128.16	אמר	אמר	form	jastrow-1903:same	correct		רבי יוסי ⟨אמר⟩ יקר מחכמה ומכבוד כלומר יקרא דחכמתא
zohar	96	ואמאי	Zohar.469.5	אמאי	ולמה, מדוע	form+w	krupnik-1927:def	correct		נשא ימותון אמאי נחית נשמתין לעלמא ⟨ואמאי⟩ אצטריך ליה אמר ליה שאילתא דא
zohar	97	דאיהו	Zohar.1326.4	דאיהו	שהוא	reviewed-form	reviewed	correct		ידא דפגימא דלא שלים אבל לוי ⟨דאיהו⟩ שלים ואתחזי לסלקא בדוכנא ולמפלח במשכן
zohar	98	תא	Zohar.1382.20	phrase	בוא וראה	phrase	reviewed	correct		⟨תא⟩ חזי כמה לבושין מזדמנין בההוא עלמא
zohar	99	לחירו	Zohar.669.1	חירות	לחופש	form+l	krupnik-1927:def	correct		חמשין יומין לקבלא אורייתא חמשין שנין ⟨לחירו⟩ דעבדין מבית עבדים כמה דכתיב שמות
zohar	100	ליה	Zohar.1269.2	pron:ליה	לו	form	grammar:pronominal	correct		אמר ⟨ליה⟩ ישראל מאן אתר אתברכן
zohar	101	נפיק	Zohar.197.5	נפיק	יוצא	reviewed-form	reviewed	correct		ועם כל דא נשמתא קדישא לא ⟨נפיק⟩ עד דחזי שכינתא כד חמא לון
zohar	102	דא	Zohar.1047.10	דא	זו	form	jastrow-1903:eq	correct		ובת כהן ⟨דא⟩ נשמתא קדישא דאתקרי ברתא דמלכא דהא
zohar	103	מאן	Zohar.242.4	מאנ	מי	reviewed-form	reviewed	correct		דדמו לי ועל ספרך כלם יכתבו ⟨מאן⟩ אינון ימים יוצרו כהאי צורה דידי
zohar	104	זווגא	Zohar.104.5	זווג	חיבור והזדווגות	form:n.sg	krupnik-1927:def	correct		בשמשא דלא יעדון השתא אהל מועד ⟨זווגא⟩ דלהון מזמן לזמן ובגיני כך וקרא
zohar	105	עלאין	Zohar.772.9	עלאינ	עליונים	reviewed-form	reviewed	correct		מקצה השמים מוצאו מסייפי אלין שמים ⟨עלאין⟩ דקאמרן איהו אפיק בגין דבסיומא דגופא
zohar	106	דאתמשכן	Zohar.1305.16	משכנ	שנלקח לעבוט	form:itpa.perf.3ms+d	krupnik-1927:def	incorrect	'that are drawn' (משך), not 'pledged'	וכלהו משיכן ⟨דאתמשכן⟩ מתלת חללין דמוחא דגולגלתא וכל אינון
zohar	107	מלכא	Zohar.989.2	מלכא	מלך	reviewed-form	reviewed	correct		זכאה וסלקין ואתערבון כחדא ועאלין קמי ⟨מלכא⟩ קדישא
zohar	108	חד	Zohar.1468.11	חד	אחד	form	jastrow-1903:eq	correct		עד דהוו יתבי חמו ⟨חד⟩ טולא דקיימא עלייהו אזלא ואתיא אזלא
zohar	109	לקמיה	Zohar.1448.13	לקמיה	לפניו	reviewed-form	reviewed	correct		אתו ⟨לקמיה⟩ דר' שמעון אמרו מלה קמיה
zohar	110	זכאה	Zohar.749.4	זכאה	צדיק	form	krupnik-1927:def	incorrect	'fortunate' (זכאה חולקהון)	האי בגין דלא אתגעלו בגיעולי מיכליהון ⟨זכאה⟩ חולקהון דישראל דכתיב בהו ואנשי קדש
zohar	111	שמשא	Zohar.1224.1	שמשא	חמה, שמש	form	krupnik-1927:def	correct		בשעתא דזווגא דסיהרא אשתכח בשלימו עם ⟨שמשא⟩ וכתרין תתאין לא משתכחין כל כך
zohar	112	אילנא	Zohar.434.1	אילנ	עץ	form	krupnik-1927:def	correct		צפרין דאסתלקו מההוא עלמא דמדוריהון תחות ⟨אילנא⟩ דחיזו דחיי ומותא ביה נפקא חד
zohar	113	ליה	Zohar.490.3	pron:ליה	לו	form	grammar:pronominal	correct		ברחימו דבריה משדר למטרוניתא בגיניה ואעיל ⟨ליה⟩ להיכליה נשמתא לא סלקא מהאי עלמא
zohar	114	דכתיב	Zohar.974.4	דכתיב	שכתוב	reviewed-form	reviewed	correct		והיינו רזא דאדם ומנלן דאקרי אדם ⟨דכתיב⟩ בראשית ו ג לא ידון רוחי
zohar	115	עלמא	Zohar.117.3	עלמא	עולם	form	krupnik-1927:def	correct		ל"ג לון קב"ה למידן להו בההוא ⟨עלמא⟩ ולאעלאה לון בדינא דגיהנם ואינון צווחין
zohar	116	נחית	Zohar.1522.8	נחית	יורד	reviewed-form	reviewed	correct		אדהכי הא סבא דסבין קא ⟨נחית⟩ לגביה ואמר רעיא מהימנא חזור בך
zohar	117	ודא	Zohar.970.4	ודא	וזה	reviewed-form	reviewed	correct		סיום דרוגזא קשיא איהו גמל לתתא ⟨ודא⟩ איהו רזא דמותא ובגין כך אתרכינת
zohar	118	ובשעתא	Zohar.1315.4	שעתא	ובשעה	form+wb	jastrow-1903:eq	correct		אליך ויחנך דכד נהרין מתברך עלמא ⟨ובשעתא⟩ דאתעבדו סומקא כתיב ישא יהוה פניו
zohar	119	איהי	Zohar.1506.4	איהי	היא	form	krupnik-1927:def	correct		דיו"ד ברית קדישא עלה מלעילא כדין ⟨איהי⟩ אתאחדת ביחודא חד יו"ד דא איהי
zohar	120	ביומא	Zohar.511.3	יומא	ביום	form+b	krupnik-1927:def	correct		ומאיך חד והוה אמר עלאי עלאי ⟨ביומא⟩ דא טסי ס"א דקיקים רקיעין לימינא
zohar	121	ירחא	Zohar.1338.6	ירחא	יֶרח, חודש	form	krupnik-1927:def	correct		אלא כיון דמתדכי ומתקן גרמיה הא ⟨ירחא⟩ תניינא למעבד פסחא מכאן כל בר
zohar	122	כתיב	Zohar.794.10	כתיב	כתוב	reviewed-form	reviewed	correct		הוא אתיב ליה מיד אוף שמואל ⟨כתיב⟩ ביה הלא קציר חטים היום אקרא
zohar	123	דכתיב	Zohar.1077.1	דכתיב	שכתוב	reviewed-form	reviewed	correct		חברים בהדי מלאכין עלאין ומשריין עלאין ⟨דכתיב⟩ חברים מקשיבים לקולך שיר ח יג
zohar	124	והכא	Zohar.163.6	הכא	וכאן	form+w	krupnik-1927:def	correct		הה"ד משלי כ"ח וצדיקים ככפיר יבטח ⟨והכא⟩ נסיונא הוא דלא הרהר אבתריה דקב"ה
zohar	125	זכאין	Zohar.1000.1	זכאינ	צדיקים	reviewed-form	reviewed	incorrect	the Zohar's זכאין אינון is 'fortunate are' (found on re-review in pass 2)	דאיהו דינא קשייא דכלא אתדנו ביה ⟨זכאין⟩ אינון ישראל בעלמא דין ובעלמא דאתי
zohar	126	למלכא	Zohar.606.3	למלכא	למלך	reviewed-form	reviewed	correct		אתתקנו ארבע מאה ועשרין וחמש בוצינין ⟨למלכא⟩ וארבע מאה ועשרין וחמש גליפין ממנן
zohar	127	דא	Zohar.743.8	דא	זו	form	jastrow-1903:eq	correct		מח ט ותהלתי אחטם לך ועל ⟨דא⟩ אתער דוד מלכא תהלה לדוד וגו'
zohar	128	יומא	Zohar.1551.7	יומא	יום	form	krupnik-1927:def	correct		במדבר כט חסר ארביסר תרין בכל ⟨יומא⟩ אינון סימן יד יהו"ה ידא דשליטא
zohar	129	וחד	Zohar.859.2	חד	ואחד	form+w	jastrow-1903:eq	correct		איהי על תרין גוונין חד בלחודוי ⟨וחד⟩ בטמירו
zohar	130	ואי	Zohar.1125.8	אי	ואם	form+w	krupnik-1927:def-en	correct		בגרמיה דלגו אי הדר ביה מוטב ⟨ואי⟩ לאו מחי ליה תחות תותביה ואלין
zohar	131	אית	Zohar.711.4	אית	יש	reviewed-form	reviewed	correct		השתא ⟨אית⟩ לאסתכלא אי על חייא אמר קרא
zohar	132	נהיר	Zohar.144.6	נהיר	מאיר	reviewed-form	reviewed	correct		עלאה ונהיר לשמאלא בחדווה דחמרא טב ⟨נהיר⟩ לאמצעיתא בחדווה ד"א דארגוונא דתרין סטרין
zohar	133	ואינון	Zohar.859.8	pron:אינונ	והם	form+w	grammar:pronominal	correct		דיוקנא דילה בתרין נוני"ן רזא דמאה ⟨ואינון⟩ חמש סמכין רתיכין דנפקי מגו בוצינא
zohar	134	היך	Zohar.108.5	היכ	כיצד	form	krupnik-1927:def	correct		דקטיל קין להבל לא הוה ידע ⟨היך⟩ נפיק ד"א יפיק נשמתיה מניה והוה
zohar	135	כחדא	Zohar.1064.4	כחדא	יחד	reviewed-form	reviewed	correct		כל חד וחד לאתריה ומתברכאן כלהו ⟨כחדא⟩ ומתבסמא אימא בקלדיטי גליפין ותייבין לסטרהא
zohar	136	דנשמתא	Zohar.909.3	נשמתא	של נשמה	form+d	jastrow-1903:same	correct		בשר וכו' ולית תושבחתא אלא בסטרא ⟨דנשמתא⟩ ורוחא והאי יומא קיימא ברוחא ונשמתא
zohar	137	רזא	Zohar.101.1	רזא	סוד	reviewed-form	reviewed	correct		כרסיא דיקר לההוא חוורא ועל דא ⟨רזא⟩ דתכלתא
zohar	138	לקמי	Zohar.714.4	קמי	ללפני	form+l	krupnik-1927:def	incorrect	'before' (the ל belongs to the word)	דיקרבון ויתכפר להו חובייהו אלא דוד ⟨לקמי⟩ שמא דאלהי"ם אמר וקרבנא לא קרבין
zohar	139	לתתא	Zohar.1018.1	לתתא	למטה	reviewed-form	reviewed	correct		ונפקי מגו זהב וכסף ונחשת נחשת ⟨לתתא⟩ בגין דאינון רתיכין דנפקי מגו אל"ף
zohar	140	אמרי	Zohar.1244.11	אמר	אומרים	form:pe.ptcp.mp	jastrow-1903:same	correct		פיך ויאירו דבריך בתר דשכיב הוו ⟨אמרי⟩ אל תתן את פיך וגו' ביומוי
zohar	141	עמודא	Zohar.738.3	עמודא	עמוד	form	krupnik-1927:def	correct		וכנישו דעבורא דא ⟨עמודא⟩ דאמצעיתא ביה בראשית מט לג ויאסף
zohar	142	דכתיב	Zohar.1627.1	דכתיב	שכתוב	reviewed-form	reviewed	correct		די רוח קדישא בינייהו מנלן ממשה ⟨דכתיב⟩ בן מאה ועשרים שנה אנכי היום
zohar	143	שלטא	Zohar.844.5	שלטא	שלט	form	jastrow-1903:same	correct		מינה בר בארעא דישראל בלחודהא דלא ⟨שלטא⟩ תמן כיון דאיהי אתפרשא מנייהו עאלין
zohar	144	אשתכח	Zohar.399.6	אשתכח	נמצא	reviewed-form	reviewed	correct		ולא ידעי מה קאמרו בגין דיוסף ⟨אשתכח⟩ תמן ואשלימו מלה ואמרו אנחנו מנלן
zohar	145	כחדא	Zohar.478.3	כחדא	יחד	reviewed-form	reviewed	correct		דלכון קרבן ליהו"ה דאקריב כלא לאתאחדא ⟨כחדא⟩ לעילא ותתא מן הבהמה לאחזאה אדם
zohar	146	עתיק	Zohar.1289.13	עתיק	האתנים	form	jastrow-1903:targum-h	incorrect	'Ancient (of Days)'	עלמא אצטריך רזא במלין רזין דרזייא ⟨עתיק⟩ יומין דלא אתמסראן אפילו למלאכין עלאין
zohar	147	עלמא	Zohar.1279.2	עלמא	עולם	form	krupnik-1927:def	correct		ויכלו שלימו דכלא בה אתברי כל ⟨עלמא⟩ ועלה קיימין שמיא וארעא וימא וכל
zohar	148	איהו	Zohar.830.7	איהו	הוא	form	krupnik-1927:def	correct		יוליד דלהוי גברא רבא אדהכי קם ⟨איהו⟩ ודלג עלייהו ויתיב לקמייהו אסתכל ביה
zohar	149	האי	Zohar.983.2	האי	זה, זאת	form	krupnik-1927:def	correct		ויתן את אדניו כדין שארי לאתתקפא ⟨האי⟩ סטרא ד"א רוחא דקדושה וכד אתייהיבו
zohar	150	דכל	Zohar.362.5	דכל	של כל	reviewed-form	reviewed	correct		עפרא דאית ליה קיומא לאקמא מעפרא ⟨דכל⟩ אינון דאתקברו בה וזכו לאתקברא בארעא
zohar	151	דא	Zohar.1276.1	דא	זו	form	jastrow-1903:eq	correct		זכאה חולקיה מאן דאתער לזווגא זווגא ⟨דא⟩ כד אתי צפרא וימינא אתער ומחבקא
zohar	152	ליה	Zohar.397.3	pron:ליה	לו	form	grammar:pronominal	correct		קב"ה לאדם יהב קמיה אורייתא ואוליף ⟨ליה⟩ בה למנדע ארחהא מנלן דכתיב איוב
zohar	153	דא	Zohar.171.1	דא	זו	form	jastrow-1903:eq	correct		צדק יקראהו לרגלו מי העיר ממזרח ⟨דא⟩ אברהם צדק יקראהו לרגלו נ"א דא
zohar	154	אמרת	Zohar.1482.11	אמר	אתה אומר	form:pe.ptcp.2ms	jastrow-1903:same	correct		אמר ליה רעיא מהימנא שפיר קא ⟨אמרת⟩ בכלא אבל אפילו ישראל לאו כלהו
zohar	155	אתוון	Zohar.801.11	אתוונ	אותיות	reviewed-form	reviewed	correct		עלמא ברא ליה ברזא דאתוון ואתגלגלו ⟨אתוון⟩ וברו עלמא בגלופי דשמא קדישא אתגלגלו
zohar	156	מתיבתא	Zohar.1357.33	מתיבתא	ישיבה, בית מדרש	form	krupnik-1927:def	correct		אמרו תיבו מארי ⟨מתיבתא⟩ תיבו זכאי קשוט
zohar	157	דהאי	Zohar.1371.21	האי	שזה, זאת	form+d	krupnik-1927:def	correct		אפילו כחוטא דשערא לא הוה מעובדא ⟨דהאי⟩ עלמא דכלא אתאביד בקדמיתא בההוא טלא
zohar	158	סטרא	Zohar.945.6	סטרא	צד	form	krupnik-1927:def	correct		חולקא דסטרא אחרא ועלמא דאתי איהו ⟨סטרא⟩ דקדושה ואיהו חולקא דצדיקיא למהוי צדיקיא
zohar	159	מההוא	Zohar.1004.9	מההוא	מאותו	reviewed-form	reviewed	correct		דא נקטא כל אינון נשמתין דנפקין ⟨מההוא⟩ נהר דנגיד ונפיק ובגין דא היכלא
zohar	160	אמר	Zohar.1257.16	אמר	אמר	form	jastrow-1903:same	correct		יצחק אמר זכאה חולקא דעמא דמארייהו ⟨אמר⟩ לון עמי מה עשיתי לך ומה
zohar	161	אית	Zohar.871.8	אית	יש	reviewed-form	reviewed	correct		לה דוגמא לעילא כגוונא דלעילא הכי ⟨אית⟩ לתתא
zohar	162	אוירין	Zohar.628.3	אויר	חלל העולם	form:n.pl	krupnik-1927:def	correct		רבה לבתר נפקין ומתחברן כחדא ובקעין ⟨אוירין⟩ ושאטין בעלמא ומתקרבין לגבייהו דבני נשא
zohar	163	לון	Zohar.1554.15	לונ	להם	reviewed-form	reviewed	correct		חזי כל שאר עמין דעלמא יהב ⟨לון⟩ קב"ה לרברבי ממנן דשלטין עלייהו וישראל
zohar	164	דרגא	Zohar.881.4	דרגא	מדרגה	form	krupnik-1927:def	correct		מאי אשר ילכו אלא אלהי"ם שית ⟨דרגא⟩ אינון כלהו בסטר שמאלא דאלהי"ם שית
zohar	165	שכינתא	Zohar.1041.13	שכינתא	שכינה	reviewed-form	reviewed	correct		למשכנא דאשתכחו ברכאן וחדוון בכלא ועאלת ⟨שכינתא⟩ ככלה לחופה וכדין אשתלימו ישראל לתתא
zohar	166	סטרא	Zohar.447.1	סטרא	צד	form	krupnik-1927:def	correct		הקצה וההוא קשרא דבאמצעיתא אחיד להאי ⟨סטרא⟩ ולהאי סטרא ועל האי כתיב ושכבתי
zohar	167	דעאל	Zohar.1613.8	עלל	שבא	form:pe.ptcp.ms+d	krupnik-1927:def	correct		לא אתמסרו מלין אלין אלא למאן ⟨דעאל⟩ ונפיק דמאן דלא עאל ונפק טב
zohar	168	ליה	Zohar.398.6	pron:ליה	לו	form	grammar:pronominal	correct		מאן דאתנשי מניה חלמא ולא ידע ⟨ליה⟩ לא קיימא עליה לאתקיימא ובגין דא
zohar	169	למלכא	Zohar.441.3	למלכא	למלך	reviewed-form	reviewed	correct		מן מלכא בלחודוי חדוותא דיליה בישראל ⟨למלכא⟩ דזמין אושפיזין וכו'
zohar	170	חולקיה	Zohar.861.6	חולק	חלק שלו	form:n.pl+3ms	jastrow-1903:eq	correct		דיליה הוה לקודשא בריך הוא ויהיב ⟨חולקיה⟩ לסטרא אחרא כמה דאת אמר ומחלביהן
zohar	171	ליה	Zohar.631.3	pron:ליה	לו	form	grammar:pronominal	correct		אמר רבי אבא בקשת סתם אמר ⟨ליה⟩ מאי בקשת סתם אמר ליה בקשת
zohar	172	דלא	Zohar.1431.2	דלא	שלא	reviewed-form	reviewed	correct		וותרנותא מן דינא כלל אלא בצדק ⟨דלא⟩ ישגח לרחימו מאזני צדק בלא וותרנו
zohar	173	לדא	Zohar.1471.9	דא	לזו	form+l	jastrow-1903:eq	correct		נש בתר דלית ריוח בין דא ⟨לדא⟩ קשר"ק קש"ק קר"ק איהו דשוי קשר
zohar	174	אינון	Zohar.1608.17	pron:אינונ	הם	form	grammar:pronominal	correct		כתיב ולא כל יורדי דומה וכל ⟨אינון⟩ דנחתין לדומה בגיהנם ישתארון שאני אינון
zohar	175	ליה	Zohar.568.1	pron:ליה	לו	form	grammar:pronominal	correct		עד דגנז ליה ולא אתגליא וזרע ⟨ליה⟩ זרועא בחד צדיק דאיהו גננא דגנתא
zohar	176	אחידן	Zohar.1238.9	אחידה	חידה	form:n.pl	jastrow-1903:targum-h	incorrect	'are attached', not 'riddle'	בזכות אהרן באר בזכות מרים וכלהו ⟨אחידן⟩ לעילא
zohar	177	דקיימא	Zohar.928.8	דקיימא	שעומדת	reviewed-form	reviewed	correct		בשמא דא לא קאים בר בזמנא ⟨דקיימא⟩ באשלמותא דהא כמה שמהן אינון דאחסינא
zohar	178	עלייהו	Zohar.347.6	pron:עלייהו	עליהם	form	grammar:pronominal	correct		על שאר עמין עכו"ם ולבתר יתתקף ⟨עלייהו⟩ בדינא קשיא הדא הוא דכתיב ישעיה
zohar	179	משיך	Zohar.379.4	משכ	עור	form	krupnik-1927:def	incorrect	'draws', not 'skin'	אתי למפתי ליה לבר נש יהא ⟨משיך⟩ ליה לגבי אורייתא ויתפרש מניה תא
zohar	180	חדי	Zohar.867.8	חדי	שמח	form	krupnik-1927:def	correct		דיזדמן למעבד דינא בבריה ההוא סנטירא ⟨חדי⟩ ועאל בבי מלכא למיכל תמן כיון
zohar	181	אינון	Zohar.58.1	pron:אינונ	הם	form	grammar:pronominal	correct		ומסטרא דדרום משתרן ונגדין לאשקאה כל ⟨אינון⟩ חיות ברא כמה דאת אמר תהלים
zohar	182	דאיהי	Zohar.814.11	דאיהי	שהיא	reviewed-form	reviewed	correct		ליהו"ה תהלים קיח כ באות ל' ⟨דאיהי⟩ י' י' איהי כלילא מכל ספירה
zohar	183	וחד	Zohar.783.1	חד	ואחד	form+w	jastrow-1903:eq	correct		ומשטטא ⟨וחד⟩ ממנא סרכא ברזא גליפא בעזקא בכתב
zohar	184	תריסר	Zohar.852.18	תריסר	שנים עשר	form	krupnik-1927:def	correct		תריסר ס"א תליסר בעלמא עלאה ומתפתחי ⟨תריסר⟩ ס"א תליסר תרעי דרחמי בההוא זמנא
zohar	185	בר	Zohar.365.5	phrase	אדם	phrase	krupnik-1927	correct		דרחמי ואוקמוה חברייא בגין דהא כד ⟨בר⟩ נש נאים על ערסיה הא נשמתיה
zohar	186	אינון	Zohar.258.3	pron:אינונ	הם	form	grammar:pronominal	correct		חצריך דקב"ה קריב לון לגביה דסלקין ⟨אינון⟩ נשמתין מתתא לעילא לאתאחדא באחסנתיהון דאתתקנן
zohar	187	אתא	Zohar.1229.3	אתא	בא	form	krupnik-1927:def	correct		גבה למלכא דהוה ליה בר יחידאי ⟨אתא⟩ לזווגא ליה במטרוניתא עלאה מאי עבדת
zohar	188	בגין	Zohar.98.6	בגינ	בגלל · לפי, משום	form	krupnik-1927:def	correct		עליה יפוק דהא שכינתא אזדווגת בהדיה ⟨בגין⟩ דישתכח דכר ונוקבא דכר ונוקבא במתא
zohar	189	חכמתא	Zohar.796.4	חכמתא	חכמה	form	krupnik-1927:def	correct		בעלמא אבל בדרא דא לא יתנשי ⟨חכמתא⟩ מעלמא ווי לדרא כד יסתלק איהו
zohar	190	בגלותא	Zohar.71.3	גלותא	בגלות	form+b	jastrow-1903:same	correct		דומיה האי קרא כנסת ישראל אמרו ⟨בגלותא⟩ מאי טעמא בגין דקול מדבר ליה
zohar	191	בר	Zohar.374.3	phrase	אדם	phrase	krupnik-1927	correct		אתייבמת ואיהו אתריה ירית אתא ההוא ⟨בר⟩ נש ואשתלים הכא ובין כך ובין
zohar	192	רזא	Zohar.85.1	רזא	סוד	reviewed-form	reviewed	correct		דהיכלא רביעאה זכאה חולקיה מאן דידע ⟨רזא⟩ דמאריה וארים דגליה באתר דאצטריך ותא
zohar	193	קמיה	Zohar.608.1	pron:קמיה	לפניו	form	grammar:pronominal	correct		מחפיין באבני יקר ומלאכין עלאין חדאן ⟨קמיה⟩ לבתר פקיד ליה על אילנא חד
zohar	194	תלת	Zohar.1589.12	תלת	שלש	form	jastrow-1903:eq	correct		האי שכיר דאיהו עבד דאתי לקבלא ⟨תלת⟩ צלותין תקינו מארי מתניתין דלכון למהוי
zohar	195	קדמאה	Zohar.985.3	קדמאה	ראשון, קדום	form	krupnik-1927:def	correct		מכלהו ועל דא כלא איהו בדרגא ⟨קדמאה⟩
zohar	196	נשמתא	Zohar.1174.3	נשמתא	נשמה	form	jastrow-1903:same	correct		חיה בראשית א כד דא היא ⟨נשמתא⟩ דאדם קדמאה תא חזי ג' דרגין
zohar	197	הוו	Zohar.1400.10	הוה	הווים	form:pe.ptcp.mp	reviewed:reviewed	incorrect	'were' (past), not a participle	ונביע אתמלי ונפיק לכל סטרין וכדין ⟨הוו⟩ ישראל בשעתא דשארן ובעיין מייא קיימין
zohar	198	אשתלים	Zohar.1390.1	שלמ	כלה ונגמר · נפרע הכסף	form:itpa.perf.3ms	krupnik-1927:def	correct		בדרגיהון ואשתכחו ליואי בסטר שמאלא כדין ⟨אשתלים⟩ ההוא פגימא דעלמא דמסטר שמאלא ועל
zohar	199	אינון	Zohar.803.7	pron:אינונ	הם	form	grammar:pronominal	correct		שלחן דא סעודתא דמלכא נגד צוררי ⟨אינון⟩ כלבי דיתבי קמי פתורא מצפאן לחולק
tikkunei-zohar	0	דְאִיהוּ	Tikkunei_Zohar.53.9	דאיהו	שהוא	reviewed-form	reviewed	correct		וְאִית מָאן דְּיֵימָא ⟨דְאִיהוּ⟩ אִתְּתֵיהּ וְכֹלָּא קְשׁוֹט דָּא וְדָא
tikkunei-zohar	1	בָּתַר	Tikkunei_Zohar.83.23	בתר	אחר	reviewed-form	reviewed	correct		עִלָּאָה אִשְׁתְּאָרַת ה' תַּתָּאָה בַּתְרָאָה יְחִידָה ⟨בָּתַר⟩ דְּאִתְעָרְבוּ טוֹב עִם רָע מַה דְּאַפְרִישׁ
tikkunei-zohar	2	דַּהֲוָה	Tikkunei_Zohar.95.23	הוה	שהיה	form+d	reviewed:reviewed	correct		גְבוּרָה דִלְסִטְרָא סמא"ל דְּנָפַל מִקְּדוּשָׁתֵיהּ וּמַה ⟨דַּהֲוָה⟩ טָהוֹר סָאִיב לֵיהּ בְּגִין דְּשַׁלִּיט
tikkunei-zohar	3	דָּא	Tikkunei_Zohar.172.1	דא	זו	form	jastrow-1903:eq	correct		אִיהִי אִתְפַּרְנֶסָת עַל יְדֵי שָׁלִיחַ וְכָל ⟨דָּא⟩ כְּפוּם עוֹבָדֵיהוֹן דְּיִשְׂרָאֵל הָכִי אִתְפַּרְנֶסָת
tikkunei-zohar	4	וְאִתְעֲבִידַת	Tikkunei_Zohar.223.9	עבד	ונעשתה	form:itpe.perf.3fs+w	reviewed:reviewed	correct		דְּעָקַר ש דְּאִיהִי שְׁרָשָׁא דְאִילָנָא מֵאַתְרָה ⟨וְאִתְעֲבִידַת⟩ תְּלַת עַנְפִין דְּאִינוּן תְּלַת זַיְינִין כְּגַוְונָא
tikkunei-zohar	5	קַדְמָאָה	Tikkunei_Zohar.219.6	קדמאה	ראשון, קדום	form	krupnik-1927:def	correct		דַאֲבוּהָ דְאִזְדַּמַּן לְגַבֵּיהּ דַּהֲוָה דִיּוֹקְנָא דְאָדָם ⟨קַדְמָאָה⟩ דָּא גָרִים דְּאִזְדְּרִיקוּ לוֹן וְנָעַץ צִפָּרְנָיו
tikkunei-zohar	6	הֲוָה	Tikkunei_Zohar.236.2	הוה	היה	form	reviewed:reviewed	correct		אֲבוּהָ הֲוָה בִידֵיהּ עַל סִבָּה דְאִשָּׁה ⟨הֲוָה⟩ כְּמָה דְאִתְּמַר וַיְהִי בִּהְיוֹתָם בַּשָּׁדֶה וְאֵין
tikkunei-zohar	7	וְלֵית	Tikkunei_Zohar.177.7	לית	ואין	form+w	krupnik-1927:def	correct		דְשַׁלִּיט עֲלֵיהּ כְּגוֹן דְּכוּרָא עַל נוּקְבָא ⟨וְלֵית⟩ רְשׁוּ לְנוּקְבָא וְלָא לִשְׁלוּחָא דִילָהּ לְמֶעֱבַד
tikkunei-zohar	8	בֵּיהּ	Tikkunei_Zohar.115.4	pron:ביה	בו	form	grammar:pronominal	correct		וּמְכַסֵּי עֲלוֹי מִשָּׂנְאוֹי כְּגַוְונָא דְמֹשֶׁה דְאִתְּמַר ⟨בֵּיהּ⟩ תהלים צא א בְּצֵל שַדָ"י יִתְלוֹנָן
tikkunei-zohar	9	אִתְּמַר	Tikkunei_Zohar.198.8	אתמר	נאמר	reviewed-form	reviewed	correct		וּבְגִין דָּא ⟨אִתְּמַר⟩ בֵּיהּ קהלת א ד דּוֹר הוֹלֵךְ
tikkunei-zohar	10	מָאן	Tikkunei_Zohar.132.1	מאנ	מי	reviewed-form	reviewed	correct		לִבְנֵי אָדָם מַאי כְּרוּם זְלּוּת אֶלָּא ⟨מָאן⟩ דְּאִצְטְרִיךְ לְבִרְיָיתָא אַנְפּוֹי מִשְׁתַּנְּיָין כַּכְּרוּם וְכַמָּה
tikkunei-zohar	11	וְאִית	Tikkunei_Zohar.153.2	ואית	ויש	reviewed-form	reviewed	correct		אִית יִרְאָה בֵּין בְּטִיבוּ בֵּין בְּעָאקוּ ⟨וְאִית⟩ יִרְאָה דְּדָחִיל לְקוּדְשָׁא בְּרִיךְ הוּא בְּטִיבוּ
tikkunei-zohar	12	אִינוּן	Tikkunei_Zohar.140.2	pron:אינונ	הם	form	grammar:pronominal	correct		לְמָאן דִּשְׁמַיָּא וְאַרְעָא דִילֵיהּ וְשִׁית סִטְרִין ⟨אִינוּן⟩ שִׁית סְפִירָן וּדְפִיקוּ סָלִיק וְנָחִית בְּהוּ
tikkunei-zohar	13	דְגוּפָא	Tikkunei_Zohar.33.16	גופא	של גוף	form+d	jastrow-1903:same	correct		נֶצַח וְהוֹד תְּרֵין שׁוֹקִין וִיסוֹד סִיּוּמָא ⟨דְגוּפָא⟩ אוֹת בְּרִית קֹדֶשׁ מַלְכוּת פֶּה תּוֹרָה
tikkunei-zohar	14	שְׁמַעְנָא	Tikkunei_Zohar.218.3	שמע	אני שומע	form:pe.ptcp.1s	jastrow-1903:same	correct		בהון אלה אָמַר לֵיהּ וְהָא אֲנָא ⟨שְׁמַעְנָא⟩ בראשית ב ד אֵלֶּה ת וֹלְדוֹת
tikkunei-zohar	15	אִיהוּ	Tikkunei_Zohar.234.6	איהו	הוא	form	krupnik-1927:def	correct		מָאן דְּנָטִיל תֵּשַׁע סְפִירָן בְּלָא מַלְכוּת ⟨אִיהוּ⟩ כּוֹפֵר בְּעִיקָר
tikkunei-zohar	16	אִילָנָא	Tikkunei_Zohar.194.2	אילנ	עץ	form	krupnik-1927:def	correct		וְאַעִיל בִּרְשׁוּת נוּכְרָאָה כְּאִלּוּ הַאי נָטַע ⟨אִילָנָא⟩ דְטוֹב וָרָע וּבְגִין הַאי בַּר דְּנָטַע
tikkunei-zohar	17	שְׁלִים	Tikkunei_Zohar.46.16	שלימ	שלם, תמים	form	krupnik-1927:def	correct		זַכָּאָה אִיהוּ מָאן דִּמְקַבֵּל אוֹרָחִין בִּרְעוּ ⟨שְׁלִים⟩ כְּאִלּוּ מְקַבֵּל אַנְפֵּי שְׁכִינְתָּא דִבְמִדָּה דְמָדַד
tikkunei-zohar	18	וְאִתְּמַר	Tikkunei_Zohar.99.23	אמר	ונאמר	form:itpe.perf.3ms+w	jastrow-1903:same	correct		הֲדָא הוּא דִכְתִיב וְלַחֹשֶׁךְ קָרָא לָיְלָה ⟨וְאִתְּמַר⟩ בִּימִינָא
tikkunei-zohar	19	שְׂמָאלָא	Tikkunei_Zohar.40.12	שמאלא	שמאל	form	jastrow-1903:eq	correct		יְהוָֹ"ה שְׁבָ"א אִיהוּ דִינָא קָמֵ"ץ רַחֲמֵי ⟨שְׂמָאלָא⟩ וִימִינָא דְמִתַּמָּן אוֹרַיְיתָא אִתְיַיהִיב דְּאִיהוּ עַמּוּדָא
tikkunei-zohar	20	אִיהִי	Tikkunei_Zohar.74.14	איהי	היא	form	krupnik-1927:def	correct		וְכַד אִיהִי בְאַוִּירָא ⟨אִיהִי⟩ סְתִימָא וְלָא אִתְחַזְיָיא כְלָל
tikkunei-zohar	21	דגופא	Tikkunei_Zohar.220.7	גופא	של גוף	form+d	jastrow-1903:same	correct		בֵינַיְיהוּ כגוונא דא נפש איהו בקביעו ⟨דגופא⟩ ורוחא סלקא ונחתא בגופא ומתפשטא בכל
tikkunei-zohar	22	בִּידֵיהּ	Tikkunei_Zohar.130.2	בידא	עלילת שוא שלו	form:n.pl+3ms	krupnik-1927:def	incorrect	'in his hand'	מַאי דְּרָשִׁים בְּפִתְקָא רְשִׁימוּ דִילֵיהּ דְּחוֹתָמָא ⟨בִּידֵיהּ⟩ הוּא וְאַף עַל גַּב דְּחוֹתָמָא בִּידֵיהּ
tikkunei-zohar	23	שְׁכִינְתָּא	Tikkunei_Zohar.62.8	שכינתא	שכינה	reviewed-form	reviewed	correct		שִׁתִּין גַּלְגַּלִּין דְּסַחֲרִין לְכָרְסַיָּא וְכָרְסַיָּא תַמָּן ⟨שְׁכִינְתָּא⟩ דְאִיהִי דִמְיוֹן וּמַרְאֶה דְכֹלָּא
tikkunei-zohar	24	דָּא	Tikkunei_Zohar.240.2	דא	זו	form	jastrow-1903:eq	correct		גּוּפָא פַּרְצוּפָא קוֹצָא דִלְתַתָּא זָנָב וּבְגִין ⟨דָּא⟩ אָמְרוּ מָארֵי מַתְנִיתִין אָדָם הָרִאשׁוֹן עָשָׂה
tikkunei-zohar	25	הֲדָא	Tikkunei_Zohar.38.7	הדא	זה, זאת	form	krupnik-1927:def	correct		עַל רָאשֵׁי הַחַיָּה דְאִיהִי נִיצוֹצָא דְקָמֵ"ץ ⟨הֲדָא⟩ הוּא דִכְתִיב יחזקאל א כב וּדְמוּת
tikkunei-zohar	26	בִּצְלוֹתָא	Tikkunei_Zohar.131.2	צלותא	בתפלה	form+b	krupnik-1927:def	correct		בְּאַרְבַּע סִטְרִין דְּעָלְמָא בְּזִמְנָא דְאִתְעָרָא אִיהִי ⟨בִּצְלוֹתָא⟩ לְתַתָּא אַרְבַּע סִטְרִין דְּעָלְמָא מִתְעָרִין עִמָּהּ
tikkunei-zohar	27	דְאִיהִי	Tikkunei_Zohar.63.14	דאיהי	שהיא	reviewed-form	reviewed	correct		מָאן דְּבָעִי לְמִשְׁאַל שְׁאֶלְתּוֹי יֵיתֵי לְמַטְרוֹנִיתָא ⟨דְאִיהִי⟩ בַּיִת דִּילִי בֵּית י' הֵיכָל דִּילִי
tikkunei-zohar	28	דְּחָכְמָתָא	Tikkunei_Zohar.231.5	חכמתא	של חכמה	form+d	krupnik-1927:def	correct		הַאי אֶלָּא אִלֵּין דְּיָדְעִין בְּרָזִין אִלֵּין ⟨דְּחָכְמָתָא⟩ דִלְהוֹן סָלִיק עַל כָּל נְבִיאַיָּא וְחַכִּימַיָּא
tikkunei-zohar	29	דִילָהּ	Tikkunei_Zohar.168.1	pron:דילה	שלה	form	grammar:pronominal	correct		שְׁכִינְתָּא אִתְעֲבִידַת גּוּפָא לְמַלְכָּא בְּכָל תִּקּוּנָא ⟨דִילָהּ⟩ וּבְאִלֵּין תְּרֵין עֲשַׂר פִּרְקִין דְּנוּקְבָא וּתְרֵין
tikkunei-zohar	30	גוּפָא	Tikkunei_Zohar.181.2	גופא	גוף	form	jastrow-1903:same	correct		בִּדְרוֹעָא יְמִינָא וּתְלַת בִּדְרוֹעָא שְׂמָאלָא מְנַרְתָּא ⟨גוּפָא⟩ דְאֶמְצָעִיתָא
tikkunei-zohar	31	דְּאִיהוּ	Tikkunei_Zohar.172.5	דאיהו	שהוא	reviewed-form	reviewed	correct		דְּאִינוּן שָׁרָשָׁא דְאִילָנָא וְדָא חַי עָלְמִין ⟨דְּאִיהוּ⟩ אוֹת בַּצָּבָא דִילֵיהּ צבאו"ת אִיהוּ עִמְּהוֹן
tikkunei-zohar	32	דְּאִתְפַּשַּׁט	Tikkunei_Zohar.184.2	פשט	שנתישר	form:itpe.perf.3ms+d	krupnik-1927:def	incorrect	'that he stripped off'	בֵּיהּ שם אַל תִּקְרַב הֲלוֹם מִיָּד ⟨דְּאִתְפַּשַּׁט⟩ מִנַּיְיהוּ אִתְקַרִיב תַּמָּן
tikkunei-zohar	33	מְתִיבְתָּא	Tikkunei_Zohar.140.4	מתיבתא	ישיבה, בית מדרש	form	krupnik-1927:def	correct		קָם סָבָא מֵאִינוּן מָארֵי ⟨מְתִיבְתָּא⟩ וְאָמַר בּוֹצִינָא קַדִּישָׁא הָא סִמָּנִין אִלֵּין
tikkunei-zohar	34	וּמָאן	Tikkunei_Zohar.219.6	ומאנ	ומי	reviewed-form	reviewed	correct		אָמַר לֵיהּ ⟨וּמָאן⟩ גָּרִים דְּאִזְדְּרִיקוּ תַּמָּן אָמַר לֵיהּ דִּיּוֹקְנָא
tikkunei-zohar	35	דָּא	Tikkunei_Zohar.99.6	דא	זו	form	jastrow-1903:eq	correct		צָרִיךְ לְאַקָּמָא אֶלָּא בִידָא יְמִינָא וּבְגִין ⟨דָּא⟩ חַי יהו"ה שִׁכְבִי עַד הַבֹּקֶר
tikkunei-zohar	36	דְּאִינוּן	Tikkunei_Zohar.194.6	pron:אינונ	שהם	form+d	grammar:pronominal	correct		בִּשְׁכִינְתֵּיהּ צָרִיךְ לְהַפְשִׁיט מִנֵּיהּ כָּל מַחֲשָׁבִין ⟨דְּאִינוּן⟩ קְלִיפִין דְּאִתְּמַר בְּהוֹן משלי יט כא
tikkunei-zohar	37	כְּגוּפָא	Tikkunei_Zohar.230.2	גופא	כגוף	form+k	jastrow-1903:same	correct		אִיהוּ לְגַבֵּי עִלַּת עַל כָּל הָעִלּוֹת ⟨כְּגוּפָא⟩ לְגַבֵּי נִשְׁמָתָא דִּבְעִלַּת הָעִלּוֹת לֵית בֵּיהּ
tikkunei-zohar	38	וּבְגִין	Tikkunei_Zohar.14.3	בגינ	ובגלל · ולפי, משום	form+w	krupnik-1927:def	correct		סְרֵי כְּחֻשְׁבַּן שִׁית סְרֵי אַנְפִּין דְּחֵיוָן ⟨וּבְגִין⟩ דָּא אִיהוּ קוֹמֵץ כָּל נְקוּדִין צֵרִ"י
tikkunei-zohar	39	עָלְמָא	Tikkunei_Zohar.151.6	עלמא	עולם	form	krupnik-1927:def	correct		רְמַ"ח אֵבָרִים דְהַהוּא גוּפָא וְגוּפָא דְהַאי ⟨עָלְמָא⟩ שְׁפֵלָא אִיהוּ סַנְדָּל לְנִשְׁמָתָא דְּאִתְטַנַּף נ"א
tikkunei-zohar	40	תְּרֵין	Tikkunei_Zohar.220.5	תרינ	שנים	form	krupnik-1927:def	correct		וְכָפַל שְׁמֵיהּ ⟨תְּרֵין⟩ זִמְנִין מֹשֶׁה מֹשֶׁה שמות ג ד
tikkunei-zohar	41	שַׁעִִתָּא	Tikkunei_Zohar.3.2	שעתא	שעה	form	jastrow-1903:eq	correct		שַׁלִּיט עִִבֶד וְשִׁפְחָה עַל עָלְמָא וּבְהַהוּא ⟨שַׁעִִתָּא⟩ רָגְזָא שְׁכִינְתָּא הֲדָא הוּא דִכְתִיב משלי
tikkunei-zohar	42	אִלֵּין	Tikkunei_Zohar.3.9	אלינ	אלה	reviewed-form	reviewed	correct		בְּהוֹן שַׁלֵּחַ תְּשַׁלַּח אֶת הָאֵם וְעוֹד ⟨אִלֵּין⟩ דִּמְיַחֲדִין לוֹן כַּחֲדָא לְעַמּוּדָא דְאֶמְצָעִיתָא וּשְׁכִינְתָּא
tikkunei-zohar	43	וּמִינָהּ	Tikkunei_Zohar.214.7	pron:מינה	וממנה	form+w	grammar:pronominal	correct		חִוְורָא דְאִיהִי כְּבֵדָה עַל בַּר נַשׁ ⟨וּמִינָהּ⟩ יֵתוּן לֵיהּ כַּמָּה מַרְעִין בִּישִׁין דְּאִינוּן
tikkunei-zohar	44	דְּאִיהִי	Tikkunei_Zohar.75.6	דאיהי	שהיא	reviewed-form	reviewed	correct		דְּהַאי נְקוּדָה מָדִיד בְּהוֹן ה' נְקוּדִין ⟨דְּאִיהִי⟩ דְּנָפִיק מִגּוֹ אַוִּירָא דַכְיָא דְאִיהוּ כֶתֶר
tikkunei-zohar	45	בְּרִיךְ	Tikkunei_Zohar.99.9	בריכ	ברוך	reviewed-form	reviewed	correct		מִסִּטְרָא דִשְׂמָאלָא וְאִתְּמַר בְּהַהוּא זִמְנָא בְּקוּדְשָׁא ⟨בְּרִיךְ⟩ הוּא אַלְבִּישׁ שָׁמַיִם קַדְרוּת ישעיהו נ
tikkunei-zohar	46	וְדָא	Tikkunei_Zohar.29.2	ודא	וזה	reviewed-form	reviewed	correct		אִלֵּין תְּלַת לַאו אִיהוּ יִחוּדָא דִילֵיהּ ⟨וְדָא⟩ אִיהוּ רָזָא דְאִיהוּ קוּדְשָׁא בְּרִיךְ הוּא
tikkunei-zohar	47	לוֹן	Tikkunei_Zohar.123.10	לונ	להם	reviewed-form	reviewed	correct		וְאִלֵּין חֲמִשָּׁה חֲלוּקֵי אֲבָנִים נָטִיל ⟨לוֹן⟩ מִן הַנַּחַל דְּאִיהוּ יְסוֹד חַ"י עָלְמִין
tikkunei-zohar	48	רוּחָא	Tikkunei_Zohar.214.1	רוחא	רוח	reviewed-form	reviewed	correct		שִׁית תִּיקוּנִין מִסִּטְרָא דְאָת ו' דְּאִיהוּ ⟨רוּחָא⟩ קַדִּישָׁא נ"א דקודשא ברוך הוא דְּדָפִיק
tikkunei-zohar	49	רַחֲמֵי	Tikkunei_Zohar.246.5	רחמינ	רחמים	form	jastrow-1903:same	correct		וְחָרִישׁ נ"א וחריט אִיהוּ דִינָא דָא ⟨רַחֲמֵי⟩ וְדָא דִינָא דָּא אֲרִיךְ אַנְפִּין מִסִּטְרָא
zohar-chadash	0	אִלֵּין	Zohar_Chadash.27.24	אלינ	אלה	reviewed-form	reviewed	correct		אֲשֶׁר יַעֲשֶׂה יַצְלִיחַ תהילים א׳ ג׳ ⟨אִלֵּין⟩ פִּקּוּדִין דַּעֲשֵׂה דְּאִתְּמַר עָלַיְהוּ וְכָל אֲשֶׁר
zohar-chadash	1	לְיָמִינָא	Zohar_Chadash.6.8	ימינא	לימין	form+l	jastrow-1903:same	correct		וּמַחְזְקָא לֵיהּ עַל יַרְכוֹי דְּלָא יִסְטֵי ⟨לְיָמִינָא⟩ וְלִשְׂמָאלָא זַכָּאִין אִינוּן יִשְׂרָאֵל דְּקוּדְשָׁא בְּרִיךְ
zohar-chadash	2	תְּרֵין	Zohar_Chadash.9.31	תרינ	שנים	form	krupnik-1927:def	correct		וְאוּדְנִין וְאַנְפִּין וְחוֹטְמָא וּפוּמָא מִצְחָא וּמוֹחָא ⟨תְּרֵין⟩ עַיְינִין תְּרֵין אוּדְנִין תְּרֵין וְאַנְפּוֹי תְּרֵין
zohar-chadash	3	לֵיהּ	Zohar_Chadash.13.100	pron:ליה	לו	form	grammar:pronominal	correct		הוּא וְכָל אִינִישׁ דְּיַחֲזֵק בְּמָעֻזּוֹ וִיהֵיב ⟨לֵיהּ⟩ צְדָקָה יַעֲשֶׂה שָׁלוֹם לִי שָׁלוֹם יַעֲשֶׂה
zohar-chadash	4	כּוֹלָא	Zohar_Chadash.22.101	כולא	הכל, כל	form	krupnik-1927:def	correct		וּבְשַׁעֲתָא דְיִשְׂרָאֵל לָאו אִינוּן זַכָּאִין ⟨כּוֹלָא⟩ אִיהוּ בְּהִפּוּכָא וְעִם כָּל דָּא רְחִימוּ
zohar-chadash	5	שִׁית	Zohar_Chadash.22.44	שית	ששה	form	krupnik-1927:def	correct		הַאי דְרוֹר שְׁנַת הַחֲמִישִּׁים דַּאֲפֵיקַת מִינָהּ ⟨שִׁית⟩ אֶפְרוֹחִין וְהַאי צִפּוֹר
zohar-chadash	6	לֵילְיָא	Zohar_Chadash.23.732	ליליא	לילה	reviewed-form	reviewed	correct		נָשׁ בְּהַאי עַלְמָא נָפְקַת מִינֵיהּ בְּכָל ⟨לֵילְיָא⟩ וְלֵילְיָא בְּצַפְרָא אִתְהַדְּרָא לֵיהּ וְשַׁרְיָיא בְּחוֹטְמָא
zohar-chadash	7	לוֹן	Zohar_Chadash.16.8	לונ	להם	reviewed-form	reviewed	correct		אִי לָא יֵיתֵי עֲלַיְיהוּ דִינָא לֵית ⟨לוֹן⟩ לְאִשְׁתַּדְּלָא בְּאוֹרַיְיתָא וְאִי אָתֵי נִשְׁתַּדֵּל בָּהּ
zohar-chadash	8	בַּר	Zohar_Chadash.9.250	בר	בן	form	reviewed:reviewed	correct		זָכֵי לִבְנִין וְלִבְרַתָּא חָדָא אוֹ דִּיְלֵדַת ⟨בַּר⟩ וְאִסְתַּלְּקַת מֵעָלְמָא
zohar-chadash	9	עִלָּאִין	Zohar_Chadash.26.1	עלאינ	עליונים	reviewed-form	reviewed	correct		דִּמְתִיבְתָּא דִּלְעֵלָּא וּמְתִיבְתָּא תַּתָּאָה וְלִשְׁבַע טוּרִין ⟨עִלָּאִין⟩ דְּאִנּוּן תְּלָת אֲבָהָן וְרָעֲיָא מְהֵימָנָא וְאַהֲרֹן
zohar-chadash	10	קַמֵּיהּ	Zohar_Chadash.9.419	pron:קמיה	לפניו	form	grammar:pronominal	correct		אַלְפֵי רִבּוֹא מִשְׂמָאלֵיהּ תְּרֵיסַר אַלְפֵי רִבּוֹא ⟨קַמֵּיהּ⟩ תְּרֵיסַר אַלְפֵי רִבּוֹא מֵאֲחוֹרֵיהּ כָּל הַנֵּי
zohar-chadash	11	עָלְמָא	Zohar_Chadash.11.16	עלמא	עולם	form	krupnik-1927:def	correct		הַאי מִזְבֵּחַ מִמַּיָּא דְּאַבְרָהָם וּכְדֵין אִתְבָּרַךְ ⟨עָלְמָא⟩
zohar-chadash	12	מַאי	Zohar_Chadash.9.491	phrase	מהו הטעם, למה	phrase	krupnik-1927	correct		אִיהִי נָטְלָא שְׁמָא וְכֹלָּא אִיקְּרֵי שָׁמוֹר ⟨מַאי⟩ טַעְמָא בְּגִין דְּאִיהִי אַמְשִׁיכַת לֵיהּ לְגַבָּהּ
zohar-chadash	13	אָמַר	Zohar_Chadash.1.328	אמר	אמר	form	jastrow-1903:same	correct		לוֹ אוֹ לַדּוֹר שֶׁיִּהְיוּ יְתוֹמִים מִמְךָ ⟨אָמַר⟩ לוֹ אַל תֹּאמַר כָּךְ אֶלָּא וַוי
zohar-chadash	14	וְרָזָא	Zohar_Chadash.22.16	ורזא	וסוד	reviewed-form	reviewed	correct		דָא וּמִסִּטְרָא דָא וְדָא א דִּיוּקְנָא ⟨וְרָזָא⟩ דִילֵיהּ אָדָם אִיהוּ וְעַל דָּא רְשִׁימָא
zohar-chadash	15	הָכֵי	Zohar_Chadash.23.613	הכי	כן	form	krupnik-1927:def	correct		וְהַשְׁתָּא בְּגָלוּתָא אוּף ⟨הָכֵי⟩ טִיבוּ וּקְשׁוֹט סַגֵּי עֲבָדַת עִמִּי וְאוֹטִיבַת
zohar-chadash	16	בִּרְכָאן	Zohar_Chadash.23.511	ברכאנ	ברכות	reviewed-form	reviewed	correct		כַּד אַתְקָנַת עַל תְּרֵין כְּרוּבִים לְקַבְּלָא ⟨בִּרְכָאן⟩ בְּרָזָא דְּכ"ה אַתְוָון דְּיִחוּדָא דְּאִינוּן דברים
zohar-chadash	17	אֲמַר	Zohar_Chadash.1.522	אמר	אמר	form	jastrow-1903:same	correct		⟨אֲמַר⟩ כָּךְ פָּסְקוּ מָארֵי דְמַתְנִיתִין דְּכָל מַה
zohar-chadash	18	עֵינָא	Zohar_Chadash.26.36	עינא	עין	form	krupnik-1927:def	correct		דָּא כֶּתֶר עִלָּאָה וְעוֹד בְּשִׁבְעָה גִּלְדֵי ⟨עֵינָא⟩ דִּילֵהּ נַהֲרִין נִשְׁמָתִין דְּרִבִּי שִׁמְעוֹן וְשִׁית
zohar-chadash	19	מְמַנָּא	Zohar_Chadash.23.709	ממנא	ממונה	reviewed-form	reviewed	correct		כַּד אִסְתַּכַּלְנָא בְּהַהוּא חַלּוֹנָא קָרֵיב הַהוּא ⟨מְמַנָּא⟩ וענאל שְׁמֵיהּ דִּי מְמוּנֶּה עַל תַּרְעָא
zohar-chadash	20	שְׁכִינְתָּא	Zohar_Chadash.3.69	שכינתא	שכינה	reviewed-form	reviewed	correct		רַב הֲוָה אֲמַר אֲזַלְנָא לְמֶחֱמֵי אַפֵּי ⟨שְׁכִינְתָּא⟩
zohar-chadash	21	חַד	Zohar_Chadash.26.29	חד	אחד	form	jastrow-1903:eq	correct		סְלִיקַת בְּכָל לֵילְיָא בְּד' חֵיוָן דִּלְכָל ⟨חַד⟩ ד' גַּדְפִין וּבְהוֹן פָּרְחִין לְעֵלָּא לְגַבֵּי
zohar-chadash	22	עִילָּאִין	Zohar_Chadash.9.400	עילאינ	עליונים	reviewed-form	reviewed	correct		כָּלֵיל מִתְּלַת רוּחִין רָזָא דְּחַיּוֹת הַקֹּדֶשׁ ⟨עִילָּאִין⟩ דְּאִינוּן רָזָא דִּתְלַת קְדוּשָׁאן דְּנָחֲתָא מֵהַהוּא
zohar-chadash	23	דִכְתִיב	Zohar_Chadash.1.772	דכתיב	שכתוב	reviewed-form	reviewed	correct		שֶׁיִּתְּנֵהוּ לוֹ בֵּי דִינָא הֲדָא הוּא ⟨דִכְתִיב⟩ שמות כ״ב כ״ה אִם חָבֹל תַּחְבֹּל
zohar-chadash	24	אִינוּן	Zohar_Chadash.22.266	pron:אינונ	הם	form	grammar:pronominal	correct		תְּלָתִין וּתְרֵין שְׁבִילִין ⟨אִינוּן⟩ דְנָפְקֵי מֵאוֹרַיְיתָא וְאִינוּן רָזָא דְעֶשֶׂר אֲמִירָן
zohar-chadash	25	וְהַשְׁתָּא	Zohar_Chadash.23.567	השתא	ועכשיו	form+w	reviewed:reviewed	correct		⟨וְהַשְׁתָּא⟩ כֵּיוָן דְּאִתְקַדְּשִׁי אֶצְבָּעָן אִצְטְרִיךְ לְזָקְפָא לוֹן
zohar-chadash	26	טָבָא	Zohar_Chadash.9.411	טבא	טוב	form	krupnik-1927:def	correct		קַדִּישָׁא לְאִצְטַבַּע שְׁאָר אַבְנִין מֵהַהוּא אַבְנָא ⟨טָבָא⟩ דְּאִקְרֵי בָּרֶקֶת בְּגִין דְּאִצְטַבַּע מֵהַהוּא נְהִירוּ
zohar-chadash	27	לְתַתָּא	Zohar_Chadash.1.799	לתתא	למטה	reviewed-form	reviewed	correct		דַּאֲנָא חָמִית לֵיהּ כְּעַן בְּהַהוּא עָלְמָא ⟨לְתַתָּא⟩ מֵרַבִּי אֶלְעָזָר בְּרִי
zohar-chadash	28	דְּנָהֵיר	Zohar_Chadash.22.178	נהר	שהאיר · שנזכר	form+d	krupnik-1927:def	correct		יָאוֹת מַיִין מֵחֶדְוָה דְּחַמְרָא טָבָא עִילָּאָה ⟨דְּנָהֵיר⟩ אַנְפִּין וִיהֵיב חֶדְוָה לְלִבָּא וְכָל עָלְמִין
zohar-chadash	29	דְּהָא	Zohar_Chadash.23.525	דהא	שהרי	reviewed-form	reviewed	correct		מִינֵיהּ אִיהִי עִמְּהוֹן בְּגָלוּתְהוֹן וְלָא יָדְעֵי ⟨דְּהָא⟩ בְּשֵׁם קַדִּישָׁא דִּילָן אִינוּן מִתְתַּקְפִין דְּאִיהִי
zohar-chadash	30	בְּחוּלָקֵיהּ	Zohar_Chadash.16.50	חולק	בחלק שלו	form:n.pl+3ms+b	jastrow-1903:eq	correct		כַּד קַבֵּיל הַאי ה' דְּאִקְרֵי מִנְחָה ⟨בְּחוּלָקֵיהּ⟩ וְכָל חַמְשִׁין בִּרְכָאן דְּאַתְיָין מִכָּ"ל לְהַאי
zohar-chadash	31	עִילָּאָה	Zohar_Chadash.13.107	עילאה	עליון	form	krupnik-1927:def	correct		שְׁמָא דְּדוּכְתָּךְ יָדְעֵית אֲמַר לֵיהּ גְּלִילָא ⟨עִילָּאָה⟩ וְשָׁבַקְתְּ בַּר בְּעָלְמָא
zohar-chadash	32	בְּכָלְהוֹ	Zohar_Chadash.16.81	pron:כלהו	בכולם	form+b	grammar:pronominal	correct		אַחַת דַּעֲלָהּ ז' עַיְינִין וַעֲבָדַת דִּינִין ⟨בְּכָלְהוֹ⟩ דְּהַדִּיקוּ בְּנָהָא בֵּין רַגְלִין הַדִּיקַת לוֹן
zohar-chadash	33	בּוּצִינָא	Zohar_Chadash.9.495	בוצינא	נר	form	krupnik-1927:def	correct		לְבָתַר מִתְגַּלְגְּלָא ⟨בּוּצִינָא⟩ לְאִסְתַּלָּקָא וְזִיקִין וּשְׁבִיבִין אִשְׁתַּכָּכוּ וּכְדֵין נָפְקוֹ
zohar-chadash	34	בְּחָכְמְתָא	Zohar_Chadash.22.44	חכמתא	בחכמה	form+b	krupnik-1927:def	correct		יוֹבְלָא דִּכְתִיב וּקְרָאתֶם דְּרוֹר קֵן לָהּ ⟨בְּחָכְמְתָא⟩ עִילָּאָה צִפּוֹר וּדְרוֹר דָּא לְעֵילָא וְדָא
zohar-chadash	35	אִיהִי	Zohar_Chadash.9.67	איהי	היא	form	krupnik-1927:def	correct		חַמָּה בִּישָׁא ⟨אִיהִי⟩ גֵּיהִנֹּם דְּאִתְבְּרֵי בְּיוֹמָא תִּנְיָינָא וּבְסִטְרָא דְּדַרְגָּא
zohar-chadash	36	אִית	Zohar_Chadash.17.46	אית	יש	reviewed-form	reviewed	correct		כִּיסָא דְדִינָרִין דָּא בְּגִין דְּהַהוּא גַבְרָא ⟨אִית⟩ לֵיהּ בְּרָא חָדָא וְשִׁמְעוֹן שְׁמֵיהּ וַהֲוָה
zohar-chadash	37	דְּחָכְמְתָא	Zohar_Chadash.22.166	חכמתא	של חכמה	form+d	krupnik-1927:def	correct		דְאָתֵי וְכָּל שֶׁכֵּן אִינוּן דְּיָדְעֵי בְּרָזִין ⟨דְּחָכְמְתָא⟩ לְקַשְׁטָא קִישּׁוּטָהָא דְּלֵית שִׁיעוּרָא לְאַחְסָנַת יְרוּתָא
zohar-chadash	38	הַנֵּי	Zohar_Chadash.1.110	הני	אלה	reviewed-form	reviewed	correct		תָּא חֲזֵי ⟨הַנֵּי⟩ תְּרֵין קָיְימִין אִינוּן סָמְכִין דִּלְבַר וְאִינוּן
zohar-chadash	39	דְּקֻדְשָׁא	Zohar_Chadash.27.32	דקדשא	של הקדוש	reviewed-form	reviewed	correct		הָבָה לִי בָּנִים וּשְׁכִינְתָּא אִיהִי קֻרְבְּנָא ⟨דְּקֻדְשָׁא⟩ בְּרִיךְ הוּא דִּמְקַבֵּל לָהּ בִּימִינָא וּשְׂמָאלָא
zohar-chadash	40	אִיהוּ	Zohar_Chadash.22.63	איהו	הוא	form	krupnik-1927:def	correct		קַדִּישָׁא עִילָּאָה דְּאַרְבַּע שְׁמָהָן גְּלִיפָן וְהָא ⟨אִיהוּ⟩ רָזָא דְרָזִין רְתִיכָא עִילָּאָה דִשְׁמָהָן אדנ"י
zohar-chadash	41	יֵיעוֹל	Zohar_Chadash.1.19	עלל	יבוא	form:pe.impf.3ms	krupnik-1927:def	correct		הָכֵי אֶלָּא חוּשְׁבָּנָא קָיְימָא בְּסִיהֲרָא וּמִתַּמָּן ⟨יֵיעוֹל⟩ בַּר נָשׁ לְמִנְדַע לְעֵילָא אָמַר לֵיהּ
zohar-chadash	42	אַתְוָון	Zohar_Chadash.1.24	אתוונ	אותיות	reviewed-form	reviewed	correct		מִשְׁפָּטֶיךָ תְּהוֹם רַבָּה אַשְׁרֵי עֲלוֹי תְּרֵין ⟨אַתְוָון⟩ רְשִׁימָן בְּעִזְקָתָא דְמַלְכָּא הִיא עִזְקָא בָּה
zohar-chadash	43	דְּזָכִינָא	Zohar_Chadash.27.78	זכי	שנקה	form:pe.ptcp.1s+d	jastrow-1903:targum-h	incorrect	'that I merited'	בְּדִיּוֹקְנָא דִּלְעֵלָּא אָבִינוּ שֶׁבַּשָּׁמַיִם זַכָּאָה חוּלָקָנָא ⟨דְּזָכִינָא⟩ לְמֶהֱוֵי בָּךְ חוּלָקָא פָּתַח רִבִּי שִׁמְעוֹן
zohar-chadash	44	אֻמִּין	Zohar_Chadash.27.36	אמתא	אמה	form:n.pl	jastrow-1903:eq	correct		סְגוֹלְתָּא כַּד גָּלוּ יִשְׂרָאֵל וְאִזְדְּרִיקוּ בֵּין ⟨אֻמִּין⟩ דְּעָלְמָא לְד' סִטְרִין אִזְדְּרִיקוּ ד' אַתְוָן
zohar-chadash	45	דְּאִיתְּמָר	Zohar_Chadash.9.69	אמר	שנאמר	form:itpe.perf.3ms+d	jastrow-1903:same	correct		עַיְינִין סוּמְקִין אִינוּן מֶרְכָּבָה דְּחַיָּה דְשׁוֹר ⟨דְּאִיתְּמָר⟩ בַּהּ יחזקאל א׳ י׳ וּפְנֵי שׁוֹר
zohar-chadash	46	וְלֵית	Zohar_Chadash.1.227	לית	ואין	form+w	krupnik-1927:def	correct		בִּנְשִׁיָּ"ה אִית בְּנֵי נְשָׁא קְטוּעִין זְעִירִין ⟨וְלֵית⟩ לְהוֹן חוֹטְמִין בַּר תְּרֵין נוּקְבִין דְּנָפְקָא
zohar-chadash	47	יוֹמָא	Zohar_Chadash.27.100	יומא	יום	form	krupnik-1927:def	correct		עָרְלָה בְּמָאנָא דעַפְרָא אָמַר לוֹ בְּרִי ⟨יוֹמָא⟩ חֲדָא שָׂכִילְנָא לְאֵלִיָּהוּ שָׁאִילְנָא לֵהּ עָרְלָה
zohar-chadash	48	לֵיהּ	Zohar_Chadash.21.1	pron:ליה	לו	form	grammar:pronominal	correct		רַבִּי שִׁמְעוֹן בֶּן יוֹחָאי אֲזַל ⟨לֵיהּ⟩ וַעֲרַק לְמַדְבְּרָא דְלוּד וְאִתְגְּנֵיז בְּחַד מְעַרְתָּא
zohar-chadash	49	דִּכְתִיב	Zohar_Chadash.22.333	דכתיב	שכתוב	reviewed-form	reviewed	correct		מַלְכָּא רָדֵיף בַּתְרֵיהּ הֲוָה אֲמַר שִׁירָה ⟨דִּכְתִיב⟩ ט שם ג מִזְמוֹר לְדָוִד בִּהְיוֹתוֹ
onkelos	0	אֲנָא	Deuteronomy.32.3	pron:אנא	אני	form	grammar:pronominal	correct		אֲרֵי בִּשְׁמָא דַיְיָ ⟨אֲנָא⟩ מְצַלֵי הָבוּ רְבוּתָא קֳדָם אֱלָהָנָא
onkelos	1	מִן	Exodus.17.16	מנ	מן	reviewed-form	reviewed	correct		וַאֲמַר בִּשְׁבוּעָה אֲמִירָא דָא ⟨מִן⟩ קֳדָם דְחֵילָא דִשְׁכִנְתֵּהּ עַל כָּרְסֵהּ יְקָרֵהּ
onkelos	2	וִיהוֹן	Exodus.26.24	הוה	ויהיו	form:pe.impf.3mp+w	reviewed:reviewed	correct		⟨וִיהוֹן⟩ מְכַוְנִין מִלְרַע וְכַחֲדָא יְהוֹן מְכַוְנִין עַל
onkelos	3	עַל	Genesis.34.25	על	על	reviewed-form	reviewed	correct		וְלֵוִי אֲחֵי דִּינָה גְּבַר חַרְבֵּהּ וְעַלּוּ ⟨עַל⟩ קַרְתָּא דְּיָתְבוּן לְרָחֲצָן וּקְטָלוּ כָּל דְּכוּרָא
onkelos	4	קוּדְשַׁיָא	Leviticus.17.8	קודשיא	הקדשים	reviewed-form	reviewed	correct		בֵּינֵיכוֹן דִי יַסֵק עֲלָתָא אוֹ נִכְסַת ⟨קוּדְשַׁיָא⟩
onkelos	5	אָעָא	Leviticus.14.51	אע	עץ	form	jastrow-1903:targum-h	correct		וְיִסַב יָת ⟨אָעָא⟩ דְאַרְזָא וְיָת אֵזוֹבָא וְיָת צְבַע זְהוֹרִי
onkelos	6	לָךְ	Leviticus.25.16	לכ	לך	reviewed-form	reviewed	correct		זְבִינוֹהִי אֲרֵי מִנְיַן עֲלַלְתָּא הוּא מְזַבֵּן ⟨לָךְ⟩
onkelos	7	לֵהּ	Genesis.38.14	לה	לה	reviewed-form	reviewed	incorrect	Onkelos לֵהּ is masculine 'to him' (לו)	אֲרֵי רְבָא שֵׁלָה וְהִיא לָא אִתְיְהִיבַת ⟨לֵהּ⟩ לְאִנְתּוּ
onkelos	8	לַאֲרִיחַיָא	Exodus.37.14	אריחא	למוט	form:n.pl+l	krupnik-1927:def	correct		לָקֳבֵל גְדַנְפָא הֲווֹ עִזְקָתָא אַתְרָא ⟨לַאֲרִיחַיָא⟩ לְמִטַל יָת פָּתוֹרָא
onkelos	9	אֲרֵי	Leviticus.2.1	ארי	כי	reviewed-form	reviewed	correct		וֶאֱנַשׁ ⟨אֲרֵי⟩ יְקָרֵב קוּרְבַּן מִנְחָתָא קֳדָם יְיָ סוּלְתָּא
onkelos	10	דָּא	Genesis.9.12	דא	זאת	reviewed-form	reviewed	correct		וַאֲמַר יְיָ ⟨דָּא⟩ אָת קְיָם דִּי אֲנָא יָהֵב בֵּין
onkelos	11	וּתְהֵי	Genesis.24.41	הוה	ותהיה	form:pe.impf.2ms+w	reviewed:reviewed	correct		תְהַךְ לְזַרְעִיתִי וְאִם לָא יִתְּנוּן לָךְ ⟨וּתְהֵי⟩ זַכַּי מִמּוּמָתִי
onkelos	12	רְקָם	Genesis.16.14	רקמ	רקם	form	jastrow-1903:eq	correct		קַיָימָא אִתַּחֲזִי עֲלַהּ הָא הִיא בֵּין ⟨רְקָם⟩ וּבֵין חַגְרָא
onkelos	13	לְחַבְרֵהּ	Deuteronomy.27.24	חבר	לאחבירה	form+l	jastrow-1903:targum-h	incorrect	garbled rendering of 'to his fellow'	לִיט דְיִמְחֵי ⟨לְחַבְרֵהּ⟩ בְּסִתְרָא וְיֵימַר כָּל עַמָא אָמֵן
onkelos	14	וְעַל	Leviticus.14.17	ועל	ועל	reviewed-form	reviewed	correct		דְמִדַכֵּי דְיַּמִינָא וְעַל אִלְיוֹן יְדֵהּ דְיַמִינָא ⟨וְעַל⟩ אִלְיוֹן רַגְלֵהּ דְיַמִינָא עַל דְמָא דַאֲשָׁמָא
onkelos	15	עַל	Leviticus.24.14	על	על	reviewed-form	reviewed	correct		וְיִסְמְכוּן כָּל דִי שְׁמָעוּ יָת יְדֵיהוֹן ⟨עַל⟩ רֵישֵׁהּ וְיִרְגְמוּן יָתֵהּ כָּל כְּנִשְּׁתָּא
onkelos	16	לִבְנֵי	Numbers.35.15	לבני	לבני	reviewed-form	reviewed	correct		⟨לִבְנֵי⟩ יִשְׂרָאֵל וּלְגִיוֹרַיָא וּלְתוֹתָבַיָא דְבֵינֵיכוֹן יֶהֶוְיַן שִׁית
onkelos	17	יְהַב	Deuteronomy.28.53	יהב	נתן	reviewed-form	reviewed	correct		וַלְדָא דִמְעָךְ בְּשַׂר בְּנָיךְ וּבְנָתָיךְ דִי ⟨יְהַב⟩ לָךְ יְיָ אֱלָהָךְ בִּצְיָרָא וּבְעַקְתָא דְיָעֵק
onkelos	18	תְּרֵין	Exodus.29.3	תרינ	שנים	form	krupnik-1927:def	correct		וּתְקָרֵב יָתְהוֹן בְּסַלָא וְיָת תּוֹרָא וְיָת ⟨תְּרֵין⟩ דִכְרִין
onkelos	19	דִי	Deuteronomy.4.44	די	אשר	reviewed-form	reviewed	correct		וְדָא אוֹרַיְתָא ⟨דִי⟩ סַדַר מֹשֶׁה קֳדָם בְּנֵי יִשְׂרָאֵל
onkelos	20	זַכָּאָה	Deuteronomy.25.1	זכאה	צדיק	form	krupnik-1927:def	correct		גֻבְרַיָא וְיִתְקָרְבוּן לְדִינָא וִידוּנֻנוּן וִיזַכּוּן יָת ⟨זַכָּאָה⟩ וִיחַיְבוּן יָת חַיָבָא
onkelos	21	אֲרֵי	Numbers.32.15	ארי	כי	reviewed-form	reviewed	correct		⟨אֲרֵי⟩ תְתוּבוּן מִבָּתַר דַחַלְתֵּיהּ וְיוֹסִיף עוֹד לְאַחֲרוּתְהוֹן
onkelos	22	נְהוֹרָא	Genesis.1.3	נהורא	אור	reviewed-form	reviewed	correct		וַאֲמַר יְיָ יְהֵי נְהוֹרָא וַהֲוָה ⟨נְהוֹרָא⟩
onkelos	23	יְקוּמָא	Genesis.7.23	יקומא	יקום	form	jastrow-1903:same	correct		וּמְחָא יָת כָּל ⟨יְקוּמָא⟩ דִּי עַל אַפֵּי אַרְעָא מֵאֱנָשָׁא עַד
onkelos	24	אֲנָא	Leviticus.26.42	pron:אנא	אני	form	grammar:pronominal	correct		קְיָמִי דְעִם אַבְרָהָם אֲנָא דָכִיר וְאַרְעָא ⟨אֲנָא⟩ דָכִיר
onkelos	25	וַלְדָא	Deuteronomy.28.51	דא	ולזו	form+wl	jastrow-1903:eq	incorrect	'offspring (of your cattle)', not ו+ל+דא	וְיֵיכוּל ⟨וַלְדָא⟩ דִבְעִירָךְ וְאִבָּא דְאַרְעָךְ עַד דְתִשְׁתֵּצֵי דִי
onkelos	26	יָת	Exodus.18.1	ית	את	form	jastrow-1903:eq	correct		לְמשֶׁה וּלְיִשְׂרָאֵל עַמֵהּ אֲרֵי אַפִּיק יְיָ ⟨יָת⟩ יִשְׂרָאֵל מִמִצְרָיִם
onkelos	27	אַרְעָא	Genesis.8.17	ארעא	אדמה, ארץ	form	krupnik-1927:def	correct		בְּעוֹפָא וּבִבְעִירָא וּבְכָל רִחֲשָׁא דְּרָחֵשׁ עַל ⟨אַרְעָא⟩ אַפֵּיק עִמָּךְ וְיִתְיַלְּדוּן בְּאַרְעָא וְיִפְּשׁוּן וְיִסְגּוּן
onkelos	28	מִנְהוֹן	Leviticus.22.22	pron:מנהונ	מהם	form	grammar:pronominal	correct		אִלֵין קֳדָם יְיָ וְקֻרְבָּנָא לָא תִתְּנוּן ⟨מִנְהוֹן⟩ עַל מַדְבְּחָא קֳדָם יְיָ
onkelos	29	בְּנֵי	Numbers.36.1	בני	בני	reviewed-form	reviewed	correct		גִלְעָד בַּר מָכִיר בַּר מְנַשֶׁה מִזַרְעֲיַת ⟨בְּנֵי⟩ יוֹסֵף וּמַלִילוּ קֳדָם משֶׁה וְקָדָם רַבְרְבַיָא
onkelos	30	אַלְפִין	Numbers.31.43	אלפינ	אלפים	reviewed-form	reviewed	correct		מִן עָנָא תְּלַת מְאָה וּתְלָתִין וְשַׁבְעָא ⟨אַלְפִין⟩ וַחֲמֵשׁ מְאָה
onkelos	31	בֵּית	Genesis.35.6	בית	בית	reviewed-form	reviewed	correct		יַעֲקֹב לְלוּז דִּי בְאַרְעָא דִכְנַעַן הִיא ⟨בֵּית⟩ אֵל הוּא וְכָל עַמָּא דִי עִמֵּהּ
onkelos	32	אַתּוּן	Genesis.42.9	pron:אתונ	אתם	form	grammar:pronominal	correct		דִּי חֲלִים לְהוֹן וַאֲמַר לְהוֹן מְאַלְלִין ⟨אַתּוּן⟩ לְמֶחֱזֵי יָת בִּדְקָא דְאַרְעָא אֲתֵיתוּן
onkelos	33	אֲרֵי	Deuteronomy.20.17	ארי	כי	reviewed-form	reviewed	correct		⟨אֲרֵי⟩ גַמָרָא תְגַמְרִנוּן חִתָּאֵי וֶאֱמֹרָאֵי כְּנַעֲנָאֵי וּפְרִזָאֵי
onkelos	34	דְאַרְזָא	Leviticus.14.49	דארזא	קשה	form	krupnik-1927:def	incorrect	'of cedar'	לְדַכָּאָה יָת בֵּיתָא תַּרְתֵּין צִפֲּרִין וְאָעָא ⟨דְאַרְזָא⟩ וּצְבַע זְהוֹרִי וְאֵזוֹבָא
onkelos	35	וַאֲמַר	Genesis.7.1	אמר	ואמר	form+w	jastrow-1903:same	correct		⟨וַאֲמַר⟩ יְיָ לְנֹחַ עוּל אַתְּ וְכָל אֱנַשׁ
onkelos	36	עַל	Genesis.48.14	על	על	reviewed-form	reviewed	correct		רֵישָׁא דְאֶפְרַיִם וְהוּא זְעֵירָא וְיָת שְׂמָאלֵהּ ⟨עַל⟩ רֵישָׁא דִּמְנַשֶּׁה אַחְכִּמִינּוּן לִידוֹהִי אֲרֵי מְנַשֶּׁה
onkelos	37	וּמַלִיל	Leviticus.22.1	ומליל	ודיבר	reviewed-form	reviewed	correct		⟨וּמַלִיל⟩ יְיָ עִם מֹשֶׁה לְמֵימָר
onkelos	38	עַל	Exodus.28.35	על	על	reviewed-form	reviewed	correct		וִיהֵי ⟨עַל⟩ אַהֲרֹן לְשַׁמָשָׁא וְיִשְׁתְּמַע קָלֵהּ בְּמֵעֲלֵהּ לְקוּדְשָׁא
onkelos	39	לָא	Genesis.24.8	לא	לא	form	jastrow-1903:same	correct		זַכָּאָה מִמּוֹמָתִי דָּא לְחוֹד יָת בְּרִי ⟨לָא⟩ תָתֵב לְתַמָּן
onkelos	40	וְכָל	Leviticus.15.9	וכל	וכל	reviewed-form	reviewed	correct		⟨וְכָל⟩ מֶרְכְּבָא דִי יִרְכּוּב עֲלוֹהִי דוֹבָנָא יְהֵי
onkelos	41	דְמִצְרָאֵי	Exodus.9.22	מצראי	של מצרי	form+d	krupnik-1927:def	correct		צֵית שְׁמַיָא וִיהֵי בַרְדָא בְּכָל אַרְעָא ⟨דְמִצְרָאֵי⟩ עַל אֲנָשָׁא וְעַל בְּעִירָא וְעַל כָּל
onkelos	42	מִגוֹ	Deuteronomy.5.21	מגו	מתוך	reviewed-form	reviewed	correct		וְיָת רְבוּתֵהּ וְיָת קָל מֵימְרֵהּ שְׁמַעְנָא ⟨מִגוֹ⟩ אֶשָׁתָא יוֹמָא הָדֵין חֲזֵינָא אֲרֵי יְמַלֵל
onkelos	43	בְּמַשְׁכָּא	Leviticus.13.22	משכא	בעור	form+b	krupnik-1927:def	correct		וְאִם אוֹסָפָא תוֹסֵף ⟨בְּמַשְׁכָּא⟩ וִיסָאֵב כַּהֲנָא יָתֵהּ מַכְתָּשָׁא הִיא
onkelos	44	וְאַמְתָא	Exodus.37.6	אמתא	ואמה	form+w	jastrow-1903:eq	correct		דְהַב דְכֵי תַּרְתֵּין אַמִין וּפַלְגָא אֻרְכַּהּ ⟨וְאַמְתָא⟩ וּפַלְגָא פְתָיַהּ
onkelos	45	לַחֲדָא	Exodus.12.38	לחדא	מאד	form	krupnik-1927:def	correct		סְלִיקוּ עִמְהוֹן וְעָנָא וְתוֹרִין בְּעִירָא סַגִי ⟨לַחֲדָא⟩
onkelos	46	דִדְהַב	Exodus.28.36	דהב	שזהב	form+d	krupnik-1927:def	incorrect	'of gold' (של זהב), ד before a noun	וְתַעְבֵּד צִיצָא ⟨דִדְהַב⟩ דְכֵי וְתִגְלוֹף עֲלוֹהִי כְּתַב מִפָרַשׁ קֹדֶשׁ
onkelos	47	דִּשְׁמַיָּא	Genesis.1.28	שמיא	של שמים	form+d	jastrow-1903:eq	correct		וּתְקוּפוּ עֲלַהּ וּשְׁלוּטוּ בְּנוּנֵי יַמָּא וּבְעוֹפָא ⟨דִּשְׁמַיָּא⟩ וּבְכָל חַיְתָא דְּרָחֵשָׁא עַל אַרְעָא
onkelos	48	בְּיוֹמָא	Leviticus.13.6	יומא	ביום	form+b	krupnik-1927:def	correct		וְיֶחֱזֵי כַהֲנָא יָתֵהּ ⟨בְּיוֹמָא⟩ שְׁבִיעָאָה תִּנְיָנוּת וְהָא עַמְיָא מַכְתָּשָׁא וְלָא
onkelos	49	יָתְהוֹן	Numbers.3.16	pron:יתהונ	אותם	form	grammar:pronominal	correct		וּמְנָא ⟨יָתְהוֹן⟩ משֶׁה עַל מֵימְרָא דַיְיָ כְּמָא דְאִתְפַּקָד
onkelos	50	פוּם	Exodus.28.32	פומ	פה	form	krupnik-1927:def	correct		וִיהֵי ⟨פוּם⟩ רֵישֵׁהּ כָּפִיל לְגַוֵּהּ תּוֹרָא יְהֵא מַקַף
onkelos	51	וְכָל	Leviticus.15.17	וכל	וכל	reviewed-form	reviewed	correct		⟨וְכָל⟩ לְבוּשׁ וְכָל מְשַׁךְ דִי יְהֵי עֲלוֹהִי
onkelos	52	אֲנָא	Genesis.21.24	pron:אנא	אני	form	grammar:pronominal	correct		וַאֲמַר אַבְרָהָם ⟨אֲנָא⟩ אֲקַיֵּם
onkelos	53	וְלָא	Deuteronomy.15.9	לא	ולא	form+w	jastrow-1903:same	correct		שַׁתָּא דִשְׁמִטְתָא וְתַבְאֵשׁ עֵינָךְ בְּאָחוּךְ מִסְכֵּנָא ⟨וְלָא⟩ תִתֵּן לֵהּ וְיִקְרֵי עֲלָךְ קֳדָם יְיָ
onkelos	54	וַאֲמַר	Exodus.12.43	אמר	ואמר	form+w	jastrow-1903:same	correct		⟨וַאֲמַר⟩ יְיָ לְמשֶׁה וּלְאַהֲרֹן דָא גְזֵירַת פִּסְחָא
onkelos	55	חַד	Numbers.35.30	חד	אחד	form	jastrow-1903:eq	correct		לְפוּם סַהֲדִין יִקְטוֹל יָת קָטוֹלָא וְסָהִיד ⟨חַד⟩ לָא יַסְהִד בֶּאֱנַשׁ לְמִקְטָל
onkelos	56	אוֹרַיְתָא	Deuteronomy.1.5	אוריתא	התורה	reviewed-form	reviewed	correct		דְמוֹאָב שָׁרֵי מֹשֶׁה פָּרֵשׁ יָת אוּלְפַן ⟨אוֹרַיְתָא⟩ הָדָא לְמֵימָר
onkelos	57	יָת	Deuteronomy.5.15	ית	את	form	jastrow-1903:eq	correct		עַל כֵּן פַּקְדָךְ יְיָ אֱלָהָךְ לְמֶעְבַּד ⟨יָת⟩ יוֹמָא דְשַׁבְּתָא
onkelos	58	וְאַרְעָא	Genesis.14.19	ארעא	ואדמה, ארץ	form+w	krupnik-1927:def	correct		בְּרִיךְ אַבְרָם לְאֵל עִלָאָה דְקִנְיָנֵהּ שְׁמַיָא ⟨וְאַרְעָא⟩
onkelos	59	דִירִיעֲתָא	Exodus.26.5	יריעתא	של מסך	form+d	krupnik-1927:def	correct		בִּירִיעֲתָא חֲדָא וְחַמְשִׁין עֲנוּבִין תַּעְבֵּד בְּסִטְרָא ⟨דִירִיעֲתָא⟩ דְבֵית לוֹפֵי תִּנְיָנָא מְכַוְנָן עֲנוּבַיָא חֲדָא
onkelos	60	לֵאלָהָא	Genesis.46.1	אלה	לאלוה	form+l	jastrow-1903:eq	correct		לֵהּ וַאֲתָא לִבְאֵר שָׁבַע וּדְבַח דִּבְחִין ⟨לֵאלָהָא⟩ דְאֲבוּהִי יִצְחָק
onkelos	61	יָהֵב	Deuteronomy.20.16	יהב	נתן	reviewed-form	reviewed	correct		מִקִרְוֵי עַמְמַיָא הָאִלֵין דִי יְיָ אֱלָהָךְ ⟨יָהֵב⟩ לָךְ אַחֲסָנָא לָא תְקַיַם כָּל נִשְׁמָתָא
onkelos	62	כְּנַעֲנָאֵי	Genesis.10.18	כנענאה	כנעני	form:n.pl	krupnik-1927:def	correct		וְיָת חֲמָתָאֵי וּבָתַר כֵּן אִתְבַּדָּרוּ זַרְעֲיַת ⟨כְּנַעֲנָאֵי⟩
onkelos	63	וְשִׁתָּא	Exodus.25.32	שתא	ושנה	form+w	jastrow-1903:eq	incorrect	'and six'	⟨וְשִׁתָּא⟩ קְנִין נָפְקִין מִסִטְרָהָא תְּלָתָא קְנֵי מְנַרְתָּא
onkelos	64	בַר	Genesis.24.36	בר	בן	form	reviewed:reviewed	correct		וִילֵידַת שָׂרָה אִתַּת רִבּוֹנִי ⟨בַר⟩ לְרִבּוֹנִי בָּתַר דְּסֵיבָת וִיהַב לֵהּ יָת
onkelos	65	הַהִיא	Numbers.22.4	ההיא	ההיא	reviewed-form	reviewed	correct		וּבָלָק בַּר צִפּוֹר מַלְכָּא לְמוֹאָב בְּעִידָנָה ⟨הַהִיא⟩
onkelos	66	וּבַת	Deuteronomy.14.13	בת	ובת בליעל	form+w	jastrow-1903:targum-h	incorrect	'and the daughter / and the (bird) bat' — not 'wicked daughter'	⟨וּבַת⟩ כַּנְפָא וְטָרָפִיתָא וְדַיְתָא לִזְנַהּ
onkelos	67	אֲרֵי	Deuteronomy.24.19	ארי	כי	reviewed-form	reviewed	correct		⟨אֲרֵי⟩ תַחְצוֹד חֲצָדָךְ בְּחַקְלָךְ וְתִנְשֵׁי עֻמְרָא בְחַקְלָא
onkelos	68	אוֹ	Leviticus.12.6	או	או	reviewed-form	reviewed	correct		וּבְמִשְׁלַם יוֹמֵי דָכוּתַהּ לִבְרָא ⟨אוֹ⟩ לִבְרַתָּא תַּיְתִי אִמָר בַּר שַׁתֵּהּ לַעֲלָתָא
onkelos	69	יָת	Genesis.19.21	ית	את	form	jastrow-1903:eq	correct		אַף לְפִתְגָּמָא הָדֵין בְּדִיל דְּלָא לְמֵהְפַּךְ ⟨יָת⟩ קַרְתָּא דִּבְעִיתָא עֲלַהּ
onkelos	70	וְיָת	Exodus.40.11	ית	ואת	form+w	jastrow-1903:eq	correct		וּתְרַבֵּי יָת כִּיוֹרָא ⟨וְיָת⟩ בְּסִיסֵהּ וּתְקַדֵשׁ יָתֵהּ
onkelos	71	יָת	Leviticus.8.22	ית	את	form	jastrow-1903:eq	correct		וְקָרִיב ⟨יָת⟩ דִכְרָא תִנְיָנָא דְכַר קוּרְבָּנַיָא וּסְמָכוּ אַהֲרֹן
onkelos	72	שְׁמִיעַ	Genesis.21.17	שמע	שמע	form	jastrow-1903:same	correct		מָה לָיךְ הָגָר לָא תִדְחֲלִי אֲרֵי ⟨שְׁמִיעַ⟩ קֳדָם יְיָ יָת קָלֵהּ דְּרַבְיָא בַּאֲתַר
onkelos	73	אַתְרָא	Genesis.18.26	אתרא	מקום	form	krupnik-1927:def	correct		חַמְשִׁין זַכָּאִין בְּגוֹ קַרְתָּא וְאֶשְׁבּוֹק לְכָל ⟨אַתְרָא⟩ בְּדִילְהוֹן
onkelos	74	לָא	Deuteronomy.9.18	לא	לא	form	jastrow-1903:same	correct		וְאַרְבְּעִין לֵילָוָן לַחְמָא לָא אֲכָלִית וּמַיָא ⟨לָא⟩ אִשְׁתֵּיתִי עַל כָּל חוֹבֵיכוֹן דִי חַבְתּוּן
onkelos	75	וּנְפַק	Genesis.24.63	נפק	וכיוצא בו	form+w	jastrow-1903:eq	incorrect	'and went out'	⟨וּנְפַק⟩ יִצְחָק לְצַלָּאָה בְחַקְלָא לְמִפְנֵי רַמְשָׁא וּזְקַף
onkelos	76	גְבַר	Genesis.9.5	גבר	איש	reviewed-form	reviewed	correct		כָּל חַיְתָא אֶתְבְּעִנֵהּ וּמִיַד אֱנָשָׁא מִיַד ⟨גְבַר⟩ דְיֵשׁוֹד יָת דְמָא דַאֲחוֹהִי אֶתְבַּע יָת
onkelos	77	בְחַקְלָא	Exodus.9.3	חקלא	בשדה	form+b	krupnik-1927:def	correct		מִן קֳדָם יְיָ הַוְיָא בִּבְעִירָךְ דִי ⟨בְחַקְלָא⟩ בְּסוּסְוָתָא בַּחֲמָרֵי בְּגַמְלֵי בְּתוֹרֵי וּבְעָנָא מוֹתָא
onkelos	78	יוֹמָא	Leviticus.23.11	phrase	חג, יום טוב	phrase	krupnik-1927	correct		עוּמְרָא קֳדָם יְיָ לְרַעֲוָא לְכוֹן מִבָּתַר ⟨יוֹמָא⟩ טָבָא יְרִימִנֵהּ כַּהֲנָא
onkelos	79	לְיַעֲקֹב	Genesis.30.1	עקב	ירדוף · קיפח ועקר, ביטל	form:pe.impf.3ms	krupnik-1927:def	incorrect	the name Jacob with ל	וַחֲזַת רָחֵל אֲרֵי לָא יְלִידַת ⟨לְיַעֲקֹב⟩ וְקַנִּיאַת רָחֵל בַּאֲחָתַהּ וַאֲמֶרֶת לְיַעֲקֹב הַב
onkelos	80	בְּנֵי	Numbers.15.18	בני	בני	reviewed-form	reviewed	correct		מַלֵל עִם ⟨בְּנֵי⟩ יִשְׂרָאֵל וְתֵימַר לְהוֹן בְּמֵעַלְכוֹן לְאַרְעָא דִי
onkelos	81	עִם	Leviticus.18.18	עמ	עם	reviewed-form	reviewed	correct		וְאִתְּתָא ⟨עִם⟩ אֲחָתָהּ לָא תִסָב לְעָקָאָה לְגַלָאָה עֶרְיְתָהּ
onkelos	82	לָא	Numbers.5.13	לא	לא	form	jastrow-1903:same	correct		וְהִיא מְסָאֲבָא וְסָהִיד לֵית בַּהּ וְהִיא ⟨לָא⟩ אִתַּחָדַת
onkelos	83	הוּא	Genesis.29.12	הוא	הוא	reviewed-form	reviewed	correct		יַעֲקֹב לְרָחֵל אֲרֵי בַר אֲחַת אָבוּהָא ⟨הוּא⟩ וַאֲרֵי בַר רִבְקָה הוּא וּרְהָטַת וְחַוִּיאַת
onkelos	84	וּפַקֵּיד	Genesis.44.1	פקד	ונתן צו	form:pa.perf.3ms+w	krupnik-1927:def	correct		⟨וּפַקֵּיד⟩ יָת דִּי מְמַנָּא עַל בֵּיתֵהּ לְמֵימַר
onkelos	85	תֵּיכְלוּן	Leviticus.11.22	תיכלונ	תאכלו	reviewed-form	reviewed	correct		יָת אִלֵין מִנְהוֹן ⟨תֵּיכְלוּן⟩ יָת גוֹבָא לִזְנֵהּ וְיָת רָשׁוּנָא לִזְנוֹהִי
onkelos	86	יָת	Genesis.39.7	ית	את	form	jastrow-1903:eq	correct		בָּתַר פִּתְגָּמַיָּא הָאִלֵּין וּזְקָפַת אִתַּת רִבּוֹנֵהּ ⟨יָת⟩ עֵינָהָא לְיוֹסֵף וַאֲמֶרֶת שְׁכוּב עִמִּי
onkelos	87	עִמְהוֹן	Numbers.21.19	pron:עמהונ	עמהם	form	grammar:pronominal	correct		לְהוֹן נַחֲתָא עִמְהוֹן לְנַחֲלַיָא וּמִנַחֲלַיָא סָלְקָא ⟨עִמְהוֹן⟩ לְרָמָתָא
onkelos	88	יָדַע	Leviticus.5.4	ידע	ידע	form	jastrow-1903:same	correct		אֱנָשָׁא בְּקִיוּם וִיהֵי מְכַסָא מִנֵהּ וְהוּא ⟨יָדַע⟩ וְחָב לַחֲדָא מֵאִלֵין
onkelos	89	הֲווֹ	Numbers.27.3	הוה	הווים	form:pe.ptcp.mp	reviewed:reviewed	incorrect	'were' (past)	דְקֹרַח אֲרֵי בְחוֹבֵיהּ מִית וּבְנִין לָא ⟨הֲווֹ⟩ לֵיהּ
onkelos	90	תִנְיָנָא	Exodus.16.1	תנינא	שנינו	reviewed-form	reviewed	incorrect	'second' (month)	וּבֵין סִינָי בְּחַמְשַׁת עַסְרָא יוֹמָא לְיַרְחָא ⟨תִנְיָנָא⟩ לְמִפָּקְהוֹן מֵאַרְעָא דְמִצְרַיִם
onkelos	91	לְמֵימָר	Deuteronomy.1.9	למימר	לאמר	reviewed-form	reviewed	correct		וַאֲמָרִית לְכוֹן בְּעִדָנָא הַהִיא ⟨לְמֵימָר⟩ לֵית אֲנָא יָכִיל בִּלְחוֹדִי לְסוֹבָרָא יָתְכוֹן
onkelos	92	בַתְרָאָה	Exodus.4.8	בתראה	אחרון	form	krupnik-1927:def	correct		לְקַל אָתָא קַדְמָאָה וִיהֵמְנוּן לְקַל אָתָא ⟨בַתְרָאָה⟩
onkelos	93	עֲלֵיהוֹן	Leviticus.26.43	pron:עליהונ	עליהם	form	grammar:pronominal	correct		יָת חוֹבֵיהוֹן לְוָטִין חֳלַף בִּרְכָן אַיְתִי ⟨עֲלֵיהוֹן⟩ בְּדִיל דִבְדִינַי קָצוּ וְיָת קְיָמַי רְחֵקַת
onkelos	94	יָת	Leviticus.24.23	ית	את	form	jastrow-1903:eq	correct		יִשְׂרָאֵל עֲבָדוּ כְּמָא דִי פַּקֵיד יְיָ ⟨יָת⟩ מֹשֶׁה
onkelos	95	לְמִבָּרָא	Leviticus.24.14	מברא	לעבָרה על פני נהר	form+l	krupnik-1927:def	incorrect	'outside' (לברא)	אַפֵּק יָת דְאַרְגֵז ⟨לְמִבָּרָא⟩ לְמַשְּׁרִיתָא וְיִסְמְכוּן כָּל דִי שְׁמָעוּ יָת
onkelos	96	דִי	Leviticus.11.10	די	אשר	reviewed-form	reviewed	correct		מִכֹּל רִחֲשָׁא דְמַיָא וּמִכֹּל נַפְשָׁא חַיְתָא ⟨דִי⟩ בְמַיָא שִׁקְצָא אִנוּן לְכוֹן
onkelos	97	דֵין	Exodus.2.18	דינ	זה	reviewed-form	reviewed	correct		וַאֲמַר מָה דֵין אוֹחִיתוּן לְמֵיתֵי יוֹמָא ⟨דֵין⟩
onkelos	98	רְבוּתָא	Leviticus.21.12	רבותא	חדוש, דבר פלא	form	krupnik-1927:def	incorrect	'greatness; anointing (oil)', not 'novelty'	יָת מַקְדְשָׁא דֶאֱלָהֵהּ אֲרֵי כְּלִיל מְשַׁח ⟨רְבוּתָא⟩ דֶאֱלָהֵהּ עֲלוֹהִי אֲנָא יְיָ
onkelos	99	קַבֶּלְתּוּן	Deuteronomy.1.43	קבל	חשיכה	form:pe.perf.2mp	krupnik-1927:def	incorrect	'you accepted/obeyed'	וּמַלֵלִית עִמְכוֹן וְלָא ⟨קַבֶּלְתּוּן⟩ וְסָרֶבְתּוּן עַל גְזֵרַת מֵימְרָא דַיְיָ וְאַרְשַׁעְתּוּן
onkelos	100	וַאֲרֵי	Genesis.3.6	וארי	וכי	reviewed-form	reviewed	correct		וַחֲזַת אִתְּתָא אֲרֵי טַב אִילַן לְמֵיכָל ⟨וַאֲרֵי⟩ אַסֵּי הוּא לְעַיְנִין וּמְרַגֵּג אִילָנָא לְאִסְתַּכָּלָא
onkelos	101	מְחַשְׁכָן	Leviticus.26.16	מחשכנ	כהות, אפלה	form	krupnik-1927:def	correct		עֲלֵיכוֹן בַּהֶלְתָּא יָת שַׁחֶפְתָּא וְיָת קַדַחְתָּא ⟨מְחַשְׁכָן⟩ עַיְנִין וּמַפְּחַן נְפָשׁ וְתִזְרְעוּן לְרֵקָנוּן זַרְעֲכוֹן
onkelos	102	תַּמְנֵי	Genesis.5.17	תמני	שמונה	form	krupnik-1927:def	correct		וַהֲווֹ כָּל יוֹמֵי מַהֲלַלְאֵל ⟨תַּמְנֵי⟩ מְאָה וְתִשְׁעִין וַחֲמֵשׁ שְׁנִין וּמִית
onkelos	103	הוּא	Numbers.22.12	הוא	הוא	reviewed-form	reviewed	correct		לָא תְלוֹט יָת עַמָא אֲרֵי בְרִיךְ ⟨הוּא⟩
onkelos	104	פַקֵּיד	Genesis.6.22	פקיד	ציוה	reviewed-form	reviewed	correct		וַעֲבַד נֹחַ כְּכֹל דִּי ⟨פַקֵּיד⟩ יָתֵהּ יְיָ כֵּן עֲבָד
onkelos	105	מָה	Genesis.39.8	מה	מה	reviewed-form	reviewed	correct		רִבּוֹנֵהּ הָא רִבּוֹנִי לָא יְדַע עִמִּי ⟨מָה⟩ דִּבְבֵיתָא וְכֹל דִּי אִית לֵהּ מְסַר
onkelos	106	לָא	Genesis.30.31	לא	לא	form	jastrow-1903:same	correct		וַאֲמַר מָה אֶתֵּן לָךְ וַאֲמַר יַעֲקֹב ⟨לָא⟩ תִתֶּן לִי מִדַּעַם אִם תַּעְבֶּד לִי
onkelos	107	אַבָּא	Genesis.27.34	אבא	אב	form	jastrow-1903:eq	correct		לַאֲבוּהִי בָּרֵכְנִי אַף אֲנָא נ''י לִי ⟨אַבָּא⟩
onkelos	108	דִי	Deuteronomy.9.7	די	אשר	reviewed-form	reviewed	correct		הֱוֵי דְכִיר לָא תִנְשֵׁי יָת ⟨דִי⟩ אַרְגֶזְתָּא קֳדָם יְיָ אֱלָהָךְ בְּמַדְבְּרָא לְמִן
onkelos	109	גַבְרָא	Deuteronomy.17.5	גברא	האיש	reviewed-form	reviewed	correct		וְתַפֵּק יָת ⟨גַבְרָא⟩ הַהוּא אוֹ יָת אִתְּתָא הַהִיא דִי
onkelos	110	עֲלַהּ	Deuteronomy.20.10	עלה	עליה	reviewed-form	reviewed	correct		אֲרֵי תִקְרַב לְקַרְתָּא לַאֲגָחָא קְרָבָא ⟨עֲלַהּ⟩ וְתִקְרֵי לַהּ מִלִין דִשְׁלָם
onkelos	111	גְלֵי	Genesis.31.12	גלי	ביד רמה	form	jastrow-1903:targum-h	incorrect	'revealed' (before me)	עַל עָנָא רְגוֹלִין נְמוֹרִין וּפַצִיחִין אֲרֵי ⟨גְלֵי⟩ קֳדָמַי יָת כָּל דִּי לָבָן עָבֵד
onkelos	112	מַשְׁרִיתָא	Numbers.14.44	משריתא	מחנה	form	krupnik-1927:def	correct		קְיָמָא דַיְיָ וּמשֶׁה לָא עֲדוֹ מִגוֹ ⟨מַשְׁרִיתָא⟩
onkelos	113	בָּהּ	Numbers.35.33	בה	בה	reviewed-form	reviewed	correct		וְלָא תְּחַיְבוּן יָת אַרְעָא דִי אַתּוּן ⟨בָּהּ⟩ אֲרֵי דְמָא הוּא מְחַיַב יָת אַרְעָא
onkelos	114	אֲבוּהִי	Deuteronomy.22.15	אבוהי	אביו	reviewed-form	reviewed	correct		וְיִסַב אֲבוּהָא נ''א ⟨אֲבוּהִי⟩ דְעוּלֶמְתָּא וְאִמַהּ וְיַפְּקוּן יָת בְּתוּלֵי עוּלֶמְתָּא
onkelos	115	כְעַן	Genesis.19.20	כענ	עתה	reviewed-form	reviewed	correct		הָא ⟨כְעַן⟩ קַרְתָּא הָדָא קְרִיבָא לְמֵעִירוֹק לְתַמָּן וְהִיא
onkelos	116	וּמִית	Genesis.44.22	מית	ומות	form+w	jastrow-1903:eq	correct		יָת אֲבוּהִי וְאִם יִשְׁבּוֹק יָת אֲבוּהִי ⟨וּמִית⟩
onkelos	117	עַל	Exodus.16.22	על	על	reviewed-form	reviewed	correct		וַהֲוָה בְּיוֹמָא שְׁתִיתָאָה לְקָטוּ לַחְמָא ⟨עַל⟩ חַד תְּרֵין תְּרֵין עֻמְרִין לְחָד וַאֲתוֹ
onkelos	118	פִּתְגָמָא	Deuteronomy.1.14	פתגמ	דבר	form	jastrow-1903:eq	correct		וַאֲתֶבְתּוּן יָתִי וַאֲמַרְתּוּן תַּקִין ⟨פִּתְגָמָא⟩ דִי מַלֶלְתָּא לְמֶעְבָּד
onkelos	119	יָת	Exodus.35.11	ית	את	form	jastrow-1903:eq	correct		יָת מַשְׁכְּנָא יָת פְּרָסֵהּ וְיָת חוֹפָאֵהּ ⟨יָת⟩ פּוּרְפוֹהִי וְיָת דַפּוֹהִי יָת עַבְרוֹהִי יָת
onkelos	120	לְכָל	Numbers.11.13	לכל	לכל	reviewed-form	reviewed	correct		מְנַן לִי בִּשְׂרָא לְמִיתַּן ⟨לְכָל⟩ עַמָא הָדֵין אֲרֵי בָּכַן עֲלַי לְמֵימַר
onkelos	121	עֲלַהּ	Leviticus.2.15	עלה	עליה	reviewed-form	reviewed	correct		וְתִתֵּן עֲלַהּ מִשְׁחָא וּתְשַׁוֵי ⟨עֲלַהּ⟩ לְבוֹנְתָּא מִנְחָתָא הִיא
onkelos	122	מְאָה	Numbers.7.85	מאה	מאה	reviewed-form	reviewed	correct		⟨מְאָה⟩ וּתְלָתִין סִלְעִין הֲוָה מַתְקְלָא דִמְגִיסְתָּא חֲדָא
onkelos	123	וְלָא	Numbers.4.15	לא	ולא	form+w	jastrow-1903:same	correct		בְּנֵי קְהָת לְמִטַּל וְלָא יִקְרְבוּן לְקוּדְשָׁא ⟨וְלָא⟩ יְמוּתוּן אִלֵין מַטוּל בְּנֵי קְהָת בְּמַשְׁכַּן
onkelos	124	חֲמִיר	Leviticus.2.11	חמיר	חמור	form	jastrow-1903:eq	incorrect	'leaven'	יְיָ לָא תִתְעֲבֵיד חֲמִיעַ אֲרֵי כָּל ⟨חֲמִיר⟩ וְכָל דְבַשׁ לָא תַסְקוּן מִנֵיהּ קוּרְבָּנָא
onkelos	125	דִי	Leviticus.27.11	די	אשר	reviewed-form	reviewed	correct		וְאִם כָּל בְּעִירָא מְסָאָבָא ⟨דִי⟩ לָא יְקָרְבוּן מִנַהּ קֻרְבָּנָא קֳדָם יְיָ
onkelos	126	דִי	Numbers.16.33	די	אשר	reviewed-form	reviewed	correct		וּנְחָתוּ אִינוּן וְכָל ⟨דִי⟩ לְהוֹן כַּד חַיִין לִשְׁאוֹל וַחֲפַת עֲלֵיהוֹן
onkelos	127	אֲנָא	Exodus.6.8	pron:אנא	אני	form	grammar:pronominal	correct		לְיִצְחָק וּלְיַעֲקֹב וְאֶתֵּן יָתַהּ לְכוֹן יְרֻתָּא ⟨אֲנָא⟩ יְיָ
onkelos	128	מָא	Exodus.5.14	מא	מה	form	krupnik-1927:def	correct		דִי מַנִיאוּ עֲלֵיהוֹן שִׁלְטוֹנֵי פַרְעֹה לְמֵימָר ⟨מָא⟩ דֵין לָא אַשְׁלֶמְתּוּן גְזֵרָתְכוֹן לְמִרְמֵי לִבְנִין
onkelos	129	וּמִן	Numbers.35.8	מנ	ומאין	form+w	jastrow-1903:eq	incorrect	'and from'	מֵאֲחוּדַת בְּנֵי יִשְׂרָאֵל מִן סַגִיאֵי תַּסְגוּן ⟨וּמִן⟩ זְעִירֵי תַּזְעִירוּן גְבַר כְּפוּם אַחֲסַנְתֵּהּ דִי
onkelos	130	כַּהֲנָא	Leviticus.13.6	כהנא	הכהן	reviewed-form	reviewed	correct		מַכְתָּשָׁא וְלָא אוֹסֵף מַכְתָּשָׁא בְּמַשְׁכָּא וִידַכִּנֵהּ ⟨כַּהֲנָא⟩ עֲדִיתָא הִיא וִיצַבַּע לְבוּשׁוֹהִי וְיִדְכֵּי
onkelos	131	יְהֵא	Exodus.21.36	הוה	יהיה	form:pe.impf.3ms	reviewed:reviewed	correct		שַׁלָמָא יְשַׁלֵם תּוֹרָא חֲלַף תּוֹרָא וּמֵיתָא ⟨יְהֵא⟩ דִילֵהּ
onkelos	132	אִית	Genesis.39.5	אית	יש	reviewed-form	reviewed	correct		דְּמַנִּי יָתֵהּ בְּבֵיתֵהּ וְעַל כָּל דִּי ⟨אִית⟩ לֵהּ וּבָרִיךְ יְיָ יָת בֵּית מִצְרָאָה
onkelos	133	רְבוּתָא	Deuteronomy.32.3	רבותא	חדוש, דבר פלא	form	krupnik-1927:def	incorrect	'greatness; anointing (oil)', not 'novelty'	אֲרֵי בִּשְׁמָא דַיְיָ אֲנָא מְצַלֵי הָבוּ ⟨רְבוּתָא⟩ קֳדָם אֱלָהָנָא
onkelos	134	גִבַּר	Genesis.10.8	גבר	איש	reviewed-form	reviewed	correct		אוֹלִיד יָת נִמְרֹד הוּא שָׁרֵי לְמֵהֲוֵי ⟨גִבַּר⟩ תַּקִּיף בְּאַרְעָא
onkelos	135	יוֹמִין	Leviticus.23.41	יומינ	ימים	reviewed-form	reviewed	correct		וּתְחַגוּן יָתֵהּ חַגָא קֳדָם יְיָ שַׁבְעַת ⟨יוֹמִין⟩ בְּשַׁתָּא קְיַם עָלָם לְדָרֵיכוֹן בְּיַרְחָא שְׁבִיעָאָה
onkelos	136	וּתְלָתָא	Genesis.7.13	ותלתא	ושלושה	reviewed-form	reviewed	correct		וְחָם וָיֶפֶת בְּנֵי נֹחַ וְאִתַּת נֹחַ ⟨וּתְלָתָא⟩ נְשֵׁי בְנוֹהִי עִמְהוֹן לְתֵבוֹתָא
onkelos	137	לְוַת	Genesis.2.22	לות	אל	reviewed-form	reviewed	correct		עִלְעָא דִּנְסִיב מִן אָדָם לְאִתְּתָא וְאַיְתַהּ ⟨לְוַת⟩ אָדָם
onkelos	138	קוּדְשָׁא	Exodus.39.1	קודשא	קודש, קדושה	form	krupnik-1927:def	correct		שִׁמוּשָׁא לְשַׁמָשָׁא בְּקוּדְשָׁא וַעֲבָדוּ יָת לְבוּשֵׁי ⟨קוּדְשָׁא⟩ דִי לְאַהֲרֹן כְּמָא דִי פַקִיד יְיָ
onkelos	139	עִמְּהוֹן	Genesis.18.16	pron:עמהונ	עמהם	form	grammar:pronominal	correct		וְאִסְתְּכִיאוּ עַל אַפֵּי סְדוֹם וְאַבְרָהָם אָזַל ⟨עִמְּהוֹן⟩ לְאַלְווֹאֵיהוֹן
onkelos	140	יָת	Numbers.5.20	ית	את	form	jastrow-1903:eq	correct		מִבַּעֲלִיךְ וַאֲרֵי אִסְתָּאָבְתְּ וִיהַב גְבַר בִּיךְ ⟨יָת⟩ שְׁכֻבְתֵּהּ בַּר מִבַּעֲלִיךְ
onkelos	141	יָת	Deuteronomy.9.14	ית	את	form	jastrow-1903:eq	correct		אַנַח בָּעוּתָךְ מִקֳדָמַי וֶאֱשֵׁצִנוּן וְאֶמְחֵי ⟨יָת⟩ שִׁמְהוֹן מִתְּחוֹת שְׁמַיָא וְאֶעְבֵּד יָתָךְ לְעַם
onkelos	142	יַעֲלוּן	Genesis.6.4	עלל	יבואו	form:pe.impf.3mp	krupnik-1927:def	correct		בְּיוֹמַיָּא הָאִנּוּן וְאַף בָּתַר כֵּן דִּי ⟨יַעֲלוּן⟩ בְּנֵי רַבְרְבַיָּא לְוַת בְּנַת אֱנָשָׁא וִילִידָן
onkelos	143	תְּלָתָא	Numbers.10.33	תלתא	שלושה	reviewed-form	reviewed	correct		מִטוּרָא דְאִתְגְלֵי עֲלוֹהִי יְקָרָא דַיְיָ מַהֲלַךְ ⟨תְּלָתָא⟩ יוֹמִין וַאֲרוֹן קְיָמָא דַיְיָ נְטַּל קֳדָמֵיהוֹן
onkelos	144	לֵהּ	Genesis.35.10	לה	לה	reviewed-form	reviewed	incorrect	Onkelos לֵהּ is masculine 'to him' (לו)	וַאֲמַר ⟨לֵהּ⟩ יְיָ שְׁמָךְ יַעֲקֹב לָא יִתְקְרֵי שְׁמָךְ
onkelos	145	אֲרֵי	Leviticus.22.16	ארי	כי	reviewed-form	reviewed	correct		עֲוָיָן וְחוֹבִין בְּמֵיכָלְהוֹן בְּסוֹאֲבָא יָת קוּדְשֵׁיהוֹן ⟨אֲרֵי⟩ אֲנָא יְיָ מְקַדִשְׁהוֹן
onkelos	146	אֱלָהָא	Genesis.24.42	אלה	אלוה	form	jastrow-1903:eq	correct		וַאֲתֵיתִי יוֹמָא דֵּין לְעֵינָא וַאֲמָרִית יְיָ ⟨אֱלָהָא⟩ דְּרִבּוֹנִי אַבְרָהָם אִם אִית כְּעַן רַעֲוָא
onkelos	147	אֲנָא	Genesis.27.24	pron:אנא	אני	form	grammar:pronominal	correct		אַתְּ דֵּין בְּרִי עֵשָׂו וַאֲמַר הָא ⟨אֲנָא⟩
onkelos	148	הָדֵין	Exodus.16.3	הדינ	הזה	reviewed-form	reviewed	correct		לַחְמָא וְשָׂבְעִין אֲרֵי אַפֶּקְתּוּן יָתָנָא לְמַדְבְּרָא ⟨הָדֵין⟩ לְקַטָּלָא יָת כָּל קְהָלָא הָדֵין בְּכַפְנָא
onkelos	149	מְלַן	Numbers.7.61	pron:לנ	מלנו	form+m	grammar:pronominal	incorrect	'full' (מליין)	מַתְקְלֵהּ שַׁבְעִין סִלְעִין בְּסִלְעֵי קוּדְשָׁא תַּרְוֵיהּוֹן ⟨מְלַן⟩ סֻלְתָּא דְפִילָא בִמְשַׁח לְמִנְחָתָא
onkelos	150	בְּצַפְרָא	Exodus.8.16	צפרא	בבוקר	form+b	krupnik-1927:def	correct		וַאֲמַר יְיָ לְמשֶׁה אַקְדֵם ⟨בְּצַפְרָא⟩ וְאִתְעַתַּד קֳדָם פַּרְעֹה הָא נָפֵק לְמַיָא
onkelos	151	מִנָךְ	Exodus.8.5	pron:מנכ	ממך	form	grammar:pronominal	correct		וְעַל עַבְדָיךְ וְעַל עַמָךְ לְשֵׁיצָאָה עֻרְדְעָנַיָא ⟨מִנָךְ⟩ וּמִבָּתָּיךְ לְחוֹד בְּנַהֲרָא תִּשְׁתָּאָרָן
onkelos	152	בְנֵי	Leviticus.10.1	בני	בני	reviewed-form	reviewed	correct		וּנְסִיבוּ ⟨בְנֵי⟩ אַהֲרֹן נָדָב וַאֲבִיהוּא גְבַר מַחְתִּיתֵהּ וִיהָבוּ
onkelos	153	עַל	Leviticus.8.18	על	על	reviewed-form	reviewed	correct		דַעֲלָתָא וּסְמָכוּ אַהֲרֹן וּבְנוֹהִי יָת יְדֵיהוֹן ⟨עַל⟩ רֵישׁ דִכְרָא
onkelos	154	מוֹעֲדַיָא	Leviticus.23.44	מועד	מוזהר ומותרה	form:n.pl	krupnik-1927:def	incorrect	'the festivals'	וּמַלִיל מֹשֶׁה יָת סְדַר ⟨מוֹעֲדַיָא⟩ דַיְיָ וְאַלֵפִנוּן לִבְנֵי יִשְׂרָאֵל
onkelos	155	לִבְנֵי	Deuteronomy.32.52	לבני	לבני	reviewed-form	reviewed	correct		לָא תֵעוּל לְאַרְעָא דִי אֲנָא יָהֵב ⟨לִבְנֵי⟩ יִשְׂרָאֵל
onkelos	156	מַה	Genesis.38.16	מה	מה	reviewed-form	reviewed	correct		לָא יְדַע אֲרֵי כַלְּתֵהּ הִיא וַאֲמֶרֶת ⟨מַה⟩ תִּתֵּן לִי אֲרֵי תֵיעוֹל לְוָתִי
onkelos	157	תַקֶפְתָּא	Deuteronomy.34.12	תקפ	חיזק	form:pa.perf.2ms	krupnik-1927:def	incorrect	'mighty' (hand), adjective	וּלְכֹל יְדָא ⟨תַקֶפְתָּא⟩ וּלְכֹל חֵזְוָנָא רַבָּא דִי עֲבַד מֹשֶׁה
onkelos	158	לְדָרֵיכוֹן	Leviticus.23.31	דרכ	דרך ופסע · התהלך	form:pe.impf.3mp	krupnik-1927:def	incorrect	'for your generations'	כָּל עִבִידָא לָא תַעֲבְּדוּן קְיַם עָלָם ⟨לְדָרֵיכוֹן⟩ בְּכֹל מוֹתְבָנֵיכוֹן
onkelos	159	וַאֲבוּהִי	Genesis.37.11	אבא	ואב שלו	form:n.pl+3ms+w	jastrow-1903:eq	correct		וְקַנִּיאוּ בֵהּ אֲחוֹהִי ⟨וַאֲבוּהִי⟩ נְטַר יָת פִּתְגָמָא
onkelos	160	לָא	Deuteronomy.2.5	לא	לא	form	jastrow-1903:same	correct		⟨לָא⟩ תִתְגָרוּן בְּהוֹן אֲרֵי לָא אֶתֵּן לְכוֹן
onkelos	161	דְּכַר	Genesis.7.3	דכר	זכר	form	jastrow-1903:eq	correct		אַף מֵעוֹפָא דִשְׁמַיָּא שַׁבְעָא שַׁבְעָא ⟨דְּכַר⟩ וְנוּקְבָא לְקַיָּמָא זַרְעָא עַל אַפֵּי כָל
onkelos	162	שְׁנִין	Numbers.1.22	שנינ	שנים	reviewed-form	reviewed	correct		שְׁמָהָן לְגֻלְגְלַתְהוֹן כָּל דְכוּרָא מִבַּר עַשְׂרִין ⟨שְׁנִין⟩ וּלְעֵלָא כֹּל נָפֵק חֵילָא
onkelos	163	כַּהֲנָא	Leviticus.4.3	phrase	כהן גדול	phrase	krupnik-1927	correct		אִם ⟨כַּהֲנָא⟩ רַבָּא יֵיחוֹב לְחוֹבַת עַמָא וִיקָרֵב עַל
onkelos	164	דַיְיָ	Deuteronomy.23.3	דיי	של ה׳	reviewed-form	reviewed	correct		לָא יִדְכֵּי מַמְזֵרָא לְמֵעַל בִּקְהָלָא ⟨דַיְיָ⟩ אַף דָרָא עֲשִׂירָאָה לָא יִדְכֵּי לֵהּ
onkelos	165	אִלֵּין	Genesis.36.21	אלינ	אלה	reviewed-form	reviewed	correct		וְדִישׁוֹן וְאֵצֶר וְדִישָׁן ⟨אִלֵּין⟩ רַבְרְבֵי חוֹרָאֵי בְּנֵי שֵׂעִיר בְּאַרְעָא דֶאֱדוֹם
onkelos	166	כָּל	Leviticus.2.11	כל	כל	reviewed-form	reviewed	correct		⟨כָּל⟩ מִנְחָתָא דִי תְקַרְבוּן קֳדָם יְיָ לָא
onkelos	167	אִם	Genesis.47.16	אמ	אם	reviewed-form	reviewed	correct		יוֹסֵף הָבוּ גֵּיתֵיכוֹן וְאֶתֵּן לְכוֹן בְּגֵּיתֵיכוֹן ⟨אִם⟩ שְׁלִים כַּסְפָּא
onkelos	168	יָת	Genesis.31.31	ית	את	form	jastrow-1903:eq	correct		אֲרֵי דְחֵילִית אֲרֵי אֲמָרִית דִּילְמָא תָנֵיס ⟨יָת⟩ בְּנָתָךְ מִנִּי
onkelos	169	פִּתְגָּמָא	Genesis.21.26	פתגמ	דבר	form	jastrow-1903:eq	correct		אֲבִימֶלֶךְ לָא יְדָעִית מָאן עֲבַד יָת ⟨פִּתְגָּמָא⟩ הָדֵין וְאַף אַתְּ לָא חַוֵּיתָ לִּי
onkelos	170	דְלָא	Deuteronomy.8.20	דלא	שלא	reviewed-form	reviewed	correct		יְיָ מֹאבִיד מִקֳדָמֵיכוֹן כֵּן תֵּיבְדוּן חֳלַף ⟨דְלָא⟩ קַבֶּלְתּוּן בְּמֵימְרָא דַיְיָ אֱלָהֲכוֹן
onkelos	171	לְהוֹן	Genesis.43.2	pron:להונ	להם	form	grammar:pronominal	correct		לְמֵיכַל יָת עִיבוּרָא דְּאַיְתִיאוּ מִמִּצְרָיִם וַאֲמַר ⟨לְהוֹן⟩ אֲבוּהוֹן תּוּבוּ זְבוּנוּ לָנָא זְעֵיר עִיבוּרָא
onkelos	172	דִי	Deuteronomy.14.29	די	אשר	reviewed-form	reviewed	correct		יְבָרֵכִנָךְ יְיָ אֱלָהָךְ בְּכָל עוֹבָדֵי יְדָךְ ⟨דִי⟩ תַעְבֵּד
onkelos	173	עוֹד	Genesis.35.16	עוד	עוד	reviewed-form	reviewed	correct		וּנְטָלוּ מִבֵּית אֵל וַהֲוָה ⟨עוֹד⟩ כְּרוּבַת אַרְעָא לְמֵיעַל לְאֶפְרָת וִילִידַת רָחֵל
onkelos	174	יָת	Exodus.37.15	ית	את	form	jastrow-1903:eq	correct		וַעֲבַד ⟨יָת⟩ אֲרִיחַיָא דְאָעֵי שִׁטִּין וַחֲפָא יָתְהוֹן דַהֲבָא
onkelos	175	גֻבְרַיָא	Numbers.1.17	גבריא	האנשים	reviewed-form	reviewed	correct		וּדְבַר משֶׁה וְאַהֲרֹן יָת ⟨גֻבְרַיָא⟩ הָאִלֵין דִי אִתְפָּרָשׁוּ בִּשְׁמָהָן
onkelos	176	דִכְוָתָךְ	Deuteronomy.33.29	pron:כותכ	שכמוך	form+d	grammar:pronominal	correct		טוּבָּךְ יִשְׂרָאֵל לֵית ⟨דִכְוָתָךְ⟩ עַמָא דְפֻרְקָנֵהּ מִן קֳדָם יְיָ תַּקִיף
onkelos	177	כָּל	Leviticus.23.36	כל	כל	reviewed-form	reviewed	correct		וּתְקָרְבוּן קֻרְבָּנָא קֳדָם יְיָ כְּנֵשׁ תְּהוֹן ⟨כָּל⟩ עִבִידַת פָּלְחַן לָא תַעֲבְּדוּן
onkelos	178	דִּי	Genesis.33.19	די	אשר	reviewed-form	reviewed	correct		וּזְבַן יָת אַחֲסָנַת חַקְלָא ⟨דִּי⟩ פְרַס תַּמָּן מַשְׁכְּנֵהּ מִידָא דִּבְנֵי חֲמוֹר
onkelos	179	וּבַת	Leviticus.22.12	בת	ובת בליעל	form+w	jastrow-1903:targum-h	incorrect	'and the daughter / and the (bird) bat' — not 'wicked daughter'	⟨וּבַת⟩ כָּהֵן אֲרֵי תְהִי לִגְבַר חִלוֹנָי הִיא
onkelos	180	עַל	Leviticus.11.27	על	על	reviewed-form	reviewed	correct		וְכֹל דִמְהַלֵךְ ⟨עַל⟩ יְדוֹהִי בְּכָל חַיְתָא דִמְהַלְכָא עַל אַרְבַּע
onkelos	181	וַאֲמַר	Exodus.10.10	אמר	ואמר	form+w	jastrow-1903:same	correct		⟨וַאֲמַר⟩ לְהוֹן יְהֵי כֵן מֵימְרָא דַיְיָ בְּסַעְדְכוֹן
onkelos	182	יֶהֶוְיַן	Numbers.35.13	הוה	יהיה	form:pe.impf.3fp	reviewed:reviewed	incorrect	3fp 'they shall be', rendered 3ms	וְקִרְוַיָא דִי תִתְּנוּן שִׁית קִרְוֵי שֵׁזָבוּתָא ⟨יֶהֶוְיַן⟩ לְכוֹן
onkelos	183	כְּמַיָא	Deuteronomy.32.14	מיא	כמים	form+k	krupnik-1927:def	correct		בִּזַת חֵילֵיהוֹן וּמַשִׁרְיָתְהוֹן וְדַם גִבָּרֵיהוֹן יִתָּשַׁד ⟨כְּמַיָא⟩
onkelos	184	גְבַר	Numbers.7.5	גבר	איש	reviewed-form	reviewed	correct		פּוּלְחַן מַשְׁכַּן זִמְנָא וְתִתֵּן יָתְהוֹן לְלֵוָאֵי ⟨גְבַר⟩ כְּמִסַת פּוּלְחָנֵהּ
onkelos	185	דִּי	Genesis.24.40	די	אשר	reviewed-form	reviewed	correct		וַאֲמַר לִי יְיָ ⟨דִּי⟩ פְלָחִית קֳדָמוֹהִי יִשְׁלַח מַלְאָכֵהּ עִמָּךְ וְיַצְלַח
onkelos	186	כַּהֲנָא	Numbers.31.31	כהנא	הכהן	reviewed-form	reviewed	correct		וַעֲבַד משֶׁה וְאֶלְעָזָר ⟨כַּהֲנָא⟩ כְּמָא דִי פַקֵיד יְיָ יָת משֶׁה
onkelos	187	אַרְעָא	Genesis.21.23	ארעא	אדמה, ארץ	form	krupnik-1927:def	correct		דִּי עֲבָדִית עִמָּךְ תַּעְבֵּד עִמִּי וְעִם ⟨אַרְעָא⟩ דְאִתּוֹתַבְתָּא בַהּ
onkelos	188	דַרְתָּא	Exodus.40.33	דרתא	דירה	form	krupnik-1927:def	incorrect	'the court(yard)'	וַאֲקֵם יָת ⟨דַרְתָּא⟩ סְחוֹר סְחוֹר לְמַשְׁכְּנָא וּלְמַדְבְּחָא וִיהַב יָת
onkelos	189	אֲבוּהִי	Genesis.27.26	אבוהי	אביו	reviewed-form	reviewed	correct		וַאֲמַר לֵהּ יִצְחָק ⟨אֲבוּהִי⟩ קְרֵיב כְּעַן וּנְשַׁק לִי נ''י וְשַׁק
onkelos	190	כָּל	Exodus.20.10	כל	כל	reviewed-form	reviewed	correct		שַׁבְּתָא קֳדָם יְיָ אֱלָהָךְ לָא תַעְבֵּד ⟨כָּל⟩ עִבִדְתָּא אַתְּ וּבְרָךְ וּבְרַתָּךְ עַבְדָךְ וְאַמְתָךְ
onkelos	191	אֲרֵי	Deuteronomy.3.2	ארי	כי	reviewed-form	reviewed	correct		וַאֲמַר יְיָ לִי לָא תִדְחַל מִנֵיהּ ⟨אֲרֵי⟩ בִידָךְ מְסָרִית יָתֵהּ וְיָת כָּל עַמֵהּ
onkelos	192	הָא	Exodus.31.6	הא	הנה	reviewed-form	reviewed	correct		וַאֲנָא ⟨הָא⟩ יְהָבִית עִמֵהּ יָת אָהֳלִיאָב בַּר אֲחִיסָמָךְ
onkelos	193	אַרְעָא	Numbers.26.10	ארעא	אדמה, ארץ	form	krupnik-1927:def	correct		וּפְתָחַת ⟨אַרְעָא⟩ יַת פּוּמָהּ וּבְלָעַת יָתְהוֹן וְיָת קֹרַח
onkelos	194	אֲנָא	Genesis.46.30	pron:אנא	אני	form	grammar:pronominal	correct		וַאֲמַר יִשְׂרָאֵל לְיוֹסֵף אִלּוּ ⟨אֲנָא⟩ מָאִית זִמְנָא הָדָא מְנַחֵם אֲנָא בָּתַר
onkelos	195	אַף	Deuteronomy.10.10	אפ	אף	reviewed-form	reviewed	correct		יְמָמִין וְאַרְבְּעִין לֵילָוָן וְקַבִּיל יְיָ צְלוֹתִי ⟨אַף⟩ בְּזִמְנָא הַהוּא לָא אָבֵי יְיָ לְחַבָּלוּתָךְ
onkelos	196	כֹּל	Deuteronomy.3.13	כל	כל	reviewed-form	reviewed	correct		מַלְכוּתָא דְעוֹג יְהָבִית לְפַלְגוּת שִׁבְטָא דִמְנַשֶׁה ⟨כֹּל⟩ בֵּית פָּלַךְ טְרָכוֹנָא לְכָל מַתְנָן הַהוּא
onkelos	197	וִיהוֹן	Numbers.3.45	הוה	ויהיו	form:pe.impf.3mp+w	reviewed:reviewed	correct		יִשְׂרָאֵל וְיָת בְּעִירָא דְלֵוָאֵי חֲלַף בְּעִירְהוֹן ⟨וִיהוֹן⟩ מְשַּׁמְשִׁין קֳדָמַי לֵוָאֵי אֲנָא יְיָ
onkelos	198	יָתְכוֹן	Exodus.6.8	pron:יתכונ	אתכם	form	grammar:pronominal	correct		וְאָעֵיל ⟨יָתְכוֹן⟩ לְאַרְעָא דִי קַיֵמִית בְּמֵימְרִי לְמִתַּן יָתַהּ
onkelos	199	אֲרֵי	Genesis.42.12	ארי	כי	reviewed-form	reviewed	correct		וַאֲמַר לְהוֹן לָא ⟨אֲרֵי⟩ בִדְקָא דְאַרְעָא אֲתֵיתוּן לְמֶחֱזֵי
biblical-aramaic	0	טְעֵ֔ם	Ezra.5.17	טעמ	ציווי	reviewed-form	reviewed	correct		אִיתַ֗י דִּֽי מִן כּ֤וֹרֶשׁ מַלְכָּא֙ שִׂ֣ים ⟨טְעֵ֔ם⟩ לְמִבְנֵ֛א בֵּית אֱלָהָ֥א דֵ֖ךְ בִּירוּשְׁלֶ֑ם וּרְע֥וּת
biblical-aramaic	1	דִּ֚י	Daniel.2.49	די	אשר	reviewed-form	reviewed	correct		בְּעָ֣א מִן מַלְכָּ֔א וּמַנִּ֗י עַ֤ל עֲבִֽידְתָּא֙ ⟨דִּ֚י⟩ מְדִינַ֣ת בָּבֶ֔ל לְשַׁדְרַ֥ךְ מֵישַׁ֖ךְ וַעֲבֵ֣ד נְג֑וֹ
biblical-aramaic	2	אנתה	Daniel.5.18	אנת	אתה	form	jastrow-1903:eq	correct		⟨אנתה⟩ אַ֖נְתְּ מַלְכָּ֑א אֱלָהָא֙ עליא עִלָּאָ֔ה מַלְכוּתָ֤א
biblical-aramaic	3	לַֽהּ	Daniel.7.7	לה	לה	reviewed-form	reviewed	correct		כָּל חֵֽיוָתָא֙ דִּ֣י קֽ͏ָדָמַ֔יהּ וְקַרְנַ֥יִן עֲשַׂ֖ר ⟨לַֽהּ⟩
biblical-aramaic	4	פַּרְשֶׁ֤גֶן	Ezra.4.23	פתשגנ	מדרש	form	jastrow-1903:targum-h	incorrect	'copy (of a letter)'	אֱדַ֗יִן מִן דִּ֞י ⟨פַּרְשֶׁ֤גֶן⟩ נִשְׁתְּוָנָא֙ דִּ֚י ארתחששתא אַרְתַּחְשַׁ֣שְׂתְּ מַלְכָּ֔א קֱרִ֧י
biblical-aramaic	5	עַֽמְמַיָּ֗א	Daniel.7.14	עממיא	העמים	reviewed-form	reviewed	correct		וְלֵ֨ה יְהִ֤יב שָׁלְטָן֙ וִיקָ֣ר וּמַלְכ֔וּ וְכֹ֣ל ⟨עַֽמְמַיָּ֗א⟩ אֻמַיָּ֛א וְלִשָּׁנַיָּ֖א לֵ֣הּ יִפְלְח֑וּן שָׁלְטָנֵ֞הּ שָׁלְטָ֤ן
biblical-aramaic	6	אֱדַ֗יִן	Daniel.7.19	אדינ	אז	reviewed-form	reviewed	correct		⟨אֱדַ֗יִן⟩ צְבִית֙ לְיַצָּבָ֔א עַל חֵֽיוְתָא֙ רְבִיעָ֣יְתָ֔א דִּֽי
biblical-aramaic	7	אַרְעָא֙	Daniel.4.32	ארעא	אדמה, ארץ	form	krupnik-1927:def	correct		וְכָל דארי דָּיְרֵ֤י ⟨אַרְעָא֙⟩ כְּלָ֣ה חֲשִׁיבִ֔ין וּֽכְמִצְבְּיֵ֗הּ עָבֵד֙ בְּחֵ֣יל שְׁמַיָּ֔א
biblical-aramaic	8	לֵהּ֙	Daniel.6.21	לה	לה	reviewed-form	reviewed	correct		חַיָּ֔א אֱלָהָ֗ךְ דִּ֣י אנתה אַ֤נְתְּ פָּֽלַֽח ⟨לֵהּ֙⟩ בִּתְדִירָ֔א הַיְכִ֥ל לְשֵׁיזָבוּתָ֖ךְ מִן אַרְיָוָתָֽא
biblical-aramaic	9	דִּֽי	Daniel.6.8	די	אשר	reviewed-form	reviewed	correct		קְיָם֙ מַלְכָּ֔א וּלְתַקָּפָ֖ה אֱסָ֑ר דִּ֣י כָל ⟨דִּֽי⟩ יִבְעֵ֣ה בָ֠עוּ מִן כָּל אֱלָ֨הּ וֶֽאֱנָ֜שׁ
biblical-aramaic	10	בָּרָא֩	Daniel.4.22	ברא	ברא	form	krupnik-1927:def	incorrect	'of the field' — the identity reads as 'created'	וְלָ֣ךְ טָֽרְדִ֣ין מִן אֲנָשָׁ֡א וְעִם חֵיוַ֣ת ⟨בָּרָא֩⟩ לֶהֱוֵ֨ה מְדֹרָ֜ךְ וְעִשְׂבָּ֥א כְתוֹרִ֣ין לָ֣ךְ יְטַֽעֲמ֗וּן
biblical-aramaic	11	וְעַד	Daniel.7.13	ועד	ועד	reviewed-form	reviewed	correct		עֲנָנֵ֣י שְׁמַיָּ֔א כְּבַ֥ר אֱנָ֖שׁ אָתֵ֣ה הֲוָ֑ה ⟨וְעַד⟩ עַתִּ֤יק יֽוֹמַיָּא֙ מְטָ֔ה וּקְדָמ֖וֹהִי הַקְרְבֽוּהִי
biblical-aramaic	12	עַ֣ד	Daniel.4.29	עד	עד	reviewed-form	reviewed	correct		יְטַעֲמ֔וּן וְשִׁבְעָ֥ה עִדָּנִ֖ין יַחְלְפ֣וּן עליך עֲלָ֑ךְ ⟨עַ֣ד⟩ דִּֽי תִנְדַּ֗ע דִּֽי שַׁלִּ֤יט עִלָּיָא֙ בְּמַלְכ֣וּת
biblical-aramaic	13	וַעֲבֵ֣ד	Daniel.3.29	ועבד	ועשה	reviewed-form	reviewed	correct		שָׁלוּ֙ עַ֣ל אֱלָהֲה֗וֹן דִּֽי שַׁדְרַ֤ךְ מֵישַׁךְ֙ ⟨וַעֲבֵ֣ד⟩ נְג֔וֹא הַדָּמִ֣ין יִתְעֲבֵ֔ד וּבַיְתֵ֖הּ נְוָלִ֣י יִשְׁתַּוֵּ֑ה
biblical-aramaic	14	לָ֣א	Daniel.3.27	לא	לא	form	jastrow-1903:same	correct		בְּגֶשְׁמְה֗וֹן וּשְׂעַ֤ר רֵֽאשְׁהוֹן֙ לָ֣א הִתְחָרַ֔ךְ וְסָרְבָּלֵיה֖וֹן ⟨לָ֣א⟩ שְׁנ֑וֹ וְרֵ֣יחַ נ֔וּר לָ֥א עֲדָ֖ת בְּהֽוֹן
biblical-aramaic	15	וְכֹל֙	Daniel.3.3	וכל	וכל	reviewed-form	reviewed	correct		סִגְנַיָּ֣א וּֽפַחֲוָתָ֡א אֲדַרְגָּזְרַיָּ֣א גְדָבְרַיָּא֩ דְּתָ֨בְרַיָּ֜א תִּפְתָּיֵ֗א ⟨וְכֹל֙⟩ שִׁלְטֹנֵ֣י מְדִֽינָתָ֔א לַחֲנֻכַּ֣ת צַלְמָ֔א דִּ֥י הֲקֵ֖ים
biblical-aramaic	16	לָ֣א	Jeremiah.10.11	לא	לא	form	jastrow-1903:same	correct		תֵּאמְר֣וּן לְה֔וֹם אֱלָ֣הַיָּ֔א דִּֽי שְׁמַיָּ֥א וְאַרְקָ֖א ⟨לָ֣א⟩ עֲבַ֑דוּ יֵאבַ֧דוּ מֵֽאַרְעָ֛א וּמִן תְּח֥וֹת שְׁמַיָּ֖א
biblical-aramaic	17	גֻּבָּ֗א	Daniel.6.24	גבא	גב, הצד העליון · אצל, אל	form	krupnik-1927:def	incorrect	'the den (pit)'	לְהַנְסָקָ֣ה מִן גֻּבָּ֑א וְהֻסַּ֨ק דָּנִיֵּ֜אל מִן ⟨גֻּבָּ֗א⟩ וְכָל חֲבָל֙ לָא הִשְׁתְּכַ֣ח בֵּ֔הּ דִּ֖י
biblical-aramaic	18	קֳבֵל֙	Daniel.6.5	קבל	מול	reviewed-form	reviewed	correct		עִלָּ֨ה וּשְׁחִיתָ֜ה לָא יָכְלִ֣ין לְהַשְׁכָּחָ֗ה כָּל ⟨קֳבֵל֙⟩ דִּֽי מְהֵימַ֣ן ה֔וּא וְכָל שָׁלוּ֙ וּשְׁחִיתָ֔ה
biblical-aramaic	19	תְּלָתָ֔א	Daniel.6.3	תלתא	שלושה	reviewed-form	reviewed	correct		וְעֵ֤לָּא מִנְּהוֹן֙ סָרְכִ֣ין ⟨תְּלָתָ֔א⟩ דִּ֥י דָנִיֵּ֖אל חַֽד מִנְּה֑וֹן דִּֽי לֶהֱוֺ֞ן
biblical-aramaic	20	דִּ֣י	Daniel.3.29	די	אשר	reviewed-form	reviewed	correct		יִתְעֲבֵ֔ד וּבַיְתֵ֖הּ נְוָלִ֣י יִשְׁתַּוֵּ֑ה כָּל קֳבֵ֗ל ⟨דִּ֣י⟩ לָ֤א אִיתַי֙ אֱלָ֣הּ אָחֳרָ֔ן דִּֽי יִכֻּ֥ל
biblical-aramaic	21	גֻּבְרַיָּ֔א	Ezra.5.4	גבריא	האנשים	reviewed-form	reviewed	correct		כְּנֵ֖מָא אֲמַ֣רְנָא לְּהֹ֑ם מַן אִנּוּן֙ שְׁמָהָ֣ת ⟨גֻּבְרַיָּ֔א⟩ דִּֽי דְנָ֥ה בִנְיָנָ֖א בָּנַֽיִן
biblical-aramaic	22	אֲמַ֖ר	Daniel.2.46	אמר	אמר	form	jastrow-1903:same	correct		עַל אַנְפּ֔וֹהִי וּלְדָנִיֵּ֖אל סְגִ֑ד וּמִנְחָה֙ וְנִ֣יחֹחִ֔ין ⟨אֲמַ֖ר⟩ לְנַסָּ֥כָה לֵֽהּ
biblical-aramaic	23	וּפִשְׁרָ֥ה	Daniel.2.7	ופשרה	ופשרו	reviewed-form	reviewed	correct		תִנְיָנ֖וּת וְאָמְרִ֑ין מַלְכָּ֕א חֶלְמָ֛א יֵאמַ֥ר לְעַבְד֖וֹהִי ⟨וּפִשְׁרָ֥ה⟩ נְהַחֲוֵֽה
biblical-aramaic	24	מַלְכָּ֣א	Daniel.6.17	מלכא	מלך	reviewed-form	reviewed	correct		בֵּאדַ֜יִן ⟨מַלְכָּ֣א⟩ אֲמַ֗ר וְהַיְתִיו֙ לְדָ֣נִיֵּ֔אל וּרְמ֕וֹ לְגֻבָּ֖א דִּ֣י
biblical-aramaic	25	מַלְכָּא֙	Daniel.2.8	מלכא	מלך	reviewed-form	reviewed	correct		עָנֵ֤ה ⟨מַלְכָּא֙⟩ וְאָמַ֔ר מִן יַצִּיב֙ יָדַ֣ע אֲנָ֔ה דִּ֥י
biblical-aramaic	26	דִּ֞י	Ezra.4.23	די	אשר	reviewed-form	reviewed	correct		אֱדַ֗יִן מִן ⟨דִּ֞י⟩ פַּרְשֶׁ֤גֶן נִשְׁתְּוָנָא֙ דִּ֚י ארתחששתא אַרְתַּחְשַׁ֣שְׂתְּ מַלְכָּ֔א
biblical-aramaic	27	קָֽדָמָ֗ךְ	Daniel.5.23	pron:קדמכ	לפניך	form	grammar:pronominal	correct		הִתְרוֹמַ֡מְתָּ וּלְמָֽאנַיָּ֨א דִֽי בַיְתֵ֜הּ הַיְתִ֣יו קדמיך ⟨קָֽדָמָ֗ךְ⟩ ואנתה וְאַ֨נְתְּ ורברבניך וְרַבְרְבָנָ֜ךְ שֵֽׁגְלָתָ֣ךְ וּלְחֵנָתָךְ֮
biblical-aramaic	28	נַהִיר֧וּ	Daniel.5.11	נהירו	אור	reviewed-form	reviewed	correct		ר֣וּחַ אֱלָהִ֣ין קַדִּישִׁין֮ בֵּהּ֒ וּבְיוֹמֵ֣י אֲב֗וּךְ ⟨נַהִיר֧וּ⟩ וְשָׂכְלְתָנ֛וּ וְחָכְמָ֥ה כְּחָכְמַת אֱלָהִ֖ין הִשְׁתְּכַ֣חַת בֵּ֑הּ
biblical-aramaic	29	כָּל	Ezra.6.12	כל	כל	reviewed-form	reviewed	correct		וֵֽאלָהָ֞א דִּ֣י שַׁכִּ֧ן שְׁמֵ֣הּ תַּמָּ֗ה יְמַגַּ֞ר ⟨כָּל⟩ מֶ֤לֶךְ וְעַם֙ דִּ֣י יִשְׁלַ֣ח יְדֵ֗הּ לְהַשְׁנָיָ֛ה
biblical-aramaic	30	הִ֔יא	Daniel.4.21	היא	היא	reviewed-form	reviewed	correct		דְּנָ֥ה פִשְׁרָ֖א מַלְכָּ֑א וּגְזֵרַ֤ת עליא עִלָּאָה֙ ⟨הִ֔יא⟩ דִּ֥י מְטָ֖ת עַל מראי מָרִ֥י מַלְכָּֽא
biblical-aramaic	31	סָֽפְרָ֔א	Ezra.4.9	ספרא	ספר	form	jastrow-1903:eq	correct		אֱדַ֜יִן רְח֣וּם בְּעֵל טְעֵ֗ם וְשִׁמְשַׁי֙ ⟨סָֽפְרָ֔א⟩ וּשְׁאָ֖ר כְּנָוָתְה֑וֹן דִּ֠ינָיֵא וַאֲפַרְסַתְכָיֵ֞א טַרְפְּלָיֵ֣א אֲפָֽרְסָיֵ֗א
biblical-aramaic	32	דִּ֥י	Daniel.7.11	די	אשר	reviewed-form	reviewed	correct		הֲוֵ֔ית בֵּאדַ֗יִן מִן קָל֙ מִלַּיָּ֣א רַבְרְבָתָ֔א ⟨דִּ֥י⟩ קַרְנָ֖א מְמַלֱּלָ֑ה חָזֵ֣ה הֲוֵ֡ית עַד֩ דִּ֨י
biblical-aramaic	33	פָלְחִ֔ין	Daniel.3.12	פלחא	עובד עבודה זרה	form:n.pl	krupnik-1927:def	correct		עֲלָ֤ךְ מַלְכָּא֙ טְעֵ֔ם לאלהיך לֵֽאלָהָךְ֙ לָ֣א ⟨פָלְחִ֔ין⟩ וּלְצֶ֧לֶם דַּהֲבָ֛א דִּ֥י הֲקֵ֖ימְתָּ לָ֥א סָגְדִֽין
biblical-aramaic	34	חַד֙	Daniel.7.16	חד	אחד	form	jastrow-1903:eq	correct		קִרְבֵ֗ת עַל ⟨חַד֙⟩ מִן קָ֣אֲמַיָּ֔א וְיַצִּיבָ֥א אֶבְעֵֽא מִנֵּ֖הּ עַֽל
biblical-aramaic	35	בֵ֥ית	Daniel.5.3	בית	בית	reviewed-form	reviewed	correct		דַהֲבָ֔א דִּ֣י הַנְפִּ֗קוּ מִן הֵֽיכְלָ֛א דִּֽי ⟨בֵ֥ית⟩ אֱלָהָ֖א דִּ֣י בִירֽוּשְׁלֶ֑ם וְאִשְׁתִּ֣יו בְּה֗וֹן מַלְכָּא֙
biblical-aramaic	36	בֵּ֑הּ	Daniel.5.11	בה	בה	reviewed-form	reviewed	incorrect	pointed בֵּהּ is 'in him' (found on re-review in pass 2)	נַהִיר֧וּ וְשָׂכְלְתָנ֛וּ וְחָכְמָ֥ה כְּחָכְמַת אֱלָהִ֖ין הִשְׁתְּכַ֣חַת ⟨בֵּ֑הּ⟩ וּמַלְכָּ֤א נְבֻֽכַדְנֶצַּר֙ אֲב֔וּךְ רַ֧ב חַרְטֻמִּ֣ין אָֽשְׁפִ֗ין
biblical-aramaic	37	יוֹמִ֣ין	Daniel.6.8	יומינ	ימים	reviewed-form	reviewed	correct		בָ֠עוּ מִן כָּל אֱלָ֨הּ וֶֽאֱנָ֜שׁ עַד ⟨יוֹמִ֣ין⟩ תְּלָתִ֗ין לָהֵן֙ מִנָּ֣ךְ מַלְכָּ֔א יִתְרְמֵ֕א לְגֹ֖ב
biblical-aramaic	38	מַלְכוּתָא֙	Daniel.7.18	מלכותא	ממשלה	form	krupnik-1927:def	correct		וִֽיקַבְּלוּן֙ מַלְכוּתָ֔א קַדִּישֵׁ֖י עֶלְיוֹנִ֑ין וְיַחְסְנ֤וּן ⟨מַלְכוּתָא֙⟩ עֽ͏ַד עָ֣לְמָ֔א וְעַ֖ד עָלַ֥ם עָלְמַיָּֽא
biblical-aramaic	39	נַהֲרָ֑ה	Ezra.5.6	נהר	האיר · נזכר	form	krupnik-1927:def	incorrect	'the River' (עבר נהרה)	וּשְׁתַ֤ר בּוֹזְנַי֙ וּכְנָ֣וָתֵ֔הּ אֲפַ֨רְסְכָיֵ֔א דִּ֖י בַּעֲבַ֣ר ⟨נַהֲרָ֑ה⟩ עַל דָּרְיָ֖וֶשׁ מַלְכָּֽא
biblical-aramaic	40	דָיְרִ֥ין	Daniel.6.26	דירא	רפת	form:n.pl	krupnik-1927:def	incorrect	'dwelling' (participle)	לְֽכָל עַֽמְמַיָּ֞א אֻמַיָּ֧א וְלִשָּׁנַיָּ֛א דִּֽי דארין ⟨דָיְרִ֥ין⟩ בְּכָל אַרְעָ֖א שְׁלָמְכ֥וֹן יִשְׂגֵּֽא
biblical-aramaic	41	וּמִן	Daniel.5.21	מנ	ומאין	form+w	jastrow-1903:eq	incorrect	'and from'	⟨וּמִן⟩ בְּנֵי֩ אֲנָשָׁ֨א טְרִ֜יד וְלִבְבֵ֣הּ עִם חֵיוְתָ֣א
biblical-aramaic	42	דִּֽי	Daniel.4.12	די	אשר	reviewed-form	reviewed	correct		בְּרַ֨ם עִקַּ֤ר שָׁרְשׁ֙וֹהִי֙ בְּאַרְעָ֣א שְׁבֻ֔קוּ וּבֶֽאֱסוּר֙ ⟨דִּֽי⟩ פַרְזֶ֣ל וּנְחָ֔שׁ בְּדִתְאָ֖א דִּ֣י בָרָ֑א וּבְטַ֤ל
biblical-aramaic	43	וְדִֽי	Daniel.2.41	די	וזה	form+w	jastrow-1903:targum-h	incorrect	'and whereas / and that'	⟨וְדִֽי⟩ חֲזַ֜יְתָה רַגְלַיָּ֣א וְאֶצְבְּעָתָ֗א מנהון מִנְּהֵ֞ן חֲסַ֤ף
biblical-aramaic	44	כְּעַ֛ן	Ezra.5.16	כענ	עתה	reviewed-form	reviewed	correct		אֱלָהָ֖א דִּ֣י בִירוּשְׁלֶ֑ם וּמִן אֱדַ֧יִן וְעַד ⟨כְּעַ֛ן⟩ מִתְבְּנֵ֖א וְלָ֥א שְׁלִֽם
biblical-aramaic	45	לְמַלְכָּ֥א	Daniel.2.24	למלכא	למלך	reviewed-form	reviewed	correct		אַל תְּהוֹבֵ֔ד הַעֵ֙לְנִי֙ קֳדָ֣ם מַלְכָּ֔א וּפִשְׁרָ֖א ⟨לְמַלְכָּ֥א⟩ אֲחַוֵּֽא ס
biblical-aramaic	46	פַּרְשֶׁ֣גֶן	Ezra.4.11	פתשגנ	מדרש	form	jastrow-1903:targum-h	incorrect	'copy (of a letter)'	דְּנָה֙ ⟨פַּרְשֶׁ֣גֶן⟩ אִגַּרְתָּ֔א דִּ֚י שְׁלַ֣חוּ עֲל֔וֹהִי עַל ארתחששתא
biblical-aramaic	47	דִּֽי	Daniel.3.1	די	אשר	reviewed-form	reviewed	correct		נְבוּכַדְנֶצַּ֣ר מַלְכָּ֗א עֲבַד֙ צְלֵ֣ם ⟨דִּֽי⟩ דְהַ֔ב רוּמֵהּ֙ אַמִּ֣ין שִׁתִּ֔ין פְּתָיֵ֖הּ אַמִּ֣ין
biblical-aramaic	48	אֲנָ֣ה	Daniel.4.34	אנה	אני	reviewed-form	reviewed	correct		כְּעַ֞ן ⟨אֲנָ֣ה⟩ נְבוּכַדְנֶצַּ֗ר מְשַׁבַּ֨ח וּמְרוֹמֵ֤ם וּמְהַדַּר֙ לְמֶ֣לֶךְ שְׁמַיָּ֔א
biblical-aramaic	49	דָ֖ךְ	Ezra.4.15	דכ	זה	reviewed-form	reviewed	correct		מִן יוֹמָ֖ת עָלְמָ֑א עַ֨ל דְּנָ֔ה קִרְיְתָ֥א ⟨דָ֖ךְ⟩ הָֽחָרְבַֽת
biblical-aramaic	50	וְכֹ֖ל	Daniel.3.5	וכל	וכל	reviewed-form	reviewed	correct		מַ֠שְׁרוֹקִיתָא קיתרוס קַתְר֨וֹס סַבְּכָ֤א פְּסַנְתֵּרִין֙ סוּמְפֹּ֣נְיָ֔ה ⟨וְכֹ֖ל⟩ זְנֵ֣י זְמָרָ֑א תִּפְּל֤וּן וְתִסְגְּדוּן֙ לְצֶ֣לֶם דַּהֲבָ֔א
biblical-aramaic	51	אֲנָשָׁ֣א	Daniel.4.13	אנשא	אנשים	reviewed-form	reviewed	correct		לִבְבֵהּ֙ מִן אנושא ⟨אֲנָשָׁ֣א⟩ יְשַׁנּ֔וֹן וּלְבַ֥ב חֵיוָ֖ה יִתְיְהִ֣ב לֵ֑הּ וְשִׁבְעָ֥ה
biblical-aramaic	52	רְבִ֣יעָאָ֔ה	Daniel.2.40	רביעאה	רביעי	form	krupnik-1927:def	correct		וּמַלְכוּ֙ רביעיה ⟨רְבִ֣יעָאָ֔ה⟩ תֶּהֱוֵ֥א תַקִּיפָ֖ה כְּפַרְזְלָ֑א כָּל קֳבֵ֗ל דִּ֤י
biblical-aramaic	53	וּ֠מִנִּי	Ezra.7.21	ומני	ומינה	reviewed-form	reviewed	incorrect	'and by me'	⟨וּ֠מִנִּי⟩ אֲנָ֞ה אַרְתַּחְשַׁ֤סְתְּא מַלְכָּא֙ שִׂ֣ים טְעֵ֔ם לְכֹל֙
biblical-aramaic	54	דִּ֣י	Daniel.6.21	די	אשר	reviewed-form	reviewed	correct		לְדָנִיֵּ֗אל דָּֽנִיֵּאל֙ עֲבֵד֙ אֱלָהָ֣א חַיָּ֔א אֱלָהָ֗ךְ ⟨דִּ֣י⟩ אנתה אַ֤נְתְּ פָּֽלַֽח לֵהּ֙ בִּתְדִירָ֔א הַיְכִ֥ל
biblical-aramaic	55	חֲלָק֙	Ezra.4.16	חלק	שדה, אחוזה	form	krupnik-1927:def	correct		דָךְ֙ תִּתְבְּנֵ֔א וְשׁוּרַיָּ֖ה יִֽשְׁתַּכְלְל֑וּן לָקֳבֵ֣ל דְּנָ֔ה ⟨חֲלָק֙⟩ בַּעֲבַ֣ר נַהֲרָ֔א לָ֥א אִיתַ֖י לָֽךְ פ
biblical-aramaic	56	דְּנָ֛ה	Daniel.3.16	דנה	זה	reviewed-form	reviewed	correct		לְמַלְכָּ֑א נְבֽוּכַדְנֶצַּ֔ר לָֽא חַשְׁחִ֨ין אֲנַ֧חְנָה עַל ⟨דְּנָ֛ה⟩ פִּתְגָ֖ם לַהֲתָבוּתָֽךְ
biblical-aramaic	57	לָ֣א	Daniel.2.44	לא	לא	form	jastrow-1903:same	correct		לְעָלְמִין֙ לָ֣א תִתְחַבַּ֔ל וּמַ֨לְכוּתָ֔ה לְעַ֥ם אָחֳרָ֖ן ⟨לָ֣א⟩ תִשְׁתְּבִ֑ק תַּדִּ֤ק וְתָסֵיף֙ כָּל אִלֵּ֣ין מַלְכְוָתָ֔א
biblical-aramaic	58	הֲוֵ֔ית	Daniel.4.7	הוית	הייתי	reviewed-form	reviewed	correct		וְחֶזְוֵ֥י רֵאשִׁ֖י עַֽל מִשְׁכְּבִ֑י חָזֵ֣ה ⟨הֲוֵ֔ית⟩ וַאֲל֥וּ אִילָ֛ן בְּג֥וֹא אַרְעָ֖א וְרוּמֵ֥הּ שַׂגִּֽיא
biblical-aramaic	59	אָסְפַּ֨רְנָא	Ezra.7.17	אספרנא	במהירות	reviewed-form	reviewed	correct		כָּל קֳבֵ֣ל דְּנָה֩ ⟨אָסְפַּ֨רְנָא⟩ תִקְנֵ֜א בְּכַסְפָּ֣א דְנָ֗ה תּוֹרִ֤ין דִּכְרִין֙ אִמְּרִ֔ין
biblical-aramaic	60	שְׁלַ֡ח	Daniel.3.2	שלח	שלח	form	jastrow-1903:same	correct		וּנְבוּכַדְנֶצַּ֣ר מַלְכָּ֡א ⟨שְׁלַ֡ח⟩ לְמִכְנַ֣שׁ לַֽאֲחַשְׁדַּרְפְּנַיָּ֡א סִגְנַיָּ֣א וּֽפַחֲוָתָ֡א אֲדַרְגָּזְרַיָּא֩ גְדָ֨בְרַיָּ֤א
biblical-aramaic	61	עֲבַֽר	Ezra.4.17	עבר	עבר	reviewed-form	reviewed	correct		וּשְׁאָר֙ כְּנָוָ֣תְה֔וֹן דִּ֥י יָתְבִ֖ין בְּשָֽׁמְרָ֑יִן וּשְׁאָ֧ר ⟨עֲבַֽר⟩ נַהֲרָ֛ה שְׁלָ֖ם וּכְעֶֽת ס
biblical-aramaic	62	אֱ֠דַיִן	Daniel.6.7	אדינ	אז	reviewed-form	reviewed	correct		⟨אֱ֠דַיִן⟩ סָרְכַיָּ֤א וַאֲחַשְׁדַּרְפְּנַיָּא֙ אִלֵּ֔ן הַרְגִּ֖שׁוּ עַל מַלְכָּ֑א
biblical-aramaic	63	מִן	Daniel.6.21	מנ	מן	reviewed-form	reviewed	correct		אַ֤נְתְּ פָּֽלַֽח לֵהּ֙ בִּתְדִירָ֔א הַיְכִ֥ל לְשֵׁיזָבוּתָ֖ךְ ⟨מִן⟩ אַרְיָוָתָֽא
biblical-aramaic	64	יְתִ֑ב	Daniel.7.9	יתב	ישב	form	krupnik-1927:def	correct		עַ֣ד דִּ֤י כָרְסָוָן֙ רְמִ֔יו וְעַתִּ֥יק יוֹמִ֖ין ⟨יְתִ֑ב⟩ לְבוּשֵׁ֣הּ כִּתְלַ֣ג חִוָּ֗ר וּשְׂעַ֤ר רֵאשֵׁהּ֙ כַּעֲמַ֣ר
biblical-aramaic	65	גֻּבְרַיָּ֣א	Ezra.4.21	גבריא	האנשים	reviewed-form	reviewed	correct		כְּעַן֙ שִׂ֣ימוּ טְּעֵ֔ם לְבַטָּלָ֖א ⟨גֻּבְרַיָּ֣א⟩ אִלֵּ֑ךְ וְקִרְיְתָ֥א דָךְ֙ לָ֣א תִתְבְּנֵ֔א עַד
biblical-aramaic	66	מִן	Daniel.2.42	מנ	מן	reviewed-form	reviewed	correct		מנהון מִנְּהֵ֥ין פַּרְזֶ֖ל ומנהון וּמִנְּהֵ֣ין חֲסַ֑ף ⟨מִן⟩ קְצָ֤ת מַלְכוּתָא֙ תֶּהֱוֵ֣ה תַקִּיפָ֔ה וּמִנַּ֖הּ תֶּהֱוֵ֥ה
biblical-aramaic	67	מַלְכָּ֤א	Daniel.6.19	מלכא	מלך	reviewed-form	reviewed	correct		אֱ֠דַיִן אֲזַ֨ל ⟨מַלְכָּ֤א⟩ לְהֵֽיכְלֵהּ֙ וּבָ֣ת טְוָ֔ת וְדַחֲוָ֖ן לָא הַנְעֵ֣ל
biblical-aramaic	68	שְׁמַיָּ֔א	Daniel.7.2	שמיא	שמים	form	jastrow-1903:eq	correct		בְּחֶזְוִ֖י עִם לֵֽילְיָ֑א וַאֲר֗וּ אַרְבַּע֙ רוּחֵ֣י ⟨שְׁמַיָּ֔א⟩ מְגִיחָ֖ן לְיַמָּ֥א רַבָּֽא
biblical-aramaic	69	שְׁמַיָּ֔א	Daniel.7.27	שמיא	שמים	form	jastrow-1903:eq	correct		וְשָׁלְטָנָ֜א וּרְבוּתָ֗א דִּ֚י מַלְכְוָת֙ תְּח֣וֹת כָּל ⟨שְׁמַיָּ֔א⟩ יְהִיבַ֕ת לְעַ֖ם קַדִּישֵׁ֣י עֶלְיוֹנִ֑ין מַלְכוּתֵהּ֙ מַלְכ֣וּת
biblical-aramaic	70	שִׂ֣ים	Daniel.4.3	שומ	שם	form	krupnik-1927:def	correct		וּמִנִּי֙ ⟨שִׂ֣ים⟩ טְעֵ֔ם לְהַנְעָלָ֣ה קָֽדָמַ֔י לְכֹ֖ל חַכִּימֵ֣י בָבֶ֑ל
biblical-aramaic	71	דִּֽי	Jeremiah.10.11	די	אשר	reviewed-form	reviewed	correct		כִּדְנָה֙ תֵּאמְר֣וּן לְה֔וֹם אֱלָ֣הַיָּ֔א ⟨דִּֽי⟩ שְׁמַיָּ֥א וְאַרְקָ֖א לָ֣א עֲבַ֑דוּ יֵאבַ֧דוּ מֵֽאַרְעָ֛א
biblical-aramaic	72	הִמּ֜וֹ	Ezra.5.14	המו	הם	reviewed-form	reviewed	correct		וְהֵיבֵ֣ל הִמּ֔וֹ לְהֵיכְלָ֖א דִּ֣י בָבֶ֑ל הַנְפֵּ֨ק ⟨הִמּ֜וֹ⟩ כּ֣וֹרֶשׁ מַלְכָּ֗א מִן הֵֽיכְלָא֙ דִּ֣י בָבֶ֔ל
biblical-aramaic	73	דִּ֣י	Ezra.5.16	די	אשר	reviewed-form	reviewed	correct		אֲתָ֗א יְהַ֧ב אֻשַּׁיָּ֛א דִּי בֵ֥ית אֱלָהָ֖א ⟨דִּ֣י⟩ בִירוּשְׁלֶ֑ם וּמִן אֱדַ֧יִן וְעַד כְּעַ֛ן מִתְבְּנֵ֖א
biblical-aramaic	74	יָקִֽדְתָּא֒	Daniel.3.26	יקדתא	הבוערת	reviewed-form	reviewed	correct		בֵּאדַ֜יִן קְרֵ֣ב נְבוּכַדְנֶצַּ֗ר לִתְרַע֮ אַתּ֣וּן נוּרָ֣א ⟨יָקִֽדְתָּא֒⟩ עָנֵ֣ה וְאָמַ֗ר שַׁדְרַ֨ךְ מֵישַׁ֧ךְ וַעֲבֵד נְג֛וֹ
biblical-aramaic	75	בָּעֵ֥א	Daniel.6.12	בעא	שאל	reviewed-form	reviewed	correct		אֱ֠דַיִן גֻּבְרַיָּ֤א אִלֵּךְ֙ הַרְגִּ֔שׁוּ וְהַשְׁכַּ֖חוּ לְדָנִיֵּ֑אל ⟨בָּעֵ֥א⟩ וּמִתְחַנַּ֖ן קֳדָ֥ם אֱלָהֵֽהּ
biblical-aramaic	76	אֱ֠דַיִן	Ezra.6.13	אדינ	אז	reviewed-form	reviewed	correct		⟨אֱ֠דַיִן⟩ תַּתְּנַ֞י פַּחַ֧ת עֲבַֽר נַהֲרָ֛ה שְׁתַ֥ר בּוֹזְנַ֖י
biblical-aramaic	77	אֱדַ֙יִן֙	Ezra.5.16	אדינ	אז	reviewed-form	reviewed	correct		⟨אֱדַ֙יִן֙⟩ שֵׁשְׁבַּצַּ֣ר דֵּ֔ךְ אֲתָ֗א יְהַ֧ב אֻשַּׁיָּ֛א דִּי
biblical-aramaic	78	הִ֖יא	Daniel.4.27	היא	היא	reviewed-form	reviewed	correct		עָנֵ֤ה מַלְכָּא֙ וְאָמַ֔ר הֲלָ֥א דָא ⟨הִ֖יא⟩ בָּבֶ֣ל רַבְּתָ֑א דִּֽי אֲנָ֤ה בֱנַיְתַהּ֙ לְבֵ֣ית
biblical-aramaic	79	דִּֽי	Daniel.7.22	די	אשר	reviewed-form	reviewed	correct		עַ֣ד ⟨דִּֽי⟩ אֲתָ֗ה עַתִּיק֙ יֽוֹמַיָּ֔א וְדִינָ֣א יְהִ֔ב לְקַדִּישֵׁ֖י
biblical-aramaic	80	בָּרָ֔א	Daniel.4.18	ברא	ברא	form	krupnik-1927:def	incorrect	'of the field' — the identity reads as 'created'	וּמָז֨וֹן לְכֹ֖לָּא בֵ֑הּ תְּחֹת֗וֹהִי תְּדוּר֙ חֵיוַ֣ת ⟨בָּרָ֔א⟩ וּבְעַנְפ֕וֹהִי יִשְׁכְּנָ֖ן צִפֲּרֵ֥י שְׁמַיָּֽא
biblical-aramaic	81	דִּ֣י	Daniel.4.23	די	אשר	reviewed-form	reviewed	correct		וְדִ֣י אֲמַ֗רוּ לְמִשְׁבַּ֞ק עִקַּ֤ר שָׁרְשׁ֙וֹהִי֙ ⟨דִּ֣י⟩ אִֽילָנָ֔א מַלְכוּתָ֖ךְ לָ֣ךְ קַיָּמָ֑ה מִן דִּ֣י
biblical-aramaic	82	כָּל	Daniel.2.12	כל	כל	reviewed-form	reviewed	correct		⟨כָּל⟩ קֳבֵ֣ל דְּנָ֔ה מַלְכָּ֕א בְּנַ֖ס וּקְצַ֣ף שַׂגִּ֑יא
biblical-aramaic	83	חֲסַ֤ף	Daniel.2.41	חספ	חרש	form	jastrow-1903:eq	correct		וְדִֽי חֲזַ֜יְתָה רַגְלַיָּ֣א וְאֶצְבְּעָתָ֗א מנהון מִנְּהֵ֞ן ⟨חֲסַ֤ף⟩ דִּֽי פֶחָר֙ ומנהון וּמִנְּהֵ֣ין פַּרְזֶ֔ל מַלְכ֤וּ
biblical-aramaic	84	בְּכָל	Daniel.2.39	בכל	בכל	reviewed-form	reviewed	correct		תְלִיתָאָ֤ה אָחֳרִי֙ דִּ֣י נְחָשָׁ֔א דִּ֥י תִשְׁלַ֖ט ⟨בְּכָל⟩ אַרְעָֽא
biblical-aramaic	85	עֲשַׂ֔ר	Daniel.7.24	עשר	עשר	reviewed-form	reviewed	correct		וְקַרְנַיָּ֣א ⟨עֲשַׂ֔ר⟩ מִנַּהּ֙ מַלְכוּתָ֔ה עַשְׂרָ֥ה מַלְכִ֖ין יְקֻמ֑וּן וְאָחֳרָ֞ן
biblical-aramaic	86	סָפַ֤ר	Ezra.7.21	ספר	שפת הים	form	krupnik-1927:def	incorrect	'scribe'	דִּ֣י כָל דִּ֣י יִ֠שְׁאֲלֶנְכוֹן עֶזְרָ֨א כָהֲנָ֜ה ⟨סָפַ֤ר⟩ דָּתָא֙ דִּֽי אֱלָ֣הּ שְׁמַיָּ֔א אָסְפַּ֖רְנָא יִתְעֲבִֽד
biblical-aramaic	87	מִן	Daniel.4.23	מנ	מן	reviewed-form	reviewed	correct		שָׁרְשׁ֙וֹהִי֙ דִּ֣י אִֽילָנָ֔א מַלְכוּתָ֖ךְ לָ֣ךְ קַיָּמָ֑ה ⟨מִן⟩ דִּ֣י תִנְדַּ֔ע דִּ֥י שַׁלִּטִ֖ן שְׁמַיָּֽא
biblical-aramaic	88	אֱלָהָ֥א	Ezra.6.16	אלה	אלוה	form	jastrow-1903:eq	correct		וְלֵוָיֵ֜א וּשְׁאָ֣ר בְּנֵי גָלוּתָ֗א חֲנֻכַּ֛ת בֵּית ⟨אֱלָהָ֥א⟩ דְנָ֖ה בְּחֶדְוָֽה
biblical-aramaic	89	כַּסְפָּ֣א	Daniel.2.45	כספ	הכלם	form	jastrow-1903:targum-h	incorrect	'the silver'	לָ֣א בִידַ֗יִן וְ֠הַדֶּקֶת פַּרְזְלָ֨א נְחָשָׁ֤א חַסְפָּא֙ ⟨כַּסְפָּ֣א⟩ וְדַהֲבָ֔א אֱלָ֥הּ רַב֙ הוֹדַ֣ע לְמַלְכָּ֔א מָ֛ה
biblical-aramaic	90	דִּ֚י	Ezra.4.19	די	אשר	reviewed-form	reviewed	correct		וּמִנִּי֮ שִׂ֣ים טְעֵם֒ וּבַקַּ֣רוּ וְהַשְׁכַּ֔חוּ ⟨דִּ֚י⟩ קִרְיְתָ֣א דָ֔ךְ מִן יוֹמָת֙ עֽ͏ָלְמָ֔א עַל
biblical-aramaic	91	הִמּ֖וֹ	Ezra.4.23	המו	הם	reviewed-form	reviewed	correct		אֲזַ֨לוּ בִבְהִיל֤וּ לִירֽוּשְׁלֶם֙ עַל יְה֣וּדָיֵ֔א וּבַטִּ֥לוּ ⟨הִמּ֖וֹ⟩ בְּאֶדְרָ֥ע וְחָֽיִל ס
biblical-aramaic	92	שְׁמַיָּ֔א	Ezra.7.21	שמיא	שמים	form	jastrow-1903:eq	correct		עֶזְרָ֨א כָהֲנָ֜ה סָפַ֤ר דָּתָא֙ דִּֽי אֱלָ֣הּ ⟨שְׁמַיָּ֔א⟩ אָסְפַּ֖רְנָא יִתְעֲבִֽד
biblical-aramaic	93	חֵיוַ֧ת	Daniel.4.29	חיות	חיות	reviewed-form	reviewed	correct		וּמִן אֲנָשָׁא֩ לָ֨ךְ טָֽרְדִ֜ין וְֽעִם ⟨חֵיוַ֧ת⟩ בָּרָ֣א מְדֹרָ֗ךְ עִשְׂבָּ֤א כְתוֹרִין֙ לָ֣ךְ יְטַעֲמ֔וּן
biblical-aramaic	94	כְּתָבָא֙	Daniel.5.8	כתבא	הכתב	reviewed-form	reviewed	correct		עֽ͏ָלִּ֔ין כֹּ֖ל חַכִּימֵ֣י מַלְכָּ֑א וְלָֽא כָהֲלִ֤ין ⟨כְּתָבָא֙⟩ לְמִקְרֵ֔א ופשרא וּפִשְׁרֵ֖הּ לְהוֹדָעָ֥ה לְמַלְכָּֽא
biblical-aramaic	95	רְבָ֖ה	Daniel.4.17	רבה	לקח רבית · הכניס בכלל	form	krupnik-1927:def	incorrect	'grew'	אִֽילָנָא֙ דִּ֣י חֲזַ֔יְתָ דִּ֥י ⟨רְבָ֖ה⟩ וּתְקִ֑ף וְרוּמֵהּ֙ יִמְטֵ֣א לִשְׁמַיָּ֔א וַחֲזוֹתֵ֖הּ לְכָל
biblical-aramaic	96	שְׁמֵ֣הּ	Daniel.4.16	שמה	שמו	reviewed-form	reviewed	correct		אֱדַ֨יִן דָּֽנִיֵּ֜אל דִּֽי ⟨שְׁמֵ֣הּ⟩ בֵּלְטְשַׁאצַּ֗ר אֶשְׁתּוֹמַם֙ כְּשָׁעָ֣ה חֲדָ֔ה וְרַעְיֹנֹ֖הִי יְבַהֲלֻנֵּ֑הּ
biblical-aramaic	97	וַעֲבֵ֣ד	Daniel.3.12	ועבד	ועשה	reviewed-form	reviewed	correct		עַל עֲבִידַת֙ מְדִינַ֣ת בָּבֶ֔ל שַׁדְרַ֥ךְ מֵישַׁ֖ךְ ⟨וַעֲבֵ֣ד⟩ נְג֑וֹ גֻּבְרַיָּ֣א אִלֵּ֗ךְ לָא שָׂ֨מֽוּ עליך
biblical-aramaic	98	טְעֵ֗ם	Ezra.5.9	טעמ	ציווי	reviewed-form	reviewed	correct		כְּנֵ֖מָא אֲמַ֣רְנָא לְּהֹ֑ם מַן שָׂ֨ם לְכֹ֜ם ⟨טְעֵ֗ם⟩ בַּיְתָ֤א דְנָה֙ לְמִבְנְיָ֔ה וְאֻשַּׁרְנָ֥א דְנָ֖ה לְשַׁכְלָלָֽה
biblical-aramaic	99	שַׂגִּ֔יא	Daniel.4.18	שגיא	רב	reviewed-form	reviewed	correct		וְעָפְיֵ֤הּ שַׁפִּיר֙ וְאִנְבֵּ֣הּ ⟨שַׂגִּ֔יא⟩ וּמָז֨וֹן לְכֹ֖לָּא בֵ֑הּ תְּחֹת֗וֹהִי תְּדוּר֙ חֵיוַ֣ת
midrash	0	דכתיב	Ein_Yaakov.9.48	דכתיב	שכתוב	reviewed-form	reviewed	correct		עליך ומאי צניעותא היתה בו בשאול ⟨דכתיב⟩ ויבא אל גדרות הצאן על הדרך
midrash	1	לֵיהּ	Ein_Yaakov.189.18	pron:ליה	לו	form	grammar:pronominal	correct		יְרוּשָׁלַיִם אָתָא לְקַמֵּיהּ דְּרַבִּי יוֹחָנָן אָמַר ⟨לֵיהּ⟩ דְּרֹשׁ רַבִּי וּלְךָ נָאֶה לִדְרֹשׁ כַּאֲשֶׁר
midrash	2	אָמַר	Yalkut_Shimoni_on_Torah.132.1	אמר	אמר	form	jastrow-1903:same	correct		וְהָיָה יַעֲקֹב אָבִינוּ מַעֲבִיר וְחוֹזֵר וּמְשַׁכֵּחַ ⟨אָמַר⟩ לוֹ פְּרַקְמוּס נָטַל פוּקְרִין וְנָתַן בְּצַוָּארוֹ
midrash	3	זִיל	Ein_Yaakov.128.4	זיל	היה בזול	form	krupnik-1927:def	incorrect	'go!'	תִּבְנָא לָא אִית לֵיהּ אָמְרָה לֵיהּ ⟨זִיל⟩ הֲוֵי בְּבֵי רַב אָזַל הֲוָה תַּרְתֵּי
midrash	4	לְהוּ	Yalkut_Shimoni_on_Torah.469.28	pron:להו	להם	form	grammar:pronominal	correct		אִם אֵינוֹ עִנְיָן לְגוּפַיְהוּ דְּהָא גָּמְרֵי ⟨לְהוּ⟩ מִצְוֹת מִצְוֹת תְּנֵהוּ עִנְיָן לְהֵיכָא דְּכִי
midrash	5	נַמִּי	Ein_Yaakov.147.28	נמי	גם, כמו כן	form	krupnik-1927:def	correct		וּמִפְּנֵי דַּרְכֵי שָׁלוֹם כָּל הַתּוֹרָה כֻּלָּהּ ⟨נַמִּי⟩ מִפְּנֵי דַּרְכֵי שָׁלוֹם הִיא דִּכְתִיב משלי
midrash	6	אָמַר	Yalkut_Shimoni_on_Torah.631.6	אמר	אמר	form	jastrow-1903:same	correct		יְחַלֵּל זַרְעוֹ דְּהָא זַרְעוֹ הוּא וְרָבָא ⟨אָמַר⟩ אַחַת זוֹנָה נָכְרִית וְאַחַת זוֹנָה יִשְׂרְאֵלִית
midrash	7	דִּכְתִיב	Yalkut_Shimoni_on_Torah.355.4	דכתיב	שכתוב	reviewed-form	reviewed	correct		וְשֶׁאֵינוֹ יָכוֹל לַעֲלוֹת בְּרַגְלָיו לְאָתוּיֵי מְפַנְּקֵי ⟨דִּכְתִיב⟩ כִּי תָבֹאוּ לֵרָאוֹת פָּנָי מִי בִקֵּשׁ
midrash	8	וְאִיבָּעִית	Yalkut_Shimoni_on_Torah.915.6	ואיבעית	ואם תרצה	reviewed-form	reviewed	correct		טַעֲמָא אִיבָּעִית אֵימָא מִשּׁוּם דִּכְתִיב זֶה ⟨וְאִיבָּעִית⟩ אֵימָא מִשּׁוּם דַּהֲוָה לֵיהּ מָמוֹן שֶׁאֵין
midrash	9	מנין	Sifrei_Bamidbar.119.2	מנינ	מאין, מהיכן	form	krupnik-1927:def	correct		ומן השרופים ר' אלעזר הקפר אומר ⟨מנין⟩ אתה אומר שהראה הקב"ה ליעקב אבינו
midrash	10	בַּר	Ein_Yaakov.84.41	בר	בן	form	reviewed:reviewed	correct		רַב הוּנָא בַּר מָנוֹחַ וְרַב שְׁמוּאֵל ⟨בַּר⟩ אִידִי וְרַב חִיָּא מִוּוֹסְתַּנְיָא הֲווּ שְׁכִיחֵי
midrash	11	תַּלְמוּד	Yalkut_Shimoni_on_Torah.322.1	תלמוד	לימוד	form	krupnik-1927:def	correct		יָקִיז לוֹ דָם מִשְּׁנֵי אֵבָרִים וְיָמוּת ⟨תַּלְמוּד⟩ לוֹמַר וְעָרְפוּ שָׁם אֶת הָעֶגְלָה בַּנַּחַל
midrash	12	אמר	Ein_Yaakov.205.29	אמר	אמר	form	jastrow-1903:same	correct		איכא דאמרי אתא יונה איטריף קמיה ⟨אמר⟩ אבישי כנסת ישראל כיונה אמתילא שנא'
midrash	13	וּסָלִיק	Ein_Yaakov.189.5	סלק	והס	form:pe.ptcp.ms+w	jastrow-1903:targum-h	incorrect	garbled; 'and went up'	תַּנִּינָא בָּלְעָהּ אָתָא פּוּשְׁקַנְצָא וּבַלְעָהּ לְתַנִּינָא ⟨וּסָלִיק⟩ יָתִיב בְּאִילָנָא תָּא חָזִי כַּמָּה נָפִישׁ
midrash	14	דְּלֹא	Yalkut_Shimoni_on_Torah.462.2	דלא	שלא	reviewed-form	reviewed	correct		זְמַנּוֹ וְלֹא עָבְרָה שְׁנָתוֹ וְחַד לְהֵיכָא ⟨דְּלֹא⟩ עֲבַר לֹא זְמַנּוֹ וְלֹא שְׁנָתוֹ וּצְרִיכֵי
midrash	15	כַּרְעָא	Ein_Yaakov.164.4	כרעא	כרע	form	jastrow-1903:same	correct		כִּי קָאִי חֲדָא כַּרְעָא אֲגוּדָא וַחֲדָא ⟨כַּרְעָא⟩ בְּמַבְרָא אָמַר לֵיהּ הָכִי אָמַר שְׁמוּאֵל
midrash	16	תְּנָן	Yalkut_Shimoni_on_Torah.605.1	תננ	שנינו במשנה	form	krupnik-1927:def	correct		לָמָּה לִי לְמַפְקִיר כַּרְמוֹ וְכוּ' כְּדִלְעֵיל ⟨תְּנָן⟩ הָתָם מִי שֶׁלִּקֵּט אֶת הַפֵּאָה וְאָמַר
midrash	17	אָמַר	Midrash_Tanchuma.355.7	אמר	אמר	form	jastrow-1903:same	correct		⟨אָמַר⟩ רַבִּי יְהוּדָה בַּר סִימוֹן מָצִינוּ שֶׁבַעֲלֵי
midrash	18	אמר	Ein_Yaakov.205.91	אמר	אמר	form	jastrow-1903:same	correct		תשובה נצחת השיבתו כנסת ישראל לנביא ⟨אמר⟩ להם נביא לישראל חזרו בתשובה אבותיכם
midrash	19	הֲוָה	Ein_Yaakov.174.2	הוה	היה	form	reviewed:reviewed	correct		קַמָּא אמר שמעתתא ואקשיה רַבִּי יוֹחָנָן ⟨הֲוָה⟩ יָתִיב אַשְׁבַע בִּסְתַּרְקֵי שַׁלְפֵי לֵיהּ חֲדָא
midrash	20	הֲוָה	Ein_Yaakov.186.3	הוה	היה	form	reviewed:reviewed	correct		רָבָא רָבָא אָמַר אֲנָא עֲנִישְׁתֵּיהּ דְּכִי ⟨הֲוָה⟩ אָזִיל לְבֵי טַבְּחָא לְמִשְׁקַל אוּמְצָא הוה
midrash	21	דְּאָמַר	Yalkut_Shimoni_on_Torah.934.6	אמר	שאמר	form+d	jastrow-1903:same	correct		דִּמְחַלְּקָן כָּל חָדָא וְחָדָא לְמִילְתֵיהּ עֲבִידָא ⟨דְּאָמַר⟩ מַר זוֹ זֶרֶת וְזוֹ קְמִיצָה וְזוֹ
midrash	22	אמרי	Shemot_Rabbah.32.2	אמר	אומרים	form:pe.ptcp.mp	jastrow-1903:same	correct		שם אכן בגדה אשה מרעה רבנן ⟨אמרי⟩ מאישה אין כתיב כאן אלא מרעה
midrash	23	אָמַר	Yalkut_Shimoni_on_Torah.62.8	אמר	אמר	form	jastrow-1903:same	correct		ג וַיֹּאמְרוּ אִישׁ אֶל רֵעֵהוּ מִי ⟨אָמַר⟩ לְמִי מִצְרַיִם אָמַר לְכוּשׁ וְנִשְׂרְפָה לִשְׂרֵפָה
midrash	24	באדין	Midrash_Shmuel.23.2	אדינ	באזי · בז	form+b	jastrow-1903:eq	incorrect	'then'	נופל על האור ואינו נשרף שנאמר ⟨באדין⟩ נפקין שדרך מישך ועבד נגו מן
midrash	25	טַעֲמָא	Yalkut_Shimoni_on_Torah.615.2	phrase	מהו הטעם, למה	phrase	krupnik-1927	correct		דְּלָא מִחַיֵּב כְּיָשֵׁן בִּכְדַרְכָּהּ דְּפָטוּר מַאי ⟨טַעֲמָא⟩ שִׁכְבַת זֶרַע כְּתִיב אָמַר רַבִּי יִצְחָק
midrash	26	סָבָא	Ein_Yaakov.125.1	סבא	שתה לשכרה	form	krupnik-1927:def	incorrect	'the elder'	פרק ג בַּר בַּרְתֵּיהּ דְּרַבִּי יַנַּאי ⟨סָבָא⟩ אָתָא לְקַמֵּיהּ דְּרַבִּי יַנַּאי סָבָא אָמַר
midrash	27	תַּנְיָא	Ein_Yaakov.61.7	תניא	נאמר בברייתא	form	krupnik-1927:def	correct		שֶׁיָּרַד לָהֶם לְיִשְׂרָאֵל גָּבוֹהַ שִׁשִּׁים אַמָּה ⟨תַּנְיָא⟩ אִיסִי בֶּן יְהוּדָה אוֹמֵר מָן שֶׁיָּרַד
midrash	28	נַמִּי	Yalkut_Shimoni_on_Torah.477.1	phrase	גם כן	phrase	krupnik-1927	correct		הָכִי נַכִּי רִבְעָא דִּפְרוּטָה הָוֵי הָכִי ⟨נַמִּי⟩ וְלָאו אֹרַח אַרְעָא לְאָתוּיֵי פָּחוֹת מִפְּרוּטָה
midrash	29	אֵימָא	Yalkut_Shimoni_on_Torah.608.1	אימא	אמור	reviewed-form	reviewed	correct		אָתָא לְיָדֵהּ אֲבָל גְּזֵלוֹ דְּאָתָא לְיָדֵהּ ⟨אֵימָא⟩ לָא צְרִיכָא וְר' יוֹסִי בַּר רַבִּי
midrash	30	נַמִּי	Ein_Yaakov.207.3	נמי	גם, כמו כן	form	krupnik-1927:def	correct		שְׁנָא מְצִיעָאֵי דְּמִקָּרְבֵי אָמַר אַבַּיֵי בִּשְׁכֶם ⟨נַמִּי⟩ שְׁכִיחִי רוֹצְחִים שֶׁנֶּאֱמַר שם וּכְחַכֵּי אִישׁ
midrash	31	מהכא	Ein_Yaakov.1.79	הכא	מכאן	form+m	krupnik-1927:def	correct		את אזני דלמא מלך שאני אלא ⟨מהכא⟩ ואני בחלותם לבושי שק ואמר רב
midrash	32	וכתיב	Ein_Yaakov.9.66	וכתיב	וכתוב	reviewed-form	reviewed	correct		עוד אלא שמטפשין כתיב הכא וגואלו ⟨וכתיב⟩ התם אשר גואלנו ולא עוד אלא
midrash	33	בַּתְרֵיהּ	Yalkut_Shimoni_on_Torah.268.2	pron:בתריה	אחריו	form	grammar:pronominal	correct		הַקָּדוֹשׁ בָּרוּךְ הוּא מִדֹּר דֹּר אֲנָא ⟨בַּתְרֵיהּ⟩ לְדָרֵי דָּרִין מִדּוֹרוֹ שֶׁל מֹשֶׁה לְדוֹרוֹ
midrash	34	אַמְרֵי	Ein_Yaakov.202.11	אמר	אומרים	form:pe.ptcp.mp	jastrow-1903:same	correct		עֲלָהּ אָמַר רַבִּי אַדָּא בַּר אַהֲבָה ⟨אַמְרֵי⟩ בֵּי רַב כְּתִיב מלכים ב ה׳
midrash	35	אָמַר	Ein_Yaakov.71.2	אמר	אמר	form	jastrow-1903:same	correct		אוֹמֵר חַלְּקֵהוּ חֶצְיוֹ לַה' וְחֶצְיוֹ לָכֶם ⟨אָמַר⟩ רַבִּי יוֹחָנָן וּשְׁנֵיהֶם מִקְרָא אֶחָד דָּרְשׁוּ
midrash	36	אָמַר	Midrash_Tanchuma.138.2	אמר	אמר	form	jastrow-1903:same	correct		רַבֵּנוּ הַקָּדוֹשׁ מַהוּ לְהִתְפַּלֵּל בְּכָל שָׁעָה ⟨אָמַר⟩ לוֹ אָסוּר אָמַר לוֹ לָמָּה אָמַר
midrash	37	לֵית	Ein_Yaakov.15.7	לית	אין	form	krupnik-1927:def	correct		יָדֵיהּ כְּלָל אֲבָל מָשָׁא וְלָא מָשָׁא ⟨לֵית⟩ לָן בָּהּ וְלָאו מִלְּתָא הִיא דְּאָמַר
midrash	38	ליה	Pesikta_DeRav_Kahana.17.5	pron:ליה	לו	form	grammar:pronominal	correct		לקץ הימים או לקץ הימין א' ⟨ליה⟩ לקץ הימין לקץ אותה הימין שהוא
midrash	39	לְהָכֵי	Yalkut_Shimoni_on_Torah.709.23	הכי	לכן	form+l	krupnik-1927:def	correct		למדרשי לְמִדָיְינֵיהּ בִּכְלָל וּפְרָט וְאֵימָא כֻּלֵּי ⟨לְהָכֵי⟩ הוּא דְּאָתָא אִם כֵּן לִכְתֹּב אוֹ
midrash	40	אָמַר	Ein_Yaakov.18.5	אמר	אמר	form	jastrow-1903:same	correct		לִמְרֵימַר נִתְּנָה קָאָמַרְתְּ אוֹ רְאוּיָה' קָאָמַרְתְּ ⟨אָמַר⟩ לֵיהּ רְאוּיָה' קָאֲמִינָא וְלִיטְבְּלוּ בֵּינִי שִׁימְשֵׁי
midrash	41	בר	Pesikta_DeRav_Kahana.3.6	בר	בן	form	reviewed:reviewed	correct		לג מה עשה לו ר' אבא ⟨בר⟩ כהנא א' היה מחתיך מבשרו זיתים
midrash	42	למה	Midrash_Tanchuma_Buber.290.5	למה	למה	reviewed-form	reviewed	correct		אע"פ שחללת בקנאתו של אמו קינא ⟨למה⟩ כל ימים שהיתה רחל קיימת היתה
midrash	43	קרתא	Midrash_Tehillim.127.1	קרתא	עיר, קריה	form	krupnik-1927:def	correct		ולא מתניין א"ל אייתי לן נטורי ⟨קרתא⟩ אייתון אמר לון אלין נטורי קרתא
midrash	44	דְּרַשׁ	Yalkut_Shimoni_on_Torah.711.1	דרש	דרש	form	jastrow-1903:same	correct		ה' פָּנָיו אֵלֶיךָ יַעֲבִיר כַּעֲסוֹ מִמְּךָ ⟨דְּרַשׁ⟩ רַב עֲוִירָא זִמְנִין אֲמַר לָהּ מִשְּׁמֵיהּ
midrash	45	וְהָא	Ein_Yaakov.205.14	הא	וזה · והלא	form+w	krupnik-1927:def-en	correct		לְאָכְלוֹ עַל כֵּן לֹא יָחִיל טוּבוֹ ⟨וְהָא⟩ אָמַר רַבִּי אֶלְעָזָר כָּל הַמְשַׁיֵּר פְּתִיתִים
midrash	46	נַמִּי	Ein_Yaakov.348.1	נמי	גם, כמו כן	form	krupnik-1927:def	correct		מַאי אִירְיָא מַרְבָּה כִּי לֹא מַרְבָּה ⟨נַמִּי⟩ כִּי קָתַּנִי מַרְבָּה' אַ'נָּשִׁים'
midrash	47	קַמֵּיהּ	Ein_Yaakov.164.22	pron:קמיה	לפניו	form	grammar:pronominal	correct		וְטָשׁ בְּבֵית הַכִּסֵּא אָזַל בַּתְרֵיהּ נָפַל ⟨קַמֵּיהּ⟩ כַּד חַזְיֵיהּ דַּהֲוָה מִצְטַעֵר גַּלִי לֵיהּ
midrash	48	לָן	Ein_Yaakov.270.2	pron:לנ	לנו	form	grammar:pronominal	correct		אֶלָּא דְּלָא צַיֵּץ אֲבָל צַיֵּץ לֵית ⟨לָן⟩ בָּהּ וְאָמַר רַבִּי יוֹחָנָן מִי שֶׁהִנִּיחַ
midrash	49	ואמרון	Midrash_Tanchuma_Buber.985.1	אמר	ואמרו	form:pe.perf.3mp+w	jastrow-1903:same	correct		דנפקין לקירייתא ובוזין לאריסיה ועלון למדינתא ⟨ואמרון⟩ כנסין מסכיניא דבעינן למעבד עמהון מצוה
liturgy	0	אָֽנָּֽא	liturgy/festivalLiturgy.mjs#FESTIVAL_LITURGY.Festival Liturgy, Hoshanot, Day 6.he.14	pron:אנא	אני	form	grammar:pronominal	incorrect	Hebrew אָנָּא 'please' (אנא הושיעה נא)	שִׁשִּׁי הוֹשִֽׁיעָה נָּא אָֽנָּֽא הוֹשִֽׁיעָה נָּא ⟨אָֽנָּֽא⟩ הוֹשִֽׁיעָה נָּא
liturgy	1	וְהֶגְיוֹן	nusach/siddurSefard.mjs#default.texts.Siddur Sefard, Motzaei Shabbat , Melava Malka Zemirot.he.69	והגיונ	והגיון	reviewed-form	reviewed	correct		עַמּוֹ בַשָּׁלוֹם יִהְיוּ לְרָצוֹן אִמְרֵי פִי ⟨וְהֶגְיוֹן⟩ לִבִּי לְפָנֶיךָ יְהֹוָה צוּרִי וְגֹאֲלִי
liturgy	2	בְּכֵן	siddurOffline.mjs#default.texts.Siddur Edot HaMizrach, Shabbat Evening, Songs for Shabbat.he.44	כנ	מכאן ואילך	form	jastrow-1903:eq	incorrect	Hebrew 'then/so' in a piyyut	לַשַּׁבָּת וְהַשֵּׁנָה מְשֻׁבַּֽחַת כְּדָת נֶֽפֶשׁ מְשִׁיבַת ⟨בְּכֵן⟩ נַפְשִׁי לְךָ עָֽרְגָֽה וְלָנֽוּחַ בְּחִבַּת כַּשּׁוֹשַׁנִּים
liturgy	3	בְּגוֹ	siddurOffline.mjs#default.texts.Siddur Edot HaMizrach, Third Meal.he.16	בגו	בתוך	reviewed-form	reviewed	correct		דְּנַפְקִין מִכָּל עַנְפָא וְעַנְפָא חַמְשָׁא קַיְמִין ⟨בְּגוֹ⟩ אִילָנָא כֻּלְּהוּ אַנְפִין בְּהוּ אֲחִידָן מַאן
liturgy	4	אַנְתְּ	siddurOffline.mjs#default.texts.Siddur Edot HaMizrach, Prayers for Three Festivals, Mussaf.he.62	אנת	אתה	form	jastrow-1903:eq	correct		אַנְתְּ הוּא חַכִּים וְלָאו בְּחָכְמָה יְדִיעָא ⟨אַנְתְּ⟩ הוּא מֵבִין וְלָאו מִבִּינָה יְדִיעָא לֵית
liturgy	5	דָּא	siddurOffline.mjs#default.texts.Siddur Edot HaMizrach, Havdalah, Fourth Meal.he.4	דא	זו	form	jastrow-1903:eq	correct		אַתְקִֽינוּ סְעֻדָּתָא דִּמְהֵימְנוּתָא ⟨דָּא⟩ הִיא סְעֻדָּתָא רְבִיעָאָה דְּדָוִד מַלְכָּא מְשִׁיחָא
liturgy	6	בְּיִחוּדָא	siddurOffline.mjs#default.texts.Siddur Edot HaMizrach, Shabbat Evening, First Meal.he.10	ביחודא	בייחוד	reviewed-form	reviewed	correct		לְיַחֲדָא שֵׁם יוֹ"ד קֵ"א בְּוָא"ו קֵ"א ⟨בְּיִחוּדָא⟩ שְׁלִים בְּשֵׁם כָּל יִשְׂרָאֵל הֲרֵֽינִי מוּכָן
liturgy	7	בַּר	liturgy/zemirot.mjs#default.groups.0.items.15.paragraphs.7	בר	בן	form	reviewed:reviewed	correct		⟨בַּר⟩ יוֹחָאי בְּ קוֹדֶשׁ הַקֳדָשִׁים קַו יָרוֹק
liturgy	8	אָֽנָּֽא	liturgy/festivalLiturgy.mjs#FESTIVAL_LITURGY.Festival Liturgy, Hoshanot, Day 3.he.5	pron:אנא	אני	form	grammar:pronominal	incorrect	Hebrew אָנָּא 'please' (אנא הושיעה נא)	⟨אָֽנָּֽא⟩ זְכֹר אָב רָאָה מַלְאָכִים שְׁלֹשָׁה וַיְמַהֵר
liturgy	9	חַד	siddurOffline.mjs#default.texts.Siddur Edot HaMizrach, Daytime Meal, Daytime Meal.he.7	חד	אחד	form	jastrow-1903:eq	correct		דְמַלְכָּא דְּאִנּוּן בְּנֵי מְהֵימָנוּתָא וּמַאן דְּפָגִים ⟨חַד⟩ סְעוּדָתָא מִנַּֽיְהוּ אַחְזֵי פְגִימוּתָא לְעֵֽלָּא וְאַחְזֵי
liturgy	10	בְּיִחוּדָא	nusach/siddurAshkenaz.mjs#default.texts.Siddur Ashkenaz, Weekday, Shacharit, Preparatory Prayers, Tallit.he.1	ביחודא	בייחוד	reviewed-form	reviewed	correct		בִּדְחִילוּ וּרְחִימוּ לְיַחֵד שֵׁם י"ה בו"ה ⟨בְּיִחוּדָא⟩ שְׁלִים בְּשֵׁם כָּל יִשְׂרָאֵל הֲרֵינִי מִתְעַטֵּף
liturgy	11	הַשְׁתָּא	nusach/siddurSefard.mjs#default.texts.Siddur Sefard, Shabbat Day Meal, Shabbat Day Kiddush.he.2	השתא	עכשיו	form	reviewed:reviewed	correct		סַדֵּר לִסְעוּדְתָא בְּצַפְרָא דְשַׁבַּתָּא וְאַזְמִין בָּהּ ⟨הַשְׁתָּא⟩ עֲתִיקָא קַדִּישָׁא
liturgy	12	יְמִינָא	nusach/siddurSefard.mjs#default.texts.Siddur Sefard, Various Prayers & Segulot, Formula Against Evil Eye.he.3	ימינא	ימין	form	jastrow-1903:same	correct		עֵינָא דְכָּלִיל כָּל חִוָר עֵינָא דְכֹּלָא ⟨יְמִינָא⟩ עֵינָא פְּקִיחָא עֵינָא דְאַשְׁגָחוּתָא תְּדִירָא עֵינָא
liturgy	13	רַבָּא	nusach/siddurSefard.mjs#default.texts.Siddur Sefard, Shabbat Eve Maariv, Vayechulu.he.8	רבא	גדול	reviewed-form	reviewed	correct		יְהֵא שְׁלָמָא ⟨רַבָּא⟩ מִן שְׁמַיָּא וְחַיִּים טוֹבִים עָלֵינוּ וְעַל
liturgy	14	רַחֲמֵי	siddurOffline.mjs#default.texts.Siddur Edot HaMizrach, Weekday Shacharit, Incense Offering.he.12	רחמינ	רחמים	form	jastrow-1903:same	correct		בָּֽרְכֵֽם טַהֲרֵם ⟨רַחֲמֵי⟩ צִדְקָתֶֽךָ תָּמִיד גָּמְלֵם בט"ר צת"ג
liturgy	15	עִלָּאִין	siddurOffline.mjs#default.texts.Siddur Edot HaMizrach, Weekday Shacharit, Morning Prayer.he.1	עלאינ	עליונים	reviewed-form	reviewed	correct		כִּדְקָא יָאוּת וְלֶהֱווּ הֵיכָלִין עִלָּאִין וְרוּחִין ⟨עִלָּאִין⟩ עַיְלֵי הֵיכָלָא בְּהֵיכָלָא וְרוּחָא בְּרוּחָא עַד
liturgy	16	וְהֶגְי֣וֹן	siddurOffline.mjs#default.texts.Siddur Edot HaMizrach, Bedtime Shema.he.4	והגיונ	והגיון	reviewed-form	reviewed	correct		וְחוֹלָאִים רָעִים יִ֥הְיֽוּ לְרָצ֨וֹן אִמְרֵי פִ֡י ⟨וְהֶגְי֣וֹן⟩ לִבִּ֣י לְפָנֶ֑יךָ יְ֝הֹוָ֗ה צוּרִ֥י וְגֹאֲלִֽי
liturgy	17	לְאִישׁוֹן	nusach/siddurChabad.mjs#default.texts.Weekday Siddur Chabad, Bedtime Shema.he.25	אשונ	לזמן ומועד	form+l	krupnik-1927:def	incorrect	Hebrew 'the pupil (of the eye)'	עַל עֵינַי וּתְנוּמָה עַל עַפְעַפַּי וּמֵאִיר ⟨לְאִישׁוֹן⟩ בַּת עָיִן וִיהִי רָצוֹן מִלְּפָנֶֽיךָ יְיָ
liturgy	18	דְּאִיהוּ	nusach/siddurChabadTehillatHashem.mjs#default.texts.Siddur Tehillat Hashem, Kabbalat Shabbat, Mincha for Shabbat Eve.he.5	דאיהו	שהוא	reviewed-form	reviewed	correct		אֲבָל לָאו דְּאִית לָךְ צֶדֶק יְדִיעָא ⟨דְּאִיהוּ⟩ דִין וְלָא מִשְׁפָּט יְדִיעָא דְאִיהוּ רַחֲמֵי
liturgy	19	שְׁלָמָא	nusach/siddurSefard.mjs#default.texts.Siddur Sefard, Rosh Chodesh, Mussaf.he.56	שלמא	שלום	reviewed-form	reviewed	correct		יְהֵא לְהוֹן וּלְכוֹן נ"א לְכוֹן וּלְהוֹן ⟨שְׁלָמָא⟩ רַבָּא חִנָּא וְחִסְדָּא וְרַחֲמִין וְחַיִּין אֲרִיכִין
liturgy	20	חֶדְוָתָא	nusach/siddurChabadTehillatHashem.mjs#default.texts.Siddur Tehillat Hashem, The Shabbat Book, The Shabbat Evening Kiddush.he.3	חדותא	שמחה	reviewed-form	reviewed	correct		אַתְקִינוּ סְעוּדָתָא דִמְהֵימְנוּתָא שְׁלֵמָתָא ⟨חֶדְוָתָא⟩ דְּמַלְכָּא קַדִּישָׁא אַתְקִינוּ סְעוּדָתָא דְמַלְכָּא דָּא
liturgy	21	שְׁמַיָּא	nusach/siddurAshkenaz.mjs#default.texts.Siddur Ashkenaz, Shabbat, Shacharit, Communal Prayers, Yekum Purkan.he.0	שמיא	שמים	form	jastrow-1903:eq	correct		ברכות ההפטרה אומרים יְקוּם פּוּרְקָן מִן ⟨שְׁמַיָּא⟩ חִנָּא וְחִסְדָּא וְרַחֲמֵי וְחַיֵּי אֲרִיכֵי וּמְזוֹנֵי
liturgy	22	נָפִיק	siddurOffline.mjs#default.texts.Siddur Edot HaMizrach, Nissan, Learning of the Day.he.16	נפיק	יוצא	reviewed-form	reviewed	correct		וְתַלְיָיא בְּשֵׁירוּתָא דְּמִזְרָח ה' דָּרוֹם מִנֵּיהּ ⟨נָפִיק⟩ דָּרוֹם בְּעָלְמָא וְעָיִיל י' בְּשֵׁירוּתָא דְּמִזְרָח
liturgy	23	לַאֲתַר	nusach/siddurChabad.mjs#default.texts.Weekday Siddur Chabad, Reading of the Nassi.he.23	אתר	למקום	form+l	krupnik-1927:def	correct		עוֹלָם תַּכְנִיס וּתְעַיֵּל הַנָּךְ צִיפָרֵי קַדִּישֵׁי ⟨לַאֲתַר⟩ קַדִּישָׁא דְּאִיתְמַר עֲלֵיהּ עַיִן לֹא רָאָתָה
liturgy	24	אנא	nusach/siddurChabad.mjs#default.texts.Weekday Siddur Chabad, Sefirat HaOmer.he.2	pron:אנא	אני	form	grammar:pronominal	incorrect	Hebrew אָנָּא 'please' (אנא הושיעה נא)	של אותו הלילה ולתיבה אחת של ⟨אנא⟩ בכח ותיבה אחת של מזמור אלקים
liturgy	25	דִּינָא	nusach/siddurSefard.mjs#default.texts.Siddur Sefard, Third Meal, Zemirot.he.2	דינא	דין ומשפט	form	krupnik-1927:def	correct		דְשַׁבְּתָא כַּד מָטָא שַׁעְתָּא דִּצְלוֹתָא דְמִנְחָה ⟨דִּינָא⟩ תַקִּיפָא שָׁלְטָא וְכָל דִּינִין מִתְעָרִין אֲבָל
liturgy	26	אָֽנָּֽא	liturgy/festivalLiturgy.mjs#FESTIVAL_LITURGY.Festival Liturgy, Hoshanot, Day 5.he.6	pron:אנא	אני	form	grammar:pronominal	incorrect	Hebrew אָנָּא 'please' (אנא הושיעה נא)	⟨אָֽנָּֽא⟩ זְכֹר הַנֶּעֱקַד בְּהַר מוֹר שְׁעָרִים חֲמִשָּׁה
liturgy	27	יַרְחֵי	Pesach_Haggadah.37.1	ירח	ירח	form:n.pl	jastrow-1903:eq	correct		מִי יוֹדֵעַ תִּשְׁעָה אֲנִי יוֹדֵעַ תִּשְׁעָה ⟨יַרְחֵי⟩ לֵדָה שְׁמוֹנָה יְמֵי מִילָה שִׁבְעָה יְמֵי
liturgy	28	דַּרְגִּין	siddurOffline.mjs#default.texts.Siddur Edot HaMizrach, Shabbat Evening, Atkenu Seudata.he.26	דרגינ	דרגות	reviewed-form	reviewed	correct		וְחָמֵשׁ תֵּיבִין תְּלָתִין וּתְרֵין שְׁבִילִין וּתְלַת ⟨דַּרְגִּין⟩ דְּתַפּוּחִין קַדִּישִׁין
liturgy	29	מִירוֹן	nusach/siddurSefard.mjs#default.texts.Siddur Sefard, Lag BaOmer Songs, Naaleh V'Navo.he.2	מירונ	בגליל	form	krupnik-1927:def	incorrect	place name; the gloss is a fact, not a meaning	מִדָרוֹם וּמִצָפוֹן בָּאִים עַם סְגֻלָה לְחַצְרוֹת ⟨מִירוֹן⟩
liturgy	30	וְיִתְנַשֵּׂא	siddurOffline.mjs#default.texts.Siddur Edot HaMizrach, Shabbat Arvit, Magen Avot.he.25	ויתנשא	ויתנשא	reviewed-form	reviewed	correct		וְעַל כֻּלָּם יִתְבָּרַךְ וְיִתְרוֹמָם ⟨וְיִתְנַשֵּׂא⟩ תָּמִיד שִׁמְךָ מַלְכֵּֽנוּ לְעוֹלָם וָעֶד וְכָל
liturgy	31	תִכְלָא	nusach/siddurAshkenaz.mjs#default.texts.Siddur Ashkenaz, Shabbat, Shacharit, Pesukei Dezimra, Hodu.he.0	תכלא	תכלת	form	krupnik-1927:def	incorrect	Hebrew 'withhold' (לא תכלא)	יָעִיר כָּל חֲמָתו אַתָּה ה' לא ⟨תִכְלָא⟩ רַחֲמֶיךָ מִמֶּנִּי חַסְדְּךָ וַאֲמִתְּךָ תָּמִיד יִצְּרוּנִי
liturgy	32	זִמְנִין	nusach/siddurSefard.mjs#default.texts.Siddur Sefard, Shabbat Evening Meal, Atkinu Seudata.he.6	זמנינ	לפעמים	form	krupnik-1927:def	correct		וּבְגִין כַּךְ שַׁבְּתָא אִתְיַקַּר מִכָּל שְׁאָר ⟨זִמְנִין⟩ וְחַגִּין מִשׁוּם דְּכלָא בֵּהּ אִשְׁתְּכַח וְלֹא
liturgy	33	וְאַרְעָא	siddurOffline.mjs#default.texts.Siddur Edot HaMizrach, Fast Days and Mourning, Mourning.he.23	ארעא	ואדמה, ארץ	form+w	krupnik-1927:def	correct		עַלְמָא הָדֵין כִּרְעוּת אֱלָהָא מָארֵי שְׁמַיָּא ⟨וְאַרְעָא⟩ מֶלֶךְ מַלְכֵי הַמְּלָכִים בְּרַחֲמָיו יְרַחֵם עָלָיו
liturgy	34	חַד	Pesach_Haggadah.38.7	חד	אחד	form	jastrow-1903:eq	correct		דְּאַָכְלָה לְגַדְיָא דְּזַבִּין אַבָּא בִּתְרֵי זוּזֵי ⟨חַד⟩ גַּדְיָא חַד גַּדְיָא
liturgy	35	נִשְׁמְתָא	siddurOffline.mjs#default.texts.Siddur Edot HaMizrach, Weekday Shacharit, Morning Prayer.he.1	נשמתא	נשמה	form	jastrow-1903:same	correct		סוֹפָא דְכָל דַּרְגִּין בְּגִין דְּתֶהֱוֵי הַהִיא ⟨נִשְׁמְתָא⟩ מִשְׁתַּכְּחָא בְּכֹלָּא וּמִתְפַּשְּׁטָא בְּכֹלָּא דְּהָא עֵילָּא
liturgy	36	אֲנָא	nusach/siddurAshkenaz.mjs#default.texts.Siddur Ashkenaz, Shabbat, Shacharit, Torah Reading, Removing the Torah from the Ark, Berich Shmei.he.0	pron:אנא	אני	form	grammar:pronominal	incorrect	Hebrew אָנָּא 'please' (אנא הושיעה נא)	בֵּהּ אֲנָא רָחִיץ וְלִשְׁמֵהּ קַדִּישָׁא יַקִּירָא ⟨אֲנָא⟩ אֵמַר תֻּשְׁבְּחָן יְהֵא רַעֲוָא קָדָמָךְ דְּתִפְתַּח
liturgy	37	רַבָּא	nusach/siddurAshkenaz.mjs#default.texts.Siddur Ashkenaz, Shabbat, Shacharit, Preparatory Prayers, Korbanot, Kaddish DeRabbanan.he.0	רבא	גדול	reviewed-form	reviewed	correct		יִתְגַּדַּל וְיִתְקַדַּשׁ שְׁמֵהּ ⟨רַבָּא⟩ אמן
liturgy	38	שְׁלֵימָא	siddurOffline.mjs#default.texts.Siddur Edot HaMizrach, Prayers for Three Festivals, Mussaf.he.188	שלימא	שלם, תמים	form	krupnik-1927:def	correct		ליל ג' לִיעוּל יַעֲקֹב ⟨שְׁלֵימָא⟩ אַבָּֽא קַדִּישָׁא דהכי סליק ב' פעמים
liturgy	39	וְאִלֵּין	nusach/siddurSefard.mjs#default.texts.Siddur Sefard, Upon Arising, Introductory Prayers.he.13	ואלינ	ואלה	reviewed-form	reviewed	correct		סְפִירָן אִתְחַשִׁיב לֵיהּ כְּאִלּוּ אַפְרִישׁ בָּךְ ⟨וְאִלֵּין⟩ עָשָׂר סְפִירָן אִינוּן אַזְלִין כְּסִדְרָן חַד
liturgy	40	רִבּוֹנוֹ	nusach/siddurChabadTehillatHashem.mjs#default.texts.Siddur Tehillat Hashem, Shacharit and Musaf for Shabbat and Festivals, Order of the Torah Reading for Shabbat and Festivals.he.4	רבונו	ריבונו	reviewed-form	reviewed	correct		⟨רִבּוֹנוֹ⟩ שֶׁל עוֹלָם מַלֵּא מִשְׁאֲלוֹתַי לְטוֹבָה וְהָפֵק
liturgy	41	בְּרִיךְ	siddurOffline.mjs#default.texts.Siddur Edot HaMizrach, Weekday Shacharit, Order of Talit.he.1	בריכ	ברוך	reviewed-form	reviewed	correct		לְשֵׁם יִחוּד קֻדְשָׁא ⟨בְּרִיךְ⟩ הוּא וּשְׁכִינְתֵּיהּ בִּדְחִילוּ וּרְחִימוּ וּרְחִימוּ וּדְחִילוּ
liturgy	42	בְּיִחוּדָא	siddurOffline.mjs#default.texts.Siddur Edot HaMizrach, Weekday Shacharit, Morning Prayer.he.2	ביחודא	בייחוד	reviewed-form	reviewed	correct		לְיַחֲדָא שֵׁם יוֹ"ד קֵ"א בְּוָא"ו קֵ"א ⟨בְּיִחוּדָא⟩ שְׁלִים בְּשֵׁם כָּל יִשְׂרָאֵל הִנֵּה אֲנַֽחְנוּ
liturgy	43	שְכִינְתֵּהּ	nusach/siddurSefard.mjs#default.texts.Siddur Sefard, Rosh Chodesh, Ashrei Uva L'Tziyon.he.2	שכינתה	שכינתו	reviewed-form	reviewed	correct		וְאָמְרִין קַדִּישׁ בִּשְמֵי מֵרוֹמַא עִלָאַה בֵּית ⟨שְכִינְתֵּהּ⟩ קַדִּישׁ עַל אַרְעָא עוֹבַד גְּבוּרְתֵּהּ קַדִּישׁ
liturgy	44	אַחְזֵי	siddurOffline.mjs#default.texts.Siddur Edot HaMizrach, Shabbat Evening, Zohar.he.8	חזי	הראה	form:af.perf.3ms	krupnik-1927:def	correct		כָּל שְׁאָר יוֹמֵי דְּשַׁבְּתָא וּבְהַאי מִלָּה ⟨אַחְזֵי⟩ וְתָלֵי מְהֵימְנוּתָא לְעֵילָּא
liturgy	45	שִׁמְשִׁי	liturgy/zemirot.mjs#default.groups.0.items.13.paragraphs.21	שמשא	חמה, שמש	form:n.pl	krupnik-1927:def	correct		חֶזְיוֹן תְּשׁוּעָה צוּר מַצְמִֽיחַ יְשׁוּעָה אוֹר ⟨שִׁמְשִׁי⟩ הוֹפִֽיעָה תָּמִיד הַזְרִֽיחָה שַׁבָּת מְנוּחָה
liturgy	46	קָרִיב	nusach/siddurSefard.mjs#default.texts.Siddur Sefard, Weekday Shacharit, Ashrei.he.17	קריב	קרוב	reviewed-form	reviewed	correct		וּבְחַיֵּי דְכָל בֵּית יִשְׂרָאֵל בַּעֲגָלָא וּבִזְמַן ⟨קָרִיב⟩ וְאִמְרוּ אָמֵן
liturgy	47	דּוֹדָהּ	nusach/siddurChabad.mjs#default.texts.Weekday Siddur Chabad, Kiddush Levanah.he.13	דוד	בֶּן דָּוִד כנוי למשיח	form	krupnik-1927:def	incorrect	Hebrew 'her beloved'	זֹאת עוֹלָה מִן הַמִּדְבָּר מִתְרַפֶּֽקֶת עַל ⟨דּוֹדָהּ⟩ וִיהִי רָצוֹן מִלְּפָנֶֽיךָ יְיָ אֱלֹהַי וֵאלֹהֵי
liturgy	48	דָא	siddurOffline.mjs#default.texts.Siddur Edot HaMizrach, Prayers for Three Festivals, Mussaf.he.61	דא	זו	form	jastrow-1903:eq	correct		לְגַבֵּי לְבוּשִׁין דִּמְכַסְיָן עֲלֵיהוֹן וְאִתְקְרִֽיאוּ בְּתִקּוּנָא ⟨דָא⟩ חֶֽסֶד דְּרוֹעָא יְמִינָא גְּבוּרָה דְּרוֹעָא שְׂמָאלָא
liturgy	49	לְגוֹ	siddurOffline.mjs#default.texts.Siddur Edot HaMizrach, Weekday Shacharit, Morning Prayer.he.1	לגו	לתוך	reviewed-form	reviewed	correct		סוֹף וְכֹלָּא אִיהוּ בִּשְׁלִימוּ מִלְּתַתָּא וּמִגּוֹ ⟨לְגוֹ⟩ עַד דְּאִתְעָבִיד כֹּלָּא חָד וְאִתְמַלְיָא כֹּלָּא
talmud-commentary	0	אשמועינן	Tosafot_on_Arakhin.38.1	אשמועיננ	להשמיענו	reviewed-form	reviewed	correct		דתניא במתני' שור זה נראה דרבותא ⟨אשמועינן⟩ דאע"ג דאמר זה כיון דאמר עלי
talmud-commentary	1	אימור	Tosafot_on_Menachot.140.6	אמר	אמר	form	jastrow-1903:same	correct		⟨אימור⟩ דשמעת ליה לרבי יהודה לבהמה לאדם
talmud-commentary	2	דאיכא	Tosafot_on_Zevachim.171.8	איכא	שיש	form+d	krupnik-1927:def	correct		ליקרב קמבעיא לי דסבר ריש לקיש ⟨דאיכא⟩ לאוקומה מתני' דקתני הך כלים מקדשים
talmud-commentary	3	חד	Tosafot_on_Menachot.70.4	חד	אחד	form	krupnik-1927:def	correct		ראיה מירושלמי פרק בתרא דמועד קטן ⟨חד⟩ בר נש איבד תפילויי במועדא אתא
talmud-commentary	4	לרבנן	Tosafot_on_Avodah_Zarah.80.3	לרבננ	לחכמים	reviewed-form	reviewed	correct		עצמם הוצרך לשנות היתר בשברים אלא ⟨לרבנן⟩ השתא צלמים עצמם שרו שברים מבעיא
talmud-commentary	5	הכא	Rashi_on_Eruvin.98.16	הכא	כאן	form	krupnik-1927:def	correct		⟨הכא⟩ במאי עסקינן דקתני לא יזוז כגון
talmud-commentary	6	דלא	Tosafot_on_Eruvin.189.5	דלא	שלא	reviewed-form	reviewed	correct		מתני' דאין מעכבין את התינוקות מלתקוע ⟨דלא⟩ כר' יוסי דמשמע הא נשים מעכבין
talmud-commentary	7	ביה	Tosafot_on_Megillah.49.3	pron:ביה	בו	form	grammar:pronominal	correct		דלא מיקרי אחוזתכם וגם לא קרינן ⟨ביה⟩ אשר לו הבית וקשה דהא בפ"ק
talmud-commentary	8	קאי	Rashi_on_Bava_Kamma.210.16	קאי	עומד	reviewed-form	reviewed	correct		קטן דאיכא למימר דהאי איש אהשתא ⟨קאי⟩ וה"ק כי יתן מי שהוא עכשיו
talmud-commentary	9	נמי	Tosafot_on_Berakhot.92.2	נמי	גם, כמו כן	form	krupnik-1927:def	correct		קרא דלעולם בהם תעבודו וכן משמע ⟨נמי⟩ בריש כתובות דף ד גבי חתן
talmud-commentary	10	קושיא	Tosafot_on_Bava_Batra.96.1	קושיא	שאלה, השגה	form	krupnik-1927:def	correct		ע דפריך אי דלא ספקה הדרא ⟨קושיא⟩ לדוכתה כיון דמשעבד לה היכי מצי
talmud-commentary	11	היכא	Tosafot_on_Nazir.99.16	היכא	היכן	form	reviewed:reviewed	correct		בר חנה גופיה קא מיבעיא ליה ⟨היכא⟩ דלא גזז ולהכי נקט גזז דבגזוז
talmud-commentary	12	כתיב	Tosafot_on_Bava_Kamma.108.5	כתיב	כתוב	reviewed-form	reviewed	correct		בעי בשן ורגל אע"ג דבקרן קראי ⟨כתיב⟩ נלמוד סתום מן המפורש ועוד דכולהו
talmud-commentary	13	מאן	Rif_Bava_Kamma.82.3	מאנ	מי	reviewed-form	reviewed	correct		חזינן ⟨מאן⟩ דאמר הני כולהו הלכתא נינהו ואנן
talmud-commentary	14	נקט	Tosafot_on_Gittin.140.4	נקט	החזיק, אחז	form	krupnik-1927:def	correct		השתא דמוקי לה כרבי יוסי אמאי ⟨נקט⟩ כתבו הוה ליה למינקט תנו וכ"ש
talmud-commentary	15	מאני	Rashi_on_Eruvin.180.8	מאני	כלים	reviewed-form	reviewed	correct		ואלו לעצמן דהשתא מפקי בני חצר ⟨מאני⟩ דבתים לחצירן ובני עליות מאני דעלייה
talmud-commentary	16	דומיא	Rashi_on_Yevamot.115.11	דומיא	דמיון ושווי	form	krupnik-1927:def	correct		⟨דומיא⟩ דגרושה ובגרושה פשיטא ליה דסתמא היא
talmud-commentary	17	אפיק	Rif_Shabbat.109.6	אפיק	הוציא	reviewed-form	reviewed	correct		ראשו חוץ לפרוזדור הוה דאי לא ⟨אפיק⟩ לא הוה מעיק דבמה דאיתיה במעי
talmud-commentary	18	הלכתא	Rif_Berakhot.60.1	הלכתא	הלכה	reviewed-form	reviewed	correct		לן ונבריך איתסר לכו למשתי וכן ⟨הלכתא⟩
talmud-commentary	19	פריך	Rashi_on_Gittin.2.2	פרכ	שאל, הקשה	form:pa.perf.3ms	krupnik-1927:def	correct		להכיר חתימת העדים והאמינוהו לשליח ולקמן ⟨פריך⟩ בין לרבא בין לרבה ליבעי תרי
talmud-commentary	20	כדכתיב	Rashi_on_Yoma.139.12	כדכתיב	כמו שכתוב	reviewed-form	reviewed	correct		עיקר שריפתן אחר אימורי חטאת נאמר ⟨כדכתיב⟩ ואת חלב החטאת וגו' והדר ואת
talmud-commentary	21	רובא	Rashi_on_Bava_Metzia.45.13	רובא	רוב	form	krupnik-1927:def	correct		דאזיל בתר ⟨רובא⟩ כלומר שהולך בדין מציאה אחר טעם
talmud-commentary	22	איצטריך	Tosafot_on_Bava_Metzia.177.4	צרכ	היה זקוק לדבר	form:itpe.perf.3ms	krupnik-1927:def	correct		והיכי דמי כשהקדימו בשבלין תימה דמאי ⟨איצטריך⟩ לפרושי הכא היכי דמי דעד השתא
talmud-commentary	23	מצי	Rashi_on_Taanit.53.1	מצי	יכול	form	krupnik-1927:def	correct		הכא לית ליה רווחא דהא לא ⟨מצי⟩ למיקרי אלא בראשית ויהי רקיע
talmud-commentary	24	קאי	Rashi_on_Kiddushin.109.6	קאי	עומד	reviewed-form	reviewed	correct		בין שוגג לאו אמתכוין להוציא לחולין ⟨קאי⟩ דא"כ לאו שוגג הוא והאי מתכוין
other-commentary	0	איהו	Beur_HaGra_on_Sifra_DeTzniuta.1.93	איהו	הוא	form	krupnik-1927:def	correct		איהו דכל כסופא דלהון בתר ירך ⟨איהו⟩ וכ"ש ירך דרבנן כו' ושם בד'
other-commentary	1	ודלא	Kaf_HaChayim_on_Shulchan_Arukh_Orach_Chayim.450.31	ודלא	ושלא	reviewed-form	reviewed	correct		שם וכ"כ המק"ח או' ז' וכתב ⟨ודלא⟩ כח"י וכ"כ א"א או' ח' דבספק
other-commentary	2	ואיכא	Bartenura_on_Mishnah_Shabbat.1.16	איכא	ויש	form+w	krupnik-1927:def	correct		חשיב אלא עקירות שהן תחלת המלאכה ⟨ואיכא⟩ למיחש שמא יגמרנה אבל הנחות שהן
other-commentary	3	באמצעיתא	Yahel_Ohr_on_Zohar.1006.40	באמצעיתא	באמצע	reviewed-form	reviewed	correct		נכלל בימינא וימינא בשמאלא ושניהם כלולין ⟨באמצעיתא⟩ רק שבנהורא דימינא נכלל שמאלא בימינא
other-commentary	4	דכתיב	Tosafot_Yom_Tov_on_Mishnah_Chullin.10.21	דכתיב	שכתוב	reviewed-form	reviewed	correct		שברגל ומ"ש הר"ב והזרוע הימיני כו' ⟨דכתיב⟩ ונתן לכהן הזרוע המיומן כו' אפילו
other-commentary	5	דחזי	Kaf_HaChayim_on_Shulchan_Arukh_Orach_Chayim.308.66	דחזי	שרואה	reviewed-form	reviewed	correct		מותר לטלטלה אפי' נשבר בשבת כיון ⟨דחזי⟩ לכסות בה מנא אבל אם נשבר
other-commentary	6	ביה	Mishnah_Berurah.169.13	pron:ביה	בו	form	grammar:pronominal	correct		שיתנו לו וה"ה כל דבר דאית ⟨ביה⟩ ריח וקיוהא דמבואר לעיל דצריך ליתן
other-commentary	7	איכא	Tosafot_Yom_Tov_on_Mishnah_Bava_Metzia.1.5	איכא	יש	form	krupnik-1927:def	correct		דאמר הכל יהא מונח התם ודאי ⟨איכא⟩ רמאי הכא מי יימר דאיכא רמאי
other-commentary	8	מאי	Tosafot_Yom_Tov_on_Mishnah_Sanhedrin.1.10	מאי	מה	reviewed-form	reviewed	correct		ברכת כהנים וכו' ולא אתפרש טעמא ⟨מאי⟩ ואפשר לי לומר כדי לעורר הברכות
other-commentary	9	תני	Tosafot_Yom_Tov_on_Mishnah_Sotah.4.11	תני	שנה	form	reviewed:reviewed	correct		מעוברת כו' תימה אמאי לא ⟨תני⟩ מעוברת בתר בבא דאלמנה לכ"ג דדמי
other-commentary	10	וכוורי	Kaf_HaChayim_on_Shulchan_Arukh_Orach_Chayim.156.14	כוורא	ודג	form:n.pl+w	krupnik-1927:def	correct		איכא נורא בי פלוני דשכיח בשרא ⟨וכוורי⟩ אפי' זה הוי לשה"ר אי אפיק
other-commentary	11	דכתיב	Nefesh_David_on_Zohar.295.5	דכתיב	שכתוב	reviewed-form	reviewed	correct		ראש היסוד עי"ש והיינו דבר השם ⟨דכתיב⟩ כאן ביחזקאל דבר ה' זו מלכות
other-commentary	12	דלא	Kaf_HaChayim_on_Shulchan_Arukh_Orach_Chayim.506.18	דלא	שלא	reviewed-form	reviewed	correct		לצורך שעה שיפול הצרור והקיסם וגם ⟨דלא⟩ סגי בלא"ה ומימנע משמחת יו"ט והב"ד
other-commentary	13	דאיכא	Kaf_HaChayim_on_Shulchan_Arukh_Orach_Chayim.447.237	איכא	שיש	form+d	krupnik-1927:def	correct		ריח חמץ נמי אסור ב"ח והיכא ⟨דאיכא⟩ שלשתן יחד ריחא בעלמא ומשהו ונ"ט
other-commentary	14	ומלייא	Yahel_Ohr_on_Zohar.1006.6	לייא	ומלאן	form+wm	krupnik-1927:def	incorrect	garbled; 'and fill'	ר"ל באו"א תרין עטרין דגניזין בגווייהו ⟨ומלייא⟩ כל אדרין ואכסדראין וכד אתער נהירו
other-commentary	15	מהו	Kaf_HaChayim_on_Shulchan_Arukh_Orach_Chayim.339.29	מהו	מה הוא	reviewed-form	reviewed	correct		העבירה בנפשו אם היה זה בשבת ⟨מהו⟩ שנחלל שבת בשביל הצלתו מן העבירה
other-commentary	16	לבר	Yahel_Ohr_on_Zohar.1004.28	לבר	מחוץ	reviewed-form	reviewed	correct		ר"ל שהן בקדושה דסט"א נקראו בכ"מ ⟨לבר⟩
other-commentary	17	מִדְּקָאָמַר	Kli_Yakar_on_Genesis.37.6	מדקאמר	ממה שאומר	reviewed-form	reviewed	correct		מָקוֹם אֵין הַלָּשׁוֹן מְדֻקְדָּק כָּאן כִּי ⟨מִדְּקָאָמַר⟩ דִּבָּתָם שְׁמַע מִינַהּ שֶׁהַדִּבָּה מְיוּחֶדֶת אֶל
other-commentary	18	נקטינן	Kaf_HaChayim_on_Shulchan_Arukh_Orach_Chayim.526.18	נקט	החזיק, אחז	form:pe.ptcp.1pl	krupnik-1927:def	correct		והיינו טעמא כיון דמילתא דרבנן הוא ⟨נקטינן⟩ כדברי המיקל עכ"ד וכ"פ הלבוש כדברי
other-commentary	19	כדאית	Kaf_HaChayim_on_Shulchan_Arukh_Orach_Chayim.363.194	אית	כמו שיש	form+kd	krupnik-1927:def	correct		ואלו הג"ט או הד"ט לכל חד ⟨כדאית⟩ ליה משערינן במצומצמות לחומרא כמ"ש סעיף
other-commentary	20	עלייהו	Yahel_Ohr_on_Zohar.1518.12	pron:עלייהו	עליהם	form	grammar:pronominal	correct		שה' הוא מחכמה ולמטה וכ' כתר ⟨עלייהו⟩
other-commentary	21	קאי	Tosafot_Yom_Tov_on_Mishnah_Shabbat.11.2	קאי	עומד	reviewed-form	reviewed	correct		לא שייך למיתני כיצד כיון דלא ⟨קאי⟩ אדלעיל דבלמטה מי' איירי וכתבו התוספות
other-commentary	22	דלא	Biur_Halacha.363.4	דלא	שלא	reviewed-form	reviewed	correct		בחצר מחמרינן אפילו בפחות מד' מסתברא ⟨דלא⟩ מחמרינן בחצר אלא בגוונא דקמיירי רב
other-commentary	23	דילה	Yahel_Ohr_on_Zohar.143.1	pron:דילה	שלה	form	grammar:pronominal	correct		שבה ואבן מאסו הבונים היא מלכות ⟨דילה⟩ ובה נאחז דוד
other-commentary	24	דהא	Kaf_HaChayim_on_Shulchan_Arukh_Orach_Chayim.660.6	דהא	שהרי	reviewed-form	reviewed	correct		ידענא מאי גדול המעשה שיש בכאן ⟨דהא⟩ עיקר הס"ת שמניחין על התיבה אינו
