corpus	item	surface	reference	resolved lemma	display gloss	resolution path	source	judgment	reason if incorrect	context
bavli	0	דתניא	Bavli_Shabbat.198.11	תניא	שנאמר בברייתא	form+d	krupnik-1927:def	correct		כחו בכרמלית לא גזרו ומנא תימרא ⟨דתניא⟩ ספינה אין מטלטלין לא מתוכה לים
bavli	1	קתני	Bavli_Niddah.14.13	תני	שונה	form:pe.ptcp.ms+q	reviewed:reviewed	correct		אמר ר"נ בר יצחק כי ⟨קתני⟩ מידי דלית ליה שם לווי אבל
bavli	2	אמר	Bavli_Yoma.81.5	אמר	אמר	form	jastrow-1903:same	correct		שחיטת פרה ופרו רב ושמואל חד ⟨אמר⟩ פרה פסולה פרו כשרה וחד אמר
bavli	3	ליה	Bavli_Ketubot.135.16	pron:ליה	לו	form	grammar:pronominal	correct		דרבה ושמותי שמית מאן דלא אמר ⟨ליה⟩ ואי לאו דשמית לא הוה קאמינא
bavli	4	אמר	Bavli_Niddah.49.16	אמר	אמר	form	jastrow-1903:same	correct		תרתי חדא היא אמר אביי אימא ⟨אמר⟩ רבי חייא אזוב טפח
bavli	5	הא	Bavli_Yevamot.131.3	הא	זה · הלא	form	krupnik-1927:def-en	correct		לן שבח בית אביה דידה הוי ⟨הא⟩ אמרה רב יהודה חדא זימנא מהו
bavli	6	ליה	Bavli_Sanhedrin.217.2	pron:ליה	לו	form	grammar:pronominal	correct		איתתיה דקרח אמרה ⟨ליה⟩ חזי מאי קעביד משה איהו הוה
bavli	7	מאי	Bavli_Chullin.189.10	מאי	מה	reviewed-form	reviewed	correct		אלא אמר רב ששת ⟨מאי⟩ דשקל בר פיולי דאורייתא ומאי דשייר
bavli	8	סבר	Bavli_Shabbat.251.6	סבר	חשב	form	krupnik-1927:def	correct		עשרה מאי לאו בהא קמיפלגי דמר ⟨סבר⟩ מעוטי בהילוכא עדיף ומר סבר מעוטי
bavli	9	נמי	Bavli_Berakhot.108.4	נמי	גם, כמו כן	form	krupnik-1927:def	correct		תניא ⟨נמי⟩ הכי כל שנותיו של דוד לא
bavli	10	בריה	Bavli_Shabbat.237.4	בריה	בנו	reviewed-form	reviewed	correct		כאן לחצר אחרת בעי רב הונא ⟨בריה⟩ דרב יהושע פירש טליתו וקיפל והניח
bavli	11	דאיתמר	Bavli_Makkot.26.11	אמר	שנאמר	form:itpe.perf.3ms+d	jastrow-1903:same	correct		ההוא מיבעי ליה לטמא שנגע בקדש ⟨דאיתמר⟩ טמא שנגע בקדש ריש לקיש אומר
bavli	12	דומיא	Bavli_Sukkah.59.7	דומיא	דמיון ושווי	form	krupnik-1927:def	correct		מדקתני ⟨דומיא⟩ דרשות הרבים מה רשות הרבים קרקע
bavli	13	דאתא	Bavli_Menachot.107.12	אתא	שבא	form+d	krupnik-1927:def	correct		והאי להכי הוא ⟨דאתא⟩ האי מיבעי ליה לכדתניא לא
bavli	14	כולי	Bavli_Eruvin.140.4	כולי	כל	reviewed-form	reviewed	correct		בלגינו ושפך וזה בא בלגינו ושפך ⟨כולי⟩ עלמא לא פליגי דהוי עירוב
bavli	15	אי	Bavli_Gittin.113.6	אי	אם	form	krupnik-1927:def-en	correct		ליה אינגד פוסתא ופלגא אמר ליה ⟨אי⟩ מטאי לגביה לא איצטריכי לך
bavli	16	להו	Bavli_Taanit.41.6	pron:להו	להם	form	grammar:pronominal	correct		גזרי גזירתא ואמינא ברישא איזיל ואשמע ⟨להו⟩ לרבנן דלבעי רחמי עלה דמילתא
bavli	17	נמי	Bavli_Kiddushin.102.12	נמי	גם, כמו כן	form	krupnik-1927:def	correct		דיקא ⟨נמי⟩ דקתני המקדש בחלקו בין קדשי קדשים
bavli	18	אמר	Bavli_Shabbat.263.14	אמר	אמר	form	jastrow-1903:same	correct		כלל ⟨אמר⟩ ר"ע וכו' אמר רב יהודה אמר
bavli	19	קעביד	Bavli_Bava_Kamma.17.19	קעביד	עושה	reviewed-form	reviewed	correct		אלא דבלאו איהו נמי מינטר מאי ⟨קעביד⟩
bavli	20	והא	Bavli_Bava_Kamma.215.10	phrase	גם זה וגם זה	phrase	krupnik-1927	correct		אלא אמר רב ששת הא ⟨והא⟩ רבי יוסי הגלילי כי קאמר רבי
bavli	21	למה	Bavli_Chagigah.43.7	למה	למה	reviewed-form	reviewed	correct		כו' דגמרינהו מאן אילימא דגמרינהו חבר ⟨למה⟩ להו טבילה
bavli	22	למעוטי	Bavli_Avodah_Zarah.133.2	למעוטי	למעט	reviewed-form	reviewed	correct		ור"מ ההוא ⟨למעוטי⟩ סרוחה מעיקרא ור"ש סרוחה מעיקרא לא
bavli	23	טעמא	Bavli_Chullin.59.13	טעמא	סבה	form	krupnik-1927:def	correct		גמ׳ ⟨טעמא⟩ דנפלה הא הפילה הוא כשרה ואע"ג
bavli	24	והאמר	Bavli_Ketubot.25.2	והאמר	והלא אמר	reviewed-form	reviewed	correct		כי לא מודה מכשר רבן גמליאל ⟨והאמר⟩ ליה שמואל לרב יהודה שיננא הלכה
bavli	25	מאן	Bavli_Bava_Metzia.101.7	מאנ	מי	reviewed-form	reviewed	correct		אמר רבא ⟨מאן⟩ תנא טלית ר"ש היא אביי אמר
bavli	26	אמר	Bavli_Pesachim.188.16	אמר	אמר	form	jastrow-1903:same	correct		אמר רבא ⟨אמר⟩ קרא במדבר ה ב וישלחו מן
bavli	27	קשיא	Bavli_Shabbat.46.2	קשיא	קשה	form	reviewed:reviewed	correct		⟨קשיא⟩ הילכתא אהילכתא אמרת הילכתא כריב"ל וקיימא
bavli	28	תא	Bavli_Bava_Kamma.28.6	phrase	צא ולמד	phrase	krupnik-1927	correct		⟨תא⟩ שמע זה הכלל כל המשלם יותר
bavli	29	תימא	Bavli_Bekhorot.104.2	אמר	תאמר	form:pe.impf.2ms	jastrow-1903:same	correct		מי ידע הי נפיק וכי ⟨תימא⟩ דמפיק ליה בריש עשרה ויקרא כז
bavli	30	אמר	Bavli_Bava_Kamma.24.13	אמר	אמר	form	jastrow-1903:same	correct		תניא נמי הכי יתר על כן ⟨אמר⟩ ר' יהודה אפי' נגח ואח"כ הקדיש
bavli	31	חדא	Bavli_Kiddushin.149.5	חדא	אחד	form	krupnik-1927:def	correct		לן יש ממזר מחייבי כריתות ניתני ⟨חדא⟩ מעשה שהיה כך היה
bavli	32	ביה	Bavli_Moed_Katan.31.6	pron:ביה	בו	form	grammar:pronominal	correct		איחלש רב יהודה אתו רבנן לשיולי ⟨ביה⟩ ואתא איהו נמי בהדייהו כד חזייה
bavli	33	אמר	Bavli_Sanhedrin.110.13	אמר	אמר	form	jastrow-1903:same	correct		⟨אמר⟩ רב פפא לא למעוטי גיפוף ונישוק
bavli	34	דאי	Bavli_Berakhot.27.18	דאי	שאם	reviewed-form	reviewed	correct		לא ר' יוסי ולא ר' יהודה ⟨דאי⟩ ר' יהודה הא אמר לכתחלה נמי
bavli	35	אמר	Bavli_Bava_Metzia.139.19	אמר	אמר	form	jastrow-1903:same	correct		⟨אמר⟩ רב נחמן בר יצחק מי כתיב
bavli	36	דכתיב	Bavli_Bava_Metzia.53.17	דכתיב	שכתוב	reviewed-form	reviewed	correct		במקדש שני דלא נפישי ישראל טובא ⟨דכתיב⟩ בהו עזרא ב סד כל הקהל
bavli	37	זיל	Bavli_Bekhorot.69.9	זיל	היה בזול	form	krupnik-1927:def	incorrect	imperative 'go!' — Krupnik's homograph 'was cheap'	תיזיל באורחא דנהר פקוד דאיכא מיא ⟨זיל⟩ באורחא דנרש דליכא מיא אזל באורחא
bavli	38	הא	Bavli_Megillah.33.19	הא	זה · הלא	form	krupnik-1927:def-en	correct		⟨הא⟩ לא דמיא אלא להא גיפטית לגיפטים
bavli	39	למה	Bavli_Bava_Kamma.123.10	למה	למה	reviewed-form	reviewed	correct		כלל ופרט על כל דבר פשע ⟨למה⟩ לי ש"מ ריבויא הוא
bavli	40	ליה	Bavli_Berakhot.34.14	pron:ליה	לו	form	grammar:pronominal	correct		הוה שמואל גביה הוו קא קרו ⟨ליה⟩ בר אכיל זוזי דיתמי אזל אבתריה
bavli	41	למאן	Bavli_Eruvin.61.15	rev:מאנ	למי	form+l	reviewed:reviewed-base	correct		האי עם הארץ דקאמר ליה ⟨למאן⟩ אילימא דקאמר לעם הארץ חבריה מעשרן
bavli	42	מהו	Bavli_Keritot.15.29	מהו	מה הוא	reviewed-form	reviewed	correct		על חמש שפחות חרופות בהעלם אחת ⟨מהו⟩ חייב על כל אחת ואחת או
bavli	43	קתני	Bavli_Temurah.60.3	תני	שונה	form:pe.ptcp.ms+q	reviewed:reviewed	correct		המנחות והעופות אין עושין תמורה כי ⟨קתני⟩ אבהמה
bavli	44	אילימא	Bavli_Sanhedrin.25.9	אילימא	אם נאמר	form	krupnik-1927:def	correct		זקן בביתך כל הימים מאי זקן ⟨אילימא⟩ זקן ממש והכתיב שמואל א ב
bavli	45	ביה	Bavli_Pesachim.220.10	pron:ביה	בו	form	grammar:pronominal	correct		מחד בתמוז עד שיתסר ⟨ביה⟩ ודאי שכיחי מכאן ואילך ספק שכיחי
bavli	46	צריכא	Bavli_Bava_Batra.302.7	צריכ	צריך	form	jastrow-1903:eq	correct		אבל בהך אימא מודה ליה לרב ⟨צריכא⟩
bavli	47	תנן	Bavli_Temurah.62.14	תננ	שנינו במשנה	form	krupnik-1927:def	correct		⟨תנן⟩ ר"ש אומר קדשי בדק הבית שמתו
bavli	48	תנא	Bavli_Bava_Kamma.18.18	תני	שנה	form	reviewed:reviewed	correct		וכן ⟨תנא⟩ דבי חזקיה והמת יהיה לו לניזק
bavli	49	תא	Bavli_Bava_Batra.312.5	phrase	צא ולמד	phrase	krupnik-1927	correct		אמר רב משרשיא משמיה דרבא ⟨תא⟩ שמע לשבח קרקעות כיצד הרי שמכר
bavli	50	נמי	Bavli_Bava_Kamma.82.9	נמי	גם, כמו כן	form	krupnik-1927:def	correct		ועבד יפה סלע נותן שלשים משתלם ⟨נמי⟩ דמי עבד מן העלייה כתב רחמנא
bavli	51	אמר	Bavli_Rosh_Hashanah.67.3	אמר	אמר	form	jastrow-1903:same	correct		אלא ⟨אמר⟩ רב נחמן בר יצחק מאן מודים
bavli	52	אמר	Bavli_Moed_Katan.51.3	אמר	אמר	form	jastrow-1903:same	correct		אליעזר כפו מטותיכם וכיון שנסתם הגולל ⟨אמר⟩ להם רבי יהושע כפו מטותיכם אמרו
bavli	53	אימא	Bavli_Bava_Kamma.132.4	אימא	אמור	reviewed-form	reviewed	correct		הוא דאמר דגזל קרבן דחבריה איבעית ⟨אימא⟩ הדר ביה ואיבעית אימא חד מינייהו
bavli	54	דתניא	Bavli_Sanhedrin.182.3	תניא	שנאמר בברייתא	form+d	krupnik-1927:def	correct		⟨דתניא⟩ ר"א אומר מתים שהחיה יחזקאל עמדו
bavli	55	תנן	Bavli_Arakhin.44.6	תננ	שנינו במשנה	form	krupnik-1927:def	correct		נהרדעי אמרי דתנן ⟨תנן⟩ דלא תנן לא תנן אמר רב
bavli	56	אמר	Bavli_Bava_Metzia.177.13	אמר	אמר	form	jastrow-1903:same	correct		⟨אמר⟩ להו רב ששת תניתוה רבי שמעון
bavli	57	אמאי	Bavli_Sukkah.63.7	אמאי	למה, מדוע	form	krupnik-1927:def	correct		והוינן בה כי חזר ונתגלה ⟨אמאי⟩ חייב לכסות הואיל ואידחי אידחי
bavli	58	מאי	Bavli_Sanhedrin.214.8	מאי	מה	reviewed-form	reviewed	correct		יד עשה לך תיבת עצי גופר ⟨מאי⟩ גופר אמר רב אדא אמרי דבי
bavli	59	הא	Bavli_Shabbat.45.6	הא	זה · הלא	form	krupnik-1927:def-en	correct		אמר אביי לרב יוסף ⟨הא⟩ דרב הונא ורב יהודה דרב הוא
bavli	60	תניא	Bavli_Avodah_Zarah.77.2	תניא	נאמר בברייתא	form	krupnik-1927:def	correct		לו סנפיר וקשקשת אמר אביי כי ⟨תניא⟩ ההיא בארא' ופלמודא דדמו רישייהו לטמאים
bavli	61	והאמר	Bavli_Yevamot.104.13	והאמר	והלא אמר	reviewed-form	reviewed	correct		אלא בישן ⟨והאמר⟩ רב יהודה
bavli	62	דנפשיה	Bavli_Kiddushin.133.8	דנפשיה	של עצמו	reviewed-form	reviewed	correct		אלא אי טעמא ⟨דנפשיה⟩ קאמר ואפי' חייבי עשה במאי מוקים
bavli	63	ליה	Bavli_Bava_Kamma.12.9	pron:ליה	לו	form	grammar:pronominal	correct		כתובת אשה דינה בזיבורית ואי אמרה ⟨ליה⟩ איהי הב לי בינונית בציר פורתא
bavli	64	איסורא	Bavli_Kiddushin.110.2	איסורא	איסור	form	krupnik-1927:def	correct		מאי קעביד מסתברא כל היכא דאיכא ⟨איסורא⟩ התם קנסינן
bavli	65	אמר	Bavli_Chullin.11.7	אמר	אמר	form	jastrow-1903:same	correct		ר' מאיר עלה בעלמא הוא דאכיל ⟨אמר⟩ ליה מאגודה אכליה ותנן ירק הנאגד
bavli	66	מיבעי	Bavli_Kiddushin.36.15	מיבעי	צריך	reviewed-form	reviewed	correct		האי לאמה מאי עבדי ליה האי ⟨מיבעי⟩ להו לכדתניא לאמה מלמד שמוכרה לפסולים
bavli	67	להא	Bavli_Eruvin.179.11	להא	לזה	reviewed-form	reviewed	correct		דילמא אתי לאפוקי מאני דהא חצר ⟨להא⟩ חצר ה"נ לא גזרינן דילמא אתי
bavli	68	דליתנהו	Bavli_Bekhorot.85.6	pron:ליתנהו	שאינם	form+d	grammar:pronominal	correct		צריכי דאי כתב רחמנא עור משום ⟨דליתנהו⟩ כלל אבל חורוור והמים הקבועין דאיתנהו
bavli	69	בעי	Bavli_Temurah.15.21	בעי	צריך	reviewed-form	reviewed	correct		⟨בעי⟩ רבי אבין לדברי האומר אין ממירין
bavli	70	אמר	Bavli_Berakhot.47.7	אמר	אמר	form	jastrow-1903:same	correct		⟨אמר⟩ רבא לית הלכתא כי הא מתניתא
bavli	71	הויא	Bavli_Bava_Kamma.106.8	הויא	היתה	reviewed-form	reviewed	correct		איש לא יחיה וחיה בכלל בהמה ⟨הויא⟩ אם לרבות את העופות
bavli	72	אי	Bavli_Menachot.148.5	אי	אם	form	krupnik-1927:def-en	correct		מברכינן עליה המוציא לחם מן הארץ ⟨אי⟩ לית בה פירורין כזית מברכינן עליה
bavli	73	טעמא	Bavli_Nedarim.45.5	טעמא	סבה	form	krupnik-1927:def	correct		⟨טעמא⟩ דאמר הריני כאילו התקבלתי הא לאו
bavli	74	הדרן	Bavli_Beitzah.56.4	הדרנ	חזרנו	reviewed-form	reviewed	incorrect	'go around' (participle plural), not 'we returned'	ושדי אחזרי פוק חזי כמה מהולתא ⟨הדרן⟩ בנהרדעא
bavli	75	בר	Bavli_Sanhedrin.58.7	בר	בן	form	reviewed:reviewed	correct		א"ר חייא ⟨בר⟩ אבין אמר רב הלכה כר' יהושע
bavli	76	בהו	Bavli_Bava_Metzia.58.3	pron:בהו	בהם	form	grammar:pronominal	correct		שקל קלא ושדא בהו א"ל איחייבת ⟨בהו⟩ קום אהדרינהו
bavli	77	בינייהו	Bavli_Bava_Metzia.28.19	pron:בינייהו	ביניהם	form	grammar:pronominal	correct		מאי ⟨בינייהו⟩ איכא בינייהו דמית לוקח מאן דאמר
bavli	78	תרתי	Bavli_Pesachim.62.9	תרתי	שתים	form	krupnik-1927:def	correct		ומי בעי אבא שאול ⟨תרתי⟩ והא תנן אבא שאול אומר את
bavli	79	נמי	Bavli_Berakhot.80.8	נמי	גם, כמו כן	form	krupnik-1927:def	correct		הואיל ופת פוטרתן אי הכי יין ⟨נמי⟩ נפטריה פת שאני יין
bavli	80	כאן	Bavli_Bava_Kamma.11.12	כאנ	פה, במקום זה	form	krupnik-1927:def	correct		לא קשיא ⟨כאן⟩ מדעתו כאן בעל כרחו
bavli	81	נמי	Bavli_Yevamot.142.10	נמי	גם, כמו כן	form	krupnik-1927:def	correct		תניא ⟨נמי⟩ הכי ערל שהזה הזאתו כשרה ומעשה
bavli	82	טעמא	Bavli_Horayot.3.5	phrase	מהו הטעם, למה	phrase	krupnik-1927	correct		הורו ב"ד ועשו רוב קהל מאי ⟨טעמא⟩ דר' מאיר דפוטר אלא לאו הורו
bavli	83	דאי	Bavli_Beitzah.12.9	דאי	שאם	reviewed-form	reviewed	correct		ובית הלל צריכי ⟨דאי⟩ כתב רחמנא שאור הוה אמינא משום
bavli	84	דהא	Bavli_Nazir.117.9	דהא	שהרי	reviewed-form	reviewed	correct		תגלחת שניה ושלישית ציפורין לא צריך ⟨דהא⟩ עביד מאי איכא דילמא ודאי מוחלט
bavli	85	ליה	Bavli_Menachot.115.13	pron:ליה	לו	form	grammar:pronominal	correct		מסתברא מנחת כהנים הוה ⟨ליה⟩ לרבויי שכן עשרון כלי
bavli	86	והאי	Bavli_Yevamot.147.5	האי	וזה, זאת	form+w	krupnik-1927:def	correct		ג' ראיות ובמצורע מוחלט הכתוב מדבר ⟨והאי⟩ עד אשר יטהר עד דמייתי כפרה
bavli	87	להו	Bavli_Sukkah.8.9	pron:להו	להם	form	grammar:pronominal	correct		פושכי דל עשרה דארון וכפורת פשו ⟨להו⟩ עשרה וכתיב שמות כה כ והיו
bavli	88	דכולי	Bavli_Bava_Metzia.48.6	דכולי	של כל	reviewed-form	reviewed	incorrect	'that everyone' (דכולי עלמא)	בר זבדא אמר רב במקושרין בכנפיהן ⟨דכולי⟩ עלמא הכי מקטרי להו
bavli	89	דאמר	Bavli_Chullin.14.4	אמר	שאמר	form+d	jastrow-1903:same	correct		הוא מאן דאמר קולף שפיר ומאן ⟨דאמר⟩ מדיח איידי דטרידי סימנין לאפוקי דם
bavli	90	חמרא	Bavli_Pesachim.219.6	חמרא	יין	reviewed-form	reviewed	correct		חמרא ולא סיים מסני אבל רכיב ⟨חמרא⟩ וסיים מסני לית לן בה
bavli	91	היכי	Bavli_Bava_Batra.174.3	היכי	כיצד	form	krupnik-1927:def	correct		נותן לו גירומין ואי הכרעה דאורייתא ⟨היכי⟩ יהיב ליה עין בעין
bavli	92	תיתי	Bavli_Shabbat.234.13	אתא	תבוא	form:af.impf.2ms	krupnik-1927:def	correct		אמות בגילוי הראש אמר רב ששת ⟨תיתי⟩ לי דקיימית מצות תפילין ואמר ר"נ
bavli	93	הני	Bavli_Bava_Kamma.54.4	phrase	במה דברים אמורים	phrase	krupnik-1927	correct		ורב ⟨הני⟩ מילי היכא דאפקרינהו אבל היכא דלא
bavli	94	הכא	Bavli_Berakhot.64.8	הכא	כאן	form	krupnik-1927:def	correct		דתמני סרי תקון תשסרי לא תקון ⟨הכא⟩ נמי שב תקון תמני לא תקון
bavli	95	ליה	Bavli_Bava_Kamma.195.2	pron:ליה	לו	form	grammar:pronominal	correct		דמי צמרו ושבחו לימא שמואל לית ⟨ליה⟩ דרב אסי
bavli	96	ליה	Bavli_Kiddushin.37.17	pron:ליה	לו	form	grammar:pronominal	correct		היובל תשובו איש אל אחוזתו וסמיך ⟨ליה⟩ וכי תמכרו ממכר לעמיתך או קנה
bavli	97	מנין	Bavli_Menachot.141.5	מנינ	מאין, מהיכן	form	krupnik-1927:def	correct		אחר תקריב לפי שמצותו לקצור בלילה ⟨מנין⟩ שאם נקצר ביום כשר תלמוד לאמר
bavli	98	מאי	Bavli_Makkot.17.9	מאי	מה	reviewed-form	reviewed	correct		א"ר יצחק ⟨מאי⟩ קרא דברים ד מב ונס אל
bavli	99	ליה	Bavli_Keritot.6.24	pron:ליה	לו	form	grammar:pronominal	correct		אתא ואפילו לר' יהודה כרת נפקא ⟨ליה⟩ מן כל דם
bavli	100	לדידהו	Bavli_Menachot.195.4	pron:דידהו	לשלהם	form+l	grammar:pronominal	incorrect	'to them themselves' — garbled rendering	דמידלי ליה ומנח ליה ומיתתי להו ⟨לדידהו⟩ פורתא כתלמיד היושב לפני רבו
bavli	101	מאי	Bavli_Gittin.75.17	מאי	מה	reviewed-form	reviewed	correct		מדרבנן כדלא גמרי אינשי שמעתא וטעמא ⟨מאי⟩ אמר רב נחמן קסבר עולא עבדו
bavli	102	תימא	Bavli_Nazir.33.9	אמר	תאמר	form:pe.impf.2ms	jastrow-1903:same	correct		דאי ⟨תימא⟩ רבי היא אי דנטמא בשביעי וחזר
bavli	103	דבי	Bavli_Nedarim.152.1	דבי	של בית	reviewed-form	reviewed	correct		בקיטונא ⟨דבי⟩ רב עומד יחידי ובלילה
bavli	104	תרי	Bavli_Rosh_Hashanah.29.4	תרי	שנים	form	krupnik-1927:def	correct		אמר רבא ש"מ ⟨תרי⟩ דיני מתדנא אמר אביי הלכך כי
bavli	105	דאמרינן	Bavli_Shabbat.183.6	אמר	שאנו אומרים	form:pe.ptcp.1pl+d	jastrow-1903:same	correct		הא קמסייע בהדי הדדי לאו משום ⟨דאמרינן⟩ מסייע אין בו ממש
bavli	106	קעביד	Bavli_Shabbat.32.2	קעביד	עושה	reviewed-form	reviewed	correct		דאפשר למעבד חטה אחת כדשמואל ולא ⟨קעביד⟩ הימוני מהימני אלא גזירה משום תרומה
bavli	107	אמר	Bavli_Horayot.25.3	אמר	אמר	form	jastrow-1903:same	correct		רבן שמעון בן גמליאל ורבנן חד ⟨אמר⟩ סיני עדיף וחד אמר עוקר הרים
bavli	108	תנא	Bavli_Eruvin.43.11	תני	שנה	form	reviewed:reviewed	incorrect	the noun 'the Tanna' (מאי תנא דקתני)	גמ׳ מאי ⟨תנא⟩ דקתני ועוד
bavli	109	אמר	Bavli_Megillah.19.19	אמר	אמר	form	jastrow-1903:same	correct		המולך ⟨אמר⟩ רב שמלך מעצמו אמרי לה לשבח
bavli	110	למעבד	Bavli_Bava_Metzia.184.6	למעבד	לעשות	reviewed-form	reviewed	correct		הכי אומדין אותו מאי הוה ליה ⟨למעבד⟩ היה לו לקדם ברועים ובמקלות
bavli	111	תנא	Bavli_Nedarim.48.3	תני	שנה	form	reviewed:reviewed	correct		גמ׳ ⟨תנא⟩ כשם שנדרי שגגות מותרין כך שבועות
bavli	112	אטו	Bavli_Shabbat.44.7	אטו	וכי	reviewed-form	reviewed	incorrect	'on account of' (גזרה יו״ט אטו שבת)	מדליקין בשמן שריפה ביו"ט גזרה י"ט ⟨אטו⟩ שבת
bavli	113	הא	Bavli_Chullin.206.10	הא	זה · הלא	form	krupnik-1927:def-en	correct		אלא ⟨הא⟩ קמשמע לן מאן תנא קמא רבי
bavli	114	בעי	Bavli_Sanhedrin.85.18	בעי	צריך	reviewed-form	reviewed	correct		אתה גרמת להם והיינו דקאמר ליה ⟨בעי⟩ יהושע ח ב ועשית לעי ולמלכה
bavli	115	דאפילו	Bavli_Yevamot.216.5	דאפילו	שאפילו	reviewed-form	reviewed	correct		הא נמי פשיטא אלא ⟨דאפילו⟩ תורה אין לו מאי טעמא אמר
bavli	116	בר	Bavli_Sukkah.91.3	בר	בן	form	reviewed:reviewed	correct		מני רב יהודה בריה דרב שמואל ⟨בר⟩ שילת ובשמיני ספק שביעי לבר מסוכה
bavli	117	השתא	Bavli_Ketubot.189.13	השתא	עכשיו	form	reviewed:reviewed	correct		⟨השתא⟩ שתים איבדה שלש מיבעיא לא קשיא
bavli	118	בהדי	Bavli_Sotah.58.15	בהדי	עם ובמעמד	form	krupnik-1927:def	correct		ור' נחמיה סבר ויאמרו דאמור כולהו ⟨בהדי⟩ הדדי לאמר דפתח משה ברישא
bavli	119	וחד	Bavli_Pesachim.20.16	חד	ואחד	form+w	krupnik-1927:def	correct		בסוף שתים הוה או בתחלת שלש ⟨וחד⟩ מינייהו טועה משהו לדברי רבי יהודה
bavli	120	כתיב	Bavli_Taanit.3.1	כתיב	כתוב	reviewed-form	reviewed	correct		נימא כוותיה קסבר רבי עקיבא כי ⟨כתיב⟩ ניסוך יתירא בששי הוא דכתיב
bavli	121	כוליה	Bavli_Bava_Kamma.229.7	pron:כוליה	כולו	form	grammar:pronominal	correct		הוא דכי פירש יהיב ליה דמי ⟨כוליה⟩ משום דבידים קא פסיד אבל הכא
bavli	122	הא	Bavli_Kiddushin.127.5	הא	זה · הלא	form	krupnik-1927:def-en	correct		רב הונא בריה דרב יהושע לרבא ⟨הא⟩ פסח דכי כת אחת דמי ופליגי
bavli	123	האי	Bavli_Bava_Batra.193.10	האי	זה, זאת	form	krupnik-1927:def	correct		ואמר רבא ⟨האי⟩ מאן דקביל חמרא אדעתא דממטי ליה
bavli	124	אילימא	Bavli_Berakhot.8.9	אילימא	אם נאמר	form	krupnik-1927:def	correct		ובנים לא היכי דמי ⟨אילימא⟩ דהוו להו ומתו והא א"ר יוחנן
bavli	125	אמר	Bavli_Gittin.40.12	אמר	אמר	form	jastrow-1903:same	correct		רישא אין כותבין אמר רב יהודה ⟨אמר⟩ שמואל והוא ששייר מקום התורף
bavli	126	אמר	Bavli_Bava_Metzia.215.2	אמר	אמר	form	jastrow-1903:same	correct		גמ׳ ⟨אמר⟩ אביי בקורות שקמה אין לו בשבח
bavli	127	הכא	Bavli_Bava_Metzia.77.1	הכא	כאן	form	krupnik-1927:def	correct		גדולים גבי קטנים ידעי וקא מחלי ⟨הכא⟩ מי ידע דליחיל
bavli	128	להו	Bavli_Shabbat.240.9	pron:להו	להם	form	grammar:pronominal	correct		מהו להרוג נחשים ועקרבים בשבת אמר ⟨להו⟩ צירעה אני הורג נחש ועקרב לא
bavli	129	האי	Bavli_Sanhedrin.144.9	האי	זה, זאת	form	krupnik-1927:def	correct		והרי מקפדת על פיגמה ורבי יהודה ⟨האי⟩ דקאמר רחמנא קטליה משום דמסרה נפשה
bavli	130	סבירא	Bavli_Yevamot.100.4	סבירא	סבור	reviewed-form	reviewed	correct		ור"ש ובן עזאי ורבי נחמיה כולהו ⟨סבירא⟩ להו מאמר קונה קנין גמור רבן
bavli	131	מידי	Bavli_Bava_Kamma.183.10	מידי	דבר מה	form	krupnik-1927:def	correct		אמר ⟨מידי⟩ שמיע לך בהא אמר ליה הכי
bavli	132	מסתברא	Bavli_Yevamot.32.6	מסתברא	מסתבר	reviewed-form	reviewed	correct		יג ח כי אנשים אחים אנחנו ⟨מסתברא⟩ מבני יעקב הוה ליה למילף משום
bavli	133	מיניה	Bavli_Eruvin.69.16	pron:מיניה	ממנו	form	grammar:pronominal	correct		חול מספיקא לא פקעא ליה קדושתיה ⟨מיניה⟩
bavli	134	בר	Bavli_Pesachim.92.5	בר	בן	form	reviewed:reviewed	correct		אלא אמר מר ⟨בר⟩ רב אשי בטינא וטינא בר זריעה
bavli	135	דלא	Bavli_Kiddushin.154.8	דלא	שלא	reviewed-form	reviewed	correct		מיבעיא היכא דאית ליה חזקה דכשרות ⟨דלא⟩ מהימני אלא אפילו עובר נמי דלית
bavli	136	הלכתא	Bavli_Gittin.41.16	הלכתא	הלכה	reviewed-form	reviewed	correct		מליח ודלא קמיח ודלא אפיץ למאי ⟨הלכתא⟩ להוצאת שבת וכמה שיעורו כדקתני רב
bavli	137	אמר	Bavli_Eruvin.14.15	אמר	אמר	form	jastrow-1903:same	correct		⟨אמר⟩ רב חסדא הכל מודים בבין לחיים
bavli	138	יהיב	Bavli_Rosh_Hashanah.51.8	יהיב	נותן	reviewed-form	reviewed	correct		יהיב דעתיה הכא נמי כיון דחביב ⟨יהיב⟩ דעתיה ושמע
bavli	139	בעינן	Bavli_Niddah.135.1	בעיננ	אנו צריכים	reviewed-form	reviewed	correct		לרבי אליעזר מהו תחלתן וסופן ⟨בעינן⟩ והכא תחלתן איכא סופן ליכא או
bavli	140	הלכתא	Bavli_Bava_Batra.127.7	הלכתא	הלכה	reviewed-form	reviewed	correct		נחמן לרב הונא הלכתא כוותין או ⟨הלכתא⟩ כוותייכו אמר ליה הלכתא כוותייכו דמקרביתו
bavli	141	בר	Bavli_Ketubot.12.9	בר	בן	form	reviewed:reviewed	correct		האירוסין ברכת האירוסין מאי מברך רבין ⟨בר⟩ רב אדא ורבה בר רב אדא
bavli	142	פליגי	Bavli_Beitzah.5.10	פליגי	חולקים	reviewed-form	reviewed	correct		היכא דלא יצא לאויר העולם לא ⟨פליגי⟩
bavli	143	קרא	Bavli_Shabbat.135.3	קרא	מקרא	form	jastrow-1903:eq	correct		אמר רבא מאי טעמא דרשב"ל אמר ⟨קרא⟩ ויקרא ד ב אשר לא תעשינה
bavli	144	בר	Bavli_Berakhot.68.21	בר	בן	form	reviewed:reviewed	correct		א"ל רב נחמן ⟨בר⟩ יצחק לרבא אי קבע עלויה סעודתיה
bavli	145	דמי	Bavli_Bava_Kamma.187.9	דמי	דומה	reviewed-form	reviewed	incorrect	'the price of' (דמי צמרו)	מאיר אומר נותן לו דמי צמרו ⟨דמי⟩ צמרו אין דמי צמרו ושבחו לא
bavli	146	מיניה	Bavli_Chullin.36.2	pron:מיניה	ממנו	form	grammar:pronominal	correct		איקלע רב נחמן לסורא בעו ⟨מיניה⟩ שחט שליש והגרים שליש ושחט שליש
bavli	147	מעיקרא	Bavli_Bava_Metzia.146.3	מעיקרא	מתחילה	reviewed-form	reviewed	correct		שקיל כהשתא ואי לא שקיל כי ⟨מעיקרא⟩
bavli	148	מיבעי	Bavli_Yoma.132.2	מיבעי	צריך	reviewed-form	reviewed	correct		אסורין האי מדבר מאי עביד ליה ⟨מיבעי⟩ ליה לכדתניא ויקרא טז י המדברה
bavli	149	בשלמא	Bavli_Yevamot.68.12	בשלמא	מובן	reviewed-form	reviewed	correct		והיא אסורה בקרוביו ופסלה מן הכהונה ⟨בשלמא⟩ לדידי דאמינא חליצת מעוברת שמה חליצה
bavli	150	ואי	Bavli_Chagigah.16.17	אי	ואם	form+w	krupnik-1927:def-en	correct		כאן באחותו פנויה כאן באשת איש ⟨ואי⟩ בעית אימא הא והא באשת איש
bavli	151	אימא	Bavli_Pesachim.4.11	אימא	אמור	reviewed-form	reviewed	correct		אמר ליה לא כי סלקת להתם ⟨אימא⟩ להו ספו לי מאליה כי סליק
bavli	152	דאורייתא	Bavli_Avodah_Zarah.70.15	אורייתא	של תורה	form+d	krupnik-1927:def	correct		ייחוד דבת ישראל ⟨דאורייתא⟩ היא דאמר ר' יוחנן משום ר"ש
bavli	153	אמר	Bavli_Chullin.165.21	אמר	אמר	form	jastrow-1903:same	correct		מכאן ⟨אמר⟩ רבי אלעזר בן עזריה מי שיש
bavli	154	בר	Bavli_Shabbat.131.8	בר	בן	form	reviewed:reviewed	correct		דפקיק דפקיק הוית ליטא תבור ומשומת ⟨בר⟩ טיט בר טמא בר טינא כשמגז
bavli	155	אמר	Bavli_Eruvin.187.4	אמר	אמר	form	jastrow-1903:same	correct		אביי אמר כשירה ⟨אמר⟩ פי תקרה יורד וסותם ורבא אמר
bavli	156	בעי	Bavli_Eruvin.93.16	בעי	צריך	reviewed-form	reviewed	correct		לבריה כי עיילת לקמיה דרב פפא ⟨בעי⟩ מיניה ארבע אמות שאמרו באמה דידיה
bavli	157	אמר	Bavli_Arakhin.3.13	אמר	אמר	form	jastrow-1903:same	correct		בהן ובשמותיהן אינו רואה את הנגעים ⟨אמר⟩ רבינא לא קשיא הא דמסברי ליה
bavli	158	בהא	Bavli_Yoma.115.4	בהא	בזה	reviewed-form	reviewed	correct		ואי בעית אימא ⟨בהא⟩ קא מיפלגי מר סבר סביב דמזבח
bavli	159	אימר	Bavli_Yoma.154.5	אימר	אמור	reviewed-form	reviewed	correct		אמרי אינשי עבדו ליה רחיצה וסיכה ⟨אימר⟩ מאתמול עבדי ליה
bavli	160	רבנן	Bavli_Shabbat.282.16	רבננ	חכמים	reviewed-form	reviewed	correct		כמה חריפא שמעתתא דדרדקי אימר דאמור ⟨רבנן⟩ בשוכח לכתחילה מי אמור
bavli	161	אמר	Bavli_Berakhot.63.9	אמר	אמר	form	jastrow-1903:same	correct		נטלו על כתפו והביאו לבית המדרש ⟨אמר⟩ להם ראו בני אין ערוד ממית
bavli	162	אמר	Bavli_Bava_Metzia.40.15	אמר	אמר	form	jastrow-1903:same	correct		לרבא קשיא דקתני בזיתים ובחרובים אסור ⟨אמר⟩ רבי אבהו שאני זית הואיל וחזותו
bavli	163	ליה	Bavli_Chagigah.6.12	pron:ליה	לו	form	grammar:pronominal	correct		אמר ⟨ליה⟩ אנא מרים מגדלא שיער נשייא אמרי
bavli	164	הכי	Bavli_Bekhorot.91.18	הכי	כן	form	krupnik-1927:def	correct		ממאן אילימא דאיעבר מכהן ולוי אי ⟨הכי⟩ מאי איריא כהנת ולויה אפי' בת
bavli	165	והאי	Bavli_Bava_Metzia.61.15	האי	וזה, זאת	form+w	krupnik-1927:def	correct		אמינא צייתא ליה ואמאי האי עשה ⟨והאי⟩ לא תעשה ועשה ולא אתי עשה
bavli	166	מבעי	Bavli_Chullin.280.7	מבעי	צריך	reviewed-form	reviewed	correct		שניתק לעשה לוקין עליו לוקה ומשלח ⟨מבעי⟩ ליה
bavli	167	ארעא	Bavli_Bava_Batra.64.7	ארעא	אדמה, ארץ	form	krupnik-1927:def	correct		ההוא דאמר לחבריה מאי בעית בהאי ⟨ארעא⟩ א"ל מינך זבנית ואכלתיה שני חזקה
bavli	168	קרא	Bavli_Chullin.233.9	קרא	מקרא	form	jastrow-1903:eq	correct		שומר להכניס ולהוציא לא צריך ⟨קרא⟩ ק"ו מיד אתי ומה יד שאינה
bavli	169	כולי	Bavli_Berakhot.64.22	phrase	כל כך	phrase	krupnik-1927	correct		הוינן יכולין למימר להו ואת אמרת ⟨כולי⟩ האי ואזלת משל למלך בשר ודם
bavli	170	מאי	Bavli_Eruvin.175.7	מאי	מה	reviewed-form	reviewed	correct		אלא רבי מאיר ⟨מאי⟩ קסבר אי קסבר כשם שדיורין חלוקין
bavli	171	אמר	Bavli_Chullin.183.3	אמר	אמר	form	jastrow-1903:same	correct		⟨אמר⟩ אביי בהמה בחייה פרוקי מיפרקא אמר
bavli	172	מאני	Bavli_Eruvin.181.7	מאני	כלים	reviewed-form	reviewed	correct		עירבה לחצר שעירבה התם כיון דמנטרי ⟨מאני⟩ דבתים בחצר לא שרו בהו רבנן
bavli	173	כתיב	Bavli_Taanit.31.3	כתיב	כתוב	reviewed-form	reviewed	correct		אלא גבי אליהו תפלה ⟨כתיב⟩ צעקה לא כתיב מלכים א יח
bavli	174	אי	Bavli_Avodah_Zarah.82.17	אי	אם	form	krupnik-1927:def-en	correct		כל הפרצופות מותרין חוץ מפרצוף אדם ⟨אי⟩ במוצא פרצוף אדם מי אסור והתנן
bavli	175	הא	Bavli_Bava_Metzia.47.5	phrase	גם זה וגם זה	phrase	krupnik-1927	correct		רב פפא אמר ⟨הא⟩ והא בצנא ופירי ולא קשיא הא
bavli	176	דידיה	Bavli_Menachot.39.13	pron:דידיה	שלו	form	grammar:pronominal	correct		ורבא ⟨דידיה⟩ אמר אפילו בחטאות הפנימיות ואכלו חייב
bavli	177	בהא	Bavli_Zevachim.32.3	בהא	בזה	reviewed-form	reviewed	correct		לא דכולי עלמא כזב דמי והכא ⟨בהא⟩ קמיפלגי דכתיב במדבר יט יט והזה
bavli	178	אמר	Bavli_Pesachim.215.2	אמר	אמר	form	jastrow-1903:same	correct		עליו על ר' עקיבא מימיו לא ⟨אמר⟩ הגיע עת לעמוד בבהמ"ד חוץ מערבי
bavli	179	בידיה	Bavli_Kiddushin.47.3	בידיה	בידו	reviewed-form	reviewed	correct		שבגלוי דמי או לא לא הוה ⟨בידיה⟩ אמרו לו מה שמך אמר להו
bavli	180	מינה	Bavli_Beitzah.11.2	phrase	היוצא לנו מזה למעשה	phrase	krupnik-1927	correct		דקאמר דפחיא משום דצריבן למאי נפקא ⟨מינה⟩ למיתבה ליה ביני ביני קמ"ל
bavli	181	טעמא	Bavli_Yoma.163.10	טעמא	סבה	form	krupnik-1927:def	correct		שם בקיאין מאכילין אותו ע"פ עצמו ⟨טעמא⟩ דליכא בקיאין הא איכא בקיאין לא
bavli	182	אלמא	Bavli_Menachot.123.8	אלמא	אם כן, נמצא	form	krupnik-1927:def	correct		ואומר וכל נעשה במרחשת ועל מחבת ⟨אלמא⟩ על שום הכלים נקראו ולא על
bavli	183	מפיק	Bavli_Bava_Batra.84.4	מפיק	מוציא	reviewed-form	reviewed	correct		דאסהיד ליה דלוי הוא היכי מצי ⟨מפיק⟩ לה מיניה דאמר ידענא דהאי ארעא
bavli	184	בריה	Bavli_Zevachim.35.9	בריה	בנו	reviewed-form	reviewed	correct		אחרינא אמרי לה אמר ר' יהודה ⟨בריה⟩ דרבי חייא לא שנו אלא גמי
bavli	185	ניחא	Bavli_Bava_Batra.49.4	ניחא	נוח	reviewed-form	reviewed	correct		התם ניחא ליה דליזל הכא לא ⟨ניחא⟩ ליה דליזל
bavli	186	מהו	Bavli_Niddah.50.12	מהו	מה הוא	reviewed-form	reviewed	correct		שאול מרבי המפלת דמות עורב ושליא ⟨מהו⟩ אמר ליה אין תולין אלא בדבר
bavli	187	לן	Bavli_Temurah.43.3	pron:לנ	לנו	form	grammar:pronominal	correct		רישא סתם ⟨לן⟩ כרבנן סיפא סתם לן כרבי
bavli	188	דתנן	Bavli_Shabbat.185.3	תננ	ששנינו במשנה	form+d	krupnik-1927:def	correct		רב אדא בר אהבה לרבא והא ⟨דתנן⟩ בן בתירא מתיר בסוס ותניא בן
bavli	189	אמר	Bavli_Shabbat.208.10	אמר	אמר	form	jastrow-1903:same	correct		דמעתי בנאדך הלא בספרתך א"ר יהודה ⟨אמר⟩ רב כל המתעצל בהספדו של חכם
bavli	190	איכא	Bavli_Chullin.254.17	phrase	חולקים הם בדבר זה	phrase	krupnik-1927	correct		אמר רב פפא כוליא וניב שפתים ⟨איכא⟩ בינייהו
bavli	191	ליה	Bavli_Yevamot.131.15	pron:ליה	לו	form	grammar:pronominal	correct		איריא שמא ימצא עובר זכר תיפוק ⟨ליה⟩ דנקבה נמי פסלה חדא ועוד קאמר
bavli	192	אמר	Bavli_Bava_Kamma.195.3	אמר	אמר	form	jastrow-1903:same	correct		⟨אמר⟩ לך שמואל הכא במאי עסקינן כגון
bavli	193	דלאו	Bavli_Bava_Kamma.219.4	דלאו	שלא	reviewed-form	reviewed	correct		במשמרתו דיהויריב ר' יהודה סבר כיון ⟨דלאו⟩ משמרת דידעיה היא לידעיה קנסינן ליה
bavli	194	קתני	Bavli_Yevamot.78.17	תני	שונה	form:pe.ptcp.ms+q	reviewed:reviewed	correct		⟨קתני⟩ מיהא אבי אביו מאי לאו משום
bavli	195	להא	Bavli_Kiddushin.59.12	להא	לזה	reviewed-form	reviewed	correct		לא מיפקידנא והא עבידנא השתא דשמעיתא ⟨להא⟩ דא"ר חנינא גדול מצווה ועושה יותר
bavli	196	אתא	Bavli_Bava_Kamma.222.9	אתא	בא	form	krupnik-1927:def	correct		ליה אי אתא אתא אי לא ⟨אתא⟩ נטרינן ליה בה"ב
bavli	197	ליה	Bavli_Bava_Metzia.101.14	pron:ליה	לו	form	grammar:pronominal	correct		יותר מכדי אונאה איסר אסור אמר ⟨ליה⟩ רבא אי הכי אפילו משהו נמי
bavli	198	האי	Bavli_Pesachim.115.7	האי	זה, זאת	form	krupnik-1927:def	correct		והא כתיב אותו ⟨האי⟩ אותו מיבעי ליה למעוטי עבודה שבפנים
bavli	199	דכתיב	Bavli_Chagigah.24.5	דכתיב	שכתוב	reviewed-form	reviewed	correct		את המלך אמר ריש לקיש אי ⟨דכתיב⟩ שמות טו א אשירה לה' כי
bavli	200	נמי	Bavli_Eruvin.181.10	נמי	גם, כמו כן	form	krupnik-1927:def	correct		מה חצר מנכרא מחיצתא אף גג ⟨נמי⟩ מנכרא מחיצתא
bavli	201	דתניא	Bavli_Shabbat.53.5	תניא	שנאמר בברייתא	form+d	krupnik-1927:def	correct		בהמה טמאה דמטמא באהל המת מהכא ⟨דתניא⟩ עור או בעור ריבה עור בהמה
bavli	202	אמר	Bavli_Shabbat.101.5	אמר	אמר	form	jastrow-1903:same	correct		לפני רבי של זו בזו מהו ⟨אמר⟩ לפניו ר' ישמעאל בר' יוסי כך
bavli	203	בר	Bavli_Shabbat.100.18	בר	בן	form	reviewed:reviewed	correct		באורחא קדמיה חמרא דלוי לחמרא דרבה ⟨בר⟩ רב הונא חלש דעתיה דרבה בר
bavli	204	בריה	Bavli_Berakhot.16.29	בריה	בנו	reviewed-form	reviewed	correct		דאמר ר' יהודה ⟨בריה⟩ דרבי שמעון בן פזי ק"ג פרשיות
bavli	205	ליה	Bavli_Chullin.130.9	pron:ליה	לו	form	grammar:pronominal	correct		מכל שרץ המים בימים ובנחלים דלית ⟨ליה⟩ לא תיכול הא בכלים אע"ג דלית
bavli	206	ביה	Bavli_Shabbat.54.10	pron:ביה	בו	form	grammar:pronominal	correct		סבר קיפול אינו מועיל וכיון דאדליק ⟨ביה⟩ פורתא הויא ליה שבר כלי וכי
bavli	207	ליה	Bavli_Zevachim.91.9	pron:ליה	לו	form	grammar:pronominal	correct		ר"ש בן אלעזר אית ⟨ליה⟩ דר' אליעזר השתא בשבת אמרינן בעבודת
bavli	208	מידי	Bavli_Yoma.149.15	מידי	דבר מה	form	krupnik-1927:def	correct		דאכליה על ידי אניגרון שכר כתב ⟨מידי⟩ דמשכר ודילמא דבילה קעילית דתניא אכל
bavli	209	מאי	Bavli_Chullin.236.18	מאי	מה	reviewed-form	reviewed	correct		בציב היוצא ממנו ובשערה שכנגדו טמא ⟨מאי⟩ לאו משום יד
bavli	210	אמר	Bavli_Chagigah.23.8	אמר	אמר	form	jastrow-1903:same	correct		ליה ליגמור לן מר מעשה מרכבה ⟨אמר⟩ להו אגמרון לי מעשה בראשית בתר
bavli	211	בשלמא	Bavli_Yevamot.25.15	בשלמא	מובן	reviewed-form	reviewed	correct		מב"ה ולא ב"ה מב"ש אי אמרת ⟨בשלמא⟩ לא עשו משום הכי לא נמנעו
bavli	212	איצטריך	Bavli_Bava_Metzia.61.16	צרכ	היה זקוק לדבר	form:itpe.perf.3ms	krupnik-1927:def	correct		⟨איצטריך⟩ ס"ד אמינא הואיל והוקש כיבוד אב
bavli	213	לימא	Bavli_Beitzah.77.3	לימא	יאמר	reviewed-form	reviewed	correct		כדברי חכמים ושמואל אמר הלכה כרבי ⟨לימא⟩ רב דאמר כרבנן ושמואל דאמר כרבי
bavli	214	והתניא	Bavli_Rosh_Hashanah.54.12	והתניא	והלא נאמר בברייתא	reviewed-form	reviewed	correct		⟨והתניא⟩ סיים סיים ברכה אחת
bavli	215	צריכא	Bavli_Avodah_Zarah.96.5	צריכ	צריך	form	jastrow-1903:eq	correct		אבל פת אימא מודו ליה לר"א ⟨צריכא⟩
bavli	216	והא	Bavli_Chullin.248.6	הא	וזה · והלא	form+w	krupnik-1927:def-en	correct		⟨והא⟩ קתני נוגע והא קתני מאהיל אמר
bavli	217	לאתויי	Bavli_Yoma.33.17	לאתויי	להביא	reviewed-form	reviewed	correct		דברים המביאין לידי טומאה לאתויי מאי ⟨לאתויי⟩ הא דת"ר חמשה דברים מביאים את
bavli	218	ליה	Bavli_Shabbat.169.7	pron:ליה	לו	form	grammar:pronominal	correct		למה ⟨ליה⟩ למימרא להו והא אמר רב הונא
bavli	219	היכי	Bavli_Yoma.1.5	היכי	כיצד	form	krupnik-1927:def	correct		וכלי אדמה דלא ליקבלו טומאה כי ⟨היכי⟩ דלא ליזלזלו בה
bavli	220	אילימא	Bavli_Ketubot.176.9	אילימא	אם נאמר	form	krupnik-1927:def	correct		מן האירוסין מנלן דאית לה כתובה ⟨אילימא⟩ מהא נתארמלה או נתגרשה בין מן
bavli	221	בר	Bavli_Arakhin.48.8	בר	בן	form	reviewed:reviewed	correct		בעי רבה ⟨בר⟩ אבוה בת מהו שתעמיד שדה לאביה
bavli	222	הכי	Bavli_Bava_Kamma.182.4	הכי	כן	form	krupnik-1927:def	correct		ושלשה חלאין יש בה מחלה בגימטריא ⟨הכי⟩ הוו וכולן פת במלח שחרית וקיתון
bavli	223	בריה	Bavli_Bava_Metzia.13.14	בריה	בנו	reviewed-form	reviewed	correct		אמר ליה רב אחא ⟨בריה⟩ דרב אדא לרב אשי דיוקיה דרמי
bavli	224	איריא	Bavli_Sanhedrin.48.21	phrase	למה דוקא זאת	phrase	krupnik-1927	correct		ואלא מאי לדינא מאי ⟨איריא⟩ שלשה רועי בקר כל בי תלתא
bavli	225	והילכתא	Bavli_Arakhin.11.6	rev:הילכתא	והלכה	form+w	reviewed:reviewed-base	correct		רב נחמן תני חגא מת וקברו ⟨והילכתא⟩ דייתבי דייני אפומא דבירא
bavli	226	ליה	Bavli_Berakhot.95.19	pron:ליה	לו	form	grammar:pronominal	correct		לאות ולברית ברוך מקדש השבת אמר ⟨ליה⟩ מאן אמרה רב
bavli	227	מאי	Bavli_Bava_Batra.243.14	מאי	מה	reviewed-form	reviewed	correct		בראשית כט יז ועיני לאה רכות ⟨מאי⟩ רכות אילימא רכות ממש אפשר בגנות
bavli	228	קתני	Bavli_Nedarim.59.4	תני	שונה	form:pe.ptcp.ms+q	reviewed:reviewed	correct		אמר אביי מצווה ועושה ⟨קתני⟩ בתרתי בבי קמייתא ישראל וכותים מצווין
bavli	229	מאי	Bavli_Gittin.121.10	phrase	למה דוקא זאת	phrase	krupnik-1927	correct		א"ה ⟨מאי⟩ איריא דחבר אפי' דעם הארץ נמי
bavli	230	מיא	Bavli_Shabbat.122.17	מיא	מים	reviewed-form	reviewed	correct		רב חסדא אנא משאי מלא חפני ⟨מיא⟩ ויהבו לי מלא חפני טיבותא
bavli	231	קתני	Bavli_Yevamot.142.14	תני	שונה	form:pe.ptcp.ms+q	reviewed:reviewed	correct		ולא והא ⟨קתני⟩ הערל והטמא פטורים מן הראייה התם
bavli	232	אמר	Bavli_Kiddushin.76.13	אמר	אמר	form	jastrow-1903:same	correct		⟨אמר⟩ רב יוסף אילמלי דרשיה אחר להאי
bavli	233	ליה	Bavli_Beitzah.12.22	pron:ליה	לו	form	grammar:pronominal	correct		אית ליה דרבי זירא ורבה לית ⟨ליה⟩ דרבי זירא
bavli	234	מצי	Bavli_Sotah.47.12	מצי	יכול	form	krupnik-1927:def	correct		דלמא כיון דקני ליה מעיקרא לא ⟨מצי⟩ מחיל ליה
bavli	235	ואידך	Bavli_Zevachim.200.12	אידכ	ואחר	form+w	krupnik-1927:def	correct		⟨ואידך⟩ נמי והכתיב והיתה לו ולזרעו אחריו
bavli	236	קרא	Bavli_Chullin.271.6	קרא	מקרא	form	jastrow-1903:eq	correct		אמר ⟨קרא⟩ דברים יח ד תתן לו ולא
bavli	237	קאמר	Bavli_Sanhedrin.104.5	אמר	אומר	form:pe.ptcp.ms+q	jastrow-1903:same	correct		לדבריו דתנא קמא ⟨קאמר⟩ וליה לא סבירא ליה
bavli	238	אנן	Bavli_Shabbat.184.1	אננ	אנו	reviewed-form	reviewed	correct		בו ממש אמר רב אשי אף ⟨אנן⟩ נמי תנינא ר' אליעזר אומר רגלו
bavli	239	דההיא	Bavli_Bava_Metzia.160.1	דההיא	של אותה	reviewed-form	reviewed	incorrect	relative 'that at that (hour)'	בבעלים היא אכסיף לסוף איגלאי מילתא ⟨דההיא⟩ שעתא שכרא הוה שתי
bavli	240	רישא	Bavli_Bava_Batra.252.13	רישא	ראש	reviewed-form	reviewed	correct		⟨רישא⟩ רבי יהודה וסיפא רבנן
bavli	241	נהי	Bavli_Kiddushin.119.2	נהי	נניח	reviewed-form	reviewed	correct		והוינן בה ⟨נהי⟩ דבהדי ארעא לא קדשו נקדשו באפי
bavli	242	האי	Bavli_Shevuot.84.5	האי	זה, זאת	form	krupnik-1927:def	correct		אמר שמואל ⟨האי⟩ מאן דאוזפיה אלפא זוזי לחבריה ומשכן
bavli	243	אית	Bavli_Chullin.115.9	אית	יש	reviewed-form	reviewed	correct		לו שינים למעלה וטמא גמל ניבי ⟨אית⟩ ליה
bavli	244	דקאי	Bavli_Berakhot.4.9	rev:קאי	שעומד	form+d	reviewed:reviewed-base	correct		בעית אימא לעולם בחד ובחורבה חדתי ⟨דקאי⟩ בדברא דהתם משום חשד ליכא דהא
bavli	245	יהיב	Bavli_Bava_Metzia.160.10	יהיב	נותן	reviewed-form	reviewed	correct		רשותא קא בעי למשקל מיניה וכי ⟨יהיב⟩ ליה רשותא לעיולי תיב ונטר לך
bavli	246	ומאי	Bavli_Pesachim.49.13	ומאי	ומה	reviewed-form	reviewed	correct		דאמר אבל ראויין הן לכהן הדיוט ⟨ומאי⟩ והניחם שם שלא ישתמש בהם ביום
bavli	247	זיל	Bavli_Gittin.8.8	זיל	היה בזול	form	krupnik-1927:def	incorrect	imperative 'go!' — Krupnik's homograph 'was cheap'	גיטא לקמיה דר' יוחנן ואמר ליה ⟨זיל⟩ הב לה באפי תרי ואימא להו
bavli	248	אמרינן	Bavli_Bava_Kamma.102.9	אמר	אנו אומרים	form:pe.ptcp.1pl	jastrow-1903:same	correct		והתליע מתוכו וקתני פטור אלמא לא ⟨אמרינן⟩ מגו דהוי פושע לענין גמלים הוי
bavli	249	אמר	Bavli_Sanhedrin.95.16	אמר	אמר	form	jastrow-1903:same	correct		ח ויואב יחיה את שאר העיר ⟨אמר⟩ רב יהודה אפילו מוניני וצחנתא טעים
bavli	250	מהו	Bavli_Eruvin.93.8	מהו	מה הוא	reviewed-form	reviewed	correct		מיניה רבי טבלא מרב מחיצה תלויה ⟨מהו⟩ שתתיר בחורבה
bavli	251	דאמר	Bavli_Kiddushin.124.14	אמר	שאמר	form+d	jastrow-1903:same	correct		אין סוקלין ואזדא רב חסדא לטעמיה ⟨דאמר⟩ רב חסדא בני זה בן תשע
bavli	252	אי	Bavli_Menachot.209.3	אי	אם	form	krupnik-1927:def-en	correct		רקיקין אמר מותר השמן מחזירו לחלות ⟨אי⟩ כולהו רקיקין אמר מותר השמן נאכל
bavli	253	דאבוה	Bavli_Berakhot.34.14	דאבוה	של אביו	reviewed-form	reviewed	correct		ת"ש ⟨דאבוה⟩ דשמואל הוו קא מפקדי גביה זוזי
bavli	254	מאן	Bavli_Gittin.168.10	מאנ	מי	reviewed-form	reviewed	correct		אמר אביי האי ⟨מאן⟩ דכתב גיטא לא לכתוב ודין דמשמע
bavli	255	מידי	Bavli_Bava_Batra.158.13	מידי	דבר מה	form	krupnik-1927:def	correct		קשי לה גבי מקח וממכר עבדינן ⟨מידי⟩ דודאי מעלי לה
bavli	256	השתא	Bavli_Sukkah.91.6	phrase	מה ענין זה לזה	phrase	krupnik-1927	correct		ראשונה חובה מכאן ואילך רשות הכי ⟨השתא⟩ התם מלילה חלוק מיום אינו חלוק
bavli	257	דכתיב	Bavli_Zevachim.216.13	דכתיב	שכתוב	reviewed-form	reviewed	correct		קא כתיבא חוקה בהקטרה דפנים הוא ⟨דכתיב⟩
bavli	258	איבעיא	Bavli_Sanhedrin.221.2	איבעיא	נשאלה	reviewed-form	reviewed	correct		⟨איבעיא⟩ להו הודחו מאליהן מהו וידיחו אמר
bavli	259	ביה	Bavli_Bava_Metzia.45.1	pron:ביה	בו	form	grammar:pronominal	correct		ליה אבידתא בטביעות עינא אי ידעינן ⟨ביה⟩ דלא משני אלא בהני תלת מהדרינן
bavli	260	מיבעי	Bavli_Yoma.65.8	מיבעי	צריך	reviewed-form	reviewed	correct		אי אבא שאול בין נרות לאיברים ⟨מיבעי⟩ ליה
bavli	261	דתנן	Bavli_Pesachim.173.18	תננ	ששנינו במשנה	form+d	krupnik-1927:def	correct		כאן כמשנה ראשונה כאן כמשנה אחרונה ⟨דתנן⟩ מי שחציו עבד וחציו בן חורין
bavli	262	בעיא	Bavli_Zevachim.16.21	בעיא	שאלה למודית	form	krupnik-1927:def	correct		רב אשי לרב אחא בריה דרבא ⟨בעיא⟩ דרבא היכי מתניתו לה
bavli	263	דלא	Bavli_Menachot.24.7	דלא	שלא	reviewed-form	reviewed	correct		למחר דאמרת שניהם כשרים ה"מ היכא ⟨דלא⟩ איקבעו בחד מנא אבל היכא דאיקבעו
bavli	264	קני	Bavli_Kiddushin.11.4	קני	קנה	form	jastrow-1903:eq	correct		מי דמי ערב האי דקא ⟨קני⟩ ליה קא חסר ממונא האי גברא
bavli	265	הא	Bavli_Chullin.226.2	הא	זה · הלא	form	krupnik-1927:def-en	correct		הא למה לי קרא ⟨הא⟩ אתיא לה אמר רב אחדבוי בר
bavli	266	בעינא	Bavli_Zevachim.207.5	בעינא	אני צריך	reviewed-form	reviewed	correct		אמר רבינא ותסברא הא ⟨בעינא⟩ ויקרא יד ח ואחר יבא אל
bavli	267	בר	Bavli_Bava_Metzia.30.19	בר	בן	form	reviewed:reviewed	correct		נימא ביה מלתא דאמר רב יוסף ⟨בר⟩ מניומי אמר רב נחמן אמרו לו
bavli	268	תיפוק	Bavli_Shabbat.229.4	תיפוק	תצא	reviewed-form	reviewed	correct		מצילין ואם לאו אין מצילין ואמאי ⟨תיפוק⟩ ליה משום גיליון דידיה בלה שאני
bavli	269	ליה	Bavli_Yoma.101.5	pron:ליה	לו	form	grammar:pronominal	correct		דכל היכא דקא חשיב כותלים חשיב ⟨ליה⟩ לדידיה
bavli	270	אמר	Bavli_Taanit.42.6	אמר	אמר	form	jastrow-1903:same	correct		אמר שמא ח"ו מילתא דלא מהגנא ⟨אמר⟩ אגב צעריה גחין ושמעיה דקא מצדיק
bavli	271	ליה	Bavli_Bava_Kamma.182.12	pron:ליה	לו	form	grammar:pronominal	correct		דיקלא בישא גבי קינא דשרכי אמר ⟨ליה⟩ דבר זה כתוב בתורה שנוי בנביאים
bavli	272	פשיטא	Bavli_Bava_Kamma.102.3	פשיטא	ודאי, ממילא מובן	form	krupnik-1927:def	correct		לא כראוי לשוורים ולא כראוי לגמלים ⟨פשיטא⟩ צריכא למימר דחייב אלא לאו כראוי
bavli	273	בר	Bavli_Bava_Kamma.174.1	בר	בן	form	reviewed:reviewed	correct		אזל רב שמואל ⟨בר⟩ אבא קמיה דרבי ירמיה בר אבא
bavli	274	קאמר	Bavli_Bava_Metzia.210.8	אמר	אומר	form:pe.ptcp.ms+q	jastrow-1903:same	correct		בכולהו ר' שמעון וכולי האי לא ⟨קאמר⟩ לא קשיא הא דקבלה מיניה בחרפי
bavli	275	אמר	Bavli_Yoma.16.18	אמר	אמר	form	jastrow-1903:same	correct		⟨אמר⟩ רב פפא שדי גברא בינייהו או
bavli	276	בר	Bavli_Bava_Batra.348.17	בר	בן	form	reviewed:reviewed	correct		והא הרגו קתני אמר רב אדא ⟨בר⟩ אהבה שעשאו טרפה
bavli	277	ומאי	Bavli_Sukkah.6.2	ומאי	ומה	reviewed-form	reviewed	correct		שנא התם דאמרת פחות מארבע אמות ⟨ומאי⟩ שנא הכא דאמרת פחות משלשה טפחים
bavli	278	אמר	Bavli_Niddah.12.9	אמר	אמר	form	jastrow-1903:same	correct		⟨אמר⟩ רב יהודה אמר שמואל הלכה כרבי
bavli	279	חד	Bavli_Ketubot.122.6	חד	אחד	form	krupnik-1927:def	correct		קא חזי קמיה עמודא דנורא יומא ⟨חד⟩ משכתיה שמעתא כיון דלא חזי ההוא
bavli	280	אמר	Bavli_Bava_Batra.316.11	אמר	אמר	form	jastrow-1903:same	correct		לקמיה דרב נחמן אוקמה בידא דלוקח ⟨אמר⟩ ליה רבא לרב נחמן דינא הכי
bavli	281	בר	Bavli_Eruvin.68.8	בר	בן	form	reviewed:reviewed	correct		והא אמר רב נחמן אמר רבה ⟨בר⟩ אבוה אין מקדרין לא בערי מקלט
bavli	282	מאי	Bavli_Pesachim.19.8	מאי	מה	reviewed-form	reviewed	correct		התינח מקלי ואילך מעיקרא עד קלי ⟨מאי⟩ איכא למימר
bavli	283	ליה	Bavli_Sukkah.4.12	pron:ליה	לו	form	grammar:pronominal	correct		חצר האי דלמיסתר קאי לא יהבינן ⟨ליה⟩ חצר
bavli	284	אמר	Bavli_Zevachim.57.12	אמר	אמר	form	jastrow-1903:same	correct		לא פליגי ⟨אמר⟩ רב אשי אם תימצי לומר פליגי
bavli	285	בההוא	Bavli_Yoma.10.9	בההוא	באותו	reviewed-form	reviewed	correct		דאמרי אפי' היכא דאיכא טהורין וטמאין ⟨בההוא⟩ בית אב פליג רב נחמן ואמר
bavli	286	אמר	Bavli_Avodah_Zarah.25.5	אמר	אמר	form	jastrow-1903:same	correct		וליחוש דלמא אזיל ומזבין לאחריני ומקטרי ⟨אמר⟩ אביי אלפני מפקדינן אלפני דלפני לא
bavli	287	תנא	Bavli_Avodah_Zarah.148.7	תני	שנה	form	reviewed:reviewed	correct		גמ׳ ⟨תנא⟩ וכולן צריכין טבילה בארבעים סאה מנהני
bavli	288	למה	Bavli_Bava_Kamma.164.19	למה	למה	reviewed-form	reviewed	correct		דכתיב לא תקחו כופר מכה מכה ⟨למה⟩ לי אמרי אי מהאי הוה אמינא
bavli	289	תניא	Bavli_Gittin.89.3	תניא	נאמר בברייתא	form	krupnik-1927:def	correct		⟨תניא⟩ כלישנא קמא ותניא כלישנא בתרא
bavli	290	לטעמיה	Bavli_Ketubot.101.10	לטעמיה	לשיטתו	reviewed-form	reviewed	correct		אלא לעולם דאדרה איהו ואביי מתרץ ⟨לטעמיה⟩ ורבא מתרץ לטעמיה אביי מתרץ לטעמיה
bavli	291	צריכא	Bavli_Bava_Kamma.98.11	צריכ	צריך	form	jastrow-1903:eq	correct		והני כולהו דקתני למה לי ⟨צריכא⟩ דאי תנא בור הוה אמינא בור
bavli	292	לן	Bavli_Chullin.133.9	pron:לנ	לנו	form	grammar:pronominal	correct		וכי תימא אשמעינן באדם וקא משמע ⟨לן⟩ בבהמה
bavli	293	גופא	Bavli_Sanhedrin.57.24	גופא	גוף	form	jastrow-1903:same	correct		⟨גופא⟩ לעולם אין עדותן מצטרפת עד שיראו
bavli	294	אמרה	Bavli_Bava_Batra.78.6	אמרה	אמרה	reviewed-form	reviewed	correct		דההוא גברא דאזל לקדושי אתתא ⟨אמרה⟩ ליה אי כתבת לי כולהו נכסיך
bavli	295	תנא	Bavli_Moed_Katan.44.5	תני	שנה	form	reviewed:reviewed	correct		מפסקת משום דקבעי למיתנא סיפא מפסיקין ⟨תנא⟩ רישא אינה מפסקת
bavli	296	דאמר	Bavli_Bava_Kamma.88.3	אמר	שאמר	form+d	jastrow-1903:same	correct		בר חיננא הא מני ר"א היא ⟨דאמר⟩ אין לו שמירה אלא סכין ולענין
bavli	297	כתיב	Bavli_Bava_Metzia.7.11	כתיב	כתוב	reviewed-form	reviewed	correct		ואבוה דר' אפטוריקי אמר לך ⟨כתיב⟩ הוא וכתיב זה חד למודה מקצת
bavli	298	אמר	Bavli_Bava_Batra.40.11	אמר	אמר	form	jastrow-1903:same	correct		מבואה אבר מבואה אחרינא מאי תיקו ⟨אמר⟩ רב יוסף ומודי רב הונא במקרי
bavli	299	תרגמה	Bavli_Kiddushin.104.1	תרגמה	פירשה	reviewed-form	reviewed	correct		ולאו ממילא שמעת מינה ⟨תרגמה⟩ רבין סבא קמיה דרב אמר קרא
bavli	300	סברי	Bavli_Kiddushin.47.16	סברי	סוברים	reviewed-form	reviewed	correct		רבנן ⟨סברי⟩ וחטאו ביום השביעי וכבס בגדיו ורחץ
bavli	301	אמר	Bavli_Menachot.161.3	אמר	אמר	form	jastrow-1903:same	correct		⟨אמר⟩ ר' אמי המתפיס מעות מעשר שני
bavli	302	בשלמא	Bavli_Kiddushin.37.4	בשלמא	מובן	reviewed-form	reviewed	correct		אין מוכרה לא לאביו ולא לבנו ⟨בשלמא⟩ אינו מוכרה לא לאביו ולא לבנו
bavli	303	חד	Bavli_Yoma.50.8	חד	אחד	form	krupnik-1927:def	correct		אי כתב רחמנא ובער הוה אמינא ⟨חד⟩ אין תרי לא קמ"ל דנעביד חד
bavli	304	דאורייתא	Bavli_Yevamot.69.8	אורייתא	של תורה	form+d	krupnik-1927:def	correct		בן קיימא ויפגע באיסור אשת אח ⟨דאורייתא⟩ אלא לא תחלוץ אמאי בשלמא תחלוץ
bavli	305	אי	Bavli_Bekhorot.33.10	אי	אם	form	krupnik-1927:def-en	correct		אי בכור הוא כוליה דידי הוא ⟨אי⟩ לא בכור הוא הב לי מתנות
bavli	306	מיחייב	Bavli_Sanhedrin.122.3	מיחייב	חייב	reviewed-form	reviewed	correct		שבת דעבד קצירה וקצירה הכא חדא ⟨מיחייב⟩ והכא חדא מיחייב
bavli	307	כאן	Bavli_Bava_Kamma.227.4	כאנ	פה, במקום זה	form	krupnik-1927:def	correct		כאן לפני יאוש הדין עם השני ⟨כאן⟩ לאחר יאוש הדין עם הראשון
bavli	308	תנינא	Bavli_Avodah_Zarah.13.15	תנינא	שנינו	reviewed-form	reviewed	correct		אמר רב אשי אף אנן נמי ⟨תנינא⟩ דקתני יום תגלחת זקנו ובלוריתו ויום
bavli	309	תנן	Bavli_Menachot.193.6	תננ	שנינו במשנה	form	krupnik-1927:def	correct		דהויא אמה דנפישא מינה אין והא ⟨תנן⟩ שתי אמות היו בשושן הבירה אחת
bavli	310	אסיפא	Bavli_Berakhot.42.8	אסיפא	על הסיפא	reviewed-form	reviewed	correct		וחד מהאי זוגא וחד מהאי זוגא ⟨אסיפא⟩ חד אמר הא דאמר רבי יהודה
bavli	311	מאן	Bavli_Bava_Batra.149.2	מאנ	מי	reviewed-form	reviewed	correct		אותיות ⟨מאן⟩ דכר שמייהו חסורי מחסרא והכי קתני
bavli	312	להו	Bavli_Bava_Metzia.213.1	pron:להו	להם	form	grammar:pronominal	correct		ואי לא לא מיסתגי ⟨להו⟩
bavli	313	קאמר	Bavli_Sotah.40.4	אמר	אומר	form:pe.ptcp.ms+q	jastrow-1903:same	correct		יהושע אומר רוצה אשה וכו' מאי ⟨קאמר⟩ הכי קאמר רוצה אשה בקב ותיפלות
bavli	314	דלמא	Bavli_Moed_Katan.26.3	דילמא	שמא, אולי	form	krupnik-1927:def	correct		רב אשי מי קתני הא אסורין ⟨דלמא⟩ יש מהן אסור ויש מהן מותר
bavli	315	בר	Bavli_Shabbat.248.13	בר	בן	form	reviewed:reviewed	correct		פקק החלון כו' אמר רבה בר ⟨בר⟩ חנה א"ר יוחנן הכל מודים שאין
bavli	316	נפקא	Bavli_Yevamot.105.4	נפקא	יוצאת	reviewed-form	reviewed	correct		כה ז מואם לא יחפוץ האיש ⟨נפקא⟩ הא חפץ יבם וכי אתא קרא
bavli	317	מינה	Bavli_Yoma.48.5	pron:מינה	ממנה	form	grammar:pronominal	correct		עשר אחיו הכהנים נמשכין עמו שמע ⟨מינה⟩
bavli	318	אזל	Bavli_Bava_Metzia.49.9	אזל	הלך	form	krupnik-1927:def	correct		אחריני נינהו הכא נמי קמא קמא ⟨אזל⟩ והני דבתרא הוא
bavli	319	סבר	Bavli_Moed_Katan.12.8	סבר	חשב	form	krupnik-1927:def	correct		במאי קמיפלגי ר' יוסי בר' יהודה ⟨סבר⟩ גלי רחמנא בימי ספירו וכ"ש בימי
bavli	320	בר	Bavli_Avodah_Zarah.24.10	בר	בן	form	reviewed:reviewed	correct		א"ר אבא בריה דר' חייא ⟨בר⟩ אבא אילמלא היה ר' יוחנן הא
bavli	321	הך	Bavli_Bava_Kamma.55.6	phrase	ענין אחד הוא	phrase	krupnik-1927	correct		אחד במים או שלקה בחרסית היינו ⟨הך⟩ אלא לאו ה"ק הוחלק אחד במים
bavli	322	להו	Bavli_Avodah_Zarah.10.7	pron:להו	להם	form	grammar:pronominal	correct		אבל לשאול מהן מעוטי קא ממעט ⟨להו⟩ אמר אביי גזרה לשאול מהן אטו
bavli	323	דהא	Bavli_Yevamot.133.1	דהא	שהרי	reviewed-form	reviewed	correct		⟨דהא⟩ קניה בהויה ואי בת ישראל לכהן
bavli	324	ממאי	Bavli_Niddah.116.9	ממאי	ממה	reviewed-form	reviewed	correct		אמר ריש לקיש היא היא ⟨ממאי⟩ מדלא קתני ר' מאיר ורבי יוסי
bavli	325	דאמרי	Bavli_Menachot.59.7	phrase	יש אומרים	phrase	krupnik-1927	correct		איכא ⟨דאמרי⟩ אמר ליה לך קח מן העובד
bavli	326	סיפא	Bavli_Bava_Metzia.26.10	סיפא	החלק האחרון של המשנה	form	krupnik-1927:def	correct		פשיטא בגוזל ונגזל ומדרישא בגוזל ונגזל ⟨סיפא⟩ נמי בגוזל ונגזל
bavli	327	קתני	Bavli_Zevachim.179.18	תני	שונה	form:pe.ptcp.ms+q	reviewed:reviewed	correct		דקתני עד שיזרק הדם תמיד ולא ⟨קתני⟩ עד שישחוט ויזרק דם ש"מ
bavli	328	למיכתב	Bavli_Shabbat.293.7	למיכתב	לכתוב	reviewed-form	reviewed	correct		וא"ל השאילני ולא קפיד עילויה ואתי ⟨למיכתב⟩ בשבת נמי אתי למיכתב א"ל בחול
bavli	329	אי	Bavli_Bava_Metzia.81.7	אי	אם	form	krupnik-1927:def-en	correct		אורבי אמר רבא ומודה שמואל בכותל ⟨אי⟩ נמי בין הקרנות והאידנא דשכיחי טפוחאי
bavli	330	אמר	Bavli_Beitzah.4.15	אמר	אמר	form	jastrow-1903:same	correct		כלאי הכרם ואתמר עלה רבי יוחנן ⟨אמר⟩ את שדרכו למנות שנינו ורבי שמעון
bavli	331	ואיכא	Bavli_Nedarim.162.3	איכא	ויש	form+w	krupnik-1927:def	correct		⟨ואיכא⟩ דאמרי בעא מיניה רב אסי מרבי
bavli	332	סבר	Bavli_Pesachim.96.17	סבר	חשב	form	krupnik-1927:def	correct		פליגי התם בקראי פליגי רבי מאיר ⟨סבר⟩ דברים ח י ואכלת זו אכילה
bavli	333	דכתיב	Bavli_Bava_Batra.28.9	דכתיב	שכתוב	reviewed-form	reviewed	correct		שובי שובי ונחזה בך אימא בנבואה ⟨דכתיב⟩ ישעיהו א א חזון ישעיהו בן
bavli	334	פליגי	Bavli_Sukkah.68.3	פליגי	חולקים	reviewed-form	reviewed	correct		אלא מדבהא ⟨פליגי⟩ בהא נמי פליגי או דלמא שאני
bavli	335	הא	Bavli_Yoma.125.8	הא	זה · הלא	form	krupnik-1927:def-en	correct		בם מום בם הוא דלא ירצו ⟨הא⟩ עבר מומן ירצו
bavli	336	הא	Bavli_Temurah.44.7	הא	זה · הלא	form	krupnik-1927:def-en	correct		טעמא דמתכפר מאלו ומאלו ⟨הא⟩ מאחד יוליכם לים המלח
bavli	337	ליה	Bavli_Menachot.48.18	pron:ליה	לו	form	grammar:pronominal	correct		על אכילות דלא קניס מי שמעת ⟨ליה⟩ אין כי היכי דשמעת ליה לר'
bavli	338	חד	Bavli_Bava_Batra.187.11	חד	אחד	form	krupnik-1927:def	correct		יין שכולו יפה שאני חבית דכולא ⟨חד⟩ חמרא הוא
bavli	339	ואי	Bavli_Menachot.159.4	אי	ואם	form+w	krupnik-1927:def-en	correct		הך דקיימא תודה היא הא לחמה ⟨ואי⟩ לא ליפוק לחולין
bavli	340	אמר	Bavli_Eruvin.186.11	אמר	אמר	form	jastrow-1903:same	correct		כרב אלכסון לא קתני ורב לא ⟨אמר⟩ כשמואל אם כן הויא ליה אכסדרה
bavli	341	הכי	Bavli_Sanhedrin.208.14	הכי	כן	form	krupnik-1927:def	correct		דאי לא תימא ⟨הכי⟩ שופטים ה כד תבורך מנשים יעל
bavli	342	דאמר	Bavli_Bava_Batra.6.12	אמר	שאמר	form+d	jastrow-1903:same	correct		אלא לחייא בר רב ⟨דאמר⟩ הכל לפי דמי קנים בזול מאי
bavli	343	במאי	Bavli_Shabbat.136.6	rev:מאי	במה	form+b	reviewed:reviewed-base	correct		פרנסתו אפילו ההוא יומא וההוא יומא ⟨במאי⟩ מינכר ליה בקידושא ואבדלתא
bavli	344	כאן	Bavli_Yevamot.113.3	phrase	עד מקום זה	phrase	krupnik-1927	correct		א"נ עד ⟨כאן⟩ לא קאמרי רבי אלעזר ורבי שמעון
bavli	345	ליה	Bavli_Shabbat.68.6	pron:ליה	לו	form	grammar:pronominal	correct		מתני ⟨ליה⟩ רב יהודה לרב יצחק בריה שניה
bavli	346	מהא	Bavli_Eruvin.85.5	מהא	מזה	reviewed-form	reviewed	correct		א"ל את אמרת לי ⟨מהא⟩ ואנא אמינא לך מהא עושה אדם
bavli	347	מידי	Bavli_Bava_Batra.134.2	phrase	מה ראיה בדבר	phrase	krupnik-1927	correct		לאו מדאנקולמוס גברא סנטר נמי גברא ⟨מידי⟩ איריא הא כדאיתא והא כדאיתא
bavli	348	בר	Bavli_Avodah_Zarah.145.4	בר	בן	form	reviewed:reviewed	correct		ליתני נמי חמץ בפסח א"ר חייא ⟨בר⟩ אבא ואיתימא ר' יצחק נפחא האי
bavli	349	והאי	Bavli_Menachot.164.17	האי	וזה, זאת	form+w	krupnik-1927:def	correct		⟨והאי⟩ מיבעי ליה שכל שאתה מביא ממקום
bavli	350	קלא	Bavli_Yoma.136.10	קלא	קול	reviewed-form	reviewed	correct		וחפיוהו לפומיה באברא דאברא משאב שאיב ⟨קלא⟩ שנאמר זכריה ה ח ויאמר זאת
bavli	351	אהדדי	Bavli_Beitzah.53.11	אהדדי	זה על זה	reviewed-form	reviewed	correct		למימרא דקפדי ⟨אהדדי⟩ והא הנהו שב בניתא דאתו לבי
bavli	352	אמר	Bavli_Shabbat.148.2	אמר	אמר	form	jastrow-1903:same	correct		תרוייהו אפיק חד מינייהו ועייל שירטוט ⟨אמר⟩ רבה בר רב הונא האי מאן
bavli	353	מאי	Bavli_Chagigah.13.8	מאי	מה	reviewed-form	reviewed	correct		⟨מאי⟩ משמע דהאי מסת לישנא דחולין הוא
bavli	354	אי	Bavli_Chullin.235.7	אי	אם	form	krupnik-1927:def-en	correct		ורב האי במאי מוקים לה ⟨אי⟩ ביד קשיא סיפא אי בשומר קשיא
bavli	355	מאי	Bavli_Temurah.34.15	phrase	מה ההבדל	phrase	reviewed	correct		גמ׳ ⟨מאי⟩ שנא רישא דלא פליגי ומ"ש סיפא
bavli	356	דמייתי	Bavli_Keritot.50.4	rev:מייתי	שמביא	form+d	reviewed:reviewed-base	correct		מתיידע ליה בתר יום כפורים הוא ⟨דמייתי⟩ חטאת משום דיוה"כ לאו על הדין
bavli	357	תיפוק	Bavli_Zevachim.38.16	תיפוק	תצא	reviewed-form	reviewed	correct		לן נטמא כל גופו כל גופו ⟨תיפוק⟩ לי כיון דבעי למעבד הערב שמש
bavli	358	התם	Bavli_Ketubot.1.8	התמ	שם	reviewed-form	reviewed	correct		והכא נמי הא אניס או דלמא ⟨התם⟩ אניס בתקנתא דתקינו ליה רבנן הכא
bavli	359	כאן	Bavli_Bava_Kamma.207.8	כאנ	פה, במקום זה	form	krupnik-1927:def	correct		אי גזילה אין כאן השבה יש ⟨כאן⟩ הכי קאמר אף על פי שגזילה
bavli	360	מנין	Bavli_Avodah_Zarah.100.2	מנינ	מאין, מהיכן	form	krupnik-1927:def	correct		לא הביאו וגו' עונש שמענו אזהרה ⟨מנין⟩ ת"ל דברים יב יג פן תעלה
bavli	361	קמיה	Bavli_Megillah.51.21	pron:קמיה	לפניו	form	grammar:pronominal	correct		אביי לההוא מרבנן דהוה מסדר מתניתא ⟨קמיה⟩ דרב ששת מי שמיע לך מרב
bavli	362	דהא	Bavli_Sanhedrin.18.1	דהא	שהרי	reviewed-form	reviewed	correct		וחדא וכי מיית בהך חדא לימות ⟨דהא⟩ כי מחית אגבא דחייא קא מחית
bavli	363	והאי	Bavli_Shevuot.38.4	האי	וזה, זאת	form+w	krupnik-1927:def	correct		נדר נמי לא הויא עליה איסור ⟨והאי⟩ לאו מיתפיס בנדר הוא קמ"ל
bavli	364	כתיב	Bavli_Avodah_Zarah.5.4	כתיב	כתוב	reviewed-form	reviewed	correct		רב חיננא בר פפא רמי ⟨כתיב⟩ איוב לז כג שדי לא מצאנוהו
bavli	365	נמי	Bavli_Bekhorot.104.8	phrase	גם כן	phrase	krupnik-1927	correct		ואימא הכי ⟨נמי⟩ ויקרא כז ט יהיה קדש אמר
bavli	366	אמר	Bavli_Berakhot.16.21	אמר	אמר	form	jastrow-1903:same	correct		והא ⟨אמר⟩ ר' יוחנן איזהו בן העוה"ב זהו
bavli	367	בר	Bavli_Eruvin.39.7	בר	בן	form	reviewed:reviewed	correct		אמר רב ירמיה ⟨בר⟩ אבא אמר רב אין בורגנין בבבל
bavli	368	השתא	Bavli_Temurah.26.6	השתא	עכשיו	form	reviewed:reviewed	correct		אמר רב פפא ⟨השתא⟩ דאמרת נסכים הבאין בפני עצמן קריבין
bavli	369	הכי	Bavli_Eruvin.54.9	הכי	כן	form	krupnik-1927:def	correct		אי ⟨הכי⟩ בהא לימא רבי יהודה פטורות מן
bavli	370	אתיא	Bavli_Yevamot.106.22	אתא	באה	form:pe.ptcp.fs	krupnik-1927:def	correct		אמר רבא ⟨אתיא⟩ דודו דודו כתיב הכא ויקרא כ
bavli	371	בר	Bavli_Gittin.76.5	בר	בן	form	reviewed:reviewed	correct		ורבי חייא ⟨בר⟩ אבא אמר רבי יוחנן אין הלכה
bavli	372	אמר	Bavli_Bava_Batra.57.5	אמר	אמר	form	jastrow-1903:same	correct		חזקה אמר ליה בשוקי בראי הואי ⟨אמר⟩ ליה והא אית לי סהדי דכל
bavli	373	אמר	Bavli_Gittin.106.15	אמר	אמר	form	jastrow-1903:same	correct		שכר דספר תורה כוליה מי הפסיד ⟨אמר⟩ ליה אין שכל ספר תורה שאין
bavli	374	והיינו	Bavli_Avodah_Zarah.5.10	היינו	וזהו	form+w	krupnik-1927:def	correct		⟨והיינו⟩ דאמר רב פפי משמיה דרבא מאי
bavli	375	בר	Bavli_Shabbat.113.5	בר	בן	form	reviewed:reviewed	correct		כדרב יצחק בר יוסף דא"ר יצחק ⟨בר⟩ יוסף א"ר יוחנן היוצא בטלית מקופלת
bavli	376	קאמרינן	Bavli_Eruvin.34.12	אמר	אנו אומרים	form:pe.ptcp.1pl+q	jastrow-1903:same	correct		כי ⟨קאמרינן⟩ ההוא בשכבת זרע דחזא לאונסיה
bavli	377	אבוה	Bavli_Eruvin.169.16	אבוה	אביו	reviewed-form	reviewed	correct		בחורבה ורב נחמן אמר רבה בר ⟨אבוה⟩
bavli	378	בהו	Bavli_Avodah_Zarah.139.6	pron:בהו	בהם	form	grammar:pronominal	correct		כוכבים אינה קונה והאי דלא הדרי ⟨בהו⟩ דרמות רוחא הוא דנקיטא להו
bavli	379	אמר	Bavli_Yevamot.187.8	אמר	אמר	form	jastrow-1903:same	correct		אמר רב יהודה ⟨אמר⟩ שמואל אין הלכה כרבי יהודה ההוא
bavli	380	הכי	Bavli_Bava_Metzia.17.3	phrase	גם כן	phrase	krupnik-1927	correct		⟨הכי⟩ נמי מסתברא דקתני סיפא אם משנתנה
bavli	381	הכי	Bavli_Zevachim.6.18	הכי	כן	form	krupnik-1927:def	correct		איכא למימר הכי ואיכא למימר ⟨הכי⟩ שקולין הן ויבאו שניהן לישנא אחרינא
bavli	382	אמר	Bavli_Ketubot.90.4	אמר	אמר	form	jastrow-1903:same	correct		גמ׳ בכסף מנלן ⟨אמר⟩ רב יהודה אמר קרא שמות כא
bavli	383	הויא	Bavli_Arakhin.50.3	הויא	היתה	reviewed-form	reviewed	correct		ראשון אמאי אינה נגאלת אחוזה נמי ⟨הויא⟩ אלא פשיטא ביובל שני
bavli	384	כתנאי	Bavli_Chagigah.49.14	כתנאי	כתנאים	reviewed-form	reviewed	correct		נימא ⟨כתנאי⟩ דתני חדא יניחנה לרגל אחר ותניא
bavli	385	מאי	Bavli_Kiddushin.120.15	מאי	מה	reviewed-form	reviewed	correct		⟨מאי⟩
bavli	386	דתניא	Bavli_Kiddushin.48.4	תניא	שנאמר בברייתא	form+d	krupnik-1927:def	correct		מההיא הוא דאמר כי האי תנא ⟨דתניא⟩ וחכ"א זו וזו נקנית במשיכה רבי
bavli	387	כולהו	Bavli_Pesachim.137.11	pron:כולהו	כולם	form	grammar:pronominal	correct		האי סברא בן תימא שמע מינה ⟨כולהו⟩ מילתא בעינן ש"מ
bavli	388	הלכתא	Bavli_Bekhorot.52.2	הלכתא	הלכה	reviewed-form	reviewed	correct		טובל ואוכל בתרומת חוצה לארץ ולית ⟨הלכתא⟩ כוותיה
bavli	389	מנין	Bavli_Sotah.89.16	מנינ	מאין, מהיכן	form	krupnik-1927:def	correct		אין לי אלא עול שאר עבודות ⟨מנין⟩ ת"ל במדבר יט ב אשר לא
bavli	390	דמר	Bavli_Bava_Kamma.21.8	דמר	של מר	reviewed-form	reviewed	incorrect	relative 'that (one) master holds' (דמר סבר)	מאי לאו בהא קמפלגי ⟨דמר⟩ סבר עבדים כמקרקעי דמי ומר סבר
bavli	391	כתיב	Bavli_Bava_Batra.195.6	כתיב	כתוב	reviewed-form	reviewed	correct		ולמ"ד פניהם איש אל אחיו הא ⟨כתיב⟩ דברי הימים ב ג יג ופניהם
bavli	392	בעי	Bavli_Ketubot.122.14	בעי	צריך	reviewed-form	reviewed	correct		קמיה הוא סבר למשאליה שמעתתא קא ⟨בעי⟩ אמרה ליה דביתהו מי איכא אבא
bavli	393	תנן	Bavli_Niddah.24.8	תננ	שנינו במשנה	form	krupnik-1927:def	correct		דרב הונא קץ ידא או לטותא ⟨תנן⟩
bavli	394	אמר	Bavli_Zevachim.150.9	אמר	אמר	form	jastrow-1903:same	correct		⟨אמר⟩ רב יהודה בריה דר"ש בן פזי
bavli	395	דמי	Bavli_Bava_Kamma.51.10	דמי	דומה	reviewed-form	reviewed	correct		עבדו מהו כגופו דמי או כממונו ⟨דמי⟩ אם תמצא לומר כגופו דמי שורו
bavli	396	בר	Bavli_Yevamot.96.11	בר	בן	form	reviewed:reviewed	correct		אימת אמר רב נחמן אמר רבה ⟨בר⟩ אבוה אלו עשרה ימים שבין ראש
bavli	397	אינשי	Bavli_Sotah.14.5	אינשי	אנשים	reviewed-form	reviewed	correct		בהני אית לה בזיון טפי כדאמרי ⟨אינשי⟩ שליח ערטיל וסיים מסאני קמ"ל
bavli	398	אמר	Bavli_Eruvin.108.14	אמר	אמר	form	jastrow-1903:same	correct		⟨אמר⟩ רב הונא יושבי צריפין אין מודדין
bavli	399	אמר	Bavli_Bava_Metzia.101.11	אמר	אמר	form	jastrow-1903:same	correct		⟨אמר⟩ אביי מאי רובע דקתני נמי רובע
yerushalmi	0	אָמַר	Jerusalem_Talmud_Demai.6.4	אמר	אמר	form	jastrow-1903:same	correct		רִבִּי יָסָא בְשֵׁם רִבִּי יוֹחָנָן לֹא ⟨אָמַר⟩ רִבִּי יוּדָה אֶלָּא בְסוֹף אֲבָל בִּתְחִילָּה
yerushalmi	1	אָמַר	Jerusalem_Talmud_Pesachim.10.16	אמר	אמר	form	jastrow-1903:same	correct		בֵּין רַבּוֹ רִאשׁוֹן בֵּין רַבּוֹ אַחֲרוֹן ⟨אָמַר⟩ רִבִּי יוֹחָנָן אֵין לָךְ מְשַׁחְרֵר אֶלָּא
yerushalmi	2	קוֹמֵי	Jerusalem_Talmud_Shabbat.110.2	קומי	לפני	reviewed-form	reviewed	correct		לְטַלְטְלָהּ אָמַר רִבִּי בּוּן בַּר חִיָיה ⟨קוֹמֵי⟩ רִבִּי זְעִירָא תִּיפְתָּר בְּמָאוּס אָמַר לֵיהּ
yerushalmi	3	אִית	Jerusalem_Talmud_Orlah.16.3	אית	יש	reviewed-form	reviewed	correct		הַבֶּגֶד אָמַר לֵיהּ אִילּוּ אִיתְתָּבַת תַּמָן ⟨אִית⟩ הֲוָות יְאוּת
yerushalmi	4	רַבָּנִין	Jerusalem_Talmud_Ketubot.21.7	רבנינ	חכמים	reviewed-form	reviewed	correct		וְיִסְּרוּ אוֹתוֹ מַכּוֹת וְעָנְשׁוּ אוֹתוֹ מָמוֹן ⟨רַבָּנִין⟩ אָמְרִין לְחִידּוּשׁוֹ יָצָא הַמּוֹצִיא שֵׁם רַע
yerushalmi	5	אֵילּוּ	Jerusalem_Talmud_Maasrot.20.1	אילו	אלה	reviewed-form	reviewed	correct		שֶׁאַף עַל פִּי שֶׁאֲבִיהֶן תְּרוּמָה הֲרֵי ⟨אֵילּוּ⟩ יֵאָכֵלוּ
yerushalmi	6	לֵיהּ	Jerusalem_Talmud_Shekalim.11.9	pron:ליה	לו	form	grammar:pronominal	correct		וּבְעַט רִבִּי אֶלְעָזָר עַד דְּלָא אַחְזַר ⟨לֵיהּ⟩ רִבִּי סִימוֹן שְׁמַעְתָּא רַב בֵּיבָא הֲוָה
yerushalmi	7	אָמַר	Jerusalem_Talmud_Rosh_Hashanah.1.13	אמר	אמר	form	jastrow-1903:same	correct		חִינְנָא בָעֵי לֹא מִסְתַּבְּרָא דִּי לֹא ⟨אָמַר⟩ הֲרֵי זוֹ וְחָזַר וְאָמַר הֲרֵי עָלַי
yerushalmi	8	עֲלָךְ	Jerusalem_Talmud_Peah.53.6	pron:עלכ	עליך	form	grammar:pronominal	correct		אֲתַא חַד סִיעָא וְאָכְלוּן וְשָׁתוּן וּצְלוּן ⟨עֲלָךְ⟩ אֲמַר לוֹן לֵיכָּא אֲגָר טָב נְחַת
yerushalmi	9	אָמַר	Jerusalem_Talmud_Terumot.33.8	אמר	אמר	form	jastrow-1903:same	correct		חֲנַנְיָה וְרִבִּי יָשּׁוּעַ בֶּן לֵוִי חַד ⟨אָמַר⟩ יָשֵׁן מוּתָּר וְחָרָנָה אָמַר יָשֵׁן אָסוּר
yerushalmi	10	נְפִיק	Jerusalem_Talmud_Berakhot.25.6	נפיק	יוצא	reviewed-form	reviewed	correct		בְּחֶזְקַת סַכָּנָה רִבִּי יַַנַּיי כַּד הֲוָה ⟨נְפִיק⟩ לָאַכְּסֵנִיָּא הֲוָה מְפַקֵּד גֵּו בֵּיתֵיהּ רִבִּי
yerushalmi	11	גַּרְמֵיהּ	Jerusalem_Talmud_Sanhedrin.77.4	גרמיה	עצמו	reviewed-form	reviewed	correct		מָה הֲוָה אַחְאָב עֲבִיד הֲוָה מְקַשֵּׁט ⟨גַּרְמֵיהּ⟩ בְּכָל יוֹם וְקָאִים לֵיהּ קוֹמֵי חִיאֵל
yerushalmi	12	אָמַר	Jerusalem_Talmud_Pesachim.15.6	אמר	אמר	form	jastrow-1903:same	correct		דְּבַשׁ מְזוּיָיף בְּסוֹלֶת שָׁאַל לְרִבִּי מָנָא ⟨אָמַר⟩ לֵיהּ צָרִיךְ אַתְּ לְבָעֵר חַד מִן
yerushalmi	13	הָכֵין	Jerusalem_Talmud_Terumot.33.27	הכינ	כך	reviewed-form	reviewed	correct		אָחָא בְשֵׁם רִבִּי חֲנִינָה מְחַוֵּי בָיהּ ⟨הָכֵין⟩ אָמַר רֹאשׁ אֶצְבָּעִי קְטַנָּה רִבִּי יַעֲקֹב
yerushalmi	14	לֵיהּ	Jerusalem_Talmud_Yevamot.12.5	pron:ליה	לו	form	grammar:pronominal	correct		חַגַּיי אָמַר יֵיתֵי אַיְיתוּנֵיהּ דְּיִלְקֵי אָמַר ⟨לֵיהּ⟩ מֵאֵיכָן אַתָּה מַלְקֵינִי אָמַר לֵיהּ מִן
yerushalmi	15	לֵיהּ	Jerusalem_Talmud_Moed_Katan.20.20	pron:ליה	לו	form	grammar:pronominal	correct		תַּלְמִיד מִן דְּרַב חִסְדָּא אִיבְאַשׁ שְׁלַח ⟨לֵיהּ⟩ תְּרֵין תַּלְמִידִין דְּיִתְנוּן עִימֵּיהּ אִיתְעֲבִיד קוֹמֵיהוֹן
yerushalmi	16	דָּמַר	Jerusalem_Talmud_Eruvin.21.5	דמר	שאמר	reviewed-form	reviewed	correct		עֵירוּבוֹ עֵירוּב לֵית פְלִיגָא עַל שְׁמוּאֵל ⟨דָּמַר⟩ רַב יְהוּדָה בְשֵׁם שְׁמוּאֵל תִּיפְתָּר בְּשֶׁהָיְתָה
yerushalmi	17	דִּכְתִיב	Jerusalem_Talmud_Megillah.17.6	דכתיב	שכתוב	reviewed-form	reviewed	correct		וְלֹא טוֹבְלִין ⟨דִּכְתִיב⟩ וְהִזָּה וְטָבַל מַה הַזָּיָיה בַיּוֹם אַף
yerushalmi	18	מְסַיְיעָא	Jerusalem_Talmud_Kilayim.47.9	מסייעא	מסייעת	reviewed-form	reviewed	correct		שָׂדְךָ לֹא תִזְרָע וְכַרְמְךָ לֹא תִּזְמֹר ⟨מְסַיְיעָא⟩ לְרִבִּי לָעְזָר
yerushalmi	19	פָּתַר	Jerusalem_Talmud_Kilayim.9.3	פתר	פירש	reviewed-form	reviewed	correct		אִית לָךְ מֵימַר שְׁבִיעִית דְּרִבִּי שִׁמְעוֹן ⟨פָּתַר⟩ לָהּ שְׁבִיעִית דְּרִבִּי שִׁמְעוֹן מַתִּיר בִּסְפִיחֵי
yerushalmi	20	דְתֵימַר	Jerusalem_Talmud_Orlah.5.5	אמר	שתאמר	form:pe.impf.2ms+d	jastrow-1903:same	correct		אָמַר רִבִּי זְעִירָה לְרִבִּי פְּדָת כְּמַה ⟨דְתֵימַר⟩ תַּמָּן הֲלָכָה כְרִבִּי שִׁמְעוֹן וְהָכָא הֲלָכָה
yerushalmi	21	אָמַר	Jerusalem_Talmud_Makkot.17.1	אמר	אמר	form	jastrow-1903:same	correct		חַיָיב אָמְרוּ לוֹ מִפְּנֵי שֶׁהִיא כְבִרְיָיתָהּ ⟨אָמַר⟩ לָהֶן אַף חִיטָּה אַחַת כְּבִירְיָתָהּ
yerushalmi	22	לֵיהּ	Jerusalem_Talmud_Berakhot.44.4	pron:ליה	לו	form	grammar:pronominal	correct		בְּשַׁבָּתָא מִן דְּאָכְלִין וּבָרְכִין קָם אֲזַל ⟨לֵיהּ⟩ חֲזַר לְגַבָּן אַשְׁכַּחְנוּן בָּרְכִין אֲמַר וְלֹא
yerushalmi	23	בַּר	Jerusalem_Talmud_Avodah_Zarah.24.6	בר	בן	form	reviewed:reviewed	correct		מוֹדִין בַּחִיטִּין שֶׁאֲסוּרוֹת דָּמַר רִבִּי חֲנִינָה ⟨בַּר⟩ יָסָא בְשֵׁם רַב יְהוּדָה שׁוֹרְשֵׁי חִיטָּה
yerushalmi	24	אִילּוּ	Jerusalem_Talmud_Maaser_Sheni.14.7	אילו	אלה	reviewed-form	reviewed	correct		אָמַרְתָּ חֲתִיכוֹת אָמַר רִבִּי יוֹנָה וְיֵאוּת ⟨אִילּוּ⟩ שְׁנַיִם שֶׁהָיוּ שׁוּתָפִין בְּקִישׁוּת אַחַת לְזֶה
yerushalmi	25	טַעֲמָא	Jerusalem_Talmud_Sanhedrin.56.10	טעמא	טעם	reviewed-form	reviewed	correct		דְּאָמַר אוֹב זֶה הַמַּעֲלֶה בִזְכוּרוֹן מַה ⟨טַעֲמָא⟩ קָסֳמִי נָא לִי בָּאוֹב וְהַעֲלִי נָא
yerushalmi	26	וְתַנֵּי	Jerusalem_Talmud_Eruvin.48.5	תני	ושנה	form+w	reviewed:reviewed	correct		בּוֹ מוֹדֶה הוּא שֶׁזְּכוּ בַּמָּבוֹי תְחִילָּה ⟨וְתַנֵּי⟩ כֵן מִפְּנֵי שֶׁהּוא מְבַטֵּל רְשׁוּתוֹ כְיִשְׂרָאֵל
yerushalmi	27	וָכָא	Jerusalem_Talmud_Shevuot.57.5	וכא	וכאן	reviewed-form	reviewed	correct		וָכָא אָמַר אָכֵין תַּמָּן פְּשִׁיטָה לֵיהּ ⟨וָכָא⟩ צְרִיכָה לֵיהּ מָה אִיצְטְרִיכַת לֵיהּ חָזִי
yerushalmi	28	אָתָא	Jerusalem_Talmud_Ketubot.41.3	אתא	בא	form	krupnik-1927:def	correct		לֵיהּ לֵית כָּאן יִרְתּוּן אֶלָּא יִטְלוּן ⟨אָתָא⟩ לְגַבֵּי אָבוֹי אָמַר לֵיהּ קִיפַּחְתָּה אֶת
yerushalmi	29	הֲווֹן	Jerusalem_Talmud_Terumot.33.25	הוה	היו	form:pe.perf.3mp	reviewed:reviewed	correct		רִבִּי חִיָיה רַבָּה וְרִבִּי שִׁמְעוֹן בְּרִבִּי ⟨הֲווֹן⟩ יָתְבִין בְּחַד בַּיִת אָזְלוּ מַרְמְרִין אָמְרִין
yerushalmi	30	מִיכָּן	Jerusalem_Talmud_Kilayim.19.4	מיכנ	מכאן	form	krupnik-1927:def	correct		שְׁלֹשָׁה מִינֵי זֵירְעוֹנִין אֶחָד מִיכָּן וְאֶחָד ⟨מִיכָּן⟩ וְאֶחָד בְּאֶמְצַע אִם אוֹמֵר אַתְּ שֶׁסּוֹמְכִין
yerushalmi	31	תַּנֵּי	Jerusalem_Talmud_Sanhedrin.19.20	תני	שנה	form	reviewed:reviewed	correct		⟨תַּנֵּי⟩ רִבִּי יִשְׁמָעֵאל וְנָשָׂא עֲוֹנוֹ קָרְבָּן מְנָן
yerushalmi	32	אֲנָא	Jerusalem_Talmud_Nazir.44.11	pron:אנא	אני	form	grammar:pronominal	correct		שֶׁמִּצְוַת עֲשֵׂה דוֹחָה לְמִצְוַת לֹא תַעֲשֶׂה ⟨אֲנָא⟩ לָא אֲמָרִי לֵיהּ אַיְיתוּנֵיהּ וַאֲנָא מַלְקֵי
yerushalmi	33	מָתִיב	Jerusalem_Talmud_Kilayim.53.10	מתיב	מקשה	reviewed-form	reviewed	correct		חוּנָה יְתִיב לֵיהּ וְלָא קְבִיל עֲלוֹי ⟨מָתִיב⟩ לֵיהּ אָמְרִין כְּמַה דְּלָא קְבִיל עֲלוֹי
yerushalmi	34	אָמַר	Jerusalem_Talmud_Yevamot.70.3	אמר	אמר	form	jastrow-1903:same	correct		אָדָם בֵין בִּידֵי שָׁמַיִם פָּסוּל כְּרַבָּנִן ⟨אָמַר⟩ רִבִּי אָחָא בַּר פַּפַּי קוֹמֵי רִבִּי
yerushalmi	35	תַּנָּיֵי	Jerusalem_Talmud_Shabbat.19.7	תניי	תנאים	reviewed-form	reviewed	correct		אִית תַּנָּיֵי תַנֵּי כְּגֶפֶת וּכְעֵצִים וְאִית ⟨תַּנָּיֵי⟩ תַנֵּי כְּקַשׁ וְכִגְבָבָה מָאן דָּמַר כְּגֶפֶת
yerushalmi	36	אָמַר	Jerusalem_Talmud_Pesachim.84.2	אמר	אמר	form	jastrow-1903:same	correct		הלכה רַב ⟨אָמַר⟩ מִתְּחִילָּה צָרִיךְ לְהַתְחִיל בְּעֵבֶר הַנָּהָר יָשְׁבוּ
yerushalmi	37	נְפַק	Jerusalem_Talmud_Taanit.39.3	נפק	יצא	reviewed-form	reviewed	correct		בֶּן אֶלְעָזָר מִן דַּהֲוָה תִשְׁעָה בְאָב ⟨נְפַק⟩ הֲוָה מַכְרִיז יִפְתְּחוּן סַפָּרַיָיא וּמָאן דְּבָעֵי
yerushalmi	38	אִית	Jerusalem_Talmud_Sotah.2.7	אית	יש	reviewed-form	reviewed	correct		שִׁיעֵר וּבֶן עַזַּאי נָשָׂא אִשָּׁה מִיָּמָיו ⟨אִית⟩ דְּבָעֵי מֵימַר נִתְחַמֵּם וְאִית דְּבָעֵי מֵימַר
yerushalmi	39	אָמַר	Jerusalem_Talmud_Megillah.31.3	אמר	אמר	form	jastrow-1903:same	correct		אָמַר לֵיהּ וְלָמָּה לֹא שָׁמַעַת לוֹן ⟨אָמַר⟩ לֵיהּ וְעָבְדִין כֵּן אָמַר לֵיהּ וְלִינָן
yerushalmi	40	לֵית	Jerusalem_Talmud_Yevamot.84.5	לית	אין	form	krupnik-1927:def	correct		כְּשִׁגְּגַת אִישׁ וְאִשָּׁה אָמַר רִבִּי יוֹחָנָן ⟨לֵית⟩ כָּאן פְּטוּרָה אֶלָּא חַיֶיבֶת הָתִיב רִבִּי
yerushalmi	41	אָמַר	Jerusalem_Talmud_Kiddushin.4.3	אמר	אמר	form	jastrow-1903:same	correct		בַּר חוֹרִין מָהוּ שֶׁתִּקָּנֶה בְּשַׁעַר הָפָּחוֹת ⟨אָמַר⟩ רִבִּי חַגַּיי בְשֵׁם רִבִּי יוֹסֵי מַתְנִיתָא
yerushalmi	42	אָמַר	Jerusalem_Talmud_Sotah.52.4	אמר	אמר	form	jastrow-1903:same	correct		תַּנֵּי וְלֹא חִלְלוֹ פְּרָט לַמַּבְרִיךְ וְלַמַּרְכִּיב ⟨אָמַר⟩ רִבִּי יוֹחָנָן דְּרִבִּי אֱלִיעֶזֶר בֶּן יַעֲקֹב
yerushalmi	43	לֵית	Jerusalem_Talmud_Berakhot.7.8	לית	אין	form	krupnik-1927:def	correct		מִילָּה רִבִּי טַבְיוֹמֵי שָׁאַל לְרִבִּי חִזְקִיָּה ⟨לֵית⟩ הֲדָה אָמְרָה שֶׁאֵין לָךְ צָרִיךְ כַּוָּונָה
yerushalmi	44	אָמַר	Jerusalem_Talmud_Avodah_Zarah.41.6	אמר	אמר	form	jastrow-1903:same	correct		יאשיה מִכִּילְתָא אָמַר לֵיהּ הָדָא דְאַתְּ ⟨אָמַר⟩ בְּלוֹקֵחַ עֲנָבִים מִן הַגּוֹי אֲבָל הגּוֹי
yerushalmi	45	בַּר	Jerusalem_Talmud_Horayot.3.3	בר	בן	form	reviewed:reviewed	correct		כָּל שֵׁם הוֹצָאָה אָמַר רִבִּי שְׁמוּאֵל ⟨בַּר⟩ רַב יִצְחָק בְּשֶׁאָמְרוּ גְּרוֹגֶרֶת מוּתֶּרֶת וּשְׁתֵּי
yerushalmi	46	רַבָּנִין	Jerusalem_Talmud_Ketubot.115.2	רבנינ	חכמים	reviewed-form	reviewed	correct		אֲבָל אִם לֹא פָסַק בְּמַעֲמָדָהּ אַף ⟨רַבָּנִין⟩ מוֹדֵיי
yerushalmi	47	דְּאָמַר	Jerusalem_Talmud_Kilayim.10.4	אמר	שאמר	form+d	jastrow-1903:same	correct		אֵינוֹ מְנַכֶּה לוֹ דְּמֵי אוֹתוֹ הָרוֹבַע ⟨דְּאָמַר⟩ רִבִּי יַעֲקֹב בַּר אָחָא אַבָּא בַּר
yerushalmi	48	בַּר	Jerusalem_Talmud_Ketubot.32.3	בר	בן	form	reviewed:reviewed	correct		רִבִּי זְעִירָא שָׁלַח לְרַב נַחְמָן ⟨בַּר⟩ יַעֲקֹב וּלְרִבִּי אִימִּי בַּר פַּפַּי מַעֲשֵׂה
yerushalmi	49	מִיכָּן	Jerusalem_Talmud_Maasrot.9.7	מיכנ	מכאן	form	krupnik-1927:def	correct		⟨מִיכָּן⟩ אָמְרוּ קוֹצֵץ הוּא אָדָם עַל יְדֵי
yerushalmi	50	קַיָימִין	Jerusalem_Talmud_Gittin.51.3	קיימינ	עומדים	reviewed-form	reviewed	correct		מִן הַשְּׁבוּעָה אֶלָּא כְּשֶׁאָבְדָה בִּפְשִׁיעָה אֲנָן ⟨קַיָימִין⟩ דָּמִים עָשׂוּ אוֹתָהּ בְּאִיצְטָלִית רַבָּנִן אָמְרִין
yerushalmi	51	קוֹמֵי	Jerusalem_Talmud_Nazir.52.3	קומי	לפני	reviewed-form	reviewed	correct		רִבִּי יִצְחָק בַּר גּוּפְתָּא בְּעָא ⟨קוֹמֵי⟩ רִבִּי מָנָא תַּנֵּי אַתְּ אֲמַר מְלַקֵּט
yerushalmi	52	כָּאן	Jerusalem_Talmud_Ketubot.81.3	כאנ	פה, במקום זה	form	krupnik-1927:def	correct		רִבִּי אַבָּהוּ בְשֵׁם רִבִּי יוֹחָנָן לֵית ⟨כָּאן⟩ שֶׁלּוֹ אֶלָּא לְהַיי דָא מִילָּא שֶׁאִם
yerushalmi	53	חַד	Jerusalem_Talmud_Moed_Katan.10.4	חד	אחד	form	jastrow-1903:eq	correct		אֲפִילוּ כֵן אֲמַר לֵיהּ פּוּק חֲמִי ⟨חַד⟩ סָב וּסְמוֹךְ עָלוֹי נְפַק וְאַשְׁכַּח רִבִּי
yerushalmi	54	בְגִין	Jerusalem_Talmud_Beitzah.6.3	בגינ	בגלל · לפי, משום	form	krupnik-1927:def	correct		וְרִימוּנָהּ לֹא שֶׁהֲלָכָה כְרִבִּי הוֹשַׁעְיָה אֶלָּא ⟨בְגִין⟩ רִבִּי יִרְמְיָה דְלָא יְסַכֵּן שָׁוִין שֶׁלֹּא
yerushalmi	55	מַתְנֵי	Jerusalem_Talmud_Berakhot.13.8	מתני	שונה	reviewed-form	reviewed	correct		וּשְׁאַל בּוֹן אָמְרִין לֵיהּ אֲהֵן דְּאַתְּ ⟨מַתְנֵי⟩ שְׁבָחֵיהּ אָמַר לוֹן מַה עִיסְקֵיהּ אָמְרִין
yerushalmi	56	וְהָכָא	Jerusalem_Talmud_Shabbat.73.4	הכא	וכאן	form+w	krupnik-1927:def	correct		אֵינָן חִיבּוּר לֹא לְטוּמְאָה וְלֹא לְהַזָּיָיה ⟨וְהָכָא⟩ אַתְּ אָמַר הָכֵין תַּמָּן דַּרְכָּן לְקֶבַע
yerushalmi	57	דְּאָמַר	Jerusalem_Talmud_Demai.3.24	אמר	שאמר	form+d	jastrow-1903:same	correct		הָדָא דְּרִבִּי לָעְזָר דִּבְרֵי הַכֹּל הִיא ⟨דְּאָמַר⟩ בְּמַחְלוֹקֶת רִבִּי יוֹסֵי דְּלָא שְׁמִיעַ לֵיהּ
yerushalmi	58	הָדָא	Jerusalem_Talmud_Gittin.19.5	הדא	זה, זאת	form	krupnik-1927:def	correct		לֵית ⟨הָדָא⟩ פְלִיגָא עַל דְּרַב דְּרַב אָמַר יוֹרֵשׁ
yerushalmi	59	לֵיהּ	Jerusalem_Talmud_Sukkah.47.2	pron:ליה	לו	form	grammar:pronominal	correct		דְּאִית לֵיהּ עַל גַּבֵּי הַמִּזְבֵּחַ לֵית ⟨לֵיהּ⟩ לְמַעֲלָה עֲשִׂירִית מָאן דְּאִית לֵיהּ לְמַעֲלָה
yerushalmi	60	מָטוּ	Jerusalem_Talmud_Berakhot.44.4	מטו	הגיעו	reviewed-form	reviewed	correct		בָּא בְשֵׁם רִבִּי חוּנָא רִבִּי יִרְמְיָה ⟨מָטוּ⟩ בָהּ בְשֵׁם רַב שָׁכַח וְלֹא הִזְכִּיר
yerushalmi	61	הֲוִינָן	Jerusalem_Talmud_Taanit.38.9	הוה	אנו הווים	form:pe.ptcp.1pl	reviewed:reviewed	incorrect	'we used to (find)' — past habitual	הִיא כָּל קֵירְוָוא דַהֲוִינָן עָלִין תַּמָּן ⟨הֲוִינָן⟩ מַשְׁכַּחִין מֵתִין אָמַר לָהֶן הַקָּדוֹשׁ בָּרוּךְ
yerushalmi	62	אָמַר	Jerusalem_Talmud_Yevamot.70.10	אמר	אמר	form	jastrow-1903:same	correct		וְלֹא בַת יִשְׂרָאֵל שֶׁהִיא כְחַלָּלָה לֹא ⟨אָמַר⟩ לִי אֶלָּא בַת גֵּרִים וּבַת גֵּרִים
yerushalmi	63	אָמַר	Jerusalem_Talmud_Sanhedrin.4.10	אמר	אמר	form	jastrow-1903:same	correct		וְשִׁית לִיטְרִין וְאִית עֲבִיד לֵיהּ פְּרוֹטְרוֹט ⟨אָמַר⟩ לֵיהּ מִשּׁוּם דְּלָא סְלִיק קֵינְטֶירָא וְאִין
yerushalmi	64	וְאַתּוּן	Jerusalem_Talmud_Gittin.54.2	pron:אתונ	ואתם	form+w	grammar:pronominal	correct		בְּגִין דְּאַקְדִּים כְּתִיבָה וְהָא אַקְדִּים נְתִינָה ⟨וְאַתּוּן⟩ אָמְרִין אֵינוֹ גֵט
yerushalmi	65	אָמְרֵי	Jerusalem_Talmud_Bava_Batra.63.5	אמר	אומרים	form:pe.ptcp.mp	jastrow-1903:same	correct		מָהוּ חִילּוּפִין הִיא מַתְנִיתָא חֲבֵרַיָיא רַבְרְבַיָיא ⟨אָמְרֵי⟩ עֵדִים חֲבֵרַיָיא זְעִירַיָיא אָמְרֵי אֵין עֵדִים
yerushalmi	66	מָאן	Jerusalem_Talmud_Kilayim.50.7	מאנ	מי	reviewed-form	reviewed	correct		בֶּן פָּזִי דְּבַר דָּלָיָה וְלָא יָדְעִין ⟨מָאן⟩ תַּנֶּה קַל וָחוֹמֶר מַה אִם בְּשָׁעָה
yerushalmi	67	אַתְיָא	Jerusalem_Talmud_Terumot.17.6	אתא	באה	form:pe.ptcp.fs	krupnik-1927:def	correct		אָחָא בְשֵׁם רִבִּי שִׁמְעוֹן בֶּן לָקִישׁ ⟨אַתְיָא⟩ דְּרִבִּי לִיעֶזֶר כְּבֵית שַׁמַּאי כְּמָה דְבֵית
yerushalmi	68	תַּמָּן	Jerusalem_Talmud_Shabbat.34.10	תמנ	שם	reviewed-form	reviewed	correct		דְרֵישָׁהּ וִיהָבָה לֵיהּ וְהוּא לָעֵי בְאוֹרַיְתָא ⟨תַּמָּן⟩ תַּנִּינָן שְׁנַיִם מִשֵּׁם רִבִּי אֱלִיעֶזֶר יוֹצְאָה
yerushalmi	69	לֵיהּ	Jerusalem_Talmud_Yevamot.111.2	pron:ליה	לו	form	grammar:pronominal	correct		אַחַת חוֹלֶצֶת וְאַחַת יוֹצְאָה בְגֵט אָמַר ⟨לֵיהּ⟩ הֲוֵי הִיא דְתַנִּינָן תַּמָּן מַאֲמָר לַזֶּה
yerushalmi	70	אָמַר	Jerusalem_Talmud_Shekalim.7.2	אמר	אמר	form	jastrow-1903:same	correct		אֵילּוּ כָּל עַמָּא מוֹדֵיי שֶׁהַמּוֹתָר חוּלִין ⟨אָמַר⟩ רִבִּי חִזְקִיָּה מַתְנִיתָא מְסַיְיעָא לְרִבִּי בֵּיבַי
yerushalmi	71	כְּתִיב	Jerusalem_Talmud_Avodah_Zarah.19.4	כתיב	כתוב	reviewed-form	reviewed	correct		מַקְשֵׁי וְאִילֵּין אִיגַּרְתָּא לֹא גַּויֻם לוּקִין ⟨כְּתִיב⟩ בָּהֶן וְאַתְּ אָמַר עַל יְדֵי עִילָּא
yerushalmi	72	נָשׁ	Jerusalem_Talmud_Berakhot.16.13	phrase	אדם	phrase	krupnik-1927	correct		גַּבֵּיהּ אָמַר לוֹן רַבָּנָן אָכֵן בַּר ⟨נָשׁ⟩ עֲבֵיד לְחַבְרֵיהּ לָא הֲוִינָן חֲסֵרִין אֶתְמֹל
yerushalmi	73	אִילּוּ	Jerusalem_Talmud_Sotah.4.3	אילו	אלה	reviewed-form	reviewed	correct		תַלְמִידָיו רִבִּי כָּךְ מְבַזִּין אֶת הַתּוֹרָה ⟨אִילּוּ⟩ אָמְרָת לוֹ לֹא הֲוֵוית מֵייתֵי לֵיהּ
yerushalmi	74	דָּא	Jerusalem_Talmud_Chagigah.9.10	דא	זו	form	jastrow-1903:eq	correct		אֲבוּיָה שְׁיָּדַע כוֹחִי וּמָרַד בִּי וְכָל ⟨דָּא⟩ מִן הֵן אֲתַת לֵיהּ אֶלָּא פַּעַם
yerushalmi	75	דְּתַנֵּי	Jerusalem_Talmud_Avodah_Zarah.7.2	תני	ששנה	form+d	reviewed:reviewed	correct		בּוֹ נִיזְקָא לָרַבִּים מוּתָּר מַתְנִיתִין דִּרִבִּי ⟨דְּתַנֵּי⟩ הָרוֹאֶה אֶת הַנָּחָשִׁים וְאֶת הַחַבָּרִים מוֹקִיוֹן
yerushalmi	76	וּמָאן	Jerusalem_Talmud_Rosh_Hashanah.2.6	ומאנ	ומי	reviewed-form	reviewed	correct		הַבָּאָה וְלָא יָדְעִין מָאן אֲמַר דָּא ⟨וּמָאן⟩ אֲמַר דָּא מִן מַה דְאָמַר רִבִּי
yerushalmi	77	מֵימַר	Jerusalem_Talmud_Pesachim.27.2	מימר	לומר	reviewed-form	reviewed	correct		אָמַר לֵיהּ אֲפִילוּ בְשַׂר עוֹף סָבְרִין ⟨מֵימַר⟩ אֲפִילוּ בֵיצָה אֲפִילוּ קוֹלָקַּס אָמַר רִבִּי
yerushalmi	78	נַשׁ	Jerusalem_Talmud_Taanit.4.7	phrase	אדם	phrase	krupnik-1927	correct		לָבְשָׁה מָאנִין צָאִיָין דְּלָא יִתֵּן בַּר ⟨נַשׁ⟩ עֵינוֹי עֲלָהּ וְכַד דַּאֲנָא עֲלִיל מִן
yerushalmi	79	אָמַר	Jerusalem_Talmud_Yevamot.55.6	אמר	אמר	form	jastrow-1903:same	correct		בֵּין בִּיאָה לְבִיאָה מַה קָנָה שְׁמוּאֵל ⟨אָמַר⟩ לֹא קָנָה אֶלָּא בִּדְבָרִים הָאֲמוּרִים בַּפָּרָשָׁה
yerushalmi	80	מָהוּ	Jerusalem_Talmud_Shabbat.116.3	מהו	מה הוא	reviewed-form	reviewed	correct		לוֹ שְׁלשִׁים יוֹם אוֹתָן שְׁלשִׁים יוֹם ⟨מָהוּ⟩ לְהַאֲכִילוֹ חָלָב תְּרוּמָה מָהוּ לְסוֹכוֹ שֶׁמֶן
yerushalmi	81	סְבַר	Jerusalem_Talmud_Moed_Katan.20.19	סבר	חשב	form	krupnik-1927:def	correct		לְבִישׁ סַנְדָּלוֹי אֲמַר לֵיהּ מָה אַתְּ ⟨סְבַר⟩ דְּיַלְפִינָן עוֹבְדָא מִינָךְ לָא יָלְפִין עוֹבְדָא
yerushalmi	82	אָתָא	Jerusalem_Talmud_Bava_Metzia.65.2	אתא	בא	form	krupnik-1927:def	correct		שִׁיבְקֵיהּ דְּשָׁרֵי עַד יְמַלֵּא אֲנַקְלֵווסִיס דִּידֵיהּ ⟨אָתָא⟩ עוֹבְדָא קוֹמֵי רִבִּי נִיסִי וְלָא קְבִיל
yerushalmi	83	תַּנֵּי	Jerusalem_Talmud_Sheviit.46.3	תני	שנה	form	reviewed:reviewed	correct		⟨תַּנֵּי⟩ שֶׁמֶן שֶׁל שְׁבִיעִית אֵין חוֹסְמִין בּוֹ
yerushalmi	84	אִינּוּן	Jerusalem_Talmud_Shabbat.86.3	pron:אינונ	הם	form	grammar:pronominal	correct		בוֹ וְלֹא מִן הַדְּבָרִים הַנֶּהֱרָגִין בַּשַּׁבָּת ⟨אִינּוּן⟩ פָּתַר לָהּ בְּבָאִין לְהַזִּיק תַּנֵּי רִבִּי
yerushalmi	85	אָמַר	Jerusalem_Talmud_Kiddushin.16.9	אמר	אמר	form	jastrow-1903:same	correct		בֵּית דִּין הוּא אֵין זֶה מֵזִיד ⟨אָמַר⟩ רִבִּי זְעִירָה כְּמַה דְאַתְּ אָמַר תַּמָּן
yerushalmi	86	אַתְיָא	Jerusalem_Talmud_Shevuot.2.2	אתא	באה	form:pe.ptcp.fs	krupnik-1927:def	correct		וְרִבִּי כְּרִבִּי יְשְׁמָעֵאל וַאֲפִילוּ כְרִבִּי עֲקִיבָה ⟨אַתְיָא⟩ הִיא יְדִיעָה וְהֶעֱלֵם בְּטוּמְאַת מִקְדָּשׁ יְדִיעָה
yerushalmi	87	הָהֵן	Jerusalem_Talmud_Pesachim.69.8	ההנ	זה	reviewed-form	reviewed	correct		רֹאשָׁה דְפִירְקָא רִבִּי הוֹשַׁעְיָה רַבָּה אָמַר ⟨הָהֵן⟩ דְּהָכָא יָחִיד שֶׁנִּיטְמָא בִסְפֵק רְשׁוּת הַיָּחִיד
yerushalmi	88	בַּר	Jerusalem_Talmud_Nedarim.83.3	phrase	אדם	phrase	krupnik-1927	correct		שִׁמְעוֹן בֶּן לָקִישׁ כְּהָדָא דְאִיסִי חַד ⟨בַּר⟩ נַשׁ אֲתַא מִישְׁרֵי נִדְרָא קוֹמֵי רִבִּי
yerushalmi	89	הָדָא	Jerusalem_Talmud_Nedarim.67.4	הדא	זה, זאת	form	krupnik-1927:def	correct		לְשֵׁם חָצֵר וְהִקְדִּישָׁהּ מָהוּ נִישְׁמְעִינָהּ מִן ⟨הָדָא⟩ קוֹנָם לְבַיִת זֶה שֶׁאֵינִי נִכְנָס וְנַעֲשָׂה
yerushalmi	90	דְמַיָּא	Jerusalem_Talmud_Shabbat.4.8	דמיא	דומה	reviewed-form	reviewed	incorrect	'of water' (קולתה דמיא)	הֲוָה פּוֹעֲלַיָּיא הֲווּ בְּטוּרָא אִיתְגַּלְיַית קוּלְתָה ⟨דְמַיָּא⟩ שָׁתוֹן קַדְמָאֵי וְלָא מַייתוֹן אַחֲרָאֵי וּמַייתוֹן
yerushalmi	91	וַאֲנָא	Jerusalem_Talmud_Terumot.33.5	pron:אנא	ואני	form+w	grammar:pronominal	correct		מִינֵיהּ אָמַר לֵיהּ רִבִּי בִיבַי אַיְתֵיי ⟨וַאֲנָא⟩ שָׁתֵיי אָמַר מָאן דְּבָעֵי מֵימוֹת יֵיזִיל
yerushalmi	92	מַתְנִיתָא	Jerusalem_Talmud_Maaser_Sheni.4.16	מתניתא	משנה	form	jastrow-1903:eq	correct		סָבְרִנָן מֵימַר עֵצִים אֵין בָּהֶן מַמָּשׁ ⟨מַתְנִיתָא⟩ פְלִיגָא עַל רִבִּי שִׁמְעוֹן בֶּן לָקִישׁ
yerushalmi	93	בַּר	Jerusalem_Talmud_Bava_Batra.54.2	בר	בן	form	reviewed:reviewed	correct		נְכָסָיו לַאֲחֵרִים כול׳ אָמַר רִבִּי בָּא ⟨בַּר⟩ מָמָל הַכּוֹתֵב נְכָסָיו לַאֲחֵרִים וְהִנִּיחַ אֶת
yerushalmi	94	דְתַנִּינָן	Jerusalem_Talmud_Yoma.20.6	דתניננ	ששנינו	reviewed-form	reviewed	correct		אָמַר רִבִּי סִימוֹן אֵילּוּ הַסַּכִּינִין כַּיי ⟨דְתַנִּינָן⟩ תַּמָּן הוּא הָיָה נִקְרָא בֵּית הַחִילְפוֹת
yerushalmi	95	אָמְרָה	Jerusalem_Talmud_Shabbat.43.3	אמרה	אמרה	reviewed-form	reviewed	correct		כְּרַבָּנִן אֵינוֹ חַיָיב אֶלָּא אַחַת הָדָא ⟨אָמְרָה⟩ הִיא הָדָא הִיא הָדָא בָּעוּן קוֹמֵי
yerushalmi	96	קַיָימִין	Jerusalem_Talmud_Nedarim.92.2	קיימינ	עומדים	reviewed-form	reviewed	correct		הלכה תֵּשַׁע נְעָרוֹת נִדְרֵיהֶן ⟨קַיָימִין⟩ כול׳ אָמַר רִבִּי יוֹחָנָן שְׁתַּיִם הֵן
yerushalmi	97	אָמַר	Jerusalem_Talmud_Bava_Batra.42.3	אמר	אמר	form	jastrow-1903:same	correct		שֶׁאֵין מְקוֹם דְּבִיר עוֹלֶה מִן הַמִּינְיָין ⟨אָמַר⟩ רִבִּי לֵוִי וְלֹא מְקוֹם אָרוֹן עוֹלֶה
yerushalmi	98	תֵּימַר	Jerusalem_Talmud_Sanhedrin.84.3	אמר	תאמר	form:pe.impf.2ms	jastrow-1903:same	correct		כְּחַבּוּרַת שַׁבָּת אֲפִילוּ לֹא חִיסֵּר וְאִין ⟨תֵּימַר⟩ כְּחַבּוּרַת נְזָקִין עַד שָׁעָה שֶׁיְּחַסֵּר
yerushalmi	99	אָמַר	Jerusalem_Talmud_Megillah.1.3	אמר	אמר	form	jastrow-1903:same	correct		וְתַבְנִית כֹּל אֲשֶׁר הָיָה בָרוּחַ עִמּוֹ ⟨אָמַר⟩ רִבִּי מָנָא מַהוּ בָרוּחַ בְּרוּחַ פִּיו
yerushalmi	100	בַּר	Jerusalem_Talmud_Nazir.44.16	בר	בן	form	reviewed:reviewed	correct		קוֹמֵי עַרְסֵיהּ דְּרִבִּי שּׁמְעוֹן וּדְרִבִּי שְׁמוּאֵל ⟨בַּר⟩ רַב יִצְחָק והוּא מְגִיב לֵיהּ אָמַר
yerushalmi	101	לְרַבָּנִין	Jerusalem_Talmud_Gittin.49.4	rev:רבנינ	לחכמים	form+l	reviewed:reviewed-base	correct		אִית לָן מֵהַיּוֹם עִיקָּר מְתִיב רִבִּי ⟨לְרַבָּנִין⟩ לָמָּה אַתּוּן אָמְרִין אֵינוֹ גֵט בְּגִין
yerushalmi	102	מָאן	Jerusalem_Talmud_Sanhedrin.29.3	מאנ	מי	reviewed-form	reviewed	correct		כְדִינֵיהֶן מָאן דָּמַר דִּינֵינוּ כְדִינֵיהֶן נִיחָא ⟨מָאן⟩ דָּמַר אֵין דִּינֵינוּ כְדִינֵיהֶן מַה מְקַיֵים
yerushalmi	103	בַּר	Jerusalem_Talmud_Ketubot.61.4	בר	בן	form	reviewed:reviewed	correct		קוֹמֵי רִבִּי אֶלְעָזָר וְקוֹמֵי רִבִּי שִׁמְעוֹן ⟨בַּר⟩ יָקִים אָמַר רִבִּי שִׁמְעוֹן בַּר יָקִים
yerushalmi	104	וְהָכָא	Jerusalem_Talmud_Sheviit.15.5	הכא	וכאן	form+w	krupnik-1927:def	correct		מָאן דְּאָמַר תַּמָּן מִפְּנֵי מַרְאִית הָעַיִן ⟨וְהָכָא⟩ מִפְּנֵי מַרְאִית הָעַיִן וּמָאן דְּאָמַר תַּמָּן
yerushalmi	105	לוֹן	Jerusalem_Talmud_Bikkurim.8.2	לונ	להם	reviewed-form	reviewed	correct		וּרְחָבָה אֶרֶץ זָבַת חָלָב וּדְבָשׁ אָמַר ⟨לוֹן⟩ אֲשֶׁר בָּהּ זָבַת חָלָב וּדְבָשׁ
yerushalmi	106	לֵיהּ	Jerusalem_Talmud_Rosh_Hashanah.17.7	pron:ליה	לו	form	grammar:pronominal	correct		שָׁמַעְתָּה מִן אָבוּךְ הָדָא מִילְּתָא אָמַר ⟨לֵיהּ⟩ כֵּן אָמַר אַבָּא בְשֵׁם רִבִּי יוֹחָנָן
yerushalmi	107	הָדָא	Jerusalem_Talmud_Nedarim.67.3	הדא	זה, זאת	form	krupnik-1927:def	correct		כִּבְנוֹלָד הֵם חֵיילֵיהּ דְּרִבִּי יוֹסֵי מִן ⟨הָדָא⟩ זוֹ טָעוּת טָעָה נַחוּם הַמָּדִי מַה
yerushalmi	108	דְּאָמַר	Jerusalem_Talmud_Shekalim.28.5	אמר	שאמר	form+d	jastrow-1903:same	correct		אַתְיָין אֵילֵּין פְּלֻגְוָותָה כְּהִינֵּין פְּלֻגְוָותָה מָאן ⟨דְּאָמַר⟩ תּוֹפְנָהּ נוֹי כְּמָאן דְּאָמַר מְטַגְּנָהּ וְאַחַר
yerushalmi	109	תַּמָּן	Jerusalem_Talmud_Sotah.5.5	תמנ	שם	reviewed-form	reviewed	correct		מִלְּפָנֶיהָ וּמִלְּאַחֲרֶיהָ וְהָכָא הוּא אָמַר הָכֵין ⟨תַּמָּן⟩ מִכָּל מָקוֹם לְמִיתָה הִיא מְתוּקֶּנֶת בְּרַם
yerushalmi	110	תַּנֵָּיי	Jerusalem_Talmud_Shabbat.91.2	תניי	תנאים	reviewed-form	reviewed	correct		וּבִלְבַד שֶׁלֹּא יִקְשׁוֹר חוֹטְמוֹ שֶׁנִּשְׁמַט אִית ⟨תַּנֵָּיי⟩ תַנֵּי מוּתָּר לְהַחֲזִיר וְאִית תַּנָּיֵי תַנֵּי
yerushalmi	111	תַּמָּן	Jerusalem_Talmud_Maaser_Sheni.3.2	תמנ	שם	reviewed-form	reviewed	correct		הלכה ⟨תַּמָּן⟩ תַּנִּינָן אֵין לוֹקְחִין עֲבָדִים וְקַרְקָעוֹת וּבְהֵמָה
yerushalmi	112	אֵילּוּ	Jerusalem_Talmud_Kiddushin.1.21	אילו	אלה	reviewed-form	reviewed	correct		לוֹן רִבִּי יוֹחָנָן בְשֵׁם רִבִּי יַנַּאי ⟨אֵילּוּ⟩ וְאֵילּוּ כַּהֲלָכָה הָיוּ עוֹשִׂין בְּדָא תַנִּינָן
yerushalmi	113	תַּנֵּי	Jerusalem_Talmud_Sheviit.37.18	תני	שנה	form	reviewed:reviewed	correct		זַבְדָּא דָּמַר שְׁמוּעָה בְשֵׁם זְעִיר מִינֵּיהּ ⟨תַּנֵּי⟩ רִבִּי יוּדָה לְחוּמְרָא הֵיךְ עֲבִידָא הָיָה
yerushalmi	114	לְהוֹן	Jerusalem_Talmud_Peah.17.5	pron:להונ	להם	form	grammar:pronominal	correct		אֱלָהֵהוֹן דִּיהוּדָאֵי דְּלָא שְׁבָקוֹן וְלָא שְׁבִיק ⟨לְהוֹן⟩
yerushalmi	115	אָמְרִין	Jerusalem_Talmud_Kiddushin.6.3	אמר	אומרים	form:pe.ptcp.mp	jastrow-1903:same	correct		קִידּוּשִׁין מֵרְשׁוּת הָאָב תַּלְמִידוֹי דְרִבִּי יוֹנָה ⟨אָמְרִין⟩ תִּיפְתָּר בְּקִידּוּשִׁים קְטַנִּים דְּלֹמָא רִבִּי חוּנָה
yerushalmi	116	אָמַר	Jerusalem_Talmud_Yevamot.19.5	אמר	אמר	form	jastrow-1903:same	correct		אָמַר חָלְצוּ צָרוֹת נִפְטְרוּ אֲחָיוֹת וְחָרָנָה ⟨אָמַר⟩ חָלְצוּ צָרוֹת לֹא נִפְטְרוּ אֲחָיוֹת
yerushalmi	117	אֵילּוּ	Jerusalem_Talmud_Bava_Metzia.79.1	אילו	אלה	reviewed-form	reviewed	correct		שְׁנֵיהֶן חוֹלְקִין בָּעֵצִים וּבָאֲבָנִים וּבֶעָפָר רוֹאִין ⟨אֵילּוּ⟩ אֲבָנִים הָרְאוּיוֹת לְהִשְׁתַּבֵּר הָיָה אֶחָד מֵהֶן
yerushalmi	118	בֵּיהּ	Jerusalem_Talmud_Taanit.36.2	pron:ביה	בו	form	grammar:pronominal	correct		מָאן דְּאָמַר חוֹתֵךְ אֲפִילוּ חוֹתֵךְ לֵית ⟨בֵּיהּ⟩ הֵתִיב רִבִּי פִלִּיפָּה בַּר פְּרִיטָה קוֹמֵי
yerushalmi	119	עַמָּא	Jerusalem_Talmud_Eruvin.41.3	עמא	העם	reviewed-form	reviewed	correct		כָּנֶגֶד רֹאשׁוֹ וְהַתַּחְתּוֹן כְּנֶגֶד רַגְלָיו כָּל ⟨עַמָּא⟩ מוֹדֵיי שֶׁמְּקַדְּימִין הָעֶלְיוֹן כָּנֶגֶד רֹאשׁוֹ וְהַתַּחְתּוֹן
yerushalmi	120	תֵּימַר	Jerusalem_Talmud_Peah.6.3	אמר	תאמר	form:pe.impf.2ms	jastrow-1903:same	correct		וְאֵינוֹ מְחוּבָּר וְאִין ⟨תֵּימַר⟩ מְחוּבָּר הוּא אֲפִילוּ שְׂדֵה הָאִילָּן מַפְסִיק
yerushalmi	121	וְהָא	Jerusalem_Talmud_Gittin.74.2	הא	וזה · והלא	form+w	krupnik-1927:def-en	correct		הָתִיב רִבִּי זְעִירָא קוֹמֵי רִבִּי יָסָא ⟨וְהָא⟩ תַנִּינָן יָצָא שְׁמָהּ בָּעִיר מְקוּדֶּשֶׁת הֲרֵי
yerushalmi	122	בַּר	Jerusalem_Talmud_Berakhot.7.14	בר	בן	form	reviewed:reviewed	correct		רִבִּי אֶלְעָזָר סְלִיק מְבַקְּרָא לְרִבִּי שִׁמְעוֹן ⟨בַּר⟩ אַבָּא אָמַר לֵיהּ בְּגִין דַּאֲנָא תָּשִׁישׁ
yerushalmi	123	נְפִיק	Jerusalem_Talmud_Yevamot.7.6	נפיק	יוצא	reviewed-form	reviewed	correct		מוּתֶּרֶת מִסָּפֵק חוֹלֶצֶת וְלֹא מִתְיַיבֶּמֶת מַה ⟨נְפִיק⟩ מִן בֵּינֵיהוֹן בָּא עַל הַשְּׁנִיָיה עַל
yerushalmi	124	חַד	Jerusalem_Talmud_Pesachim.15.6	חד	אחד	form	jastrow-1903:eq	correct		מָנָא אָמַר לֵיהּ צָרִיךְ אַתְּ לְבָעֵר ⟨חַד⟩ מִן אילֵּין דְּרִבִּי כִירַיי הֲוָה לֵיהּ
yerushalmi	125	אָמְרָה	Jerusalem_Talmud_Nedarim.35.2	אמרה	אמרה	reviewed-form	reviewed	correct		הלכה הַנּוֹדֵר מִן הַמְבוּשָּׁל כול׳ מַתְנִיתָא ⟨אָמְרָה⟩ שֶׁהַשָּׁלוּק קָרוּי מְבוּשָּׁל דְּתַנִינָן הָיָה מְבַשֵּׁל
yerushalmi	126	לֵיהּ	Jerusalem_Talmud_Shekalim.27.6	pron:ליה	לו	form	grammar:pronominal	correct		מְקַטֵּעַ מִן סוּסֵיהּ וּמַפִּיק לִבְרָא אֲמַר ⟨לֵיהּ⟩ הָדָא הִיא דְאָמַר רִבִּי יוֹחָנָן הַנִּמְצָא
yerushalmi	127	הָא	Jerusalem_Talmud_Sotah.28.2	הא	זה · הלא	form	krupnik-1927:def-en	correct		כָּאן לְרָצוֹן וְהִיא לֹא נִתְפָּשָׂה אֲסוּרָה ⟨הָא⟩ נִתְפָּשָׂה מוּתֶּרֶת וְיֵשׁ לָךְ תְּפוּסָה בְיִשְׂרָאֵל
yerushalmi	128	תֵּימָא	Jerusalem_Talmud_Bava_Metzia.56.3	אמר	תאמר	form:pe.impf.2ms	jastrow-1903:same	incorrect	the name בן תימא	זֶה הַכְּלָל שֶׁהָיָה רִבִּי יוּדָה בֶן ⟨תֵּימָא⟩ אוֹמֵר כֵּל דָּבָר שֶׁאֵיפְשָׁר לְהִתְקַיֵים וְהִתְנָה
yerushalmi	129	מָהוּ	Jerusalem_Talmud_Yevamot.105.8	מהו	מה הוא	reviewed-form	reviewed	correct		בּוֹ כָּךְ אֵינוֹ מֵימִר בְּכָל הַקֳּדָשִׁים ⟨מָהוּ⟩ שֶׁיְּהוּ חַיָיבִין עַל קֳדָשָׁיו בַּחוּץ כַּהֲנָא
yerushalmi	130	אָמְרָה	Jerusalem_Talmud_Nedarim.1.14	אמרה	אמרה	reviewed-form	reviewed	correct		כְּנִדְרֵי כְשֵׁירִים לֹא אָמַר כְּלוּם הָדָא ⟨אָמְרָה⟩ שֶׁהַכְּשֵׁירִים נוֹדְרִין וּמִכֵּיוָן שֶׁנָּדַר אֵין זֶה
yerushalmi	131	תַּנֵּי	Jerusalem_Talmud_Gittin.65.7	תני	שנה	form	reviewed:reviewed	correct		אָמַר רִבִּי זְעִירָא ⟨תַּנֵּי⟩ שִׁילָא בַּר בִּינָה כָּל שֶׁאִילּוּ בִתְנַיי
yerushalmi	132	אָמַר	Jerusalem_Talmud_Demai.33.3	אמר	אמר	form	jastrow-1903:same	correct		כְדוֹן תִּיפְתָּר כְּרִבִּי מֵאִיר דְּרִבִּי מֵאִיר ⟨אָמַר⟩ הַמּוֹהֵל כְּמַשְׁקֶה
yerushalmi	133	אָמַר	Jerusalem_Talmud_Orlah.1.20	אמר	אמר	form	jastrow-1903:same	correct		בְבִיכּוּרִין וְאָמַר שָׁרָשִׁין אֵין בָּהֶן מַמָּשׁ ⟨אָמַר⟩ רִבִּי זְעִירָא הֵן דְּתֵימַר שׁוֹרָשִׁין אֵין
yerushalmi	134	הָכֵין	Jerusalem_Talmud_Sanhedrin.77.12	הכינ	כך	reviewed-form	reviewed	correct		שָׁנָה אֲמַר לֵיהּ כְּדוֹן אָמְרִית לֵיהּ ⟨הָכֵין⟩ וּכְדוֹן אֲנָא מֵימַר לֵיהּ הָכֵין אֲמַר
yerushalmi	135	גַּרְמֵיהּ	Jerusalem_Talmud_Kilayim.12.4	גרמיה	עצמו	reviewed-form	reviewed	correct		לְנַכֵּשׁ רִבִּי יַעֲקֹב בַּר אָחָא בְשֵׁם ⟨גַּרְמֵיהּ⟩ בְּשֶׁהֶעֱלָת לְזֶרַע אָמַר רִבִּי יוֹסֵי וְכִי
yerushalmi	136	דָמַר	Jerusalem_Talmud_Yevamot.1.25	דמר	שאמר	reviewed-form	reviewed	correct		בְשֵׁם רִבִּי בָּא בַּר מָמָל מַה ⟨דָמַר⟩ אַסִּי כְּרִבִּי מֵאִיר דְּרִבִּי מֵאִיר אָמַר
yerushalmi	137	עַמָּא	Jerusalem_Talmud_Bikkurim.1.6	עמא	העם	reviewed-form	reviewed	correct		לוֹ שָׂדֶה וְשִׁיֵיר לוֹ שְׁבִיל כָּל ⟨עַמָּא⟩ מוֹדֵיי שֶׁשִּׁיֵיר לוֹ עַד הַתְּהוֹם
yerushalmi	138	אָמַר	Jerusalem_Talmud_Shekalim.11.4	אמר	אמר	form	jastrow-1903:same	correct		הַכּוּס מָזוּג בְּכַמָּה ⟨אָמַר⟩ רִבִּי יוּסֵי בַּר בֵּיבִין מִשּׁוּם רִבִּי
yerushalmi	139	אָמַר	Jerusalem_Talmud_Chagigah.1.9	אמר	אמר	form	jastrow-1903:same	correct		לָמַד רִבִּי יוֹחָנָן כְּמַה דְרִבִּי יוֹחָנָן ⟨אָמַר⟩ תַּמָּן פֶּסַח שֵׁינִי תַשְׁלוּמִין לָרִאשׁוֹן כֵּן
yerushalmi	140	הֲוִינָן	Jerusalem_Talmud_Moed_Katan.11.3	הוה	אנו הווים	form:pe.ptcp.1pl	reviewed:reviewed	incorrect	'we used to (find)' — past habitual	אִילּוּ תַנִּינָן וְלָא תַנָּא רִבִּי חִיָיה ⟨הֲוִינָן⟩ אָמְרִין לָא אֲמָרָן אֵלָּא מִי שְׁהָפְכָן
yerushalmi	141	אָמַר	Jerusalem_Talmud_Beitzah.3.3	אמר	אמר	form	jastrow-1903:same	correct		אֵין דֶּרֶךְ בְּנֵי אָדָם לִטְעוֹת בָּהּ ⟨אָמַר⟩ לֵיהּ אִם אוֹמֵר אַתְּ כֵּן אַף
yerushalmi	142	לוֹן	Jerusalem_Talmud_Sheviit.35.5	לונ	להם	reviewed-form	reviewed	correct		הֶחָדָשׁ מוּתָּר חָמְתוֹן סְמִיכִין עֲלוֹי אָמַר ⟨לוֹן⟩ אֲנִי לֹא אָמַרְתִּי אֶלָּא בְּמוּרְכָנִין אָמַר
yerushalmi	143	אָמַר	Jerusalem_Talmud_Taanit.37.2	אמר	אמר	form	jastrow-1903:same	correct		בִּשְׁעַת קָרְבָּן וְעוֹד מִן הָדָא דְתַנֵּי ⟨אָמַר⟩ רִבִּי לְעָזָר בֵּירִבִּי יוֹסֵי אָנוּ הָיִינוּ
yerushalmi	144	אָמַר	Jerusalem_Talmud_Yoma.28.8	אמר	אמר	form	jastrow-1903:same	correct		הוּא עוֹבֵר חֲבֵרַיָיא אָמְרֵי עַל הָאַחֲרוֹנָה ⟨אָמַר⟩ לֹו רִבִּי יוֹסֵי אוֹמֵר לֹו הִיכָּנֵס
yerushalmi	145	מָהוּ	Jerusalem_Talmud_Chagigah.8.7	מהו	מה הוא	reviewed-form	reviewed	correct		⟨מָהוּ⟩ לְהַתִּיר בְּפֶלֹנֶיס רִבִּי אַבָּהוּ בְשֵׁם רִבִּי
yerushalmi	146	חַבְרֵיהּ	Jerusalem_Talmud_Shabbat.38.5	חבריה	חבירו	reviewed-form	reviewed	correct		חַבְרֵיהּ חַד חֲשַׁשׁ אוּדְנֵיהּ וְהוֹרֵי לֵיהּ ⟨חַבְרֵיהּ⟩ וְלָא יָדְעִין מָה אֲמַר דָא וּמָה
yerushalmi	147	שְׁמִיעַ	Jerusalem_Talmud_Kiddushin.30.9	שמיע	שמע	reviewed-form	reviewed	correct		אָמַר לֵיהּ בְּרִיךְ רַחֲמָנָא דְּלָא הֲוֵינָא ⟨שְׁמִיעַ⟩ הָדֵין אוּלְפָנָא אִילּוּ הֲוֵינָא שְׁמִיעַ הָדֵין
yerushalmi	148	תַּנִּי	Jerusalem_Talmud_Berakhot.47.7	תני	שנה	form	reviewed:reviewed	correct		⟨תַּנִּי⟩ מַיִם שֶׁלִּפְנֵי הַמָּזוֹן רְשׁוּת וְשֶׁל אַחַר
yerushalmi	149	אֲמַר	Jerusalem_Talmud_Avodah_Zarah.57.11	אמר	אמר	form	jastrow-1903:same	correct		בַּשַּׂק יִדָּלֵק הַשַּׂק אֲמַר לֵיהּ אִילּוּ ⟨אֲמַר⟩ תַּנָּא קַמָּן אִיתְיָיהִיבַת יְאוּת
zohar	0	יומין	Zohar.1529.9	יומינ	ימים	reviewed-form	reviewed	correct		יומין כחשבן שנה אית בה שס"ה ⟨יומין⟩ כחושבן שס"ה לא תעשה ואיהו ע"ד
zohar	1	בקיומא	Zohar.1216.4	בקיומא	בקיום	reviewed-form	reviewed	correct		חילא כתיב ירצה לקרבן אשה ליהו"ה ⟨בקיומא⟩ דשבת חד דאעבר עליה
zohar	2	דכתיב	Zohar.1525.7	דכתיב	שכתוב	reviewed-form	reviewed	correct		דאמרו עלייהו ג' קדושות הדא הוא ⟨דכתיב⟩ והתקדשתם והייתם קדושים והתקדשתם אלו מים
zohar	3	עלאה	Zohar.918.6	עילאה	עליון	form	krupnik-1927:def	correct		בכל שעתא נהרין צדיקיא מההוא זיוא ⟨עלאה⟩ אבל בכל שבתא ושבתא ובכל ריש
zohar	4	דדינא	Zohar.1230.10	דינא	של דין ומשפט	form+d	krupnik-1927:def	correct		וכסי ואנעל פתחא על מלכא אתר ⟨דדינא⟩ שריא למתבע דינא על עלמא
zohar	5	ליה	Zohar.1098.16	pron:ליה	לו	form	grammar:pronominal	correct		אמר מלכא אפיקו ההוא דורונא והבו ⟨ליה⟩ לכלבא דלאו איהו כדאי לאעלא קמאי
zohar	6	שכינתא	Zohar.1458.13	שכינתא	שכינה	reviewed-form	reviewed	correct		אלא כד יפקון ישראל מן גלותא ⟨שכינתא⟩ נפקא עמהון ועמה יפקון הדא הוא
zohar	7	איהו	Zohar.655.4	איהו	הוא	form	krupnik-1927:def	correct		האויב תמו חרבות לנצח ובגין דיעקב ⟨איהו⟩ תאומים אתיהיבת אורייתא לבנוי בחדש תאומים
zohar	8	דא	Zohar.1553.3	דא	זו	form	jastrow-1903:eq	correct		ויסתלק מניה ולא שריא עלוי ועל ⟨דא⟩ בעי לאשתדלא באורייתא יממא ולילי ולא
zohar	9	מיא	Zohar.558.3	מיא	מים	reviewed-form	reviewed	correct		כל מיא דעאלין ביה ולבתר נפקין ⟨מיא⟩ בתוקפא דדרום ואשקי ית כל חיות
zohar	10	איהי	Zohar.1547.15	איהי	היא	form	krupnik-1927:def	correct		עולם חסד יבנה אבל מבינה ולעילא ⟨איהי⟩ מנוחה וענג ושביתה לכל עובדא
zohar	11	דא	Zohar.1015.1	דא	זו	form	jastrow-1903:eq	correct		ועל דא דרגין פרישין דא מן ⟨דא⟩ זכאין אינון צדיקייא דנטלי ארח מישר
zohar	12	אמר	Zohar.1445.16	אמר	אמר	form	jastrow-1903:same	correct		עד דהוו אזלי ⟨אמר⟩ רבי אבא הא תנינן על חד
zohar	13	דאיהי	Zohar.1086.2	דאיהי	שהיא	reviewed-form	reviewed	correct		בכל אתר כמה דאוקמוה אבל עולה ⟨דאיהי⟩ רזא דקדש הקדשים לאו איהי כשאר
zohar	14	כגוונא	Zohar.745.4	כגוונא	כמו	reviewed-form	reviewed	correct		לבתר אפיקת בן תחותיה דאיהו ו' ⟨כגוונא⟩ דא ה' לבתר אולידת ואפיקת האי
zohar	15	כגוונא	Zohar.808.5	כגוונא	כמו	reviewed-form	reviewed	correct		בבר נש כתיב עשיתיו למהוי איהו ⟨כגוונא⟩ דההוא כבוד עלאה דמתקן ובריך לכבוד
zohar	16	ודא	Zohar.118.2	ודא	וזה	reviewed-form	reviewed	correct		ורבי זרעין והוא כדין נייחא לכלא ⟨ודא⟩ נייחא ליה לגנתא ודא עביד נייחא
zohar	17	דרגין	Zohar.987.3	דרגינ	דרגות	reviewed-form	reviewed	correct		והאי יניק לההוא נחש עקלתון וכלהו ⟨דרגין⟩ אחרנין דאתאחדן בהאי סטרא אקרון גוהרקי
zohar	18	מהאי	Zohar.1559.4	האי	מזה, זאת	form+m	krupnik-1927:def	correct		ועל דא ⟨מהאי⟩ תלייא רצועה חד לתתא דהא מנה
zohar	19	ולבתר	Zohar.199.3	ולבתר	ואחר כך	reviewed-form	reviewed	correct		לון לבני מסאבא דסאיבו גרמייהו ורוחייהו ⟨ולבתר⟩ אתדבק בהו ואיהו נזקא כחד מאינון
zohar	20	דאמר	Zohar.300.3	אמר	שאמר	form+d	jastrow-1903:same	correct		מילך לא יהון לבטלה אמינא הא ⟨דאמר⟩ רבי שמעון דמלין אלין כלהו ברזא
zohar	21	מאן	Zohar.583.8	מאנ	מי	reviewed-form	reviewed	correct		תרין לבתר עבד מאנא רברבא כגון ⟨מאן⟩ דעבד נ"א דחפר חפירא רברבא ואתמלי
zohar	22	עלאה	Zohar.75.7	עילאה	עליון	form	krupnik-1927:def	correct		איהו לעילא וכל אלין אינון ברזא ⟨עלאה⟩ בגין דכל הני היכלין אית בהו
zohar	23	ואיהו	Zohar.875.6	איהו	והוא	form+w	krupnik-1927:def	correct		תהלים קמה ג אנן בני הגדול ⟨ואיהו⟩ גדול ודאי למען שמי יכבד יהו"ה
zohar	24	הדא	Zohar.738.2	הדא	זה, זאת	form	krupnik-1927:def	correct		ישראל בימינא ולבתר לאוקדא קש בשמאלא ⟨הדא⟩ הוא דכתיב עובדיה א יח והיה
zohar	25	האי	Zohar.361.6	האי	זה, זאת	form	krupnik-1927:def	correct		ארחי דאורייתא למהך בהו תא חזי ⟨האי⟩ קרא רזא עלאה איהו הנה ישכיל
zohar	26	בתר	Zohar.1339.1	בתר	אחר	reviewed-form	reviewed	correct		ודא דנטיל ⟨בתר⟩ זמניה נחית מעילא לתתא בגין כך
zohar	27	לון	Zohar.1476.1	לונ	להם	reviewed-form	reviewed	correct		עמין ודאי הכי הוא דישראל עבד ⟨לון⟩ קב"ה לבא דכל עלמא והכי אינון
zohar	28	לון	Zohar.163.3	לונ	להם	reviewed-form	reviewed	correct		אסתכי ועביד עבידן בקדמיתא בגין לסלקא ⟨לון⟩ לבתר יומין תא חזי אלמלא דאנסיבת
zohar	29	תריסר	Zohar.491.3	תריסר	שנים עשר	form	krupnik-1927:def	correct		כגוונא דעלמא עלאה ואתתקן לתתא בהני ⟨תריסר⟩ שבטין כגוונא דלעילא ועל דא שכינתא
zohar	30	הכא	Zohar.202.8	הכא	כאן	form	krupnik-1927:def	correct		מה דלא נחת באלין דאברהם נחת ⟨הכא⟩ בלחודוי לבשרא למנוח דאתי מדן
zohar	31	עלמא	Zohar.1003.2	עלמא	עולם	form	krupnik-1927:def	correct		תחות האי חיוותא קיימי לארבע סטרי ⟨עלמא⟩ אלין ארבעה קיימי לארבע סטרי עלמא
zohar	32	ובכלא	Zohar.1134.16	rev:בכלא	ובכל	form+w	reviewed:reviewed-base	correct		מלאים כל טוב בממונא בכספא ובדהבא ⟨ובכלא⟩ כמה דאת אמר כִּי טוּב כׇּל
zohar	33	הוה	Zohar.1421.4	הוה	היה	form	reviewed:reviewed	correct		הכי דלא אתבהיל בדעתיה ויימא דלא ⟨הוה⟩ כגיניה בעלמא אלא ההוא רשע משבח
zohar	34	בשעתא	Zohar.512.6	שעתא	בשעה	form+b	jastrow-1903:eq	correct		מעפרא ווי למאן דיערע תמן קמיה ⟨בשעתא⟩ דיימא ישעיה נב ב התנערי מעפר
zohar	35	שכינתא	Zohar.377.7	שכינתא	שכינה	reviewed-form	reviewed	correct		יהו"ה את יוסף ובגין דהות עמיה ⟨שכינתא⟩ בכל מה דהוה עביד הוה מצלח
zohar	36	עלמא	Zohar.338.2	עלמא	עולם	form	krupnik-1927:def	correct		ליה ואיהו מסאב וסאבין ליה בהאי ⟨עלמא⟩ ובההוא עלמא והא אתמר ובשעתא דאתי
zohar	37	דעלמא	Zohar.479.2	עלמא	של עולם	form+d	krupnik-1927:def	correct		סמיך ואי תימא דביה תלייא סעידו ⟨דעלמא⟩ בלחודוי לאו הכי דהא ליליא בלא
zohar	38	שעתא	Zohar.1032.1	שעתא	שעה	form	jastrow-1903:eq	correct		ומכל זנונים נוכראין דאינון מתיקין לפום ⟨שעתא⟩ ווי לסופייהו כמה דכתיב שם ה
zohar	39	ואיהי	Zohar.256.3	איהי	והיא	form+w	krupnik-1927:def	correct		ירושלם כל ארעא דישראל אתכפל תחותה ⟨ואיהי⟩ קיימא לעילא ותתא כגוונא דא ירושלם
zohar	40	תריסר	Zohar.515.5	תריסר	שנים עשר	form	krupnik-1927:def	correct		ויהא גניז בההוא נהירו דק"ן צפו"ר ⟨תריסר⟩ ירחי בתר תריסר ירחי יזדקף ההוא
zohar	41	השתא	Zohar.715.5	השתא	עכשיו	form	reviewed:reviewed	correct		אני אני אני אמית ואחיה עד ⟨השתא⟩ מותא הות מסטרא אחרא מכאן ולהלאה
zohar	42	אינון	Zohar.851.18	pron:אינונ	הם	form	grammar:pronominal	correct		ומתחדשן בקדמיתא וקמו ס"י קמו כל ⟨אינון⟩ שיתא בגין דכתיב ברא ולבתר כתיב
zohar	43	לבושא	Zohar.1383.16	לבושא	לבוש	reviewed-form	reviewed	correct		דבגדו' משקרי דגרמייהו ובגד בוגדים בגדו ⟨לבושא⟩ דלהון בלא ציצית אקרי בגד בוגדים
zohar	44	דא	Zohar.909.4	דא	זו	form	jastrow-1903:eq	correct		ביומא דא היינו אל אדון ותושבחתא ⟨דא⟩ איהו ברזא דעשרין ותרין אתוון עלאין
zohar	45	דמלכא	Zohar.1348.27	דמלכא	של המלך	reviewed-form	reviewed	correct		יודע באינון טפשאי דלא ידעי ביקרא ⟨דמלכא⟩ עלאה ולא מסתכלי באורייתא
zohar	46	עמיה	Zohar.177.2	pron:עמיה	עמו	form	grammar:pronominal	correct		עד לא אתגזר מלוי לא הוה ⟨עמיה⟩ אלא במחזה כמה דאתמר תא חזי
zohar	47	דכתיב	Zohar.1240.8	דכתיב	שכתוב	reviewed-form	reviewed	correct		ברזא דמהימנותא יתיב בסוכה כמה דאוקימנא ⟨דכתיב⟩ כל האזרח בישראל ישבו בסכות שם
zohar	48	עלמא	Zohar.161.5	עלמא	עולם	form	krupnik-1927:def	correct		ונשמ"ה ונשמת"א לנשמתא כד נפקא מהאי ⟨עלמא⟩ ואתפרשת מנפש אתפרשן י"ה אסתלק לגנתא
zohar	49	ליה	Zohar.231.7	pron:ליה	לו	form	grammar:pronominal	correct		עאלו קמיה כל בני מתא אמרו ⟨ליה⟩ לימא לן מר מלייא דאורייתא בפרשתא
zohar	50	דעדן	Zohar.143.4	דעדנ	של עדן	reviewed-form	reviewed	correct		קב"ה אתי לאשתעשעא עם צדיקיא בגנתא ⟨דעדן⟩ והוא וכל צדיקיא דבגנתא כלהו צייתין
zohar	51	אקרי	Zohar.1375.11	אקרי	נקרא	reviewed-form	reviewed	correct		ביום ההוא יומא בתראה הוא אמאי ⟨אקרי⟩ יום ההוא אלא דא הוא יומא
zohar	52	אמר	Zohar.1142.16	אמר	אמר	form	jastrow-1903:same	correct		וכלהו נגדין ואתמשכן מניה כמה דאת ⟨אמר⟩ מקולות מים רבים תהלים צג ד
zohar	53	אינון	Zohar.260.2	pron:אינונ	הם	form	grammar:pronominal	correct		ירחי משתככי בההוא אתר דאתחזי לון ⟨אינון⟩ נשמתין דזכו סלקי לעילא כמה דאתמר
zohar	54	לזמנא	Zohar.1440.8	rev:זמנא	לפעם	form+l	reviewed:reviewed-base	correct		גבעה' דלתתא ברה דאתכליל בה אצטריך ⟨לזמנא⟩ דאתי כד ייתי מלכא משיחא לנטלא
zohar	55	לגו	Zohar.61.3	לגו	לתוך	reviewed-form	reviewed	correct		לא תקרב בר אינון דאתחזון לשמשא ⟨לגו⟩ לון אתיהיב רשותא לאעלאה לשמשא ולקרבא
zohar	56	חזי	Zohar.396.4	phrase	בוא וראה	phrase	reviewed	correct		תא ⟨חזי⟩ בשעתא דדינא בישא שלטא לא אתיב
zohar	57	דלהון	Zohar.1416.17	דלהונ	שלהם	reviewed-form	reviewed	correct		או תרין לפום שעתא בלא כוונה ⟨דלהון⟩ מובטח בר נש בדא דיזכי למילף
zohar	58	בישא	Zohar.1456.14	בישא	רע	reviewed-form	reviewed	correct		מאן דאעבר בריה בשוקא ומסתפי מעינא ⟨בישא⟩ יחפי סודרא על רישיה בגין דלא
zohar	59	ביתא	Zohar.1475.8	ביתא	בית	form	krupnik-1927:def	correct		אי לקרתא כתיב הכי כל שכן ⟨ביתא⟩ דאיהו דיורא דיליה ועובדא דא הוי
zohar	60	כגוונא	Zohar.75.7	כגוונא	כמו	reviewed-form	reviewed	correct		בגין דכל הני היכלין אית בהו ⟨כגוונא⟩ דלעילא ואית בהו כגוונא דלתתא למהוי
zohar	61	בגין	Zohar.477.3	בגינ	בגלל · לפי, משום	form	krupnik-1927:def	correct		אל משה הכא אל"ף זעירא אמאי ⟨בגין⟩ דהאי קריאה לא הוה בשלימו מאי
zohar	62	מנהון	Zohar.997.2	pron:מנהונ	מהם	form	grammar:pronominal	correct		חושבנא וכלהו קיימי תחות אלין אופנים ⟨מנהון⟩ קיימי על שירתא ומנהון שליחן על
zohar	63	דקיימא	Zohar.989.1	דקיימא	שעומדת	reviewed-form	reviewed	correct		ואי לא זכאת ההוא ממנא אחרא ⟨דקיימא⟩ בסטרא אחרא זמין וכמה אלף ורבבן
zohar	64	דלעילא	Zohar.143.6	עילא	של לחמור צעיר	form+dl	krupnik-1927:def	incorrect	'of above' — split as ד+ל+עילא 'young ass'	לאתחזאה בהאי אבן כדקא יאות לגבי ⟨דלעילא⟩
zohar	65	לון	Zohar.589.5	לונ	להם	reviewed-form	reviewed	correct		מישראל כל אינון דמיתו ולא גרים ⟨לון⟩ לישראל כל מה דגרים ותא חזי
zohar	66	תריסר	Zohar.964.4	תריסר	שנים עשר	form	krupnik-1927:def	correct		ומדיד וכן בכל אינון משחתי ס"א ⟨תריסר⟩ אלפין אמין אתפשט קו משחתא ואתגליא
zohar	67	תימא	Zohar.758.3	אמר	תאמר	form:pe.impf.2ms	jastrow-1903:same	correct		ואי ⟨תימא⟩ אי הכי הא תנינן דכל אינון
zohar	68	אתכליל	Zohar.485.4	כלל	נכנס לחופה	form:itpa.perf.3ms	krupnik-1927:def	incorrect	'was included'	אתכליל מכלא תא חזי מלכו דלעילא ⟨אתכליל⟩ מכלא ויהודה איהו מלכו תתאה כמה
zohar	69	ליה	Zohar.895.8	pron:ליה	לו	form	grammar:pronominal	correct		ב יא וכי באן אתר אמר ⟨ליה⟩ אלא בשעתא דברא קודשא בריך הוא
zohar	70	ביה	Zohar.523.5	pron:ביה	בו	form	grammar:pronominal	correct		קודשא אסתכל וחמא ובגין כך אסתכל ⟨ביה⟩ וקטל ליה וקודשא בריך הוא סבב
zohar	71	דמלכא	Zohar.16.6	דמלכא	של המלך	reviewed-form	reviewed	correct		ג יומא קדישא מאינון יומין עלאין ⟨דמלכא⟩ משבחין לון לחברייא ואמרין ההיא מלה
zohar	72	ליחדא	Zohar.1097.14	ליחדא	לייחד	reviewed-form	reviewed	correct		ממנן על שבחא דתושבחתא דמלכא קדישא ⟨ליחדא⟩ ליה יחודא שלים כדקא יאות
zohar	73	האי	Zohar.1185.5	האי	זה, זאת	form	krupnik-1927:def	correct		תנינן ⟨האי⟩ צדיקא דאשתדל באורייתא יממא וליליא קב"ה
zohar	74	עאל	Zohar.87.2	עאל	נכנס	reviewed-form	reviewed	correct		ותרי משמאלא כד רוחא דחיותא האי ⟨עאל⟩ באלין נציץ מנייהו תרי ניצוצין מלהטן
zohar	75	אמרי	Zohar.1400.10	אמר	אומרים	form:pe.ptcp.mp	jastrow-1903:same	correct		לאנפקא מיין לכלא ולאתשקאה מנך וכן ⟨אמרי⟩ תושבחתא דהאי באר באר חפרוה שרים
zohar	76	דלהון	Zohar.340.4	דלהונ	שלהם	reviewed-form	reviewed	correct		רמ"ח מלאכין דאתלבשת בהון שכינתא ושמא ⟨דלהון⟩ כשמא דמאריהון ואית בבר נש שס"ה
zohar	77	תימא	Zohar.324.5	אמר	תאמר	form:pe.impf.2ms	jastrow-1903:same	correct		ואי ⟨תימא⟩ עלמא דלעילא מאן איהו והא איהו
zohar	78	מהאי	Zohar.1291.27	האי	מזה, זאת	form+m	krupnik-1927:def	correct		⟨מהאי⟩ מצחא נהרין ארבע מאה בתי דינין
zohar	79	ומאינון	Zohar.545.6	pron:אינונ	ומהם	form+wm	grammar:pronominal	correct		אינון אבהן דכלהו עלמין אבהן דכלא ⟨ומאינון⟩ נפקין זהב וכסף ונחשת וברזל ותחות
zohar	80	מאי	Zohar.404.3	מאי	מה	reviewed-form	reviewed	correct		בההוא בעותא גרים ליה למחלת לב ⟨מאי⟩ מחלה לב דא איהו מאן דקאים
zohar	81	שמשא	Zohar.264.6	שמשא	חמה, שמש	form	krupnik-1927:def	correct		שמשא איהו לסטר מזרח כיון דנטה ⟨שמשא⟩ ונחתא לסטר מערב הא כדין איהו
zohar	82	סתים	Zohar.835.5	סתימ	סתום	reviewed-form	reviewed	correct		עתיקא דעתיקי ועל דא איהי בארח ⟨סתים⟩ ובטובו ולא מטובו ובטובו דא ימינא
zohar	83	אוקמוה	Zohar.1170.8	אוקמוה	ביארוה	reviewed-form	reviewed	correct		קהלת ט יד עיר קטנה הא ⟨אוקמוה⟩ אבל עיר קטנה כמה דאת אמר
zohar	84	דא	Zohar.627.2	דא	זו	form	jastrow-1903:eq	correct		דהא לאו ארחוי דצור בכך ועל ⟨דא⟩ בצור עלאה אפיק מיא מאתר דלתתא
zohar	85	בישא	Zohar.1088.1	בישא	רע	reviewed-form	reviewed	correct		ותוקפא דיליה לתברא חילא דתוקפא אחרא ⟨בישא⟩ מעלמא
zohar	86	אינון	Zohar.807.2	pron:אינונ	הם	form	grammar:pronominal	correct		מים ⟨אינון⟩ מימינא ואיהו חדוה מיד יהיב לשמאלא
zohar	87	קיומא	Zohar.335.4	קיומא	קיום	reviewed-form	reviewed	correct		קיומא דעילא ותתא וקיומא דיעקב איהו ⟨קיומא⟩ שלים יתיר מכלהו ובגין כך בשעתא
zohar	88	לבר	Zohar.296.5	לבר	לחוץ	reviewed-form	reviewed	correct		כי בא השמש לאחזאה דאסיר ליה ⟨לבר⟩ נש לשמשא ערסיה ביומא ויקח מאבני
zohar	89	כחדא	Zohar.864.7	כחדא	יחד	reviewed-form	reviewed	correct		חירו עלאה חירו תתאה שמטה ויובל ⟨כחדא⟩ אינון
zohar	90	ובגין	Zohar.1347.9	בגינ	ובגלל · ולפי, משום	form+w	krupnik-1927:def	correct		אי הוה שכיח בארעא אי לאו ⟨ובגין⟩ כך אמר היש בה עץ אם
zohar	91	ורזא	Zohar.490.6	ורזא	וסוד	reviewed-form	reviewed	correct		⟨ורזא⟩ דכלא צדיק איהו יסודא דלעילא ואיהו
zohar	92	ובגין	Zohar.1546.9	בגינ	ובגלל · ולפי, משום	form+w	krupnik-1927:def	correct		סלקין ונחתין דאינון תליין מן יהוה ⟨ובגין⟩ דא כל קרבנין ועלוון אינון ליהוה
zohar	93	לון	Zohar.65.6	לונ	להם	reviewed-form	reviewed	correct		בגין דנחלין ומבועין ונהרין כולהו נטיל ⟨לון⟩ ואיהו מקורא דכלא ואיהו נטיל כלא
zohar	94	וכתיב	Zohar.533.5	וכתיב	וכתוב	reviewed-form	reviewed	correct		א ב אהבתי אתכם אמר יהו"ה ⟨וכתיב⟩ שם ג ואת עשו שנאתי מהו
zohar	95	הכי	Zohar.675.7	הכי	כן	form	krupnik-1927:def	correct		אבהן וכל בנין ינקין מה דלאו ⟨הכי⟩ בכל שאר חגין וזמנין בהדין יומא
zohar	96	רזא	Zohar.964.6	רזא	סוד	reviewed-form	reviewed	correct		ד"ל ולגו בחשבן ל"ב ודא איהו ⟨רזא⟩
zohar	97	כחדא	Zohar.1095.19	כחדא	יחד	reviewed-form	reviewed	correct		חד לדינא וחד לרחמי כד מזדווגי ⟨כחדא⟩ בזווגא חד כדין ציון אקרי וציון
zohar	98	ביה	Zohar.1012.1	pron:ביה	בו	form	grammar:pronominal	correct		יצחק וכלהו שבעין ותרין נהורין דכלילן ⟨ביה⟩ דמנייהו אתגזרו כל דינין דעלמא דלתתא
zohar	99	קאמר	Zohar.846.9	אמר	אומר	form:pe.ptcp.ms+q	jastrow-1903:same	correct		אמר רבי שמעון שפיר ⟨קאמר⟩ רבי אבא דאמר ושב יעקב ושקט
zohar	100	אתא	Zohar.1114.8	אתא	בא	form	krupnik-1927:def	correct		דהאי תרומה' יתקשר ב'משפט' ויזדווגון כחדא ⟨אתא⟩ שלמה וזווג לון כחדא וקיימא סיהרא
zohar	101	הא	Zohar.793.8	הא	זה · הלא	form	krupnik-1927:def-en	correct		ועצי שטים ⟨הא⟩ אוקימנא דאינון שרפים עומדים כמה דאת
zohar	102	כתיב	Zohar.1153.13	כתיב	כתוב	reviewed-form	reviewed	correct		שם איוב מ ב ועל דא ⟨כתיב⟩ זה הים גדול ורחב ידים וגו'
zohar	103	דלא	Zohar.1206.4	דלא	שלא	reviewed-form	reviewed	correct		נגיד ונפיק ושרי עלוי רוח אחרא ⟨דלא⟩ אצטריך דסטי ליה לבר נש לסטר
zohar	104	ודא	Zohar.1363.11	ודא	וזה	reviewed-form	reviewed	correct		אבוה מכאן ואמיה מכאן ואיהו בינייהו ⟨ודא⟩ כד איהו אחרי יהוה
zohar	105	רביעאה	Zohar.1524.13	רביעאה	רביעי	form	krupnik-1927:def	correct		⟨רביעאה⟩ למהוי על פתוריה דברי תורה דלא
zohar	106	דהא	Zohar.1471.2	דהא	שהרי	reviewed-form	reviewed	correct		לכאן ולכאן ולכל סטרין כנהורא דשרגא ⟨דהא⟩ נר יהוה נשמת אדם כתיב וכתיב
zohar	107	אמר	Zohar.270.7	אמר	אמר	form	jastrow-1903:same	correct		⟨אמר⟩ רבי יצחק אנא הוינא קמיה דרבי
zohar	108	הוה	Zohar.707.5	הוה	היה	form	reviewed:reviewed	correct		דא ליה זכאה חולקיה דיהודה בקדמיתא ⟨הוה⟩ גור לבתר אריה דקא אתגבר ואתפשט
zohar	109	אינון	Zohar.1026.2	pron:אינונ	הם	form	grammar:pronominal	correct		דאיהו מההוא סטרא דאל נכר וכל ⟨אינון⟩ דמחבלי ארחייהו בדא ומשקרי באת קיימא
zohar	110	ותרין	Zohar.1186.16	תרינ	ושנים	form+w	krupnik-1927:def	correct		אנא אוליד לבעתותא מיד אתפרש מאתתיה ⟨ותרין⟩ רוחין נוקבין הוו אתיין ואזדווגן עמיה
zohar	111	צלותא	Zohar.671.2	צלותא	תפלה	form	krupnik-1927:def	correct		יהו"ה ישפוך שיחו כל צלותא דישראל ⟨צלותא⟩ וצלותא דעני עלאה מכלהו מאי טעמא
zohar	112	לון	Zohar.1475.7	לונ	להם	reviewed-form	reviewed	correct		אינון ומדארגיזו קמיה במדברא מיתו ואכנס ⟨לון⟩ קב"ה לבנייהו בארעא אליפו עובדיהון וביתא
zohar	113	דלהון	Zohar.1413.1	דלהונ	שלהם	reviewed-form	reviewed	correct		נטלו עיטא בהדי נשיאה ⟨דלהון⟩ דיפקיר ברתיה דחשיבו לנטלא למשה ברשתיהון
zohar	114	בגין	Zohar.309.6	בגינ	בגלל · לפי, משום	form	krupnik-1927:def	correct		דאחלף דרגין עלאין דלעילא דרגא דקודשא ⟨בגין⟩ דרגא דמסאבא כמה דהרהורא דיליה עביד
zohar	115	שעתא	Zohar.183.5	שעתא	שעה	form	jastrow-1903:eq	correct		תאנא אמר רבי אלעזר בתחלת ⟨שעתא⟩ קמייתא בליליא כד נשף יממא ועאל
zohar	116	הות	Zohar.1071.4	הוה	היתה	form:pe.perf.3fs	reviewed:reviewed	correct		וכד קם אדם ⟨הות⟩ נוקבתיה תקועה בסטרוי וההיא נשמתא קדישא
zohar	117	יומא	Zohar.936.9	יומא	יום	form	krupnik-1927:def	correct		זוהמא מעלמא דאיהו תקונא דכלא בכל ⟨יומא⟩ ויומא כגוונא דההוא קרבנא חביבא דאתרעי
zohar	118	בינייהו	Zohar.1629.1	pron:בינייהו	ביניהם	form	grammar:pronominal	correct		דישראל דבכל אתר דאינון הוו קב"ה ⟨בינייהו⟩ דכתיב לא מאסתים ולא געלתים לכלותם
zohar	119	דא	Zohar.1276.10	דא	זו	form	jastrow-1903:eq	correct		כהן הדיוט לגבי מאריה ועם כל ⟨דא⟩ דהדיוט איהו אצל מאריה מלך דחיות
zohar	120	דרגא	Zohar.1526.8	דרגא	מדרגה	form	krupnik-1927:def	correct		שיר דלוים אבתרייהו מסטרא דגבורה והוד ⟨דרגא⟩ דדוד אתקשר בשמאלא ואהרן דדרגא דיליה
zohar	121	דיוקנא	Zohar.25.3	דיוקנא	דיוקן	form	jastrow-1903:same	correct		ומאן דאתמנע מפריה ורביה כביכול אזעיר ⟨דיוקנא⟩ דכליל כל דיוקנין וגרים לההוא נהר
zohar	122	כדקא	Zohar.995.2	phrase	כראוי	phrase	reviewed	correct		חתימין דכל פתקין דכיון דפתקין אתתקנן ⟨כדקא⟩ יאות חד שמשא זמין גזריא"ל שמיה
zohar	123	ליה	Zohar.499.7	pron:ליה	לו	form	grammar:pronominal	correct		ידוי ומברך והא אמרן דבעי לנטלא ⟨ליה⟩ בימינא ס"א ולא בשמאלא ובשמאלא ואף
zohar	124	מיא	Zohar.322.1	מיא	מים	reviewed-form	reviewed	correct		פראים צמאם ובההוא אתר דמתכנשי תמן ⟨מיא⟩ כלהו אתיין לאשקאה מניה
zohar	125	דהא	Zohar.780.9	דהא	שהרי	reviewed-form	reviewed	correct		ההיא קליפה תקיפא לא שלטא עלייהו ⟨דהא⟩ לא אתמשכו אבתריה בהאי עלמא דהא
zohar	126	עלאה	Zohar.413.4	עילאה	עליון	form	krupnik-1927:def	correct		אחר יהו"ה בחכמה יסד ארץ עלמא ⟨עלאה⟩ לא אתברי אלא מגו חכמה עלאה
zohar	127	יומין	Zohar.897.3	יומינ	ימים	reviewed-form	reviewed	correct		עד תלתין יומין כל אינון תלתין ⟨יומין⟩ אתדנו נפשא וגופא כחדא ובגיני כך
zohar	128	דכלא	Zohar.1548.12	דכלא	של הכל	reviewed-form	reviewed	correct		שם אל סהיד על מארי ⟨דכלא⟩ דלית יכולת לכל שם והויה ודרגא
zohar	129	מהו	Zohar.1431.53	מהו	מה הוא	reviewed-form	reviewed	correct		יהו"ה מהו וארפא כיון דאמר הושיעני ⟨מהו⟩ ואושעה כיון דאסיא מסי מאן הוא
zohar	130	מאתר	Zohar.1161.21	אתר	ממקום	form+m	krupnik-1927:def	correct		ושמועה טובה מאן אתר מארץ מרחק ⟨מאתר⟩ דקב"ה הוה רחיק מניה בקדמיתא מאתר
zohar	131	ליה	Zohar.1063.22	pron:ליה	לו	form	grammar:pronominal	correct		אמר ⟨ליה⟩ רבי אלעזר בריה אי הכי ישר
zohar	132	מעלמא	Zohar.109.3	עלמא	מעולם	form+m	krupnik-1927:def	correct		קיימות עד דיבער קב"ה רוח מסאבא ⟨מעלמא⟩ דכתיב זכריה יג ב ואת רוח
zohar	133	אנת	Zohar.717.5	אנת	אתה	form	jastrow-1903:eq	correct		בדא הוית בשלם ובעית לכל האי ⟨אנת⟩ עבדת אנת סבול השתא לית לך
zohar	134	ביה	Zohar.1303.14	pron:ביה	בו	form	grammar:pronominal	correct		כיון דסליק לאתישבא ⟨ביה⟩ לא קאים ולא הוה יכיל למיקם
zohar	135	אינון	Zohar.1004.11	pron:אינונ	הם	form	grammar:pronominal	correct		דביה דקאמרן האי שד"י יניק לכל ⟨אינון⟩ תתאין ולכל אינון היכלין ולכל אינון
zohar	136	תא	Zohar.498.4	phrase	בוא וראה	phrase	reviewed	correct		⟨תא⟩ חזי האי קרא קשיא בקדמיתא כתיב
zohar	137	דאורייתא	Zohar.696.5	אורייתא	של תורה	form+d	krupnik-1927:def	correct		תא חזי ארחא ⟨דאורייתא⟩ כך הוא בקדמיתא כד שריא לאתגלאה
zohar	138	הכי	Zohar.1370.21	הכי	כן	form	krupnik-1927:def	correct		מתיבתא וכד נחת רב מתיבתא אמר ⟨הכי⟩ אוקמוה מלה במתיבתא דרקיעא ורזא יקירא
zohar	139	ביה	Zohar.1262.14	pron:ביה	בו	form	grammar:pronominal	correct		מאי ואל תקוץ לא תקוצון ⟨ביה⟩ כמאן דערק מגו גובין דאינון מילין
zohar	140	דינא	Zohar.871.2	דינא	דין ומשפט	form	krupnik-1927:def	correct		בי דינא דלתתא בארעא לא גזרין ⟨דינא⟩ על בר נש עד תליסר שנין
zohar	141	דא	Zohar.195.3	דא	זו	form	jastrow-1903:eq	correct		תא חזי וירא אליו יהו"ה ⟨דא⟩ הוא רזא דקול דאשתמע דאתחבר בדבור
zohar	142	אנא	Zohar.1223.6	pron:אנא	אני	form	grammar:pronominal	correct		אי אנת לא תפתח פתחך הא ⟨אנא⟩ סגיר דלא ישכחון לי בגין כך
zohar	143	קאים	Zohar.1508.11	קומ	עמד, היה קיים	form:pe.ptcp.ms	krupnik-1927:def	correct		קדמאה אתמר הכי תא חזי פינחס ⟨קאים⟩ קמי דינא תקיפא דיצחק וקם קמי
zohar	144	והא	Zohar.537.8	הא	וזה · והלא	form+w	krupnik-1927:def-en	correct		שולטנין אחרנין דשאר עמין אמר ליה ⟨והא⟩ כתיב תהלים קד ד משרתיו אש
zohar	145	דאתמר	Zohar.599.1	דאתמר	שנאמר	reviewed-form	reviewed	correct		ללכת למהך לההוא אתר דימא כמה ⟨דאתמר⟩ מה שמיה דההוא דרגא צדיק אקרי
zohar	146	אית	Zohar.385.6	אית	יש	reviewed-form	reviewed	correct		תא חזי כמה ⟨אית⟩ לון לבני נשא לאסתכלא בפולחנא דקב"ה
zohar	147	אמר	Zohar.114.2	אמר	אמר	form	jastrow-1903:same	correct		מה אזיל מעלמא והיך נפיק הוא ⟨אמר⟩ ליה ווי דבגינך נפקנא מעלמא והוא
zohar	148	דדינא	Zohar.1381.14	דינא	של דין ומשפט	form+d	krupnik-1927:def	correct		ותצפנהו שלשה ירחים אלין תלת ירחין ⟨דדינא⟩ קשיא שריא בעלמא ומאי נינהו תמוז
zohar	149	אינון	Zohar.1548.7	pron:אינונ	הם	form	grammar:pronominal	correct		יהוה במדת רחמים וכד מארי דרא ⟨אינון⟩ חייבין אתקרי אדני במדת הדין לכל
zohar	150	דא	Zohar.17.2	דא	זו	form	jastrow-1903:eq	correct		קצה השמים לעילא ותקופתו מאן תקופתו ⟨דא⟩ קצה השמים לתתא דאיהי תקופת השנה
zohar	151	תא	Zohar.1269.9	phrase	בוא וראה	phrase	reviewed	correct		⟨תא⟩ חזי פקודי אורייתא עלאין אינון לעילא
zohar	152	איהו	Zohar.646.4	איהו	הוא	form	krupnik-1927:def	correct		רואי שם יח ויהו"ה עמו ודא ⟨איהו⟩ עדות לגביה
zohar	153	בגין	Zohar.270.1	בגינ	בגלל · לפי, משום	form	krupnik-1927:def	correct		שנא דקב"ה אצטריך לברכא ליה ליצחק ⟨בגין⟩ דאברהם לא ברכיה מאי טעמא משום
zohar	154	כתיב	Zohar.1507.5	כתיב	כתוב	reviewed-form	reviewed	correct		ויהיו המתים במגפה אשר מתו לא ⟨כתיב⟩ אלא המתים מתים דמעיקרא הוו ובגין
zohar	155	בליליא	Zohar.760.4	rev:ליליא	בלילה	form+b	reviewed:reviewed-base	correct		משלי כז יח ודא רזא דשלטא ⟨בליליא⟩
zohar	156	שעתא	Zohar.263.3	שעתא	שעה	form	jastrow-1903:eq	correct		ערב הוה עידן צלותא דמנחה בההיא ⟨שעתא⟩ דמטא יצחק לצלאה צלותא דמנחה בההיא
zohar	157	איהו	Zohar.1470.12	איהו	הוא	form	krupnik-1927:def	correct		בקדמיתא דרועא ימינא והא דרועא שמאלא ⟨איהו⟩ קריב ללבא אמאי לא אקיזין ליה
zohar	158	אמר	Zohar.114.2	אמר	אמר	form	jastrow-1903:same	correct		אדם בצל כנפיך יחסיון רבי ייסא ⟨אמר⟩ כלהו בני עלמא חמאן ליה לאדם
zohar	159	דלעילא	Zohar.1340.9	עילא	של לחמור צעיר	form+dl	krupnik-1927:def	incorrect	'of above' — split as ד+ל+עילא 'young ass'	מיתה הוא גרים ליה דיתוסף מחיים ⟨דלעילא⟩ לאוספא ליה
zohar	160	חולקיה	Zohar.1563.21	חולק	חלק שלו	form:n.pl+3ms	jastrow-1903:eq	correct		דרגא דאקרי שכינתא' דשרייא בגווייהו זכאה ⟨חולקיה⟩
zohar	161	דילהון	Zohar.532.5	pron:דילהונ	שלהם	form	grammar:pronominal	correct		ממנו מאי ממנו רצונו לומר ממנא ⟨דילהון⟩ אינון אמרו בלבייהו דחילא ותוקפא דילהון
zohar	162	אמר	Zohar.570.4	אמר	אמר	form	jastrow-1903:same	correct		טעמא משום דתנינן אמר רבי יצחק ⟨אמר⟩ רבי ירמיה לא ליבעי ליה לאיניש
zohar	163	כתיב	Zohar.42.1	כתיב	כתוב	reviewed-form	reviewed	correct		דאתא שמואל ועל דא נצח ישראל ⟨כתיב⟩ ביה כי לא אדם הוא
zohar	164	אתר	Zohar.488.1	אתר	מקום	form	krupnik-1927:def	correct		וגו' למהוי שירותא וסופא קטיר בחד ⟨אתר⟩
zohar	165	בהו	Zohar.109.3	pron:בהו	בהם	form	grammar:pronominal	correct		הוא ודאי דהא איהי אתיית וחייכת ⟨בהו⟩ בבני נשא ולזמינין דאולידת רוחין בעלמא
zohar	166	לבושא	Zohar.691.7	לבושא	לבוש	reviewed-form	reviewed	correct		דאקרי אלו"ה ודא הוא בבגדו בה ⟨לבושא⟩ יקירא דמלכא פריש עלה וכדין איהי
zohar	167	דקיימין	Zohar.672.4	קומ	שעמד, היה קיים	form:pe.ptcp.mp+d	krupnik-1927:def	correct		מכלהו כל שכן אינון דלא אתגזרו ⟨דקיימין⟩ באינון אפין רחיקין באינון אפין תתאין
zohar	168	איהו	Zohar.417.1	איהו	הוא	form	krupnik-1927:def	correct		בחשאי ורזא דא בגין ס"א דהאי ⟨איהו⟩ יחודא דאיהו כדין יחודא כדקא חזי
zohar	169	תחות	Zohar.533.8	תחות	תחת	form	jastrow-1903:eq	correct		חמא בר גוריא כד אנח לישראל ⟨תחות⟩ שלטנותא דאומין יתיב וגעי ובכי הדא
zohar	170	דלעילא	Zohar.757.1	עילא	של לחמור צעיר	form+dl	krupnik-1927:def	incorrect	'of above' — split as ד+ל+עילא 'young ass'	הקדש ושבקין לן ברחימו למיעל תרעין ⟨דלעילא⟩ מגו דאנן משבחין לון בסדורא דלהון
zohar	171	דא	Zohar.758.6	דא	זו	form	jastrow-1903:eq	correct		טהירין אינון מתערבי בשולטנו דליליא ועל ⟨דא⟩ לא שויוהא חובא לצלותא דערבית דלית
zohar	172	דכלא	Zohar.6.4	דכלא	של הכל	reviewed-form	reviewed	correct		מפתחא גניז כלא בהיכלא חדא ואע"ג ⟨דכלא⟩ גניז בההוא היכלא עקרא דכלא בההוא
zohar	173	תא	Zohar.987.6	phrase	בוא וראה	phrase	reviewed	correct		⟨תא⟩ חזי האי דאמרן באינון היכלין כלהו
zohar	174	סטרין	Zohar.334.5	סטר	צד	form:n.pl	krupnik-1927:def	correct		בגין דסלקא בגוונין סגיאין ואתכלילת מכמה ⟨סטרין⟩ ובגין דאתכלילת מכמה גוונין אתעבידת עטרה
zohar	175	לכלא	Zohar.47.3	כלי	נגמר	form:pe.impf.3ms	krupnik-1927:def	incorrect	'for all' (ל + כלא)	ואיהו עץ החיים ואיהו אילנא דמזון ⟨לכלא⟩ ביה ובגין דא אינון ישראל מזונא
zohar	176	הדא	Zohar.1064.2	הדא	זה, זאת	form	krupnik-1927:def	correct		רמיו ועתיק יומין אסתים ולא אתגלייא ⟨הדא⟩ הוא דכתיב חָזֵה הֲוֵית עַד דִּי
zohar	177	נמי	Zohar.867.2	phrase	גם כן	phrase	krupnik-1927	correct		וכיון דלתתא אתערו רחמי הכי ⟨נמי⟩ לעילא אתער שופרא אחרא עלאה ואפיק
zohar	178	האי	Zohar.1345.11	האי	זה, זאת	form	krupnik-1927:def	correct		ובגיני ⟨האי⟩ מיכלא דא לא אתייא על ידא
zohar	179	דא	Zohar.907.3	דא	זו	form	jastrow-1903:eq	correct		וברזין דספרא דשלמה מלכא אשתכח רזא ⟨דא⟩ ואוקמיה בוצינא קדישא זכאה חולקיהון דישראל
zohar	180	ההיא	Zohar.426.5	ההיא	ההיא	reviewed-form	reviewed	correct		המטה ורזא דקרא דניאל יב בעת ⟨ההיא⟩ יעמוד מיכאל השר הגדול העומד על
zohar	181	לֵיהּ	Zohar.1200.10	pron:ליה	לו	form	grammar:pronominal	correct		לְצּוֹרֵף אוּמָנָא עַד דְּאָתָא חֲנוֹךְ וְנָטִיל ⟨לֵיהּ⟩ קוּדְשָׁא בְּרִיךְ הוּא מֵאַרְעָא וְאַבְרִיר פְּסוֹלֶת
zohar	182	ביה	Zohar.1089.15	pron:ביה	בו	form	grammar:pronominal	correct		שאלת אלא מה עמודא דאמצעיתא אחיד ⟨ביה⟩ ימינא ושמאלא דאינון חסד וגבורה כגופא
zohar	183	דהא	Zohar.491.4	דהא	שהרי	reviewed-form	reviewed	correct		אימתי תמים בשעתא ס"א באתר דאתגזר ⟨דהא⟩ דכורא לא הוי ולא אשתמודע אלא
zohar	184	רוחא	Zohar.982.2	רוחא	רוח	reviewed-form	reviewed	correct		דמרבעא לארבע סטרין דעלמא ובגין כך ⟨רוחא⟩ נפיק מלעילא ונגיד ואתמשך מדרגא לדרגא
zohar	185	דלא	Zohar.417.2	דלא	שלא	reviewed-form	reviewed	correct		וקב"ה מקיים ואיהו גזיר על שמיא ⟨דלא⟩ לאחתא מטרא וטלא היך דחיל איהו
zohar	186	אינון	Zohar.1231.3	pron:אינונ	הם	form	grammar:pronominal	correct		בחדש שופר בכסה ליום חגינו זכאין ⟨אינון⟩ ישראל דידעין לסלקא כורסייא דדינא ולתקנא
zohar	187	אקרי	Zohar.998.1	אקרי	נקרא	reviewed-form	reviewed	correct		כפום שעתא בלא אריכו ובגין כך ⟨אקרי⟩ תא הרצים אתר דאינון רצים רהטי
zohar	188	בגין	Zohar.1525.6	בגינ	בגלל · לפי, משום	form	krupnik-1927:def	correct		ולא בהלעטה חסרים ולא עוד אלא ⟨בגין⟩ סכנה דשמא יקדים קנה לושט
zohar	189	ימינא	Zohar.1533.4	ימינא	ימין	form	jastrow-1903:same	correct		לחדש הזה יומין דלסטר ⟨ימינא⟩ בגין לאתחברא זאת בזה למהוי כלא
zohar	190	אמר	Zohar.275.6	אמר	אמר	form	jastrow-1903:same	correct		ולא ישחיתו בכל הר קדשי וגומר ⟨אמר⟩ רבי שמעון הוא לבא דמדוריה דיצר
zohar	191	עלמא	Zohar.1261.3	עלמא	עולם	form	krupnik-1927:def	correct		אי רישא דעלמא הוא טב כל ⟨עלמא⟩ משתזבן בגיניה ואי רישא דעמא לא
zohar	192	דינא	Zohar.301.8	דינא	דין ומשפט	form	krupnik-1927:def	correct		דחכימיא בגין דירושלם דינא איהו ועל ⟨דינא⟩ קיימא ועל דינא אתחרב והא אתיהיב
zohar	193	לאינון	Zohar.20.3	pron:אינונ	להם	form+l	grammar:pronominal	incorrect	demonstrative 'those' (לאינון מאנין)	בגין דקב"ה ביומייא אלין אתי למחמי ⟨לאינון⟩ מאנין תבירין דיליה ועאל עלייהו וחמי
zohar	194	לכרסייא	Zohar.1528.3	rev:כרסייא	לכסא	form+l	reviewed:reviewed-base	correct		עולת תמיד איהי רגל רביעאה ⟨לכרסייא⟩ עלאה דא עולה תמיד בכל יום
zohar	195	בעגלא	Zohar.971.5	בעגלא	במהרה	reviewed-form	reviewed	correct		באינון שבעה יומין קדישין ולבתר לאתדכאה ⟨בעגלא⟩ ותא חזי בכלא בעא אהרן לאתדכאה
zohar	196	זמנא	Zohar.362.2	זמנא	פעם	reviewed-form	reviewed	correct		ובההוא זמנא דמטי ⟨זמנא⟩ דסיהרא לאתנהרא מה כתיב הנה ישכיל
zohar	197	ואוקמוה	Zohar.267.1	rev:אוקמוה	וביארוה	form+w	reviewed:reviewed-base	correct		תמרורים רחל מבכה על בניה וגו' ⟨ואוקמוה⟩ כיון דעאלת בגלותא אסתכלת בעמא וחמאת
zohar	198	דיוקנא	Zohar.1312.22	דיוקנא	דיוקן	form	jastrow-1903:same	correct		דמלכא כד אתתקנן בתקונוי אתקרון אדם ⟨דיוקנא⟩ דכליל כלא ומה דאשתליף מתערא אתקרי
zohar	199	בגין	Zohar.162.1	בגינ	בגלל · לפי, משום	form	krupnik-1927:def	correct		לגור שם מאי טעמא למצרים אלא ⟨בגין⟩ דשקיל לגן יהו"ה דכתיב כגן יהו"ה
tikkunei-zohar	0	וְאִיהוּ	Tikkunei_Zohar.124.8	איהו	והוא	form+w	krupnik-1927:def	correct		⟨וְאִיהוּ⟩ כֶּתֶר כְּהוּנָה וְכֶתֶר מַלְכוּת מִסִּטְרָא דִימִינָא
tikkunei-zohar	1	וְלֵית	Tikkunei_Zohar.45.17	לית	ואין	form+w	krupnik-1927:def	correct		תְּחוֹת יַד אֲדוֹנִים קָשִׁין אוּמִין דְּעָלְמָא ⟨וְלֵית⟩ מָאן דְּבָעִי עֲלַיְיהוּ רַחֲמֵי וְיוֹלִיף זְכוּ
tikkunei-zohar	2	אִתְּתָא	Tikkunei_Zohar.181.4	איתתא	אשה	form	krupnik-1927:def	correct		עִזֶר לֹא זָכָה כְּנֶגְדּוֹ דְּאִסְתַּלַּק מִנֵּיהּ ⟨אִתְּתָא⟩ דְאִיהִי עִץ הַחַיִּים דְּאִתְּמַר בָּהּ משלי
tikkunei-zohar	3	וְרָזָא	Tikkunei_Zohar.278.2	ורזא	וסוד	reviewed-form	reviewed	correct		⟨וְרָזָא⟩ דְמִלָּה בראשית כח יב וְהִנֵּה מַלְאֲכֵי
tikkunei-zohar	4	לֵיהּ	Tikkunei_Zohar.187.4	pron:ליה	לו	form	grammar:pronominal	correct		בראשית ג ט אַיֵּה כֹּ"ה אָמַר ⟨לֵיהּ⟩ אַף עַל גַּב דְּגָרְמַת כּוּלֵי הַאי
tikkunei-zohar	5	מַאי	Tikkunei_Zohar.267.5	מאי	מה	reviewed-form	reviewed	correct		אָמַר רַבִּי אֶלְעָזָר אַבָּא אִם כֵּן ⟨מַאי⟩ תַּקַּנְתֵּיהּ לְמָאן דְּאִיהוּ צַדִּיק וְאִית לֵיהּ
tikkunei-zohar	6	עִלָּאָה	Tikkunei_Zohar.135.6	עילאה	עליון	form	krupnik-1927:def	correct		תֵּיבִין דְּעוֹבָדָא דִבְּרֵאשִׁית כ"ח אַתְוָון שְׁכִינְתָּא ⟨עִלָּאָה⟩ שֶׁבַע תֵּיבִין כְּלִילָן בִּשְׁכִינְתָּא תַּתָּאָה
tikkunei-zohar	7	דָּא	Tikkunei_Zohar.289.2	דא	זו	form	jastrow-1903:eq	correct		יְהֵא נָהִיר לְסִיהֲרָא מִקְצֵה הַשָּׁמַיִם מוֹצָאוֹ ⟨דָּא⟩ עַמּוּדָא דְאֶמְצָעִיתָא קָצֶה דִילָהּ צַדִּיק וּתְקוּפָתוֹ
tikkunei-zohar	8	רָזָא	Tikkunei_Zohar.143.2	רזא	סוד	reviewed-form	reviewed	correct		וְאִינוּן תְּמוּרוֹת אִינוּן ⟨רָזָא⟩ דְיִבּוּם דְּאִתְּמַר בָּהּ בַּיְבָמָה רות ד
tikkunei-zohar	9	דְּאִיהוּ	Tikkunei_Zohar.241.2	דאיהו	שהוא	reviewed-form	reviewed	correct		דְּבֵיהּ קָרַע יַמָּא וְאַפְרִישׁ מִתַּמָּן הַשָּׂטָן ⟨דְּאִיהוּ⟩ מַיִּין מְסָאֲבִין וּבְגִין דָּא יְהִי רָקִיעַ
tikkunei-zohar	10	דְּבֵיהּ	Tikkunei_Zohar.81.5	pron:ביה	שבו	form+d	grammar:pronominal	correct		מַאי רֹאשׁ צַדִּיק דָּא עַמּוּדָא דְאֶמְצָעִיתָא ⟨דְּבֵיהּ⟩ שַׁרְיָין חַ"י בִּרְכָאָן דְּה' עִלָּאָה וּמִנֵּיהּ
tikkunei-zohar	11	אוֹרַיְיתָא	Tikkunei_Zohar.175.6	אורייתא	תורה	form	krupnik-1927:def	correct		פִּישׁוֹן לָקֳבֵל ⟨אוֹרַיְיתָא⟩ דִבְעַל פֶּה וּמִתַּמָּן פִּישׁוֹן פִּי שׁוֹנֶה
tikkunei-zohar	12	וַהֲוָה	Tikkunei_Zohar.186.4	הוה	והיה	form+w	reviewed:reviewed	correct		כְּגַוְונָא דְעַמּוּדָא דְאֶמְצָעִיתָא דְהוּא מִשְׁתַּמֵּשׁ בֵּיהּ ⟨וַהֲוָה⟩ מַנְהִיג תַּתָּאִין בֵּיהּ אוּף הָכִי מֹשֶׁה
tikkunei-zohar	13	אִתְּמַר	Tikkunei_Zohar.65.15	אתמר	נאמר	reviewed-form	reviewed	correct		תֵּשַׁע נְקוּדִין תֵּשַׁע טַעֲמֵי וַעֲלַיְיהוּ ⟨אִתְּמַר⟩ בראשית א יז וַיִּתֵּן אוֹתָם אלהי"ם
tikkunei-zohar	14	מַאי	Tikkunei_Zohar.50.2	מאי	מה	reviewed-form	reviewed	correct		דְמִתְיַחֲדִין יִשָּׁקֵנִי מִנְּשִׁיקוֹת פִּיהוּ שיר א ⟨מַאי⟩ נְשִׁיקוֹת פִּיהוּ תְּרֵין שִׂפְוָון דִּילֵיהּ וּתְרֵין
tikkunei-zohar	15	דְּיֵיתֵי	Tikkunei_Zohar.70.8	אתא	שיבוא	form:af.impf.3ms+d	krupnik-1927:def	correct		תַמָּן קוּדְשָׁא בְּרִיךְ הוּא וְאִית רַעַשׁ ⟨דְּיֵיתֵי⟩ תַמָּן
tikkunei-zohar	16	דִכְתִיב	Tikkunei_Zohar.139.7	דכתיב	שכתוב	reviewed-form	reviewed	correct		דִּדְמָא וְכֻלְּהוּ מִתְנַהֲגִין אַבַּתְרֵיהּ וְדָא הוּא ⟨דִכְתִיב⟩ יחזקאל א יב אֶל אֲשֶׁר יִהְיֶה
tikkunei-zohar	17	אִתְּמַר	Tikkunei_Zohar.280.8	אתמר	נאמר	reviewed-form	reviewed	correct		הַלְעִיטֵנִי נָא וְלָא הֲווֹ טָחֲנִין לֵיהּ ⟨אִתְּמַר⟩ בְּהוֹן במדבר יא לג וְאַף יהו"ה
tikkunei-zohar	18	דְתַלְיָין	Tikkunei_Zohar.243.4	rev:תליינ	שתלויים	form+d	reviewed:reviewed-base	correct		וּמִשְּׂמָאלָא דְקוּדְשָׁא בְּרִיךְ הוּא כְּגַוְונָא דְשַׂעֲרָא ⟨דְתַלְיָין⟩ מֵעַל אוּדְנִין מִימִינָא וּמִשְּׂמָאלָא הֲדָא הוּא
tikkunei-zohar	19	וּלְבָתַר	Tikkunei_Zohar.232.1	ולבתר	ואחר כך	reviewed-form	reviewed	correct		אִימָּא וְדָא אִיהוּ וַיִּיצֶר יהו"ה אלהי"ם ⟨וּלְבָתַר⟩ עָבַד לֵיהּ מָאנָא הֲדָא הוּא דִכְתִיב
tikkunei-zohar	20	דְאִתְּמַר	Tikkunei_Zohar.181.5	דאתמר	שנאמר	reviewed-form	reviewed	correct		וּפַלְגוּ דִילָהּ מָוְת עֲנִיּוּתָא כְּגַוְונָא דְלִבָּא ⟨דְאִתְּמַר⟩ בֵּיהּ שם י ב לֵב חָכָם
tikkunei-zohar	21	הֲדָא	Tikkunei_Zohar.270.4	הדא	זה, זאת	form	krupnik-1927:def	correct		דְּשִׁעוּר קוֹמָה דְאָזְלִין בְּשִׁעוּר וּבַמִּדָּה וּבְתִקְלָא ⟨הֲדָא⟩ הוּא דִכְתִיב איוב כח כה וּמַיִם
tikkunei-zohar	22	בִּדְחִילוּ	Tikkunei_Zohar.89.17	בדחילו	ביראה	reviewed-form	reviewed	correct		וְכַד קַיְימִין קֳדָמֵיהּ צָרִיךְ לְמֵיקַם קֳדָמֵיהּ ⟨בִּדְחִילוּ⟩
tikkunei-zohar	23	כְגַוְונָא	Tikkunei_Zohar.71.6	כגוונא	כמו	reviewed-form	reviewed	correct		טָלֶ"ה שׁוֹ"ר תְּאוֹמִי"ם סַרְטָ"ן וְגוֹמֵר דָּא ⟨כְגַוְונָא⟩ דְּדָא עָבַד קוּדְשָׁא בְּרִיךְ הוּא
tikkunei-zohar	24	עִלָּאָה	Tikkunei_Zohar.253.5	עילאה	עליון	form	krupnik-1927:def	correct		אַגְרָא וּבְגִין דְיהו"ה אִסְתַּלַּק בְּמַזָּלָא קַדִּישָׁא ⟨עִלָּאָה⟩ דְאִיהוּ כֶּתֶר עִלָּאָה בְּהַהוּא זִמְנָא בָּנֵי
tikkunei-zohar	25	אִימָּא	Tikkunei_Zohar.67.19	אימא	אם	reviewed-form	reviewed	correct		חֶלְקוֹ וְדָא נִשְׁמַת כָּל חַי דְאִיהִי ⟨אִימָּא⟩ עִלָּאָה עֲלָהּ אִתְּמַר תהלים סח יד
tikkunei-zohar	26	מַאי	Tikkunei_Zohar.145.4	מאי	מה	reviewed-form	reviewed	correct		שמת לא יד מְחַלֲלֶיהָ מוֹת יוּמָת ⟨מַאי⟩ מְחַלֲלֶיהָ אֶלָּא מָאן דְּאַעִיל רְשׁוּ נוּכְרָאָה
tikkunei-zohar	27	מֵהַהוּא	Tikkunei_Zohar.260.8	מההוא	מאותו	reviewed-form	reviewed	correct		בִּגְזִירוּ דְעָרְלָה וּפְרִיעָה כְּמָה דְאִיהוּ אַעֲבַר ⟨מֵהַהוּא⟩ אֵבֶר כָּל אִלֵּין קְלִיפִין דֶּאֱלֹהִים אֲחֵרִים
tikkunei-zohar	28	לְמֵימַר	Tikkunei_Zohar.192.4	למימר	לומר	reviewed-form	reviewed	correct		מִמֶּנּוּ וְעוֹד הֵן אָדָם הֲוָה לֵיהּ ⟨לְמֵימַר⟩ מַאי הָאָדָם בְּתוֹסֶפֶת ה' אֶלָּא ה'
tikkunei-zohar	29	אִיהוּ	Tikkunei_Zohar.259.2	איהו	הוא	form	krupnik-1927:def	correct		אֵבֶר דְּחָב בַּר נַשׁ הַהוּא חִוְיָא ⟨אִיהוּ⟩ כְרִיכָא תַמָּן וְעָקִים לֵיהּ בֵּין בְּאוּדְנִין
tikkunei-zohar	30	אִית	Tikkunei_Zohar.234.7	אית	יש	reviewed-form	reviewed	correct		וכו' שם כד כג וְכַמָּה הֲבָלִים ⟨אִית⟩ לוֹן דְּכֻלְּהוּ מַלְיָין שֶׁקֶר וְשָׁוְא וְכָל
tikkunei-zohar	31	דְּאִינוּן	Tikkunei_Zohar.180.2	pron:אינונ	שהם	form+d	grammar:pronominal	correct		פִרוּד וְקִצּוּץ וּלְאִתְיַחֲדָא בֵּן עִם בַּת ⟨דְּאִינוּן⟩ אַחִים דַּעֲלַיְיהוּ אִתְּמַר אַחִים תְּאוֹמִים הֲדָא
tikkunei-zohar	32	וּבְגִין	Tikkunei_Zohar.86.20	בגינ	ובגלל · ולפי, משום	form+w	krupnik-1927:def	correct		⟨וּבְגִין⟩ דָּא שִׁמְעוּ הָרִים אִלֵּין אֲבָהָן אֶת
tikkunei-zohar	33	תְּרֵין	Tikkunei_Zohar.246.5	תרינ	שנים	form	krupnik-1927:def	correct		רַחֲמֵי מִסִּטְרָא דַאֲרִיךְ אַנְפִּין דְּאִיהוּ א ⟨תְּרֵין⟩ אַנְפִּין דִּילֵיהּ ו' ו' כְּגַוְונָא דָא
tikkunei-zohar	34	שְׁלָמָא	Tikkunei_Zohar.205.5	שלמא	שלום	reviewed-form	reviewed	correct		אַעֲרַע בְּהוּ הַהוּא חִגֵּר אָמַר לוֹן ⟨שְׁלָמָא⟩ עֲלַיְיכוּ רַבָּנָן שמענא עלייכו דאתון חכימי
tikkunei-zohar	35	דָּא	Tikkunei_Zohar.75.5	דא	זו	form	jastrow-1903:eq	correct		בַּפֶּלֶס הָרִים דָּא נֶצַח וּגְבָעוֹת בְּמֹאזְנָיִם ⟨דָּא⟩ הוֹד
tikkunei-zohar	36	נְהוֹרָא	Tikkunei_Zohar.270.1	נהורא	אור	reviewed-form	reviewed	correct		יא קְווּצּוֹתָיו תַּלְתַּלִּים שְׁחוֹרוֹת כָּעוֹרֵב לֵית ⟨נְהוֹרָא⟩ קַיְימָא קַמֵּי נְהוֹרֵיהּ דְּכֻלְּהוּ נְהוֹרִין אִתְחַשְׁכָאן
tikkunei-zohar	37	אִנּוּן	Tikkunei_Zohar.27.1	pron:אנונ	הם	form	grammar:pronominal	correct		כְּמָה דְשִׂפְוָון וְשִׁינַיִן וְחֵיךְ וְלָשׁוֹן וְגָרוֹן ⟨אִנּוּן⟩ מְשַׁמְּשִׁין לְאַתְוָון הָכִי כְּגַוְונָא דָא כַנְפֵי
tikkunei-zohar	38	דְאִיהוּ	Tikkunei_Zohar.6.3	דאיהו	שהוא	reviewed-form	reviewed	correct		מִן אדנ"י תַּמָּן קָא אָתָא מַלְכָּא ⟨דְאִיהוּ⟩ יהו"ה דְּכָל הֲוַיָּ"ה דְשַׁלִּיט ה' עַל
tikkunei-zohar	39	בְגָלוּתָא	Tikkunei_Zohar.285.4	גלותא	בגלות	form+b	jastrow-1903:same	correct		רִבּוֹן עָלְמָא עֲבֵיד בְּגִין שְׁכִינְתָּא דְאִיהִי ⟨בְגָלוּתָא⟩ וְאִם אִיהִי בְּאוֹמָאָה הָא אַבָּא וְאִמָּא
tikkunei-zohar	40	בְּגִין	Tikkunei_Zohar.5.6	בגינ	בגלל · לפי, משום	form	krupnik-1927:def	correct		לְא"ח עִם ד' כְּלִילָא מֵאַרְבַּע פָּרָשִׁיָּין ⟨בְּגִין⟩ דְּלָא יְהֵא פָרַח מִינָהּ וְאִשְׁתְּאָרַת יְחִידָה
tikkunei-zohar	41	אוּקְמוּהָ	Tikkunei_Zohar.213.3	אוקמוה	ביארוה	reviewed-form	reviewed	correct		סָלִיק י' לְגַבֵּי ה' עִלָּאָה דְהָכִי ⟨אוּקְמוּהָ⟩ מָארֵי מַתְנִיתִין לֹא אָבֹא בִירוּשָׁלַיִם שֶׁל
tikkunei-zohar	42	וְאוּף	Tikkunei_Zohar.16.5	rev:אופ	וגם	form+w	reviewed:reviewed-base	correct		⟨וְאוּף⟩ הָכִי צָרִיךְ לְאַעֲבָרָא לֵיהּ מִשְּׁמַיָּא וְאַרְעָא
tikkunei-zohar	43	דְּסָלִיק	Tikkunei_Zohar.68.11	דסליק	שעולה	reviewed-form	reviewed	correct		שִׂפְתוֹתָיו יָדָיו שׁוֹקָיו זַכָּאָה אִיהוּ מָאן ⟨דְּסָלִיק⟩ צְלוֹתָא בְּכָל אֵבֶר וְאֵבֶר בְּתִקּוּנָא דָא
tikkunei-zohar	44	אִיהוּ	Tikkunei_Zohar.93.15	איהו	הוא	form	krupnik-1927:def	correct		צַדִּיק ⟨אִיהוּ⟩ דָּךְ בְּמַיָּא דְאוֹרַיְיתָא וְאִיהוּ כָּתִית בְּמִשְׁחָא
tikkunei-zohar	45	אִלֵּין	Tikkunei_Zohar.207.3	אלינ	אלה	reviewed-form	reviewed	correct		נִשְׁמָתָא מִכָּרְסַיָּיא יַקִּירָא כְּלִילָא מֵעֲשַׂר תִּקּוּנִין ⟨אִלֵּין⟩ וְעָבִיד לָהּ כָּרְסַיָּיא לַיהו"ה דִּשְׁמָא דְיהו"ה
tikkunei-zohar	46	תְּלַת	Tikkunei_Zohar.172.6	תלת	שלש	form	jastrow-1903:eq	correct		עִשֶׂב ע"ב ש' דָּא יַעֲקֹב כְּלִיל ⟨תְּלַת⟩ אֲבָהָן דְּאִינוּן עַנְפֵי אִילָנָא וְסָלְקִין לְשַׁבְעִין
tikkunei-zohar	47	דְאִתְּמַר	Tikkunei_Zohar.232.4	דאתמר	שנאמר	reviewed-form	reviewed	correct		אלהי"ם אֶת הָאָדָם דָּא עַמּוּדָא דְאֶמְצָעִיתָא ⟨דְאִתְּמַר⟩ בֵּיהּ ישעיה מד יג כְּתִפְאֶרֶת אָדָם
tikkunei-zohar	48	דְּאִינוּן	Tikkunei_Zohar.190.2	pron:אינונ	שהם	form+d	grammar:pronominal	correct		לֵיהּ מַלְכִין וְשַׁלִּיטִין עַל מַה דְּסָמִיךְ ⟨דְּאִינוּן⟩ רַגְלוֹי וִידוֹי דְּקָצִיץ לוֹן כְּמָה דְאִיהוּ
tikkunei-zohar	49	דְּאִיהוּ	Tikkunei_Zohar.263.4	דאיהו	שהוא	reviewed-form	reviewed	correct		נַשׁ עָבִיד לְקוּדְשָׁא בְּרִיךְ הוּא רְעוּתֵיהּ ⟨דְּאִיהוּ⟩ לְפוּם שַׁעִִתָּא בְהַאי עָלְמָא וּבָנֵי לֵיהּ
zohar-chadash	0	בְּאִינוּן	Zohar_Chadash.9.375	pron:אינונ	בהם	form+b	grammar:pronominal	correct		הַהוּא נְהוֹרָא חַפְיָיא בְּאַתְרֵיהּ וְאַתְוָון סָלְקִין ⟨בְּאִינוּן⟩ כִּתְרִין בְּרָזָא דִשְׁמָא קַדִּישָׁא
zohar-chadash	1	דְּעֵדֶן	Zohar_Chadash.27.40	דעדנ	של עדן	reviewed-form	reviewed	correct		לְגַבֵּהּ סְלִיקַת בְּכַמָּה רֵיחִין וּבָסְמִין דְּגִנְתָּא ⟨דְּעֵדֶן⟩ דְּאִיהִי גַּן דְּאוֹרַיְתָא דְּעָלֵהּ אִתְּמַר שיר
zohar-chadash	2	מֵעָלְמָא	Zohar_Chadash.16.134	עלמא	מעולם	form+m	krupnik-1927:def	correct		וְכוּרְסְיָיא אִשְׁתְּלֵים כַּד אִתְאֲבֵיד יוֹדֵעַ צַיִד ⟨מֵעָלְמָא⟩ וְדוּכְרָנֵיהּ לְעָלְמִין לָא אִידְכַּר לְתַתָּא יִשְׂרָאֵל
zohar-chadash	3	וְאִית	Zohar_Chadash.26.103	ואית	ויש	reviewed-form	reviewed	correct		מִסִּטְרָא דְּגוּפֵהּ מִסִּטְרָא דְּנִשְׁמָתֵהּ בַּשֵּׂכֶל דִּילֵהּ ⟨וְאִית⟩ לְמָאן דְּאַתְּ עָתִיד לְאִתְגַּלְּיָא לֵהּ
zohar-chadash	4	בַּהֲדַיְיהוּ	Zohar_Chadash.17.47	pron:בהדייהו	עמהם	form	grammar:pronominal	correct		רַבִּי אֶלְעָזָר וּבְרִיכוּ חַבְרַיָיא וְאִיהוּ חָדֵי ⟨בַּהֲדַיְיהוּ⟩
zohar-chadash	5	וְהַשְׁתָּא	Zohar_Chadash.23.62	השתא	ועכשיו	form+w	reviewed:reviewed	correct		בִּיְמָמָא בְּצַפְרָא מְרַתְּתִין וְדָחֲלֵי וְסָלְקֵי שִׁירָתָא ⟨וְהַשְׁתָּא⟩ מָטָא זִמְנַיְיהוּ לְשַׁבְּחָא לְמָרַיְיהוּ בְּזִמְנָא דָא
zohar-chadash	6	וְאִיהוּ	Zohar_Chadash.9.502	איהו	והוא	form+w	krupnik-1927:def	correct		וְאַף עַל גַּב דְּקוֹל דְּבָרִים אִיהוּ ⟨וְאִיהוּ⟩ הֲוָה מְמַלֵּל וְלָא הֲוָה מְמַלֵּל אֶלָּא
zohar-chadash	7	דְּעָלַיְהוּ	Zohar_Chadash.29.8	pron:עליהו	שעליהם	form+d	grammar:pronominal	correct		דְּהָכֵי אִתְפְּלַג מֹחָא דֶּאֱגוֹזָא לְאַרְבַּע סִטְרִין ⟨דְּעָלַיְהוּ⟩ קַיְּמָא מֹחָא וְאִלֵּין אִנּוּן לָקֳבֵל אַרְבַּע
zohar-chadash	8	יֵיתֵי	Zohar_Chadash.27.29	אתא	יבוא	form:af.impf.3ms	krupnik-1927:def	correct		לִי מַה שְּׁמוֹ מָה אֹמַר במ"ה ⟨יֵיתֵי⟩ נֶחָמָה ובמ"י אַסְוִותָא הָדָא הוּא דִּכְתִיב
zohar-chadash	9	אִצְטְרִיךְ	Zohar_Chadash.22.401	צרכ	היה זקוק לדבר	form:itpe.perf.3ms	krupnik-1927:def	correct		לְבָתַר ⟨אִצְטְרִיךְ⟩ לֵיהּ קוּדְשָׁא בְּרִיךְ הוּא לְנַטְלָא לֵיהּ
zohar-chadash	10	בָּרִיךְ	Zohar_Chadash.5.37	בריכ	ברוך	reviewed-form	reviewed	correct		יָהּ וְעַד דְּלָא סָלֵיק יִצְחָק מֵעָלְמָא ⟨בָּרִיךְ⟩ לֵיהּ לְיַעֲקֹב וּשְׁלָחֵיהּ לְחָרָן לְאִזְדַּוְגָא וְכַד
zohar-chadash	11	טָבָא	Zohar_Chadash.16.70	טבא	טוב	form	krupnik-1927:def	correct		דִכְתִיב וִימִינוֹ תְּחַבְּקֵנִי וְדָא הוּא מִשְׁחָא ⟨טָבָא⟩ דְּנָגִיד לֵיהּ מֵאִימָא
zohar-chadash	12	נִיהוּ	Zohar_Chadash.27.50	pron:ניהו	הוא	form	grammar:pronominal	correct		עֵינָא דְּאִיהִי מַרְאֶה דִּנְבִיאֵי קְשׁוֹט וּמַאי ⟨נִיהוּ⟩ בַּת עֵינָא שְׁכִינְתָּא תַּתָּאָה עָלַהּ אִתְּמַר
zohar-chadash	13	לוֹן	Zohar_Chadash.2.3	לונ	להם	reviewed-form	reviewed	correct		בְּרִיךְ הוּא בְּגִין דְּאִתְרְעֵי בְּהוּ יְהַב ⟨לוֹן⟩ עֵיטָא לְאִשְׁתֵּזָבָא מִכָּל מְקַטְרְגִין דִּלְעֵילָא דְּאִינוּן
zohar-chadash	14	דִכְתִיב	Zohar_Chadash.1.580	דכתיב	שכתוב	reviewed-form	reviewed	correct		דְּבָהּ מְנַהֲגִין יִשְׂרָאֵל חוּשְׁבַּנְהוֹן הֲדָא הוּא ⟨דִכְתִיב⟩ שיר השירים ד׳ א׳ הִנָּךְ יָפָה
zohar-chadash	15	קַדִּישִׁין	Zohar_Chadash.23.607	קדישינ	קדושים	reviewed-form	reviewed	correct		עִרְבּוּבְיָא דְּכָל חֵילֵי שְׁמַיָא וְכָל רְתִיכִין ⟨קַדִּישִׁין⟩ גָּעוֹ וּבְכוֹ
zohar-chadash	16	שִׁמְשָׁא	Zohar_Chadash.10.30	שמשא	חמה, שמש	form	krupnik-1927:def	correct		כו' וְזָרַח הַשֶּׁמֶשׁ בְּיוֹמוֹי דְמשֶׁה דְּנָהֵיר ⟨שִׁמְשָׁא⟩ לְיִשְׂרָאֵל אַרְבְּעִין שְׁנִין לָקֳבֵל נְהִירוּ דִּלְעֵילָא
zohar-chadash	17	מִינֵיהּ	Zohar_Chadash.23.339	pron:מיניה	ממנו	form	grammar:pronominal	correct		אַף עַל גַּב דְּאִגַּיֵּיר קָשֶׁה לִפְרוֹשׁ ⟨מִינֵיהּ⟩ זוּהֲמָא עַד תְּלָתָא דָרִין כָּל שֶׁכֵּן
zohar-chadash	18	הַאי	Zohar_Chadash.22.416	האי	זה, זאת	form	krupnik-1927:def	correct		פְּנִימָאֵי לִפְנִימָאֵי דְּקַשִּׁיטוּ לָהּ לָא אָמְרַת ⟨הַאי⟩ אֶלָּא כַּד נָפְקַת לְבַר לְגַבֵּי שְׁאָר
zohar-chadash	19	סָלְקָא	Zohar_Chadash.22.312	סלקא	עולה	reviewed-form	reviewed	correct		לְגַבֵּיהּ לְאִתְחַבְּרָא אִלֵּין גּוֹ אִלֵּין ב' ⟨סָלְקָא⟩ לְגַבֵּי ש' מִתַּתָּא לְעֵילָא דְּהָא אִתְמַשְּׁכַת
zohar-chadash	20	וְאִיהִי	Zohar_Chadash.26.96	איהי	והיא	form+w	krupnik-1927:def	correct		הוּא ה' רְבִיעָאָה שְׁלִימוּ דְּשֵׁם יהו'ה ⟨וְאִיהִי⟩ קוֹצָא דְּאָת דָּלֶ"ת עֲשִׂירִית לא"ח דְּאִיהוּ
zohar-chadash	21	דְּלָא	Zohar_Chadash.23.116	דלא	שלא	reviewed-form	reviewed	correct		יֵימְרוּן דַּיָּינָא אַפֵּיק לוֹן מִדִּין תּוֹרָה ⟨דְּלָא⟩ מִתְחַיְיבֵי קְטוֹל אֶלָּא וַעֲשׂוּ סְיָיג לַתּוֹרָה
zohar-chadash	22	לֵיהּ	Zohar_Chadash.8.2	pron:ליה	לו	form	grammar:pronominal	correct		דְּאִיהוּ לָקֳבֵיל יוֹמָא דְשַׁבַּתָּא וְאִינוּן אַפִּיקוּ ⟨לֵיהּ⟩ לְחוֹל אֲמַר קוּדְשָׁא בְּרִיךְ הוּא הָא
zohar-chadash	23	אָמַר	Zohar_Chadash.3.13	אמר	אמר	form	jastrow-1903:same	correct		אָמַר רַב פָּפָּא אִלֵּין תְּלָתָא הֲווֹ ⟨אָמַר⟩ לֵיהּ רַבִּי יְהוּדָה כָּבוֹד בִּכְלַל הָעוֹשֶׁר
zohar-chadash	24	בְּרִיךְ	Zohar_Chadash.22.536	בריכ	ברוך	reviewed-form	reviewed	correct		מָה עֲבַד קוּדְשָׁא ⟨בְּרִיךְ⟩ הוּא שָׁדַר קֳדָמַיְיהוּ שְׁכִינְתָּא דַּהֲוַת אָזְלַת
zohar-chadash	25	וְדָא	Zohar_Chadash.27.71	ודא	וזה	reviewed-form	reviewed	correct		סֻלָּם סָלְקִין וְנָחְתִין וּבְטַעֲמֵי סֻלָּם אִיהוּ ⟨וְדָא⟩ אִיהוּ שׁוֹפָר הוֹלֵךְ רְבִיעַ דַּרְגָּא תְּרֵי
zohar-chadash	26	דְּלָא	Zohar_Chadash.11.1	דלא	שלא	reviewed-form	reviewed	correct		לֵיהּ בְּזֹא"ת וּלְאַנְהָרָא לֵהּ בִּנְהִירוּ בְּגִין ⟨דְּלָא⟩ תּוֹקֵיד עַלְמָא בְּשַׁלְהוֹבוֹי בְּגִין דְּמַאן דְּעָבַר
zohar-chadash	27	שְׂמָאלָא	Zohar_Chadash.22.614	שמאלא	שמאל	form	jastrow-1903:eq	correct		פְּשִׁיטוּ דִּנְהִירוּ דְּאַנְהֵיר בְּסִטְרָא דִדְכוּרָא בִּסְטַר ⟨שְׂמָאלָא⟩ וְאַנְהֵיר לְהַהוּא סִטְרָא וְהַשְׁתָּא אִתְחֲלִיפוּ וְאִתְכְּלִלוּ
zohar-chadash	28	כְתִיב	Zohar_Chadash.17.98	כתיב	כתוב	reviewed-form	reviewed	correct		זָכָר וּנְקֵבָה בְּרָאָם בְּלָא פֵּירוּדָא וְלָא ⟨כְתִיב⟩ בְּרָאוֹ אֶלָּא בְּרָאָם
zohar-chadash	29	קְרָא	Zohar_Chadash.22.593	קרא	מקרא	form	jastrow-1903:eq	correct		אָדָם בְּצַלְמֵנוּ כִּדְמוּתֵנוּ וְיִרְדּוּ וְגו' הַאי ⟨קְרָא⟩ אִתְעָרוֹ בֵּיהּ חַבְרַיָּיא וַדַּאי קוּדְשָׁא בְּרִיךְ
zohar-chadash	30	סִטְרִין	Zohar_Chadash.22.343	סטר	צד	form:n.pl	krupnik-1927:def	correct		תְּבִירוּ דְּיֵצֶר הָרָע אִיהוּ וַדַּאי בְּכָל ⟨סִטְרִין⟩ וּכְמָא דְּצִיץ הֲוָה קָאִים עַל נִיסָּא
zohar-chadash	31	נָטִיל	Zohar_Chadash.27.91	נטיל	נוטל	reviewed-form	reviewed	correct		אָדָם וְאֵיךְ אָמְרוּ בְּעִלַּת הָעִלּוֹת דְּלָא ⟨נָטִיל⟩ עֵצָה וּרְשׁוּ אֶלָּא אִיהוּ בִּלְחוּדוֹהִי בְּלָא
zohar-chadash	32	נְהוֹרִין	Zohar_Chadash.24.110	נהורינ	אורות	reviewed-form	reviewed	correct		בָּטַשׁ לְגוֹ תַּרְעִין וּנְפָקוֹ אִינוּן עֶשֶׂר ⟨נְהוֹרִין⟩ עִילָּאִין וְתַתָּאִין צָוְוחִין וַוי לְעַלְמָא וַוי
zohar-chadash	33	דָּא	Zohar_Chadash.22.460	דא	זו	form	jastrow-1903:eq	correct		כֶּרֶם ה' צְבָאוֹת בֵּית יִשְׂרָאֵל וְעַל ⟨דָּא⟩ כַּרְמִי שֶׁלִּי לֹא נָטָרְתִּי דְּלָא אוֹשִׁיטְנָא
zohar-chadash	34	וְאִתְגְּלֵי	Zohar_Chadash.21.8	ואתגלי	ונגלה	reviewed-form	reviewed	correct		אִינוּן שְׁבִילִין סְתִימִין דְּסִתְרָא אִתְגְּלֵי חוֹבַיְיהוּ ⟨וְאִתְגְּלֵי⟩ קִיצָא דִילְהוֹן וְנֶחָמָתָא וְאַבְטָחוּתָא דִילְהוֹן בְּגָלוּת
zohar-chadash	35	לְבַר	Zohar_Chadash.3.99	לבר	לחוץ	reviewed-form	reviewed	correct		הֲוָה דַעְתַּיְיהוּ חָזוֹ דְּמַלְאָכַיָיא דַּחְיָין לְהוֹ ⟨לְבַר⟩ וְאִצְטְעָרוּ עַד דְחָמוֹ מַאי דְּחָמוֹ וְנִשְׁמָתֵיהּ
zohar-chadash	36	דִּילְהוֹן	Zohar_Chadash.29.5	pron:דילהונ	שלהם	form	grammar:pronominal	correct		קוּדְשָׁא בְּרִיךְ הוּא לְפַרְעֹה וּלְמִצְרַיִם וְלִמְמָנָן ⟨דִּילְהוֹן⟩ וּמַה כְּתִיב וְעַתָּה הִנֵּה אִשְׁתְּךָ קַח
zohar-chadash	37	יַמָּא	Zohar_Chadash.1.202	ימא	ים	form	jastrow-1903:same	correct		גַוְונָא וְלָקֳבֵל הַאי דַרְגָּא עֲבַד שְׁלֹמֹה ⟨יַמָּא⟩ לְתַתָּא מלכים א ז׳ מ״ד עוֹמֵד
zohar-chadash	38	בְּהַאי	Zohar_Chadash.1.58	בהאי	בזה	reviewed-form	reviewed	correct		וְסַחֲרָא לְאִלֵּין אַרְבַּע וּלְהַאי נְקוּדָה וְקָיְימָא ⟨בְּהַאי⟩ נְקוּדָה קְלִיפָּא תַּקִּיפָא לְחַפְיָיא עֲלָהּ וּכְדֵין
zohar-chadash	39	הָכֵי	Zohar_Chadash.23.446	הכי	כן	form	krupnik-1927:def	correct		הוּא זֶה קִינֵא וְזֶה קִינֵא לָאו ⟨הָכֵי⟩ דְּאָמַר רַבִּי אֱלִיעֶזְר כְּתִיב מלכים א
zohar-chadash	40	נְהוֹרָא	Zohar_Chadash.1.51	נהורא	אור	reviewed-form	reviewed	correct		כָּל רְתִיכָא וּרְתִיכָא בִּנְהוֹרָא חַד וְכָל ⟨נְהוֹרָא⟩ וּנְהוֹרָא אִתְכְּלֵיל בְּאִינוּן סְמָכִין וְכָל סְמָכָא
zohar-chadash	41	דְּאִצְטְרִיךְ	Zohar_Chadash.22.92	צרכ	שהיה זקוק לדבר	form:itpe.perf.3ms+d	krupnik-1927:def	correct		עַל בּוּרְיֵיהּ כְּדֵין אִתְגְּלֵי שִׁיר הַשִּׁירִים ⟨דְּאִצְטְרִיךְ⟩ לְאִתְחַבָּרָא מַקְדְּשָׁא בְּמַקְדְּשָׁא
zohar-chadash	42	וְאִסְתַּלַּק	Zohar_Chadash.1.126	rev:אסתלק	והסתלק	form+w	reviewed:reviewed-base	correct		כִּדְקָא יָאוֹת הַשְׁתָּא אֵיכָכָה אֶלְבָּשֶׁנָּה וְאִתְהַדַּר ⟨וְאִסְתַּלַּק⟩ מִינָּךְ
zohar-chadash	43	הָכָא	Zohar_Chadash.2.95	הכא	כאן	form	krupnik-1927:def	correct		בַּת בְּלִיַּעַל וְאָמַר רִבִּי יוֹסֵי כְּתִיב ⟨הָכָא⟩ בַּת בְּלִיַּעַל וּכְתִיב הָתָם דברים י״ג
zohar-chadash	44	דְּעָבִיד	Zohar_Chadash.9.22	עביד	של עשוי, נהוג	form+d	krupnik-1927:def	incorrect	'that makes (the paths)'	אָרְחוֹת ה' חֶסֶד וֶאֱמֶת מַאי נִיהוּ ⟨דְּעָבִיד⟩ אוֹרְחִין אִלֵּין דְּאִינוּן שִׁרְטוּטִין דְּמִצְחָא דָּא
zohar-chadash	45	אֲמַר	Zohar_Chadash.22.6	אמר	אמר	form	jastrow-1903:same	correct		אֲמַר מִידֵי חָמֵינָא וְאִסְתַּכַּלְנָא בְּעֵינוֹי דְּחַיְיכָן ⟨אֲמַר⟩ לִי וַדַּאי מֵאוֹרְחוֹי דְּמָרָךְ אִתְרַחַקְתְּ דְּהוּא
zohar-chadash	46	דָּא	Zohar_Chadash.16.35	דא	זו	form	jastrow-1903:eq	correct		וְשַׂמְתָּ בַטֶנֶא ⟨דָּא⟩ מַטְרוֹנִיתָא דְּאָתֵי לָהּ נְהִירוּ מִנֵּיהּ וְשַׁוֵּי
zohar-chadash	47	לֵיהּ	Zohar_Chadash.22.318	pron:ליה	לו	form	grammar:pronominal	correct		ק' דְּאִתְפַּשְּׁטָא כְּנָחָשׁ דְּפָשֵׁיט זְנָבֵיהּ וְאַתְקֵיף ⟨לֵיהּ⟩ בְּחֶדְוָא לְיָנְקָא מִן מַקְדְּשָׁא דִּכְדֵין אִיהוּ
zohar-chadash	48	בְּרִיךְ	Zohar_Chadash.17.71	בריכ	ברוך	reviewed-form	reviewed	correct		מָה עֲבַד קוּדְשָׁא ⟨בְּרִיךְ⟩ הוּא נְטַל לֵיהּ לְהַהוּא עֲנָפָא וּנְטַע
zohar-chadash	49	דְּהָא	Zohar_Chadash.22.645	דהא	שהרי	reviewed-form	reviewed	correct		אִתְבְּנֵי אָדָם בְּרָזָא דְּעֶשְׂרִין וּתְרֵין אַתְוָון ⟨דְּהָא⟩ כַּד אִסְתַּכְּלָן וְאִתְבְּרִירוּ אַתְוָון דְּאִצְטְרִיכוּ וְאִתְחֲזוּן
onkelos	0	מִכֹּל	Genesis.6.2	מכל	מכל	reviewed-form	reviewed	correct		אֲרֵי שַׁפִּירָן אִנוּן וּנְסִיבוּ לְהוֹן נְשִׁין ⟨מִכֹּל⟩ דִּי אִתְרְעִיאוּ
onkelos	1	מִנָךְ	Deuteronomy.28.43	pron:מנכ	ממך	form	grammar:pronominal	correct		עָרֵל דִי בֵינָךְ יְהֵי סְלִיק עֵיל ⟨מִנָךְ⟩ לְעֵלָא לְעֵלָא וְאַתְּ תְּהֵי נָחֵת לְתַחְתָּא
onkelos	2	דִּי	Genesis.44.8	די	אשר	reviewed-form	reviewed	correct		הָא כַסְפָּא ⟨דִּי⟩ אַשְׁכַּחְנָא בְּפוּם טּוֹעֲנָנָא אֲתֵיבְנוֹהִי לָךְ מֵאַרְעָא
onkelos	3	עִמֵיהּ	Numbers.22.40	pron:עמיה	עמו	form	grammar:pronominal	correct		תּוֹרִין וְעָאן וּשְׁלַח לְבִלְעָם וּלְרַבְרְבַיָא דִי ⟨עִמֵיהּ⟩
onkelos	4	וַאֲמַר	Genesis.47.29	אמר	ואמר	form+w	jastrow-1903:same	correct		יוֹמֵי יִשְׂרָאֵל לִמְמַת וּקְרָא לִבְרֵהּ לְיוֹסֵף ⟨וַאֲמַר⟩ לֵהּ אִם כְּעַן אַשְׁכָּחִית רַחֲמִין בְּעֵינָיךְ
onkelos	5	לְגוֹ	Numbers.17.12	לגו	לתוך	reviewed-form	reviewed	correct		וּנְסֵיב אַהֲרֹן כְּמָא דְמַלֵיל משֶׁה וּרְהַט ⟨לְגוֹ⟩ קְהָלָא וְהָא שָׁרֵי מוֹתָנָא בְּעַמָא וִיהַב
onkelos	6	יְהוֹן	Genesis.17.16	הוה	יהיו	form:pe.impf.3mp	reviewed:reviewed	correct		וּתְהֵי לְכִנְשִׁין מַלְכִין דְשַׁלִּיטִין בְעַמְמַיָּא מִנַהּ ⟨יְהוֹן⟩
onkelos	7	עַל	Numbers.31.12	על	על	reviewed-form	reviewed	correct		וְיָת עֲדָאָה לְמַשְׁרִיתָא לְמֵישְׁרַיָא דְמוֹאָב דִי ⟨עַל⟩ יַרְדְנָא דִירֵחוֹ
onkelos	8	אֲנָא	Genesis.22.1	pron:אנא	אני	form	grammar:pronominal	correct		אַבְרָהָם וַאֲמַר לֵהּ אַבְרָהָם וַאֲמַר הָא ⟨אֲנָא⟩
onkelos	9	וְיָת	Numbers.3.41	ית	ואת	form+w	jastrow-1903:eq	correct		יְיָ חֲלַף כָּל בּוּכְרָא בִּבְנֵי יִשְׂרָאֵל ⟨וְיָת⟩ בְּעִירָא דְלֵוָאֵי חֲלַף כָּל בּוּכְרָא בִּבְעִירָא
onkelos	10	קוּדְשָׁא	Exodus.16.23	קודשא	קודש, קדושה	form	krupnik-1927:def	correct		הוּא דִי מַלִיל יְיָ שְׁבָתָא שְׁבַת ⟨קוּדְשָׁא⟩ קֳדָם יְיָ מְחָר יָת דִי אַתּוּן
onkelos	11	וִיקוּמוּן	Genesis.41.30	קומ	ועמד, היה קיים · ומי חלב	form:pe.impf.3mp+w	krupnik-1927:def	correct		⟨וִיקוּמוּן⟩ שְׁבַע שְׁנֵי כַפְנָא בַּתְרֵיהֶן וְיִתִנְשֵׁי כָּל
onkelos	12	לִי	Genesis.47.6	לי	לי	reviewed-form	reviewed	correct		דְּחֵילָא וּתְמַנִּנוּן רַבָּנֵי גֵיתֵי עַל דִּי ⟨לִי⟩
onkelos	13	לֵהּ	Exodus.2.20	לה	לו	form	reviewed	correct		לְמָא דְנַן שְׁבַקְתִּין יָת גַבְרָא קְרַן ⟨לֵהּ⟩ וְיֵכוּל לַחְמָא
onkelos	14	לְוָת	Exodus.7.10	לות	אל	reviewed-form	reviewed	correct		וְעַל משֶׁה וְאַהֲרֹן ⟨לְוָת⟩ פַּרְעֹה וַעֲבָדוּ כֵן כְּמָא דְפַקֵיד יְיָ
onkelos	15	וְתַמְנֵי	Numbers.35.7	תמני	ושמונה	form+w	krupnik-1927:def	correct		כָּל קִרְוַיָא דִי תִתְּנוּן לְלֵוָאֵי אַרְבְּעִין ⟨וְתַמְנֵי⟩ קִרְוִין יָתְהֶן וְיָת רְוָחֵיהֶן
onkelos	16	יָת	Genesis.19.32	ית	את	form	jastrow-1903:eq	correct		אִיתָא נַשְׁקֵי ⟨יָת⟩ אֲבוּנָא חַמְרָא וְנִשְׁכּוּב עִמֵּהּ וּנְקַיֵּם מֵאֲבוּנָא
onkelos	17	בְּמוֹתָנָא	Numbers.25.9	מותנא	בדֶבר, מגפה	form+b	krupnik-1927:def	correct		וַהֲווֹ דְמִיתוּ ⟨בְּמוֹתָנָא⟩ עַשְׂרִין וְאַרְבְּעָה אַלְפִין
onkelos	18	אִלֵין	Numbers.4.15	אלינ	אלה	reviewed-form	reviewed	correct		לְמִטַּל וְלָא יִקְרְבוּן לְקוּדְשָׁא וְלָא יְמוּתוּן ⟨אִלֵין⟩ מַטוּל בְּנֵי קְהָת בְּמַשְׁכַּן זִמְנָא
onkelos	19	עִמֵהּ	Leviticus.25.50	עמה	עמו	form	reviewed	correct		זְבִינוֹהִי בְּמִנְיַן שְׁנַיָא כְּיוֹמֵי אֲגִירָא יְהֵי ⟨עִמֵהּ⟩
onkelos	20	כֶּן	Genesis.44.10	כנ	כן	reviewed-form	reviewed	correct		וַאֲמַר אַף כְּעַן כְּפִתְגָּמֵיכוֹן ⟨כֶּן⟩ הוּא דִּי יִשְׁתְּכַח עִמֵּהּ יְהֵי לִי
onkelos	21	מַלֵיל	Numbers.19.2	מליל	דיבר	reviewed-form	reviewed	correct		גְזֵירַת אוֹרַיְתָא דִי פַקִיד יְיָ לְמֵימָר ⟨מַלֵיל⟩ עִם בְּנֵי יִשְׂרָאֵל וְיִסְבוּן לָךְ תּוֹרְתָא
onkelos	22	דַיְיָ	Exodus.22.10	דיי	של ה׳	reviewed-form	reviewed	correct		מוֹמָתָא ⟨דַיְיָ⟩ תְּהֵי בֵּין תַּרְוֵיהוֹן אִם לָא אוֹשִׁיט
onkelos	23	מַלִיל	Deuteronomy.2.1	מליל	דיבר	reviewed-form	reviewed	correct		לְמַדְבְּרָא אוֹרַח יַמָא דְסוּף כְּמָא דִי ⟨מַלִיל⟩ יְיָ עִמִי וְאַקֵפְנָא יָת טוּרָא דְשֵׂעִיר
onkelos	24	בְּנֵי	Numbers.8.19	בני	בני	reviewed-form	reviewed	correct		יָת לֵוָאֵי מְסִירִין לְאַהֲרֹן וְלִבְנוֹהִי מִגוֹ ⟨בְּנֵי⟩ יִשְׂרָאֵל לְמִפְלַח יָת פּוּלְחָן בְּנֵי יִשְׂרָאֵל
onkelos	25	דִי	Exodus.4.30	די	אשר	reviewed-form	reviewed	correct		וּמַלִיל אַהֲרֹן יָת כָּל פִּתְגָמַיָא ⟨דִי⟩ מַלִיל יְיָ עִם משֶׁה וַעֲבַד אָתַיָא
onkelos	26	חֲקַל	Genesis.23.17	חקל	שדה	form	krupnik-1927:def	correct		וְקָם ⟨חֲקַל⟩ עֶפְרוֹן דִּי בְּכָפֶלְתָּא דִּי קֳדָם מַמְרֵא
onkelos	27	בִּישׁ	Numbers.13.32	ביש	רע · חולה	form	krupnik-1927:def	correct		וְאַפִּיקוּ שׁוּם ⟨בִּישׁ⟩ עַל אַרְעָא דִי אַלִילוּ יָתָהּ לְוַת
onkelos	28	בְּנֵי	Leviticus.1.8	בני	בני	reviewed-form	reviewed	correct		וִיסַדְרוּן ⟨בְּנֵי⟩ אַהֲרֹן כָּהֲנַיָא יָת אֶבְרַיָא יָת רֵישָׁא
onkelos	29	זִמְנָא	Numbers.12.4	זמנא	פעם	reviewed-form	reviewed	incorrect	'(tent of) meeting' (משכן זמנא)	לְמשֶׁה וּלְאַהֲרֹן וּלְמִרְיָם פּוּקוּ תְלָתֵיכוֹן לְמַשְׁכַּן ⟨זִמְנָא⟩ וּנְפָקוּ תְּלָתֵיהוֹן
onkelos	30	לֵהּ	Leviticus.27.15	לה	לו	form	reviewed	correct		וְיוֹסֵף חוֹמֶשׁ כְּסַף פֻּרְסָנֵהּ עֲלוֹהִי וִיהֵי ⟨לֵהּ⟩
onkelos	31	יָת	Genesis.43.14	ית	את	form	jastrow-1903:eq	correct		לְכוֹן רַחֲמִין קֳדָם גַּבְרָא וְיִפְטַר לְכוֹן ⟨יָת⟩ אֲחוּכוֹן אָחֳרָנָא וְיָת בִּנְיָמִין וַאֲנָא כְּמָא
onkelos	32	לְכוֹן	Exodus.20.20	pron:לכונ	לכם	form	grammar:pronominal	correct		דַחֲלָן דִכְסַף וְדַחֲלָן דִדְהַב לָא תַעְבְּדוּן ⟨לְכוֹן⟩
onkelos	33	וּתְהֵי	Numbers.5.27	הוה	ותהיה	form:pe.impf.2ms+w	reviewed:reviewed	correct		וְיַשְׁקִנָהּ יָת מַיָא ⟨וּתְהֵי⟩ אִם אִסְתָּאָבַת וְשַׁקָרַת שְׁקָר בְּבַעֲלַהּ וְיֵעֲלוּן
onkelos	34	נַפְשָׁא	Leviticus.11.10	נפשא	נשמה, נפש	form	krupnik-1927:def	correct		בְּיַמְמַיָא וּבְנַחֲלַיָא מִכֹּל רִחֲשָׁא דְמַיָא וּמִכֹּל ⟨נַפְשָׁא⟩ חַיְתָא דִי בְמַיָא שִׁקְצָא אִנוּן לְכוֹן
onkelos	35	עַד	Genesis.33.3	עד	עד	reviewed-form	reviewed	correct		קֳדָמֵיהוֹן וּסְגִיד עַל אַרְעָא שְׁבַע זִמְנִין ⟨עַד⟩ מִקְרְבֵהּ עַד נ''י לְוַת אֲחוּהִי
onkelos	36	קֳדָם	Numbers.18.26	קדמ	לפני	reviewed-form	reviewed	correct		לְכוֹן מִנְהוֹן בְּאַחֲסַנְתְּכוֹן וְתַפְרְשׁוּן מִנֵיהּ אַפְרָשׁוּתָא ⟨קֳדָם⟩ יְיָ מַעַשְׂרָא מִן מַעַשְׂרָא
onkelos	37	יָת	Deuteronomy.4.47	ית	את	form	jastrow-1903:eq	correct		וִירִיתוּ ⟨יָת⟩ אַרְעֵהּ וְיָת אַרְעָא דְעוֹג מַלְכָּא דְמַתְנָן
onkelos	38	דִי	Deuteronomy.7.13	די	אשר	reviewed-form	reviewed	correct		בַּקְרֵי תוֹרָיךְ וְעֶדְרֵי עָנָךְ עַל אַרְעָא ⟨דִי⟩ קַיִים לַאֲבָהָתָךְ לְמִתַּן לָךְ
onkelos	39	וּבְיוֹמָא	Numbers.28.25	יומא	וביום	form+wb	krupnik-1927:def	correct		⟨וּבְיוֹמָא⟩ שְׁבִיעָאָה מְעָרַע קַדִישׁ יְהֵי לְכוֹן כָּל
onkelos	40	וְיָת	Genesis.37.14	ית	ואת	form+w	jastrow-1903:eq	correct		אִיזֵל כְּעַן חֲזֵי יָת שְׁלָמָא דְאָחוּךְ ⟨וְיָת⟩ שְׁלָמָא דְעָנָא וַאֲתֶבְנִי פִּתְגָמָא וְשַׁלְחֵהּ מִמֵישַׁר
onkelos	41	יָתְהוֹן	Leviticus.14.40	pron:יתהונ	אותם	form	grammar:pronominal	correct		יָת אַבְנַיָא דִי בְהוֹן מַכְתָּשָׁא וְיִרְמוּן ⟨יָתְהוֹן⟩ לְמִבָּרָא לְקַרְתָּא לַאַתַר מְסָאָב
onkelos	42	בְּמַיָא	Exodus.12.9	rev:מיא	במים	form+b	reviewed:reviewed-base	correct		כַּד חַי וְאַף לָא בַשָׁלָא מְבֻשָׁל ⟨בְּמַיָא⟩ אֱלָהֵן טְוֵי נוּר רֵישֵׁיה עַל כְּרָעוֹהִי
onkelos	43	וּמַלִיל	Deuteronomy.4.12	ומליל	ודיבר	reviewed-form	reviewed	correct		⟨וּמַלִיל⟩ יְיָ עִמְכוֹן מִגוֹ אֶשְׁתָא קַל פִּתְגָמִין
onkelos	44	אַרְעָא	Exodus.9.15	ארעא	אדמה, ארץ	form	krupnik-1927:def	correct		יָתָךְ וְיָת עַמָךְ בְּמוֹתָא וְשֵׁיצִיאַת מִן ⟨אַרְעָא⟩
onkelos	45	וּכְעַן	Genesis.41.33	וכענ	ועתה	reviewed-form	reviewed	correct		⟨וּכְעַן⟩ יֶחֱזֵי פַרְעֹה גְּבַר סוּכְלְתָן וְחַכִּים וִימַנִינֵיהּ
onkelos	46	עֲלַהּ	Leviticus.12.8	עלה	עליה	reviewed-form	reviewed	correct		יוֹנָה חַד לַעֲלָתָא וְחַד לְחַטָאתָא וִיכַפֵּר ⟨עֲלַהּ⟩ כַּהֲנָא וְתִדְכֵּי
onkelos	47	חַמְשָׁא	Leviticus.26.8	חמשא	חמשה	reviewed-form	reviewed	correct		וְיִרְדְפוּן מִנְכוֹן ⟨חַמְשָׁא⟩ מְאָה וּמְאָה מִנְכוֹן לְרִבּוֹתָא יֵיעִירְקוּן וְיִפְּלוּן
onkelos	48	בְּאַרְעָא	Genesis.49.30	ארעא	באדמה, ארץ	form+b	krupnik-1927:def	correct		בַחֲקַל כָּפֶלְתָּא דִי עַל אַפֵּי מַמְרֵא ⟨בְּאַרְעָא⟩ דִכְנָעַן דִי זְבַן אַבְרָהָם יָת חַקְלָא
onkelos	49	תַּעְבְּדוּן	Numbers.15.12	תעבדונ	תעשו	reviewed-form	reviewed	correct		כְּמִנְיָן דִי תַעְבְּדוּן כְּדֵין ⟨תַּעְבְּדוּן⟩ לְחַד כְּמִנְיָנֵהוֹן
onkelos	50	כִּתּוּנָא	Genesis.37.31	כיתונא	כתונת	form	jastrow-1903:eq	correct		וּנְסִיבוּ יָת ⟨כִּתּוּנָא⟩ דְיוֹסֵף וּנְכִיסוּ צְפִיר בַּר עִזֵּי וּטְבָלוּ
onkelos	51	יָת	Exodus.11.10	ית	את	form	jastrow-1903:eq	correct		וּמשֶׁה וְאַהֲרֹן עֲבָדוּ ⟨יָת⟩ כָּל מוֹפְתַיָא הָאִלֵין קֳדָם פַּרְעֹה וְתַקַף
onkelos	52	יָת	Leviticus.6.4	ית	את	form	jastrow-1903:eq	correct		יָת לְבוּשׁוֹהִי וְיִלְבַּשׁ לְבוּשִׁין אָחֳרָנִין וְיַפֵּק ⟨יָת⟩ קִטְמָא לְמִבָּרָא לְמַשְׁרִיתָא לַאֲתַר דְכֵי
onkelos	53	אַתְּ	Numbers.31.26	את	אתה	reviewed-form	reviewed	correct		יָת חוּשְׁבַּן דַבְרַת שִׁבְיָא בֶּאֱנָשָׁא וּבִבְעִירָא ⟨אַתְּ⟩ וְאֶלְעָזָר כַּהֲנָא וְרֵישֵׁי אֲבָהַת כְּנִשְׁתָּא
onkelos	54	דִי	Deuteronomy.32.49	די	אשר	reviewed-form	reviewed	correct		הָדֵין טוּרָא דִנְבוֹ דִי בְּאַרְעָא דְמוֹאָב ⟨דִי⟩ עַל אַפֵּי יְרֵחוֹ וַחֲזֵי יָת אַרְעָא
onkelos	55	עַד	Exodus.12.10	עד	עד	reviewed-form	reviewed	correct		תַשְׁאֲרוּן מִנֵהּ עַד צַפְרָא וּדְיִשְׁתָּאַר מִנֵהּ ⟨עַד⟩ צַפְרָא בְּנוּרָא תוֹקְדוּן
onkelos	56	יִתְאַמַר	Numbers.23.23	אמר	ייאמר	form:itpe.impf.3ms	jastrow-1903:same	correct		קְסָמַיָא רְעַן בִּרְבוּת בֵּית יִשְׂרָאֵל כְּעִדַן ⟨יִתְאַמַר⟩ לְיַעֲקֹב וּלְיִשְׂרָאֵל מָה עֲבַד אֱלָהָא
onkelos	57	פַּקֵיד	Numbers.5.2	פקיד	ציוה	reviewed-form	reviewed	correct		⟨פַּקֵיד⟩ יָת בְּנֵי יִשְׂרָאֵל וִישַׁלְחוּן מִן מַשְׁרִיתָא
onkelos	58	מָה	Genesis.31.26	מה	מה	reviewed-form	reviewed	correct		וַאֲמַר לָבָן לְיַעֲקֹב ⟨מָה⟩ עֲבַדְתָּ וְכַסֵּיתָא מִנִּי וּדְבַרְתָּא יָת בְּנָתַי
onkelos	59	אֱנַשׁ	Leviticus.16.17	אנש	איש	reviewed-form	reviewed	correct		וְכָל ⟨אֱנַשׁ⟩ לָא יְהֵי בְּמַשְׁכַּן זִמְנָא בְּמֵעֲלֵהּ לְכַפָּרָא
onkelos	60	יְדֵהּ	Exodus.22.10	ידה	ידו	reviewed-form	reviewed	correct		תְּהֵי בֵּין תַּרְוֵיהוֹן אִם לָא אוֹשִׁיט ⟨יְדֵהּ⟩ בְּמָא דִמְסַר לֵהּ חַבְרֵהּ וִיקַבֵּל מָרֵהּ
onkelos	61	שְׁבִיעָאָה	Numbers.29.7	שביעאה	השביעי	reviewed-form	reviewed	correct		וּבְעַשְׂרָא לְיַרְחָא ⟨שְׁבִיעָאָה⟩ הָדֵין מְעָרַע קַדִישׁ יְהֵי לְכוֹן וּתְעַנוּן
onkelos	62	נַפְשָׁא	Leviticus.24.18	נפשא	נשמה, נפש	form	krupnik-1927:def	correct		וּדְיִקְטוֹל נְפַשׁ בְּעִירָא יְשַׁלְמִנַהּ נַפְשָׁא חֳלַף ⟨נַפְשָׁא⟩
onkelos	63	דִי	Leviticus.7.38	די	אשר	reviewed-form	reviewed	correct		⟨דִי⟩ פַקִיד יְיָ יָת מֹשֶׁה בְּטוּרָא דְסִינָי
onkelos	64	שְׁמֵהּ	Genesis.38.5	שמה	שמו	reviewed-form	reviewed	correct		וְאוֹסִיפַת עוֹד וִילִידַת בָּר וּקְרַת יָת ⟨שְׁמֵהּ⟩ שֵׁלָה וַהֲוָה בִכְזִיב כַּד יְלִידַת יָתֵהּ
onkelos	65	דִּי	Genesis.32.10	די	אשר	reviewed-form	reviewed	correct		דְּאַבָּא אַבְרָהָם וֵאֱלָהֵהּ דְּאַבָּא יִצְחָק יְיָ ⟨דִּי⟩ אֲמַר לִי תּוּב לְאַרְעָךְ וּלְיַלָּדוּתָךְ וְאוֹטֵיב
onkelos	66	בְּנֵי	Numbers.4.29	בני	בני	reviewed-form	reviewed	correct		⟨בְּנֵי⟩ מְרָרִי לְזַרְעֲיַתְהוֹן לְבֵית אֲבָּהַתְהוֹן תִּמְנֵי יַתְהוֹן
onkelos	67	לִי	Genesis.30.8	לי	לי	reviewed-form	reviewed	correct		יְיָ בָּעוּתִי בְּאִתְחַנָּנוּתִי בִּצְלוֹתִי חֲמֵידַת דִּיהֵי ⟨לִי⟩ וְלַד כַּאֲחָתִי אַף אִתְיְהִיב לִי וּקְרַת
onkelos	68	שְׁנִין	Exodus.16.35	שנינ	שנים	reviewed-form	reviewed	correct		וּבְנֵי יִשְׂרָאֵל אֲכָלוּ יָת מַנָא אַרְבְּעִין ⟨שְׁנִין⟩ עַד דְמֵיתֵיהוֹן לְאַרְעָא יָתְבָתָא יָת מַנָא
onkelos	69	עַל	Genesis.11.5	על	על	reviewed-form	reviewed	correct		וְאִתְגְּלֵי יְיָ לְאִתְפְּרָעָא ⟨עַל⟩ עוֹבָדֵי קַרְתָּא וּמַגְדְּלָא דִּי בְנוֹ בְּנֵי
onkelos	70	אֲנָא	Numbers.22.30	pron:אנא	אני	form	grammar:pronominal	correct		וַאֲמָרַת אֲתָּנָא לְבִלְעָם הֲלָא ⟨אֲנָא⟩ אֲתָּנָךְ דְרָכַבְתְּ עֲלַי מִדְאִיתָךְ עַד יוֹמָא
onkelos	71	רַבָּא	Deuteronomy.11.7	רבא	גדול	reviewed-form	reviewed	correct		עֵינֵיכוֹן חֲזָאָן יָת כָּל עוֹבָדָא דַיְיָ ⟨רַבָּא⟩ דִי עֲבָד
onkelos	72	דִי	Exodus.12.40	די	אשר	reviewed-form	reviewed	correct		וּמוֹתַב בְּנֵי יִשְׂרָאֵל ⟨דִי⟩ יְתִיבוּ בְּמִצְרָיִם אַרְבַּע מְאָה וּתְלָתִין שְׁנִין
onkelos	73	כָּל	Numbers.3.13	כל	כל	reviewed-form	reviewed	correct		אֲרֵי דִילִי כָּל בּוּכְרָא בְּיוֹמָא דִקְטָלִית ⟨כָּל⟩ בּוּכְרָא בְּאַרְעָא דְמִצְרַיִם אַקְדֵשִׁית קֳדָמַי כָּל
onkelos	74	לְמַשְׁכְּנָא	Exodus.33.9	משכנא	למשכן	form+l	jastrow-1903:same	correct		וַהֲוָה כַּד עָלֵל משֶׁה ⟨לְמַשְׁכְּנָא⟩ נָחִית עַמוּדָא דַעֲנָנָא וְקָאִים בִּתְרַע מַשְׁכְּנָא
onkelos	75	עַל	Deuteronomy.9.18	על	על	reviewed-form	reviewed	correct		לַחְמָא לָא אֲכָלִית וּמַיָא לָא אִשְׁתֵּיתִי ⟨עַל⟩ כָּל חוֹבֵיכוֹן דִי חַבְתּוּן לְמֶעְבַּד דְבִישׁ
onkelos	76	וְאִלֵּין	Genesis.25.12	ואלינ	ואלה	reviewed-form	reviewed	correct		⟨וְאִלֵּין⟩ תּוּלְדַת יִשְׁמָעֵאל בַּר אַבְרָהָם דִּי יְלֵידַת
onkelos	77	לְמֶעְבַּד	Exodus.31.5	למעבד	לעשות	reviewed-form	reviewed	correct		וּבְאָמָנוּת אֶבֶן טָבָא לְאַשְׁלָמָא וּבְנַגָרוּת אָעָא ⟨לְמֶעְבַּד⟩ בְּכָל עִבִידָא
onkelos	78	כֵּן	Exodus.36.29	כנ	כן	reviewed-form	reviewed	correct		הֲווֹ מְכַוְנִין עַל רֵישֵׁהּ לְעִזְקָתָא חֲדָא ⟨כֵּן⟩ עֲבַד לְתַרְוֵיהוֹן לִתְרֵין זָוְיָן
onkelos	79	עָלָם	Leviticus.24.8	עלמ	עולם	reviewed-form	reviewed	correct		תְּדִירָא מִן קֳדָם בְּנֵי יִשְׂרָאֵל קְיַם ⟨עָלָם⟩
onkelos	80	דִּי	Genesis.41.49	די	אשר	reviewed-form	reviewed	correct		עִיבוּרָא כְּחַלָּא דְיַמָּא סַגִּי לַחֲדָא עַד ⟨דִּי⟩ פְסַק לְמִמְנֵי אֲרֵי לֵית מִנְיָן
onkelos	81	אַלְפִין	Numbers.35.5	אלפינ	אלפים	reviewed-form	reviewed	correct		אַלְפִין בְּאַמִין וְיָת רוּחַ צִפּוּנָא תְּרֵין ⟨אַלְפִין⟩ בְּאַמִין וְקַרְתָּא בִמְצִיעָא דֵין יְהֵי לְהוֹן
onkelos	82	וְיָת	Exodus.14.6	ית	ואת	form+w	jastrow-1903:eq	correct		וְטַקִיס יָת רְתִכֵּהּ ⟨וְיָת⟩ עַמֵהּ דַבַּר עִמֵהּ
onkelos	83	לְעַמָּא	Genesis.41.36	rev:עמא	להעם	form+l	reviewed:reviewed-base	incorrect	garbled rendering of 'for the people'	וִיהֵי עִיבוּרָא גְּנִיז ⟨לְעַמָּא⟩ דְ לְאַרְעָא לִשְׁבַע שְׁנֵי כַפְנָא דִּי
onkelos	84	יָת	Exodus.15.22	ית	את	form	jastrow-1903:eq	correct		וְאַטֵּל משֶׁה ⟨יָת⟩ יִשְׂרָאֵל מִיַמָא דְסוּף וּנְפָקוּ לְמַדְבְּרָא דְחַגְרָא
onkelos	85	לֵהּ	Exodus.30.4	לה	לו	form	reviewed	correct		וְתַרְתֵּין עִזְקַן דִדְהַב תַּעְבֶּד ⟨לֵהּ⟩ מִלְרַע לְדֵירֵהּ עַל תַּרְתֵּין זִוְיָתֵהּ תַּעְבֵּד
onkelos	86	אַלְפִין	Numbers.2.31	אלפינ	אלפים	reviewed-form	reviewed	correct		מִנְיָנַיָא לְמַשְׁרִית דָן מְאָה וְחַמְשִׁין וְשַׁבְעָא ⟨אַלְפִין⟩ וְשִׁית מְאָה בְּבַתְרֵתָא נָטְלִין לְטִקְסֵיהוֹן
onkelos	87	בַּר	Genesis.21.9	בר	בן	form	reviewed:reviewed	correct		וַחֲזַת שָׂרָה יָת ⟨בַּר⟩ הָגָר מִצְרֵיתָא דִּילִידַת לְאַבְרָהָם מְחָיִיךְ
onkelos	88	לֵית	Numbers.24.13	לית	אין	reviewed-form	reviewed	correct		לִי בָלָק מְלֵי בֵיתֵיהּ כְּסַף וּדְהַב ⟨לֵית⟩ לִי רְשׁוּ לְמֶעֱבַּר עַל גְזֵירַת מֵימְרָא
onkelos	89	עִמָךְ	Exodus.12.48	עמכ	עמך	reviewed-form	reviewed	correct		וַאֲרֵי יִתְגַיַר ⟨עִמָךְ⟩ גִיוֹרָא וְיַעְבֵּד פִּסְחָא קֳדָם יְיָ מִגְזַר
onkelos	90	אִלֵּין	Genesis.36.30	אלינ	אלה	reviewed-form	reviewed	correct		רַבָּא דִּשֹׁן רַבָּא אֵצֶר רַבָּא דִישָׁן ⟨אִלֵּין⟩ רַבְרְבֵי חוֹרָאָה לְרַבְרְבָנֵיהוֹן בְּאַרְעָא דְשֵׂעִיר
onkelos	91	דִי	Leviticus.9.21	די	אשר	reviewed-form	reviewed	correct		אֲרֵים אַהֲרֹן אֲרָמָא קֳדָם יְיָ כְּמָא ⟨דִי⟩ פַקִיד מֹשֶׁה
onkelos	92	וּלְנִכְסַת	Numbers.7.59	נכסא	ולזבח	form:n.sg+wl	krupnik-1927:def	correct		⟨וּלְנִכְסַת⟩ קוּדְשַׁיָא תּוֹרִין תְּרֵין דִכְרִין חַמְשָׁא גְדָיֵי
onkelos	93	יַמָּא	Exodus.14.21	ימא	ים	form	jastrow-1903:same	correct		וַאֲרֵים משֶׁה יָת יְדֵהּ עַל ⟨יַמָּא⟩ וְדַבַּר יְיָ יָת יַמָּא בְּרוּחַ קִדוּמָא
onkelos	94	לַאֲחוֹהִי	Genesis.37.9	rev:אחוהי	לאחיו	form+l	reviewed:reviewed-base	correct		וַחֲלַם עוֹד חֶלְמָא אָחֲרָנָא וְאִשְׁתָּעֵי יָתֵהּ ⟨לַאֲחוֹהִי⟩ וַאֲמַר הָא חֲלֵמִית חֶלְמָא עוֹד וְהָא
onkelos	95	יָת	Numbers.27.18	ית	את	form	jastrow-1903:eq	correct		גְבַר דִי רוּחַ נְבוּאָה בֵּיהּ וְתִסְמוֹךְ ⟨יָת⟩ יְדָךְ עֲלוֹהִי
onkelos	96	שְׁנָא	Numbers.28.27	שנא	שנה	form	jastrow-1903:eq	correct		תְּרֵין וּדְכַר חָד שַׁבְעָא אִימְרִין בְּנֵי ⟨שְׁנָא⟩
onkelos	97	הָדֵין	Exodus.4.26	הדינ	הזה	reviewed-form	reviewed	correct		מִנֵהּ בְּכֵן אֲמֶרֶת אִלוּלֵי דְמָא דִמְהֻלְתָּא ⟨הָדֵין⟩ אִתְחַיַב חַתְנָא קְטוֹל
onkelos	98	לֵית	Deuteronomy.14.10	לית	אין	reviewed-form	reviewed	correct		וְכֹל דִי ⟨לֵית⟩ לֵהּ צִיצִין וְקַלְפִין לָא תֵיכְלוּן מְסָאָב
onkelos	99	יֵיעוּל	Numbers.19.7	עלל	יבוא	form:pe.impf.3ms	krupnik-1927:def	correct		כַּהֲנָא וְיַסְחֵי בִשְׂרֵיהּ בְמַיָא וּבָתַר כֵּן ⟨יֵיעוּל⟩ לְמַשְׁרִיתָא וִיהֵי מְסָאָב כַּהֲנָא עַד רַמְשָׁא
onkelos	100	אוֹ	Leviticus.7.16	או	או	reviewed-form	reviewed	correct		וְאִם נִדְרָא ⟨אוֹ⟩ נְדַבְתָּא נִכְסַת קֻרְבָּנֵהּ בְּיוֹמָא דִי יְקָרֵב
onkelos	101	יָת	Genesis.37.16	ית	את	form	jastrow-1903:eq	correct		וַאֲמַר ⟨יָת⟩ אַחַי אֲנָא בָעֵי חַוִי כְעַן לִי
onkelos	102	אַפֵּי	Leviticus.16.14	אפי	פני	reviewed-form	reviewed	correct		וְיִסַב מִדְמָא דְתוֹרָא וְיַדֵי בְאֶצְבְּעֵהּ עַל ⟨אַפֵּי⟩ כַּפּוּרְתָּא קִדוּמָא וְלָקֳדָם כַּפֻּרְתָּא יַדִי שְׁבַע
onkelos	103	יָת	Leviticus.4.15	ית	את	form	jastrow-1903:eq	correct		וְיִסְמְכוּן סָבֵי כְנִשְׁתָּא ⟨יָת⟩ יְדֵיהוֹן עַל רֵישׁ תּוֹרָא קֳדָם יְיָ
onkelos	104	זִמְנָא	Numbers.11.16	זמנא	פעם	reviewed-form	reviewed	incorrect	'(tent of) meeting' (משכן זמנא)	סָבֵי עַמָא וְסַרְכוֹהִי וְתַדְבֵּר יָתְהוֹן לְמַשְׁכַּן ⟨זִמְנָא⟩ וְיִתְעַתְּדוּן תַּמָן עִמָךְ
onkelos	105	יָת	Leviticus.25.52	ית	את	form	jastrow-1903:eq	correct		דְיוֹבֵלָא וִיחַשֶׁב לֵהּ כְּפוּם שְׁנוֹהִי יָתֵב ⟨יָת⟩ פּוּרְקָנֵהּ
onkelos	106	לָא	Leviticus.13.53	לא	לא	form	jastrow-1903:same	correct		וְאִם יֶחֱזֵי כַהֲנָא וְהָא ⟨לָא⟩ אוֹסֵף מַכְתָּשָׁא בִּלְבוּשָׁא אוֹ בְשִׁתְיָא אוֹ
onkelos	107	יַת	Deuteronomy.22.1	ית	את	form	jastrow-1903:eq	correct		לָא תֶחֱזֵי יָת תּוֹרָא דְאָחוּךְ אוֹ ⟨יַת⟩ אִמְרֵהּ דְטָעָן וְתִתְכְּבֵשׁ מִנְהוֹן אָתָבָא תָתֵבִנוּן
onkelos	108	הוּא	Numbers.35.19	הוא	הוא	reviewed-form	reviewed	correct		קָטוֹלָא כַּד אִתְחַיַב לֵהּ מִן דִינָא ⟨הוּא⟩ יְקַטְלִנֵהּ
onkelos	109	נִכְסַת	Deuteronomy.27.7	נכסא	זבח	form:n.sg	krupnik-1927:def	correct		וְתִכּוֹס ⟨נִכְסַת⟩ קוּדְשִׁין וְתֵיכוּל תַּמָן וְתֶחֱדֵי קֳדָם יְיָ
onkelos	110	דִי	Exodus.28.8	די	אשר	reviewed-form	reviewed	correct		וְהֶמְיַן תִּקוּנֵי ⟨דִי⟩ עֲלוֹהִי כְּעוֹבָדוֹהִי מִנֵהּ יְהֵי דַהֲבָא תִּכְלָא
onkelos	111	סִלְעִין	Numbers.7.31	סלעינ	סלעים	reviewed-form	reviewed	correct		קֻרְבָּנֵהּ מְגִסְתָּא דִכְסַף חֲדָא מְאָה וּתְלָתִין ⟨סִלְעִין⟩ הֲוָה מַתְקְלַהּ מִזְרְקָא חַד דִכְסַף מַתְקְלֵהּ
onkelos	112	אוֹ	Leviticus.13.29	או	או	reviewed-form	reviewed	correct		אִתְּתָא אֲרֵי יְהֵא בֵהּ מַכְתָּשָׁא בְּרֵישׁ ⟨אוֹ⟩ בִּדְקָן
onkelos	113	מַדְבְּחָא	Leviticus.3.13	מדבחא	המזבח	reviewed-form	reviewed	correct		וְיִזְרְקוּן בְּנֵי אַהֲרֹן יָת דְמֵהּ עַל ⟨מַדְבְּחָא⟩ סְחוֹר סְחוֹר
onkelos	114	אֲרֵי	Deuteronomy.5.9	ארי	כי	reviewed-form	reviewed	correct		לָא תִסְגוּד לְהוֹן וְלָא תִפְלְחִנוּן ⟨אֲרֵי⟩ אֲנָא יְיָ אֱלָהָךְ אֵל קַנָא מַסְעַר
onkelos	115	יוֹמִין	Leviticus.15.24	יומינ	ימים	reviewed-form	reviewed	correct		וּתְהֵי רִחוּקָהּ עֲלוֹהִי וִיהֵי מְסָאָב שִׁבְעַת ⟨יוֹמִין⟩ וְכָל מִשְׁכָּב דִי יִשְׁכּוּב עֲלוֹהִי יְהֵי
onkelos	116	וְעַל	Leviticus.8.23	ועל	ועל	reviewed-form	reviewed	correct		וִיהַב עַל רוּם אוּדְנָא דְאַהֲרֹן דְיַמִינָא ⟨וְעַל⟩ אִלְיוֹן יְדֵהּ דְיַמִינָא וְעַל אִלְיוֹן רַגְלֵהּ
onkelos	117	מַשְׁכּוֹנָא	Deuteronomy.24.17	משכונא	עבוט, ערבון	form	krupnik-1927:def	correct		תַצְלֵי דִין גִיוֹרָא וְיִתַּמָא וְלָא תִסַב ⟨מַשְׁכּוֹנָא⟩ לְבוּשׁ אַרְמְלָא
onkelos	118	עָבְדָא	Deuteronomy.31.20	עבדא	העבד	reviewed-form	reviewed	incorrect	'producing (milk and honey)', participle	אֲרֵי אָעֵלִנוּן לְאַרְעָא דִי קַיֵמִית לַאֲבָהָתְהוֹן ⟨עָבְדָא⟩ חֲלַב וּדְבַשׁ וְיֵיכְלוּן וְיִשְׂבְּעוּן וְיִתְפַּנְקוּן וְיִתְפְּנוּן
onkelos	119	קֳדָם	Genesis.22.14	קדמ	לפני	reviewed-form	reviewed	correct		יִתְאֲמַר בְּיוֹמָא הָדֵין בְּטוּרָא הָדֵין אַבְרָהָם ⟨קֳדָם⟩ יְיָ פְּלָח
onkelos	120	בְּרֵהּ	Genesis.25.6		בנו	reviewed-form	reviewed	correct		יְהַב אַבְרָהָם מַתְּנָן וְשַׁלְחִנּוּן מֵעַל יִצְחָק ⟨בְּרֵהּ⟩ בְּעוֹד דְּהוּא קַיָּם קִידוּמָא לַאֲרַע מַדִינְחָא
onkelos	121	תַמָן	Deuteronomy.17.12	תמנ	שם	reviewed-form	reviewed	correct		דְלָא לְקַבָּלָא מִן כַּהֲנָא דְקָאֵם לְשַׁמָשָׁא ⟨תַמָן⟩ קֳדָם יְיָ אֱלָהָךְ אוֹ מִן דַיָנָא
onkelos	122	כָּל	Genesis.41.8	כל	כל	reviewed-form	reviewed	correct		בְצַפְרָא וּמִטַּרְפָּא רוּחֵהּ וּשְׁלַח וּקְרָא יָת ⟨כָּל⟩ חֳרָשֵׁי מִצְרַיִם וְיָת כָּל חַכִּימָהָא וְאִשְׁתָּעִי
onkelos	123	אַרְעָא	Genesis.2.6	ארעא	אדמה, ארץ	form	krupnik-1927:def	correct		וַעֲנָנָא הֲוָה סָלֵיק מִן ⟨אַרְעָא⟩ וְאַשְׁקֵי יָת כָּל אַפֵּי אַדְמְתָא
onkelos	124	וּתְהֵי	Leviticus.5.13	הוה	ותהיה	form:pe.impf.2ms+w	reviewed:reviewed	correct		דִי חָב מֵחֲדָא מֵאִלֵין וְיִשְׁתְּבֵק לֵהּ ⟨וּתְהֵי⟩ לְכַהֲנָא כְּמִנְחָתָא
onkelos	125	דְּאַרְעָא	Genesis.42.33	ארעא	של אדמה, ארץ	form+d	krupnik-1927:def	correct		וַאֲמַר לָנָא גַּבְרָא רִבּוֹנָא ⟨דְּאַרְעָא⟩ בְּדָא אִדַּע אֲרֵי כֵיוָנֵי אַתּוּן אֲחוּכוֹן
onkelos	126	יַרְחָא	Numbers.18.16	ירחא	יֶרח, חודש	form	krupnik-1927:def	correct		וּפוּרְקָנֵיהּ מִבַּר ⟨יַרְחָא⟩ תִּפְרוֹק בְּפוּרְסָנֵיהּ כְּסַף חַמְשָׁא סִלְעִין בְּסִלְעֵי
onkelos	127	דְמָא	Leviticus.7.26	דמא	דם	reviewed-form	reviewed	correct		וְכָל ⟨דְמָא⟩ לָא תֵיכְלוּן בְּכֹל מוֹתְבָנֵיכוֹן דְעוֹפָא וְדִבְעִירָא
onkelos	128	וְיָת	Genesis.12.20	ית	ואת	form+w	jastrow-1903:eq	correct		וּפַקִּיד עֲלוֹהִי פַּרְעֹה גּוּבְרִין וְאַלְוִיאוּ יָתֵהּ ⟨וְיָת⟩ אִתְּתֵהּ וְיָת כָּל דִילֵהּ
onkelos	129	מְחָר	Numbers.16.16	מחר	מָחר	form	krupnik-1927:def	correct		זְמִינִין לָקֳדָם יְיָ אַתְּ וְאִינוּן וְאַהֲרֹן ⟨מְחָר⟩
onkelos	130	כַּהֲנָא	Deuteronomy.20.2	כהנא	הכהן	reviewed-form	reviewed	correct		וִיהֵי כְּמִקְרָבְכוֹן לַאֲגָחָא קְרָבָא וְיִתְקְרִיב ⟨כַּהֲנָא⟩ וִימַלֵל עִם עַמָא
onkelos	131	חָזֵי	Genesis.39.23	חזי	ראה · ראוי	form	krupnik-1927:def	correct		לֵית רַב בֵּית אֲסִירֵי ⟨חָזֵי⟩ יָת כָּל סָרְחָן בִּידֵהּ בְּדִי מֵימְרָא
onkelos	132	שְׁנִין	Genesis.11.22	שנינ	שנים	reviewed-form	reviewed	correct		וַחֲיָא שְׂרוּג תְּלָתִין ⟨שְׁנִין⟩ וְאוֹלִיד יָת נָחוֹר
onkelos	133	לָא	Leviticus.19.13	לא	לא	form	jastrow-1903:same	correct		⟨לָא⟩ תַעֲשׁוֹק יָת חַבְרָךְ וְלָא תְאַנֵס לָא
onkelos	134	הָא	Numbers.18.21	הא	הנה	reviewed-form	reviewed	correct		וְלִבְנֵי לֵוִי ⟨הָא⟩ יְהָבִית כָּל מַעַשְׂרָא בְּיִשְׂרָאֵל לְאַחֲסָנָא חֲלַף
onkelos	135	וְלָא	Leviticus.26.21	לא	ולא	form+w	jastrow-1903:same	correct		וְאִם תְּהָכוּן קֳדָמַי בְּקַשְׁיוּ ⟨וְלָא⟩ תֵיבוּן לְקַבָּלָא לְמֵימְרִי וְאוֹסֵף לֶאֱתָאָה עֲלֵיכוֹן
onkelos	136	דֵין	Numbers.4.24	דינ	זה	reviewed-form	reviewed	correct		⟨דֵין⟩ פּוּלְחַן זַרְעֲיַת גֵרְשׁוֹן לְמִפְלַח וּלְמַטוּל
onkelos	137	צִפּוּנָא	Exodus.27.11	ציפונא	צפון	form	jastrow-1903:eq	correct		וְכֵן לְרוּחַ ⟨צִפּוּנָא⟩ בְּאֻרְכָּא סְרָדִין מְאָה אֻרְכָּא וְעַמוּדוֹהִי עֶשְׂרִין
onkelos	138	מִן	Numbers.20.28	מנ	מן	reviewed-form	reviewed	correct		תַּמָן בְּרֵישׁ טוּרָא וּנְחַת משֶׁה וְאֶלְעָזָר ⟨מִן⟩ טוּרָא
onkelos	139	יָתָנָא	Deuteronomy.1.19	pron:יתנא	אותנו	form	grammar:pronominal	correct		דֶאֱמוֹרָאָה כְּמָא דִי פַקִיד יְיָ אֱלָהָנָא ⟨יָתָנָא⟩ וַאֲתֵינָא עַד רְקַם גֵיאָה
onkelos	140	חַמְשִׁין	Numbers.31.30	חמשינ	חמשים	form	krupnik-1927:def	correct		בְּנֵי יִשְׂרָאֵל תִּסַב חָד דְאִתַּחָד מִן ⟨חַמְשִׁין⟩ מִן אֱנָשָׁא מִן תּוֹרֵי מִן חֲמָרֵי
onkelos	141	דִי	Leviticus.23.29	די	אשר	reviewed-form	reviewed	correct		אֲרֵי כָל אֲנָשָׁא ⟨דִי⟩ לָא מִתְעַנֵי בִּכְרַן יוֹמָא הָדֵין וְיִשְׁתֵּיצֵי
onkelos	142	בִּישִׁין	Deuteronomy.32.32	בישינ	רעים	reviewed-form	reviewed	correct		דִסְדוֹם פֻּרְעֲנוּתְהוֹן וְלָקוּתְהוֹן כְּעַם עֲמֹרָה מָחָתְהוֹן ⟨בִּישִׁין⟩ כְּרֵישֵׁי חֶוְיָן וְתֻשְׁלָמַת עוֹבָדֵיהוֹן כִּמְרָרוּתְהוֹן
onkelos	143	מֵעַזֵי	Numbers.31.20	מעזי	שערות עזים	form	krupnik-1927:def	correct		לְבוּשׁ וְכָל מַאן דִמְשַׁךְ וְכָל עוֹבַד ⟨מֵעַזֵי⟩ וְכָל מַאן דְעָא תַּדוּן עֲלוֹהִי
onkelos	144	אֲרֵי	Leviticus.13.24	ארי	כי	reviewed-form	reviewed	correct		אוֹ בִסְרָא ⟨אֲרֵי⟩ יְהֵי בְמַשְׁכֵּהּ כְּוָאָה דְנוּר וּתְהֵי רֹשֶׁם
onkelos	145	כָּל	Exodus.35.2	כל	כל	reviewed-form	reviewed	correct		לְכוֹן קוּדְשָׁא שַׁבָּא שַׁבְּתָא קֳדָם יְיָ ⟨כָּל⟩ דְיַעֲבֵד בֵּה עִבִדְתָּא יִתְקְטֵל
onkelos	146	וִידַע	Genesis.8.11	ידע	וידע	form+w	jastrow-1903:same	correct		וְהָא טְּרַף זֵיתָא תְּבִיר נָחִית בְּפוּמַהּ ⟨וִידַע⟩ נֹחַ אֲרֵי קַלִּיאוּ מַיָּא מֵעַל אַרְעָא
onkelos	147	לְהוֹן	Genesis.17.8	pron:להונ	להם	form	grammar:pronominal	correct		כָּל אַרְעָא דִכְנַעַן לְאַחֲסָנַת עָלָם וְאֱהֶוֵי ⟨לְהוֹן⟩ לֵאלָהָא
onkelos	148	לְוָת	Leviticus.23.10	לות	אל	reviewed-form	reviewed	correct		חֲצָדַהּ וְתַיְתוּן יָת עוּמְרָא רֵישׁ חֲצָדְכוֹן ⟨לְוָת⟩ כַּהֲנָא
onkelos	149	קֳדָם	Exodus.6.12	קדמ	לפני	reviewed-form	reviewed	correct		וּמַלִיל משֶׁה ⟨קֳדָם⟩ יְיָ לְמֵימָר הָא בְנֵי יִשְׂרָאֵל לָא
onkelos	150	אֱלָהָךְ	Deuteronomy.11.12	אלהכ	אלהיך	reviewed-form	reviewed	correct		אֱלָהָךְ תָּבַע יָתַהּ תְּדִירָא עֵינֵי דַיְיָ ⟨אֱלָהָךְ⟩ בַּהּ מֵרֵישָׁא דְשַׁתָּא וְעַד סוֹפָא דְשַׁתָּא
onkelos	151	לָא	Deuteronomy.2.34	לא	לא	form	jastrow-1903:same	correct		יָת כָּל קִרְוֵי גֻבְרַיָא וּנְשַׁיָא וְטַפְלָא ⟨לָא⟩ אַשְׁאַרְנָא מְשֵׁזִב
onkelos	152	בָּתַר	Leviticus.13.7	בתר	אחר	reviewed-form	reviewed	correct		וְאִם אוֹסָפָא תוֹסֵף עֲדִיתָא בְּמַשְׁכָּא ⟨בָּתַר⟩ דְאִתְּחֲזִי לְכַהֲנָא לְדַכּוּתֵהּ וְיִתַּחֲזִי תִנְיָנוּת לְכַהֲנָא
onkelos	153	כָּל	Deuteronomy.3.18	כל	כל	reviewed-form	reviewed	correct		מְזָרְזִין תַּעְבְּרוּן קֳדָם אֲחֵיכוֹן בְּנֵי יִשְׂרָאֵל ⟨כָּל⟩ מְזָרְזֵי חֵילָא
onkelos	154	גְבַר	Numbers.16.17	גבר	איש	reviewed-form	reviewed	correct		מַחְתִּיתֵיהּ מָאתָן וְחַמְשִׁין מַחְתְּיָן וְאַתְּ וְאַהֲרֹן ⟨גְבַר⟩ מַחְתִּיתֵהּ
onkelos	155	קֳדָם	Numbers.17.5	קדמ	לפני	reviewed-form	reviewed	correct		מִזַרְעָא דְאַהֲרֹן הוּא לְאַסָקָא קְטוֹרֶת בּוּסְמִין ⟨קֳדָם⟩ יְיָ וְלָא יְהֵי כְקֹרַח וְכִכְנִשְׁתֵּיהּ כְּמָא
onkelos	156	עִם	Numbers.33.50	עמ	עם	reviewed-form	reviewed	correct		וּמַלִיל יְיָ ⟨עִם⟩ משֶׁה בְּמֵישְׁרַיָא דְמוֹאָב עַל יַרְדְנָא דִירֵחוֹ
onkelos	157	אַרְעָא	Genesis.45.26	ארעא	אדמה, ארץ	form	krupnik-1927:def	correct		יוֹסֵף קַיָּם וַאֲרֵי הוּא שַׁלִּיט בְּכָל ⟨אַרְעָא⟩ דְמִצְרָיִם וַהֲווֹ מִלַּיָּא פָּיְגָן עַל לִבֵּהּ
onkelos	158	הוּא	Genesis.17.12	הוא	הוא	reviewed-form	reviewed	correct		כַּסְפָּא מִכֹּל בַּר עַמְמִין דְלָא מִבְּנָךְ ⟨הוּא⟩
onkelos	159	וְלָא	Numbers.11.26	לא	ולא	form+w	jastrow-1903:same	correct		וּשְׁרַת עֲלֵיהוֹן רוּחַ נְבוּאָה וְאִנוּן בַּכְּתִיבַיָא ⟨וְלָא⟩ נְפָקוּ לְמַשְׁכְּנָא וְאִתְנַבִּיאוּ בְּמַשְׁרִיתָא
onkelos	160	וִיהֵי	Leviticus.5.5	הוה	ויהיה	form:pe.impf.3ms+w	reviewed:reviewed	correct		⟨וִיהֵי⟩ אֲרֵי יֵחוֹב לַחֲדָא מֵאִלֵין וִיוַדִי דִי
onkelos	161	דִּי	Genesis.49.24	די	אשר	reviewed-form	reviewed	correct		לֵהּ מִן קֳדָם אֵל תַּקִיפָא דְיַעֲקֹב ⟨דִּי⟩ בְמֵימְרֵהּ זַן אֲבָהָן וּבְנִין זַרְעָא דְיִשְׂרָאֵל
onkelos	162	עִם	Genesis.35.22	עמ	עם	reviewed-form	reviewed	correct		יִשְׂרָאֵל בְּאַרְעָא הַהִיא וַאֲזַל רְאוּבֵן וּשְׁכִיב ⟨עִם⟩ בִּלְהָה לְחֵינָתָא דַאֲבוּהִי וּשְׁמַע יִשְׂרָאֵל וַהֲווֹ
onkelos	163	קֳדָמָךְ	Deuteronomy.31.3	pron:קדמכ	לפניך	form	grammar:pronominal	correct		יְיָ אֱלָהָךְ מֵימְרֵהּ עֲבַר ⟨קֳדָמָךְ⟩ הוּא יְשֵׁצֵי יָת עַמְמַיָא הָאִלֵין מִקֳדָמָךְ
onkelos	164	דִּי	Genesis.30.38	די	אשר	reviewed-form	reviewed	correct		וְדָעִיץ יָת חוּטְרַיָּא ⟨דִּי⟩ קַלִּיף בִּרְהָטַיָּא אֲתַר בֵּית שַׁקְיָא דְמַיָּא
onkelos	165	יָת	Genesis.11.19	ית	את	form	jastrow-1903:eq	correct		וַחֲיָא פֶלֶג בָּתַר דְּאוֹלִיד ⟨יָת⟩ רְעוּ מָאתָן וּתְשַׁע שְׁנִין וְאוֹלִיד בְּנִין
onkelos	166	מָדִינְחָא	Genesis.10.30	מדינחא	מזרח	form	krupnik-1927:def	correct		וַהֲוָה מוֹתְבָנֵהוֹן מִמֵּשָׁא מָטֵי לִסְפַר טּוּר ⟨מָדִינְחָא⟩
onkelos	167	כְּוָתֵהּ	Deuteronomy.7.26	pron:כותה	כמוה	form	grammar:pronominal	correct		וְלָא תָעֵל דִמְרָחָק לְבֵיתָךְ וּתְהֵי חֶרְמָא ⟨כְּוָתֵהּ⟩ שַׁקָצָא תְשַׁקְצִנֵהּ וְרַחָקָא תְּרַחֲקִנֵהּ אֲרֵי חֶרְמָה
onkelos	168	וְיָת	Deuteronomy.21.13	ית	ואת	form+w	jastrow-1903:eq	correct		מִנַהּ וְתֵיתַב בְּבֵיתָךְ וְתִבְכֵּי יָת אֲבוּהָא ⟨וְיָת⟩ אִמַהּ יְרַח יוֹמִין וּבָתַר כֵּן תֵּיעוּל
onkelos	169	שְׁמַיָא	Deuteronomy.4.32	שמיא	שמים	form	jastrow-1903:eq	correct		בְרָא יְיָ אָדָם עַל אַרְעָא וּלְמִסְיָפֵי ⟨שְׁמַיָא⟩ וְעַד סְיָפֵי שְׁמַיָא הַהֲוָה כְּפִתְגָמָא רַבָּא
onkelos	170	בָּתַר	Genesis.11.15	בתר	אחר	reviewed-form	reviewed	correct		וַחֲיָא שֶׁלַח ⟨בָּתַר⟩ דְּאוֹלִיד יָת עֵבֶר אַרְבַּע מְאָה וּתְלָת
onkelos	171	וְלָא	Deuteronomy.34.10	לא	ולא	form+w	jastrow-1903:same	correct		⟨וְלָא⟩ קָם נְבִיָא עוֹד בְּיִשְׂרָאֵל כְּמֹשֶׁה דִי
onkelos	172	הָדֵין	Deuteronomy.3.25	הדינ	הזה	reviewed-form	reviewed	correct		טַבְתָא דִּי בְּעִבְרָא דְיַרְדְנָא טוּרָא טָּבָא ⟨הָדֵין⟩ וּבֵית מַקְדָשָׁא
onkelos	173	יָת	Leviticus.7.3	ית	את	form	jastrow-1903:eq	correct		מִנֵהּ יָת אֲלִיתָא וְיָת תַּרְבָּא דְחָפֵי ⟨יָת⟩ גַוָא
onkelos	174	אֲרֵי	Genesis.31.20	ארי	כי	reviewed-form	reviewed	correct		דְלָבָן אֲרַמָּאָה עַל דְּלָא חַוִּי לֵהּ ⟨אֲרֵי⟩ אָזֵל הוּא
onkelos	175	גַבְרָא	Exodus.2.1	גברא	האיש	reviewed-form	reviewed	correct		וַאֲזַל ⟨גַבְרָא⟩ מִדְבֵית לֵוִי וּנְסִיב יָת בַּת לֵוִי
onkelos	176	דִי	Numbers.15.18	די	אשר	reviewed-form	reviewed	correct		בְּנֵי יִשְׂרָאֵל וְתֵימַר לְהוֹן בְּמֵעַלְכוֹן לְאַרְעָא ⟨דִי⟩ אֲנָא מָעֵל יָתְכוֹן לְתַמָן
onkelos	177	וַאֲמַר	Genesis.43.27	אמר	ואמר	form+w	jastrow-1903:same	correct		וּשְׁאֵיל לְהוֹן לִשְׁלַם ⟨וַאֲמַר⟩ הַשְׁלַם אֲבוּכוֹן סָבָא דִּי אֲמַרְתּוּן הַעַד
onkelos	178	אִם	Genesis.31.50	אמ	אם	reviewed-form	reviewed	correct		⟨אִם⟩ תְּעַנֵּי יָת בְּנָתַי וְאִם תִּסַּב נְשִׁין
onkelos	179	וִיהֵי	Exodus.29.37	הוה	ויהיה	form:pe.impf.3ms+w	reviewed:reviewed	correct		יוֹמִין תְּכַפֵּר עַל מַדְבְּחָא וּתְקַדֵשׁ יָתֵהּ ⟨וִיהֵי⟩ מַדְבְּחָא קֹדֶשׁ קוּדְשַׁיָא כָּל דְיִקְרַב בְּמַדְבְּחָא
onkelos	180	עִם	Leviticus.19.2	עמ	עם	reviewed-form	reviewed	correct		מַלֵל ⟨עִם⟩ כָּל כְּנִשְׁתָּא דִבְנֵי יִשְׂרָאֵל וְתֵימַר לְהוֹן
onkelos	181	דְהַב	Numbers.31.52	דהב	זהב	form	krupnik-1927:def	correct		וַהֲוָה כָּל ⟨דְהַב⟩ אַפְרָשׁוּתָא דְאַפְרָשׁוּ קֳדָם יְיָ שִׁתָּא עַשֲׂר
onkelos	182	עַל	Exodus.39.17	על	על	reviewed-form	reviewed	correct		תַּרְתֵּין גְדִילָתָא דִדְהַב עַל תַּרְתֵּין עִזְקָתָא ⟨עַל⟩ סִטְרֵי חוּשְׁנָא
onkelos	183	אֱלָהָכוֹן	Leviticus.18.4	אלהכונ	אלהיכם	reviewed-form	reviewed	correct		קְיָמַי תִּטְרוּן לְהַלָכָא בְּהוֹן אֲנָא יְיָ ⟨אֱלָהָכוֹן⟩
onkelos	184	אֲנָא	Genesis.24.24	pron:אנא	אני	form	grammar:pronominal	correct		וַאֲמֶרֶת לֵהּ בַּת בְּתוּאֵל ⟨אֲנָא⟩ בַּר מִלְכָּה דִּילֵידַת לְנָחוֹר
onkelos	185	לְמשֶׁה	Numbers.32.2	למשה	למשה	reviewed-form	reviewed	correct		וַאֲתוֹ בְנֵי גָד וּבְנֵי רְאוּבֵן וַאֲמָרוּ ⟨לְמשֶׁה⟩ וּלְאֶלְעָזָר כַּהֲנָא וּלְרַבְרְבֵי כְּנִשְׁתָּא לְמֵימָר
onkelos	186	קֳדָמָךְ	Deuteronomy.33.8	pron:קדמכ	לפניך	form	grammar:pronominal	correct		תּוּמַיָא וְאוּרַיָא אַלְבֶּשְׁתָּא לִגְבַר דְאִשְׁתְּכַח חֲסִידָא ⟨קֳדָמָךְ⟩ דִי נַסִיתוֹהִי בְּנִסֵתָא וַהֲוָה שְׁלִים בְּחַנְתּוֹהִי
onkelos	187	בִּרְכָן	Deuteronomy.11.27	ברכא	ברך · ברכה, די	form:n.pl	krupnik-1927:def	correct		יָת ⟨בִּרְכָן⟩ דִי תְקַבְּלוּן לְפִקוּדַיָא דַיְיָ אֳלָהֲכוֹן דִי
onkelos	188	נוּכְרָאָה	Exodus.18.3	נוכראה	נכר, זר	form	krupnik-1927:def	correct		גֵרְשֹׁם אֲרֵי אֲמַר דַיָר הֲוֵיתִי בְּאַרְעָא ⟨נוּכְרָאָה⟩
onkelos	189	וּבְכָל	Genesis.7.21	rev:בכל	ובכל	form+w	reviewed:reviewed-base	correct		דְּרָחֵשׁ עַל אַרְעָא בְּעוֹפָא וּבִבְעִירָא וּבְחַיְתָא ⟨וּבְכָל⟩ רִחֲשָׁא דְּרָחֵשׁ עַל אַרְעָא וְכֹל אֱנָשָׁא
onkelos	190	אֱלָהָךְ	Deuteronomy.5.16	אלהכ	אלהיך	reviewed-form	reviewed	correct		וְיָת אִמָךְ כְּמָא דִי פַקְדָךְ יְיָ ⟨אֱלָהָךְ⟩ בְּדִיל דְיוֹרְכוּן יוֹמָיךְ וּבְדִיל דְיֵיטַב לָךְ
onkelos	191	לְהוֹן	Genesis.40.8	pron:להונ	להם	form	grammar:pronominal	correct		חֶלְמָא חֲלֵמְנָא וּפָשַׁר לֵית לֵהּ וַאֲמַר ⟨לְהוֹן⟩ יוֹסֵף הֲלָא מִן קֳדָם יְיָ פּוּשְׁרַן
onkelos	192	קוּדְשָׁא	Leviticus.27.3	קודשא	קודש, קדושה	form	krupnik-1927:def	correct		וִיהֵי פֻרְסָנֵהּ חַמְשִׁין סִלְעִין דִכְסַף בְּסִלְעֵי ⟨קוּדְשָׁא⟩
onkelos	193	וְלָא	Deuteronomy.13.9	לא	ולא	form+w	jastrow-1903:same	correct		תְקַבֵּל מִנֵהּ וְלָא תְחוּס עֵינָךְ עֲלוֹהִי ⟨וְלָא⟩ תְרַחַם וְלָא תְכַסֵי עֲלוֹהִי
onkelos	194	עִמַּהּ	Genesis.39.10	עמה	עמו	reviewed-form	reviewed	incorrect	pointed עִמַּהּ is 'with her'	וְלָא קַבִּיל מִנַּהּ לְמִשְׁכַּב לְוָתַהּ לְמֶהֱוֵי ⟨עִמַּהּ⟩
onkelos	195	לָא	Deuteronomy.23.20	לא	לא	form	jastrow-1903:same	correct		⟨לָא⟩ תְרַבֵּי לַאֲחוּךְ רִבִּית כְּסַף רִבִּית עִבוּר
onkelos	196	עַל	Genesis.11.28	על	על	reviewed-form	reviewed	correct		וּמִית הָרָן ⟨עַל⟩ אַפֵּי תֶּרַח אֲבוּהִי בְּאַרְעָא דְּיַלָּדוּתֵהּ בְּאוּרָא
onkelos	197	דִּי	Exodus.22.15	די	אשר	reviewed-form	reviewed	correct		וַאֲרֵי יְשַׁדֵל גְבַר בְּתֻלְתָּא ⟨דִּי⟩ לָא מְאַרְסָא וְיִשְׁכּוּב עִמַהּ קַיָמָא יְקַיְמִנַהּ
onkelos	198	דִי	Leviticus.11.34	די	אשר	reviewed-form	reviewed	correct		מִכָּל מֵיכְלָא דְמִתְאֲכֵל ⟨דִי⟩ יַעֲלוּן עֲלוֹהִי מַיָא יְהֵי מְסָאָב וְכָל
onkelos	199	אַף	Genesis.50.9	אפ	אף	reviewed-form	reviewed	correct		וּסְלִיקוּ עִמֵּהּ אַף רְתִכִּין ⟨אַף⟩ פָּרָשִׁין וַהֲוָה מַשְׁרִיתָא סַגִּיאָה לַחֲדָא
biblical-aramaic	0	עַל	Ezra.4.19	על	על	reviewed-form	reviewed	correct		דִּ֚י קִרְיְתָ֣א דָ֔ךְ מִן יוֹמָת֙ עֽ͏ָלְמָ֔א ⟨עַל⟩ מַלְכִ֖ין מִֽתְנַשְּׂאָ֑ה וּמְרַ֥ד וְאֶשְׁתַּדּ֖וּר מִתְעֲבֶד בַּֽהּ
biblical-aramaic	1	וְעַד	Ezra.7.22	ועד	ועד	reviewed-form	reviewed	correct		כַּכְּרִ֣ין מְאָה֒ וְעַד חִנְטִין֙ כֹּרִ֣ין מְאָ֔ה ⟨וְעַד⟩ חֲמַר֙ בַּתִּ֣ין מְאָ֔ה וְעַד בַּתִּ֥ין מְשַׁ֖ח
biblical-aramaic	2	דִּֽי	Daniel.4.32	די	אשר	reviewed-form	reviewed	correct		שְׁמַיָּ֔א ודארי וְדָיְרֵ֖י אַרְעָ֑א וְלָ֤א אִיתַי֙ ⟨דִּֽי⟩ יְמַחֵ֣א בִידֵ֔הּ וְיֵ֥אמַר לֵ֖הּ מָ֥ה עֲבַֽדְתְּ
biblical-aramaic	3	דִּ֥י	Daniel.3.19	די	אשר	reviewed-form	reviewed	correct		וְאָמַר֙ לְמֵזֵ֣א לְאַתּוּנָ֔א חַ֨ד שִׁבְעָ֔ה עַ֛ל ⟨דִּ֥י⟩ חֲזֵ֖ה לְמֵזְיֵֽהּ
biblical-aramaic	4	עַ֣ד	Daniel.4.22	עד	עד	reviewed-form	reviewed	correct		לָ֣ךְ מְצַבְּעִ֔ין וְשִׁבְעָ֥ה עִדָּנִ֖ין יַחְלְפ֣וּן עֲלָ֑יךְ ⟨עַ֣ד⟩ דִּֽי תִנְדַּ֗ע דִּֽי שַׁלִּ֤יט עִלָּיָא֙ בְּמַלְכ֣וּת
biblical-aramaic	5	עֲבַד֙	Daniel.3.1	עבד	עשה	reviewed-form	reviewed	correct		נְבוּכַדְנֶצַּ֣ר מַלְכָּ֗א ⟨עֲבַד֙⟩ צְלֵ֣ם דִּֽי דְהַ֔ב רוּמֵהּ֙ אַמִּ֣ין שִׁתִּ֔ין
biblical-aramaic	6	וְאָמַ֣ר	Daniel.2.5	אמר	ואמר	form+w	jastrow-1903:same	correct		עָנֵ֤ה מַלְכָּא֙ ⟨וְאָמַ֣ר⟩ לכשדיא לְכַשְׂדָּאֵ֔י מִלְּתָ֖א מִנִּ֣י אַזְדָּ֑א הֵ֣ן
biblical-aramaic	7	מִן	Daniel.6.27	מנ	מן	reviewed-form	reviewed	correct		שָׁלְטָ֣ן מַלְכוּתִ֗י לֶהֱוֺ֤ן זאעין זָיְעִין֙ וְדָ֣חֲלִ֔ין ⟨מִן⟩ קֳדָ֖ם אֱלָהֵ֣הּ דִּי דָֽנִיֵּ֑אל דִּי ה֣וּא
biblical-aramaic	8	הֵ֣ן	Daniel.2.5	הנ	אם	reviewed-form	reviewed	correct		וְאָמַ֣ר לכשדיא לְכַשְׂדָּאֵ֔י מִלְּתָ֖א מִנִּ֣י אַזְדָּ֑א ⟨הֵ֣ן⟩ לָ֤א תְהֽוֹדְעוּנַּ֙נִי֙ חֶלְמָ֣א וּפִשְׁרֵ֔הּ הַדָּמִין֙ תִּתְעַבְד֔וּן
biblical-aramaic	9	קָאֵ֣ם	Daniel.2.31	קומ	עמד, היה קיים · מי חלב	form:pe.ptcp.ms	krupnik-1927:def	correct		שַׂגִּ֔יא צַלְמָ֨א דִכֵּ֥ן רַ֛ב וְזִיוֵ֥הּ יַתִּ֖יר ⟨קָאֵ֣ם⟩ לְקָבְלָ֑ךְ וְרֵוֵ֖הּ דְּחִֽיל
biblical-aramaic	10	חֶלְמָ֣א	Daniel.7.1	חלמא	חלום	form	jastrow-1903:eq	correct		חֲזָ֔ה וְחֶזְוֵ֥י רֵאשֵׁ֖הּ עַֽל מִשְׁכְּבֵ֑הּ בֵּאדַ֙יִן֙ ⟨חֶלְמָ֣א⟩ כְתַ֔ב רֵ֥אשׁ מִלִּ֖ין אֲמַֽר
biblical-aramaic	11	לְמַלְכָּ֗א	Daniel.6.16	למלכא	למלך	reviewed-form	reviewed	correct		גֻּבְרַיָּ֣א אִלֵּ֔ךְ הַרְגִּ֖שׁוּ עַל מַלְכָּ֑א וְאָמְרִ֣ין ⟨לְמַלְכָּ֗א⟩ דַּ֤ע מַלְכָּא֙ דִּֽי דָת֙ לְמָדַ֣י וּפָרַ֔ס
biblical-aramaic	12	דִֽי	Daniel.5.29	די	אשר	reviewed-form	reviewed	correct		בֵּלְשַׁאצַּ֗ר וְהַלְבִּ֤ישׁוּ לְדָֽנִיֵּאל֙ אַרְגְּוָנָ֔א והמונכא וְהַֽמְנִיכָ֥א ⟨דִֽי⟩ דַהֲבָ֖א עַֽל צַוְּארֵ֑הּ וְהַכְרִ֣זֽוּ עֲל֔וֹהִי דִּֽי
biblical-aramaic	13	מַלְכָּ֑א	Daniel.2.16	מלכא	מלך	reviewed-form	reviewed	correct		וְדָ֣נִיֵּ֔אל עַ֖ל וּבְעָ֣ה מִן ⟨מַלְכָּ֑א⟩ דִּ֚י זְמָ֣ן יִנְתֵּן לֵ֔הּ וּפִשְׁרָ֖א לְהַֽחֲוָיָ֥ה
biblical-aramaic	14	וְעַל	Daniel.7.4	ועל	ועל	reviewed-form	reviewed	correct		דִּי מְּרִ֨יטוּ גַפַּ֜יהּ וּנְטִ֣ילַת מִן אַרְעָ֗א ⟨וְעַל⟩ רַגְלַ֙יִן֙ כֶּאֱנָ֣שׁ הֳקִימַ֔ת וּלְבַ֥ב אֱנָ֖שׁ יְהִ֥יב
biblical-aramaic	15	דִּ֥י	Daniel.3.8	די	אשר	reviewed-form	reviewed	correct		זִמְנָ֔א קְרִ֖בוּ גֻּבְרִ֣ין כַּשְׂדָּאִ֑ין וַאֲכַ֥לוּ קַרְצֵיה֖וֹן ⟨דִּ֥י⟩ יְהוּדָיֵֽא
biblical-aramaic	16	עֲשַׂר֙	Daniel.7.20	עשר	עשר	reviewed-form	reviewed	correct		וְעַל קַרְנַיָּ֤א ⟨עֲשַׂר֙⟩ דִּ֣י בְרֵאשַׁ֔הּ וְאָחֳרִי֙ דִּ֣י סִלְקַ֔ת ונפלו
biblical-aramaic	17	אֱלָהָֽא	Ezra.6.5	אלה	אלוה	form	jastrow-1903:eq	correct		לְהֵיכְלָ֤א דִי בִירֽוּשְׁלֶם֙ לְאַתְרֵ֔הּ וְתַחֵ֖ת בְּבֵ֥ית ⟨אֱלָהָֽא⟩ ס
biblical-aramaic	18	נוּרָא֙	Daniel.3.24	נורא	אש	reviewed-form	reviewed	correct		לְהַדָּֽבְר֗וֹהִי הֲלָא֩ גֻבְרִ֨ין תְּלָתָ֜א רְמֵ֤ינָא לְגוֹא ⟨נוּרָא֙⟩ מְכַפְּתִ֔ין עָנַ֤יִן וְאָמְרִין֙ לְמַלְכָּ֔א יַצִּיבָ֖א מַלְכָּֽא
biblical-aramaic	19	עַֽמְמַיָּ֞א	Daniel.3.31	עממיא	העמים	reviewed-form	reviewed	correct		נְבוּכַדְנֶצַּ֣ר מַלְכָּ֗א לְֽכָל ⟨עַֽמְמַיָּ֞א⟩ אֻמַיָּ֧א וְלִשָּׁנַיָּ֛א דִּֽי דארין דָיְרִ֥ין בְּכָל
biblical-aramaic	20	אִיתַ֨י	Daniel.5.11	איתי	יש	reviewed-form	reviewed	correct		⟨אִיתַ֨י⟩ גְּבַ֜ר בְּמַלְכוּתָ֗ךְ דִּ֠י ר֣וּחַ אֱלָהִ֣ין קַדִּישִׁין֮
biblical-aramaic	21	מַלְכָּֽא	Daniel.3.24	מלכא	מלך	reviewed-form	reviewed	correct		נוּרָא֙ מְכַפְּתִ֔ין עָנַ֤יִן וְאָמְרִין֙ לְמַלְכָּ֔א יַצִּיבָ֖א ⟨מַלְכָּֽא⟩
biblical-aramaic	22	עליך	Daniel.4.24	עליכ	עליך	reviewed-form	reviewed	correct		לָהֵ֣ן מַלְכָּ֗א מִלְכִּי֙ יִשְׁפַּ֣ר ⟨עליך⟩ עֲלָ֔ךְ וחטיך וַחֲטָאָךְ֙ בְּצִדְקָ֣ה פְרֻ֔ק וַעֲוָיָתָ֖ךְ
biblical-aramaic	23	לֵֽילְיָ֔א	Daniel.7.13	ליליא	לילה	reviewed-form	reviewed	correct		חָזֵ֤ה הֲוֵית֙ בְּחֶזְוֵ֣י ⟨לֵֽילְיָ֔א⟩ וַאֲרוּ֙ עִם עֲנָנֵ֣י שְׁמַיָּ֔א כְּבַ֥ר אֱנָ֖שׁ
biblical-aramaic	24	מַלְכָּ֗א	Daniel.6.25	מלכא	מלך	reviewed-form	reviewed	correct		וַאֲמַ֣ר ⟨מַלְכָּ֗א⟩ וְהַיְתִ֞יו גֻּבְרַיָּ֤א אִלֵּךְ֙ דִּֽי אֲכַ֤לוּ קַרְצ֙וֹהִי֙
biblical-aramaic	25	בֵּאדַ֛יִן	Ezra.6.1	באדינ	אז	reviewed-form	reviewed	correct		⟨בֵּאדַ֛יִן⟩ דָּרְיָ֥וֶשׁ מַלְכָּ֖א שָׂ֣ם טְעֵ֑ם וּבַקַּ֣רוּ בְּבֵ֣ית
biblical-aramaic	26	לְכָל	Daniel.4.17	לכל	לכל	reviewed-form	reviewed	correct		רְבָ֖ה וּתְקִ֑ף וְרוּמֵהּ֙ יִמְטֵ֣א לִשְׁמַיָּ֔א וַחֲזוֹתֵ֖הּ ⟨לְכָל⟩ אַרְעָֽא
biblical-aramaic	27	דִּֽי	Daniel.2.40	די	אשר	reviewed-form	reviewed	correct		דִּ֤י פַרְזְלָא֙ מְהַדֵּ֤ק וְחָשֵׁל֙ כֹּ֔לָּא וּֽכְפַרְזְלָ֛א ⟨דִּֽי⟩ מְרָעַ֥ע כָּל אִלֵּ֖ין תַּדִּ֥ק וְתֵרֹֽעַ
biblical-aramaic	28	לְמַלְכָּ֔א	Ezra.4.16	למלכא	למלך	reviewed-form	reviewed	correct		מְהוֹדְעִ֤ין אֲנַ֙חְנָה֙ ⟨לְמַלְכָּ֔א⟩ דִּ֠י הֵ֣ן קִרְיְתָ֥א דָךְ֙ תִּתְבְּנֵ֔א וְשׁוּרַיָּ֖ה
biblical-aramaic	29	עליא	Daniel.4.14	עליא	העליון	reviewed-form	reviewed	correct		דִּבְרַ֡ת דִּ֣י יִנְדְּע֣וּן חַ֠יַּיָּא דִּֽי שַׁלִּ֨יט ⟨עליא⟩ עִלָּאָ֜ה בְּמַלְכ֣וּת אנושא אֲנָשָׁ֗א וּלְמַן דִּ֤י
biblical-aramaic	30	כָּל	Daniel.2.8	כל	כל	reviewed-form	reviewed	correct		יָדַ֣ע אֲנָ֔ה דִּ֥י עִדָּנָ֖א אַנְתּ֣וּן זָבְנִ֑ין ⟨כָּל⟩ קֳבֵל֙ דִּ֣י חֲזֵית֔וֹן דִּ֥י אַזְדָּ֖א מִנִּ֥י
biblical-aramaic	31	אֲמַ֖ר	Daniel.2.46	אמר	אמר	form	jastrow-1903:same	correct		עַל אַנְפּ֔וֹהִי וּלְדָנִיֵּ֖אל סְגִ֑ד וּמִנְחָה֙ וְנִ֣יחֹחִ֔ין ⟨אֲמַ֖ר⟩ לְנַסָּ֥כָה לֵֽהּ
biblical-aramaic	32	שְׁמַיָּ֖א	Jeremiah.10.11	שמיא	שמים	form	jastrow-1903:eq	correct		לָ֣א עֲבַ֑דוּ יֵאבַ֧דוּ מֵֽאַרְעָ֛א וּמִן תְּח֥וֹת ⟨שְׁמַיָּ֖א⟩ אֵֽלֶּה ס
biblical-aramaic	33	וְאַ֨נְתְּ	Daniel.4.15	ואנת	ואתה	reviewed-form	reviewed	correct		חֶלְמָ֣א חֲזֵ֔ית אֲנָ֖ה מַלְכָּ֣א נְבוּכַדְנֶצַּ֑ר ואנתה ⟨וְאַ֨נְתְּ⟩ בֵּלְטְּשַׁאצַּ֜ר פִּשְׁרֵ֣א אֱמַ֗ר כָּל קֳבֵל֙ דִּ֣י
biblical-aramaic	34	בַיְתֵ֜הּ	Daniel.5.23	pron:יתה	באותה	form+b	grammar:pronominal	incorrect	'his house' (בַיְתֵהּ), split as ב + יתה	וְעַ֣ל מָרֵֽא שְׁמַיָּ֣א הִתְרוֹמַ֡מְתָּ וּלְמָֽאנַיָּ֨א דִֽי ⟨בַיְתֵ֜הּ⟩ הַיְתִ֣יו קדמיך קָֽדָמָ֗ךְ ואנתה וְאַ֨נְתְּ ורברבניך
biblical-aramaic	35	נְחָשָׁ֔א	Daniel.2.39	נחשא	נחושת	form	krupnik-1927:def	correct		מִנָּ֑ךְ וּמַלְכ֨וּ תליתיא תְלִיתָאָ֤ה אָחֳרִי֙ דִּ֣י ⟨נְחָשָׁ֔א⟩ דִּ֥י תִשְׁלַ֖ט בְּכָל אַרְעָֽא
biblical-aramaic	36	סָֽפְרָ֔א	Ezra.4.9	ספרא	ספר	form	jastrow-1903:eq	correct		אֱדַ֜יִן רְח֣וּם בְּעֵל טְעֵ֗ם וְשִׁמְשַׁי֙ ⟨סָֽפְרָ֔א⟩ וּשְׁאָ֖ר כְּנָוָתְה֑וֹן דִּ֠ינָיֵא וַאֲפַרְסַתְכָיֵ֞א טַרְפְּלָיֵ֣א אֲפָֽרְסָיֵ֗א
biblical-aramaic	37	דִּֽי	Ezra.5.11	די	אשר	reviewed-form	reviewed	correct		דִֽי אֱלָ֨הּ שְׁמַיָּ֜א וְאַרְעָ֗א וּבָנַ֤יִן בַּיְתָא֙ ⟨דִּֽי⟩ הֲוָ֨א בְנֵ֜ה מִקַּדְמַ֤ת דְּנָה֙ שְׁנִ֣ין שַׂגִּיאָ֔ן
biblical-aramaic	38	בַּיְתֵ֔הּ	Ezra.6.11	pron:יתה	באותה	form+b	grammar:pronominal	incorrect	'his house' (בַיְתֵהּ), split as ב + יתה	יְהַשְׁנֵא֙ פִּתְגָמָ֣א דְנָ֔ה יִתְנְסַ֥ח אָע֙ מִן ⟨בַּיְתֵ֔הּ⟩ וּזְקִ֖יף יִתְמְחֵ֣א עֲלֹ֑הִי וּבַיְתֵ֛הּ נְוָל֥וּ יִתְעֲבֵ֖ד
biblical-aramaic	39	אֵֽלֶּה	Jeremiah.10.11	אלה	אלוה	form	jastrow-1903:eq	incorrect	'these' (Jer 10:11 אֵלֶּה)	עֲבַ֑דוּ יֵאבַ֧דוּ מֵֽאַרְעָ֛א וּמִן תְּח֥וֹת שְׁמַיָּ֖א ⟨אֵֽלֶּה⟩ ס
biblical-aramaic	40	לָ֣א	Ezra.4.13	לא	לא	form	jastrow-1903:same	correct		תִּתְבְּנֵ֔א וְשׁוּרַיָּ֖ה יִֽשְׁתַּכְלְל֑וּן מִנְדָּֽה בְל֤וֹ וַהֲלָךְ֙ ⟨לָ֣א⟩ יִנְתְּנ֔וּן וְאַפְּתֹ֥ם מַלְכִ֖ים תְּהַנְזִֽק
biblical-aramaic	41	דִּ֣י	Daniel.6.27	די	אשר	reviewed-form	reviewed	correct		מִן קֳדָמַי֮ שִׂ֣ים טְעֵם֒ ⟨דִּ֣י⟩ בְּכָל שָׁלְטָ֣ן מַלְכוּתִ֗י לֶהֱוֺ֤ן זאעין זָיְעִין֙
biblical-aramaic	42	חֵיוַ֣ת	Daniel.4.9	חיות	חיות	reviewed-form	reviewed	correct		שַׂגִּ֔יא וּמָז֨וֹן לְכֹ֖לָּא בֵ֑הּ תְּחֹת֜וֹהִי תַּטְלֵ֣ל ⟨חֵיוַ֣ת⟩ בָּרָ֗א וּבְעַנְפ֙וֹהִי֙ ידרון יְדוּרָן֙ צִפֲּרֵ֣י שְׁמַיָּ֔א
biblical-aramaic	43	מַלְכָּ֗א	Ezra.6.8	מלכא	מלך	reviewed-form	reviewed	correct		אִלֵּ֔ךְ לְמִבְנֵ֖א בֵּית אֱלָהָ֣א דֵ֑ךְ וּמִנִּכְסֵ֣י ⟨מַלְכָּ֗א⟩ דִּ֚י מִדַּת֙ עֲבַ֣ר נַהֲרָ֔ה אָסְפַּ֗רְנָא נִפְקְתָ֛א
biblical-aramaic	44	אֱלָ֣הּ	Daniel.3.29	אלה	אלוה	form	jastrow-1903:eq	correct		יִשְׁתַּוֵּ֑ה כָּל קֳבֵ֗ל דִּ֣י לָ֤א אִיתַי֙ ⟨אֱלָ֣הּ⟩ אָחֳרָ֔ן דִּֽי יִכֻּ֥ל לְהַצָּלָ֖ה כִּדְנָֽה
biblical-aramaic	45	קֳבֵל֙	Ezra.4.14	קבל	מול	reviewed-form	reviewed	correct		כְּעַ֗ן כָּל ⟨קֳבֵל֙⟩ דִּֽי מְלַ֤ח הֵֽיכְלָא֙ מְלַ֔חְנָא וְעַרְוַ֣ת מַלְכָּ֔א
biblical-aramaic	46	עליא	Daniel.5.18	עליא	העליון	reviewed-form	reviewed	correct		אנתה אַ֖נְתְּ מַלְכָּ֑א אֱלָהָא֙ ⟨עליא⟩ עִלָּאָ֔ה מַלְכוּתָ֤א וּרְבוּתָא֙ וִיקָרָ֣א וְהַדְרָ֔ה יְהַ֖ב
biblical-aramaic	47	מַלְכָּא֮	Daniel.6.13	מלכא	מלך	reviewed-form	reviewed	correct		בֵּ֠אדַיִן קְרִ֨יבוּ וְאָמְרִ֥ין קֳדָם ⟨מַלְכָּא֮⟩ עַל אֱסָ֣ר מַלְכָּא֒ הֲלָ֧א אֱסָ֣ר רְשַׁ֗מְתָּ
biblical-aramaic	48	דִּ֣י	Daniel.2.47	די	אשר	reviewed-form	reviewed	correct		עָנֵה֩ מַלְכָּ֨א לְדָנִיֵּ֜אל וְאָמַ֗ר מִן קְשֹׁט֙ ⟨דִּ֣י⟩ אֱלָהֲכ֗וֹן ה֣וּא אֱלָ֧הּ אֱלָהִ֛ין וּמָרֵ֥א מַלְכִ֖ין
biblical-aramaic	49	דִּ֣י	Daniel.3.15	די	אשר	reviewed-form	reviewed	correct		כְּעַ֞ן הֵ֧ן אִֽיתֵיכ֣וֹן עֲתִידִ֗ין ⟨דִּ֣י⟩ בְעִדָּנָ֡א דִּֽי תִשְׁמְע֡וּן קָ֣ל קַרְנָ֣א מַשְׁרוֹקִיתָ֣א
biblical-aramaic	50	דִּ֑ין	Daniel.4.34	דינ	זה	reviewed-form	reviewed	correct		שְׁמַיָּ֔א דִּ֤י כָל מַעֲבָד֙וֹהִי֙ קְשֹׁ֔ט וְאֹרְחָתֵ֖הּ ⟨דִּ֑ין⟩ וְדִי֙ מַהְלְכִ֣ין בְּגֵוָ֔ה יָכִ֖ל לְהַשְׁפָּלָֽה פ
biblical-aramaic	51	הֵ֧ן	Ezra.5.17	הנ	אם	reviewed-form	reviewed	correct		וּכְעַ֞ן ⟨הֵ֧ן⟩ עַל מַלְכָּ֣א טָ֗ב יִ֠תְבַּקַּר בְּבֵ֨ית גִּנְזַיָּ֜א
biblical-aramaic	52	אִיתַ֤י	Daniel.2.10	איתי	יש	reviewed-form	reviewed	correct		כשדיא כַשְׂדָּאֵ֤י קֳדָם מַלְכָּא֙ וְאָ֣מְרִ֔ין לָֽא ⟨אִיתַ֤י⟩ אֲנָשׁ֙ עַל יַבֶּשְׁתָּ֔א דִּ֚י מִלַּ֣ת מַלְכָּ֔א
biblical-aramaic	53	דִֽי	Daniel.5.24	די	אשר	reviewed-form	reviewed	correct		בֵּאדַ֙יִן֙ מִן קֳדָמ֔וֹהִי שְׁלִ֖יַחַ פַּסָּ֣א ⟨דִֽי⟩ יְדָ֑א וּכְתָבָ֥א דְנָ֖ה רְשִֽׁים
biblical-aramaic	54	וַעֲבֵ֣ד	Daniel.3.14	ועבד	ועשה	reviewed-form	reviewed	correct		נְבֻֽכַדְנֶצַּר֙ וְאָמַ֣ר לְה֔וֹן הַצְדָּ֕א שַׁדְרַ֥ךְ מֵישַׁ֖ךְ ⟨וַעֲבֵ֣ד⟩ נְג֑וֹ לֵֽאלָהַ֗י לָ֤א אִֽיתֵיכוֹן֙ פָּֽלְחִ֔ין וּלְצֶ֧לֶם
biblical-aramaic	55	דִּ֣י	Daniel.6.14	די	אשר	reviewed-form	reviewed	correct		דִּ֣י דָנִיֵּ֡אל דִּי֩ מִן בְּנֵ֨י גָלוּתָ֜א ⟨דִּ֣י⟩ יְה֗וּד לָא שָׂ֨ם עליך עֲלָ֤ךְ מַלְכָּא֙
biblical-aramaic	56	שְׁמַיָּ֔א	Daniel.2.37	שמיא	שמים	form	jastrow-1903:eq	correct		אַ֣נְתְּה מַלְכָּ֔א מֶ֖לֶךְ מַלְכַיָּ֑א דִּ֚י אֱלָ֣הּ ⟨שְׁמַיָּ֔א⟩ מַלְכוּתָ֥א חִסְנָ֛א וְתָקְפָּ֥א וִֽיקָרָ֖א יְהַב לָֽךְ
biblical-aramaic	57	בֵ֑הּ	Daniel.4.18	בה	בה	reviewed-form	reviewed	incorrect	pointed בֵהּ is 'in it (masc.)' — the tree	וְעָפְיֵ֤הּ שַׁפִּיר֙ וְאִנְבֵּ֣הּ שַׂגִּ֔יא וּמָז֨וֹן לְכֹ֖לָּא ⟨בֵ֑הּ⟩ תְּחֹת֗וֹהִי תְּדוּר֙ חֵיוַ֣ת בָּרָ֔א וּבְעַנְפ֕וֹהִי יִשְׁכְּנָ֖ן
biblical-aramaic	58	חָזֵ֔ה	Daniel.5.5	חזה	רואה	reviewed-form	reviewed	correct		דִּֽי כְתַ֥ל הֵיכְלָ֖א דִּ֣י מַלְכָּ֑א וּמַלְכָּ֣א ⟨חָזֵ֔ה⟩ פַּ֥ס יְדָ֖ה דִּ֥י כָתְבָֽה
biblical-aramaic	59	מִלְּתָא֮	Daniel.4.30	מלתא	הדבר	reviewed-form	reviewed	correct		בַּהּ שַׁעֲתָ֗א ⟨מִלְּתָא֮⟩ סָ֣פַת עַל נְבוּכַדְנֶצַּר֒ וּמִן אֲנָשָׁ֣א טְרִ֔יד
biblical-aramaic	60	דְנָ֖ה	Daniel.5.24	דנה	זה	reviewed-form	reviewed	correct		קֳדָמ֔וֹהִי שְׁלִ֖יַחַ פַּסָּ֣א דִֽי יְדָ֑א וּכְתָבָ֥א ⟨דְנָ֖ה⟩ רְשִֽׁים
biblical-aramaic	61	הֲוָ֥א	Daniel.6.15	הוא	הוא	reviewed-form	reviewed	incorrect	pointed הֲוָא 'was'	שָׂ֥ם בָּ֖ל לְשֵׁיזָבוּתֵ֑הּ וְעַד֙ מֶֽעָלֵ֣י שִׁמְשָׁ֔א ⟨הֲוָ֥א⟩ מִשְׁתַּדַּ֖ר לְהַצָּלוּתֵֽהּ
biblical-aramaic	62	בְּכֹ֖ל	Ezra.4.20	בכל	בכל	reviewed-form	reviewed	correct		וּמַלְכִ֣ין תַּקִּיפִ֗ין הֲווֹ֙ עַל יְר֣וּשְׁלֶ֔ם וְשַׁ֨לִּיטִ֔ין ⟨בְּכֹ֖ל⟩ עֲבַ֣ר נַהֲרָ֑ה וּמִדָּ֥ה בְל֛וֹ וַהֲלָ֖ךְ מִתְיְהֵ֥ב
biblical-aramaic	63	מִן	Daniel.6.28	phrase	תיכף ומיד	phrase	krupnik-1927	incorrect	'from (the hand of)' — a wrong phrase	וְתִמְהִ֔ין בִּשְׁמַיָּ֖א וּבְאַרְעָ֑א דִּ֚י שֵׁיזִ֣יב לְדָֽנִיֵּ֔אל ⟨מִן⟩ יַ֖ד אַרְיָוָתָֽא
biblical-aramaic	64	דִֽי	Daniel.2.11	די	אשר	reviewed-form	reviewed	correct		וּמִלְּתָ֨א ⟨דִֽי⟩ מַלְכָּ֤ה שָׁאֵל֙ יַקִּירָ֔ה וְאָחֳרָן֙ לָ֣א אִיתַ֔י
biblical-aramaic	65	לְכָל	Daniel.3.28	לכל	לכל	reviewed-form	reviewed	correct		גֶשְׁמְה֗וֹן דִּ֠י לָֽא יִפְלְח֤וּן וְלָֽא יִסְגְּדוּן֙ ⟨לְכָל⟩ אֱלָ֔הּ לָהֵ֖ן לֵאלָֽהֲהֽוֹן
biblical-aramaic	66	רֽוּחַ	Daniel.4.5	רוח	רוח	reviewed-form	reviewed	correct		דִּֽי שְׁמֵ֤הּ בֵּלְטְּשַׁאצַּר֙ כְּשֻׁ֣ם אֱלָהִ֔י וְדִ֛י ⟨רֽוּחַ⟩ אֱלָהִ֥ין קַדִּישִׁ֖ין בֵּ֑הּ וְחֶלְמָ֖א קָֽדָמ֥וֹהִי אַמְרֵֽת
biblical-aramaic	67	עַ֤ל	Daniel.2.49	על	על	reviewed-form	reviewed	correct		וְדָנִיֵּאל֙ בְּעָ֣א מִן מַלְכָּ֔א וּמַנִּ֗י ⟨עַ֤ל⟩ עֲבִֽידְתָּא֙ דִּ֚י מְדִינַ֣ת בָּבֶ֔ל לְשַׁדְרַ֥ךְ מֵישַׁ֖ךְ
biblical-aramaic	68	אֱלָהָ֗ךְ	Daniel.6.21	אלהכ	אלהיך	reviewed-form	reviewed	correct		וְאָמַ֣ר לְדָנִיֵּ֗אל דָּֽנִיֵּאל֙ עֲבֵד֙ אֱלָהָ֣א חַיָּ֔א ⟨אֱלָהָ֗ךְ⟩ דִּ֣י אנתה אַ֤נְתְּ פָּֽלַֽח לֵהּ֙ בִּתְדִירָ֔א
biblical-aramaic	69	דִּֽי	Daniel.6.11	די	אשר	reviewed-form	reviewed	correct		וְ֠דָנִיֵּאל כְּדִ֨י יְדַ֜ע ⟨דִּֽי⟩ רְשִׁ֤ים כְּתָבָא֙ עַ֣ל לְבַיְתֵ֔הּ וְכַוִּ֨ין פְּתִיחָ֥ן
biblical-aramaic	70	וּפִשְׁרֵ֖הּ	Daniel.5.15	ופשרה	ופשרו	reviewed-form	reviewed	correct		חַכִּֽימַיָּא֙ אָֽשְׁפַיָּ֔א דִּֽי כְתָבָ֤ה דְנָה֙ יִקְר֔וֹן ⟨וּפִשְׁרֵ֖הּ⟩ לְהוֹדָעֻתַ֑נִי וְלָֽא כָהֲלִ֥ין פְּשַֽׁר מִלְּתָ֖א לְהַחֲוָיָֽה
biblical-aramaic	71	קֳבֵ֖ל	Daniel.6.10	קבל	מול	reviewed-form	reviewed	correct		כָּל ⟨קֳבֵ֖ל⟩ דְּנָ֑ה מַלְכָּא֙ דָּֽרְיָ֔וֶשׁ רְשַׁ֥ם כְּתָבָ֖א וֶאֱסָרָֽא
biblical-aramaic	72	וּשְׁאָ֣ר	Ezra.6.16	ושאר	ושאר	reviewed-form	reviewed	correct		וַעֲבַ֣דוּ בְנֵֽי יִ֠שְׂרָאֵל כָּהֲנַיָּ֨א וְלֵוָיֵ֜א ⟨וּשְׁאָ֣ר⟩ בְּנֵי גָלוּתָ֗א חֲנֻכַּ֛ת בֵּית אֱלָהָ֥א דְנָ֖ה
biblical-aramaic	73	דִּ֣י	Daniel.2.38	די	אשר	reviewed-form	reviewed	correct		וּבְכָל ⟨דִּ֣י⟩ דארין דָֽיְרִ֣ין בְּֽנֵי אֲ֠נָשָׁא חֵיוַ֨ת בָּרָ֤א
biblical-aramaic	74	אִיתַ֥י	Daniel.2.30	איתי	יש	reviewed-form	reviewed	correct		וַאֲנָ֗ה לָ֤א בְחָכְמָה֙ דִּֽי ⟨אִיתַ֥י⟩ בִּי֙ מִן כָּל חַיַּיָּ֔א רָזָ֥א דְנָ֖ה
biblical-aramaic	75	אֲנָ֞ה	Ezra.7.21	אנה	אני	reviewed-form	reviewed	correct		וּ֠מִנִּי ⟨אֲנָ֞ה⟩ אַרְתַּחְשַׁ֤סְתְּא מַלְכָּא֙ שִׂ֣ים טְעֵ֔ם לְכֹל֙ גִּזַּֽבְרַיָּ֔א
biblical-aramaic	76	כָהֲנַיָּ֜א	Ezra.6.18	כהנ	כהן	form:n.pl	jastrow-1903:eq	correct		וַהֲקִ֨ימוּ ⟨כָהֲנַיָּ֜א⟩ בִּפְלֻגָּתְה֗וֹן וְלֵוָיֵא֙ בְּמַחְלְקָ֣תְה֔וֹן עַל עֲבִידַ֥ת אֱלָהָ֖א
biblical-aramaic	77	מִלְּתָ֛א	Daniel.6.13	מלתא	הדבר	reviewed-form	reviewed	correct		לְג֖וֹב אַרְיָותָ֑א עָנֵ֨ה מַלְכָּ֜א וְאָמַ֗ר יַצִּיבָ֧א ⟨מִלְּתָ֛א⟩ כְּדָת מָדַ֥י וּפָרַ֖ס דִּי לָ֥א תֶעְדֵּֽא
biblical-aramaic	78	לְבַר	Daniel.3.25	לבר	לחוץ	reviewed-form	reviewed	incorrect	'like a son of (gods)' (לְבַר אֱלָהִין)	בְּה֑וֹן וְרֵוֵהּ֙ דִּ֣י רביעיא רְֽבִיעָאָ֔ה דָּמֵ֖ה ⟨לְבַר⟩ אֱלָהִֽין ס
biblical-aramaic	79	מַלְכָּ֕א	Daniel.2.12	מלכא	מלך	reviewed-form	reviewed	correct		כָּל קֳבֵ֣ל דְּנָ֔ה ⟨מַלְכָּ֕א⟩ בְּנַ֖ס וּקְצַ֣ף שַׂגִּ֑יא וַאֲמַר֙ לְה֣וֹבָדָ֔ה לְכֹ֖ל
biblical-aramaic	80	בֵּ֑הּ	Daniel.4.5	בה	בה	reviewed-form	reviewed	incorrect	pointed בֵהּ is 'in it (masc.)' — the tree	כְּשֻׁ֣ם אֱלָהִ֔י וְדִ֛י רֽוּחַ אֱלָהִ֥ין קַדִּישִׁ֖ין ⟨בֵּ֑הּ⟩ וְחֶלְמָ֖א קָֽדָמ֥וֹהִי אַמְרֵֽת
biblical-aramaic	81	דִּֽי	Daniel.2.23	די	אשר	reviewed-form	reviewed	correct		חָכְמְתָ֛א וּגְבוּרְתָ֖א יְהַ֣בְתְּ לִ֑י וּכְעַ֤ן הֽוֹדַעְתַּ֙נִי֙ ⟨דִּֽי⟩ בְעֵ֣ינָא מִנָּ֔ךְ דִּֽי מִלַּ֥ת מַלְכָּ֖א הוֹדַעְתֶּֽנָא
biblical-aramaic	82	אִלֵּ֖ךְ	Ezra.6.8	אלכ	אלה	reviewed-form	reviewed	correct		נַהֲרָ֔ה אָסְפַּ֗רְנָא נִפְקְתָ֛א תֶּהֱוֵ֧א מִֽתְיַהֲבָ֛א לְגֻבְרַיָּ֥א ⟨אִלֵּ֖ךְ⟩ דִּי לָ֥א לְבַטָּלָֽא
biblical-aramaic	83	אֱמַֽר	Daniel.4.6	אמר	אמר	form	jastrow-1903:same	correct		לָ֑ךְ חֶזְוֵ֨י חֶלְמִ֧י דִֽי חֲזֵ֛ית וּפִשְׁרֵ֖הּ ⟨אֱמַֽר⟩
biblical-aramaic	84	בֵּהּ	Ezra.5.3	בה	בה	reviewed-form	reviewed	incorrect	pointed בֵהּ is 'in it (masc.)' — the tree	⟨בֵּהּ⟩ זִמְנָא֩ אֲתָ֨א עֲלֵיה֜וֹן תַּ֠תְּנַי פַּחַ֧ת עֲבַֽר
biblical-aramaic	85	תְּרֵֽי	Ezra.6.17	תרי	שנים	form	krupnik-1927:def	correct		עִזִּ֜ין לחטיא לְחַטָּאָ֤ה עַל כָּל יִשְׂרָאֵל֙ ⟨תְּרֵֽי⟩ עֲשַׂ֔ר לְמִנְיָ֖ן שִׁבְטֵ֥י יִשְׂרָאֵֽל
biblical-aramaic	86	דִּ֣י	Ezra.6.12	די	אשר	reviewed-form	reviewed	correct		וֵֽאלָהָ֞א ⟨דִּ֣י⟩ שַׁכִּ֧ן שְׁמֵ֣הּ תַּמָּ֗ה יְמַגַּ֞ר כָּל מֶ֤לֶךְ
biblical-aramaic	87	שְׁמֵ֤הּ	Daniel.4.5	שמה	שמו	reviewed-form	reviewed	correct		וְעַ֣ד אָחֳרֵ֡ין עַל֩ קָֽדָמַ֨י דָּנִיֵּ֜אל דִּֽי ⟨שְׁמֵ֤הּ⟩ בֵּלְטְּשַׁאצַּר֙ כְּשֻׁ֣ם אֱלָהִ֔י וְדִ֛י רֽוּחַ אֱלָהִ֥ין
biblical-aramaic	88	דִּ֤י	Daniel.2.40	די	אשר	reviewed-form	reviewed	correct		רְבִ֣יעָאָ֔ה תֶּהֱוֵ֥א תַקִּיפָ֖ה כְּפַרְזְלָ֑א כָּל קֳבֵ֗ל ⟨דִּ֤י⟩ פַרְזְלָא֙ מְהַדֵּ֤ק וְחָשֵׁל֙ כֹּ֔לָּא וּֽכְפַרְזְלָ֛א דִּֽי
biblical-aramaic	89	פַּרְזְלָא֙	Daniel.2.43	פרזל	ברזל	form	jastrow-1903:eq	correct		די וְדִ֣י חֲזַ֗יְתָ ⟨פַּרְזְלָא֙⟩ מְעָרַב֙ בַּחֲסַ֣ף טִינָ֔א מִתְעָרְבִ֤ין לֶהֱוֺן֙ בִּזְרַ֣ע
biblical-aramaic	90	עַֽל	Daniel.4.7	על	על	reviewed-form	reviewed	correct		וְחֶזְוֵ֥י רֵאשִׁ֖י ⟨עַֽל⟩ מִשְׁכְּבִ֑י חָזֵ֣ה הֲוֵ֔ית וַאֲל֥וּ אִילָ֛ן בְּג֥וֹא
biblical-aramaic	91	לָ֥א	Ezra.6.9	לא	לא	form	jastrow-1903:same	correct		לֶהֱוֵ֨א מִתְיְהֵ֥ב לְהֹ֛ם י֥וֹם בְּי֖וֹם דִּי ⟨לָ֥א⟩ שָׁלֽוּ
biblical-aramaic	92	הֲוָ֛ת	Daniel.2.35	הוה	היתה	form:pe.perf.3fs	reviewed:reviewed	correct		הִשְׁתֲּכַ֣ח לְה֑וֹן וְאַבְנָ֣א דִּֽי מְחָ֣ת לְצַלְמָ֗א ⟨הֲוָ֛ת⟩ לְט֥וּר רַ֖ב וּמְלָ֥ת כָּל אַרְעָֽא
biblical-aramaic	93	אֱדַ֗יִן	Daniel.7.19	אדינ	אז	reviewed-form	reviewed	correct		⟨אֱדַ֗יִן⟩ צְבִית֙ לְיַצָּבָ֔א עַל חֵֽיוְתָא֙ רְבִיעָ֣יְתָ֔א דִּֽי
biblical-aramaic	94	מַלְכָּ֣א	Daniel.6.17	מלכא	מלך	reviewed-form	reviewed	correct		בֵּאדַ֜יִן ⟨מַלְכָּ֣א⟩ אֲמַ֗ר וְהַיְתִיו֙ לְדָ֣נִיֵּ֔אל וּרְמ֕וֹ לְגֻבָּ֖א דִּ֣י
biblical-aramaic	95	אֱ֠דַיִן	Daniel.6.6	אדינ	אז	reviewed-form	reviewed	correct		⟨אֱ֠דַיִן⟩ גֻּבְרַיָּ֤א אִלֵּךְ֙ אָֽמְרִ֔ין דִּ֣י לָ֧א נְהַשְׁכַּ֛ח
biblical-aramaic	96	וַעֲבֵ֣ד	Daniel.3.23	ועבד	ועשה	reviewed-form	reviewed	correct		וְגֻבְרַיָּ֤א אִלֵּךְ֙ תְּלָ֣תֵּה֔וֹן שַׁדְרַ֥ךְ מֵישַׁ֖ךְ ⟨וַעֲבֵ֣ד⟩ נְג֑וֹ נְפַ֛לוּ לְגֽוֹא אַתּוּן נוּרָ֥א יָֽקִדְתָּ֖א
biblical-aramaic	97	בֵ֥ית	Ezra.5.16	בית	בית	reviewed-form	reviewed	correct		שֵׁשְׁבַּצַּ֣ר דֵּ֔ךְ אֲתָ֗א יְהַ֧ב אֻשַּׁיָּ֛א דִּי ⟨בֵ֥ית⟩ אֱלָהָ֖א דִּ֣י בִירוּשְׁלֶ֑ם וּמִן אֱדַ֧יִן וְעַד
biblical-aramaic	98	מִן	Daniel.4.20	מנ	מן	reviewed-form	reviewed	correct		וְדִ֣י חֲזָ֣ה מַלְכָּ֡א עִ֣יר וְקַדִּ֣ישׁ נָחִ֣ת ⟨מִן⟩ שְׁמַיָּ֡א וְאָמַר֩ גֹּ֨דּוּ אִֽילָנָ֜א וְחַבְּל֗וּהִי בְּרַ֨ם
biblical-aramaic	99	שַׂגִּֽיא	Daniel.7.5	שגיא	רב	reviewed-form	reviewed	correct		וְכֵן֙ אָמְרִ֣ין לַ֔הּ ק֥וּמִֽי אֲכֻ֖לִי בְּשַׂ֥ר ⟨שַׂגִּֽיא⟩
midrash	0	אָמְרֵי	Yalkut_Shimoni_on_Torah.188.1	אמר	אומרים	form:pe.ptcp.mp	jastrow-1903:same	correct		וּבְחַג הַסֻּכּוֹת רַבִּי יִצְחָק וְר' נָתַן ⟨אָמְרֵי⟩ אַף לִשְׂכִירוּת בָּתִּים אֲבָל לֹא לְשָׁנִים
midrash	1	וְהָדַר	Ein_Yaakov.147.34	והדר	וחזר	reviewed-form	reviewed	correct		י״א ט״ו וְנָתַתִּי עֵשֶׂב בְּשָׂדְךָ לִבְהֶמְתֶּךָ ⟨וְהָדַר⟩ וְאָכַלְתָּ וְשָׂבָעְתָּ
midrash	2	דְּהָתָם	Ein_Yaakov.61.16	דהתמ	של שם	reviewed-form	reviewed	incorrect	relative 'that there'	אַף עַל פִּי שֶׁאֵין רְאָיָה לַדָּבָר ⟨דְּהָתָם⟩ לָאו בּוּלְמוּס אַחְזֵיהּ אָמַר אַבַּיֵּי לֹא
midrash	3	אמר	Midrash_Tanchuma_Buber.657.1	אמר	אמר	form	jastrow-1903:same	correct		וכן כל שבט ושבט כיוצא בו ⟨אמר⟩ לו הקב"ה מה איכפת לך אינן
midrash	4	דְּבָעִינָן	Yalkut_Shimoni_on_Torah.369.3	דבעיננ	שאנו צריכים	reviewed-form	reviewed	correct		לְמָאן דַּאֲמַר כְּמִין סְפִינָה רוֹקֶדֶת הַיְינוּ ⟨דְּבָעִינָן⟩ סְנִיפִין אֶלָּא לְמָאן דַּאֲמַר כְּמִין תֵּבָה
midrash	5	אָמַרְתָּ	Yalkut_Shimoni_on_Torah.537.17	אמר	אתה אומר	form:pe.ptcp.2ms	jastrow-1903:same	correct		אֵינוֹ דִין שֶׁיְּהֵא מְטַמֵּא לֹא אִם ⟨אָמַרְתָּ⟩ בְּאֵבֶר מִן הַחַי שֶׁאִסּוּרוֹ נוֹהֵג בִּבְנֵי
midrash	6	אַמְרִינָן	Ein_Yaakov.18.5	אמר	אנו אומרים	form:pe.ptcp.1pl	jastrow-1903:same	correct		לַיּוֹם הַשְּׁלִישִׁי קַשְׁיָא לְרַבִּי יוֹסֵי הָא ⟨אַמְרִינָן⟩ יוֹם אֶחָד הוֹסִיף מֹשֶׁה מִדַּעְתּוֹ
midrash	7	אָמַר	Ein_Yaakov.103.6	אמר	אמר	form	jastrow-1903:same	correct		קַפִּיד כּוּלֵּי הַאי דְּאָמַר רַב יְהוּדָה ⟨אָמַר⟩ רַב מַאי דִּכְתִיב תהילים ס״א ה׳
midrash	8	אָמַר	Ein_Yaakov.114.15	אמר	אמר	form	jastrow-1903:same	correct		אֲפִלּוּ חֲמוֹר תּוֹבַעַת בַּשּׁוּק וְאֵינָהּ מַקְפֶּדֶת ⟨אָמַר⟩ רָבָא לֹא שָׁנוּ אֶלָּא שֶׁאֵין בַּעְלָה
midrash	9	בֵּיהּ	Ein_Yaakov.25.11	pron:ביה	בו	form	grammar:pronominal	correct		בַּמִּילָה שֶׁלִּי בְּרַבִּי מִלְּתָא אַחֲרִיתִי הֲוָה ⟨בֵּיהּ⟩ שֶׁלֹּא הִכְנִיס יָדוֹ תַּחַת אַבְנֵטוֹ וְאָמַר
midrash	10	כתיב	Shemot_Rabbah.20.10	כתיב	כתוב	reviewed-form	reviewed	correct		די שלח מלאכיה ושזיב לעבדוהי לא ⟨כתיב⟩ אלא מלאכה הוי ברוב עוזך יכחשו
midrash	11	בִּשְׁלָמָא	Yalkut_Shimoni_on_Torah.760.3	בשלמא	מובן	reviewed-form	reviewed	correct		בְּכֹהֵן הֶדְיוֹט וְאִיכָּא דְּאָמְרֵי בְּכֹהֵן גָּדוֹל ⟨בִּשְׁלָמָא⟩ לְמָאן דְּאָמַר בְּכֹהֵן הֶדְיוֹט שַׁפִּיר אֶלָּא
midrash	12	דְּאָמַר	Yalkut_Shimoni_on_Torah.676.1	אמר	שאמר	form+d	jastrow-1903:same	correct		כְּמַאן כְּר' מֵאִיר כְּמַאן אָזְלָא הָא ⟨דְּאָמַר⟩ רָבָא רַבָּה בַּר יוֹסֵף אָמַר רַב
midrash	13	לֵיהּ	Eikhah_Rabbah.2.31	pron:ליה	לו	form	grammar:pronominal	correct		גַּמְזוּז וּפָשֵׁיט עֲלוֹהִי מְאָה פִּרְקִין אֲמַר ⟨לֵיהּ⟩ לְמָה חֲשִׁיךְ כֵּן אֲמַר לֵיהּ מִן
midrash	14	הֲווּ	Ein_Yaakov.189.38	הוה	היו	form:pe.perf.3mp	reviewed:reviewed	correct		חֲטָאָן וְאָמַר רַבִּי יוֹחָנָן נְהִירְנָא כַּד ⟨הֲווּ⟩ אַמְרִין בֵּי מִדְרָשָׁא דְּמוֹדִי לְהוֹן נָפַל
midrash	15	לֵית	Ein_Yaakov.267.9	לית	אין	form	krupnik-1927:def	correct		נָפְלוּ עֲלֵיהּ וְקַטְלֵיהּ אָמַר שְׁמַע מִינָהּ ⟨לֵית⟩ לְהוּ מַלְכָּא דְּאִי אִית לְהוּ הַרְמָנָא
midrash	16	אָמְרָה	Yalkut_Shimoni_on_Torah.253.5	אמרה	אמרה	reviewed-form	reviewed	correct		כְּשֵׁם שֶׁאָמַר מֹשֶׁה שִׁירָה לַאֲנָשִׁים כָּךְ ⟨אָמְרָה⟩ מִרְיָם שִׁירָה לַנָּשִׁים שֶׁנֶּאֱמַר שִׁירוּ לַה'
midrash	17	אמר	Shemot_Rabbah.29.1	אמר	אמר	form	jastrow-1903:same	correct		אתה משיב חזר ר' לוי ופירשה ⟨אמר⟩ להם השמע עם קול אלהים כיצד
midrash	18	לֵיהּ	Yalkut_Shimoni_on_Torah.482.3	pron:ליה	לו	form	grammar:pronominal	correct		לִשְׁנֵי בְּקָרִים מַאי אִיכָּא לְמֵימַר אֲמַר ⟨לֵיהּ⟩ רָבִינָא לְרַב אָשֵׁי הַאי בַּבֹּקֶר דְּעֵצִים
midrash	19	לִכְדְתַנְיָא	Yalkut_Shimoni_on_Torah.471.3	לכדתניא	לאותו שנאמר בברייתא	reviewed-form	reviewed	correct		וְהָא אִיכָּא וְאֶלָּא הוּא לָמָּה לִי ⟨לִכְדְתַנְיָא⟩ רָאָה סִיעָה שֶׁל בְּנֵי אָדָם עוֹמְדִין
midrash	20	בִּשְׁלָמָא	Yalkut_Shimoni_on_Torah.642.1	בשלמא	מובן	reviewed-form	reviewed	correct		שׁוֹחֲטִין עֲלֵיהֶן לֹא בַּמִּקְדָּשׁ וְלֹא בַּמְּדִינָה ⟨בִּשְׁלָמָא⟩ טֻמְטוּם בַּמִּקְדָּשׁ לֹא דִּילְמָא נְקֵבָה הִיא
midrash	21	בַּר	Ein_Yaakov.53.28	בר	בן	form	reviewed:reviewed	correct		הַדּוֹר מִקְּטַנֵּי אֲמָנָה הָיוּ וְכִדְדָרַשׁ רַבָּה ⟨בַּר⟩ מָרִי מַאי דִּכְתִיב תהילים ק״ו ז׳
midrash	22	אָמַר	Yalkut_Shimoni_on_Torah.114.6	אמר	אמר	form	jastrow-1903:same	correct		אִישׁ שָׂעִר גְּבַר שַׁיְידָן כְּמָה דְּאַתְּ ⟨אָמַר⟩ ישעיה יג כא וּשְׂעִירִים יְרַקְּדוּ שָׁם
midrash	23	אָמַר	Midrash_Tanchuma.551.1	אמר	אמר	form	jastrow-1903:same	correct		כֹּחָן זֶה יִתְּנוּ שמות ל יג ⟨אָמַר⟩ רַבִּי מֵאִיר נָטַל הַקָּדוֹשׁ בָּרוּךְ הוּא
midrash	24	עַיִיל	Ein_Yaakov.186.3	עלל	טיפל, עסק	form:pe.ptcp.ms	krupnik-1927:def	incorrect	'went in'	רַב אַדָא בַּר אַהֲבָה לִשְׁמַעְתֵּיהּ וְהָדַר ⟨עַיִיל⟩ לְכַלָּה הַהוּא יוֹמָא עכבוה נַקְטוּהָ רַב
midrash	25	לָמָּה	Yalkut_Shimoni_on_Torah.755.11	למה	למה	reviewed-form	reviewed	correct		בִּכּוּרֵי כָּל אֲשֶׁר בְּאַרְצָם אֶלָּא אַרְצְךָ ⟨לָמָּה⟩ לִי לְכִדְרַב יְהוּדָה לְמִעוּטֵי חוּץ לָאָרֶץ
midrash	26	תָּנִי	Yalkut_Shimoni_on_Torah.271.5	תני	שנה	form	reviewed:reviewed	correct		וְאַתֶּם עֵדַי נְאֻם ה' וַאֲנִי אֵל ⟨תָּנִי⟩ רַבִּי שִׁמְעוֹן בֶּן יוֹחַאי אִם אַתֶּם
midrash	27	אָמַר	Ein_Yaakov.158.32	אמר	אמר	form	jastrow-1903:same	correct		⟨אָמַר⟩ רָבָא בַּר אֲהִינָא אַסְבְּרָה לִי דברים
midrash	28	רַחֲמָנָא	Yalkut_Shimoni_on_Torah.380.2	רחמנא	אלהים	form	krupnik-1927:def	correct		וְלֹא יָסֻרוּ מִמֶּנּוּ וְדִלְמָא הָכִי קָאָמַר ⟨רַחֲמָנָא⟩ חַדְקִינְהוּ וְעַבְדִּינְהוּ שָׂפָה שַׁפִּיר כִּי הֵיכֵי
midrash	29	אֲמַר	Eikhah_Rabbah.2.31	אמר	אמר	form	jastrow-1903:same	correct		דַּאֲתָא קָם מִן קוֹמוֹי רַבָּן יוֹחָנָן ⟨אֲמַר⟩ לֵיהּ אַסְפַּסְיָאנוּס מִן קֳדָם הָדֵין סָבָא
midrash	30	כְּתִיב	Yalkut_Shimoni_on_Torah.474.3	כתיב	כתוב	reviewed-form	reviewed	correct		מִכְּלַל דְּבָעֵי כִּסּוּי אֲבָל הָכָא מִכְדֵי ⟨כְּתִיב⟩ ויקרא א טו וְהִקְרִיבוֹ וְחִלֵּק הַכָּתוּב
midrash	31	אָמַר	Midrash_Tanchuma.732.1	אמר	אמר	form	jastrow-1903:same	correct		מִיָּדִי אַף כָּךְ הַקָּדוֹשׁ בָּרוּךְ הוּא ⟨אָמַר⟩ לִמְטַטְרוֹן לֹא אֲנִי מִתְאוֹנֵן עַל מֹשֶׁה
midrash	32	תַּלְמוּד	Yalkut_Shimoni_on_Torah.598.1	תלמוד	לימוד	form	krupnik-1927:def	correct		כָּאן בִּסְקִילָה עֹנֶשׁ שָׁמַעְנוּ אַזְהָרָה מִנַּיִן ⟨תַּלְמוּד⟩ לוֹמַר וְאֶת זָכָר לֹא תִשְׁכַּב לָמַדְנוּ
midrash	33	הָתָם	Yalkut_Shimoni_on_Torah.488.3	התמ	שם	reviewed-form	reviewed	correct		דְּיָדַע וְהָאִיכָּא חַטָּאת נְקֵבָה וְעוֹלָה זָכָר ⟨הָתָם⟩ מְכַסְיָא בְּאַלְיָה תֵּינַח כִּבְשָׂה שְׂעִירָה מַאי
midrash	34	דְּאָמַר	Ein_Yaakov.1.44	אמר	שאמר	form+d	jastrow-1903:same	correct		לוֹ רָשָׁע גָּמוּר וּפְלִיגָא דְּרַבִּי מֵאִיר ⟨דְּאָמַר⟩ רַבִּי מֵאִיר שְׁתַּיִם נָתְנוּ לוֹ וְאַחַת
midrash	35	מִנָּא	Yalkut_Shimoni_on_Torah.776.13	מנא	מנין	reviewed-form	reviewed	correct		קַח לְךָ אֶת יְהוֹשֻׁעַ בִּן נוּן ⟨מִנָּא⟩ הָא מִלְּתָא דְאָמְרֵי אִינָשֵׁי חַמְרָא לְמָרָא
midrash	36	אֲמַר	Yalkut_Shimoni_on_Torah.709.10	אמר	אמר	form	jastrow-1903:same	correct		סוֹתֵר אֵינוֹ דִין שֶׁיֻּ וֹ תָּר ⟨אֲמַר⟩ קְרָא מִיַּיִן וְשֵׁכָר יַזִּיר לֶאֱסֹר יֵין
midrash	37	כְּתִיב	Eikhah_Rabbah.1.2	כתיב	כתוב	reviewed-form	reviewed	correct		דִּידִי וְדִידְהוֹן וְתֵרַדְנָה עֵינֵיהֶם דִּמְעָה אֵין ⟨כְּתִיב⟩ כָּאן אֶלָּא עֵינֵינוּ דִּידִי וְדִידְהוֹן וְעַפְעַפֵּיהֶם
midrash	38	גופיה	Ein_Yaakov.152.37	גופיה	עצמו	reviewed-form	reviewed	correct		גיהנם אידך א"ד דקריב רישיה לגביה ⟨גופיה⟩ וא"ד דאתייה לעלמא דאתי שם יח
midrash	39	כתיב	Ein_Yaakov.1.75	כתיב	כתוב	reviewed-form	reviewed	correct		ובורא רע מי קאמרינן כדכתיב אלא ⟨כתיב⟩ רע וקרינן הכל לישנא מעליא ה"נ
midrash	40	אָמַר	Ein_Yaakov.171.20	אמר	אמר	form	jastrow-1903:same	correct		סוּכָר וְחָכְמַת יְוָנִית מִי אֲסִירָא וְהָתַנְיָא ⟨אָמַר⟩ רַבִּי בְּאֶרֶץ יִשְׂרָאֵל לְשׁוֹן סוּרְסִי לָמָּה
midrash	41	לְמָה	Midrash_Tanchuma.158.2	למה	למה	reviewed-form	reviewed	correct		⟨לְמָה⟩ הַדָּבָר דּוֹמֶה לְעֶבֶד שֶׁהֶאֱמִינוֹ הַמֶּלֶךְ כָּל
midrash	42	דִכְתִיב	Yalkut_Shimoni_on_Torah.938.32	דכתיב	שכתוב	reviewed-form	reviewed	correct		מִיתָתָהּ אֶלָּא מִן הַצַּד הֲדָא הוּא ⟨דִכְתִיב⟩ וַתָּמָת דְּבוֹרָה מֵינֶקֶת רִבְקָה וְגוֹ' וַיִּקְרָא
midrash	43	אָמַר	Yalkut_Shimoni_on_Torah.74.5	אמר	אמר	form	jastrow-1903:same	correct		וַיָּרֶק אֶת חֲנִיכָיו יְלִידֵי בֵיתוֹ וּשְׁמוּאֵל ⟨אָמַר⟩ מִפְּנֵי שֶׁהִפְרִיז עַל מִדּוֹתָיו שֶׁל הַקָּדוֹשׁ
midrash	44	אמר	Midrash_Tanchuma_Buber.408.1	אמר	אמר	form	jastrow-1903:same	correct		הנתונה לארץ כישראל וסופן להתעלות שכן ⟨אמר⟩ ישעיה כה אמר ה' גואל ישראל
midrash	45	טַעְמָא	Ein_Yaakov.90.15	טעמא	טעם	reviewed-form	reviewed	correct		אִיתְּרַע בֵּיהּ מִלְּתָא עֲיִּיל שְׁמוּאֵל לְמִשְׁאַל ⟨טַעְמָא⟩ מִינֵיהּ חֲזַנְהוּ לְטוּפְרֵיהּ דַּהֲווּ נְפִישִׁין אָמַר
midrash	46	וְהָא	Yalkut_Shimoni_on_Torah.346.11	הא	וזה · והלא	form+w	krupnik-1927:def-en	correct		דָמְיָא אֲבֵדָה אָתְיָא מִכֹּחַ בֶּן דַּעַת ⟨וְהָא⟩ לָא אָתֵי מִכֹּחַ בֶּן דָּעַת
midrash	47	אָמַר	Yalkut_Shimoni_on_Torah.471.4	אמר	אמר	form	jastrow-1903:same	correct		הָאָלָה כֵּיוָן שֶׁעָבְרוּ יִשְׂרָאֵל עַל הַתְּנַאי ⟨אָמַר⟩ לָהֶם הַקָּדוֹשׁ בָּרוּךְ הוּא אַף אֲנִי
midrash	48	בִּשְׁלָמָא	Yalkut_Shimoni_on_Torah.373.2	בשלמא	מובן	reviewed-form	reviewed	correct		יוֹסֵי מַאי קִדַּשׁ לְהַעֲמִיד בָּהּ מִזְבֵּחַ ⟨בִּשְׁלָמָא⟩ לְרַבִּי יוֹסֵי הַיְינוּ דִּכְתִיב מִזְבַּח הַנְּחֹשֶׁת
midrash	49	אָמַר	Yalkut_Shimoni_on_Torah.536.7	אמר	אמר	form	jastrow-1903:same	correct		טְמֵאָה בִּכְלַל חַיָּה טְמֵאָה וּבְלָשׁוֹן הַזֶּה ⟨אָמַר⟩ לִי חֲבָל עַל בֶּן עַזַּאי שֶׁלֹּא
liturgy	0	רַבָּא	nusach/siddurSefard.mjs#default.texts.Siddur Sefard, Weekday Shacharit, Ashrei.he.21	רבא	גדול	reviewed-form	reviewed	correct		יְהֵא שְׁלָמָא ⟨רַבָּא⟩ מִן שְׁמַיָּא וְחַיִּים עָלֵֽינוּ וְעַל כָּל
liturgy	1	קַדִּישִׁין	nusach/siddurChabadTehillatHashem.mjs#default.texts.Siddur Tehillat Hashem, The Shabbat Book, The Shabbat Evening Kiddush.he.38	קדישינ	קדושים	reviewed-form	reviewed	correct		רֵישָׁהּ דִּזְעֵיר אַנְפִּין וּלְהָטִיל בַּחֲקַל תַּפּוּחִין ⟨קַדִּישִׁין⟩ בִּנְהִירוּ דְאַנְפִּין בִּרְעֲוָא וּבְחֶדְוְתָא דְכֹלָּא
liturgy	2	חַד	nusach/siddurSefard.mjs#default.texts.Siddur Sefard, Pesach Haggadah, Nirtzah.he.156	חד	אחד	form	jastrow-1903:eq	correct		דְּזַבִּין אַבָּא בִּתְרֵי זוּזֵי חַד גַּדְיָא ⟨חַד⟩ גַּדְיָא
liturgy	3	מַלְכוּתֵהּ	nusach/siddurChabadTehillatHashem.mjs#default.texts.Siddur Tehillat Hashem, The Weekday Morning Service, Verses of Praise.he.70	מלכותה	מלכותו	reviewed-form	reviewed	correct		יְיָ ⟨מַלְכוּתֵהּ⟩ קָאֵם לְעָֹלַם וּלְעָֹלְמֵי עָֹלְמַיָּא
liturgy	4	מַלְכוּתֵהּ	nusach/siddurAshkenaz.mjs#default.texts.Siddur Ashkenaz, Weekday, Shacharit, Pesukei Dezimra, Az Yashir.he.2	מלכותה	מלכותו	reviewed-form	reviewed	correct		וָעֶד יְהֹוָה יִמְלֹךְ לְעֹלָם וָעֶד יְהֹוָה ⟨מַלְכוּתֵהּ⟩ קָאֵים לְעָלַם וּלְעָלְ֒מֵי עָלְ֒מַיָּא כִּי בָא
liturgy	5	אַרְעָא	nusach/siddurAshkenaz.mjs#default.texts.Siddur Ashkenaz, Shabbat, Minchah, Uva Letzion.he.0	ארעא	אדמה, ארץ	form	krupnik-1927:def	correct		וּלְעָלְמֵי עָלְמַיָּא יְהוָה צְבָאות מַלְיָא כָל ⟨אַרְעָא⟩ זִיו יְקָרֵהּ וַתִּשָּׂאֵנִי רוּחַ וָאֶשְׁמַע אַחֲרַי
liturgy	6	בַּעֲגָלָא	nusach/siddurAshkenaz.mjs#default.texts.Siddur Ashkenaz, Weekday, Shacharit, Torah Reading, Reading from Sefer, Raising the Torah.he.8	בעגלא	במהרה	reviewed-form	reviewed	correct		לִרְ֒וָחָה וּמֵאֲפֵלָה לְאוֹרָה וּמִשִּׁעְבּוּד לִגְ֒אֻלָּה הַשְׁתָּא ⟨בַּעֲגָלָא⟩ וּבִזְמַן קָרִיב וְנֹאמַר אָמֵן
liturgy	7	וְאָמְרִין	nusach/siddurAshkenaz.mjs#default.texts.Siddur Ashkenaz, Shabbat, Minchah, Uva Letzion.he.0	ואמרינ	ואומרים	reviewed-form	reviewed	correct		הָאָרֶץ כְּבודו וּמְקַבְּלִין דֵּין מִן דֵּין ⟨וְאָמְרִין⟩ קַדִּישׁ בִּשְׁמֵי מְרומָא עִלָּאָה בֵּית שְׁכִינְתֵּהּ
liturgy	8	וּבְיוֹמֵיכוֹן	nusach/siddurAshkenaz.mjs#default.texts.Siddur Ashkenaz, Shabbat, Kabbalat Shabbat, Mourner's Kaddish.he.0	וביומיכונ	ובימיכם	reviewed-form	reviewed	correct		דִּי בְרָא כִרְעוּתֵהּ וְיַמְלִיךְ מַלְכוּתֵהּ בְּחַיֵּיכוֹן ⟨וּבְיוֹמֵיכוֹן⟩ וּבְחַיֵּי דְכָל בֵּית יִשְׂרָאֵל בַּעֲגָלָא וּבִזְמַן
liturgy	9	בְּרִיךְ	nusach/siddurSefard.mjs#default.texts.Siddur Sefard, Chanukah, Menorah Lighting.he.4	בריכ	ברוך	reviewed-form	reviewed	correct		לְשֵׁם יִחוּד קֻדְשָׁא ⟨בְּרִיךְ⟩ הוּא וּשְׁכִינְתֵּהּ בִּדְחִילוּ וּרְחִימוּ וּרְחִימוּ וּדְחִילוּ
liturgy	10	מַלְכָּא	siddurOffline.mjs#default.texts.Siddur Edot HaMizrach, Havdalah, Fourth Meal.he.4	מלכא	מלך	reviewed-form	reviewed	correct		דִּמְהֵימְנוּתָא דָּא הִיא סְעֻדָּתָא רְבִיעָאָה דְּדָוִד ⟨מַלְכָּא⟩ מְשִׁיחָא
liturgy	11	חַד	siddurOffline.mjs#default.texts.Siddur Edot HaMizrach, Daytime Meal, Daytime Meal.he.7	חד	אחד	form	jastrow-1903:eq	correct		דְמַלְכָּא דְּאִנּוּן בְּנֵי מְהֵימָנוּתָא וּמַאן דְּפָגִים ⟨חַד⟩ סְעוּדָתָא מִנַּֽיְהוּ אַחְזֵי פְגִימוּתָא לְעֵֽלָּא וְאַחְזֵי
liturgy	12	רַעְיָא	siddurOffline.mjs#default.texts.Siddur Edot HaMizrach, Weekday Shacharit, Petichat Eliyahu.he.7	רעיא	רועה	form	krupnik-1927:def	correct		מִנְּבִיעוּ דְכָל מְקוֹרִין עִלָּאִין מִיַּד קָם ⟨רַעְיָא⟩ מְהֵימְנָא וַאֲבָהָן קַדִּישִׁין עִמֵּיהּ עַד כָּאן
liturgy	13	סִטְרָא	nusach/siddurSefard.mjs#default.texts.Siddur Sefard, Lag BaOmer Songs, Bar Yochai Butzina Kadisha.he.12	סטרא	צד	form	krupnik-1927:def	correct		לְנוּרָא וּשְׁבִיבִין דִּלְהִיטָן תְּדִירָא לִדְבִיקֵי הַאי ⟨סִטְרָא⟩ בִּישָׁא
liturgy	14	תוֹרָא	Pesach_Haggadah.38.7	תורא	שור	reviewed-form	reviewed	correct		וְאָתָא ⟨תוֹרָא⟩ וְשָׁתָה לְמַיָא דְּכָבָה לְנוּרָא דְּשָׂרַף לְחוּטְרָא
liturgy	15	בְאַרְעָא	nusach/siddurAshkenaz.mjs#default.texts.Siddur Ashkenaz, Shabbat, Shacharit, Communal Prayers, Yekum Purkan.he.0	ארעא	באדמה, ארץ	form+b	krupnik-1927:def	correct		אוֹרַיְתָא לְמָרָנָן וְרַבָּנָן חֲבוּרָתָא קַדִּישָׁתָא דִּי ⟨בְאַרְעָא⟩ דְיִשְׂרָאֵל וְדִי בְּבָבֶל לְרֵישֵׁי כַלָּה וּלְרֵישֵׁי
liturgy	16	רִבּוֹנוֹ	nusach/siddurChabad.mjs#default.texts.Weekday Siddur Chabad, Bedtime Shema.he.0	רבונו	ריבונו	reviewed-form	reviewed	correct		⟨רִבּוֹנוֹ⟩ שֶׁל עוֹלָם הֲרֵינִי מוֹחֵל לְכָל מִי
liturgy	17	יָת	nusach/siddurSefard.mjs#default.texts.Siddur Sefard, Various Prayers & Segulot, Parashat Haman Reading for Tuesday Beshalach.he.33	ית	את	form	jastrow-1903:eq	correct		וַהֲוָה בְרַמְשָׁא וּסְלֵיקַת סְלָיו וַחֲפַת ⟨יָת⟩ מַשְׁרִיתָא וּבְצַפְרָא הֲוַת נְחָתַת טַלָא סְחוֹר
liturgy	18	רַבָּא	siddurOffline.mjs#default.texts.Siddur Edot HaMizrach, Weekday Shacharit, Incense Offering.he.32	רבא	גדול	reviewed-form	reviewed	correct		קָרִיב וְאִמְרוּ אָמֵן אָמֵן יְהֵא שְׁמֵיהּ ⟨רַבָּא⟩ מְבָרַךְ לְעָלַם וּלְעָלְמֵי עָלְמַיָּא יִתְבָּרַךְ וְיִשְׁתַּבַּח
liturgy	19	בְּגִין	siddurOffline.mjs#default.texts.Siddur Edot HaMizrach, Nissan, Learning of the Day.he.17	בגינ	בגלל · לפי, משום	form	krupnik-1927:def	correct		ו' בְּאֶמְצָעִיתָא וְדָא הוּא בֵּן דְּכָר ⟨בְּגִין⟩ כָּךְ אִיהוּ בֵּין צָפוֹן לְדָרוֹם וְעַל
liturgy	20	אִמְרֵי	siddurOffline.mjs#default.texts.Siddur Edot HaMizrach, Weekday Arvit, Amidah.he.48	אמר	אומרים	form:pe.ptcp.mp	jastrow-1903:same	incorrect	Hebrew 'the words of (my mouth)'	יִֽהְי֥וּ לְרָצ֨וֹן ⟨אִמְרֵי⟩ פִ֡י וְהֶגְי֣וֹן לִבִּ֣י לְפָנֶ֑יךָ יְ֝הֹוָ֗ה צוּרִ֥י
liturgy	21	מַלְכָּֽא	liturgy/festivalLiturgy.mjs#FESTIVAL_LITURGY.Festival Liturgy, Hoshanot, Hoshana Rabbah.he.265	מלכא	מלך	reviewed-form	reviewed	correct		רַחֲמָנָא אִדְכַּר לָן צְלוֹתֵהּ דִּשְׁלֹמֹה ⟨מַלְכָּֽא⟩
liturgy	22	נִשְׁמָתִין	siddurOffline.mjs#default.texts.Siddur Edot HaMizrach, Prayers for Three Festivals, Mussaf.he.61	נשמתינ	נשמות	reviewed-form	reviewed	correct		סִטְרָא לְבוּשִׁין תַּקַּנְתְּ לוֹן דְּמִנַּֽיְהוּ פָֽרְחִֽין ⟨נִשְׁמָתִין⟩ לִבְנֵי נָשָׁא וְכַמָּה גוּפִין תַּקַּנְתְּ לוֹן
liturgy	23	וּשְׁכִינְתֵּיהּ	nusach/siddurSefard.mjs#default.texts.Siddur Sefard, Lag BaOmer Songs, Bar Yochai Butzina Kadisha.he.6	ושכינתיה	ושכינתו	reviewed-form	reviewed	correct		טָב אִיהוּ שׁוֹשְׁבִינָא יַקִּירָא בֵּין מַלְכָּא ⟨וּשְׁכִינְתֵּיהּ⟩ תְּדִירָא לָךְ בְּהַאי זִוּוּגָא קַדִּישָׁא
liturgy	24	נִשְׁמָתִין	liturgy/festivalLiturgy.mjs#FESTIVAL_LITURGY.Festival Liturgy, Hoshanot, Hoshana Rabbah.he.285	נשמתינ	נשמות	reviewed-form	reviewed	correct		רַחֲמָנָא רַחֵם עַל ⟨נִשְׁמָתִין⟩
liturgy	25	זַכָּאִין	nusach/siddurSefard.mjs#default.texts.Siddur Sefard, Shavuot.he.86	זכאינ	צדיקים	reviewed-form	reviewed	correct		⟨זַכָּאִין⟩ כַּד שְׁמַעְתּוּן שְׁבַח דָא שִׁירָתָא
liturgy	26	בר	siddurOffline.mjs#default.texts.Siddur Edot HaMizrach, Weekday Shacharit, Morning Prayer.he.1	בר	בן	form	reviewed:reviewed	correct		תפלה יהיה מוצל מלטותא דרבי שמעון ⟨בר⟩ יוחאי דלייט באדרא רבא דף קמ"א
liturgy	27	דְּהָא	siddurOffline.mjs#default.texts.Siddur Edot HaMizrach, Prayers for Three Festivals, Mussaf.he.236	דהא	שהרי	reviewed-form	reviewed	correct		וְתַתָּאִין דְּיִשְׂרָאֵל רְשִׁימִין בִּרְשִׁימִין דְּמַלְכָּא קַדִּישָׁא ⟨דְּהָא⟩ אִנּוּן נַטְלִי סִּמָנִי מְהֵימְנוּתָא חוֹתָמָא דְמַלְכָּא
liturgy	28	בִּדְחִֽילוּ	siddurOffline.mjs#default.texts.Siddur Edot HaMizrach, Weekday Shacharit, Morning Prayer.he.2	בדחילו	ביראה	reviewed-form	reviewed	correct		לְשֵׁם יִחוּד קֻדְשָׁא בְּרִיךְ הוּא וּשְׁכִינְתֵּיהּ ⟨בִּדְחִֽילוּ⟩ וּרְחִֽימוּ וּרְחִֽימוּ וּדְחִֽילוּ לְיַחֲדָא שֵׁם יוֹ"ד
liturgy	29	לְהוֹן	nusach/siddurAshkenaz.mjs#default.texts.Siddur Ashkenaz, Shabbat, Kabbalat Shabbat, Mourner's Kaddish.he.0	pron:להונ	להם	form	grammar:pronominal	correct		הָדֵין וְדִי בְכָל אֲתַר וַאֲתַר יְהֵא ⟨לְהוֹן⟩ וּלְכוֹן שְׁלָמָא רַבָּא חִנָּא וְחִסְדָּא וְרַחֲמִין
liturgy	30	אָתָר	nusach/siddurSefard.mjs#default.texts.Siddur Sefard, Shabbat Eve Mincha, Mincha.he.7	אתר	מקום	form	krupnik-1927:def	correct		מֵבִין וְלֹא מִבִּינָה יְדִיעָא לֵית לְךָ ⟨אָתָר⟩ יְדִיעָא אֶלָּא לְאִשְׁתְּמוֹדְעָא תוֹקְפָּךְ וְחֵילָךְ לִבְנֵי
liturgy	31	אַנְפִּין	liturgy/zemirot.mjs#default.groups.0.items.4.paragraphs.4	אנפינ	פנים	reviewed-form	reviewed	correct		וָחִין אַף עַקְתִין בְּטֵלִין וּשְׁבִיתִין בְּרַם ⟨אַנְפִּין⟩ חַדְתִּין וְרוּחִין עִם נַפְשִׁין
liturgy	32	עַתִּיקָא	nusach/siddurSefard.mjs#default.texts.Siddur Sefard, Shabbat Evening Meal, Atkinu Seudata.he.26	עתיקא	העתיק	reviewed-form	reviewed	correct		וִיהֵא רַעֲוָא מִן קֳדָם ⟨עַתִּיקָא⟩ קַדִּישָׁא דְכָל קַדִּישִׁין טְמִירָא דְּכָל טְמִירִין
liturgy	33	לְיַחֲדָא	siddurOffline.mjs#default.texts.Siddur Edot HaMizrach, Shabbat Mussaf, Amida.he.1	ליחדא	לייחד	reviewed-form	reviewed	correct		הוּא וּשְכִינְתֵּהּ בִּדְחִילוּ וּרְחִימוּ וּרְחִימוּ וּדְחִילוּ ⟨לְיַחֲדָא⟩ שֵׁם יוֹ”ד קֵ"א בְּוָא"ו קֵ"א בְּיִחוּדָא
liturgy	34	דְמַלְכָּא	liturgy/zemirot.mjs#default.groups.0.items.3.paragraphs.0	דמלכא	של המלך	reviewed-form	reviewed	correct		שְׁלֵמָתָא חֶדְוְתָא דְמַלְכָּא קַדִישָׁא אַתְקִינוּ סְעוּדָתָא ⟨דְמַלְכָּא⟩ דָּא הִיא סְעוּדָתָא
liturgy	35	גוֹ	nusach/siddurSefard.mjs#default.texts.Siddur Sefard, Various Prayers & Segulot, Formula Against Evil Eye.he.3	גו	תוך	reviewed-form	reviewed	correct		עֵינָא דְכֹּלָא רַחֲמֵי עֵינָא דְאִיהִי רַחֲמֵי ⟨גוֹ⟩ רַחֲמֵי עֵינָא דְכָּלִיל כָּל רַחֲמֵי עֵינָא
liturgy	36	שְׁלִים	siddurOffline.mjs#default.texts.Siddur Edot HaMizrach, Prayers for Three Festivals, Mussaf.he.244	שלימ	שלם, תמים	form	krupnik-1927:def	correct		חָד בַּסֻכּוֹת דִּכְתִיב שְׁלִים הָא חָד ⟨שְׁלִים⟩ לְאַחְזָאָה דְמַאן דְּיָתִיב בְּצִלָא דָא יָתִיב
liturgy	37	אָתָר	nusach/siddurSefard.mjs#default.texts.Siddur Sefard, Upon Arising, Introductory Prayers.he.14	אתר	מקום	form	krupnik-1927:def	correct		מֵבִין וְלֹא מִבִּינָה יְדִיעָא לֵית לְךָ ⟨אָתָר⟩ יְדִיעָא אֶלָּא לְאִשְׁתְּמוֹדְעָא תוֹקְפָּךְ וְחֵילָךְ לִבְנֵי
liturgy	38	עַמֵּיהּ	siddurOffline.mjs#default.texts.Siddur Edot HaMizrach, Shabbat Evening, Atkenu Seudata.he.23	pron:עמיה	עמו	form	grammar:pronominal	correct		כָּל הַנִּלְוִים אֵלַי וְעַל כָּל יִשְׂרָאֵל ⟨עַמֵּיהּ⟩ וְיִפְרְקִינָן מִכָּל עַקְתִין בִּישִׁין דְּיֵיתוּן לְעָֽלְמָא
liturgy	39	רַבָּא	nusach/siddurSefard.mjs#default.texts.Siddur Sefard, Weekday Mincha, Korbanot.he.24	רבא	גדול	reviewed-form	reviewed	correct		יִתְגַּדַּל וְיִתְקַדַּשׁ שְׁמֵהּ ⟨רַבָּא⟩ בְּעָלְ֒מָא דִּי בְרָא כִרְעוּתֵהּ וְיַמְלִיךְ מַלְכוּתֵהּ
liturgy	40	וּרְחִימוּ	siddurOffline.mjs#default.texts.Siddur Edot HaMizrach, Shabbat Candle Lighting.he.1	ורחימו	ואהבה	reviewed-form	reviewed	correct		יִחוּד קֻדְשָׁא בְּרִיךְ הוּא וּשְׁכִינְתֵּיהּ בִּדְחִילוּ ⟨וּרְחִימוּ⟩ וּרְחִימוּ וּדְחִילוּ לְיַחֲדָא שֵׁם יוֹ"ד קֵ"י
liturgy	41	מַלְכָּא	siddurOffline.mjs#default.texts.Siddur Edot HaMizrach, Daytime Meal, Daytime Meal.he.7	מלכא	מלך	reviewed-form	reviewed	correct		פְגִימוּתָא לְעֵֽלָּא וְאַחְזֵי גַרְמֵהּ דְּלָאו מִבְּנֵי ⟨מַלְכָּא⟩ עִלָּאָה הוּא דְּלָאו מִבְּנֵי הֵיכָלָא דְּמַלְכָּא
liturgy	42	נְהִירוּ	siddurOffline.mjs#default.texts.Siddur Edot HaMizrach, Prayers for Three Festivals, Mussaf.he.254	נהירו	אור	reviewed-form	reviewed	correct		מִנָּךְ כֹּלָּא עֲלָךְ קַיְמֵי עִלָּאִין וְתַתָּאִין ⟨נְהִירוּ⟩ עִלָּאָה וַדַּאי מִנָּךְ נַפְקֵי
liturgy	43	תְּלָתָא	nusach/siddurAshkenaz.mjs#default.texts.Siddur Ashkenaz, Shabbat, Shacharit, Preparatory Prayers, Korbanot, Ketoret.he.9	תלתא	שלושה	reviewed-form	reviewed	correct		קַבִּין יֵין קַפְרִיסִין סְאִין תְּלָתָא וְקַבִּין ⟨תְּלָתָא⟩ וְאִם לא מָצָא יֵין קַפְרִיסִין מֵבִיא
liturgy	44	תַּנְיָא	nusach/siddurChabadTehillatHashem.mjs#default.texts.Siddur Tehillat Hashem, The Afternoon Prayers for Weekdays, Mincha for Weekdays.he.13	תניא	נאמר בברייתא	form	krupnik-1927:def	correct		⟨תַּנְיָא⟩ רַבִּי נָתָן אוֹמֵר כְּשֶׁהוּא שׁוֹחֵק אוֹמֵר
liturgy	45	שְׁלָמָא	nusach/siddurSefard.mjs#default.texts.Siddur Sefard, Kiddush Levanah.he.24	שלמא	שלום	reviewed-form	reviewed	correct		יְהֵא ⟨שְׁלָמָא⟩ רַבָּא מִן שְׁמַיָּא וְחַיִּים טוֹבִים עָלֵינוּ
liturgy	46	אַמַּאי	nusach/siddurSefard.mjs#default.texts.Siddur Sefard, Shabbat Evening Meal, Atkinu Seudata.he.3	אמאי	למה, מדוע	form	krupnik-1927:def	correct		דִּלְעֵלָּא וְתַתָּא בְּיוֹמָא שְׁבִיעָאָה תַּלְיָן וְתָאנָא ⟨אַמַּאי⟩ לֹא אִשְׁתְּכַח מַנָּא בְּיוֹמָא שְׁבִיעָאָה מִשּׁוּם
liturgy	47	דִּמְהֵימְנוּתָא	siddurOffline.mjs#default.texts.Siddur Edot HaMizrach, Shabbat Evening, Atkenu Seudata.he.1	דמהימנותא	של האמונה	reviewed-form	reviewed	correct		אַתְקִינוּ סְעֻדָּתָא ⟨דִּמְהֵימְנוּתָא⟩ שְׁלֵימָתָא חֶדְוָתָא דְמַלְכָּא קַדִּישָׁא אַתְקִינוּ סְעֻדָּתָא
liturgy	48	שְׁמַיָּא	siddurOffline.mjs#default.texts.Siddur Edot HaMizrach, Fast Days and Mourning, Mourning.he.30	שמיא	שמים	form	jastrow-1903:eq	correct		מִן עַלְמָא הָדֵין כִּרְעוּת אֱלָהָא מָארֵי ⟨שְׁמַיָּא⟩ וְאַרְעָא הַמֶּלֶךְ בְּרַחֲמָיו יָחוֹס וְיַחְמוֹל עָלֶיהָ
liturgy	49	וְיִתְעַלֶּה	siddurOffline.mjs#default.texts.Siddur Edot HaMizrach, Additions for Shacharit, Ten Remembrances.he.11	ויתעלה	ויתעלה	reviewed-form	reviewed	correct		עִמָּנוּ בְּכָל צִדְקוֹתָיו וּכְרוֹב רַחֲמָיו יִתְבָּרַךְ ⟨וְיִתְעַלֶּה⟩ וִיהִי רָצוֹן מִלְּפָנֶיךָ יְהֹוָה אֱלֹהֵינוּ וֵאלֹהֵי
talmud-commentary	0	דההיא	Rif_Bava_Batra.125.2	דההיא	של אותה	reviewed-form	reviewed	correct		והגוף לזה וכבר אידחיא לה ממעשה ⟨דההיא⟩ סבתא אמר רבי זירא א"ר יוחנן
talmud-commentary	1	נמי	Rashi_on_Shabbat.267.14	נמי	גם, כמו כן	form	krupnik-1927:def	correct		שמא ערלה כבושה היא ולענין שבת ⟨נמי⟩ ודאי לא מחללינן
talmud-commentary	2	ידעינן	Tosafot_on_Chullin.41.4	ידע	אנו יודעים	form:pe.ptcp.1pl	jastrow-1903:same	correct		לא כתיב קרא דתורים לא הוה ⟨ידעינן⟩ תורין כלל דכשרים לקרבן ויש לומר
talmud-commentary	3	במאי	Rashi_on_Megillah.54.20	rev:מאי	במה	form+b	reviewed:reviewed-base	correct		היכי אספיד ⟨במאי⟩ אספדנו
talmud-commentary	4	דתניא	Tosafot_on_Zevachim.188.1	תניא	שנאמר בברייתא	form+d	krupnik-1927:def	correct		מהא דקי"ל כשמואל דאמר תתאה גבר ⟨דתניא⟩ כוותיה בפ' כיצד צולין פסחים דף
talmud-commentary	5	הוה	Rif_Shabbat.119.9	הוה	היה	form	reviewed:reviewed	correct		פירוש הקדרה יש בה אוכל הלכך ⟨הוה⟩ ליה משקה הבא לאוכל וכאוכל דמי
talmud-commentary	6	יתירא	Rashi_on_Zevachim.137.26	יתירא	יתר, חבל	form	krupnik-1927:def	correct		שחיטתה מטהרתה דילפינן לה בת"כ מקרא ⟨יתירא⟩ ולאלה תטמאו כל הנוגע בהם במותם
talmud-commentary	7	דהוו	Rashi_on_Chullin.184.36	דהוו	שהיו	reviewed-form	reviewed	correct		וכמה ⟨דהוו⟩ דכירי לדר' יהודה וגרירי בתריה אמרו
talmud-commentary	8	שמעינן	Tosafot_on_Chullin.222.4	שמעיננ	אנו שומעים	reviewed-form	reviewed	correct		דשקולים הם ומציר גופיה לא הוה ⟨שמעינן⟩ דלהוי שתיה כאכילה דהוי מצינן לאוקומי
talmud-commentary	9	דהתם	Tosafot_on_Bava_Metzia.41.5	דהתמ	של שם	reviewed-form	reviewed	incorrect	relative 'that there'	בהכי אמדתיך ה"נ נימא הכי וי"ל ⟨דהתם⟩ הוי כולה שיעור תרומה ויש שתורם
talmud-commentary	10	מאן	Rif_Bava_Kamma.27.6	מאנ	מי	reviewed-form	reviewed	correct		אמר רב יהודה האי ⟨מאן⟩ דבעי למהוי חסידא ליקיים מילי דנזיקין
talmud-commentary	11	מייתי	Tosafot_on_Sukkah.76.1	מייתי	מביא	reviewed-form	reviewed	correct		איירי שדרך להפקיר אע"ג דבגמרא דירושלמי ⟨מייתי⟩ עלה כולה דרשא דתורת כהנים
talmud-commentary	12	דדרשינן	Tosafot_on_Gittin.2.7	דרש	שהורה בצבור	form:pe.ptcp.1pl+d	krupnik-1927:def	incorrect	'that we expound'	אחד נאמן באיסורין וי"ל דילפינן מנדה ⟨דדרשינן⟩ בפרק המדיר כתובות דף עב וספרה
talmud-commentary	13	והאי	Rashi_on_Pesachim.14.25	האי	וזה, זאת	form+w	krupnik-1927:def	correct		העליונה היא משורה הזקופה כנגד הפתח ⟨והאי⟩ פתח לאו כנגדו ממש קאמר אלא
talmud-commentary	14	דלא	Tosafot_on_Yevamot.51.4	דלא	שלא	reviewed-form	reviewed	correct		חלץ ללאה ברישא קודם רחל כיון ⟨דלא⟩ נשתייר בלאה אלא זיקה מועטת שכבר
talmud-commentary	15	דמייתי	Rashi_on_Horayot.13.23	rev:מייתי	שמביא	form+d	reviewed:reviewed-base	correct		נייתי פר צבור בשאר מצות הוא ⟨דמייתי⟩ ולא הוי חלוק וכ"ש דבעי' חלוק
talmud-commentary	16	מאן	Tosafot_on_Eruvin.57.1	מאנ	מי	reviewed-form	reviewed	correct		לימא תהוי תיובתא ואם תאמר והא ⟨מאן⟩ דפליג ארב ושמואל לא פליג אלא
talmud-commentary	17	מאי	Tosafot_on_Zevachim.16.2	מאי	מה	reviewed-form	reviewed	correct		איתיביה רב משרשיא לרבא כו' תימה ⟨מאי⟩ קושיא הא רבא הוא דמפרש טעמא
talmud-commentary	18	תנא	Tosafot_on_Menachot.183.8	תני	שנה	form	reviewed:reviewed	correct		אמרי' הכל לאיתויי יורש ותימה הא ⟨תנא⟩ ליה רישא וכמו כן קשה מהכל
talmud-commentary	19	דאית	Tosafot_on_Nazir.94.8	דאית	שיש	reviewed-form	reviewed	correct		כ"ג והוא נזיר מנא ליה היכא ⟨דאית⟩ ביה שתי קדושות דלדידיה לא אייתר
talmud-commentary	20	ורבנן	Tosafot_on_Sanhedrin.4.1	ורבננ	וחכמים	reviewed-form	reviewed	correct		למומחין וכן משמע בפלוגתא דרבי שמעון ⟨ורבנן⟩ דלקמן סנהדרין דף ד דבסכת בסכת
talmud-commentary	21	טעמא	Tosafot_on_Zevachim.223.6	טעמא	טעם	reviewed-form	reviewed	correct		דלתות אלא שוורים שכריסן רחבה והתם ⟨טעמא⟩ משום דכתיב קרא איוב י׳ י״א
talmud-commentary	22	נמי	Rashi_on_Meilah.35.10	נמי	גם, כמו כן	form	krupnik-1927:def	correct		שקלו ונמצא חסר ממשקלו אלמא זהב ⟨נמי⟩ עשוי ליפגם
talmud-commentary	23	דלא	Tosafot_on_Shabbat.142.3	דלא	שלא	reviewed-form	reviewed	correct		הכתוב וחי בהם יצא אונס משמע ⟨דלא⟩ מפיק אלא אונס מיתה אבל שאר
talmud-commentary	24	למעוטי	Tosafot_on_Yoma.145.3	למעוטי	למעט	reviewed-form	reviewed	correct		הכל קדוש מספיקא דלא אתא קרא ⟨למעוטי⟩ טומטום אע"ג דלאו קמי שמיא גליא
other-commentary	0	איצטריך	Bartenura_on_Mishnah_Terumot.1.15	צרכ	היה זקוק לדבר	form:itpe.perf.3ms	krupnik-1927:def	correct		כדפרישית במעשר ראשון והקדש שנפדה נמי ⟨איצטריך⟩ כשהקדיש טבל ומרחו הגזבר ואח״כ פדאו
other-commentary	1	למעבד	Nefesh_David_on_Zohar.289.6	למעבד	לעשות	reviewed-form	reviewed	correct		נ"ל פירושו כמש"ל בהקדמה ג' סע"ב ⟨למעבד⟩ תולדי' כד אתא אברהם כו' כד
other-commentary	2	היינו	Mishnah_Berurah.261.21	היינו	זהו	form	krupnik-1927:def	correct		רצה לעשותו וכו' ⟨היינו⟩ ע"י דיבור שהוא מקבלו עליו לשם
other-commentary	3	דִּכְתִיב	Or_HaChaim_on_Genesis.1.105	דכתיב	שכתוב	reviewed-form	reviewed	correct		לְאַבְרָהָם מַאי דַּעְתָּךְ דְּקָאֵי צֶדֶק וְכוּ׳ ⟨דִּכְתִיב⟩ ישעיהו מא ב צֶדֶק יִקְרָאֵהוּ לְרַגְלוֹ
other-commentary	4	והיינו	Nefesh_David_on_Zohar.792.1	היינו	וזהו	form+w	krupnik-1927:def	correct		ע"ב נתפרש שהוא שמא דשבעין אתוון ⟨והיינו⟩ שם ע"ב דב' כוללין כל הע'
other-commentary	5	דלא	Mishnah_Berurah.306.28	דלא	שלא	reviewed-form	reviewed	correct		כדי לפקח בשביל הרבים וכתבו הפוסקים ⟨דלא⟩ הותר אמירה לא"י לעשות מלאכה ולא
other-commentary	6	תנא	Tosafot_Yom_Tov_on_Mishnah_Yoma.2.21	תני	שנה	form	reviewed:reviewed	correct		להנך דלא סגי להו בחד כהן ⟨תנא⟩ נמי הגרה שהוא בשלשה וכיון דבעי
other-commentary	7	דהיינו	Kaf_HaChayim_on_Shulchan_Arukh_Orach_Chayim.153.101	היינו	שזהו	form+d	krupnik-1927:def	correct		י"ז או' ל"ג ומיהו יש אומרים ⟨דהיינו⟩ זט"ה שלא במא"ה אבל זט"ה במא"ה
other-commentary	8	דדוקא	Kaf_HaChayim_on_Shulchan_Arukh_Orach_Chayim.160.28	דוקא	של מין חולי בעין · של מוץ	form+d	krupnik-1927:def	incorrect	'that only' (דווקא)	וזה אינו תלוי בראוי לשתיית הכלב ⟨דדוקא⟩ במים סרוחים ומלוחים שאינן ראויין מחמת
other-commentary	9	כתיב	Tosafot_Yom_Tov_on_Mishnah_Yoma.8.2	כתיב	כתוב	reviewed-form	reviewed	correct		מים קרים על נפש עיפה ולא ⟨כתיב⟩ בנפש ש"מ עיף מרחיצה הוא סיכה
other-commentary	10	ליתא	Biur_Halacha.208.9	ליתא	אינה	reviewed-form	reviewed	correct		כשיטת התוספות הנ"ל אכן בגמרא שלפנינו ⟨ליתא⟩ זה בדברי רב ושמואל
other-commentary	11	טובא	Biur_Halacha.346.2	טובא	טוב	form	jastrow-1903:same	incorrect	'much, far'	וע"ז כתב דכל היכי שהם רחוקים ⟨טובא⟩ עד כדי שאינו מוצא א"ע בתוך
other-commentary	12	אמרינן	Mishnah_Berurah.363.145	אמר	אנו אומרים	form:pe.ptcp.1pl	jastrow-1903:same	correct		גם מצד השני ובכגון זה דשוין ⟨אמרינן⟩ אתי אוירא דהאי גיסא ודהאי גיסא
other-commentary	13	היינו	Mishnah_Berurah.249.22	היינו	זהו	form	krupnik-1927:def	correct		ע"ש או ערב ר"ח שחל בע"ש ⟨היינו⟩ אותם אנשים שאין אומרים יו"כ קטן
other-commentary	14	דוקא	Kaf_HaChayim_on_Shulchan_Arukh_Orach_Chayim.328.56	דוקא	בדיוק	reviewed-form	reviewed	correct		ונ שם בהגה וי"א ⟨דוקא⟩ ישראלים וכן עיקר א"ר או' יו"ד
other-commentary	15	בעינן	Kaf_HaChayim_on_Shulchan_Arukh_Orach_Chayim.498.41	בעיננ	אנו צריכים	reviewed-form	reviewed	correct		בהדיא בגמ' ב"י לבוש ולפי' התו' ⟨בעינן⟩ דוקא מוכן ועומד לכלבים ובזה"ז סתם
other-commentary	16	עביד	Tosafot_Yom_Tov_on_Mishnah_Arakhin.1.9	עביד	עושה	reviewed-form	reviewed	correct		דכתיב לא לכם ולנו ור"י מאי ⟨עביד⟩ ליה בהאי קרא דלא לכם ולנו
other-commentary	17	בעינן	Biur_Halacha.219.6	בעיננ	אנו צריכים	reviewed-form	reviewed	correct		דהמברך אינו מכוין אותו להוציאו להכי ⟨בעינן⟩ עכ"פ שיענה אמן תוך כדי דיבור
other-commentary	18	דאפילו	Tosafot_Yom_Tov_on_Mishnah_Chullin.11.2	דאפילו	שאפילו	reviewed-form	reviewed	correct		אפילו כי אמר חוץ לא מהני ⟨דאפילו⟩ לא קדש אלא אבר ממנה פשטה
other-commentary	19	היכי	Tosafot_Yom_Tov_on_Mishnah_Challah.4.17	היכי	כיצד	form	krupnik-1927:def	correct		בין טומאה חמורה לטומאה קלה כי ⟨היכי⟩ דפליג רבי יוסי קודם שטבל עכ"ל
other-commentary	20	דלא	Tosafot_Yom_Tov_on_Mishnah_Kiddushin.2.22	דלא	שלא	reviewed-form	reviewed	correct		הא כתיב בהן לא תקח וי"ל ⟨דלא⟩ ממשמעות דלא תקח דרשינן אלא משמע
other-commentary	21	אליבא	Tosefot_Yom_Tov_on_Mishnah_Peah.6.6	אליבא	על פי	form	krupnik-1927:def	correct		אחר שכתב הר"ב דמתניתין דלקמן דוקא ⟨אליבא⟩ דרבי יהושע מהאי טעמא דלא ס"ל
other-commentary	22	דלאו	Bartenura_on_Mishnah_Oholot.9.23	דלאו	שלא	reviewed-form	reviewed	correct		על מה שתחתיה ועל גבה כיון ⟨דלאו⟩ כלי היא
other-commentary	23	דלא	Kaf_HaChayim_on_Shulchan_Arukh_Orach_Chayim.643.10	דלא	שלא	reviewed-form	reviewed	correct		שם ומברך לישב בסוכה וכו' הא ⟨דלא⟩ מברכין על ישיבת סוכה כמו על
other-commentary	24	מדינא	Kaf_HaChayim_on_Shulchan_Arukh_Orach_Chayim.320.12	דינא	מדין ומשפט	form+m	krupnik-1927:def	correct		כך הוא דרך אכילת ענבים ושרי ⟨מדינא⟩ ומ"מ המחמיר תע"ב עכ"ל וכתב עליו
