nusach,service,order,section,concept,title,source_ref,paragraphs,when,role,required,omitted,verified
"edot-hamizrach","weekday-shacharit","1","modeh-ani","modeh-ani","מודה אני","Siddur Edot HaMizrach, Preparatory Prayers, Modeh Ani","0-3","","","false","false","false"
"edot-hamizrach","weekday-shacharit","2","netilat-yadayim","netilat-yadayim","נטילת ידיים","Siddur Edot HaMizrach, Preparatory Prayers, Morning Blessings","0-2","","","false","false","false"
"edot-hamizrach","weekday-shacharit","3","asher-yatzar","morning-blessings","אשר יצר","Siddur Edot HaMizrach, Preparatory Prayers, Morning Blessings","3-4","","","true","false","false"
"edot-hamizrach","weekday-shacharit","4","elokai-neshama","morning-blessings","אלהי נשמה","Siddur Edot HaMizrach, Preparatory Prayers, Morning Blessings","5-6","","","true","false","false"
"edot-hamizrach","weekday-shacharit","5","birkot-hashachar","morning-blessings","ברכות השחר","Siddur Edot HaMizrach, Preparatory Prayers, Morning Blessings","7-14","","","true","false","false"
"edot-hamizrach","weekday-shacharit","6","she-asa-li","morning-blessings","","Siddur Edot HaMizrach, Preparatory Prayers, Morning Blessings","15-16","!tishaBav","","true","false","false"
"edot-hamizrach","weekday-shacharit","7","birkot-hashachar-end","morning-blessings","","Siddur Edot HaMizrach, Preparatory Prayers, Morning Blessings","17-25","","","true","false","false"
"edot-hamizrach","weekday-shacharit","8","yehi-ratzon","morning-blessings","יהי רצון שתצילני","Siddur Edot HaMizrach, Preparatory Prayers, Morning Blessings","26-26","","","true","false","false"
"edot-hamizrach","weekday-shacharit","9","torah-blessings","torah-blessings","ברכות התורה","Siddur Edot HaMizrach, Preparatory Prayers, Torah Blessings","0-4","","","true","false","false"
"edot-hamizrach","weekday-shacharit","10","petichat-eliyahu","morning-prayers","פתח אליהו","Siddur Edot HaMizrach, Weekday Shacharit, Petichat Eliyahu","0-8","","","false","false","false"
"edot-hamizrach","weekday-shacharit","11","ramit-yadai","morning-prayers","אמר רבי שמעון","Siddur Edot HaMizrach, Weekday Shacharit, Petichat Eliyahu","9-10","","","false","false","false"
"edot-hamizrach","weekday-shacharit","12","tallit","tallit","עטיפת טלית","Siddur Edot HaMizrach, Weekday Shacharit, Order of Talit","0-2","","","true","false","false"
"edot-hamizrach","weekday-shacharit","13","tefillin","tefillin","הנחת תפילין","Siddur Edot HaMizrach, Weekday Shacharit, Order of Tefillin","0-5","!cholHamoed&!tishaBav","","true","false","false"
"edot-hamizrach","weekday-shacharit","14","hanna","morning-prayers","תפלת חנה","Siddur Edot HaMizrach, Weekday Shacharit, Hanna's Prayer","0-1","","","false","false","false"
"edot-hamizrach","weekday-shacharit","15","leshem-yichud","morning-prayers","לשם יחוד","Siddur Edot HaMizrach, Weekday Shacharit, Morning Prayer","0-2","","","false","false","false"
"edot-hamizrach","weekday-shacharit","16","akeida","morning-prayers","פרשת העקידה","Siddur Edot HaMizrach, Weekday Shacharit, Morning Prayer","3-4","","","false","false","false"
"edot-hamizrach","weekday-shacharit","17","akeida-vshachat","morning-prayers","ושחט אתו","Siddur Edot HaMizrach, Weekday Shacharit, Morning Prayer","5-7","","optional","false","false","false"
"edot-hamizrach","weekday-shacharit","18","akeida-ribono","morning-prayers","רבונו של עולם","Siddur Edot HaMizrach, Weekday Shacharit, Morning Prayer","8-8","","","false","false","false"
"edot-hamizrach","weekday-shacharit","19","eilu-devarim","morning-prayers","אלו דברים","Siddur Edot HaMizrach, Weekday Shacharit, Morning Prayer","9-9","","","false","false","false"
"edot-hamizrach","weekday-shacharit","20","leolam-yehe-adam","morning-prayers","לעולם יהא אדם","Siddur Edot HaMizrach, Weekday Shacharit, Morning Prayer","10-11","","","false","false","false"
"edot-hamizrach","weekday-shacharit","21","shema-first-verse","morning-prayers","שמע ישראל","Siddur Edot HaMizrach, Weekday Shacharit, Morning Prayer","12-14","","","false","false","false"
"edot-hamizrach","weekday-shacharit","22","ata-hu","morning-prayers","אתה הוא","Siddur Edot HaMizrach, Weekday Shacharit, Morning Prayer","15-16","","","false","false","false"
"edot-hamizrach","weekday-shacharit","23","tamid","korbanot","פרשת התמיד","Siddur Edot HaMizrach, Weekday Shacharit, Morning Prayer","17-18","","","true","false","false"
"edot-hamizrach","weekday-shacharit","24","ketoret","ketoret","פטום הקטורת","Siddur Edot HaMizrach, Weekday Shacharit, Incense Offering","0-7","","","false","false","false"
"edot-hamizrach","weekday-shacharit","25","maaracha","korbanot","סדר המערכה","Siddur Edot HaMizrach, Weekday Shacharit, Incense Offering","8-8","","","true","false","false"
"edot-hamizrach","weekday-shacharit","26","ana-bekoach","korbanot","אנא בכח","Siddur Edot HaMizrach, Weekday Shacharit, Incense Offering","9-17","","","true","false","false"
"edot-hamizrach","weekday-shacharit","27","ribon-haolamim","korbanot","רבון העולמים","Siddur Edot HaMizrach, Weekday Shacharit, Incense Offering","18-19","","","true","false","false"
"edot-hamizrach","weekday-shacharit","28","eizehu-mekoman","korbanot","איזהו מקומן","Siddur Edot HaMizrach, Weekday Shacharit, Incense Offering","20-27","","","true","false","false"
"edot-hamizrach","weekday-shacharit","29","rabbi-yishmael","korbanot","רבי ישמעאל אומר","Siddur Edot HaMizrach, Weekday Shacharit, Incense Offering","28-30","","","true","false","false"
"edot-hamizrach","weekday-shacharit","30","kaddish-al-yisrael","kaddish-derabanan","קדיש על ישראל","Siddur Edot HaMizrach, Weekday Shacharit, Incense Offering","31-34","","minyan","false","false","false"
"edot-hamizrach","weekday-shacharit","31","hodu","hodu","הודו","Siddur Edot HaMizrach, Weekday Shacharit, Hodu","0-4","","","false","false","false"
"edot-hamizrach","weekday-shacharit","32","mizmor-shir","mizmor-shir","מזמור שיר חנוכת הבית","Siddur Edot HaMizrach, Weekday Shacharit, Hodu","5-5","","","false","false","false"
"edot-hamizrach","weekday-shacharit","33","hashem-hu-haelokim","hodu","ה׳ הוא האלהים","Siddur Edot HaMizrach, Weekday Shacharit, Hodu","6-7","aseret|hoshanaRabbah","","false","false","false"
"edot-hamizrach","weekday-shacharit","34","hashem-melech","hodu","ה׳ מלך","Siddur Edot HaMizrach, Weekday Shacharit, Hodu","8-12","","","false","false","false"
"edot-hamizrach","weekday-shacharit","35","lamnatzeach-menorah","hodu","למנצח בנגינות — המנורה","Siddur Edot HaMizrach, Weekday Shacharit, Hodu","13-14","","","false","false","false"
"edot-hamizrach","weekday-shacharit","36","baruch-sheamar","baruch-sheamar","ברוך שאמר","Siddur Edot HaMizrach, Weekday Shacharit, Pesukei D'Zimra","0-1","","","false","false","false"
"edot-hamizrach","weekday-shacharit","37","mizmor-letoda","pesukei-dezimra","מזמור לתודה","Siddur Edot HaMizrach, Weekday Shacharit, Pesukei D'Zimra","2-2","","","true","false","false"
"edot-hamizrach","weekday-shacharit","38","yehi-chevod","pesukei-dezimra","יהי כבוד","Siddur Edot HaMizrach, Weekday Shacharit, Pesukei D'Zimra","3-4","","","true","false","false"
"edot-hamizrach","weekday-shacharit","39","tehila-ledavid","pesukei-dezimra","אשרי — תהלה לדוד","Siddur Edot HaMizrach, Weekday Shacharit, Pesukei D'Zimra","5-6","","","true","false","false"
"edot-hamizrach","weekday-shacharit","40","hallelukah","pesukei-dezimra","הללויה","Siddur Edot HaMizrach, Weekday Shacharit, Pesukei D'Zimra","7-11","","","true","false","false"
"edot-hamizrach","weekday-shacharit","41","baruch-hashem-leolam","pesukei-dezimra","ברוך ה׳ לעולם","Siddur Edot HaMizrach, Weekday Shacharit, Pesukei D'Zimra","12-12","","","true","false","false"
"edot-hamizrach","weekday-shacharit","42","vayevarech-david","pesukei-dezimra","ויברך דויד","Siddur Edot HaMizrach, Weekday Shacharit, Pesukei D'Zimra","13-14","","","true","false","false"
"edot-hamizrach","weekday-shacharit","43","az-yashir","az-yashir","שירת הים","Siddur Edot HaMizrach, Weekday Shacharit, Pesukei D'Zimra","15-17","","","false","false","false"
"edot-hamizrach","weekday-shacharit","44","yishtabach","yishtabach","ישתבח","Siddur Edot HaMizrach, Weekday Shacharit, Pesukei D'Zimra","18-18","","","true","false","false"
"edot-hamizrach","weekday-shacharit","45","shir-hamaalot-aseret","pesukei-dezimra","שיר המעלות ממעמקים","Siddur Edot HaMizrach, Weekday Shacharit, Pesukei D'Zimra","19-20","aseret","","true","false","false"
"edot-hamizrach","weekday-shacharit","46","half-kaddish","half-kaddish","חצי קדיש","Siddur Edot HaMizrach, Weekday Shacharit, Pesukei D'Zimra","21-22","","minyan","true","false","false"
"edot-hamizrach","weekday-shacharit","47","barchu","barchu","ברכו","Siddur Edot HaMizrach, Weekday Shacharit, Pesukei D'Zimra","23-25","","minyan","false","false","false"
"edot-hamizrach","weekday-shacharit","48","yotzer","shema-blessings","יוצר אור","Siddur Edot HaMizrach, Weekday Shacharit, The Shema","0-5","","","true","false","false"
"edot-hamizrach","weekday-shacharit","49","ahavat-olam","shema-blessings","אהבת עולם","Siddur Edot HaMizrach, Weekday Shacharit, The Shema","6-8","","","true","false","false"
"edot-hamizrach","weekday-shacharit","50","shema","shema","קריאת שמע","Siddur Edot HaMizrach, Weekday Shacharit, The Shema","9-15","","","true","false","false"
"edot-hamizrach","weekday-shacharit","51","emet-veyatziv","after-shema","אמת ויציב","Siddur Edot HaMizrach, Weekday Shacharit, The Shema","16-20","","","false","false","false"
"edot-hamizrach","weekday-shacharit","52","avot","amidah","ברכת אבות","Siddur Edot HaMizrach, Weekday Shacharit, Amida","0-2","","","true","false","false"
"edot-hamizrach","weekday-shacharit","53","gevurot","amidah","גבורות","Siddur Edot HaMizrach, Weekday Shacharit, Amida","3-5","","","true","false","false"
"edot-hamizrach","weekday-shacharit","54","kedusha","kedusha","קדושה","Siddur Edot HaMizrach, Weekday Shacharit, Amida","6-8","","repetition","false","false","false"
"edot-hamizrach","weekday-shacharit","55","kedushat-hashem","amidah","קדושת השם","Siddur Edot HaMizrach, Weekday Shacharit, Amida","9-9","","","true","false","false"
"edot-hamizrach","weekday-shacharit","56","daat","amidah","חונן הדעת","Siddur Edot HaMizrach, Weekday Shacharit, Amida","10-10","","","true","false","false"
"edot-hamizrach","weekday-shacharit","57","teshuva","amidah","תשובה","Siddur Edot HaMizrach, Weekday Shacharit, Amida","11-11","","","true","false","false"
"edot-hamizrach","weekday-shacharit","58","selicha","amidah","סליחה","Siddur Edot HaMizrach, Weekday Shacharit, Amida","12-12","","","true","false","false"
"edot-hamizrach","weekday-shacharit","59","geula","amidah","גאולה","Siddur Edot HaMizrach, Weekday Shacharit, Amida","13-13","","","true","false","false"
"edot-hamizrach","weekday-shacharit","60","aneinu-chazzan","amidah","עננו","Siddur Edot HaMizrach, Weekday Shacharit, Amida","14-16","fast","repetition","true","false","false"
"edot-hamizrach","weekday-shacharit","61","refua","amidah","רפואה","Siddur Edot HaMizrach, Weekday Shacharit, Amida","17-17","","","true","false","false"
"edot-hamizrach","weekday-shacharit","62","birkat-hashanim","amidah","ברכת השנים","Siddur Edot HaMizrach, Weekday Shacharit, Amida","18-21","","","true","false","false"
"edot-hamizrach","weekday-shacharit","63","kibbutz-galuyot","amidah","קיבוץ גלויות","Siddur Edot HaMizrach, Weekday Shacharit, Amida","22-22","","","true","false","false"
"edot-hamizrach","weekday-shacharit","64","mishpat","amidah","השבת המשפט","Siddur Edot HaMizrach, Weekday Shacharit, Amida","23-23","","","true","false","false"
"edot-hamizrach","weekday-shacharit","65","minim","amidah","ברכת המינים","Siddur Edot HaMizrach, Weekday Shacharit, Amida","24-24","","","true","false","false"
"edot-hamizrach","weekday-shacharit","66","tzadikim","amidah","על הצדיקים","Siddur Edot HaMizrach, Weekday Shacharit, Amida","25-25","","","true","false","false"
"edot-hamizrach","weekday-shacharit","67","yerushalayim","amidah","בונה ירושלים","Siddur Edot HaMizrach, Weekday Shacharit, Amida","26-26","","","true","false","false"
"edot-hamizrach","weekday-shacharit","68","malchut-david","amidah","מלכות בית דוד","Siddur Edot HaMizrach, Weekday Shacharit, Amida","27-27","","","true","false","false"
"edot-hamizrach","weekday-shacharit","69","shomea-tefila","amidah","שומע תפילה","Siddur Edot HaMizrach, Weekday Shacharit, Amida","28-28","","","true","false","false"
"edot-hamizrach","weekday-shacharit","70","aneinu","amidah","עננו","Siddur Edot HaMizrach, Weekday Shacharit, Amida","29-29","fast","","true","false","false"
"edot-hamizrach","weekday-shacharit","71","aneinu-sansan","amidah","עננו — נוסח סנסן ליאיר","Siddur Edot HaMizrach, Weekday Shacharit, Amida","30-30","fast","optional","true","false","false"
"edot-hamizrach","weekday-shacharit","72","shomea-tefila-end","amidah","","Siddur Edot HaMizrach, Weekday Shacharit, Amida","31-31","","","true","false","false"
"edot-hamizrach","weekday-shacharit","73","retze","amidah","רצה","Siddur Edot HaMizrach, Weekday Shacharit, Amida","32-32","","","true","false","false"
"edot-hamizrach","weekday-shacharit","74","yaale-veyavo","amidah","יעלה ויבוא","Siddur Edot HaMizrach, Weekday Shacharit, Amida","33-38","roshChodesh|cholHamoed","","true","false","false"
"edot-hamizrach","weekday-shacharit","75","retze-end","amidah","","Siddur Edot HaMizrach, Weekday Shacharit, Amida","39-39","","","true","false","false"
"edot-hamizrach","weekday-shacharit","76","modim","amidah","מודים","Siddur Edot HaMizrach, Weekday Shacharit, Amida","40-41","","","true","false","false"
"edot-hamizrach","weekday-shacharit","77","modim-derabanan","modim-derabanan","מודים דרבנן","Siddur Edot HaMizrach, Weekday Shacharit, Amida","42-44","","repetition","false","false","false"
"edot-hamizrach","weekday-shacharit","78","al-hanisim","amidah","על הנסים","Siddur Edot HaMizrach, Weekday Shacharit, Amida","45-48","chanukah|purim","","true","false","false"
"edot-hamizrach","weekday-shacharit","79","modim-end","amidah","","Siddur Edot HaMizrach, Weekday Shacharit, Amida","49-49","","","true","false","false"
"edot-hamizrach","weekday-shacharit","80","birkat-kohanim","birkat-kohanim","ברכת כהנים","Siddur Edot HaMizrach, Weekday Shacharit, Amida","50-64","","repetition","false","false","false"
"edot-hamizrach","weekday-shacharit","81","sim-shalom","amidah","שים שלום","Siddur Edot HaMizrach, Weekday Shacharit, Amida","65-65","","","true","false","false"
"edot-hamizrach","weekday-shacharit","82","elokai-netzor","elokai-netzor","אלהי נצור","Siddur Edot HaMizrach, Weekday Shacharit, Amida","66-69","","","false","false","false"
"edot-hamizrach","weekday-shacharit","83","oseh-shalom","elokai-netzor","עושה שלום","Siddur Edot HaMizrach, Weekday Shacharit, Amida","70-72","","","false","false","false"
"edot-hamizrach","weekday-shacharit","84","hallel-blessing","hallel","ברכת ההלל","Siddur Edot HaMizrach, Rosh Hodesh, Hallel","0-4","hallel&fullHallel","","false","false","false"
"edot-hamizrach","weekday-shacharit","85","hallel","hallel","הלל","Siddur Edot HaMizrach, Rosh Hodesh, Hallel","5-6","hallel","","false","false","false"
"edot-hamizrach","weekday-shacharit","86","lo-lanu","hallel","","Siddur Edot HaMizrach, Rosh Hodesh, Hallel","7-8","hallel&fullHallel","","false","false","false"
"edot-hamizrach","weekday-shacharit","87","hallel-zecharanu","hallel","","Siddur Edot HaMizrach, Rosh Hodesh, Hallel","9-9","hallel","","false","false","false"
"edot-hamizrach","weekday-shacharit","88","ahavti","hallel","","Siddur Edot HaMizrach, Rosh Hodesh, Hallel","10-11","hallel&fullHallel","","false","false","false"
"edot-hamizrach","weekday-shacharit","89","hallel-ma-ashiv","hallel","","Siddur Edot HaMizrach, Rosh Hodesh, Hallel","12-22","hallel","","false","false","false"
"edot-hamizrach","weekday-shacharit","90","yehallelucha","hallel","","Siddur Edot HaMizrach, Rosh Hodesh, Hallel","23-24","hallel&fullHallel","","false","false","false"
"edot-hamizrach","weekday-shacharit","91","hallel-kaddish","kaddish-titkabal","קדיש תתקבל","Siddur Edot HaMizrach, Rosh Hodesh, Hallel","25-26","hallel","minyan","true","false","false"
"edot-hamizrach","weekday-shacharit","92","hallel-titkabal","kaddish-titkabal","","Siddur Edot HaMizrach, Rosh Hodesh, Hallel","27-29","hallel&!chanukah","minyan","true","false","false"
"edot-hamizrach","weekday-shacharit","93","veavraham-zaken","hallel","ואברהם זקן","Siddur Edot HaMizrach, Rosh Hodesh, Hallel","30-33","hallel","optional","false","false","false"
"edot-hamizrach","weekday-shacharit","94","avinu-malkeinu","avinu-malkeinu","אבינו מלכנו","Siddur Edot HaMizrach, Weekday Shacharit, Amida","73-105","aseret","","false","false","false"
"edot-hamizrach","weekday-shacharit","95","yehi-shem","closing-passages","יהי שם","Siddur Edot HaMizrach, Weekday Shacharit, Amida","106-107","!tachanun&!hallel","","false","false","false"
"edot-hamizrach","weekday-shacharit","96","vidui","vidui","וידוי","Siddur Edot HaMizrach, Weekday Shacharit, Vidui","0-1","tachanun","","false","false","false"
"edot-hamizrach","weekday-shacharit","97","thirteen-middot","vidui","שלוש עשרה מידות","Siddur Edot HaMizrach, Weekday Shacharit, Vidui","2-4","tachanun","","false","false","false"
"edot-hamizrach","weekday-shacharit","98","nefilat-apayim","tachanun","נפילת אפים","Siddur Edot HaMizrach, Weekday Shacharit, Vidui","5-6","tachanun","","true","false","false"
"edot-hamizrach","weekday-shacharit","99","tachanun-end","tachanun","ה׳ אלהי ישראל","Siddur Edot HaMizrach, Weekday Shacharit, Vidui","7-10","tachanun","","true","false","false"
"edot-hamizrach","weekday-shacharit","100","selichot-gedalia","tachanun","סליחות לצום גדליה","Siddur Edot HaMizrach, Fast Days and Mourning, Fast of Gedalya","0-29","tzomGedaliah","","true","false","false"
"edot-hamizrach","weekday-shacharit","101","selichot-tevet","tachanun","סליחות לעשרה בטבת","Siddur Edot HaMizrach, Fast Days and Mourning, Tenth of Tevet","0-36","asaraBetevet","","true","false","false"
"edot-hamizrach","weekday-shacharit","102","selichot-esther","tachanun","סליחות לתענית אסתר","Siddur Edot HaMizrach, Fast Days and Mourning, Fast of Esther","0-34","taanitEsther","","true","false","false"
"edot-hamizrach","weekday-shacharit","103","selichot-tammuz","tachanun","סליחות לשבעה עשר בתמוז","Siddur Edot HaMizrach, Fast Days and Mourning, Seventeenth of Tammuz","0-39","shivaAsarBetammuz","","true","false","false"
"edot-hamizrach","weekday-shacharit","104","half-kaddish-tachanun","half-kaddish","חצי קדיש","Siddur Edot HaMizrach, Weekday Shacharit, Vidui","11-12","!hallel&!mondayThursday|!hallel&!tachanun|!hallel&fast","minyan","true","false","false"
"edot-hamizrach","weekday-shacharit","105","monday-thursday","tachanun","תחנונים לשני וחמישי","Siddur Edot HaMizrach, Weekday Shacharit, Vidui","13-32","mondayThursday&tachanun&!fast","","true","false","false"
"edot-hamizrach","weekday-shacharit","106","half-kaddish-monday-thursday","half-kaddish","חצי קדיש","Siddur Edot HaMizrach, Weekday Shacharit, Vidui","33-33","mondayThursday&tachanun&!fast","minyan","true","false","false"
"edot-hamizrach","weekday-shacharit","107","torah-out-tachanun","torah-service","הוצאת ספר תורה","Siddur Edot HaMizrach, Weekday Shacharit, Torah Reading","0-3","torahReading&!roshChodesh&tachanun","","false","false","false"
"edot-hamizrach","weekday-shacharit","108","torah-out-no-tachanun","torah-service","הוצאת ספר תורה","Siddur Edot HaMizrach, Weekday Shacharit, Torah Reading","4-5","torahReading&!roshChodesh&!tachanun","","false","false","false"
"edot-hamizrach","weekday-shacharit","109","torah-out","torah-service","","Siddur Edot HaMizrach, Weekday Shacharit, Torah Reading","6-8","torahReading&!roshChodesh","","false","false","false"
"edot-hamizrach","weekday-shacharit","110","rc-torah-out","torah-service","הוצאת ספר תורה","Siddur Edot HaMizrach, Rosh Hodesh, Hallel","34-38","roshChodesh","","false","false","false"
"edot-hamizrach","weekday-shacharit","111","aliyah-before","torah-reading","ברכות העולה","Siddur Edot HaMizrach, Weekday Shacharit, Torah Reading","9-15","torahReading","","true","false","false"
"edot-hamizrach","weekday-shacharit","112","vayechal","torah-reading","קריאת התורה — ויחל","Siddur Edot HaMizrach, Fast Days and Mourning, Torah Reading for Fast Days","0-1","fast&!tishaBav","","true","false","false"
"edot-hamizrach","weekday-shacharit","113","rc-reading","torah-reading","קריאת התורה לראש חודש","Siddur Edot HaMizrach, Rosh Hodesh, Hallel","39-39","roshChodesh","","true","false","false"
"edot-hamizrach","weekday-shacharit","114","aliyah-after","torah-reading","ברכה אחרונה","Siddur Edot HaMizrach, Weekday Shacharit, Torah Reading","16-18","torahReading","","true","false","false"
"edot-hamizrach","weekday-shacharit","115","torah-half-kaddish","half-kaddish","חצי קדיש","Siddur Edot HaMizrach, Weekday Shacharit, Torah Reading","19-20","torahReading&!roshChodesh","minyan","true","false","false"
"edot-hamizrach","weekday-shacharit","116","rc-half-kaddish","half-kaddish","חצי קדיש","Siddur Edot HaMizrach, Rosh Hodesh, Hallel","40-41","roshChodesh","minyan","true","false","false"
"edot-hamizrach","weekday-shacharit","117","rc-ashrei","ashrei","אשרי","Siddur Edot HaMizrach, Rosh Hodesh, Hallel","42-43","roshChodesh","","true","false","false"
"edot-hamizrach","weekday-shacharit","118","ashrei","ashrei","אשרי","Siddur Edot HaMizrach, Weekday Shacharit, Ashrei","0-3","!roshChodesh","","true","false","false"
"edot-hamizrach","weekday-shacharit","119","lamnatzeach","lamenatzeach","למנצח","Siddur Edot HaMizrach, Weekday Shacharit, Ashrei","4-5","tachanun","","false","false","false"
"edot-hamizrach","weekday-shacharit","120","uva-letzion","uva-letzion","ובא לציון","Siddur Edot HaMizrach, Weekday Shacharit, Uva LeSion","0-2","!roshChodesh","","true","false","false"
"edot-hamizrach","weekday-shacharit","121","kaddish-titkabal","kaddish-titkabal","קדיש תתקבל","Siddur Edot HaMizrach, Weekday Shacharit, Uva LeSion","3-7","!roshChodesh","minyan","true","false","false"
"edot-hamizrach","weekday-shacharit","122","return-torah","return-torah","החזרת ספר תורה","Siddur Edot HaMizrach, Weekday Shacharit, Uva LeSion","8-9","torahReading&!roshChodesh","","false","false","false"
"edot-hamizrach","weekday-shacharit","123","tefila-ledavid","closing-passages","תפלה לדוד","Siddur Edot HaMizrach, Weekday Shacharit, Beit Yaakov","0-2","tachanun","","false","false","false"
"edot-hamizrach","weekday-shacharit","124","beit-yaakov","closing-passages","בית יעקב","Siddur Edot HaMizrach, Weekday Shacharit, Beit Yaakov","3-4","!roshChodesh","","false","false","false"
"edot-hamizrach","weekday-shacharit","125","song-of-day","song-of-day","שיר של יום","Siddur Edot HaMizrach, Weekday Shacharit, Song of the Day","0-1","!roshChodesh","","true","false","false"
"edot-hamizrach","weekday-shacharit","126","song-day0","song-of-day","ליום ראשון","Siddur Edot HaMizrach, Weekday Shacharit, Song of the Day","2-3","day0&!roshChodesh","","true","false","false"
"edot-hamizrach","weekday-shacharit","127","song-day1","song-of-day","ליום שני","Siddur Edot HaMizrach, Weekday Shacharit, Song of the Day","4-5","day1&!roshChodesh","","true","false","false"
"edot-hamizrach","weekday-shacharit","128","song-day2","song-of-day","ליום שלישי","Siddur Edot HaMizrach, Weekday Shacharit, Song of the Day","6-7","day2&!roshChodesh","","true","false","false"
"edot-hamizrach","weekday-shacharit","129","song-day3","song-of-day","ליום רביעי","Siddur Edot HaMizrach, Weekday Shacharit, Song of the Day","8-9","day3&!roshChodesh","","true","false","false"
"edot-hamizrach","weekday-shacharit","130","song-day4","song-of-day","ליום חמישי","Siddur Edot HaMizrach, Weekday Shacharit, Song of the Day","10-11","day4&!roshChodesh","","true","false","false"
"edot-hamizrach","weekday-shacharit","131","song-day5","song-of-day","ליום שישי","Siddur Edot HaMizrach, Weekday Shacharit, Song of the Day","12-13","day5&!roshChodesh","","true","false","false"
"edot-hamizrach","weekday-shacharit","132","song-gedalia-tevet","song-of-day","לצום גדליה ולעשרה בטבת","Siddur Edot HaMizrach, Weekday Shacharit, Song of the Day","14-15","tzomGedaliah|asaraBetevet","","true","false","false"
"edot-hamizrach","weekday-shacharit","133","song-after-yom-kippur","song-of-day","למחרת יום הכיפורים","Siddur Edot HaMizrach, Weekday Shacharit, Song of the Day","16-17","afterYomKippur","","true","false","false"
"edot-hamizrach","weekday-shacharit","134","song-chanukah","song-of-day","לחנוכה","Siddur Edot HaMizrach, Weekday Shacharit, Song of the Day","18-19","chanukah&!roshChodesh","","true","false","false"
"edot-hamizrach","weekday-shacharit","135","song-esther-purim","song-of-day","לתענית אסתר ולפורים","Siddur Edot HaMizrach, Weekday Shacharit, Song of the Day","20-21","taanitEsther|purim","","true","false","false"
"edot-hamizrach","weekday-shacharit","136","song-tammuz","song-of-day","לשבעה עשר בתמוז","Siddur Edot HaMizrach, Weekday Shacharit, Song of the Day","22-23","shivaAsarBetammuz","","true","false","false"
"edot-hamizrach","weekday-shacharit","137","song-mourners","song-of-day","בבית האבל","Siddur Edot HaMizrach, Weekday Shacharit, Song of the Day","24-25","houseOfMourning","","true","false","false"
"edot-hamizrach","weekday-shacharit","138","song-teshuat-tzadikim","song-of-day","ותשועת צדיקים","Siddur Edot HaMizrach, Weekday Shacharit, Song of the Day","26-26","!roshChodesh","optional","true","false","false"
"edot-hamizrach","weekday-shacharit","139","song-kaddish","kaddish-yatom","קדיש יהא שלמא","Siddur Edot HaMizrach, Weekday Shacharit, Song of the Day","27-29","!roshChodesh","mourners","false","false","false"
"edot-hamizrach","weekday-shacharit","140","kaveh","kaveh","קוה","Siddur Edot HaMizrach, Weekday Shacharit, Kaveh","0-1","!roshChodesh","","false","false","false"
"edot-hamizrach","weekday-shacharit","141","ein-keloheinu","ein-keloheinu","אין כאלהינו","Siddur Edot HaMizrach, Weekday Shacharit, Kaveh","2-2","!roshChodesh","","false","false","false"
"edot-hamizrach","weekday-shacharit","142","ketoret-end","ketoret","פטום הקטורת","Siddur Edot HaMizrach, Weekday Shacharit, Kaveh","3-11","!roshChodesh","","false","false","false"
"edot-hamizrach","weekday-shacharit","143","kaddish-al-yisrael-end","kaddish-derabanan","קדיש על ישראל","Siddur Edot HaMizrach, Weekday Shacharit, Kaveh","12-15","!roshChodesh","minyan","false","false","false"
"edot-hamizrach","weekday-shacharit","144","barchu-end","barchu","ברכו","Siddur Edot HaMizrach, Weekday Shacharit, Kaveh","16-18","!roshChodesh","minyan","false","false","false"
"edot-hamizrach","weekday-shacharit","145","aleinu","aleinu","עלינו לשבח","Siddur Edot HaMizrach, Weekday Shacharit, Alenu","0-3","!roshChodesh","","true","false","false"
"edot-hamizrach","weekday-shacharit","146","vayomer-im-shamoa","closing-passages","ויאמר אם שמוע","Siddur Edot HaMizrach, Weekday Shacharit, Alenu","4-4","!roshChodesh","","false","false","false"
"edot-hamizrach","weekday-shacharit","147","rc-uva-letzion","uva-letzion","ובא לציון","Siddur Edot HaMizrach, Rosh Hodesh, Uva LeSion","0-2","roshChodesh","","true","false","false"
"edot-hamizrach","weekday-shacharit","148","rc-beit-yaakov","closing-passages","בית יעקב","Siddur Edot HaMizrach, Rosh Hodesh, Uva LeSion","3-4","roshChodesh","","false","false","false"
"edot-hamizrach","weekday-shacharit","149","rc-song-day0","song-of-day","שיר של יום — ליום ראשון","Siddur Edot HaMizrach, Rosh Hodesh, Song of the Day","0-2","roshChodesh&day0","","true","false","false"
"edot-hamizrach","weekday-shacharit","150","rc-song-day1","song-of-day","שיר של יום — ליום שני","Siddur Edot HaMizrach, Rosh Hodesh, Song of the Day","3-4","roshChodesh&day1","","true","false","false"
"edot-hamizrach","weekday-shacharit","151","rc-song-day2","song-of-day","שיר של יום — ליום שלישי","Siddur Edot HaMizrach, Rosh Hodesh, Song of the Day","5-6","roshChodesh&day2","","true","false","false"
"edot-hamizrach","weekday-shacharit","152","rc-song-day3","song-of-day","שיר של יום — ליום רביעי","Siddur Edot HaMizrach, Rosh Hodesh, Song of the Day","7-8","roshChodesh&day3","","true","false","false"
"edot-hamizrach","weekday-shacharit","153","rc-song-day4","song-of-day","שיר של יום — ליום חמישי","Siddur Edot HaMizrach, Rosh Hodesh, Song of the Day","9-10","roshChodesh&day4","","true","false","false"
"edot-hamizrach","weekday-shacharit","154","rc-song-day5","song-of-day","שיר של יום — ליום שישי","Siddur Edot HaMizrach, Rosh Hodesh, Song of the Day","11-12","roshChodesh&day5","","true","false","false"
"edot-hamizrach","weekday-shacharit","155","rc-song-chanukah","song-of-day","מזמור שיר חנוכת הבית","Siddur Edot HaMizrach, Rosh Hodesh, Song of the Day","13-13","roshChodesh&chanukah","","true","false","false"
"edot-hamizrach","weekday-shacharit","156","rc-return-torah","return-torah","החזרת ספר תורה","Siddur Edot HaMizrach, Rosh Hodesh, Song of the Day","14-15","roshChodesh","","false","false","false"
"edot-hamizrach","weekday-shacharit","157","rc-leshem-yichud","musaf","לשם יחוד","Siddur Edot HaMizrach, Rosh Hodesh, Song of the Day","16-16","roshChodesh","","false","false","false"
"edot-hamizrach","weekday-shacharit","158","rc-musaf-half-kaddish","half-kaddish","חצי קדיש","Siddur Edot HaMizrach, Rosh Hodesh, Song of the Day","17-18","roshChodesh","minyan","true","false","false"
"edot-hamizrach","weekday-shacharit","159","rc-musaf-avot","musaf","מוסף לראש חודש — ברכת אבות","Siddur Edot HaMizrach, Rosh Hodesh, Mussaf","0-3","roshChodesh","","false","false","false"
"edot-hamizrach","weekday-shacharit","160","rc-musaf-gevurot","musaf","גבורות","Siddur Edot HaMizrach, Rosh Hodesh, Mussaf","4-6","roshChodesh","","false","false","false"
"edot-hamizrach","weekday-shacharit","161","rc-musaf-keter","kedusha","קדושה — כתר","Siddur Edot HaMizrach, Rosh Hodesh, Mussaf","7-7","roshChodesh","repetition","false","false","false"
"edot-hamizrach","weekday-shacharit","162","rc-musaf-kedushat-hashem","musaf","קדושת השם","Siddur Edot HaMizrach, Rosh Hodesh, Mussaf","8-8","roshChodesh","","false","false","false"
"edot-hamizrach","weekday-shacharit","163","rc-musaf-kedushat-hayom","musaf","ראשי חדשים","Siddur Edot HaMizrach, Rosh Hodesh, Mussaf","9-12","roshChodesh","","false","false","false"
"edot-hamizrach","weekday-shacharit","164","rc-musaf-retze","musaf","רצה","Siddur Edot HaMizrach, Rosh Hodesh, Mussaf","13-13","roshChodesh","","false","false","false"
"edot-hamizrach","weekday-shacharit","165","rc-musaf-modim","musaf","מודים","Siddur Edot HaMizrach, Rosh Hodesh, Mussaf","14-15","roshChodesh","","false","false","false"
"edot-hamizrach","weekday-shacharit","166","rc-musaf-modim-derabanan","modim-derabanan","מודים דרבנן","Siddur Edot HaMizrach, Rosh Hodesh, Mussaf","16-16","roshChodesh","repetition","false","false","false"
"edot-hamizrach","weekday-shacharit","167","rc-musaf-al-hanisim","musaf","על הנסים","Siddur Edot HaMizrach, Rosh Hodesh, Mussaf","17-19","roshChodesh&chanukah","","false","false","false"
"edot-hamizrach","weekday-shacharit","168","rc-musaf-modim-end","musaf","","Siddur Edot HaMizrach, Rosh Hodesh, Mussaf","20-20","roshChodesh","","false","false","false"
"edot-hamizrach","weekday-shacharit","169","rc-musaf-birkat-kohanim","birkat-kohanim","ברכת כהנים","Siddur Edot HaMizrach, Rosh Hodesh, Mussaf","21-33","roshChodesh","repetition","false","false","false"
"edot-hamizrach","weekday-shacharit","170","rc-musaf-sim-shalom","musaf","שים שלום","Siddur Edot HaMizrach, Rosh Hodesh, Mussaf","34-34","roshChodesh","","false","false","false"
"edot-hamizrach","weekday-shacharit","171","rc-musaf-elokai-netzor","elokai-netzor","אלהי נצור","Siddur Edot HaMizrach, Rosh Hodesh, Mussaf","35-40","roshChodesh","","false","false","false"
"edot-hamizrach","weekday-shacharit","172","rc-musaf-yehi-shem","closing-passages","יהי שם","Siddur Edot HaMizrach, Rosh Hodesh, Mussaf","41-42","roshChodesh","","false","false","false"
"edot-hamizrach","weekday-shacharit","173","rc-musaf-kaddish-titkabal","kaddish-titkabal","קדיש תתקבל","Siddur Edot HaMizrach, Rosh Hodesh, Mussaf","43-47","roshChodesh","minyan","true","false","false"
"edot-hamizrach","weekday-shacharit","174","rc-barchi-nafshi","barchi-nafshi","ברכי נפשי","Siddur Edot HaMizrach, Rosh Hodesh, Barchi Nafshi","0-2","roshChodesh","","false","false","false"
"edot-hamizrach","weekday-shacharit","175","rc-kaddish-yehe-shlama","kaddish-yatom","קדיש יהא שלמא","Siddur Edot HaMizrach, Rosh Hodesh, Barchi Nafshi","3-5","roshChodesh","mourners","false","false","false"
"edot-hamizrach","weekday-shacharit","176","rc-kaveh","kaveh","קוה","Siddur Edot HaMizrach, Rosh Hodesh, Kaveh","0-1","roshChodesh","","false","false","false"
"edot-hamizrach","weekday-shacharit","177","rc-ein-keloheinu","ein-keloheinu","אין כאלהינו","Siddur Edot HaMizrach, Rosh Hodesh, Kaveh","2-2","roshChodesh","","false","false","false"
"edot-hamizrach","weekday-shacharit","178","rc-ketoret","ketoret","פטום הקטורת","Siddur Edot HaMizrach, Rosh Hodesh, Incense Offering","0-8","roshChodesh","","false","false","false"
"edot-hamizrach","weekday-shacharit","179","rc-kaddish-al-yisrael","kaddish-derabanan","קדיש על ישראל","Siddur Edot HaMizrach, Rosh Hodesh, Incense Offering","9-12","roshChodesh","minyan","false","false","false"
"edot-hamizrach","weekday-shacharit","180","rc-barchu","barchu","ברכו","Siddur Edot HaMizrach, Rosh Hodesh, Incense Offering","13-15","roshChodesh","minyan","false","false","false"
"edot-hamizrach","weekday-shacharit","181","rc-aleinu","aleinu","עלינו לשבח","Siddur Edot HaMizrach, Rosh Hodesh, Alenu","0-3","roshChodesh","","true","false","false"
"edot-hamizrach","weekday-shacharit","182","ledavid","ledavid-ori","לדוד ה׳ אורי","Siddur Edot HaMizrach, Weekday Shacharit, Alenu","5-5","ledavid","","false","false","false"
"edot-hamizrach","weekday-shacharit","183","ikkarim","closing-passages","שלשה עשר עיקרים","Siddur Edot HaMizrach, Additions for Shacharit, Thirteen Principles of Faith","0-2","","","false","false","false"
"edot-hamizrach","weekday-shacharit","184","zechirot","closing-passages","עשר זכירות","Siddur Edot HaMizrach, Additions for Shacharit, Ten Remembrances","0-1","","","false","false","false"
"edot-hamizrach","weekday-shacharit","185","zechirot-chida","closing-passages","עשר זכירות — נוסח החיד""א","Siddur Edot HaMizrach, Additions for Shacharit, Ten Remembrances","2-23","","optional","false","false","false"
"edot-hamizrach","weekday-shacharit","186","leaving","closing-passages","ביציאה מבית הכנסת","Siddur Edot HaMizrach, Additions for Shacharit, Ten Remembrances","24-24","","","false","false","false"
"edot-hamizrach","weekday-mincha","1","leshem-yichud","korbanot","לשם יחוד","Siddur Edot HaMizrach, Weekday Mincha, Offerings","0-1","","","false","false","true"
"edot-hamizrach","weekday-mincha","2","ps84","korbanot","מה ידידות","Siddur Edot HaMizrach, Weekday Mincha, Offerings","2-2","","","false","false","true"
"edot-hamizrach","weekday-mincha","3","tamid","korbanot","פרשת התמיד","Siddur Edot HaMizrach, Weekday Mincha, Offerings","3-3","","","false","false","true"
"edot-hamizrach","weekday-mincha","4","ketoret","ketoret","פטום הקטורת","Siddur Edot HaMizrach, Weekday Mincha, Offerings","4-10","","","false","false","true"
"edot-hamizrach","weekday-mincha","5","ashrei","ashrei","אשרי","Siddur Edot HaMizrach, Weekday Mincha, Offerings","11-13","","","true","false","true"
"edot-hamizrach","weekday-mincha","6","half-kaddish","half-kaddish","חצי קדיש","Siddur Edot HaMizrach, Weekday Mincha, Offerings","14-15","","minyan","true","false","true"
"edot-hamizrach","weekday-mincha","7","torah-out-tachanun","torah-service","הוצאת ספר תורה","Siddur Edot HaMizrach, Weekday Shacharit, Torah Reading","0-3","fast&tachanun","","false","false","true"
"edot-hamizrach","weekday-mincha","8","torah-out-no-tachanun","torah-service","הוצאת ספר תורה","Siddur Edot HaMizrach, Weekday Shacharit, Torah Reading","4-5","fast&!tachanun","","false","false","true"
"edot-hamizrach","weekday-mincha","9","torah-out","torah-service","","Siddur Edot HaMizrach, Weekday Shacharit, Torah Reading","6-8","fast","","false","false","true"
"edot-hamizrach","weekday-mincha","10","aliyah-before","torah-reading","ברכות העולה","Siddur Edot HaMizrach, Weekday Shacharit, Torah Reading","9-15","fast","","false","false","true"
"edot-hamizrach","weekday-mincha","11","vayechal","torah-reading","קריאת התורה — ויחל","Siddur Edot HaMizrach, Fast Days and Mourning, Torah Reading for Fast Days","0-1","fast","","false","false","true"
"edot-hamizrach","weekday-mincha","12","aliyah-after","torah-reading","ברכה אחרונה","Siddur Edot HaMizrach, Weekday Shacharit, Torah Reading","16-18","fast","","false","false","true"
"edot-hamizrach","weekday-mincha","13","torah-half-kaddish","half-kaddish","חצי קדיש","Siddur Edot HaMizrach, Weekday Shacharit, Torah Reading","19-20","fast","minyan","true","false","true"
"edot-hamizrach","weekday-mincha","14","uva-letzion-shacharit","","","Siddur Edot HaMizrach, Weekday Shacharit, Uva LeSion","0-7","","","false","true","true"
"edot-hamizrach","weekday-mincha","15","return-torah","return-torah","החזרת ספר תורה","Siddur Edot HaMizrach, Weekday Shacharit, Uva LeSion","8-9","fast","","false","false","true"
"edot-hamizrach","weekday-mincha","16","avot","amidah","ברכת אבות","Siddur Edot HaMizrach, Weekday Mincha, Amida","0-2","","","true","false","true"
"edot-hamizrach","weekday-mincha","17","gevurot","amidah","גבורות","Siddur Edot HaMizrach, Weekday Mincha, Amida","3-5","","","true","false","true"
"edot-hamizrach","weekday-mincha","18","kedusha","kedusha","קדושה","Siddur Edot HaMizrach, Weekday Mincha, Amida","6-7","","repetition","false","false","true"
"edot-hamizrach","weekday-mincha","19","kedushat-hashem","amidah","קדושת השם","Siddur Edot HaMizrach, Weekday Mincha, Amida","8-8","","","true","false","true"
"edot-hamizrach","weekday-mincha","20","daat","amidah","חונן הדעת","Siddur Edot HaMizrach, Weekday Mincha, Amida","9-9","","","true","false","true"
"edot-hamizrach","weekday-mincha","21","teshuva","amidah","תשובה","Siddur Edot HaMizrach, Weekday Mincha, Amida","10-10","","","true","false","true"
"edot-hamizrach","weekday-mincha","22","selicha","amidah","סליחה","Siddur Edot HaMizrach, Weekday Mincha, Amida","11-11","","","true","false","true"
"edot-hamizrach","weekday-mincha","23","geula","amidah","גאולה","Siddur Edot HaMizrach, Weekday Mincha, Amida","12-12","","","true","false","true"
"edot-hamizrach","weekday-mincha","24","aneinu-chazzan","amidah","עננו","Siddur Edot HaMizrach, Weekday Mincha, Amida","13-15","fast","repetition","true","false","true"
"edot-hamizrach","weekday-mincha","25","refua","amidah","רפואה","Siddur Edot HaMizrach, Weekday Mincha, Amida","16-16","","","true","false","true"
"edot-hamizrach","weekday-mincha","26","birkat-hashanim","amidah","ברכת השנים","Siddur Edot HaMizrach, Weekday Mincha, Amida","17-20","","","true","false","true"
"edot-hamizrach","weekday-mincha","27","kibbutz-galuyot","amidah","קיבוץ גלויות","Siddur Edot HaMizrach, Weekday Mincha, Amida","21-21","","","true","false","true"
"edot-hamizrach","weekday-mincha","28","mishpat","amidah","השבת המשפט","Siddur Edot HaMizrach, Weekday Mincha, Amida","22-22","","","true","false","true"
"edot-hamizrach","weekday-mincha","29","minim","amidah","ברכת המינים","Siddur Edot HaMizrach, Weekday Mincha, Amida","23-23","","","true","false","true"
"edot-hamizrach","weekday-mincha","30","tzadikim","amidah","על הצדיקים","Siddur Edot HaMizrach, Weekday Mincha, Amida","24-24","","","true","false","true"
"edot-hamizrach","weekday-mincha","31","yerushalayim","amidah","בונה ירושלים","Siddur Edot HaMizrach, Weekday Mincha, Amida","25-25","","","true","false","true"
"edot-hamizrach","weekday-mincha","32","nachem","amidah","נחם","Siddur Edot HaMizrach, Weekday Mincha, Amida","26-27","tishaBav","","true","false","true"
"edot-hamizrach","weekday-mincha","33","yerushalayim-end","amidah","","Siddur Edot HaMizrach, Weekday Mincha, Amida","28-28","!tishaBav","","true","false","true"
"edot-hamizrach","weekday-mincha","34","malchut-david","amidah","מלכות בית דוד","Siddur Edot HaMizrach, Weekday Mincha, Amida","29-29","","","true","false","true"
"edot-hamizrach","weekday-mincha","35","shomea-tefila","amidah","שומע תפילה","Siddur Edot HaMizrach, Weekday Mincha, Amida","30-30","","","true","false","true"
"edot-hamizrach","weekday-mincha","36","aneinu","amidah","עננו","Siddur Edot HaMizrach, Weekday Mincha, Amida","31-31","fast","","true","false","true"
"edot-hamizrach","weekday-mincha","37","aneinu-sansan","amidah","עננו — נוסח סנסן ליאיר","Siddur Edot HaMizrach, Weekday Mincha, Amida","32-32","fast","optional","true","false","true"
"edot-hamizrach","weekday-mincha","38","shomea-tefila-end","amidah","","Siddur Edot HaMizrach, Weekday Mincha, Amida","33-33","","","true","false","true"
"edot-hamizrach","weekday-mincha","39","retze","amidah","רצה","Siddur Edot HaMizrach, Weekday Mincha, Amida","34-34","","","true","false","true"
"edot-hamizrach","weekday-mincha","40","yaale-veyavo","amidah","יעלה ויבוא","Siddur Edot HaMizrach, Weekday Mincha, Amida","35-40","roshChodesh|cholHamoed","","true","false","true"
"edot-hamizrach","weekday-mincha","41","retze-end","amidah","","Siddur Edot HaMizrach, Weekday Mincha, Amida","41-41","","","true","false","true"
"edot-hamizrach","weekday-mincha","42","modim","amidah","מודים","Siddur Edot HaMizrach, Weekday Mincha, Amida","42-43","","","true","false","true"
"edot-hamizrach","weekday-mincha","43","modim-derabanan","modim-derabanan","מודים דרבנן","Siddur Edot HaMizrach, Weekday Mincha, Amida","44-44","","repetition","false","false","true"
"edot-hamizrach","weekday-mincha","44","al-hanisim","amidah","על הנסים","Siddur Edot HaMizrach, Weekday Mincha, Amida","45-48","chanukah|purim","","true","false","true"
"edot-hamizrach","weekday-mincha","45","modim-end","amidah","","Siddur Edot HaMizrach, Weekday Mincha, Amida","49-49","","","true","false","true"
"edot-hamizrach","weekday-mincha","46","birkat-kohanim","birkat-kohanim","ברכת כהנים","Siddur Edot HaMizrach, Weekday Mincha, Amida","50-62","fast","repetition","false","false","true"
"edot-hamizrach","weekday-mincha","47","sim-shalom","amidah","שים שלום","Siddur Edot HaMizrach, Weekday Mincha, Amida","63-63","","","true","false","true"
"edot-hamizrach","weekday-mincha","48","elokai-netzor","elokai-netzor","אלהי נצור","Siddur Edot HaMizrach, Weekday Mincha, Amida","64-67","","","false","false","true"
"edot-hamizrach","weekday-mincha","49","kabbalat-taanit","amidah","קבלת תענית יחיד","Siddur Edot HaMizrach, Weekday Mincha, Amida","68-68","","optional","true","false","true"
"edot-hamizrach","weekday-mincha","50","taanit-prayer","amidah","תפילה ביום תענית","Siddur Edot HaMizrach, Weekday Mincha, Amida","69-69","fast","","true","false","true"
"edot-hamizrach","weekday-mincha","51","oseh-shalom","elokai-netzor","עושה שלום","Siddur Edot HaMizrach, Weekday Mincha, Amida","70-71","","","false","false","true"
"edot-hamizrach","weekday-mincha","52","avinu-malkeinu","avinu-malkeinu","אבינו מלכנו","Siddur Edot HaMizrach, Weekday Mincha, Amida","72-104","aseret","","false","false","true"
"edot-hamizrach","weekday-mincha","53","yehi-shem","closing-passages","יהי שם","Siddur Edot HaMizrach, Weekday Mincha, Amida","105-106","!tachanun","","false","false","true"
"edot-hamizrach","weekday-mincha","54","vidui","vidui","וידוי","Siddur Edot HaMizrach, Weekday Mincha, Vidui","0-1","tachanun","","false","false","true"
"edot-hamizrach","weekday-mincha","55","thirteen-middot","vidui","שלוש עשרה מידות","Siddur Edot HaMizrach, Weekday Mincha, Vidui","2-4","tachanun","","false","false","true"
"edot-hamizrach","weekday-mincha","56","nefilat-apayim","tachanun","נפילת אפים","Siddur Edot HaMizrach, Weekday Mincha, Vidui","5-6","tachanun","","true","false","true"
"edot-hamizrach","weekday-mincha","57","tachanun-end","tachanun","ה׳ אלהי ישראל","Siddur Edot HaMizrach, Weekday Mincha, Vidui","7-9","tachanun","","true","false","true"
"edot-hamizrach","weekday-mincha","58","kaddish-titkabal","kaddish-titkabal","קדיש תתקבל","Siddur Edot HaMizrach, Weekday Mincha, Vidui","10-14","","minyan","true","false","true"
"edot-hamizrach","weekday-mincha","59","lamnatzeach","closing-passages","למנצח בנגינות","Siddur Edot HaMizrach, Weekday Mincha, Vidui","15-16","!erevShabbat","","false","false","true"
"edot-hamizrach","weekday-mincha","60","hashem-malach","closing-passages","ה׳ מלך גאות לבש","Siddur Edot HaMizrach, Weekday Mincha, Vidui","17-18","erevShabbat","","false","false","true"
"edot-hamizrach","weekday-mincha","61","tefila-leani","closing-passages","תפלה לעני","Siddur Edot HaMizrach, Weekday Mincha, Vidui","19-20","fast","","false","false","true"
"edot-hamizrach","weekday-mincha","62","kaddish-yehe-shlama","kaddish-yatom","קדיש יהא שלמא","Siddur Edot HaMizrach, Weekday Mincha, Vidui","21-23","","mourners","false","false","true"
"edot-hamizrach","weekday-mincha","63","aleinu","aleinu","עלינו לשבח","Siddur Edot HaMizrach, Weekday Mincha, Alenu","0-3","","","true","false","true"
"edot-hamizrach","weekday-maariv","1","barchi-nafshi","barchi-nafshi","ברכי נפשי","Siddur Edot HaMizrach, Weekday Arvit, Barchu","0-2","roshChodesh","optional","false","false","false"
"edot-hamizrach","weekday-maariv","2","leshem-yichud","vehu-rachum","לשם יחוד — ה׳ צבאות עמנו","Siddur Edot HaMizrach, Weekday Arvit, Barchu","3-4","","","false","false","false"
"edot-hamizrach","weekday-maariv","3","half-kaddish-before","half-kaddish","חצי קדיש","Siddur Edot HaMizrach, Weekday Arvit, Barchu","5-6","","minyan","true","false","false"
"edot-hamizrach","weekday-maariv","4","vehu-rachum","vehu-rachum","והוא רחום","Siddur Edot HaMizrach, Weekday Arvit, Barchu","7-7","","","false","false","false"
"edot-hamizrach","weekday-maariv","5","barchu","barchu","ברכו","Siddur Edot HaMizrach, Weekday Arvit, Barchu","8-10","","minyan","true","false","false"
"edot-hamizrach","weekday-maariv","6","maariv-aravim","shema-blessings","המעריב ערבים","Siddur Edot HaMizrach, Weekday Arvit, The Shema","0-1","","","true","false","false"
"edot-hamizrach","weekday-maariv","7","ahavat-olam","shema-blessings","אהבת עולם","Siddur Edot HaMizrach, Weekday Arvit, The Shema","2-2","","","true","false","false"
"edot-hamizrach","weekday-maariv","8","shema","shema","קריאת שמע","Siddur Edot HaMizrach, Weekday Arvit, The Shema","3-8","","","true","false","false"
"edot-hamizrach","weekday-maariv","9","emet-veemuna","after-shema","אמת ואמונה","Siddur Edot HaMizrach, Weekday Arvit, The Shema","9-9","","","false","false","false"
"edot-hamizrach","weekday-maariv","10","hashkiveinu","hashkiveinu","השכיבנו","Siddur Edot HaMizrach, Weekday Arvit, The Shema","10-10","","","true","false","false"
"edot-hamizrach","weekday-maariv","11","half-kaddish","half-kaddish","חצי קדיש","Siddur Edot HaMizrach, Weekday Arvit, The Shema","11-12","","minyan","true","false","false"
"edot-hamizrach","weekday-maariv","12","avot","amidah","ברכת אבות","Siddur Edot HaMizrach, Weekday Arvit, Amidah","0-2","","","true","false","false"
"edot-hamizrach","weekday-maariv","13","gevurot","amidah","גבורות","Siddur Edot HaMizrach, Weekday Arvit, Amidah","3-5","","","true","false","false"
"edot-hamizrach","weekday-maariv","14","kedushat-hashem","amidah","קדושת השם","Siddur Edot HaMizrach, Weekday Arvit, Amidah","6-6","","","true","false","false"
"edot-hamizrach","weekday-maariv","15","daat","amidah","חונן הדעת","Siddur Edot HaMizrach, Weekday Arvit, Amidah","7-7","","","true","false","false"
"edot-hamizrach","weekday-maariv","16","ata-chonantanu","amidah","אתה חוננתנו","Siddur Edot HaMizrach, Weekday Arvit, Amidah","8-9","motzaeiShabbat","","true","false","false"
"edot-hamizrach","weekday-maariv","17","daat-end","amidah","","Siddur Edot HaMizrach, Weekday Arvit, Amidah","10-10","","","true","false","false"
"edot-hamizrach","weekday-maariv","18","teshuva","amidah","תשובה","Siddur Edot HaMizrach, Weekday Arvit, Amidah","11-11","","","true","false","false"
"edot-hamizrach","weekday-maariv","19","selicha","amidah","סליחה","Siddur Edot HaMizrach, Weekday Arvit, Amidah","12-12","","","true","false","false"
"edot-hamizrach","weekday-maariv","20","geula","amidah","גאולה","Siddur Edot HaMizrach, Weekday Arvit, Amidah","13-13","","","true","false","false"
"edot-hamizrach","weekday-maariv","21","refua","amidah","רפואה","Siddur Edot HaMizrach, Weekday Arvit, Amidah","14-14","","","true","false","false"
"edot-hamizrach","weekday-maariv","22","birkat-hashanim","amidah","ברכת השנים","Siddur Edot HaMizrach, Weekday Arvit, Amidah","15-18","","","true","false","false"
"edot-hamizrach","weekday-maariv","23","kibbutz-galuyot","amidah","קיבוץ גלויות","Siddur Edot HaMizrach, Weekday Arvit, Amidah","19-19","","","true","false","false"
"edot-hamizrach","weekday-maariv","24","mishpat","amidah","השבת המשפט","Siddur Edot HaMizrach, Weekday Arvit, Amidah","20-20","","","true","false","false"
"edot-hamizrach","weekday-maariv","25","minim","amidah","ברכת המינים","Siddur Edot HaMizrach, Weekday Arvit, Amidah","21-21","","","true","false","false"
"edot-hamizrach","weekday-maariv","26","tzadikim","amidah","על הצדיקים","Siddur Edot HaMizrach, Weekday Arvit, Amidah","22-22","","","true","false","false"
"edot-hamizrach","weekday-maariv","27","yerushalayim","amidah","בונה ירושלים","Siddur Edot HaMizrach, Weekday Arvit, Amidah","23-23","","","true","false","false"
"edot-hamizrach","weekday-maariv","28","malchut-david","amidah","מלכות בית דוד","Siddur Edot HaMizrach, Weekday Arvit, Amidah","24-24","","","true","false","false"
"edot-hamizrach","weekday-maariv","29","shomea-tefila","amidah","שומע תפילה","Siddur Edot HaMizrach, Weekday Arvit, Amidah","25-25","","","true","false","false"
"edot-hamizrach","weekday-maariv","30","aneinu","amidah","עננו","Siddur Edot HaMizrach, Weekday Arvit, Amidah","26-26","tishaBav","optional","true","false","false"
"edot-hamizrach","weekday-maariv","31","aneinu-sansan","amidah","עננו — נוסח סנסן ליאיר","Siddur Edot HaMizrach, Weekday Arvit, Amidah","27-27","tishaBav","optional","true","false","false"
"edot-hamizrach","weekday-maariv","32","shomea-tefila-end","amidah","","Siddur Edot HaMizrach, Weekday Arvit, Amidah","28-28","","","true","false","false"
"edot-hamizrach","weekday-maariv","33","retze","amidah","רצה","Siddur Edot HaMizrach, Weekday Arvit, Amidah","29-29","","","true","false","false"
"edot-hamizrach","weekday-maariv","34","yaale-veyavo","amidah","יעלה ויבוא","Siddur Edot HaMizrach, Weekday Arvit, Amidah","30-35","roshChodesh|cholHamoed","","true","false","false"
"edot-hamizrach","weekday-maariv","35","retze-end","amidah","","Siddur Edot HaMizrach, Weekday Arvit, Amidah","36-36","","","true","false","false"
"edot-hamizrach","weekday-maariv","36","modim","amidah","מודים","Siddur Edot HaMizrach, Weekday Arvit, Amidah","37-38","","","true","false","false"
"edot-hamizrach","weekday-maariv","37","al-hanisim","amidah","על הנסים","Siddur Edot HaMizrach, Weekday Arvit, Amidah","39-42","chanukah|purim","","true","false","false"
"edot-hamizrach","weekday-maariv","38","modim-end","amidah","","Siddur Edot HaMizrach, Weekday Arvit, Amidah","43-43","","","true","false","false"
"edot-hamizrach","weekday-maariv","39","sim-shalom","amidah","שים שלום","Siddur Edot HaMizrach, Weekday Arvit, Amidah","44-44","","","true","false","false"
"edot-hamizrach","weekday-maariv","40","elokai-netzor","elokai-netzor","אלהי נצור","Siddur Edot HaMizrach, Weekday Arvit, Amidah","45-48","","","false","false","false"
"edot-hamizrach","weekday-maariv","41","oseh-shalom","elokai-netzor","עושה שלום","Siddur Edot HaMizrach, Weekday Arvit, Amidah","49-50","","","false","false","false"
"edot-hamizrach","weekday-maariv","42","yehi-shem","closing-passages","יהי שם","Siddur Edot HaMizrach, Weekday Arvit, Amidah","51-51","","","false","false","false"
"edot-hamizrach","weekday-maariv","43","motzaei-shabbat-kaddish","half-kaddish","חצי קדיש","Siddur Edot HaMizrach, Weekday Arvit, Amidah","52-54","motzaeiShabbat","minyan","true","false","false"
"edot-hamizrach","weekday-maariv","44","motzaei-shabbat-hachana","motzaei-shabbat","הריני מכין עצמי","Siddur Edot HaMizrach, Weekday Arvit, Amidah","55-56","motzaeiShabbat","optional","false","false","false"
"edot-hamizrach","weekday-maariv","45","vihi-noam","motzaei-shabbat","ויהי נועם","Siddur Edot HaMizrach, Weekday Arvit, Amidah","57-60","motzaeiShabbat","","false","false","false"
"edot-hamizrach","weekday-maariv","46","kaddish-titkabal","kaddish-titkabal","קדיש תתקבל","Siddur Edot HaMizrach, Weekday Arvit, Amidah","61-65","","minyan","true","false","false"
"edot-hamizrach","weekday-maariv","47","omer-leshem-yichud","omer","ספירת העומר — לשם יחוד","Siddur Edot HaMizrach, Counting of the Omer","0-1","omer","","false","false","false"
"edot-hamizrach","weekday-maariv","48","omer-blessing","omer","ברכת הספירה","Siddur Edot HaMizrach, Counting of the Omer","2-3","omer","","false","false","false"
"edot-hamizrach","weekday-maariv","49","omer-count","omer","מניין הימים","Siddur Edot HaMizrach, Counting of the Omer","4-150","omer","","false","false","false"
"edot-hamizrach","weekday-maariv","50","omer-harachaman","omer","הרחמן","Siddur Edot HaMizrach, Counting of the Omer","151-151","omer","","false","false","false"
"edot-hamizrach","weekday-maariv","51","omer-lamnatzeach","omer","למנצח בנגינות","Siddur Edot HaMizrach, Counting of the Omer","152-152","omer","","false","false","false"
"edot-hamizrach","weekday-maariv","52","omer-ana-bekoach","omer","אנא בכח","Siddur Edot HaMizrach, Counting of the Omer","153-160","omer","","false","false","false"
"edot-hamizrach","weekday-maariv","53","shir-lamaalot","closing-passages","שיר למעלות","Siddur Edot HaMizrach, Weekday Arvit, Amidah","66-66","","","false","false","false"
"edot-hamizrach","weekday-maariv","54","kaddish-yehe-shlama","kaddish-yatom","קדיש יהא שלמא","Siddur Edot HaMizrach, Weekday Arvit, Amidah","67-69","","mourners","false","false","false"
"edot-hamizrach","weekday-maariv","55","barchu-end","barchu","ברכו","Siddur Edot HaMizrach, Weekday Arvit, Amidah","70-72","","minyan","true","false","false"
"edot-hamizrach","weekday-maariv","56","aleinu","aleinu","עלינו לשבח","Siddur Edot HaMizrach, Weekday Arvit, Alenu","0-3","","","true","false","false"
"edot-hamizrach","bedtime-shema","1","leshem-yichud","bedtime-shema","לשם יחוד","Siddur Edot HaMizrach, Bedtime Shema","0-2","","","true","false","false"
"edot-hamizrach","bedtime-shema","2","mechila","bedtime-shema","רבונו של עולם — הריני מוחל","Siddur Edot HaMizrach, Bedtime Shema","4-4","","","true","false","false"
"edot-hamizrach","bedtime-shema","3","hamapil","bedtime-shema","המפיל","Siddur Edot HaMizrach, Bedtime Shema","5-6","","","true","false","false"
"edot-hamizrach","bedtime-shema","4","shema","bedtime-shema","קריאת שמע","Siddur Edot HaMizrach, Bedtime Shema","7-13","","","true","false","false"
"edot-hamizrach","bedtime-shema","5","yaalzu","bedtime-shema","יעלזו חסידים","Siddur Edot HaMizrach, Bedtime Shema","14-16","","","true","false","false"
"edot-hamizrach","bedtime-shema","6","yoshev-beseter","bedtime-shema","יושב בסתר","Siddur Edot HaMizrach, Bedtime Shema","17-17","","","true","false","false"
"edot-hamizrach","bedtime-shema","7","vidui","bedtime-shema","וידוי","Siddur Edot HaMizrach, Bedtime Shema","18-19","","","true","false","false"
"edot-hamizrach","bedtime-shema","8","ana-bekoach","bedtime-shema","אנא בכח","Siddur Edot HaMizrach, Bedtime Shema","20-28","","","true","false","false"
"edot-hamizrach","bedtime-shema","9","beyadcha","bedtime-shema","בידך אפקיד רוחי","Siddur Edot HaMizrach, Bedtime Shema","29-29","","","true","false","false"
"edot-hamizrach","kabbalat-shabbat","1","candle-lighting","kabbalat-shabbat","הדלקת נרות שבת","Siddur Edot HaMizrach, Shabbat Candle Lighting","0-2","","","true","false","false"
"edot-hamizrach","kabbalat-shabbat","2","candle-lighting-yom-tov","","","Siddur Edot HaMizrach, Shabbat Candle Lighting","3-6","","","false","true","false"
"edot-hamizrach","kabbalat-shabbat","3","lechu-neranena","kabbalat-shabbat","לכו נרננה","Siddur Edot HaMizrach, Kabbalat Shabbat","0-6","","","true","false","false"
"edot-hamizrach","kabbalat-shabbat","4","mizmor-ledavid","kabbalat-shabbat","מזמור לדוד — הבו לה׳","Siddur Edot HaMizrach, Kabbalat Shabbat","7-7","","","true","false","false"
"edot-hamizrach","kabbalat-shabbat","5","lecha-dodi","lecha-dodi","לכה דודי","Siddur Edot HaMizrach, Kabbalat Shabbat","8-23","","","true","false","false"
"edot-hamizrach","kabbalat-shabbat","6","mizmor-shir","mizmor-shir-shabbat","מזמור שיר ליום השבת","Siddur Edot HaMizrach, Kabbalat Shabbat","24-25","","","true","false","false"
"edot-hamizrach","kabbalat-shabbat","7","kol-yisrael","bameh-madlikin","כל ישראל","Siddur Edot HaMizrach, Kabbalat Shabbat","26-26","","","false","false","false"
"edot-hamizrach","kabbalat-shabbat","8","bameh-madlikin","bameh-madlikin","במה מדליקין","Siddur Edot HaMizrach, Kabbalat Shabbat","27-28","!cholHamoed&!chanukah&!yomTov","","false","false","false"
"edot-hamizrach","kabbalat-shabbat","9","rabbi-elazar","bameh-madlikin","אמר רבי אלעזר","Siddur Edot HaMizrach, Kabbalat Shabbat","29-29","","","false","false","false"
"edot-hamizrach","kabbalat-shabbat","10","kaddish-al-yisrael","kaddish-derabanan","קדיש על ישראל","Siddur Edot HaMizrach, Kabbalat Shabbat","30-34","","minyan","false","false","false"
"edot-hamizrach","shabbat-maariv","1","leshem-yichud","barchu","לשם יחוד — ימלך ה׳","Siddur Edot HaMizrach, Shabbat Arvit, Barchu","0-3","","","true","false","true"
"edot-hamizrach","shabbat-maariv","2","half-kaddish-before","half-kaddish","חצי קדיש","Siddur Edot HaMizrach, Shabbat Arvit, Barchu","4-4","","minyan","false","false","true"
"edot-hamizrach","shabbat-maariv","3","barchu","barchu","ברכו","Siddur Edot HaMizrach, Shabbat Arvit, Barchu","5-7","","minyan","true","false","true"
"edot-hamizrach","shabbat-maariv","4","maariv-aravim","shema-blessings","המעריב ערבים","Siddur Edot HaMizrach, Shabbat Arvit, The Shema","0-1","","","false","false","true"
"edot-hamizrach","shabbat-maariv","5","ahavat-olam","shema-blessings","אהבת עולם","Siddur Edot HaMizrach, Shabbat Arvit, The Shema","2-2","","","false","false","true"
"edot-hamizrach","shabbat-maariv","6","shema","shema","קריאת שמע","Siddur Edot HaMizrach, Shabbat Arvit, The Shema","3-9","","","true","false","true"
"edot-hamizrach","shabbat-maariv","7","emet-veemuna","after-shema","אמת ואמונה","Siddur Edot HaMizrach, Shabbat Arvit, The Shema","10-10","","","false","false","true"
"edot-hamizrach","shabbat-maariv","8","hashkiveinu","hashkiveinu","השכיבנו","Siddur Edot HaMizrach, Shabbat Arvit, The Shema","11-11","","","true","false","true"
"edot-hamizrach","shabbat-maariv","9","veshamru","hashkiveinu","ושמרו","Siddur Edot HaMizrach, Shabbat Arvit, The Shema","12-12","","","true","false","true"
"edot-hamizrach","shabbat-maariv","10","half-kaddish","half-kaddish","חצי קדיש","Siddur Edot HaMizrach, Shabbat Arvit, The Shema","13-14","","minyan","false","false","true"
"edot-hamizrach","shabbat-maariv","11","avot","amidah","ברכת אבות","Siddur Edot HaMizrach, Shabbat Arvit, Magen Avot","0-2","","","true","false","true"
"edot-hamizrach","shabbat-maariv","12","gevurot","amidah","גבורות","Siddur Edot HaMizrach, Shabbat Arvit, Magen Avot","3-5","","","true","false","true"
"edot-hamizrach","shabbat-maariv","13","kedushat-hashem","amidah","קדושת השם","Siddur Edot HaMizrach, Shabbat Arvit, Magen Avot","6-6","","","true","false","true"
"edot-hamizrach","shabbat-maariv","14","kedushat-hayom","amidah","אתה קדשת","Siddur Edot HaMizrach, Shabbat Arvit, Magen Avot","7-10","","","true","false","true"
"edot-hamizrach","shabbat-maariv","15","retze","amidah","רצה","Siddur Edot HaMizrach, Shabbat Arvit, Magen Avot","11-11","","","true","false","true"
"edot-hamizrach","shabbat-maariv","16","yaale-veyavo","amidah","יעלה ויבוא","Siddur Edot HaMizrach, Shabbat Arvit, Magen Avot","12-17","roshChodesh|cholHamoed","","true","false","true"
"edot-hamizrach","shabbat-maariv","17","retze-end","amidah","","Siddur Edot HaMizrach, Shabbat Arvit, Magen Avot","18-18","","","true","false","true"
"edot-hamizrach","shabbat-maariv","18","modim","amidah","מודים","Siddur Edot HaMizrach, Shabbat Arvit, Magen Avot","19-20","","","true","false","true"
"edot-hamizrach","shabbat-maariv","19","al-hanisim","amidah","על הנסים","Siddur Edot HaMizrach, Shabbat Arvit, Magen Avot","21-24","chanukah|purim","","true","false","true"
"edot-hamizrach","shabbat-maariv","20","modim-end","amidah","","Siddur Edot HaMizrach, Shabbat Arvit, Magen Avot","25-25","","","true","false","true"
"edot-hamizrach","shabbat-maariv","21","sim-shalom","amidah","שים שלום","Siddur Edot HaMizrach, Shabbat Arvit, Magen Avot","26-26","","","true","false","true"
"edot-hamizrach","shabbat-maariv","22","elokai-netzor","elokai-netzor","אלהי נצור","Siddur Edot HaMizrach, Shabbat Arvit, Magen Avot","27-32","","","false","false","true"
"edot-hamizrach","shabbat-maariv","23","vayechulu","vayechulu","ויכולו","Siddur Edot HaMizrach, Shabbat Arvit, Magen Avot","33-34","","","true","false","true"
"edot-hamizrach","shabbat-maariv","24","magen-avot","magen-avot","ברכה מעין שבע","Siddur Edot HaMizrach, Shabbat Arvit, Magen Avot","35-37","","chazzan","true","false","true"
"edot-hamizrach","shabbat-maariv","25","kaddish-titkabal","kaddish-titkabal","קדיש תתקבל","Siddur Edot HaMizrach, Shabbat Arvit, Magen Avot","38-42","","minyan","true","false","true"
"edot-hamizrach","shabbat-maariv","26","mizmor-ledavid","closing-passages","מזמור לדוד ה׳ רועי","Siddur Edot HaMizrach, Shabbat Arvit, Magen Avot","43-43","","","false","false","true"
"edot-hamizrach","shabbat-maariv","27","kaddish-yehe-shlama","kaddish-yatom","קדיש יהא שלמא","Siddur Edot HaMizrach, Shabbat Arvit, Magen Avot","44-46","","mourners","false","false","true"
"edot-hamizrach","shabbat-maariv","28","barchu-end","barchu","ברכו","Siddur Edot HaMizrach, Shabbat Arvit, Magen Avot","47-48","","minyan","true","false","true"
"edot-hamizrach","shabbat-maariv","29","aleinu","aleinu","עלינו לשבח","Siddur Edot HaMizrach, Shabbat Arvit, Alenu","0-2","","","true","false","true"
"edot-hamizrach","shabbat-maariv","30","yigdal","closing-passages","יגדל","Siddur Edot HaMizrach, Shabbat Arvit, Alenu","3-18","","optional","false","false","true"
"edot-hamizrach","shabbat-kiddush","1","shalom-aleichem","shalom-aleichem","שלום עליכם","Siddur Edot HaMizrach, Shabbat Evening, Shalom Alekhem","0-9","","","true","false","true"
"edot-hamizrach","shabbat-kiddush","2","eshet-chayil","eshet-chayil","אשת חיל","Siddur Edot HaMizrach, Shabbat Evening, Eshet Hayil","0-1","","","true","false","true"
"edot-hamizrach","shabbat-kiddush","3","ahalela","eshet-chayil","אהללה שם אלהים","Siddur Edot HaMizrach, Shabbat Evening, Eshet Hayil","2-2","","","true","false","true"
"edot-hamizrach","shabbat-kiddush","4","atkinu","zemirot","אתקינו סעודתא","Siddur Edot HaMizrach, Shabbat Evening, Atkenu Seudata","0-1","","","false","false","true"
"edot-hamizrach","shabbat-kiddush","5","azamer-bishvachin","zemirot","אזמר בשבחין","Siddur Edot HaMizrach, Shabbat Evening, Atkenu Seudata","2-22","","","false","false","true"
"edot-hamizrach","shabbat-kiddush","6","yehe-raava","zemirot","ויהא רעוא","Siddur Edot HaMizrach, Shabbat Evening, Atkenu Seudata","23-23","","","false","false","true"
"edot-hamizrach","shabbat-kiddush","7","zohar-yoma-da","zemirot","יומא דא מתעטרא","Siddur Edot HaMizrach, Shabbat Evening, Atkenu Seudata","24-28","","","false","false","true"
"edot-hamizrach","shabbat-kiddush","8","kiddush-leshem-yichud","kiddush","לשם יחוד לקידוש","Siddur Edot HaMizrach, Shabbat Evening, Kiddush","0-5","","optional","true","false","true"
"edot-hamizrach","shabbat-kiddush","9","kiddush-leshem-yichud-short","kiddush","לשם יחוד — נוסח קצר","Siddur Edot HaMizrach, Shabbat Evening, Kiddush","6-6","","optional","true","false","true"
"edot-hamizrach","shabbat-kiddush","10","mizmor-ledavid","kiddush","מזמור לדוד ה׳ רועי","Siddur Edot HaMizrach, Shabbat Evening, Kiddush","7-7","","optional","true","false","true"
"edot-hamizrach","shabbat-kiddush","11","kiddush","kiddush","קידוש","Siddur Edot HaMizrach, Shabbat Evening, Kiddush","8-13","","","true","false","true"
"edot-hamizrach","shabbat-shacharit","1","modeh-ani","modeh-ani","מודה אני","Siddur Edot HaMizrach, Preparatory Prayers, Modeh Ani","0-3","","","false","false","false"
"edot-hamizrach","shabbat-shacharit","2","netilat-yadayim","netilat-yadayim","נטילת ידיים","Siddur Edot HaMizrach, Preparatory Prayers, Morning Blessings","0-2","","","false","false","false"
"edot-hamizrach","shabbat-shacharit","3","asher-yatzar","morning-blessings","אשר יצר","Siddur Edot HaMizrach, Preparatory Prayers, Morning Blessings","3-4","","","false","false","false"
"edot-hamizrach","shabbat-shacharit","4","elokai-neshama","morning-blessings","אלהי נשמה","Siddur Edot HaMizrach, Preparatory Prayers, Morning Blessings","5-6","","","false","false","false"
"edot-hamizrach","shabbat-shacharit","5","birkot-hashachar","morning-blessings","ברכות השחר","Siddur Edot HaMizrach, Preparatory Prayers, Morning Blessings","7-14","","","false","false","false"
"edot-hamizrach","shabbat-shacharit","6","she-asa-li","morning-blessings","","Siddur Edot HaMizrach, Preparatory Prayers, Morning Blessings","15-16","!tishaBav","","false","false","false"
"edot-hamizrach","shabbat-shacharit","7","birkot-hashachar-end","morning-blessings","","Siddur Edot HaMizrach, Preparatory Prayers, Morning Blessings","17-25","","","false","false","false"
"edot-hamizrach","shabbat-shacharit","8","yehi-ratzon","morning-blessings","יהי רצון שתצילני","Siddur Edot HaMizrach, Preparatory Prayers, Morning Blessings","26-26","","","false","false","false"
"edot-hamizrach","shabbat-shacharit","9","torah-blessings","torah-blessings","ברכות התורה","Siddur Edot HaMizrach, Preparatory Prayers, Torah Blessings","0-4","","","false","false","false"
"edot-hamizrach","shabbat-shacharit","10","petichat-eliyahu","morning-prayers","פתח אליהו","Siddur Edot HaMizrach, Weekday Shacharit, Petichat Eliyahu","0-8","","","false","false","false"
"edot-hamizrach","shabbat-shacharit","11","ramit-yadai","morning-prayers","אמר רבי שמעון","Siddur Edot HaMizrach, Weekday Shacharit, Petichat Eliyahu","9-10","","","false","false","false"
"edot-hamizrach","shabbat-shacharit","12","tallit","tallit","עטיפת טלית","Siddur Edot HaMizrach, Weekday Shacharit, Order of Talit","0-2","","","false","false","false"
"edot-hamizrach","shabbat-shacharit","13","hanna","morning-prayers","תפלת חנה","Siddur Edot HaMizrach, Weekday Shacharit, Hanna's Prayer","0-1","","","false","false","false"
"edot-hamizrach","shabbat-shacharit","14","leshem-yichud","morning-prayers","לשם יחוד","Siddur Edot HaMizrach, Weekday Shacharit, Morning Prayer","0-2","","","false","false","false"
"edot-hamizrach","shabbat-shacharit","15","akeida","morning-prayers","פרשת העקידה","Siddur Edot HaMizrach, Weekday Shacharit, Morning Prayer","3-4","","","false","false","false"
"edot-hamizrach","shabbat-shacharit","16","akeida-vshachat","morning-prayers","ושחט אתו","Siddur Edot HaMizrach, Weekday Shacharit, Morning Prayer","5-7","","optional","false","false","false"
"edot-hamizrach","shabbat-shacharit","17","akeida-ribono","morning-prayers","רבונו של עולם","Siddur Edot HaMizrach, Weekday Shacharit, Morning Prayer","8-8","","","false","false","false"
"edot-hamizrach","shabbat-shacharit","18","eilu-devarim","morning-prayers","אלו דברים","Siddur Edot HaMizrach, Weekday Shacharit, Morning Prayer","9-9","","","false","false","false"
"edot-hamizrach","shabbat-shacharit","19","leolam-yehe-adam","morning-prayers","לעולם יהא אדם","Siddur Edot HaMizrach, Weekday Shacharit, Morning Prayer","10-11","","","false","false","false"
"edot-hamizrach","shabbat-shacharit","20","shema-first-verse","morning-prayers","שמע ישראל","Siddur Edot HaMizrach, Weekday Shacharit, Morning Prayer","12-14","","","false","false","false"
"edot-hamizrach","shabbat-shacharit","21","ata-hu","morning-prayers","אתה הוא","Siddur Edot HaMizrach, Weekday Shacharit, Morning Prayer","15-16","","","false","false","false"
"edot-hamizrach","shabbat-shacharit","22","tamid","korbanot","פרשת התמיד","Siddur Edot HaMizrach, Weekday Shacharit, Morning Prayer","17-18","","","false","false","false"
"edot-hamizrach","shabbat-shacharit","23","ketoret","ketoret","פטום הקטורת","Siddur Edot HaMizrach, Weekday Shacharit, Incense Offering","0-7","","","false","false","false"
"edot-hamizrach","shabbat-shacharit","24","maaracha","korbanot","סדר המערכה","Siddur Edot HaMizrach, Weekday Shacharit, Incense Offering","8-8","","","false","false","false"
"edot-hamizrach","shabbat-shacharit","25","ana-bekoach","korbanot","אנא בכח","Siddur Edot HaMizrach, Weekday Shacharit, Incense Offering","9-17","","","false","false","false"
"edot-hamizrach","shabbat-shacharit","26","ribon-haolamim","korbanot","רבון העולמים","Siddur Edot HaMizrach, Weekday Shacharit, Incense Offering","18-19","","","false","false","false"
"edot-hamizrach","shabbat-shacharit","27","eizehu-mekoman","korbanot","איזהו מקומן","Siddur Edot HaMizrach, Weekday Shacharit, Incense Offering","20-27","","","false","false","false"
"edot-hamizrach","shabbat-shacharit","28","rabbi-yishmael","korbanot","רבי ישמעאל אומר","Siddur Edot HaMizrach, Weekday Shacharit, Incense Offering","28-30","","","false","false","false"
"edot-hamizrach","shabbat-shacharit","29","kaddish-al-yisrael","kaddish-derabanan","קדיש על ישראל","Siddur Edot HaMizrach, Weekday Shacharit, Incense Offering","31-34","","minyan","false","false","false"
"edot-hamizrach","shabbat-shacharit","30","hodu","hodu","הודו","Siddur Edot HaMizrach, Weekday Shacharit, Hodu","0-4","","","false","false","false"
"edot-hamizrach","shabbat-shacharit","31","mizmor-shir","mizmor-shir","מזמור שיר חנוכת הבית","Siddur Edot HaMizrach, Weekday Shacharit, Hodu","5-5","","","false","false","false"
"edot-hamizrach","shabbat-shacharit","32","hashem-hu-haelokim","hodu","ה׳ הוא האלהים","Siddur Edot HaMizrach, Weekday Shacharit, Hodu","6-7","aseret|hoshanaRabbah","","false","false","false"
"edot-hamizrach","shabbat-shacharit","33","hashem-melech","hodu","ה׳ מלך","Siddur Edot HaMizrach, Weekday Shacharit, Hodu","8-12","","","false","false","false"
"edot-hamizrach","shabbat-shacharit","34","lamnatzeach-menorah","","","Siddur Edot HaMizrach, Weekday Shacharit, Hodu","13-14","","","false","true","false"
"edot-hamizrach","shabbat-shacharit","35","shabbat-psalms","pesukei-dezimra","מזמורי שבת","Siddur Edot HaMizrach, Shabbat Shacharit, Psalms for Shabbat","0-39","","","true","false","false"
"edot-hamizrach","shabbat-shacharit","36","baruch-sheamar","baruch-sheamar","ברוך שאמר","Siddur Edot HaMizrach, Shabbat Shacharit, Pesukei D'Zimra","0-1","","","false","false","false"
"edot-hamizrach","shabbat-shacharit","37","mizmor-shir-shabbat","pesukei-dezimra","מזמור שיר ליום השבת","Siddur Edot HaMizrach, Shabbat Shacharit, Pesukei D'Zimra","2-3","","","true","false","false"
"edot-hamizrach","shabbat-shacharit","38","yehi-chevod","pesukei-dezimra","יהי כבוד","Siddur Edot HaMizrach, Shabbat Shacharit, Pesukei D'Zimra","4-4","","","true","false","false"
"edot-hamizrach","shabbat-shacharit","39","tehila-ledavid","pesukei-dezimra","אשרי — תהלה לדוד","Siddur Edot HaMizrach, Shabbat Shacharit, Pesukei D'Zimra","5-6","","","true","false","false"
"edot-hamizrach","shabbat-shacharit","40","hallelukah","pesukei-dezimra","הללויה","Siddur Edot HaMizrach, Shabbat Shacharit, Pesukei D'Zimra","7-11","","","true","false","false"
"edot-hamizrach","shabbat-shacharit","41","baruch-hashem-leolam","pesukei-dezimra","ברוך ה׳ לעולם","Siddur Edot HaMizrach, Shabbat Shacharit, Pesukei D'Zimra","12-12","","","true","false","false"
"edot-hamizrach","shabbat-shacharit","42","vayevarech-david","pesukei-dezimra","ויברך דויד","Siddur Edot HaMizrach, Shabbat Shacharit, Pesukei D'Zimra","13-14","","","true","false","false"
"edot-hamizrach","shabbat-shacharit","43","az-yashir","az-yashir","שירת הים","Siddur Edot HaMizrach, Shabbat Shacharit, Pesukei D'Zimra","15-17","","","false","false","false"
"edot-hamizrach","shabbat-shacharit","44","nishmat","pesukei-dezimra","נשמת כל חי","Siddur Edot HaMizrach, Shabbat Shacharit, Pesukei D'Zimra","18-27","","","true","false","false"
"edot-hamizrach","shabbat-shacharit","45","yishtabach","yishtabach","ישתבח","Siddur Edot HaMizrach, Shabbat Shacharit, Pesukei D'Zimra","28-29","","","true","false","false"
"edot-hamizrach","shabbat-shacharit","46","shir-hamaalot-shuva","pesukei-dezimra","שיר המעלות ממעמקים","Siddur Edot HaMizrach, Shabbat Shacharit, Pesukei D'Zimra","30-31","shabbatShuva","","true","false","false"
"edot-hamizrach","shabbat-shacharit","47","half-kaddish","half-kaddish","חצי קדיש","Siddur Edot HaMizrach, Shabbat Shacharit, Pesukei D'Zimra","32-33","","minyan","true","false","false"
"edot-hamizrach","shabbat-shacharit","48","barchu","barchu","ברכו","Siddur Edot HaMizrach, Shabbat Shacharit, Pesukei D'Zimra","34-36","","minyan","false","false","false"
"edot-hamizrach","shabbat-shacharit","49","yotzer","shema-blessings","יוצר אור","Siddur Edot HaMizrach, Shabbat Shacharit, The Shema","0-10","","","true","false","false"
"edot-hamizrach","shabbat-shacharit","50","ahavat-olam","shema-blessings","אהבת עולם","Siddur Edot HaMizrach, Shabbat Shacharit, The Shema","11-13","","","true","false","false"
"edot-hamizrach","shabbat-shacharit","51","shema","shema","קריאת שמע","Siddur Edot HaMizrach, Shabbat Shacharit, The Shema","14-20","","","true","false","false"
"edot-hamizrach","shabbat-shacharit","52","emet-veyatziv","after-shema","אמת ויציב","Siddur Edot HaMizrach, Shabbat Shacharit, The Shema","21-25","","","false","false","false"
"edot-hamizrach","shabbat-shacharit","53","avot","amidah","ברכת אבות","Siddur Edot HaMizrach, Shabbat Shacharit, Amidah","0-2","","","true","false","false"
"edot-hamizrach","shabbat-shacharit","54","gevurot","amidah","גבורות","Siddur Edot HaMizrach, Shabbat Shacharit, Amidah","3-5","","","true","false","false"
"edot-hamizrach","shabbat-shacharit","55","kedusha","kedusha","קדושה","Siddur Edot HaMizrach, Shabbat Shacharit, Amidah","6-7","","repetition","false","false","false"
"edot-hamizrach","shabbat-shacharit","56","kedushat-hashem","amidah","קדושת השם","Siddur Edot HaMizrach, Shabbat Shacharit, Amidah","8-8","","","true","false","false"
"edot-hamizrach","shabbat-shacharit","57","kedushat-hayom","amidah","ישמח משה","Siddur Edot HaMizrach, Shabbat Shacharit, Amidah","9-13","","","true","false","false"
"edot-hamizrach","shabbat-shacharit","58","retze","amidah","רצה","Siddur Edot HaMizrach, Shabbat Shacharit, Amidah","14-14","","","true","false","false"
"edot-hamizrach","shabbat-shacharit","59","yaale-veyavo","amidah","יעלה ויבוא","Siddur Edot HaMizrach, Shabbat Shacharit, Amidah","15-20","roshChodesh|cholHamoed","","true","false","false"
"edot-hamizrach","shabbat-shacharit","60","retze-end","amidah","","Siddur Edot HaMizrach, Shabbat Shacharit, Amidah","21-21","","","true","false","false"
"edot-hamizrach","shabbat-shacharit","61","modim","amidah","מודים","Siddur Edot HaMizrach, Shabbat Shacharit, Amidah","22-23","","","true","false","false"
"edot-hamizrach","shabbat-shacharit","62","modim-derabanan","modim-derabanan","מודים דרבנן","Siddur Edot HaMizrach, Shabbat Shacharit, Amidah","24-24","","repetition","false","false","false"
"edot-hamizrach","shabbat-shacharit","63","al-hanisim","amidah","על הנסים","Siddur Edot HaMizrach, Shabbat Shacharit, Amidah","25-28","chanukah|purim","","true","false","false"
"edot-hamizrach","shabbat-shacharit","64","modim-end","amidah","","Siddur Edot HaMizrach, Shabbat Shacharit, Amidah","29-29","","","true","false","false"
"edot-hamizrach","shabbat-shacharit","65","birkat-kohanim","birkat-kohanim","ברכת כהנים","Siddur Edot HaMizrach, Shabbat Shacharit, Amidah","30-42","","repetition","false","false","false"
"edot-hamizrach","shabbat-shacharit","66","sim-shalom","amidah","שים שלום","Siddur Edot HaMizrach, Shabbat Shacharit, Amidah","43-43","","","true","false","false"
"edot-hamizrach","shabbat-shacharit","67","elokai-netzor","elokai-netzor","אלהי נצור","Siddur Edot HaMizrach, Shabbat Shacharit, Amidah","44-49","","","false","false","false"
"edot-hamizrach","shabbat-shacharit","68","avinu-malkeinu","avinu-malkeinu","אבינו מלכנו","Siddur Edot HaMizrach, Shabbat Shacharit, Amidah","50-77","shabbatShuva","","false","false","false"
"edot-hamizrach","shabbat-shacharit","69","yehi-shem","closing-passages","יהי שם","Siddur Edot HaMizrach, Shabbat Shacharit, Amidah","78-79","","","false","false","false"
"edot-hamizrach","shabbat-shacharit","70","shabbat-hallel-blessing","hallel","ברכת ההלל","Siddur Edot HaMizrach, Rosh Hodesh, Hallel","0-4","hallel&fullHallel","","false","false","false"
"edot-hamizrach","shabbat-shacharit","71","shabbat-hallel","hallel","הלל","Siddur Edot HaMizrach, Rosh Hodesh, Hallel","5-6","hallel","","false","false","false"
"edot-hamizrach","shabbat-shacharit","72","shabbat-lo-lanu","hallel","","Siddur Edot HaMizrach, Rosh Hodesh, Hallel","7-8","hallel&fullHallel","","false","false","false"
"edot-hamizrach","shabbat-shacharit","73","shabbat-hallel-zecharanu","hallel","","Siddur Edot HaMizrach, Rosh Hodesh, Hallel","9-9","hallel","","false","false","false"
"edot-hamizrach","shabbat-shacharit","74","shabbat-ahavti","hallel","","Siddur Edot HaMizrach, Rosh Hodesh, Hallel","10-11","hallel&fullHallel","","false","false","false"
"edot-hamizrach","shabbat-shacharit","75","shabbat-hallel-ma-ashiv","hallel","","Siddur Edot HaMizrach, Rosh Hodesh, Hallel","12-22","hallel","","false","false","false"
"edot-hamizrach","shabbat-shacharit","76","shabbat-yehallelucha","hallel","","Siddur Edot HaMizrach, Rosh Hodesh, Hallel","23-24","hallel&fullHallel","","false","false","false"
"edot-hamizrach","shabbat-shacharit","77","shabbat-hallel-kaddish","","","Siddur Edot HaMizrach, Rosh Hodesh, Hallel","25-29","","","false","true","false"
"edot-hamizrach","shabbat-shacharit","78","shabbat-veavraham-zaken","hallel","ואברהם זקן","Siddur Edot HaMizrach, Rosh Hodesh, Hallel","30-33","hallel","optional","false","false","false"
"edot-hamizrach","shabbat-shacharit","79","shabbat-rc-torah-and-ashrei","","","Siddur Edot HaMizrach, Rosh Hodesh, Hallel","34-43","","","false","true","false"
"edot-hamizrach","shabbat-shacharit","80","kaddish-titkabal","kaddish-titkabal","קדיש תתקבל","Siddur Edot HaMizrach, Shabbat Shacharit, Amidah","80-84","","minyan","true","false","false"
"edot-hamizrach","shabbat-shacharit","81","torah-service","torah-service","הוצאת ספר תורה","Siddur Edot HaMizrach, Shabbat Shacharit, Torah Reading","0-16","","","true","false","false"
"edot-hamizrach","shabbat-shacharit","82","aliyah-before","torah-reading","ברכות העולה","Siddur Edot HaMizrach, Shabbat Shacharit, Torah Reading","17-25","","","true","false","false"
"edot-hamizrach","shabbat-shacharit","83","aliyah-after","torah-reading","ברכה אחרונה","Siddur Edot HaMizrach, Shabbat Shacharit, Torah Reading","26-27","","","true","false","false"
"edot-hamizrach","shabbat-shacharit","84","hagomel","torah-reading","ברכת הגומל","Siddur Edot HaMizrach, Shabbat Shacharit, HaGomel","0-10","","optional","true","false","false"
"edot-hamizrach","shabbat-shacharit","85","weekday-torah-service","","","Siddur Edot HaMizrach, Weekday Shacharit, Torah Reading","0-18","","","false","true","false"
"edot-hamizrach","shabbat-shacharit","86","half-kaddish-maftir","half-kaddish","חצי קדיש","Siddur Edot HaMizrach, Weekday Shacharit, Torah Reading","19-20","","minyan","true","false","false"
"edot-hamizrach","shabbat-shacharit","87","haftarah","haftarah","ברכות ההפטרה","Siddur Edot HaMizrach, Shabbat Shacharit, Haftarah","0-9","","","false","false","false"
"edot-hamizrach","shabbat-shacharit","88","mi-sheberach","torah-service","מי שברך לקהל","Siddur Edot HaMizrach, Shabbat Shacharit, Mi Sheberach","0-2","","","true","false","false"
"edot-hamizrach","shabbat-shacharit","89","birkat-hachodesh","birkat-hachodesh","הכרזת ראש חודש","Siddur Edot HaMizrach, Shabbat Shacharit, Birkat HaChodesh","0-6","shabbatMevarchim","","false","false","false"
"edot-hamizrach","shabbat-shacharit","90","fast-announcement","birkat-hachodesh","הכרזת תענית","Siddur Edot HaMizrach, Shabbat Shacharit, Announcement of Fast","0-2","","","false","false","false"
"edot-hamizrach","shabbat-shacharit","91","ashrei","ashrei","אשרי","Siddur Edot HaMizrach, Shabbat Shacharit, Ashrei","0-5","","","false","false","false"
"edot-hamizrach","shabbat-shacharit","92","return-torah","return-torah","החזרת ספר תורה","Siddur Edot HaMizrach, Shabbat Shacharit, Ashrei","6-9","","","true","false","false"
"edot-hamizrach","shabbat-musaf","1","leshem-yichud","musaf","לשם יחוד","Siddur Edot HaMizrach, Shabbat Mussaf, Amida","0-1","","","true","false","true"
"edot-hamizrach","shabbat-musaf","2","half-kaddish","half-kaddish","חצי קדיש","Siddur Edot HaMizrach, Shabbat Mussaf, Amida","2-3","","minyan","false","false","true"
"edot-hamizrach","shabbat-musaf","3","avot","musaf","ברכת אבות","Siddur Edot HaMizrach, Shabbat Mussaf, Amida","4-5","","","true","false","true"
"edot-hamizrach","shabbat-musaf","4","gevurot","musaf","גבורות","Siddur Edot HaMizrach, Shabbat Mussaf, Amida","6-8","","","true","false","true"
"edot-hamizrach","shabbat-musaf","5","keter","kedusha","קדושה — כתר","Siddur Edot HaMizrach, Shabbat Mussaf, Amida","9-10","","repetition","false","false","true"
"edot-hamizrach","shabbat-musaf","6","kedushat-hashem","musaf","קדושת השם","Siddur Edot HaMizrach, Shabbat Mussaf, Amida","11-11","","","true","false","true"
"edot-hamizrach","shabbat-musaf","7","tikanta-shabbat","musaf","תכנת שבת","Siddur Edot HaMizrach, Shabbat Mussaf, Amida","12-15","!roshChodesh","","true","false","true"
"edot-hamizrach","shabbat-musaf","8","ata-yatzarta","musaf","אתה יצרת — לשבת ראש חודש","Siddur Edot HaMizrach, Shabbat Mussaf, Amida","16-21","roshChodesh","","true","false","true"
"edot-hamizrach","shabbat-musaf","9","yismechu","musaf","ישמחו במלכותך","Siddur Edot HaMizrach, Shabbat Mussaf, Amida","22-23","","","true","false","true"
"edot-hamizrach","shabbat-musaf","10","retze","musaf","רצה","Siddur Edot HaMizrach, Shabbat Mussaf, Amida","24-24","","","true","false","true"
"edot-hamizrach","shabbat-musaf","11","modim","musaf","מודים","Siddur Edot HaMizrach, Shabbat Mussaf, Amida","25-26","","","true","false","true"
"edot-hamizrach","shabbat-musaf","12","modim-derabanan","modim-derabanan","מודים דרבנן","Siddur Edot HaMizrach, Shabbat Mussaf, Amida","27-27","","repetition","false","false","true"
"edot-hamizrach","shabbat-musaf","13","al-hanisim","musaf","על הנסים","Siddur Edot HaMizrach, Shabbat Mussaf, Amida","28-31","chanukah|purim","","true","false","true"
"edot-hamizrach","shabbat-musaf","14","modim-end","musaf","","Siddur Edot HaMizrach, Shabbat Mussaf, Amida","32-32","","","true","false","true"
"edot-hamizrach","shabbat-musaf","15","birkat-kohanim","birkat-kohanim","ברכת כהנים","Siddur Edot HaMizrach, Shabbat Mussaf, Amida","33-45","","repetition","false","false","true"
"edot-hamizrach","shabbat-musaf","16","sim-shalom","musaf","שים שלום","Siddur Edot HaMizrach, Shabbat Mussaf, Amida","46-46","","","true","false","true"
"edot-hamizrach","shabbat-musaf","17","elokai-netzor","elokai-netzor","אלהי נצור","Siddur Edot HaMizrach, Shabbat Mussaf, Amida","47-52","","","false","false","true"
"edot-hamizrach","shabbat-musaf","18","yehi-shem","closing-passages","יהי שם","Siddur Edot HaMizrach, Shabbat Mussaf, Amida","53-54","","","false","false","true"
"edot-hamizrach","shabbat-musaf","19","kaddish-titkabal","kaddish-titkabal","קדיש תתקבל","Siddur Edot HaMizrach, Shabbat Mussaf, Amida","55-59","","minyan","true","false","true"
"edot-hamizrach","shabbat-musaf","20","kol-yisrael","closing-passages","כל ישראל","Siddur Edot HaMizrach, Shabbat Mussaf, Amida","60-62","","","false","false","true"
"edot-hamizrach","shabbat-musaf","21","ein-keloheinu","ein-keloheinu","אין כאלהינו","Siddur Edot HaMizrach, Shabbat Mussaf, Amida","63-63","","","false","false","true"
"edot-hamizrach","shabbat-musaf","22","ketoret","ketoret","פטום הקטורת","Siddur Edot HaMizrach, Shabbat Mussaf, Incense Offering","0-8","","","false","false","true"
"edot-hamizrach","shabbat-musaf","23","kaddish-al-yisrael","kaddish-derabanan","קדיש על ישראל","Siddur Edot HaMizrach, Shabbat Mussaf, Incense Offering","9-12","","minyan","false","false","true"
"edot-hamizrach","shabbat-musaf","24","barchu","barchu","ברכו","Siddur Edot HaMizrach, Shabbat Mussaf, Incense Offering","13-15","","minyan","false","false","true"
"edot-hamizrach","shabbat-musaf","25","aleinu","aleinu","עלינו לשבח","Siddur Edot HaMizrach, Shabbat Mussaf, Alenu","0-2","","","true","false","true"
"edot-hamizrach","shabbat-musaf","26","mizmor-shir","song-of-day","מזמור שיר ליום השבת","Siddur Edot HaMizrach, Shabbat Mussaf, Alenu","3-3","","","false","false","true"
"edot-hamizrach","shabbat-kiddush-day","1","seuda-intro","zemirot","סדר סעודה שניה","Siddur Edot HaMizrach, Daytime Meal, Daytime Meal","0-1","","","false","false","true"
"edot-hamizrach","shabbat-kiddush-day","2","mishnayot","zemirot","משניות","Siddur Edot HaMizrach, Daytime Meal, Daytime Meal","2-5","","","false","false","true"
"edot-hamizrach","shabbat-kiddush-day","3","zohar-yitro","zemirot","זוהר — ביומא דשבתא","Siddur Edot HaMizrach, Daytime Meal, Daytime Meal","6-7","","","false","false","true"
"edot-hamizrach","shabbat-kiddush-day","4","atkinu","zemirot","אתקינו סעודתא","Siddur Edot HaMizrach, Daytime Meal, Daytime Meal","8-8","","","false","false","true"
"edot-hamizrach","shabbat-kiddush-day","5","asader","zemirot","אסדר לסעודתא","Siddur Edot HaMizrach, Daytime Meal, Daytime Meal","9-23","","","false","false","true"
"edot-hamizrach","shabbat-kiddush-day","6","yehe-raava","zemirot","ויהא רעוא","Siddur Edot HaMizrach, Daytime Meal, Daytime Meal","24-25","","optional","false","false","true"
"edot-hamizrach","shabbat-kiddush-day","7","zohar-kiddusha","zemirot","זוהר — קידושא דיומא","Siddur Edot HaMizrach, Daytime Meal, Daytime Meal","26-27","","","false","false","true"
"edot-hamizrach","shabbat-kiddush-day","8","kiddush","kiddush-day","קידוש היום","Siddur Edot HaMizrach, Daytime Meal, Kiddush","0-11","","","true","false","true"
"edot-hamizrach","shabbat-mincha","1","leshem-yichud","korbanot","לשם יחוד","Siddur Edot HaMizrach, Shabbat Mincha, Offerings","0-1","","","false","false","false"
"edot-hamizrach","shabbat-mincha","2","ps84","korbanot","מה ידידות","Siddur Edot HaMizrach, Shabbat Mincha, Offerings","2-2","","","false","false","false"
"edot-hamizrach","shabbat-mincha","3","tamid","korbanot","פרשת התמיד","Siddur Edot HaMizrach, Shabbat Mincha, Offerings","3-3","","","false","false","false"
"edot-hamizrach","shabbat-mincha","4","ketoret","ketoret","פטום הקטורת","Siddur Edot HaMizrach, Shabbat Mincha, Offerings","4-10","","","false","false","false"
"edot-hamizrach","shabbat-mincha","5","ashrei","ashrei","אשרי","Siddur Edot HaMizrach, Shabbat Mincha, Offerings","11-12","","","true","false","false"
"edot-hamizrach","shabbat-mincha","6","uva-letzion","uva-letzion","ובא לציון","Siddur Edot HaMizrach, Shabbat Mincha, Uva LeSion","0-2","","","true","false","false"
"edot-hamizrach","shabbat-mincha","7","half-kaddish","half-kaddish","חצי קדיש","Siddur Edot HaMizrach, Shabbat Mincha, Uva LeSion","3-4","","minyan","true","false","false"
"edot-hamizrach","shabbat-mincha","8","torah-service","torah-service","הוצאת ספר תורה","Siddur Edot HaMizrach, Shabbat Mincha, Uva LeSion","5-15","","","false","false","false"
"edot-hamizrach","shabbat-mincha","9","shabbat-morning-torah-service","","","Siddur Edot HaMizrach, Shabbat Shacharit, Torah Reading","0-16","","","false","true","false"
"edot-hamizrach","shabbat-mincha","10","aliyah-before","torah-reading","ברכות העולה","Siddur Edot HaMizrach, Shabbat Shacharit, Torah Reading","17-25","","","true","false","false"
"edot-hamizrach","shabbat-mincha","11","torah-reading","torah-reading","קריאת התורה","Siddur Edot HaMizrach, Shabbat Mincha, Uva LeSion","16-16","","","true","false","false"
"edot-hamizrach","shabbat-mincha","12","aliyah-after","torah-reading","ברכה אחרונה","Siddur Edot HaMizrach, Shabbat Shacharit, Torah Reading","26-27","","","true","false","false"
"edot-hamizrach","shabbat-mincha","13","mizmor-shir","mizmor-shir-shabbat","מזמור שיר ליום השבת","Siddur Edot HaMizrach, Shabbat Mincha, Uva LeSion","17-17","","","false","false","false"
"edot-hamizrach","shabbat-mincha","14","return-torah","return-torah","החזרת ספר תורה","Siddur Edot HaMizrach, Shabbat Mincha, Uva LeSion","18-20","","","false","false","false"
"edot-hamizrach","shabbat-mincha","15","half-kaddish-amidah","half-kaddish","חצי קדיש","Siddur Edot HaMizrach, Shabbat Mincha, Uva LeSion","21-22","","minyan","true","false","false"
"edot-hamizrach","shabbat-mincha","16","avot","amidah","ברכת אבות","Siddur Edot HaMizrach, Shabbat Mincha, Amida","0-2","","","true","false","false"
"edot-hamizrach","shabbat-mincha","17","gevurot","amidah","גבורות","Siddur Edot HaMizrach, Shabbat Mincha, Amida","3-5","","","true","false","false"
"edot-hamizrach","shabbat-mincha","18","kedusha","kedusha","קדושה","Siddur Edot HaMizrach, Shabbat Mincha, Amida","6-7","","repetition","false","false","false"
"edot-hamizrach","shabbat-mincha","19","kedushat-hashem","amidah","קדושת השם","Siddur Edot HaMizrach, Shabbat Mincha, Amida","8-8","","","true","false","false"
"edot-hamizrach","shabbat-mincha","20","kedushat-hayom","amidah","אתה אחד","Siddur Edot HaMizrach, Shabbat Mincha, Amida","9-10","","","true","false","false"
"edot-hamizrach","shabbat-mincha","21","retze","amidah","רצה","Siddur Edot HaMizrach, Shabbat Mincha, Amida","11-11","","","true","false","false"
"edot-hamizrach","shabbat-mincha","22","yaale-veyavo","amidah","יעלה ויבוא","Siddur Edot HaMizrach, Shabbat Mincha, Amida","12-17","roshChodesh|cholHamoed","","true","false","false"
"edot-hamizrach","shabbat-mincha","23","retze-end","amidah","","Siddur Edot HaMizrach, Shabbat Mincha, Amida","18-18","","","true","false","false"
"edot-hamizrach","shabbat-mincha","24","modim","amidah","מודים","Siddur Edot HaMizrach, Shabbat Mincha, Amida","19-20","","","true","false","false"
"edot-hamizrach","shabbat-mincha","25","modim-derabanan","modim-derabanan","מודים דרבנן","Siddur Edot HaMizrach, Shabbat Mincha, Amida","21-21","","repetition","false","false","false"
"edot-hamizrach","shabbat-mincha","26","al-hanisim","amidah","על הנסים","Siddur Edot HaMizrach, Shabbat Mincha, Amida","22-25","chanukah|purim","","true","false","false"
"edot-hamizrach","shabbat-mincha","27","modim-end","amidah","","Siddur Edot HaMizrach, Shabbat Mincha, Amida","26-26","","","true","false","false"
"edot-hamizrach","shabbat-mincha","28","sim-shalom","amidah","שים שלום","Siddur Edot HaMizrach, Shabbat Mincha, Amida","27-27","","","true","false","false"
"edot-hamizrach","shabbat-mincha","29","elokai-netzor","elokai-netzor","אלהי נצור","Siddur Edot HaMizrach, Shabbat Mincha, Amida","28-33","","","false","false","false"
"edot-hamizrach","shabbat-mincha","30","avinu-malkeinu-note","avinu-malkeinu","אבינו מלכנו","Siddur Edot HaMizrach, Shabbat Mincha, Amida","34-34","shabbatShuva","","false","false","false"
"edot-hamizrach","shabbat-mincha","31","shabbat-shacharit-amidah","","","Siddur Edot HaMizrach, Shabbat Shacharit, Amidah","0-49","","","false","true","false"
"edot-hamizrach","shabbat-mincha","32","avinu-malkeinu","avinu-malkeinu","","Siddur Edot HaMizrach, Shabbat Shacharit, Amidah","50-77","shabbatShuva","","false","false","false"
"edot-hamizrach","shabbat-mincha","33","shabbat-shacharit-after","","","Siddur Edot HaMizrach, Shabbat Shacharit, Amidah","78-84","","","false","true","false"
"edot-hamizrach","shabbat-mincha","34","tzidkatcha","tzidkatcha","צדקתך","Siddur Edot HaMizrach, Shabbat Mincha, Amida","35-36","tachanunIfWeekday","","false","false","false"
"edot-hamizrach","shabbat-mincha","35","yehi-shem","closing-passages","יהי שם","Siddur Edot HaMizrach, Shabbat Mincha, Amida","37-38","","","false","false","false"
"edot-hamizrach","shabbat-mincha","36","kaddish-titkabal","kaddish-titkabal","קדיש תתקבל","Siddur Edot HaMizrach, Shabbat Mincha, Amida","39-43","","minyan","true","false","false"
"edot-hamizrach","shabbat-mincha","37","hallelukah-odeh","closing-passages","הללויה אודה ה׳","Siddur Edot HaMizrach, Shabbat Mincha, Amida","44-44","","","false","false","false"
"edot-hamizrach","shabbat-mincha","38","kaddish-yehe-shlama","kaddish-yatom","קדיש יהא שלמא","Siddur Edot HaMizrach, Shabbat Mincha, Amida","45-47","","mourners","false","false","false"
"edot-hamizrach","shabbat-mincha","39","aleinu","aleinu","עלינו לשבח","Siddur Edot HaMizrach, Shabbat Mincha, Alenu","0-2","","","true","false","false"
"edot-hamizrach","havdalah","1","eliyahu-hanavi","havdalah","אליהו הנביא","Siddur Edot HaMizrach, Havdalah, Before Havdalah","0-13","","optional","true","false","true"
"edot-hamizrach","havdalah","2","besiman-tov","havdalah","בסימן טוב","Siddur Edot HaMizrach, Havdalah, Before Havdalah","14-17","","optional","true","false","true"
"edot-hamizrach","havdalah","3","havdalah-verses","havdalah","פסוקי ההבדלה","Siddur Edot HaMizrach, Havdalah, Havdala","0-7","","","true","false","true"
"edot-hamizrach","havdalah","4","havdalah","havdalah","סדר הבדלה","Siddur Edot HaMizrach, Havdalah, Havdala","8-14","","","true","false","true"
"edot-hamizrach","havdalah","5","al-hagefen","havdalah","ברכה אחרונה — על הגפן","Siddur Edot HaMizrach, Havdalah, Havdala","15-16","","","true","false","true"
"edot-hamizrach","havdalah","6","al-hagefen-rc","havdalah","","Siddur Edot HaMizrach, Havdalah, Havdala","17-17","roshChodesh","","true","false","true"
"edot-hamizrach","havdalah","7","al-hagefen-pesach","havdalah","","Siddur Edot HaMizrach, Havdalah, Havdala","18-18","cholHamoed&pesach","","true","false","true"
"edot-hamizrach","havdalah","8","al-hagefen-sukkot","havdalah","","Siddur Edot HaMizrach, Havdalah, Havdala","19-19","cholHamoed&sukkot","","true","false","true"
"edot-hamizrach","havdalah","9","al-hagefen-end","havdalah","","Siddur Edot HaMizrach, Havdalah, Havdala","20-20","","","true","false","true"
"edot-hamizrach","havdalah","10","veyiten-lecha","motzaei-shabbat","ויתן לך","Siddur Edot HaMizrach, Havdalah, Veyiten Lecha","0-5","","","false","false","true"
"edot-hamizrach","birkat-hamazon","1","mayim-acharonim","birkat-hamazon","מים אחרונים","Siddur Edot HaMizrach, Post Meal Blessing","0-3","","","true","false","true"
"edot-hamizrach","birkat-hamazon","2","zimun","birkat-hamazon","זימון","Siddur Edot HaMizrach, Post Meal Blessing","4-14","","","true","false","true"
"edot-hamizrach","birkat-hamazon","3","hazan","birkat-hamazon","ברכת הזן","Siddur Edot HaMizrach, Post Meal Blessing","15-15","","","true","false","true"
"edot-hamizrach","birkat-hamazon","4","haaretz","birkat-hamazon","ברכת הארץ","Siddur Edot HaMizrach, Post Meal Blessing","16-16","","","true","false","true"
"edot-hamizrach","birkat-hamazon","5","al-hanisim","birkat-hamazon","על הנסים","Siddur Edot HaMizrach, Post Meal Blessing","17-20","chanukah|purim","","true","false","true"
"edot-hamizrach","birkat-hamazon","6","haaretz-end","birkat-hamazon","","Siddur Edot HaMizrach, Post Meal Blessing","21-21","","","true","false","true"
"edot-hamizrach","birkat-hamazon","7","boneh-yerushalayim","birkat-hamazon","בונה ירושלים","Siddur Edot HaMizrach, Post Meal Blessing","22-22","","","true","false","true"
"edot-hamizrach","birkat-hamazon","8","retze","birkat-hamazon","רצה והחליצנו","Siddur Edot HaMizrach, Post Meal Blessing","23-24","shabbat","","true","false","true"
"edot-hamizrach","birkat-hamazon","9","yaale-veyavo","birkat-hamazon","יעלה ויבוא","Siddur Edot HaMizrach, Post Meal Blessing","25-33","roshChodesh|yomTov|cholHamoed","","true","false","true"
"edot-hamizrach","birkat-hamazon","10","boneh-yerushalayim-end","birkat-hamazon","","Siddur Edot HaMizrach, Post Meal Blessing","34-34","","","true","false","true"
"edot-hamizrach","birkat-hamazon","11","forgot","birkat-hamazon","אם שכח רצה או יעלה ויבוא","Siddur Edot HaMizrach, Post Meal Blessing","35-40","shabbat|roshChodesh|yomTov|cholHamoed","","true","false","true"
"edot-hamizrach","birkat-hamazon","12","hatov-vehametiv","birkat-hamazon","הטוב והמטיב","Siddur Edot HaMizrach, Post Meal Blessing","41-41","","","true","false","true"
"edot-hamizrach","birkat-hamazon","13","harachaman","birkat-hamazon","הרחמן","Siddur Edot HaMizrach, Post Meal Blessing","42-42","","","true","false","true"
"edot-hamizrach","birkat-hamazon","14","harachaman-shabbat","birkat-hamazon","","Siddur Edot HaMizrach, Post Meal Blessing","43-44","shabbat","","true","false","true"
"edot-hamizrach","birkat-hamazon","15","harachaman-rc","birkat-hamazon","","Siddur Edot HaMizrach, Post Meal Blessing","45-46","roshChodesh","","true","false","true"
"edot-hamizrach","birkat-hamazon","16","harachaman-rh","birkat-hamazon","","Siddur Edot HaMizrach, Post Meal Blessing","47-48","roshHashana","","true","false","true"
"edot-hamizrach","birkat-hamazon","17","harachaman-sukkot","birkat-hamazon","","Siddur Edot HaMizrach, Post Meal Blessing","49-50","sukkot","","true","false","true"
"edot-hamizrach","birkat-hamazon","18","harachaman-moadim","birkat-hamazon","","Siddur Edot HaMizrach, Post Meal Blessing","51-52","yomTov|cholHamoed","","true","false","true"
"edot-hamizrach","birkat-hamazon","19","harachaman-yom-tov","birkat-hamazon","","Siddur Edot HaMizrach, Post Meal Blessing","53-54","yomTov","","true","false","true"
"edot-hamizrach","birkat-hamazon","20","harachaman-end","birkat-hamazon","","Siddur Edot HaMizrach, Post Meal Blessing","55-55","","","true","false","true"
"edot-hamizrach","birkat-hamazon","21","harachaman-guest","birkat-hamazon","ברכת האורח","Siddur Edot HaMizrach, Post Meal Blessing","56-56","","optional","true","false","true"
"edot-hamizrach","birkat-hamazon","22","migdol","birkat-hamazon","הרחמן הוא יחינו — מגדיל ישועות","Siddur Edot HaMizrach, Post Meal Blessing","57-58","","","true","false","true"
"edot-hamizrach","hallel","1","hallel-blessing","hallel","ברכת ההלל","Siddur Edot HaMizrach, Rosh Hodesh, Hallel","0-4","fullHallel","","true","false","true"
"edot-hamizrach","hallel","2","hallel","hallel","הלל","Siddur Edot HaMizrach, Rosh Hodesh, Hallel","5-6","","","true","false","true"
"edot-hamizrach","hallel","3","lo-lanu","hallel","","Siddur Edot HaMizrach, Rosh Hodesh, Hallel","7-8","fullHallel","","true","false","true"
"edot-hamizrach","hallel","4","hallel-zecharanu","hallel","","Siddur Edot HaMizrach, Rosh Hodesh, Hallel","9-9","","","true","false","true"
"edot-hamizrach","hallel","5","ahavti","hallel","","Siddur Edot HaMizrach, Rosh Hodesh, Hallel","10-11","fullHallel","","true","false","true"
"edot-hamizrach","hallel","6","hallel-ma-ashiv","hallel","","Siddur Edot HaMizrach, Rosh Hodesh, Hallel","12-22","","","true","false","true"
"edot-hamizrach","hallel","7","yehallelucha","hallel","","Siddur Edot HaMizrach, Rosh Hodesh, Hallel","23-24","fullHallel","","true","false","true"
"edot-hamizrach","hallel","8","hallel-kaddish","kaddish-titkabal","קדיש תתקבל","Siddur Edot HaMizrach, Rosh Hodesh, Hallel","25-26","","minyan","false","false","true"
"edot-hamizrach","hallel","9","hallel-titkabal","kaddish-titkabal","","Siddur Edot HaMizrach, Rosh Hodesh, Hallel","27-29","!chanukah","minyan","false","false","true"
"edot-hamizrach","hallel","10","veavraham-zaken","hallel","ואברהם זקן","Siddur Edot HaMizrach, Rosh Hodesh, Hallel","30-33","","optional","true","false","true"
"edot-hamizrach","hallel","11","rc-torah-and-ashrei","","","Siddur Edot HaMizrach, Rosh Hodesh, Hallel","34-43","","","false","true","true"
"edot-hamizrach","rosh-chodesh-musaf","1","rc-song-and-return","","","Siddur Edot HaMizrach, Rosh Hodesh, Song of the Day","0-15","","","false","true","true"
"edot-hamizrach","rosh-chodesh-musaf","2","leshem-yichud","musaf","לשם יחוד","Siddur Edot HaMizrach, Rosh Hodesh, Song of the Day","16-16","","","true","false","true"
"edot-hamizrach","rosh-chodesh-musaf","3","half-kaddish","half-kaddish","חצי קדיש","Siddur Edot HaMizrach, Rosh Hodesh, Song of the Day","17-18","","minyan","false","false","true"
"edot-hamizrach","rosh-chodesh-musaf","4","avot","musaf","ברכת אבות","Siddur Edot HaMizrach, Rosh Hodesh, Mussaf","0-3","","","true","false","true"
"edot-hamizrach","rosh-chodesh-musaf","5","gevurot","musaf","גבורות","Siddur Edot HaMizrach, Rosh Hodesh, Mussaf","4-6","","","true","false","true"
"edot-hamizrach","rosh-chodesh-musaf","6","keter","kedusha","קדושה — כתר","Siddur Edot HaMizrach, Rosh Hodesh, Mussaf","7-7","","repetition","false","false","true"
"edot-hamizrach","rosh-chodesh-musaf","7","kedushat-hashem","musaf","קדושת השם","Siddur Edot HaMizrach, Rosh Hodesh, Mussaf","8-8","","","true","false","true"
"edot-hamizrach","rosh-chodesh-musaf","8","kedushat-hayom","musaf","ראשי חדשים","Siddur Edot HaMizrach, Rosh Hodesh, Mussaf","9-12","","","true","false","true"
"edot-hamizrach","rosh-chodesh-musaf","9","retze","musaf","רצה","Siddur Edot HaMizrach, Rosh Hodesh, Mussaf","13-13","","","true","false","true"
"edot-hamizrach","rosh-chodesh-musaf","10","modim","musaf","מודים","Siddur Edot HaMizrach, Rosh Hodesh, Mussaf","14-15","","","true","false","true"
"edot-hamizrach","rosh-chodesh-musaf","11","modim-derabanan","modim-derabanan","מודים דרבנן","Siddur Edot HaMizrach, Rosh Hodesh, Mussaf","16-16","","repetition","false","false","true"
"edot-hamizrach","rosh-chodesh-musaf","12","al-hanisim","musaf","על הנסים","Siddur Edot HaMizrach, Rosh Hodesh, Mussaf","17-19","chanukah","","true","false","true"
"edot-hamizrach","rosh-chodesh-musaf","13","modim-end","musaf","","Siddur Edot HaMizrach, Rosh Hodesh, Mussaf","20-20","","","true","false","true"
"edot-hamizrach","rosh-chodesh-musaf","14","birkat-kohanim","birkat-kohanim","ברכת כהנים","Siddur Edot HaMizrach, Rosh Hodesh, Mussaf","21-33","","repetition","false","false","true"
"edot-hamizrach","rosh-chodesh-musaf","15","sim-shalom","musaf","שים שלום","Siddur Edot HaMizrach, Rosh Hodesh, Mussaf","34-34","","","true","false","true"
"edot-hamizrach","rosh-chodesh-musaf","16","elokai-netzor","elokai-netzor","אלהי נצור","Siddur Edot HaMizrach, Rosh Hodesh, Mussaf","35-40","","","false","false","true"
"edot-hamizrach","rosh-chodesh-musaf","17","yehi-shem","closing-passages","יהי שם","Siddur Edot HaMizrach, Rosh Hodesh, Mussaf","41-42","","","false","false","true"
"edot-hamizrach","rosh-chodesh-musaf","18","kaddish-titkabal","kaddish-titkabal","קדיש תתקבל","Siddur Edot HaMizrach, Rosh Hodesh, Mussaf","43-47","","minyan","false","false","true"
"edot-hamizrach","rosh-chodesh-musaf","19","barchi-nafshi","barchi-nafshi","ברכי נפשי","Siddur Edot HaMizrach, Rosh Hodesh, Barchi Nafshi","0-2","","","false","false","true"
"edot-hamizrach","rosh-chodesh-musaf","20","kaddish-yehe-shlama","kaddish-yatom","קדיש יהא שלמא","Siddur Edot HaMizrach, Rosh Hodesh, Barchi Nafshi","3-5","","mourners","false","false","true"
"edot-hamizrach","rosh-chodesh-musaf","21","kaveh","kaveh","קוה","Siddur Edot HaMizrach, Rosh Hodesh, Kaveh","0-1","","","false","false","true"
"edot-hamizrach","rosh-chodesh-musaf","22","ein-keloheinu","ein-keloheinu","אין כאלהינו","Siddur Edot HaMizrach, Rosh Hodesh, Kaveh","2-2","","","false","false","true"
"edot-hamizrach","rosh-chodesh-musaf","23","ketoret","ketoret","פטום הקטורת","Siddur Edot HaMizrach, Rosh Hodesh, Incense Offering","0-8","","","false","false","true"
"edot-hamizrach","rosh-chodesh-musaf","24","kaddish-al-yisrael","kaddish-derabanan","קדיש על ישראל","Siddur Edot HaMizrach, Rosh Hodesh, Incense Offering","9-12","","minyan","false","false","true"
"edot-hamizrach","rosh-chodesh-musaf","25","barchu","barchu","ברכו","Siddur Edot HaMizrach, Rosh Hodesh, Incense Offering","13-15","","minyan","false","false","true"
"edot-hamizrach","rosh-chodesh-musaf","26","aleinu","aleinu","עלינו לשבח","Siddur Edot HaMizrach, Rosh Hodesh, Alenu","0-3","","","false","false","true"
"edot-hamizrach","omer","1","omer-leshem-yichud","omer","ספירת העומר — לשם יחוד","Siddur Edot HaMizrach, Counting of the Omer","0-1","","","true","false","false"
"edot-hamizrach","omer","2","omer-blessing","omer","ברכת הספירה","Siddur Edot HaMizrach, Counting of the Omer","2-3","","","true","false","false"
"edot-hamizrach","omer","3","omer-count","omer","מניין הימים","Siddur Edot HaMizrach, Counting of the Omer","4-150","","","true","false","false"
"edot-hamizrach","omer","4","omer-harachaman","omer","הרחמן","Siddur Edot HaMizrach, Counting of the Omer","151-151","","","true","false","false"
"edot-hamizrach","omer","5","omer-lamnatzeach","omer","למנצח בנגינות","Siddur Edot HaMizrach, Counting of the Omer","152-152","","","true","false","false"
"edot-hamizrach","omer","6","omer-ana-bekoach","omer","אנא בכח","Siddur Edot HaMizrach, Counting of the Omer","153-160","","","true","false","false"
"edot-hamizrach","festival-amidah","1","avot","festival-amidah","ברכת אבות","Siddur Edot HaMizrach, Prayers for Three Festivals, Amidah","0-2","","","true","false","true"
"edot-hamizrach","festival-amidah","2","gevurot","festival-amidah","גבורות","Siddur Edot HaMizrach, Prayers for Three Festivals, Amidah","3-5","","","true","false","true"
"edot-hamizrach","festival-amidah","3","kedusha","kedusha","קדושה","Siddur Edot HaMizrach, Prayers for Three Festivals, Amidah","6-7","","repetition","false","false","true"
"edot-hamizrach","festival-amidah","4","kedushat-hashem","festival-amidah","קדושת השם","Siddur Edot HaMizrach, Prayers for Three Festivals, Amidah","8-8","","","true","false","true"
"edot-hamizrach","festival-amidah","5","ata-vechartanu","festival-amidah","אתה בחרתנו","Siddur Edot HaMizrach, Prayers for Three Festivals, Amidah","9-9","","","true","false","true"
"edot-hamizrach","festival-amidah","6","vatodienu","festival-amidah","ותודיענו","Siddur Edot HaMizrach, Prayers for Three Festivals, Amidah","10-11","motzaeiShabbat","","true","false","true"
"edot-hamizrach","festival-amidah","7","vatiten-lanu","festival-amidah","","Siddur Edot HaMizrach, Prayers for Three Festivals, Amidah","12-20","","","true","false","true"
"edot-hamizrach","festival-amidah","8","yaale-veyavo","festival-amidah","יעלה ויבוא","Siddur Edot HaMizrach, Prayers for Three Festivals, Amidah","21-27","","","true","false","true"
"edot-hamizrach","festival-amidah","9","vehasienu","festival-amidah","והשיאנו","Siddur Edot HaMizrach, Prayers for Three Festivals, Amidah","28-30","","","true","false","true"
"edot-hamizrach","festival-amidah","10","retze","festival-amidah","רצה","Siddur Edot HaMizrach, Prayers for Three Festivals, Amidah","31-31","","","true","false","true"
"edot-hamizrach","festival-amidah","11","modim","festival-amidah","מודים","Siddur Edot HaMizrach, Prayers for Three Festivals, Amidah","32-33","","","true","false","true"
"edot-hamizrach","festival-amidah","12","modim-derabanan","modim-derabanan","מודים דרבנן","Siddur Edot HaMizrach, Prayers for Three Festivals, Amidah","34-34","","repetition","false","false","true"
"edot-hamizrach","festival-amidah","13","modim-end","festival-amidah","","Siddur Edot HaMizrach, Prayers for Three Festivals, Amidah","35-35","","","true","false","true"
"edot-hamizrach","festival-amidah","14","birkat-kohanim","birkat-kohanim","ברכת כהנים","Siddur Edot HaMizrach, Prayers for Three Festivals, Amidah","36-48","","repetition","false","false","true"
"edot-hamizrach","festival-amidah","15","sim-shalom","festival-amidah","שים שלום","Siddur Edot HaMizrach, Prayers for Three Festivals, Amidah","49-49","","","true","false","true"
"edot-hamizrach","festival-amidah","16","elokai-netzor","elokai-netzor","אלהי נצור","Siddur Edot HaMizrach, Prayers for Three Festivals, Amidah","50-55","","","false","false","true"
"edot-hamizrach","festival-amidah","17","after-amidah","","","Siddur Edot HaMizrach, Prayers for Three Festivals, Amidah","56-71","","","false","true","true"
"edot-hamizrach","festival-musaf","1","avot","musaf","ברכת אבות","Siddur Edot HaMizrach, Prayers for Three Festivals, Mussaf","0-2","","","true","false","false"
"edot-hamizrach","festival-musaf","2","gevurot","musaf","גבורות","Siddur Edot HaMizrach, Prayers for Three Festivals, Mussaf","3-5","","","true","false","false"
"edot-hamizrach","festival-musaf","3","keter-yom-tov","kedusha","קדושה — כתר","Siddur Edot HaMizrach, Prayers for Three Festivals, Mussaf","6-7","!cholHamoed|shabbat","repetition","false","false","false"
"edot-hamizrach","festival-musaf","4","keter-chol-hamoed","kedusha","קדושה — כתר","Siddur Edot HaMizrach, Prayers for Three Festivals, Mussaf","8-9","cholHamoed&!shabbat","repetition","false","false","false"
"edot-hamizrach","festival-musaf","5","kedushat-hashem","musaf","קדושת השם","Siddur Edot HaMizrach, Prayers for Three Festivals, Mussaf","10-10","","","true","false","false"
"edot-hamizrach","festival-musaf","6","ata-vechartanu","musaf","אתה בחרתנו","Siddur Edot HaMizrach, Prayers for Three Festivals, Mussaf","11-18","","","true","false","false"
"edot-hamizrach","festival-musaf","7","mipnei-chataeinu","musaf","ומפני חטאינו","Siddur Edot HaMizrach, Prayers for Three Festivals, Mussaf","19-27","","","true","false","false"
"edot-hamizrach","festival-musaf","8","vehasienu","musaf","והשיאנו","Siddur Edot HaMizrach, Prayers for Three Festivals, Mussaf","28-31","","","true","false","false"
"edot-hamizrach","festival-musaf","9","retze","musaf","רצה","Siddur Edot HaMizrach, Prayers for Three Festivals, Mussaf","32-32","","","true","false","false"
"edot-hamizrach","festival-musaf","10","modim","musaf","מודים","Siddur Edot HaMizrach, Prayers for Three Festivals, Mussaf","33-34","","","true","false","false"
"edot-hamizrach","festival-musaf","11","modim-derabanan","modim-derabanan","מודים דרבנן","Siddur Edot HaMizrach, Prayers for Three Festivals, Mussaf","35-35","","repetition","false","false","false"
"edot-hamizrach","festival-musaf","12","modim-end","musaf","","Siddur Edot HaMizrach, Prayers for Three Festivals, Mussaf","36-36","","","true","false","false"
"edot-hamizrach","festival-musaf","13","birkat-kohanim","birkat-kohanim","ברכת כהנים","Siddur Edot HaMizrach, Prayers for Three Festivals, Mussaf","37-49","","repetition","false","false","false"
"edot-hamizrach","festival-musaf","14","sim-shalom","musaf","שים שלום","Siddur Edot HaMizrach, Prayers for Three Festivals, Mussaf","50-50","","","true","false","false"
"edot-hamizrach","festival-musaf","15","elokai-netzor","elokai-netzor","אלהי נצור","Siddur Edot HaMizrach, Prayers for Three Festivals, Mussaf","51-56","","","false","false","false"
"edot-hamizrach","festival-musaf","16","after-repetition","closing-passages","אחרי החזרה","Siddur Edot HaMizrach, Prayers for Three Festivals, Mussaf","57-58","","","false","false","false"
"edot-hamizrach","festival-musaf","17","other-festival-texts","","","Siddur Edot HaMizrach, Prayers for Three Festivals, Mussaf","59-296","","","false","true","false"
"edot-hamizrach","festival-musaf","18","rc-musaf-amidah","","","Siddur Edot HaMizrach, Rosh Hodesh, Mussaf","0-40","","","false","true","false"
"edot-hamizrach","festival-musaf","19","yehi-shem","closing-passages","יהי שם","Siddur Edot HaMizrach, Rosh Hodesh, Mussaf","41-42","","","false","false","false"
"edot-hamizrach","festival-musaf","20","kaddish-titkabal","kaddish-titkabal","קדיש תתקבל","Siddur Edot HaMizrach, Rosh Hodesh, Mussaf","43-47","","minyan","false","false","false"
"edot-hamizrach","festival-musaf","21","shabbat-musaf-amidah","","","Siddur Edot HaMizrach, Shabbat Mussaf, Amida","0-59","","","false","true","false"
"edot-hamizrach","festival-musaf","22","kol-yisrael","closing-passages","כל ישראל","Siddur Edot HaMizrach, Shabbat Mussaf, Amida","60-62","!cholHamoed","","false","false","false"
"edot-hamizrach","festival-musaf","23","ein-keloheinu","ein-keloheinu","אין כאלהינו","Siddur Edot HaMizrach, Shabbat Mussaf, Amida","63-63","!cholHamoed","","false","false","false"
"edot-hamizrach","festival-musaf","24","ketoret","ketoret","פטום הקטורת","Siddur Edot HaMizrach, Shabbat Mussaf, Incense Offering","0-8","!cholHamoed","","false","false","false"
"edot-hamizrach","festival-musaf","25","kaddish-al-yisrael","kaddish-derabanan","קדיש על ישראל","Siddur Edot HaMizrach, Shabbat Mussaf, Incense Offering","9-12","!cholHamoed","minyan","false","false","false"
"edot-hamizrach","festival-musaf","26","barchu","barchu","ברכו","Siddur Edot HaMizrach, Shabbat Mussaf, Incense Offering","13-15","!cholHamoed","minyan","false","false","false"
"edot-hamizrach","festival-musaf","27","aleinu","aleinu","עלינו לשבח","Siddur Edot HaMizrach, Shabbat Mussaf, Alenu","0-2","!cholHamoed","","false","false","false"
"edot-hamizrach","festival-musaf","28","mizmor-shir-shabbat","song-of-day","מזמור שיר ליום השבת","Siddur Edot HaMizrach, Shabbat Mussaf, Alenu","3-3","shabbat&!cholHamoed","","false","false","false"
"edot-hamizrach","festival-musaf","29","psalm-pesach","closing-passages","מזמור לפסח","Siddur Edot HaMizrach, Prayers for Three Festivals, Song for Passover","0-2","cholHamoed&pesach","","false","false","false"
"edot-hamizrach","festival-musaf","30","psalm-sukkot","closing-passages","מזמור לסוכות","Siddur Edot HaMizrach, Prayers for Three Festivals, Song for Sukkot","0-2","cholHamoed&sukkot","","false","false","false"
"edot-hamizrach","festival-musaf","31","barchi-nafshi","","","Siddur Edot HaMizrach, Rosh Hodesh, Barchi Nafshi","0-2","","","false","true","false"
"edot-hamizrach","festival-musaf","32","kaddish-yehe-shlama","kaddish-yatom","קדיש יהא שלמא","Siddur Edot HaMizrach, Rosh Hodesh, Barchi Nafshi","3-5","cholHamoed","mourners","false","false","false"
"edot-hamizrach","festival-musaf","33","kaveh-chm","kaveh","קוה","Siddur Edot HaMizrach, Weekday Shacharit, Kaveh","0-1","cholHamoed","","false","false","false"
"edot-hamizrach","festival-musaf","34","ein-keloheinu-chm","ein-keloheinu","אין כאלהינו","Siddur Edot HaMizrach, Weekday Shacharit, Kaveh","2-2","cholHamoed","","false","false","false"
"edot-hamizrach","festival-musaf","35","ketoret-chm","ketoret","פטום הקטורת","Siddur Edot HaMizrach, Weekday Shacharit, Kaveh","3-11","cholHamoed","","false","false","false"
"edot-hamizrach","festival-musaf","36","kaddish-al-yisrael-chm","kaddish-derabanan","קדיש על ישראל","Siddur Edot HaMizrach, Weekday Shacharit, Kaveh","12-15","cholHamoed","minyan","false","false","false"
"edot-hamizrach","festival-musaf","37","barchu-chm","barchu","ברכו","Siddur Edot HaMizrach, Weekday Shacharit, Kaveh","16-18","cholHamoed","minyan","false","false","false"
"edot-hamizrach","festival-musaf","38","aleinu-chm","aleinu","עלינו לשבח","Siddur Edot HaMizrach, Weekday Shacharit, Alenu","0-3","cholHamoed","","false","false","false"
"edot-hamizrach","festival-musaf","39","vayomer-im-shamoa-chm","closing-passages","ויאמר אם שמוע","Siddur Edot HaMizrach, Weekday Shacharit, Alenu","4-4","cholHamoed","","false","false","false"
"edot-hamizrach","festival-musaf","40","ledavid-chm","ledavid-ori","לדוד ה׳ אורי","Siddur Edot HaMizrach, Weekday Shacharit, Alenu","5-5","cholHamoed&ledavid","","false","false","false"
"ashkenaz","weekday-shacharit","1","modeh-ani","modeh-ani","מודה אני","Siddur Ashkenaz, Weekday, Shacharit, Preparatory Prayers, Modeh Ani","0-1","","","false","false","false"
"ashkenaz","weekday-shacharit","2","netilat-yadayim","netilat-yadayim","על נטילת ידים","Siddur Ashkenaz, Weekday, Shacharit, Preparatory Prayers, Netilat Yadayim","0-0","","","false","false","false"
"ashkenaz","weekday-shacharit","3","asher-yatzar","morning-blessings","אשר יצר","Siddur Ashkenaz, Weekday, Shacharit, Preparatory Prayers, Asher Yatzar","0-0","","","true","false","false"
"ashkenaz","weekday-shacharit","4","elokai-neshama","morning-blessings","אלהי נשמה","Siddur Ashkenaz, Weekday, Shacharit, Preparatory Prayers, Elokai Neshama","0-0","","","true","false","false"
"ashkenaz","weekday-shacharit","5","tzitzit","tallit","ברכת הציצית","Siddur Ashkenaz, Weekday, Shacharit, Preparatory Prayers, Tzitzit","0-1","","","true","false","false"
"ashkenaz","weekday-shacharit","6","torah-blessings","torah-blessings","ברכות התורה","Siddur Ashkenaz, Weekday, Shacharit, Preparatory Prayers, Torah Blessings","0-2","","","true","false","false"
"ashkenaz","weekday-shacharit","7","torah-study","torah-blessings","יברכך · אלו דברים","Siddur Ashkenaz, Weekday, Shacharit, Preparatory Prayers, Torah Study","0-2","","","true","false","false"
"ashkenaz","weekday-shacharit","8","tallit","tallit","עטיפת טלית","Siddur Ashkenaz, Weekday, Shacharit, Preparatory Prayers, Tallit","0-4","","","true","false","false"
"ashkenaz","weekday-shacharit","9","tefillin","tefillin","הנחת תפילין","Siddur Ashkenaz, Weekday, Shacharit, Preparatory Prayers, Tefillin","0-12","","","true","false","false"
"ashkenaz","weekday-shacharit","10","ma-tovu","morning-prayers","מה טובו","Siddur Ashkenaz, Weekday, Shacharit, Preparatory Prayers, Ma Tovu","0-0","","","false","false","false"
"ashkenaz","weekday-shacharit","11","adon-olam","morning-prayers","אדון עולם","Siddur Ashkenaz, Weekday, Shacharit, Preparatory Prayers, Adon Olam","0-9","","","false","false","false"
"ashkenaz","weekday-shacharit","12","yigdal","morning-prayers","יגדל","Siddur Ashkenaz, Weekday, Shacharit, Preparatory Prayers, Yigdal","0-26","","","false","false","false"
"ashkenaz","weekday-shacharit","13","morning-blessings","morning-blessings","ברכות השחר","Siddur Ashkenaz, Weekday, Shacharit, Preparatory Prayers, Morning Blessings","0-17","","","true","false","false"
"ashkenaz","weekday-shacharit","14","akedah","morning-prayers","פרשת העקדה","Siddur Ashkenaz, Weekday, Shacharit, Preparatory Prayers, Akedah","0-2","","","false","false","false"
"ashkenaz","weekday-shacharit","15","leolam","morning-prayers","לעולם יהא אדם","Siddur Ashkenaz, Weekday, Shacharit, Preparatory Prayers, Sovereignty of Heaven","0-9","","","false","false","false"
"ashkenaz","weekday-shacharit","16","kiyor","korbanot","פרשת הכיור","Siddur Ashkenaz, Weekday, Shacharit, Preparatory Prayers, Korbanot, Kiyor","0-1","","","true","false","false"
"ashkenaz","weekday-shacharit","17","terumat-hadeshen","korbanot","פרשת תרומת הדשן","Siddur Ashkenaz, Weekday, Shacharit, Preparatory Prayers, Korbanot, Terumat HaDeshen","0-2","","","true","false","false"
"ashkenaz","weekday-shacharit","18","tamid","korbanot","פרשת התמיד","Siddur Ashkenaz, Weekday, Shacharit, Preparatory Prayers, Korbanot, Korban HaTamid","0-4","","","true","false","false"
"ashkenaz","weekday-shacharit","19","ketoret","ketoret","פטום הקטורת","Siddur Ashkenaz, Weekday, Shacharit, Preparatory Prayers, Korbanot, Ketoret","0-8","","","false","false","false"
"ashkenaz","weekday-shacharit","20","abaye","korbanot","אביי הוה מסדר","Siddur Ashkenaz, Weekday, Shacharit, Preparatory Prayers, Korbanot, Order of the Temple Service","0-0","","","true","false","false"
"ashkenaz","weekday-shacharit","21","ana-bekoach","korbanot","אנא בכח","Siddur Ashkenaz, Weekday, Shacharit, Preparatory Prayers, Korbanot, Order of the Temple Service","1-1","","","true","false","false"
"ashkenaz","weekday-shacharit","22","ribon-haolamim","korbanot","רבון העולמים","Siddur Ashkenaz, Weekday, Shacharit, Preparatory Prayers, Korbanot, Order of the Temple Service","2-2","","","true","false","false"
"ashkenaz","weekday-shacharit","23","musaf-rosh-chodesh","korbanot","ובראשי חדשיכם","Siddur Ashkenaz, Weekday, Shacharit, Preparatory Prayers, Korbanot, Order of the Temple Service","3-4","roshChodesh","","true","false","false"
"ashkenaz","weekday-shacharit","24","eizehu-mekoman","korbanot","איזהו מקומן","Siddur Ashkenaz, Weekday, Shacharit, Preparatory Prayers, Korbanot, Laws of Sacrifices","0-8","","","true","false","false"
"ashkenaz","weekday-shacharit","25","rabbi-yishmael","korbanot","ברייתא דרבי ישמעאל","Siddur Ashkenaz, Weekday, Shacharit, Preparatory Prayers, Korbanot, Baraita of Rabbi Yishmael","0-13","","","true","false","false"
"ashkenaz","weekday-shacharit","26","kaddish-derabanan","kaddish-derabanan","קדיש דרבנן","Siddur Ashkenaz, Weekday, Shacharit, Preparatory Prayers, Korbanot, Kaddish DeRabbanan","0-8","","minyan","false","false","false"
"ashkenaz","weekday-shacharit","27","mizmor-shir","mizmor-shir","מזמור שיר חנוכת הבית","Siddur Ashkenaz, Weekday, Shacharit, Pesukei Dezimra, Introductory Psalm","0-1","","","false","false","false"
"ashkenaz","weekday-shacharit","28","kaddish-yatom-1","kaddish-yatom","קדיש יתום","Siddur Ashkenaz, Weekday, Shacharit, Pesukei Dezimra, Mourner's Kaddish","0-6","","mourners","false","false","false"
"ashkenaz","weekday-shacharit","29","baruch-sheamar","baruch-sheamar","ברוך שאמר","Siddur Ashkenaz, Weekday, Shacharit, Pesukei Dezimra, Barukh She'amar","0-1","","","false","false","false"
"ashkenaz","weekday-shacharit","30","hodu","hodu","הודו","Siddur Ashkenaz, Weekday, Shacharit, Pesukei Dezimra, Hodu","0-3","","","false","false","false"
"ashkenaz","weekday-shacharit","31","mizmor-letoda","pesukei-dezimra","מזמור לתודה","Siddur Ashkenaz, Weekday, Shacharit, Pesukei Dezimra, Mizmor Letoda","0-1","!cholHamoed|!pesach","","true","false","false"
"ashkenaz","weekday-shacharit","32","yehi-chevod","pesukei-dezimra","יהי כבוד","Siddur Ashkenaz, Weekday, Shacharit, Pesukei Dezimra, Yehi Chevod","0-1","","","true","false","false"
"ashkenaz","weekday-shacharit","33","ashrei-pd","pesukei-dezimra","אשרי","Siddur Ashkenaz, Weekday, Shacharit, Pesukei Dezimra, Ashrei","0-1","","","true","false","false"
"ashkenaz","weekday-shacharit","34","ps146","pesukei-dezimra","הללי נפשי","Siddur Ashkenaz, Weekday, Shacharit, Pesukei Dezimra, Psalm 146","0-0","","","true","false","false"
"ashkenaz","weekday-shacharit","35","ps147","pesukei-dezimra","כי טוב זמרה","Siddur Ashkenaz, Weekday, Shacharit, Pesukei Dezimra, Psalm 147","0-0","","","true","false","false"
"ashkenaz","weekday-shacharit","36","ps148","pesukei-dezimra","הללו את ה׳ מן השמים","Siddur Ashkenaz, Weekday, Shacharit, Pesukei Dezimra, Psalm 148","0-0","","","true","false","false"
"ashkenaz","weekday-shacharit","37","ps149","pesukei-dezimra","שירו לה׳ שיר חדש","Siddur Ashkenaz, Weekday, Shacharit, Pesukei Dezimra, Psalm 149","0-0","","","true","false","false"
"ashkenaz","weekday-shacharit","38","ps150","pesukei-dezimra","הללו אל בקדשו","Siddur Ashkenaz, Weekday, Shacharit, Pesukei Dezimra, Psalm 150","0-0","","","true","false","false"
"ashkenaz","weekday-shacharit","39","baruch-hashem-leolam","pesukei-dezimra","ברוך ה׳ לעולם","Siddur Ashkenaz, Weekday, Shacharit, Pesukei Dezimra, Closing Verses","0-1","","","true","false","false"
"ashkenaz","weekday-shacharit","40","vayevarech-david","pesukei-dezimra","ויברך דוד","Siddur Ashkenaz, Weekday, Shacharit, Pesukei Dezimra, Vayevarech David","0-2","","","true","false","false"
"ashkenaz","weekday-shacharit","41","ata-hu","pesukei-dezimra","אתה הוא ה׳ לבדך","Siddur Ashkenaz, Weekday, Shacharit, Pesukei Dezimra, Ata Hu","0-1","","","true","false","false"
"ashkenaz","weekday-shacharit","42","az-yashir","az-yashir","שירת הים","Siddur Ashkenaz, Weekday, Shacharit, Pesukei Dezimra, Az Yashir","0-2","","","false","false","false"
"ashkenaz","weekday-shacharit","43","yishtabach","yishtabach","ישתבח","Siddur Ashkenaz, Weekday, Shacharit, Pesukei Dezimra, Yishtabach","0-0","","","true","false","false"
"ashkenaz","weekday-shacharit","44","mimaamakim","pesukei-dezimra","שיר המעלות ממעמקים","Siddur Ashkenaz, Weekday, Shacharit, Pesukei Dezimra, Psalm 130","0-1","aseret","","true","false","false"
"ashkenaz","weekday-shacharit","45","half-kaddish","half-kaddish","חצי קדיש","Siddur Ashkenaz, Weekday, Shacharit, Pesukei Dezimra, Half Kaddish","0-5","","minyan","true","false","false"
"ashkenaz","weekday-shacharit","46","barchu","barchu","ברכו","Siddur Ashkenaz, Weekday, Shacharit, Blessings of the Shema, Barchu","0-5","","minyan","false","false","false"
"ashkenaz","weekday-shacharit","47","yotzer-or","shema-blessings","יוצר אור","Siddur Ashkenaz, Weekday, Shacharit, Blessings of the Shema, First Blessing before Shema","0-7","","","true","false","false"
"ashkenaz","weekday-shacharit","48","ahava-raba","shema-blessings","אהבה רבה","Siddur Ashkenaz, Weekday, Shacharit, Blessings of the Shema, Second Blessing before Shema","0-0","","","true","false","false"
"ashkenaz","weekday-shacharit","49","shema","shema","קריאת שמע","Siddur Ashkenaz, Weekday, Shacharit, Blessings of the Shema, Shema","0-11","","","true","false","false"
"ashkenaz","weekday-shacharit","50","emet-veyatziv","after-shema","אמת ויציב","Siddur Ashkenaz, Weekday, Shacharit, Blessings of the Shema, Blessing after Shema","0-8","","","false","false","false"
"ashkenaz","weekday-shacharit","51","avot","amidah","ברכת אבות","Siddur Ashkenaz, Weekday, Shacharit, Amidah, Patriarchs","0-5","","","true","false","false"
"ashkenaz","weekday-shacharit","52","gevurot","amidah","גבורות","Siddur Ashkenaz, Weekday, Shacharit, Amidah, Divine Might","0-10","","","true","false","false"
"ashkenaz","weekday-shacharit","53","kedusha","kedusha","קדושה","Siddur Ashkenaz, Weekday, Shacharit, Amidah, Kedushah","0-13","","repetition","false","false","false"
"ashkenaz","weekday-shacharit","54","kedushat-hashem","amidah","קדושת השם","Siddur Ashkenaz, Weekday, Shacharit, Amidah, Holiness of God","0-3","","","true","false","false"
"ashkenaz","weekday-shacharit","55","daat","amidah","חונן הדעת","Siddur Ashkenaz, Weekday, Shacharit, Amidah, Knowledge","0-0","","","true","false","false"
"ashkenaz","weekday-shacharit","56","teshuva","amidah","תשובה","Siddur Ashkenaz, Weekday, Shacharit, Amidah, Repentance","0-0","","","true","false","false"
"ashkenaz","weekday-shacharit","57","selicha","amidah","סליחה","Siddur Ashkenaz, Weekday, Shacharit, Amidah, Forgiveness","0-0","","","true","false","false"
"ashkenaz","weekday-shacharit","58","geula","amidah","גאולה","Siddur Ashkenaz, Weekday, Shacharit, Amidah, Redemption","0-0","","","true","false","false"
"ashkenaz","weekday-shacharit","59","aneinu-chazzan","amidah","עננו","Siddur Ashkenaz, Weekday, Shacharit, Amidah, Redemption","1-1","fast","repetition","true","false","false"
"ashkenaz","weekday-shacharit","60","refua","amidah","רפואה","Siddur Ashkenaz, Weekday, Shacharit, Amidah, Healing","0-3","","","true","false","false"
"ashkenaz","weekday-shacharit","61","birkat-hashanim","amidah","ברכת השנים","Siddur Ashkenaz, Weekday, Shacharit, Amidah, Prosperity","0-6","","","true","false","false"
"ashkenaz","weekday-shacharit","62","kibbutz-galuyot","amidah","קיבוץ גלויות","Siddur Ashkenaz, Weekday, Shacharit, Amidah, Gathering the Exiles","0-0","","","true","false","false"
"ashkenaz","weekday-shacharit","63","mishpat","amidah","השבת המשפט","Siddur Ashkenaz, Weekday, Shacharit, Amidah, Justice","0-3","","","true","false","false"
"ashkenaz","weekday-shacharit","64","minim","amidah","ברכת המינים","Siddur Ashkenaz, Weekday, Shacharit, Amidah, Against Enemies","0-0","","","true","false","false"
"ashkenaz","weekday-shacharit","65","tzadikim","amidah","על הצדיקים","Siddur Ashkenaz, Weekday, Shacharit, Amidah, The Righteous","0-0","","","true","false","false"
"ashkenaz","weekday-shacharit","66","yerushalayim","amidah","בונה ירושלים","Siddur Ashkenaz, Weekday, Shacharit, Amidah, Rebuilding Jerusalem","0-0","","","true","false","false"
"ashkenaz","weekday-shacharit","67","malchut-david","amidah","מלכות בית דוד","Siddur Ashkenaz, Weekday, Shacharit, Amidah, Kingdom of David","0-0","","","true","false","false"
"ashkenaz","weekday-shacharit","68","shomea-tefila","amidah","שומע תפילה","Siddur Ashkenaz, Weekday, Shacharit, Amidah, Response to Prayer","0-0","","","true","false","false"
"ashkenaz","weekday-shacharit","69","retze","amidah","רצה","Siddur Ashkenaz, Weekday, Shacharit, Amidah, Temple Service","0-0","","","true","false","false"
"ashkenaz","weekday-shacharit","70","yaale-veyavo","amidah","יעלה ויבוא","Siddur Ashkenaz, Weekday, Shacharit, Amidah, Temple Service","1-3","roshChodesh|cholHamoed","","true","false","false"
"ashkenaz","weekday-shacharit","71","retze-end","amidah","","Siddur Ashkenaz, Weekday, Shacharit, Amidah, Temple Service","4-4","","","true","false","false"
"ashkenaz","weekday-shacharit","72","modim","amidah","מודים","Siddur Ashkenaz, Weekday, Shacharit, Amidah, Thanksgiving","0-1","","","true","false","false"
"ashkenaz","weekday-shacharit","73","modim-derabanan","modim-derabanan","מודים דרבנן","Siddur Ashkenaz, Weekday, Shacharit, Amidah, Thanksgiving","2-3","","repetition","false","false","false"
"ashkenaz","weekday-shacharit","74","al-hanisim","amidah","על הנסים","Siddur Ashkenaz, Weekday, Shacharit, Amidah, Thanksgiving","4-7","chanukah|purim","","true","false","false"
"ashkenaz","weekday-shacharit","75","modim-end","amidah","","Siddur Ashkenaz, Weekday, Shacharit, Amidah, Thanksgiving","8-11","","","true","false","false"
"ashkenaz","weekday-shacharit","76","birkat-kohanim","birkat-kohanim","ברכת כהנים","Siddur Ashkenaz, Weekday, Shacharit, Amidah, Birkat Kohanim","0-5","","repetition","false","false","false"
"ashkenaz","weekday-shacharit","77","sim-shalom","amidah","שים שלום","Siddur Ashkenaz, Weekday, Shacharit, Amidah, Peace","0-3","","","true","false","false"
"ashkenaz","weekday-shacharit","78","elokai-netzor","elokai-netzor","אלהי נצור","Siddur Ashkenaz, Weekday, Shacharit, Amidah, Concluding Passage","0-4","","","false","false","false"
"ashkenaz","weekday-shacharit","79","hallel-bracha","hallel","ברכת ההלל","Siddur Ashkenaz, Festivals, Rosh Chodesh, Hallel, Berakhah before the Hallel","0-0","hallel","","false","false","false"
"ashkenaz","weekday-shacharit","80","hallel-ps113","hallel","הללויה הללו עבדי ה׳","Siddur Ashkenaz, Festivals, Rosh Chodesh, Hallel, Psalm 113","0-0","hallel","","false","false","false"
"ashkenaz","weekday-shacharit","81","hallel-ps114","hallel","בצאת ישראל ממצרים","Siddur Ashkenaz, Festivals, Rosh Chodesh, Hallel, Psalm 114","0-0","hallel","","false","false","false"
"ashkenaz","weekday-shacharit","82","hallel-lo-lanu","hallel","לא לנו","Siddur Ashkenaz, Festivals, Rosh Chodesh, Hallel, Psalm 115","0-0","hallel&!roshChodesh&!halfHallel&!cholHamoed|hallel&!roshChodesh&!halfHallel&!pesach","","false","false","false"
"ashkenaz","weekday-shacharit","83","hallel-ps115","hallel","ה׳ זכרנו יברך","Siddur Ashkenaz, Festivals, Rosh Chodesh, Hallel, Psalm 115","1-1","hallel","","false","false","false"
"ashkenaz","weekday-shacharit","84","hallel-ahavti","hallel","אהבתי כי ישמע","Siddur Ashkenaz, Festivals, Rosh Chodesh, Hallel, Psalm 116","0-0","hallel&!roshChodesh&!halfHallel&!cholHamoed|hallel&!roshChodesh&!halfHallel&!pesach","","false","false","false"
"ashkenaz","weekday-shacharit","85","hallel-ps116","hallel","מה אשיב","Siddur Ashkenaz, Festivals, Rosh Chodesh, Hallel, Psalm 116","1-1","hallel","","false","false","false"
"ashkenaz","weekday-shacharit","86","hallel-ps117","hallel","הללו את ה׳ כל גוים","Siddur Ashkenaz, Festivals, Rosh Chodesh, Hallel, Psalm 117","0-0","hallel","","false","false","false"
"ashkenaz","weekday-shacharit","87","hallel-ps118","hallel","הודו לה׳ כי טוב","Siddur Ashkenaz, Festivals, Rosh Chodesh, Hallel, Psalm 118","0-12","hallel","","false","false","false"
"ashkenaz","weekday-shacharit","88","hallel-yehallelucha","hallel","יהללוך","Siddur Ashkenaz, Festivals, Rosh Chodesh, Hallel, Berakhah after the Hallel","0-1","hallel","","false","false","false"
"ashkenaz","weekday-shacharit","89","kaddish-after-hallel","kaddish-titkabal","קדיש תתקבל","Siddur Ashkenaz, Weekday, Shacharit, Concluding Prayers, Kaddish Shalem","0-7","roshChodesh|cholHamoed","minyan","true","false","false"
"ashkenaz","weekday-shacharit","90","avinu-malkeinu","avinu-malkeinu","אבינו מלכנו","Siddur Ashkenaz, Weekday, Shacharit, Post Amidah, Avinu Malkenu","0-53","avinuMalkeinu","","false","false","false"
"ashkenaz","weekday-shacharit","91","vidui","vidui","וידוי ושלוש עשרה מידות","Siddur Ashkenaz, Weekday, Shacharit, Post Amidah, Vidui and 13 Middot","0-8","tachanun","optional","false","false","false"
"ashkenaz","weekday-shacharit","92","vehu-rachum","tachanun","והוא רחום","Siddur Ashkenaz, Weekday, Shacharit, Post Amidah, Tachanun, For Monday and Thursday","0-7","mondayThursday&tachanun","","true","false","false"
"ashkenaz","weekday-shacharit","93","nefilat-apayim","tachanun","תחנון · נפילת אפיים","Siddur Ashkenaz, Weekday, Shacharit, Post Amidah, Tachanun, Nefilat Apayim","0-1","tachanun","","true","false","false"
"ashkenaz","weekday-shacharit","94","elokei-yisrael","tachanun","ה׳ אלהי ישראל","Siddur Ashkenaz, Weekday, Shacharit, Post Amidah, Tachanun, God of Israel","0-10","mondayThursday&tachanun","","true","false","false"
"ashkenaz","weekday-shacharit","95","shomer-yisrael","tachanun","שומר ישראל","Siddur Ashkenaz, Weekday, Shacharit, Post Amidah, Tachanun, Shomer Yisrael","0-4","tachanun","","true","false","false"
"ashkenaz","weekday-shacharit","96","half-kaddish-2","half-kaddish","חצי קדיש","Siddur Ashkenaz, Weekday, Shacharit, Post Amidah, Tachanun, Half Kaddish","0-6","!roshChodesh&!cholHamoed","minyan","true","false","false"
"ashkenaz","weekday-shacharit","97","el-erech-apayim","torah-service","אל ארך אפים","Siddur Ashkenaz, Weekday, Shacharit, Torah Reading, Removing the Torah from Ark, El Erech Appayim","0-1","torahReading&tachanun","","false","false","false"
"ashkenaz","weekday-shacharit","98","vayehi-binsoa","torah-service","ויהי בנסוע","Siddur Ashkenaz, Weekday, Shacharit, Torah Reading, Removing the Torah from Ark, Vayehi Binsoa","0-2","torahReading","","false","false","false"
"ashkenaz","weekday-shacharit","99","berich-shmei","torah-service","בריך שמיה","Siddur Ashkenaz, Weekday, Shacharit, Torah Reading, Removing the Torah from Ark, Berich Shmei","0-1","torahReading","","false","false","false"
"ashkenaz","weekday-shacharit","100","gadlu","torah-service","גדלו · לך ה׳","Siddur Ashkenaz, Weekday, Shacharit, Torah Reading, Removing the Torah from Ark, Lekha Hashem","0-2","torahReading","","false","false","false"
"ashkenaz","weekday-shacharit","101","av-harachamim","torah-service","אב הרחמים","Siddur Ashkenaz, Weekday, Shacharit, Torah Reading, Removing the Torah from Ark, Av Harachamim","0-0","torahReading","","false","false","false"
"ashkenaz","weekday-shacharit","102","vetigaleh","torah-service","ותגלה ותראה","Siddur Ashkenaz, Weekday, Shacharit, Torah Reading, Removing the Torah from Ark, Vetigaleh Veteraeh","0-3","torahReading","","false","false","false"
"ashkenaz","weekday-shacharit","103","torah-reading","torah-reading","ברכות העולה לתורה","Siddur Ashkenaz, Weekday, Shacharit, Torah Reading, Reading from Sefer, Birkat HaTorah","0-7","torahReading","minyan","true","false","false"
"ashkenaz","weekday-shacharit","104","gomel","torah-reading","ברכת הגומל","Siddur Ashkenaz, Weekday, Shacharit, Torah Reading, Reading from Sefer, Birkat Hagomel","0-4","torahReading","optional","true","false","false"
"ashkenaz","weekday-shacharit","105","half-kaddish-torah","half-kaddish","חצי קדיש","Siddur Ashkenaz, Weekday, Shacharit, Torah Reading, Reading from Sefer, Half Kaddish","0-4","torahReading","minyan","true","false","false"
"ashkenaz","weekday-shacharit","106","hagbaha","torah-reading","הגבהה · וזאת התורה","Siddur Ashkenaz, Weekday, Shacharit, Torah Reading, Reading from Sefer, Raising the Torah","0-2","torahReading","","true","false","false"
"ashkenaz","weekday-shacharit","107","yehi-ratzon","torah-reading","יהי רצון · אחינו","Siddur Ashkenaz, Weekday, Shacharit, Torah Reading, Reading from Sefer, Raising the Torah","3-8","mondayThursday&tachanun","","true","false","false"
"ashkenaz","weekday-shacharit","108","yehalelu","return-torah","יהללו","Siddur Ashkenaz, Weekday, Shacharit, Torah Reading, Returning Sefer to Aron, Yehalelu","0-2","torahReading","","false","false","false"
"ashkenaz","weekday-shacharit","109","ledavid-mizmor","return-torah","לדוד מזמור","Siddur Ashkenaz, Weekday, Shacharit, Torah Reading, Returning Sefer to Aron, LeDavid Mizmor","0-0","torahReading","","false","false","false"
"ashkenaz","weekday-shacharit","110","uvenucho","return-torah","ובנחה יאמר","Siddur Ashkenaz, Weekday, Shacharit, Torah Reading, Returning Sefer to Aron, Uvenucho Yomar","0-0","torahReading","","false","false","false"
"ashkenaz","weekday-shacharit","111","ashrei","ashrei","אשרי","Siddur Ashkenaz, Weekday, Shacharit, Concluding Prayers, Ashrei","0-0","","","true","false","false"
"ashkenaz","weekday-shacharit","112","lamenatzeach","lamenatzeach","למנצח","Siddur Ashkenaz, Weekday, Shacharit, Concluding Prayers, Lamenatze'ach","0-1","!roshChodesh&!chanukah&!purim&!cholHamoed&!tishaBav","","false","false","false"
"ashkenaz","weekday-shacharit","113","uva-letzion","uva-letzion","ובא לציון","Siddur Ashkenaz, Weekday, Shacharit, Concluding Prayers, Uva Letzion","0-10","","","true","false","false"
"ashkenaz","weekday-shacharit","114","half-kaddish-musaf","half-kaddish","חצי קדיש","Siddur Ashkenaz, Kaddish, Half Kaddish","0-0","roshChodesh|cholHamoed","minyan","true","false","false"
"ashkenaz","weekday-shacharit","115","rc-musaf-avot","musaf","ברכת אבות","Siddur Ashkenaz, Festivals, Rosh Chodesh, Musaf Amidah for Rosh Chodesh, Avot","0-5","roshChodesh","","false","false","false"
"ashkenaz","weekday-shacharit","116","rc-musaf-gevurot","musaf","גבורות","Siddur Ashkenaz, Festivals, Rosh Chodesh, Musaf Amidah for Rosh Chodesh, Gevurot","0-0","roshChodesh","","false","false","false"
"ashkenaz","weekday-shacharit","117","rc-musaf-morid-hatal","musaf","","Siddur Ashkenaz, Festivals, Rosh Chodesh, Musaf Amidah for Rosh Chodesh, Gevurot","1-1","roshChodesh&summer","","false","false","false"
"ashkenaz","weekday-shacharit","118","rc-musaf-mashiv-haruach","musaf","","Siddur Ashkenaz, Festivals, Rosh Chodesh, Musaf Amidah for Rosh Chodesh, Gevurot","2-2","roshChodesh&winter","","false","false","false"
"ashkenaz","weekday-shacharit","119","rc-musaf-mechalkel","musaf","","Siddur Ashkenaz, Festivals, Rosh Chodesh, Musaf Amidah for Rosh Chodesh, Gevurot","3-3","roshChodesh","","false","false","false"
"ashkenaz","weekday-shacharit","120","rc-musaf-gevurot-end","musaf","","Siddur Ashkenaz, Festivals, Rosh Chodesh, Musaf Amidah for Rosh Chodesh, Gevurot","4-5","roshChodesh","","false","false","false"
"ashkenaz","weekday-shacharit","121","rc-musaf-kedusha","kedusha","קדושה","Siddur Ashkenaz, Festivals, Rosh Chodesh, Musaf Amidah for Rosh Chodesh, Kedushah, Kedushat HaShem","0-9","roshChodesh","repetition","false","false","false"
"ashkenaz","weekday-shacharit","122","rc-musaf-kedushat-hashem","musaf","קדושת השם","Siddur Ashkenaz, Festivals, Rosh Chodesh, Musaf Amidah for Rosh Chodesh, Kedushah, Kedushat HaShem","11-12","roshChodesh","","false","false","false"
"ashkenaz","weekday-shacharit","123","rc-musaf-kedushat-hayom","musaf","ראשי חדשים","Siddur Ashkenaz, Festivals, Rosh Chodesh, Musaf Amidah for Rosh Chodesh, Sanctity of the Day","0-5","roshChodesh","","false","false","false"
"ashkenaz","weekday-shacharit","124","rc-musaf-retze","musaf","רצה","Siddur Ashkenaz, Festivals, Rosh Chodesh, Musaf Amidah for Rosh Chodesh, Avodah","0-2","roshChodesh","","false","false","false"
"ashkenaz","weekday-shacharit","125","rc-musaf-modim","musaf","מודים","Siddur Ashkenaz, Festivals, Rosh Chodesh, Musaf Amidah for Rosh Chodesh, Hodayah","0-2","roshChodesh","","false","false","false"
"ashkenaz","weekday-shacharit","126","rc-musaf-modim-derabanan","modim-derabanan","מודים דרבנן","Siddur Ashkenaz, Festivals, Rosh Chodesh, Musaf Amidah for Rosh Chodesh, Hodayah","4-5","roshChodesh","repetition","false","false","false"
"ashkenaz","weekday-shacharit","127","rc-musaf-al-hanisim","musaf","על הנסים","Siddur Ashkenaz, Festivals, Rosh Chodesh, Musaf Amidah for Rosh Chodesh, Hodayah","7-12","roshChodesh&chanukah","","false","false","false"
"ashkenaz","weekday-shacharit","128","rc-musaf-modim-end","musaf","","Siddur Ashkenaz, Festivals, Rosh Chodesh, Musaf Amidah for Rosh Chodesh, Hodayah","14-16","roshChodesh","","false","false","false"
"ashkenaz","weekday-shacharit","129","rc-musaf-birkat-kohanim","birkat-kohanim","ברכת כהנים","Siddur Ashkenaz, Festivals, Rosh Chodesh, Musaf Amidah for Rosh Chodesh, Birkat Kohanim","0-5","roshChodesh","repetition","false","false","false"
"ashkenaz","weekday-shacharit","130","rc-musaf-nesiat-kapayim","birkat-kohanim","נשיאת כפיים","Siddur Ashkenaz, Festivals, Rosh Chodesh, Musaf Amidah for Rosh Chodesh, Birkat Kohanim","6-19","roshChodesh&israel","repetition","false","false","false"
"ashkenaz","weekday-shacharit","131","rc-musaf-sim-shalom","musaf","שים שלום","Siddur Ashkenaz, Festivals, Rosh Chodesh, Musaf Amidah for Rosh Chodesh, Peace","0-1","roshChodesh","","false","false","false"
"ashkenaz","weekday-shacharit","132","rc-musaf-elokai-netzor","elokai-netzor","אלהי נצור","Siddur Ashkenaz, Festivals, Rosh Chodesh, Musaf Amidah for Rosh Chodesh, Passages Ending Amidah","0-8","roshChodesh","","false","false","false"
"ashkenaz","weekday-shacharit","133","chm-musaf-avot","musaf","ברכת אבות","Siddur Ashkenaz, Festivals, Shalosh Regalim, Mussaf, Avot","0-5","cholHamoed","","false","false","false"
"ashkenaz","weekday-shacharit","134","chm-musaf-gevurot","musaf","גבורות","Siddur Ashkenaz, Festivals, Shalosh Regalim, Mussaf, Gevurot","0-0","cholHamoed","","false","false","false"
"ashkenaz","weekday-shacharit","135","chm-musaf-mashiv-haruach","musaf","","Siddur Ashkenaz, Festivals, Shalosh Regalim, Mussaf, Gevurot","1-1","cholHamoed&winter","","false","false","false"
"ashkenaz","weekday-shacharit","136","chm-musaf-morid-hatal","musaf","","Siddur Ashkenaz, Festivals, Shalosh Regalim, Mussaf, Gevurot","2-2","cholHamoed&summer","","false","false","false"
"ashkenaz","weekday-shacharit","137","chm-musaf-mechalkel","musaf","","Siddur Ashkenaz, Festivals, Shalosh Regalim, Mussaf, Gevurot","3-3","cholHamoed","","false","false","false"
"ashkenaz","weekday-shacharit","138","chm-musaf-gevurot-end","musaf","","Siddur Ashkenaz, Festivals, Shalosh Regalim, Mussaf, Gevurot","4-5","cholHamoed","","false","false","false"
"ashkenaz","weekday-shacharit","139","chm-musaf-kedusha","kedusha","קדושה","Siddur Ashkenaz, Festivals, Shalosh Regalim, Mussaf, Kedusha","0-8","cholHamoed&!cholHamoed|cholHamoed&shabbat|cholHamoed&hoshanaRabbah","repetition","false","false","false"
"ashkenaz","weekday-shacharit","140","chm-musaf-kedusha-dup","","","Siddur Ashkenaz, Festivals, Shalosh Regalim, Mussaf, Kedusha","9-9","","","false","true","false"
"ashkenaz","weekday-shacharit","141","chm-musaf-kedusha-chm","kedusha","קדושה לחול המועד","Siddur Ashkenaz, Festivals, Shalosh Regalim, Mussaf, Kedusha","11-17","cholHamoed&cholHamoed&!shabbat&!hoshanaRabbah","repetition","false","false","false"
"ashkenaz","weekday-shacharit","142","chm-musaf-adir-adirenu","kedusha","","Siddur Ashkenaz, Festivals, Shalosh Regalim, Mussaf, Kedusha","18-19","cholHamoed&!cholHamoed|cholHamoed&hoshanaRabbah","repetition","false","false","false"
"ashkenaz","weekday-shacharit","143","chm-musaf-kedusha-yimloch","kedusha","","Siddur Ashkenaz, Festivals, Shalosh Regalim, Mussaf, Kedusha","20-21","cholHamoed&!cholHamoed|cholHamoed&shabbat|cholHamoed&hoshanaRabbah","repetition","false","false","false"
"ashkenaz","weekday-shacharit","144","chm-musaf-kedusha-end","kedusha","","Siddur Ashkenaz, Festivals, Shalosh Regalim, Mussaf, Kedusha","22-23","cholHamoed","repetition","false","false","false"
"ashkenaz","weekday-shacharit","145","chm-musaf-kedushat-hashem","musaf","קדושת השם","Siddur Ashkenaz, Festivals, Shalosh Regalim, Mussaf, Sanctity of the Name","0-2","cholHamoed","","false","false","false"
"ashkenaz","weekday-shacharit","146","chm-musaf-ata-vechartanu","musaf","אתה בחרתנו","Siddur Ashkenaz, Festivals, Shalosh Regalim, Mussaf, Sanctity of the Day","0-1","cholHamoed","","false","false","false"
"ashkenaz","weekday-shacharit","147","chm-musaf-day-shabbat","musaf","","Siddur Ashkenaz, Festivals, Shalosh Regalim, Mussaf, Sanctity of the Day","2-2","cholHamoed&shabbat","","false","false","false"
"ashkenaz","weekday-shacharit","148","chm-musaf-day-pesach","musaf","","Siddur Ashkenaz, Festivals, Shalosh Regalim, Mussaf, Sanctity of the Day","3-3","cholHamoed&pesach","","false","false","false"
"ashkenaz","weekday-shacharit","149","chm-musaf-day-shavuot","musaf","","Siddur Ashkenaz, Festivals, Shalosh Regalim, Mussaf, Sanctity of the Day","4-4","cholHamoed&shavuot","","false","false","false"
"ashkenaz","weekday-shacharit","150","chm-musaf-day-sukkot","musaf","","Siddur Ashkenaz, Festivals, Shalosh Regalim, Mussaf, Sanctity of the Day","5-5","cholHamoed&sukkot","","false","false","false"
"ashkenaz","weekday-shacharit","151","chm-musaf-day-shemini","musaf","","Siddur Ashkenaz, Festivals, Shalosh Regalim, Mussaf, Sanctity of the Day","6-6","cholHamoed&sheminiAtzeret","","false","false","false"
"ashkenaz","weekday-shacharit","152","chm-musaf-mikra-kodesh","musaf","","Siddur Ashkenaz, Festivals, Shalosh Regalim, Mussaf, Sanctity of the Day","7-7","cholHamoed","","false","false","false"
"ashkenaz","weekday-shacharit","153","chm-musaf-mipnei-chataeinu","musaf","ומפני חטאינו","Siddur Ashkenaz, Festivals, Shalosh Regalim, Mussaf, Sanctity of the Day","9-12","cholHamoed","","false","false","false"
"ashkenaz","weekday-shacharit","154","chm-musaf-musaf-pesach","musaf","","Siddur Ashkenaz, Festivals, Shalosh Regalim, Mussaf, Sanctity of the Day","13-13","cholHamoed&pesach","","false","false","false"
"ashkenaz","weekday-shacharit","155","chm-musaf-musaf-shavuot","musaf","","Siddur Ashkenaz, Festivals, Shalosh Regalim, Mussaf, Sanctity of the Day","14-14","cholHamoed&shavuot","","false","false","false"
"ashkenaz","weekday-shacharit","156","chm-musaf-musaf-sukkot","musaf","","Siddur Ashkenaz, Festivals, Shalosh Regalim, Mussaf, Sanctity of the Day","15-15","cholHamoed&sukkot","","false","false","false"
"ashkenaz","weekday-shacharit","157","chm-musaf-musaf-shemini","musaf","","Siddur Ashkenaz, Festivals, Shalosh Regalim, Mussaf, Sanctity of the Day","16-16","cholHamoed&sheminiAtzeret","","false","false","false"
"ashkenaz","weekday-shacharit","158","chm-musaf-naase","musaf","","Siddur Ashkenaz, Festivals, Shalosh Regalim, Mussaf, Sanctity of the Day","17-17","cholHamoed","","false","false","false"
"ashkenaz","weekday-shacharit","159","chm-musaf-korban-shabbat","musaf","וביום השבת","Siddur Ashkenaz, Festivals, Shalosh Regalim, Mussaf, Sanctity of the Day","18-19","cholHamoed&shabbat","","false","false","false"
"ashkenaz","weekday-shacharit","160","chm-musaf-korban-pesach","musaf","ובחדש הראשון","Siddur Ashkenaz, Festivals, Shalosh Regalim, Mussaf, Sanctity of the Day","21-26","cholHamoed&pesach&yomTov","","false","false","false"
"ashkenaz","weekday-shacharit","161","chm-musaf-korban-shavuot","musaf","וביום הבכורים","Siddur Ashkenaz, Festivals, Shalosh Regalim, Mussaf, Sanctity of the Day","27-30","cholHamoed&shavuot","","false","false","false"
"ashkenaz","weekday-shacharit","162","chm-musaf-korban-sukkot","musaf","ובחמשה עשר יום","Siddur Ashkenaz, Festivals, Shalosh Regalim, Mussaf, Sanctity of the Day","31-34","cholHamoed&sukkot&yomTov","","false","false","false"
"ashkenaz","weekday-shacharit","163","chm-musaf-uminchatam","musaf","ומנחתם ונסכיהם","Siddur Ashkenaz, Festivals, Shalosh Regalim, Mussaf, Sanctity of the Day","35-36","cholHamoed","","false","false","false"
"ashkenaz","weekday-shacharit","164","chm-musaf-korban-pesach-late","musaf","והקרבתם (חול המועד ושביעי של פסח)","Siddur Ashkenaz, Festivals, Shalosh Regalim, Mussaf, Sanctity of the Day","37-39","cholHamoed&pesach","","false","false","false"
"ashkenaz","weekday-shacharit","165","chm-musaf-korban-sukkot-chm","musaf","קרבנות חול המועד סוכות","Siddur Ashkenaz, Festivals, Shalosh Regalim, Mussaf, Sanctity of the Day","40-55","cholHamoed&sukkot&cholHamoed","","false","false","false"
"ashkenaz","weekday-shacharit","166","chm-musaf-korban-hoshana-rabba","musaf","להושענא רבה","Siddur Ashkenaz, Festivals, Shalosh Regalim, Mussaf, Sanctity of the Day","56-58","cholHamoed&hoshanaRabbah","","false","false","false"
"ashkenaz","weekday-shacharit","167","chm-musaf-korban-shemini","musaf","ביום השמיני","Siddur Ashkenaz, Festivals, Shalosh Regalim, Mussaf, Sanctity of the Day","59-62","cholHamoed&sheminiAtzeret","","false","false","false"
"ashkenaz","weekday-shacharit","168","chm-musaf-yismechu","musaf","ישמחו במלכותך","Siddur Ashkenaz, Festivals, Shalosh Regalim, Mussaf, Sanctity of the Day","64-64","cholHamoed&shabbat","","false","false","false"
"ashkenaz","weekday-shacharit","169","chm-musaf-melech-rachaman","musaf","אלהינו ואלהי אבותינו מלך רחמן","Siddur Ashkenaz, Festivals, Shalosh Regalim, Mussaf, Sanctity of the Day","66-68","cholHamoed","","false","false","false"
"ashkenaz","weekday-shacharit","170","chm-musaf-retze","musaf","רצה","Siddur Ashkenaz, Festivals, Shalosh Regalim, Mussaf, Avodah","0-3","cholHamoed","","false","false","false"
"ashkenaz","weekday-shacharit","171","chm-musaf-modim","musaf","מודים","Siddur Ashkenaz, Festivals, Shalosh Regalim, Mussaf, Modim","0-1","cholHamoed","","false","false","false"
"ashkenaz","weekday-shacharit","172","chm-musaf-modim-derabanan","modim-derabanan","מודים דרבנן","Siddur Ashkenaz, Festivals, Shalosh Regalim, Mussaf, Modim","3-4","cholHamoed","repetition","false","false","false"
"ashkenaz","weekday-shacharit","173","chm-musaf-modim-end","musaf","","Siddur Ashkenaz, Festivals, Shalosh Regalim, Mussaf, Modim","6-8","cholHamoed","","false","false","false"
"ashkenaz","weekday-shacharit","174","chm-musaf-birkat-kohanim","birkat-kohanim","ברכת כהנים","Siddur Ashkenaz, Festivals, Shalosh Regalim, Mussaf, Birkat Kohanim","0-18","cholHamoed","repetition","false","false","false"
"ashkenaz","weekday-shacharit","175","chm-musaf-sim-shalom","musaf","שים שלום","Siddur Ashkenaz, Festivals, Shalosh Regalim, Mussaf, Peace","0-2","cholHamoed","","false","false","false"
"ashkenaz","weekday-shacharit","176","chm-musaf-elokai-netzor","elokai-netzor","אלהי נצור","Siddur Ashkenaz, Festivals, Shalosh Regalim, Mussaf, Concluding Prayer","0-6","cholHamoed","","false","false","false"
"ashkenaz","weekday-shacharit","177","kaddish-titkabal","kaddish-titkabal","קדיש תתקבל","Siddur Ashkenaz, Weekday, Shacharit, Concluding Prayers, Kaddish Shalem","0-7","","minyan","true","false","false"
"ashkenaz","weekday-shacharit","178","aleinu","aleinu","עלינו לשבח","Siddur Ashkenaz, Weekday, Shacharit, Concluding Prayers, Alenu","0-1","","","true","false","false"
"ashkenaz","weekday-shacharit","179","kaddish-yatom","kaddish-yatom","קדיש יתום","Siddur Ashkenaz, Weekday, Shacharit, Concluding Prayers, Mourner's Kaddish","0-6","","mourners","false","false","false"
"ashkenaz","weekday-shacharit","180","song-of-day","song-of-day","שיר של יום","Siddur Ashkenaz, Weekday, Shacharit, Concluding Prayers, Song of the Day","0-0","","","true","false","false"
"ashkenaz","weekday-shacharit","181","song-day0","song-of-day","שיר של יום · יום ראשון","Siddur Ashkenaz, Weekday, Shacharit, Concluding Prayers, Song of the Day","1-3","day0","","true","false","false"
"ashkenaz","weekday-shacharit","182","song-day1","song-of-day","שיר של יום · יום שני","Siddur Ashkenaz, Weekday, Shacharit, Concluding Prayers, Song of the Day","4-6","day1","","true","false","false"
"ashkenaz","weekday-shacharit","183","song-day2","song-of-day","שיר של יום · יום שלישי","Siddur Ashkenaz, Weekday, Shacharit, Concluding Prayers, Song of the Day","7-9","day2","","true","false","false"
"ashkenaz","weekday-shacharit","184","song-day3","song-of-day","שיר של יום · יום רביעי","Siddur Ashkenaz, Weekday, Shacharit, Concluding Prayers, Song of the Day","10-12","day3","","true","false","false"
"ashkenaz","weekday-shacharit","185","song-day4","song-of-day","שיר של יום · יום חמישי","Siddur Ashkenaz, Weekday, Shacharit, Concluding Prayers, Song of the Day","13-15","day4","","true","false","false"
"ashkenaz","weekday-shacharit","186","song-day5","song-of-day","שיר של יום · יום שישי","Siddur Ashkenaz, Weekday, Shacharit, Concluding Prayers, Song of the Day","16-18","day5","","true","false","false"
"ashkenaz","weekday-shacharit","187","barchi-nafshi","barchi-nafshi","ברכי נפשי","Siddur Ashkenaz, Weekday, Shacharit, Concluding Prayers, Barchi Nafshi","0-7","roshChodesh","","false","false","false"
"ashkenaz","weekday-shacharit","188","kaddish-yatom-2","kaddish-yatom","קדיש יתום","Siddur Ashkenaz, Weekday, Shacharit, Concluding Prayers, Mourner's Kaddish","0-6","","mourners","false","false","false"
"ashkenaz","weekday-shacharit","189","ledavid","ledavid-ori","לדוד ה׳ אורי","Siddur Ashkenaz, Weekday, Shacharit, Concluding Prayers, LeDavid","0-1","ledavid","","false","false","false"
"ashkenaz","weekday-shacharit","190","kaddish-yatom-ledavid","kaddish-yatom","קדיש יתום","Siddur Ashkenaz, Weekday, Shacharit, Concluding Prayers, LeDavid","2-8","ledavid","mourners","false","false","false"
"ashkenaz","weekday-shacharit","191","kaveh","kaveh","קוה אל ה׳","Siddur Ashkenaz, Weekday, Shacharit, Concluding Prayers, Korbanot (Israel), Ein Kelohenu","0-0","israel","","false","false","false"
"ashkenaz","weekday-shacharit","192","ein-keloheinu","ein-keloheinu","אין כאלהינו","Siddur Ashkenaz, Weekday, Shacharit, Concluding Prayers, Korbanot (Israel), Ein Kelohenu","1-2","israel","","false","false","false"
"ashkenaz","weekday-shacharit","193","pitum-haketoret","ketoret","פטום הקטורת","Siddur Ashkenaz, Weekday, Shacharit, Concluding Prayers, Korbanot (Israel), Pitum HaKetoret","0-3","israel","","false","false","false"
"ashkenaz","weekday-shacharit","194","kaddish-derabanan-2","kaddish-derabanan","קדיש דרבנן","Siddur Ashkenaz, Weekday, Shacharit, Concluding Prayers, Korbanot (Israel), Mourner's Kaddish","0-7","israel","minyan","false","false","false"
"ashkenaz","weekday-shacharit","195","barchu-end","barchu","ברכו","Siddur Ashkenaz, Weekday, Shacharit, Concluding Prayers, Korbanot (Israel), Barchu","0-3","israel","minyan","false","false","false"
"ashkenaz","weekday-shacharit","196","six-remembrances","closing-passages","שש זכירות","Siddur Ashkenaz, Weekday, Shacharit, Post Service, Six Remembrances","0-11","","optional","false","false","false"
"ashkenaz","weekday-shacharit","197","thirteen-principles","closing-passages","שלושה עשר עיקרים","Siddur Ashkenaz, Weekday, Shacharit, Post Service, Thirteen Principles","0-12","","optional","false","false","false"
"ashkenaz","weekday-mincha","1","ashrei","ashrei","אשרי","Siddur Ashkenaz, Weekday, Minchah, Ashrei","0-0","","","true","false","true"
"ashkenaz","weekday-mincha","2","half-kaddish","half-kaddish","חצי קדיש","Siddur Ashkenaz, Weekday, Minchah, Ashrei","1-6","","minyan","true","false","true"
"ashkenaz","weekday-mincha","3","avot","amidah","ברכת אבות","Siddur Ashkenaz, Weekday, Minchah, Amida, Patriarchs","0-6","","","true","false","true"
"ashkenaz","weekday-mincha","4","gevurot","amidah","גבורות","Siddur Ashkenaz, Weekday, Minchah, Amida, Divine Might","0-10","","","true","false","true"
"ashkenaz","weekday-mincha","5","kedusha","kedusha","קדושה","Siddur Ashkenaz, Weekday, Minchah, Amida, Keduasha","0-13","","repetition","false","false","true"
"ashkenaz","weekday-mincha","6","kedushat-hashem","amidah","קדושת השם","Siddur Ashkenaz, Weekday, Minchah, Amida, Holiness of God","0-3","","","true","false","true"
"ashkenaz","weekday-mincha","7","daat","amidah","חונן הדעת","Siddur Ashkenaz, Weekday, Minchah, Amida, Knowledge","0-0","","","true","false","true"
"ashkenaz","weekday-mincha","8","teshuva","amidah","תשובה","Siddur Ashkenaz, Weekday, Minchah, Amida, Repentance","0-0","","","true","false","true"
"ashkenaz","weekday-mincha","9","selicha","amidah","סליחה","Siddur Ashkenaz, Weekday, Minchah, Amida, Forgiveness","0-0","","","true","false","true"
"ashkenaz","weekday-mincha","10","geula","amidah","גאולה","Siddur Ashkenaz, Weekday, Minchah, Amida, Redemption","0-0","","","true","false","true"
"ashkenaz","weekday-mincha","11","aneinu-chazzan","amidah","עננו","Siddur Ashkenaz, Weekday, Minchah, Amida, Redemption","1-1","fast","repetition","true","false","true"
"ashkenaz","weekday-mincha","12","refua","amidah","רפואה","Siddur Ashkenaz, Weekday, Minchah, Amida, Healing","0-3","","","true","false","true"
"ashkenaz","weekday-mincha","13","birkat-hashanim","amidah","ברכת השנים","Siddur Ashkenaz, Weekday, Minchah, Amida, Prosperity","0-6","","","true","false","true"
"ashkenaz","weekday-mincha","14","kibbutz-galuyot","amidah","קיבוץ גלויות","Siddur Ashkenaz, Weekday, Minchah, Amida, Gathering the Exiles","0-0","","","true","false","true"
"ashkenaz","weekday-mincha","15","mishpat","amidah","השבת המשפט","Siddur Ashkenaz, Weekday, Minchah, Amida, Justice","0-3","","","true","false","true"
"ashkenaz","weekday-mincha","16","minim","amidah","ברכת המינים","Siddur Ashkenaz, Weekday, Minchah, Amida, Against Enemies","0-0","","","true","false","true"
"ashkenaz","weekday-mincha","17","tzadikim","amidah","על הצדיקים","Siddur Ashkenaz, Weekday, Minchah, Amida, The Righteous","0-0","","","true","false","true"
"ashkenaz","weekday-mincha","18","yerushalayim","amidah","בונה ירושלים","Siddur Ashkenaz, Weekday, Minchah, Amida, Rebuilding Jerusalem","0-0","","","true","false","true"
"ashkenaz","weekday-mincha","19","nachem","amidah","נחם","Siddur Ashkenaz, Weekday, Minchah, Amida, Rebuilding Jerusalem","1-2","tishaBav","","true","false","true"
"ashkenaz","weekday-mincha","20","yerushalayim-end","amidah","","Siddur Ashkenaz, Weekday, Minchah, Amida, Rebuilding Jerusalem","3-3","!tishaBav","","true","false","true"
"ashkenaz","weekday-mincha","21","malchut-david","amidah","מלכות בית דוד","Siddur Ashkenaz, Weekday, Minchah, Amida, Kingdom of David","0-0","","","true","false","true"
"ashkenaz","weekday-mincha","22","shomea-tefila","amidah","שומע תפילה","Siddur Ashkenaz, Weekday, Minchah, Amida, Response to Prayer","0-0","","","true","false","true"
"ashkenaz","weekday-mincha","23","aneinu","amidah","עננו","Siddur Ashkenaz, Weekday, Minchah, Amida, Response to Prayer","1-2","fast","","true","false","true"
"ashkenaz","weekday-mincha","24","shomea-tefila-end","amidah","","Siddur Ashkenaz, Weekday, Minchah, Amida, Response to Prayer","3-3","","","true","false","true"
"ashkenaz","weekday-mincha","25","retze","amidah","רצה","Siddur Ashkenaz, Weekday, Minchah, Amida, Temple Service","0-0","","","true","false","true"
"ashkenaz","weekday-mincha","26","yaale-veyavo","amidah","יעלה ויבוא","Siddur Ashkenaz, Weekday, Minchah, Amida, Temple Service","1-3","roshChodesh|cholHamoed","","true","false","true"
"ashkenaz","weekday-mincha","27","retze-end","amidah","","Siddur Ashkenaz, Weekday, Minchah, Amida, Temple Service","4-4","","","true","false","true"
"ashkenaz","weekday-mincha","28","modim","amidah","מודים","Siddur Ashkenaz, Weekday, Minchah, Amida, Thanksgiving","0-1","","","true","false","true"
"ashkenaz","weekday-mincha","29","modim-derabanan","modim-derabanan","מודים דרבנן","Siddur Ashkenaz, Weekday, Minchah, Amida, Thanksgiving","2-3","","repetition","false","false","true"
"ashkenaz","weekday-mincha","30","al-hanisim","amidah","על הנסים","Siddur Ashkenaz, Weekday, Minchah, Amida, Thanksgiving","4-7","chanukah|purim","","true","false","true"
"ashkenaz","weekday-mincha","31","modim-end","amidah","","Siddur Ashkenaz, Weekday, Minchah, Amida, Thanksgiving","8-11","","","true","false","true"
"ashkenaz","weekday-mincha","32","birkat-kohanim","birkat-kohanim","ברכת כהנים","Siddur Ashkenaz, Weekday, Minchah, Amida, Birkat Kohanim","0-2","fast","repetition","false","false","true"
"ashkenaz","weekday-mincha","33","shalom-rav","amidah","שלום רב","Siddur Ashkenaz, Weekday, Minchah, Amida, Peace","0-0","!fast","","true","false","true"
"ashkenaz","weekday-mincha","34","sim-shalom","amidah","שים שלום","Siddur Ashkenaz, Weekday, Minchah, Amida, Peace","1-1","fast","","true","false","true"
"ashkenaz","weekday-mincha","35","shalom-end","amidah","","Siddur Ashkenaz, Weekday, Minchah, Amida, Peace","2-4","","","true","false","true"
"ashkenaz","weekday-mincha","36","elokai-netzor","elokai-netzor","אלהי נצור","Siddur Ashkenaz, Weekday, Minchah, Amida, Concluding Passage","0-3","","","false","false","true"
"ashkenaz","weekday-mincha","37","no-tachanun-note","","","Siddur Ashkenaz, Weekday, Minchah, Amida, Concluding Passage","4-4","","","false","true","true"
"ashkenaz","weekday-mincha","38","avinu-malkeinu","avinu-malkeinu","אבינו מלכנו","Siddur Ashkenaz, Weekday, Minchah, Post Amidah, Avinu Malkenu","0-52","avinuMalkeinu","","false","false","true"
"ashkenaz","weekday-mincha","39","nefilat-apayim","tachanun","תחנון · נפילת אפיים","Siddur Ashkenaz, Weekday, Minchah, Post Amidah, Tachanun, Nefilat Appayim","0-1","tachanun","","true","false","true"
"ashkenaz","weekday-mincha","40","shomer-yisrael","tachanun","שומר ישראל","Siddur Ashkenaz, Weekday, Minchah, Post Amidah, Tachanun, Shomer Yisrael","0-4","tachanun","","true","false","true"
"ashkenaz","weekday-mincha","41","kaddish-titkabal","kaddish-titkabal","קדיש תתקבל","Siddur Ashkenaz, Weekday, Minchah, Post Amidah, Kaddish Shalem","0-7","","minyan","true","false","true"
"ashkenaz","weekday-mincha","42","aleinu","aleinu","עלינו לשבח","Siddur Ashkenaz, Weekday, Minchah, Concluding Prayers, Alenu","0-1","","","true","false","true"
"ashkenaz","weekday-mincha","43","kaddish-yatom","kaddish-yatom","קדיש יתום","Siddur Ashkenaz, Weekday, Minchah, Concluding Prayers, Mourner's Kaddish","0-6","","mourners","false","false","true"
"ashkenaz","weekday-maariv","1","vehu-rachum","vehu-rachum","והוא רחום","Siddur Ashkenaz, Weekday, Maariv, Vehu Rachum","0-1","","","false","false","false"
"ashkenaz","weekday-maariv","2","barchu","barchu","ברכו","Siddur Ashkenaz, Weekday, Maariv, Barchu","0-3","","minyan","true","false","false"
"ashkenaz","weekday-maariv","3","maariv-aravim","shema-blessings","המעריב ערבים","Siddur Ashkenaz, Weekday, Maariv, Blessings of the Shema, First Blessing before Shema","0-0","","","true","false","false"
"ashkenaz","weekday-maariv","4","ahavat-olam","shema-blessings","אהבת עולם","Siddur Ashkenaz, Weekday, Maariv, Blessings of the Shema, Second Blessing before Shema","0-0","","","true","false","false"
"ashkenaz","weekday-maariv","5","shema","shema","קריאת שמע","Siddur Ashkenaz, Weekday, Maariv, Blessings of the Shema, Shema","0-11","","","true","false","false"
"ashkenaz","weekday-maariv","6","emet-veemuna","after-shema","אמת ואמונה","Siddur Ashkenaz, Weekday, Maariv, Blessings of the Shema, First Blessing after Shema","0-3","","","false","false","false"
"ashkenaz","weekday-maariv","7","hashkiveinu","hashkiveinu","השכיבנו","Siddur Ashkenaz, Weekday, Maariv, Blessings of the Shema, Second Blessing after Shema","0-1","","","true","false","false"
"ashkenaz","weekday-maariv","8","baruch-hashem-leolam","shema-blessings","ברוך ה׳ לעולם","Siddur Ashkenaz, Weekday, Maariv, Blessings of the Shema, Third Blessing after Shema","0-2","diaspora","","true","false","false"
"ashkenaz","weekday-maariv","9","half-kaddish","half-kaddish","חצי קדיש","Siddur Ashkenaz, Weekday, Maariv, Blessings of the Shema, Half Kaddish","0-5","","minyan","true","false","false"
"ashkenaz","weekday-maariv","10","avot","amidah","ברכת אבות","Siddur Ashkenaz, Weekday, Maariv, Amidah, Patriarchs","0-5","","","true","false","false"
"ashkenaz","weekday-maariv","11","gevurot","amidah","גבורות","Siddur Ashkenaz, Weekday, Maariv, Amidah, Divine Might","0-9","","","true","false","false"
"ashkenaz","weekday-maariv","12","kedusha-note","","","Siddur Ashkenaz, Weekday, Maariv, Amidah, Holiness of God","0-0","","","false","true","false"
"ashkenaz","weekday-maariv","13","kedushat-hashem","amidah","קדושת השם","Siddur Ashkenaz, Weekday, Maariv, Amidah, Holiness of God","1-4","","","true","false","false"
"ashkenaz","weekday-maariv","14","daat","amidah","חונן הדעת","Siddur Ashkenaz, Weekday, Maariv, Amidah, Knowledge","0-0","","","true","false","false"
"ashkenaz","weekday-maariv","15","ata-chonantanu","motzaei-shabbat","אתה חוננתנו","Siddur Ashkenaz, Weekday, Maariv, Amidah, Knowledge","1-1","motzaeiShabbat","","false","false","false"
"ashkenaz","weekday-maariv","16","daat-end","amidah","","Siddur Ashkenaz, Weekday, Maariv, Amidah, Knowledge","2-2","","","true","false","false"
"ashkenaz","weekday-maariv","17","teshuva","amidah","תשובה","Siddur Ashkenaz, Weekday, Maariv, Amidah, Repentance","0-0","","","true","false","false"
"ashkenaz","weekday-maariv","18","selicha","amidah","סליחה","Siddur Ashkenaz, Weekday, Maariv, Amidah, Forgiveness","0-0","","","true","false","false"
"ashkenaz","weekday-maariv","19","geula","amidah","גאולה","Siddur Ashkenaz, Weekday, Maariv, Amidah, Redemption","0-0","","","true","false","false"
"ashkenaz","weekday-maariv","20","refua","amidah","רפואה","Siddur Ashkenaz, Weekday, Maariv, Amidah, Healing","0-0","","","true","false","false"
"ashkenaz","weekday-maariv","21","birkat-hashanim","amidah","ברכת השנים","Siddur Ashkenaz, Weekday, Maariv, Amidah, Prosperity","0-4","","","true","false","false"
"ashkenaz","weekday-maariv","22","kibbutz-galuyot","amidah","קיבוץ גלויות","Siddur Ashkenaz, Weekday, Maariv, Amidah, Gathering the Exiles","0-0","","","true","false","false"
"ashkenaz","weekday-maariv","23","mishpat","amidah","השבת המשפט","Siddur Ashkenaz, Weekday, Maariv, Amidah, Justice","0-3","","","true","false","false"
"ashkenaz","weekday-maariv","24","minim","amidah","ברכת המינים","Siddur Ashkenaz, Weekday, Maariv, Amidah, Against Enemies","0-0","","","true","false","false"
"ashkenaz","weekday-maariv","25","tzadikim","amidah","על הצדיקים","Siddur Ashkenaz, Weekday, Maariv, Amidah, The Righteous","0-0","","","true","false","false"
"ashkenaz","weekday-maariv","26","yerushalayim","amidah","בונה ירושלים","Siddur Ashkenaz, Weekday, Maariv, Amidah, Rebuilding Jerusalem","0-0","","","true","false","false"
"ashkenaz","weekday-maariv","27","malchut-david","amidah","מלכות בית דוד","Siddur Ashkenaz, Weekday, Maariv, Amidah, Kingdom of David","0-0","","","true","false","false"
"ashkenaz","weekday-maariv","28","shomea-tefila","amidah","שומע תפילה","Siddur Ashkenaz, Weekday, Maariv, Amidah, Response to Prayer","0-0","","","true","false","false"
"ashkenaz","weekday-maariv","29","retze","amidah","רצה","Siddur Ashkenaz, Weekday, Maariv, Amidah, Temple Service","0-0","","","true","false","false"
"ashkenaz","weekday-maariv","30","yaale-veyavo","amidah","יעלה ויבוא","Siddur Ashkenaz, Weekday, Maariv, Amidah, Temple Service","1-2","roshChodesh|cholHamoed","","true","false","false"
"ashkenaz","weekday-maariv","31","retze-end","amidah","","Siddur Ashkenaz, Weekday, Maariv, Amidah, Temple Service","3-3","","","true","false","false"
"ashkenaz","weekday-maariv","32","modim","amidah","מודים","Siddur Ashkenaz, Weekday, Maariv, Amidah, Thanksgiving","0-1","","","true","false","false"
"ashkenaz","weekday-maariv","33","al-hanisim","amidah","על הנסים","Siddur Ashkenaz, Weekday, Maariv, Amidah, Thanksgiving","2-5","chanukah|purim","","true","false","false"
"ashkenaz","weekday-maariv","34","modim-end","amidah","","Siddur Ashkenaz, Weekday, Maariv, Amidah, Thanksgiving","6-9","","","true","false","false"
"ashkenaz","weekday-maariv","35","shalom-rav","amidah","שלום רב","Siddur Ashkenaz, Weekday, Maariv, Amidah, Peace","0-3","","","true","false","false"
"ashkenaz","weekday-maariv","36","elokai-netzor","elokai-netzor","אלהי נצור","Siddur Ashkenaz, Weekday, Maariv, Amidah, Concluding Passage","0-3","","","false","false","false"
"ashkenaz","weekday-maariv","37","kaddish-titkabal","kaddish-titkabal","קדיש תתקבל","Siddur Ashkenaz, Weekday, Maariv, Kaddish Shalem","0-8","!motzaeiShabbat","minyan","true","false","false"
"ashkenaz","weekday-maariv","38","half-kaddish-ms","half-kaddish","חצי קדיש","Siddur Ashkenaz, Weekday, Maariv, Kaddish Shalem","0-5","motzaeiShabbat","minyan","true","false","false"
"ashkenaz","weekday-maariv","39","omer-ms","omer","ספירת העומר","Siddur Ashkenaz, Weekday, Maariv, Sefirat HaOmer","0-64","omer&motzaeiShabbat","","false","false","false"
"ashkenaz","weekday-maariv","40","vihi-noam","motzaei-shabbat","ויהי נועם","Siddur Ashkenaz, Weekday, Maariv, Additions for Motza'ei Shabbat, Viyehi Noam","0-1","motzaeiShabbat","","false","false","false"
"ashkenaz","weekday-maariv","41","veata-kadosh","motzaei-shabbat","ואתה קדוש","Siddur Ashkenaz, Weekday, Maariv, Additions for Motza'ei Shabbat, Viyehi Noam","2-10","motzaeiShabbat","","false","false","false"
"ashkenaz","weekday-maariv","42","kaddish-titkabal-ms","kaddish-titkabal","קדיש תתקבל","Siddur Ashkenaz, Weekday, Maariv, Kaddish Shalem","1-8","motzaeiShabbat","minyan","true","false","false"
"ashkenaz","weekday-maariv","43","omer","omer","ספירת העומר","Siddur Ashkenaz, Weekday, Maariv, Sefirat HaOmer","0-64","omer&!motzaeiShabbat","","false","false","false"
"ashkenaz","weekday-maariv","44","aleinu","aleinu","עלינו לשבח","Siddur Ashkenaz, Weekday, Maariv, Alenu","0-1","","","true","false","false"
"ashkenaz","weekday-maariv","45","kaddish-yatom","kaddish-yatom","קדיש יתום","Siddur Ashkenaz, Weekday, Maariv, Mourner's Kaddish","0-6","","mourners","false","false","false"
"ashkenaz","weekday-maariv","46","ledavid","ledavid-ori","לדוד ה׳ אורי","Siddur Ashkenaz, Weekday, Maariv, LeDavid","0-1","ledavid","","false","false","false"
"ashkenaz","weekday-maariv","47","kaddish-yatom-ledavid","kaddish-yatom","קדיש יתום","Siddur Ashkenaz, Weekday, Maariv, LeDavid","2-8","ledavid","mourners","false","false","false"
"ashkenaz","bedtime-shema","1","ribono","bedtime-shema","רבונו של עולם הריני מוחל","Siddur Ashkenaz, Weekday, Maariv, Keri'at Shema al Hamita","0-0","","","true","false","true"
"ashkenaz","bedtime-shema","2","hamapil","bedtime-shema","המפיל","Siddur Ashkenaz, Weekday, Maariv, Keri'at Shema al Hamita","1-1","","","true","false","true"
"ashkenaz","bedtime-shema","3","shema","bedtime-shema","קריאת שמע","Siddur Ashkenaz, Weekday, Maariv, Keri'at Shema al Hamita","2-8","","","true","false","true"
"ashkenaz","bedtime-shema","4","vihi-noam","bedtime-shema","ויהי נועם · יושב בסתר","Siddur Ashkenaz, Weekday, Maariv, Keri'at Shema al Hamita","9-10","","","true","false","true"
"ashkenaz","bedtime-shema","5","ma-rabu","bedtime-shema","ה׳ מה רבו צרי","Siddur Ashkenaz, Weekday, Maariv, Keri'at Shema al Hamita","11-11","","","true","false","true"
"ashkenaz","bedtime-shema","6","hashkiveinu","bedtime-shema","השכיבנו","Siddur Ashkenaz, Weekday, Maariv, Keri'at Shema al Hamita","12-12","","","true","false","true"
"ashkenaz","bedtime-shema","7","baruch-bayom","bedtime-shema","ברוך ה׳ ביום","Siddur Ashkenaz, Weekday, Maariv, Keri'at Shema al Hamita","13-14","","","true","false","true"
"ashkenaz","bedtime-shema","8","hamalach","bedtime-shema","המלאך הגואל","Siddur Ashkenaz, Weekday, Maariv, Keri'at Shema al Hamita","15-26","","","true","false","true"
"ashkenaz","bedtime-shema","9","adon-olam","bedtime-shema","אדון עולם","Siddur Ashkenaz, Weekday, Maariv, Keri'at Shema al Hamita","27-36","","","true","false","true"
"ashkenaz","kabbalat-shabbat","1","yedid-nefesh","kabbalat-shabbat","ידיד נפש","Siddur Ashkenaz, Shabbat, Kabbalat Shabbat, Yedid Nefesh","0-3","","optional","true","false","true"
"ashkenaz","kabbalat-shabbat","2","kabbalat-shabbat-note","kabbalat-shabbat","קבלת שבת","Siddur Ashkenaz, Shabbat, Kabbalat Shabbat, Psalm 95","0-0","","","true","false","true"
"ashkenaz","kabbalat-shabbat","3","lechu-neranena","kabbalat-shabbat","לכו נרננה","Siddur Ashkenaz, Shabbat, Kabbalat Shabbat, Psalm 95","1-1","!yomTov&!cholHamoed","","true","false","true"
"ashkenaz","kabbalat-shabbat","4","shiru","kabbalat-shabbat","שירו לה׳ שיר חדש","Siddur Ashkenaz, Shabbat, Kabbalat Shabbat, Psalm 96","0-0","!yomTov&!cholHamoed","","true","false","true"
"ashkenaz","kabbalat-shabbat","5","tagel-haaretz","kabbalat-shabbat","ה׳ מלך תגל הארץ","Siddur Ashkenaz, Shabbat, Kabbalat Shabbat, Psalm 97","0-0","!yomTov&!cholHamoed","","true","false","true"
"ashkenaz","kabbalat-shabbat","6","mizmor-shiru","kabbalat-shabbat","מזמור שירו לה׳","Siddur Ashkenaz, Shabbat, Kabbalat Shabbat, Psalm 98","0-0","!yomTov&!cholHamoed","","true","false","true"
"ashkenaz","kabbalat-shabbat","7","yirgezu","kabbalat-shabbat","ה׳ מלך ירגזו עמים","Siddur Ashkenaz, Shabbat, Kabbalat Shabbat, Psalm 99","0-0","!yomTov&!cholHamoed","","true","false","true"
"ashkenaz","kabbalat-shabbat","8","mizmor-ledavid","kabbalat-shabbat","מזמור לדוד הבו לה׳","Siddur Ashkenaz, Shabbat, Kabbalat Shabbat, Psalm 29","0-0","","","true","false","true"
"ashkenaz","kabbalat-shabbat","9","ana-bekoach","kabbalat-shabbat","אנא בכח","Siddur Ashkenaz, Shabbat, Kabbalat Shabbat, Ana Bekoach","0-0","","","true","false","true"
"ashkenaz","kabbalat-shabbat","10","lecha-dodi","lecha-dodi","לכה דודי","Siddur Ashkenaz, Shabbat, Kabbalat Shabbat, Lekha Dodi","0-18","","","true","false","true"
"ashkenaz","kabbalat-shabbat","11","mizmor-shir","mizmor-shir-shabbat","מזמור שיר ליום השבת","Siddur Ashkenaz, Shabbat, Kabbalat Shabbat, Psalm 92","0-0","","","true","false","true"
"ashkenaz","kabbalat-shabbat","12","hashem-malach","mizmor-shir-shabbat","ה׳ מלך גאות לבש","Siddur Ashkenaz, Shabbat, Kabbalat Shabbat, Psalm 93","0-0","","","true","false","true"
"ashkenaz","kabbalat-shabbat","13","kaddish-yatom","kaddish-yatom","קדיש יתום","Siddur Ashkenaz, Shabbat, Kabbalat Shabbat, Mourner's Kaddish","0-0","","mourners","false","false","true"
"ashkenaz","shabbat-maariv","1","barchu","barchu","ברכו","Siddur Ashkenaz, Shabbat, Maariv, Barchu","0-1","","minyan","true","false","true"
"ashkenaz","shabbat-maariv","2","maariv-aravim","shema-blessings","המעריב ערבים","Siddur Ashkenaz, Shabbat, Maariv, Blessings of the Shema, First Blessing before Shema","0-0","","","false","false","true"
"ashkenaz","shabbat-maariv","3","ahavat-olam","shema-blessings","אהבת עולם","Siddur Ashkenaz, Shabbat, Maariv, Blessings of the Shema, Second Blessing before Shema","0-0","","","false","false","true"
"ashkenaz","shabbat-maariv","4","shema","shema","קריאת שמע","Siddur Ashkenaz, Shabbat, Maariv, Blessings of the Shema, Shema","0-6","","","true","false","true"
"ashkenaz","shabbat-maariv","5","emet-veemuna","after-shema","אמת ואמונה","Siddur Ashkenaz, Shabbat, Maariv, Blessings of the Shema, First Blessing after Shema","0-2","","","false","false","true"
"ashkenaz","shabbat-maariv","6","hashkiveinu","hashkiveinu","השכיבנו","Siddur Ashkenaz, Shabbat, Maariv, Blessings of the Shema, Second Blessing after Shema","0-0","","","true","false","true"
"ashkenaz","shabbat-maariv","7","veshamru","shema-blessings","ושמרו","Siddur Ashkenaz, Shabbat, Maariv, Veshamru","0-0","","","false","false","true"
"ashkenaz","shabbat-maariv","8","vayedaber-moshe","shema-blessings","וידבר משה","Siddur Ashkenaz, Shabbat, Maariv, Veshamru","1-1","yomTov","","false","false","true"
"ashkenaz","shabbat-maariv","9","half-kaddish","half-kaddish","חצי קדיש","Siddur Ashkenaz, Shabbat, Maariv, Half Kaddish","0-0","","minyan","false","false","true"
"ashkenaz","shabbat-maariv","10","avot","amidah","ברכת אבות","Siddur Ashkenaz, Shabbat, Maariv, Amidah, Patriarchs","0-3","","","true","false","true"
"ashkenaz","shabbat-maariv","11","gevurot","amidah","גבורות","Siddur Ashkenaz, Shabbat, Maariv, Amidah, Divine Might","0-4","","","true","false","true"
"ashkenaz","shabbat-maariv","12","kedushat-hashem","amidah","קדושת השם","Siddur Ashkenaz, Shabbat, Maariv, Amidah, Holines of God's Name","0-0","","","true","false","true"
"ashkenaz","shabbat-maariv","13","kedushat-hayom","amidah","אתה קדשת","Siddur Ashkenaz, Shabbat, Maariv, Amidah, Sanctity of the Day","0-2","","","true","false","true"
"ashkenaz","shabbat-maariv","14","retze","amidah","רצה","Siddur Ashkenaz, Shabbat, Maariv, Amidah, Temple Service","0-0","","","true","false","true"
"ashkenaz","shabbat-maariv","15","yaale-veyavo","amidah","יעלה ויבוא","Siddur Ashkenaz, Shabbat, Maariv, Amidah, Temple Service","1-1","roshChodesh|cholHamoed","","true","false","true"
"ashkenaz","shabbat-maariv","16","retze-end","amidah","","Siddur Ashkenaz, Shabbat, Maariv, Amidah, Temple Service","2-2","","","true","false","true"
"ashkenaz","shabbat-maariv","17","modim","amidah","מודים","Siddur Ashkenaz, Shabbat, Maariv, Amidah, Thanksgiving","0-0","","","true","false","true"
"ashkenaz","shabbat-maariv","18","al-hanisim","amidah","על הנסים","Siddur Ashkenaz, Shabbat, Maariv, Amidah, Thanksgiving","1-3","chanukah|purim","","true","false","true"
"ashkenaz","shabbat-maariv","19","modim-end","amidah","","Siddur Ashkenaz, Shabbat, Maariv, Amidah, Thanksgiving","4-6","","","true","false","true"
"ashkenaz","shabbat-maariv","20","shalom-rav","amidah","שלום רב","Siddur Ashkenaz, Shabbat, Maariv, Amidah, Peace","0-2","","","true","false","true"
"ashkenaz","shabbat-maariv","21","elokai-netzor","elokai-netzor","אלהי נצור","Siddur Ashkenaz, Shabbat, Maariv, Amidah, Concluding Passage","0-3","","","false","false","true"
"ashkenaz","shabbat-maariv","22","vayechulu","vayechulu","ויכולו","Siddur Ashkenaz, Shabbat, Maariv, Vay'chulu","0-1","","","true","false","true"
"ashkenaz","shabbat-maariv","23","meein-sheva","magen-avot","ברכה מעין שבע · מגן אבות","Siddur Ashkenaz, Shabbat, Maariv, Me'ein Sheva","0-4","","minyan","true","false","true"
"ashkenaz","shabbat-maariv","24","kaddish-titkabal","kaddish-titkabal","קדיש תתקבל","Siddur Ashkenaz, Shabbat, Maariv, Kaddish Shalem","0-7","","minyan","true","false","true"
"ashkenaz","shabbat-maariv","25","omer","omer","ספירת העומר","Siddur Ashkenaz, Shabbat, Maariv, Sefirat HaOmer","0-13","omer","","false","false","true"
"ashkenaz","shabbat-maariv","26","aleinu","aleinu","עלינו לשבח","Siddur Ashkenaz, Shabbat, Maariv, Aleinu","0-1","","","true","false","true"
"ashkenaz","shabbat-maariv","27","kaddish-yatom","kaddish-yatom","קדיש יתום","Siddur Ashkenaz, Shabbat, Maariv, Mourner's Kaddish","0-6","","mourners","false","false","true"
"ashkenaz","shabbat-maariv","28","ledavid","ledavid-ori","לדוד ה׳ אורי","Siddur Ashkenaz, Shabbat, Maariv, LeDavid","0-1","ledavid","","false","false","true"
"ashkenaz","shabbat-maariv","29","kaddish-yatom-ledavid","kaddish-yatom","קדיש יתום","Siddur Ashkenaz, Shabbat, Maariv, LeDavid","2-8","ledavid","mourners","false","false","true"
"ashkenaz","shabbat-maariv","30","yigdal","closing-passages","יגדל","Siddur Ashkenaz, Shabbat, Maariv, Yigdal","0-26","","","false","false","true"
"ashkenaz","shabbat-maariv","31","adon-olam","closing-passages","אדון עולם","Siddur Ashkenaz, Shabbat, Maariv, Adon Olam","0-10","","optional","false","false","true"
"ashkenaz","shabbat-kiddush","1","birkat-habanim","kiddush","ברכת הבנים","Siddur Ashkenaz, Shabbat, Shabbat Evening, Blessing the Children","0-2","","optional","true","false","true"
"ashkenaz","shabbat-kiddush","2","shalom-aleichem","shalom-aleichem","שלום עליכם","Siddur Ashkenaz, Shabbat, Shabbat Evening, Shalom Aleichem","0-5","","","true","false","true"
"ashkenaz","shabbat-kiddush","3","ribon","shalom-aleichem","רבון כל העולמים","Siddur Ashkenaz, Shabbat, Shabbat Evening, Ribon Kol HaOlamim","0-5","","optional","true","false","true"
"ashkenaz","shabbat-kiddush","4","eshet-chayil","eshet-chayil","אשת חיל","Siddur Ashkenaz, Shabbat, Shabbat Evening, Eshet Chayil","0-21","","","true","false","true"
"ashkenaz","shabbat-kiddush","5","kiddush","kiddush","קידוש","Siddur Ashkenaz, Shabbat, Shabbat Evening, Kiddush","0-6","","","true","false","true"
"ashkenaz","shabbat-kiddush","6","kol-mekadesh","zemirot","כל מקדש שביעי","Siddur Ashkenaz, Shabbat, Shabbat Evening, Zemirot for Shabbat Evening, Kol Mekadesh","0-32","","optional","false","false","true"
"ashkenaz","shabbat-kiddush","7","ma-yedidut","zemirot","מה ידידות","Siddur Ashkenaz, Shabbat, Shabbat Evening, Zemirot for Shabbat Evening, Ma Yedidut","0-24","","optional","false","false","true"
"ashkenaz","shabbat-kiddush","8","menucha-vesimcha","zemirot","מנוחה ושמחה","Siddur Ashkenaz, Shabbat, Shabbat Evening, Zemirot for Shabbat Evening, Menucha VeSimcha","0-19","","optional","false","false","true"
"ashkenaz","shabbat-kiddush","9","yom-zeh-leyisrael","zemirot","יום זה לישראל","Siddur Ashkenaz, Shabbat, Shabbat Evening, Zemirot for Shabbat Evening, Yom zeh L'yisrael","0-33","","optional","false","false","true"
"ashkenaz","shabbat-kiddush","10","yah-ribon","zemirot","יה רבון","Siddur Ashkenaz, Shabbat, Shabbat Evening, Zemirot for Shabbat Evening, Yah Ribon","0-24","","optional","false","false","true"
"ashkenaz","shabbat-kiddush","11","tzama-nafshi","zemirot","צמאה נפשי","Siddur Ashkenaz, Shabbat, Shabbat Evening, Zemirot for Shabbat Evening, Tzamah Nafshi","0-27","","optional","false","false","true"
"ashkenaz","shabbat-kiddush","12","tzur-mishelo","zemirot","צור משלו","Siddur Ashkenaz, Shabbat, Shabbat Evening, Zemirot for Shabbat Evening, Tzur Mishelo","0-21","","optional","false","false","true"
"ashkenaz","shabbat-shacharit","1","modeh-ani","modeh-ani","מודה אני","Siddur Ashkenaz, Shabbat, Shacharit, Preparatory Prayers, Modeh Ani","0-0","","","false","false","false"
"ashkenaz","shabbat-shacharit","2","netilat-yadayim","netilat-yadayim","על נטילת ידים","Siddur Ashkenaz, Shabbat, Shacharit, Preparatory Prayers, Netilat Yadayim","0-0","","","false","false","false"
"ashkenaz","shabbat-shacharit","3","asher-yatzar","morning-blessings","אשר יצר","Siddur Ashkenaz, Shabbat, Shacharit, Preparatory Prayers, Asher Yatzar","0-1","","","false","false","false"
"ashkenaz","shabbat-shacharit","4","elokai-neshama","morning-blessings","אלהי נשמה","Siddur Ashkenaz, Shabbat, Shacharit, Preparatory Prayers, Elokai Neshama","0-1","","","false","false","false"
"ashkenaz","shabbat-shacharit","5","torah-blessings","torah-blessings","ברכות התורה","Siddur Ashkenaz, Weekday, Shacharit, Preparatory Prayers, Torah Blessings","0-2","","","false","false","false"
"ashkenaz","shabbat-shacharit","6","torah-study","torah-blessings","יברכך · אלו דברים","Siddur Ashkenaz, Weekday, Shacharit, Preparatory Prayers, Torah Study","0-2","","","false","false","false"
"ashkenaz","shabbat-shacharit","7","tzitzit","tallit","ברכת הציצית","Siddur Ashkenaz, Shabbat, Shacharit, Preparatory Prayers, Tzitzit","0-2","","","false","false","false"
"ashkenaz","shabbat-shacharit","8","tallit","tallit","עטיפת טלית","Siddur Ashkenaz, Shabbat, Shacharit, Preparatory Prayers, Tallit","0-9","","","false","false","false"
"ashkenaz","shabbat-shacharit","9","ma-tovu","morning-prayers","מה טובו","Siddur Ashkenaz, Shabbat, Shacharit, Preparatory Prayers, Ma Tovu","0-4","","","false","false","false"
"ashkenaz","shabbat-shacharit","10","adon-olam","morning-prayers","אדון עולם","Siddur Ashkenaz, Shabbat, Shacharit, Preparatory Prayers, Adon Olam","0-9","","","false","false","false"
"ashkenaz","shabbat-shacharit","11","yigdal","morning-prayers","יגדל","Siddur Ashkenaz, Shabbat, Shacharit, Preparatory Prayers, Yigdal","0-0","","","false","false","false"
"ashkenaz","shabbat-shacharit","12","morning-blessings","morning-blessings","ברכות השחר","Siddur Ashkenaz, Shabbat, Shacharit, Preparatory Prayers, Morning Blessings","0-20","","","false","false","false"
"ashkenaz","shabbat-shacharit","13","akedah","morning-prayers","פרשת העקדה","Siddur Ashkenaz, Shabbat, Shacharit, Preparatory Prayers, Akedah","0-18","","","false","false","false"
"ashkenaz","shabbat-shacharit","14","leolam","morning-prayers","לעולם יהא אדם","Siddur Ashkenaz, Shabbat, Shacharit, Preparatory Prayers, Sovereignty of Heaven","0-25","","","false","false","false"
"ashkenaz","shabbat-shacharit","15","kiyor","korbanot","פרשת הכיור","Siddur Ashkenaz, Shabbat, Shacharit, Preparatory Prayers, Korbanot, Kiyor","0-4","","","false","false","false"
"ashkenaz","shabbat-shacharit","16","terumat-hadeshen","korbanot","פרשת תרומת הדשן","Siddur Ashkenaz, Shabbat, Shacharit, Preparatory Prayers, Korbanot, Terumat HaDeshen","0-5","","","false","false","false"
"ashkenaz","shabbat-shacharit","17","tamid","korbanot","פרשת התמיד","Siddur Ashkenaz, Shabbat, Shacharit, Preparatory Prayers, Korbanot, Korban HaTamid","0-8","","","false","false","false"
"ashkenaz","shabbat-shacharit","18","ketoret","ketoret","פטום הקטורת","Siddur Ashkenaz, Shabbat, Shacharit, Preparatory Prayers, Korbanot, Ketoret","0-24","","","false","false","false"
"ashkenaz","shabbat-shacharit","19","abaye","korbanot","אביי הוה מסדר","Siddur Ashkenaz, Shabbat, Shacharit, Preparatory Prayers, Korbanot, Ketoret","26-26","","","false","false","false"
"ashkenaz","shabbat-shacharit","20","ana-bekoach","korbanot","אנא בכח","Siddur Ashkenaz, Shabbat, Shacharit, Preparatory Prayers, Korbanot, Order of the Temple Service","0-7","","","false","false","false"
"ashkenaz","shabbat-shacharit","21","ribon-haolamim","korbanot","רבון העולמים","Siddur Ashkenaz, Shabbat, Shacharit, Preparatory Prayers, Korbanot, Order of the Temple Service","8-9","","","false","false","false"
"ashkenaz","shabbat-shacharit","22","musaf-shabbat","korbanot","וביום השבת","Siddur Ashkenaz, Shabbat, Shacharit, Preparatory Prayers, Korbanot, Order of the Temple Service","10-12","","","false","false","false"
"ashkenaz","shabbat-shacharit","23","musaf-rosh-chodesh","korbanot","ובראשי חדשיכם","Siddur Ashkenaz, Shabbat, Shacharit, Preparatory Prayers, Korbanot, Order of the Temple Service","13-17","roshChodesh","","false","false","false"
"ashkenaz","shabbat-shacharit","24","eizehu-mekoman","korbanot","איזהו מקומן","Siddur Ashkenaz, Shabbat, Shacharit, Preparatory Prayers, Korbanot, Laws of Sacrifices","0-3","","","false","false","false"
"ashkenaz","shabbat-shacharit","25","rabbi-yishmael","korbanot","ברייתא דרבי ישמעאל","Siddur Ashkenaz, Shabbat, Shacharit, Preparatory Prayers, Korbanot, Baraita of Rabbi Yishmael","0-15","","","false","false","false"
"ashkenaz","shabbat-shacharit","26","kaddish-derabanan","kaddish-derabanan","קדיש דרבנן","Siddur Ashkenaz, Shabbat, Shacharit, Preparatory Prayers, Korbanot, Kaddish DeRabbanan","0-7","","minyan","false","false","false"
"ashkenaz","shabbat-shacharit","27","mizmor-shir","mizmor-shir","מזמור שיר חנוכת הבית","Siddur Ashkenaz, Shabbat, Shacharit, Pesukei Dezimra, Mizmor Shir","0-0","","","false","false","false"
"ashkenaz","shabbat-shacharit","28","kaddish-yatom-1","kaddish-yatom","קדיש יתום","Siddur Ashkenaz, Shabbat, Shacharit, Pesukei Dezimra, Mourner's Kaddish","0-0","","mourners","false","false","false"
"ashkenaz","shabbat-shacharit","29","baruch-sheamar","baruch-sheamar","ברוך שאמר","Siddur Ashkenaz, Shabbat, Shacharit, Pesukei Dezimra, Barukh She'amar","0-1","","","false","false","false"
"ashkenaz","shabbat-shacharit","30","hodu","hodu","הודו","Siddur Ashkenaz, Shabbat, Shacharit, Pesukei Dezimra, Hodu","0-0","","","false","false","false"
"ashkenaz","shabbat-shacharit","31","ps19","pesukei-dezimra","השמים מספרים","Siddur Ashkenaz, Shabbat, Shacharit, Pesukei Dezimra, Psalm 19","0-0","","","true","false","false"
"ashkenaz","shabbat-shacharit","32","ps34","pesukei-dezimra","לדוד בשנותו","Siddur Ashkenaz, Shabbat, Shacharit, Pesukei Dezimra, Psalm 34","0-0","","","true","false","false"
"ashkenaz","shabbat-shacharit","33","ps90","pesukei-dezimra","תפלה למשה","Siddur Ashkenaz, Shabbat, Shacharit, Pesukei Dezimra, Psalm 90","0-0","","","true","false","false"
"ashkenaz","shabbat-shacharit","34","ps91","pesukei-dezimra","יושב בסתר","Siddur Ashkenaz, Shabbat, Shacharit, Pesukei Dezimra, Psalm 91","0-0","","","true","false","false"
"ashkenaz","shabbat-shacharit","35","ps135","pesukei-dezimra","הללו את שם ה׳","Siddur Ashkenaz, Shabbat, Shacharit, Pesukei Dezimra, Psalm 135","0-0","","","true","false","false"
"ashkenaz","shabbat-shacharit","36","ps136","pesukei-dezimra","הודו לה׳ כי טוב","Siddur Ashkenaz, Shabbat, Shacharit, Pesukei Dezimra, Psalm 136","0-0","","","true","false","false"
"ashkenaz","shabbat-shacharit","37","ps33","pesukei-dezimra","רננו צדיקים","Siddur Ashkenaz, Shabbat, Shacharit, Pesukei Dezimra, Psalm 33","0-0","","","true","false","false"
"ashkenaz","shabbat-shacharit","38","ps92","pesukei-dezimra","מזמור שיר ליום השבת","Siddur Ashkenaz, Shabbat, Shacharit, Pesukei Dezimra, Psalm 92","0-0","","","true","false","false"
"ashkenaz","shabbat-shacharit","39","ps93","pesukei-dezimra","ה׳ מלך גאות לבש","Siddur Ashkenaz, Shabbat, Shacharit, Pesukei Dezimra, Psalm 93","0-0","","","true","false","false"
"ashkenaz","shabbat-shacharit","40","yehi-chevod","pesukei-dezimra","יהי כבוד","Siddur Ashkenaz, Shabbat, Shacharit, Pesukei Dezimra, Yehi Chevod","0-0","","","true","false","false"
"ashkenaz","shabbat-shacharit","41","ashrei-pd","pesukei-dezimra","אשרי","Siddur Ashkenaz, Shabbat, Shacharit, Pesukei Dezimra, Ashrei","0-0","","","true","false","false"
"ashkenaz","shabbat-shacharit","42","ps146","pesukei-dezimra","הללי נפשי","Siddur Ashkenaz, Shabbat, Shacharit, Pesukei Dezimra, Psalm 146","0-0","","","true","false","false"
"ashkenaz","shabbat-shacharit","43","ps147","pesukei-dezimra","כי טוב זמרה","Siddur Ashkenaz, Shabbat, Shacharit, Pesukei Dezimra, Psalm 147","0-0","","","true","false","false"
"ashkenaz","shabbat-shacharit","44","ps148","pesukei-dezimra","הללו את ה׳ מן השמים","Siddur Ashkenaz, Shabbat, Shacharit, Pesukei Dezimra, Psalm 148","0-0","","","true","false","false"
"ashkenaz","shabbat-shacharit","45","ps149","pesukei-dezimra","שירו לה׳ שיר חדש","Siddur Ashkenaz, Shabbat, Shacharit, Pesukei Dezimra, Psalm 149","0-0","","","true","false","false"
"ashkenaz","shabbat-shacharit","46","ps150","pesukei-dezimra","הללו אל בקדשו","Siddur Ashkenaz, Shabbat, Shacharit, Pesukei Dezimra, Psalm 150","0-0","","","true","false","false"
"ashkenaz","shabbat-shacharit","47","baruch-hashem-leolam","pesukei-dezimra","ברוך ה׳ לעולם","Siddur Ashkenaz, Shabbat, Shacharit, Pesukei Dezimra, Baruch Hashem","0-0","","","true","false","false"
"ashkenaz","shabbat-shacharit","48","vayevarech-david","pesukei-dezimra","ויברך דוד · אתה הוא","Siddur Ashkenaz, Shabbat, Shacharit, Pesukei Dezimra, Vayevarech David","0-3","","","true","false","false"
"ashkenaz","shabbat-shacharit","49","az-yashir","az-yashir","שירת הים","Siddur Ashkenaz, Shabbat, Shacharit, Pesukei Dezimra, Shirat HaYam","0-1","","","false","false","false"
"ashkenaz","shabbat-shacharit","50","nishmat","pesukei-dezimra","נשמת כל חי","Siddur Ashkenaz, Shabbat, Shacharit, Pesukei Dezimra, Nishmat Kol Chai","0-0","","","true","false","false"
"ashkenaz","shabbat-shacharit","51","shochen-ad","pesukei-dezimra","שוכן עד","Siddur Ashkenaz, Shabbat, Shacharit, Pesukei Dezimra, Shochen Ad","0-3","","","true","false","false"
"ashkenaz","shabbat-shacharit","52","yishtabach","yishtabach","ישתבח","Siddur Ashkenaz, Shabbat, Shacharit, Pesukei Dezimra, Yishtabach","0-0","","","true","false","false"
"ashkenaz","shabbat-shacharit","53","mimaamakim","pesukei-dezimra","שיר המעלות ממעמקים","Siddur Ashkenaz, Shabbat, Shacharit, Pesukei Dezimra, Psalm 130","0-0","shabbatShuva","","true","false","false"
"ashkenaz","shabbat-shacharit","54","half-kaddish","half-kaddish","חצי קדיש","Siddur Ashkenaz, Shabbat, Shacharit, Pesukei Dezimra, Half Kaddish","0-0","","minyan","true","false","false"
"ashkenaz","shabbat-shacharit","55","barchu","barchu","ברכו","Siddur Ashkenaz, Shabbat, Shacharit, Blessings of the Shema, Barchu","0-1","","minyan","false","false","false"
"ashkenaz","shabbat-shacharit","56","hakol-yoducha","shema-blessings","הכל יודוך · אל אדון","Siddur Ashkenaz, Shabbat, Shacharit, Blessings of the Shema, First Blessing before Shema","0-3","","","true","false","false"
"ashkenaz","shabbat-shacharit","57","hameir-laaretz","","","Siddur Ashkenaz, Shabbat, Shacharit, Blessings of the Shema, First Blessing before Shema","4-5","","","false","true","false"
"ashkenaz","shabbat-shacharit","58","titbarach","shema-blessings","תתברך צורנו","Siddur Ashkenaz, Shabbat, Shacharit, Blessings of the Shema, First Blessing before Shema","6-8","","","true","false","false"
"ashkenaz","shabbat-shacharit","59","ahava-raba","shema-blessings","אהבה רבה","Siddur Ashkenaz, Shabbat, Shacharit, Blessings of the Shema, Second Blessing before Shema","0-0","","","true","false","false"
"ashkenaz","shabbat-shacharit","60","shema","shema","קריאת שמע","Siddur Ashkenaz, Shabbat, Shacharit, Blessings of the Shema, Shema","0-6","","","true","false","false"
"ashkenaz","shabbat-shacharit","61","emet-veyatziv","after-shema","אמת ויציב","Siddur Ashkenaz, Shabbat, Shacharit, Blessings of the Shema, Blessing after Shema","0-2","","","false","false","false"
"ashkenaz","shabbat-shacharit","62","avot","amidah","ברכת אבות","Siddur Ashkenaz, Shabbat, Shacharit, Amidah, Patriarchs","0-3","","","true","false","false"
"ashkenaz","shabbat-shacharit","63","gevurot","amidah","גבורות","Siddur Ashkenaz, Shabbat, Shacharit, Amidah, Divine Might","0-4","","","true","false","false"
"ashkenaz","shabbat-shacharit","64","kedusha","kedusha","קדושה","Siddur Ashkenaz, Shabbat, Shacharit, Amidah, Kedushah","0-2","","repetition","false","false","false"
"ashkenaz","shabbat-shacharit","65","kedushat-hashem","amidah","קדושת השם","Siddur Ashkenaz, Shabbat, Shacharit, Amidah, Kedushah","3-3","","","true","false","false"
"ashkenaz","shabbat-shacharit","66","yismach-moshe","amidah","ישמח משה","Siddur Ashkenaz, Shabbat, Shacharit, Amidah, Sanctity of the Day","0-3","","","true","false","false"
"ashkenaz","shabbat-shacharit","67","retze","amidah","רצה","Siddur Ashkenaz, Shabbat, Shacharit, Amidah, Temple Service","0-0","","","true","false","false"
"ashkenaz","shabbat-shacharit","68","yaale-veyavo","amidah","יעלה ויבוא","Siddur Ashkenaz, Shabbat, Shacharit, Amidah, Temple Service","1-1","roshChodesh|cholHamoed","","true","false","false"
"ashkenaz","shabbat-shacharit","69","retze-end","amidah","","Siddur Ashkenaz, Shabbat, Shacharit, Amidah, Temple Service","2-2","","","true","false","false"
"ashkenaz","shabbat-shacharit","70","modim","amidah","מודים","Siddur Ashkenaz, Shabbat, Shacharit, Amidah, Thanksgiving","0-0","","","true","false","false"
"ashkenaz","shabbat-shacharit","71","modim-derabanan","modim-derabanan","מודים דרבנן","Siddur Ashkenaz, Shabbat, Shacharit, Amidah, Thanksgiving","1-1","","repetition","false","false","false"
"ashkenaz","shabbat-shacharit","72","al-hanisim","amidah","על הנסים","Siddur Ashkenaz, Shabbat, Shacharit, Amidah, Thanksgiving","2-4","chanukah|purim","","true","false","false"
"ashkenaz","shabbat-shacharit","73","modim-end","amidah","","Siddur Ashkenaz, Shabbat, Shacharit, Amidah, Thanksgiving","5-7","","","true","false","false"
"ashkenaz","shabbat-shacharit","74","birkat-kohanim","birkat-kohanim","ברכת כהנים","Siddur Ashkenaz, Shabbat, Shacharit, Amidah, Birkat Kohanim","0-1","","repetition","false","false","false"
"ashkenaz","shabbat-shacharit","75","sim-shalom","amidah","שים שלום","Siddur Ashkenaz, Shabbat, Shacharit, Amidah, Peace","0-1","","","true","false","false"
"ashkenaz","shabbat-shacharit","76","elokai-netzor","elokai-netzor","אלהי נצור","Siddur Ashkenaz, Shabbat, Shacharit, Amidah, Concluding Passage","0-1","","","false","false","false"
"ashkenaz","shabbat-shacharit","77","hallel-bracha","hallel","ברכת ההלל","Siddur Ashkenaz, Festivals, Rosh Chodesh, Hallel, Berakhah before the Hallel","0-0","hallel","","false","false","false"
"ashkenaz","shabbat-shacharit","78","hallel-ps113","hallel","הללויה הללו עבדי ה׳","Siddur Ashkenaz, Festivals, Rosh Chodesh, Hallel, Psalm 113","0-0","hallel","","false","false","false"
"ashkenaz","shabbat-shacharit","79","hallel-ps114","hallel","בצאת ישראל ממצרים","Siddur Ashkenaz, Festivals, Rosh Chodesh, Hallel, Psalm 114","0-0","hallel","","false","false","false"
"ashkenaz","shabbat-shacharit","80","hallel-lo-lanu","hallel","לא לנו","Siddur Ashkenaz, Festivals, Rosh Chodesh, Hallel, Psalm 115","0-0","hallel&!roshChodesh&!halfHallel&!cholHamoed|hallel&!roshChodesh&!halfHallel&!pesach","","false","false","false"
"ashkenaz","shabbat-shacharit","81","hallel-ps115","hallel","ה׳ זכרנו יברך","Siddur Ashkenaz, Festivals, Rosh Chodesh, Hallel, Psalm 115","1-1","hallel","","false","false","false"
"ashkenaz","shabbat-shacharit","82","hallel-ahavti","hallel","אהבתי כי ישמע","Siddur Ashkenaz, Festivals, Rosh Chodesh, Hallel, Psalm 116","0-0","hallel&!roshChodesh&!halfHallel&!cholHamoed|hallel&!roshChodesh&!halfHallel&!pesach","","false","false","false"
"ashkenaz","shabbat-shacharit","83","hallel-ps116","hallel","מה אשיב","Siddur Ashkenaz, Festivals, Rosh Chodesh, Hallel, Psalm 116","1-1","hallel","","false","false","false"
"ashkenaz","shabbat-shacharit","84","hallel-ps117","hallel","הללו את ה׳ כל גוים","Siddur Ashkenaz, Festivals, Rosh Chodesh, Hallel, Psalm 117","0-0","hallel","","false","false","false"
"ashkenaz","shabbat-shacharit","85","hallel-ps118","hallel","הודו לה׳ כי טוב","Siddur Ashkenaz, Festivals, Rosh Chodesh, Hallel, Psalm 118","0-12","hallel","","false","false","false"
"ashkenaz","shabbat-shacharit","86","hallel-yehallelucha","hallel","יהללוך","Siddur Ashkenaz, Festivals, Rosh Chodesh, Hallel, Berakhah after the Hallel","0-1","hallel","","false","false","false"
"ashkenaz","shabbat-shacharit","87","kaddish-titkabal","kaddish-titkabal","קדיש תתקבל","Siddur Ashkenaz, Shabbat, Shacharit, Amidah, Kaddish Shalem","0-0","","minyan","true","false","false"
"ashkenaz","shabbat-shacharit","88","ein-kamocha","torah-service","אין כמוך · אב הרחמים","Siddur Ashkenaz, Shabbat, Shacharit, Torah Reading, Removing the Torah from the Ark, Ein Kamocha","0-1","","","true","false","false"
"ashkenaz","shabbat-shacharit","89","vayehi-binsoa","torah-service","ויהי בנסוע","Siddur Ashkenaz, Shabbat, Shacharit, Torah Reading, Removing the Torah from the Ark, Vayehi Binsoa","0-0","","","true","false","false"
"ashkenaz","shabbat-shacharit","90","yom-tov-middot","","","Siddur Ashkenaz, Shabbat, Shacharit, Torah Reading, Removing the Torah from the Ark, Vayehi Binsoa","1-4","","","false","true","false"
"ashkenaz","shabbat-shacharit","91","berich-shmei","torah-service","בריך שמיה","Siddur Ashkenaz, Shabbat, Shacharit, Torah Reading, Removing the Torah from the Ark, Berich Shmei","0-0","","","true","false","false"
"ashkenaz","shabbat-shacharit","92","shema-echad","torah-service","שמע ישראל · אחד · גדלו","Siddur Ashkenaz, Shabbat, Shacharit, Torah Reading, Removing the Torah from the Ark, Shema Yisrael (Gadlu)","0-2","","","true","false","false"
"ashkenaz","shabbat-shacharit","93","lecha-hashem","torah-service","לך ה׳ הגדלה","Siddur Ashkenaz, Shabbat, Shacharit, Torah Reading, Removing the Torah from the Ark, Lecha Hashem","0-0","","","true","false","false"
"ashkenaz","shabbat-shacharit","94","veyaazor","torah-service","ויעזור","Siddur Ashkenaz, Shabbat, Shacharit, Torah Reading, Removing the Torah from the Ark, Veyazor Veyagen","0-0","","","true","false","false"
"ashkenaz","shabbat-shacharit","95","torah-reading","torah-reading","ברכות העולה לתורה","Siddur Ashkenaz, Shabbat, Shacharit, Torah Reading, Reading from Sefer, Birkat HaTorah","0-4","","minyan","true","false","false"
"ashkenaz","shabbat-shacharit","96","mi-sheberach-oleh","torah-reading","מי שברך לעולה","Siddur Ashkenaz, Shabbat, Shacharit, Torah Reading, Reading from Sefer, Mi Sheberach, For an Oleh","0-0","","optional","true","false","false"
"ashkenaz","shabbat-shacharit","97","mi-sheberach-choleh","torah-reading","מי שברך לחולה","Siddur Ashkenaz, Shabbat, Shacharit, Torah Reading, Reading from Sefer, Mi Sheberach, For Sickness (includes man and woman)","0-1","","optional","true","false","false"
"ashkenaz","shabbat-shacharit","98","mi-sheberach-son","torah-reading","מי שברך ליולדת בן","Siddur Ashkenaz, Shabbat, Shacharit, Torah Reading, Reading from Sefer, Mi Sheberach, For Birth, Birth of a Son","0-0","","optional","true","false","false"
"ashkenaz","shabbat-shacharit","99","mi-sheberach-daughter","torah-reading","מי שברך ליולדת בת","Siddur Ashkenaz, Shabbat, Shacharit, Torah Reading, Reading from Sefer, Mi Sheberach, For Birth, Birth of Daughter","0-0","","optional","true","false","false"
"ashkenaz","shabbat-shacharit","100","mi-sheberach-bar-mitzvah","torah-reading","מי שברך לבר מצוה","Siddur Ashkenaz, Shabbat, Shacharit, Torah Reading, Reading from Sefer, Mi Sheberach, Bar Mitzvah","0-1","","optional","true","false","false"
"ashkenaz","shabbat-shacharit","101","gomel","torah-reading","ברכת הגומל","Siddur Ashkenaz, Shabbat, Shacharit, Torah Reading, Reading from Sefer, Birkat Hagomel","0-1","","optional","true","false","false"
"ashkenaz","shabbat-shacharit","102","half-kaddish-torah","half-kaddish","חצי קדיש","Siddur Ashkenaz, Shabbat, Shacharit, Torah Reading, Reading from Sefer, Half Kaddish","0-0","","minyan","true","false","false"
"ashkenaz","shabbat-shacharit","103","hagbaha","torah-reading","הגבהה · וזאת התורה","Siddur Ashkenaz, Shabbat, Shacharit, Torah Reading, Reading from Sefer, Raising the Torah","0-0","","","true","false","false"
"ashkenaz","shabbat-shacharit","104","haftarah","haftarah","ברכות ההפטרה","Siddur Ashkenaz, Shabbat, Shacharit, Torah Reading, Reading from Sefer, Haftarah","0-5","","","false","false","false"
"ashkenaz","shabbat-shacharit","105","haftarah-shabbat","haftarah","","Siddur Ashkenaz, Shabbat, Shacharit, Torah Reading, Reading from Sefer, Haftarah","6-6","!yomTov&!cholHamoed|!yomTov&!sukkot","","false","false","false"
"ashkenaz","shabbat-shacharit","106","haftarah-regalim","haftarah","","Siddur Ashkenaz, Shabbat, Shacharit, Torah Reading, Reading from Sefer, Haftarah","7-7","yomTov&!roshHashana|cholHamoed&sukkot","","false","false","false"
"ashkenaz","shabbat-shacharit","107","haftarah-rosh-hashana","haftarah","","Siddur Ashkenaz, Shabbat, Shacharit, Torah Reading, Reading from Sefer, Haftarah","8-8","roshHashana","","false","false","false"
"ashkenaz","shabbat-shacharit","108","yekum-purkan","torah-service","יקום פורקן","Siddur Ashkenaz, Shabbat, Shacharit, Communal Prayers, Yekum Purkan","0-1","","","true","false","false"
"ashkenaz","shabbat-shacharit","109","mi-sheberach-kahal","torah-service","מי שברך לקהל","Siddur Ashkenaz, Shabbat, Shacharit, Communal Prayers, Yekum Purkan","2-2","","","true","false","false"
"ashkenaz","shabbat-shacharit","110","medinat-yisrael","torah-service","תפילה לשלום המדינה","Siddur Ashkenaz, Shabbat, Shacharit, Communal Prayers, Prayer of the State of Israel","0-34","","optional","true","false","false"
"ashkenaz","shabbat-shacharit","111","tzahal","torah-service","מי שברך לחיילי צה״ל","Siddur Ashkenaz, Shabbat, Shacharit, Communal Prayers, Prayer for Israeli Soldiers","0-11","","optional","true","false","false"
"ashkenaz","shabbat-shacharit","112","shvuyim","torah-service","מי שברך לשבויים","Siddur Ashkenaz, Shabbat, Shacharit, Communal Prayers, Prayer for Those Being Held in Captivity","0-0","","optional","true","false","false"
"ashkenaz","shabbat-shacharit","113","birkat-hachodesh","birkat-hachodesh","ברכת החודש","Siddur Ashkenaz, Shabbat, Shacharit, Communal Prayers, Birkat Hachodesh","0-4","shabbatMevarchim","","false","false","false"
"ashkenaz","shabbat-shacharit","114","av-harachamim","av-harachamim","אב הרחמים","Siddur Ashkenaz, Shabbat, Shacharit, Communal Prayers, Av HaRachamim","0-1","","","false","false","false"
"ashkenaz","shabbat-shacharit","115","ashrei","ashrei","אשרי","Siddur Ashkenaz, Shabbat, Shacharit, Ashrei","0-0","","","false","false","false"
"ashkenaz","shabbat-shacharit","116","yehalelu","return-torah","יהללו · מזמור לדוד","Siddur Ashkenaz, Shabbat, Shacharit, Returning Sefer to Aron","0-3","","","true","false","false"
"ashkenaz","shabbat-shacharit","117","ledavid-mizmor-yt","","","Siddur Ashkenaz, Shabbat, Shacharit, Returning Sefer to Aron","4-4","","","false","true","false"
"ashkenaz","shabbat-shacharit","118","uvenucho","return-torah","ובנחה יאמר","Siddur Ashkenaz, Shabbat, Shacharit, Returning Sefer to Aron","5-5","","","true","false","false"
"ashkenaz","shabbat-shacharit","119","half-kaddish-musaf","half-kaddish","חצי קדיש","Siddur Ashkenaz, Shabbat, Shacharit, Half Kaddish","0-0","","minyan","true","false","false"
"ashkenaz","shabbat-musaf","1","avot","musaf","ברכת אבות","Siddur Ashkenaz, Shabbat, Musaf LeShabbat, Amidah, Patriarchs","0-2","","","true","false","false"
"ashkenaz","shabbat-musaf","2","zachreinu","musaf","","Siddur Ashkenaz, Shabbat, Musaf LeShabbat, Amidah, Patriarchs","3-3","aseret","","true","false","false"
"ashkenaz","shabbat-musaf","3","avot-end","musaf","","Siddur Ashkenaz, Shabbat, Musaf LeShabbat, Amidah, Patriarchs","4-5","","","true","false","false"
"ashkenaz","shabbat-musaf","4","gevurot","musaf","גבורות","Siddur Ashkenaz, Shabbat, Musaf LeShabbat, Amidah, Divine Might","0-0","","","true","false","false"
"ashkenaz","shabbat-musaf","5","mashiv-haruach","musaf","","Siddur Ashkenaz, Shabbat, Musaf LeShabbat, Amidah, Divine Might","1-1","winter","","true","false","false"
"ashkenaz","shabbat-musaf","6","morid-hatal","musaf","","Siddur Ashkenaz, Shabbat, Musaf LeShabbat, Amidah, Divine Might","2-2","summer","","true","false","false"
"ashkenaz","shabbat-musaf","7","mechalkel","musaf","","Siddur Ashkenaz, Shabbat, Musaf LeShabbat, Amidah, Divine Might","3-3","","","true","false","false"
"ashkenaz","shabbat-musaf","8","mi-chamocha","musaf","","Siddur Ashkenaz, Shabbat, Musaf LeShabbat, Amidah, Divine Might","4-4","aseret","","true","false","false"
"ashkenaz","shabbat-musaf","9","gevurot-end","musaf","","Siddur Ashkenaz, Shabbat, Musaf LeShabbat, Amidah, Divine Might","5-6","","","true","false","false"
"ashkenaz","shabbat-musaf","10","kedusha","kedusha","קדושה","Siddur Ashkenaz, Shabbat, Musaf LeShabbat, Amidah, Kedushah","0-12","","repetition","false","false","false"
"ashkenaz","shabbat-musaf","11","kedushat-hashem","musaf","קדושת השם","Siddur Ashkenaz, Shabbat, Musaf LeShabbat, Amidah, Holiness of God","0-1","","","true","false","false"
"ashkenaz","shabbat-musaf","12","tikanta","musaf","תכנת שבת","Siddur Ashkenaz, Shabbat, Musaf LeShabbat, Amidah, Sanctity of the Day, For Shabbat","0-4","!roshChodesh","","true","false","false"
"ashkenaz","shabbat-musaf","13","ata-yatzarta","musaf","אתה יצרת","Siddur Ashkenaz, Shabbat, Musaf LeShabbat, Amidah, Sanctity of the Day, For Shabbat Rosh Chodesh","0-7","roshChodesh","","true","false","false"
"ashkenaz","shabbat-musaf","14","retze","musaf","רצה","Siddur Ashkenaz, Shabbat, Musaf LeShabbat, Amidah, Temple Service","0-2","","","true","false","false"
"ashkenaz","shabbat-musaf","15","modim","musaf","מודים","Siddur Ashkenaz, Shabbat, Musaf LeShabbat, Amidah, Thanksgiving","0-2","","","true","false","false"
"ashkenaz","shabbat-musaf","16","modim-derabanan","modim-derabanan","מודים דרבנן","Siddur Ashkenaz, Shabbat, Musaf LeShabbat, Amidah, Thanksgiving","3-4","","repetition","false","false","false"
"ashkenaz","shabbat-musaf","17","al-hanisim","musaf","על הנסים","Siddur Ashkenaz, Shabbat, Musaf LeShabbat, Amidah, Thanksgiving","6-16","chanukah|purim","","true","false","false"
"ashkenaz","shabbat-musaf","18","modim-end","musaf","","Siddur Ashkenaz, Shabbat, Musaf LeShabbat, Amidah, Thanksgiving","17-20","","","true","false","false"
"ashkenaz","shabbat-musaf","19","birkat-kohanim","birkat-kohanim","ברכת כהנים","Siddur Ashkenaz, Shabbat, Musaf LeShabbat, Amidah, Birkat Kohanim","0-4","","repetition","false","false","false"
"ashkenaz","shabbat-musaf","20","nesiat-kapayim","birkat-kohanim","נשיאת כפיים","Siddur Ashkenaz, Shabbat, Musaf LeShabbat, Amidah, Birkat Kohanim","5-14","israel","repetition","false","false","false"
"ashkenaz","shabbat-musaf","21","sim-shalom","musaf","שים שלום","Siddur Ashkenaz, Shabbat, Musaf LeShabbat, Amidah, Peace","0-2","","","true","false","false"
"ashkenaz","shabbat-musaf","22","elokai-netzor","elokai-netzor","אלהי נצור","Siddur Ashkenaz, Shabbat, Musaf LeShabbat, Amidah, Concluding Passage","0-8","","","false","false","false"
"ashkenaz","shabbat-musaf","23","kaddish-titkabal","kaddish-titkabal","קדיש תתקבל","Siddur Ashkenaz, Shabbat, Musaf LeShabbat, Kaddish Shalem","0-0","","minyan","true","false","false"
"ashkenaz","shabbat-musaf","24","kaveh","kaveh","קוה אל ה׳","Siddur Ashkenaz, Shabbat, Musaf LeShabbat, Ein Keloheinu","0-0","","","false","false","false"
"ashkenaz","shabbat-musaf","25","ein-keloheinu","ein-keloheinu","אין כאלהינו","Siddur Ashkenaz, Shabbat, Musaf LeShabbat, Ein Keloheinu","1-1","","","false","false","false"
"ashkenaz","shabbat-musaf","26","pitum-haketoret","ketoret","פטום הקטורת","Siddur Ashkenaz, Shabbat, Musaf LeShabbat, Pitum Haketoret","0-4","","","false","false","false"
"ashkenaz","shabbat-musaf","27","kaddish-derabanan","kaddish-derabanan","קדיש דרבנן","Siddur Ashkenaz, Shabbat, Musaf LeShabbat, Kaddish Derabbanan","0-13","","minyan","false","false","false"
"ashkenaz","shabbat-musaf","28","aleinu","aleinu","עלינו לשבח","Siddur Ashkenaz, Shabbat, Musaf LeShabbat, Alenu","0-2","","","true","false","false"
"ashkenaz","shabbat-musaf","29","kaddish-yatom","kaddish-yatom","קדיש יתום","Siddur Ashkenaz, Shabbat, Musaf LeShabbat, Mourner's Kaddish","0-0","","mourners","false","false","false"
"ashkenaz","shabbat-musaf","30","song-of-day","song-of-day","שיר של יום · מזמור שיר ליום השבת","Siddur Ashkenaz, Shabbat, Musaf LeShabbat, Mizmor Shir L'Yom HaShabbat","0-1","","","false","false","false"
"ashkenaz","shabbat-musaf","31","kaddish-yatom-2","kaddish-yatom","קדיש יתום","Siddur Ashkenaz, Shabbat, Musaf LeShabbat, Mourner's Kaddish","0-0","","mourners","false","false","false"
"ashkenaz","shabbat-musaf","32","ledavid","ledavid-ori","לדוד ה׳ אורי","Siddur Ashkenaz, Shabbat, Musaf LeShabbat, LeDavid","0-0","ledavid","","false","false","false"
"ashkenaz","shabbat-musaf","33","kaddish-yatom-ledavid","kaddish-yatom","קדיש יתום","Siddur Ashkenaz, Shabbat, Musaf LeShabbat, Mourner's Kaddish","0-0","ledavid","mourners","false","false","false"
"ashkenaz","shabbat-musaf","34","anim-zemirot","closing-passages","שיר הכבוד · אנעים זמירות","Siddur Ashkenaz, Shabbat, Musaf LeShabbat, Shir HaKavod","0-1","","","false","false","false"
"ashkenaz","shabbat-musaf","35","kaddish-yatom-3","kaddish-yatom","קדיש יתום","Siddur Ashkenaz, Shabbat, Musaf LeShabbat, Mourner's Kaddish","0-0","","mourners","false","false","false"
"ashkenaz","shabbat-musaf","36","adon-olam","closing-passages","אדון עולם","Siddur Ashkenaz, Shabbat, Musaf LeShabbat, Adon Olam","0-0","","","false","false","false"
"ashkenaz","shabbat-kiddush-day","1","kiddusha-rabba","kiddush-day","קידושא רבא","Siddur Ashkenaz, Shabbat, Daytime Meal, Kiddusha Rabba","0-4","","","true","false","true"
"ashkenaz","shabbat-kiddush-day","2","baruch-kel-elyon","zemirot","ברוך אל עליון","Siddur Ashkenaz, Shabbat, Daytime Meal, Zemirot for Second Meal, Baruch Kel Elyon","0-82","","optional","false","false","true"
"ashkenaz","shabbat-kiddush-day","3","yom-zeh-mechubad","zemirot","יום זה מכובד","Siddur Ashkenaz, Shabbat, Daytime Meal, Zemirot for Second Meal, Yom Zeh Mechubad","0-66","","optional","false","false","true"
"ashkenaz","shabbat-kiddush-day","4","yom-shabbaton","zemirot","יום שבתון","Siddur Ashkenaz, Shabbat, Daytime Meal, Zemirot for Second Meal, Yom Shabbaton","0-50","","optional","false","false","true"
"ashkenaz","shabbat-kiddush-day","5","shimru-shabtotai","zemirot","שמרו שבתותי","Siddur Ashkenaz, Shabbat, Daytime Meal, Zemirot for Second Meal, Shimru Shabtotai","0-37","","optional","false","false","true"
"ashkenaz","shabbat-kiddush-day","6","ki-eshmera","zemirot","כי אשמרה שבת","Siddur Ashkenaz, Shabbat, Daytime Meal, Zemirot for Second Meal, Ki Eshmera","0-48","","optional","false","false","true"
"ashkenaz","shabbat-kiddush-day","7","dror-yikra","zemirot","דרור יקרא","Siddur Ashkenaz, Shabbat, Daytime Meal, Zemirot for Second Meal, Dror Yikrah","0-54","","optional","false","false","true"
"ashkenaz","shabbat-mincha","1","ashrei","ashrei","אשרי","Siddur Ashkenaz, Shabbat, Minchah, Ashrei","0-0","","","true","false","false"
"ashkenaz","shabbat-mincha","2","uva-letzion","uva-letzion","ובא לציון","Siddur Ashkenaz, Shabbat, Minchah, Uva Letzion","0-0","","","true","false","false"
"ashkenaz","shabbat-mincha","3","half-kaddish","half-kaddish","חצי קדיש","Siddur Ashkenaz, Shabbat, Minchah, Half Kaddish","0-0","","minyan","true","false","false"
"ashkenaz","shabbat-mincha","4","vaani-tefilati","torah-service","ואני תפלתי","Siddur Ashkenaz, Shabbat, Minchah, Torah Reading, Removing the Torah from Ark, Va'ani Tefillati","0-0","","","false","false","false"
"ashkenaz","shabbat-mincha","5","vayehi-binsoa","torah-service","ויהי בנסוע","Siddur Ashkenaz, Shabbat, Minchah, Torah Reading, Removing the Torah from Ark, Vayehi Binsoa","0-2","","","false","false","false"
"ashkenaz","shabbat-mincha","6","berich-shmei","torah-service","בריך שמיה","Siddur Ashkenaz, Shabbat, Minchah, Torah Reading, Removing the Torah from Ark, Berich Shmei","0-0","","","false","false","false"
"ashkenaz","shabbat-mincha","7","gadlu","torah-service","גדלו","Siddur Ashkenaz, Shabbat, Minchah, Torah Reading, Removing the Torah from Ark, Gadlu","0-1","","","false","false","false"
"ashkenaz","shabbat-mincha","8","lecha-hashem","torah-service","לך ה׳ הממלכה","Siddur Ashkenaz, Shabbat, Minchah, Torah Reading, Removing the Torah from Ark, Lekha Hashem","0-2","","","false","false","false"
"ashkenaz","shabbat-mincha","9","av-harachamim","torah-service","אב הרחמים","Siddur Ashkenaz, Shabbat, Minchah, Torah Reading, Removing the Torah from Ark, Av Harachamim","0-0","","","false","false","false"
"ashkenaz","shabbat-mincha","10","vetigaleh","torah-service","ותגלה ותראה","Siddur Ashkenaz, Shabbat, Minchah, Torah Reading, Removing the Torah from Ark, Vetigaleh Veteraeh","0-1","","","false","false","false"
"ashkenaz","shabbat-mincha","11","torah-reading","torah-reading","ברכות העולה לתורה","Siddur Ashkenaz, Shabbat, Minchah, Torah Reading, Reading from Sefer, Birkat HaTorah","0-11","","minyan","true","false","false"
"ashkenaz","shabbat-mincha","12","hagbaha","torah-reading","הגבהה · וזאת התורה","Siddur Ashkenaz, Shabbat, Minchah, Torah Reading, Reading from Sefer, Raising the Torah","0-1","","","true","false","false"
"ashkenaz","shabbat-mincha","13","yehalelu","return-torah","יהללו","Siddur Ashkenaz, Shabbat, Minchah, Torah Reading, Returning Sefer to Aron, Yehalelu","0-3","","","false","false","false"
"ashkenaz","shabbat-mincha","14","ledavid-mizmor","return-torah","לדוד מזמור","Siddur Ashkenaz, Shabbat, Minchah, Torah Reading, Returning Sefer to Aron, LeDavid","0-9","","","false","false","false"
"ashkenaz","shabbat-mincha","15","uvenucho","return-torah","ובנחה יאמר","Siddur Ashkenaz, Shabbat, Minchah, Torah Reading, Returning Sefer to Aron, Uvenucho Yomar","0-8","","","false","false","false"
"ashkenaz","shabbat-mincha","16","half-kaddish-2","half-kaddish","חצי קדיש","Siddur Ashkenaz, Shabbat, Minchah, Half Kaddish","0-0","","minyan","true","false","false"
"ashkenaz","shabbat-mincha","17","avot","amidah","ברכת אבות","Siddur Ashkenaz, Shabbat, Minchah, Amidah, Patriarchs","0-2","","","true","false","false"
"ashkenaz","shabbat-mincha","18","zachreinu","amidah","","Siddur Ashkenaz, Shabbat, Minchah, Amidah, Patriarchs","3-3","aseret","","true","false","false"
"ashkenaz","shabbat-mincha","19","avot-end","amidah","","Siddur Ashkenaz, Shabbat, Minchah, Amidah, Patriarchs","4-5","","","true","false","false"
"ashkenaz","shabbat-mincha","20","gevurot","amidah","גבורות","Siddur Ashkenaz, Shabbat, Minchah, Amidah, Divine Might","0-0","","","true","false","false"
"ashkenaz","shabbat-mincha","21","morid-hatal","amidah","","Siddur Ashkenaz, Shabbat, Minchah, Amidah, Divine Might","1-1","summer","","true","false","false"
"ashkenaz","shabbat-mincha","22","mashiv-haruach","amidah","","Siddur Ashkenaz, Shabbat, Minchah, Amidah, Divine Might","2-2","winter","","true","false","false"
"ashkenaz","shabbat-mincha","23","mechalkel","amidah","","Siddur Ashkenaz, Shabbat, Minchah, Amidah, Divine Might","3-3","","","true","false","false"
"ashkenaz","shabbat-mincha","24","mi-chamocha","amidah","","Siddur Ashkenaz, Shabbat, Minchah, Amidah, Divine Might","4-4","aseret","","true","false","false"
"ashkenaz","shabbat-mincha","25","gevurot-end","amidah","","Siddur Ashkenaz, Shabbat, Minchah, Amidah, Divine Might","5-6","","","true","false","false"
"ashkenaz","shabbat-mincha","26","kedusha","kedusha","קדושה","Siddur Ashkenaz, Shabbat, Minchah, Amidah, Kedushah","0-9","","repetition","false","false","false"
"ashkenaz","shabbat-mincha","27","kedushat-hashem","amidah","קדושת השם","Siddur Ashkenaz, Shabbat, Minchah, Amidah, Holiness of God","0-1","","","true","false","false"
"ashkenaz","shabbat-mincha","28","ata-echad","amidah","אתה אחד","Siddur Ashkenaz, Shabbat, Minchah, Amidah, Sanctity of the Day","0-5","","","true","false","false"
"ashkenaz","shabbat-mincha","29","retze-bimnuchatenu","amidah","","Siddur Ashkenaz, Shabbat, Minchah, Amidah, Temple Service","0-0","","","true","false","false"
"ashkenaz","shabbat-mincha","30","retze","amidah","רצה","Siddur Ashkenaz, Shabbat, Minchah, Amidah, Temple Service","1-1","","","true","false","false"
"ashkenaz","shabbat-mincha","31","yaale-veyavo","amidah","יעלה ויבוא","Siddur Ashkenaz, Shabbat, Minchah, Amidah, Temple Service","3-8","roshChodesh|cholHamoed","","true","false","false"
"ashkenaz","shabbat-mincha","32","retze-end","amidah","","Siddur Ashkenaz, Shabbat, Minchah, Amidah, Temple Service","9-10","","","true","false","false"
"ashkenaz","shabbat-mincha","33","modim","amidah","מודים","Siddur Ashkenaz, Shabbat, Minchah, Amidah, Thanksgiving, Modim","0-4","","","true","false","false"
"ashkenaz","shabbat-mincha","34","modim-derabanan","modim-derabanan","מודים דרבנן","Siddur Ashkenaz, Shabbat, Minchah, Amidah, Thanksgiving, Modim","6-7","","repetition","false","false","false"
"ashkenaz","shabbat-mincha","35","al-hanisim-chanukah","amidah","על הנסים","Siddur Ashkenaz, Shabbat, Minchah, Amidah, Thanksgiving, Al Hanisim for Chanukkah","0-6","chanukah","","true","false","false"
"ashkenaz","shabbat-mincha","36","al-hanisim-purim","amidah","על הנסים לפורים","Siddur Ashkenaz, Shabbat, Minchah, Amidah, Thanksgiving, Al Hanisim for Purim","0-2","purim","","true","false","false"
"ashkenaz","shabbat-mincha","37","modim-end","amidah","","Siddur Ashkenaz, Shabbat, Minchah, Amidah, Thanksgiving, Al Hanisim for Purim","3-6","","","true","false","false"
"ashkenaz","shabbat-mincha","38","shalom","amidah","שים שלום","Siddur Ashkenaz, Shabbat, Minchah, Amidah, Peace","0-2","","","true","false","false"
"ashkenaz","shabbat-mincha","39","elokai-netzor","elokai-netzor","אלהי נצור","Siddur Ashkenaz, Shabbat, Minchah, Amidah, Concluding Passage","0-6","","","false","false","false"
"ashkenaz","shabbat-mincha","40","tzidkatcha","tzidkatcha","צדקתך","Siddur Ashkenaz, Shabbat, Minchah, Tzidkatkhah Tzedek","0-3","tachanunIfWeekday","","false","false","false"
"ashkenaz","shabbat-mincha","41","kaddish-titkabal","kaddish-titkabal","קדיש תתקבל","Siddur Ashkenaz, Shabbat, Minchah, Kaddish Shalem","0-0","","minyan","true","false","false"
"ashkenaz","shabbat-mincha","42","aleinu","aleinu","עלינו לשבח","Siddur Ashkenaz, Shabbat, Minchah, Alenu","0-2","","","true","false","false"
"ashkenaz","shabbat-mincha","43","kaddish-yatom","kaddish-yatom","קדיש יתום","Siddur Ashkenaz, Shabbat, Minchah, Mourner's Kaddish","0-0","","mourners","false","false","false"
"ashkenaz","shabbat-mincha","44","barchi-nafshi","barchi-nafshi","ברכי נפשי","Siddur Ashkenaz, Shabbat, Minchah, Barchi Nafshi","0-34","winter","","false","false","false"
"ashkenaz","havdalah","1","hine-el","havdalah","הנה אל ישועתי","Siddur Ashkenaz, Shabbat, Havdalah","0-9","","","true","false","true"
"ashkenaz","havdalah","2","hagefen","havdalah","בורא פרי הגפן","Siddur Ashkenaz, Shabbat, Havdalah","10-11","","","true","false","true"
"ashkenaz","havdalah","3","besamim","havdalah","בורא מיני בשמים","Siddur Ashkenaz, Shabbat, Havdalah","12-13","","","true","false","true"
"ashkenaz","havdalah","4","haesh","havdalah","בורא מאורי האש","Siddur Ashkenaz, Shabbat, Havdalah","14-15","","","true","false","true"
"ashkenaz","havdalah","5","havdala","havdalah","המבדיל","Siddur Ashkenaz, Shabbat, Havdalah","16-16","","","true","false","true"
"ashkenaz","birkat-hamazon","1","al-naharot","birkat-hamazon","על נהרות בבל","Siddur Ashkenaz, Berachot, Birkat HaMazon","0-1","tachanun&!yomTov&!shabbat","","true","false","true"
"ashkenaz","birkat-hamazon","2","shir-hamaalot-caption","birkat-hamazon","","Siddur Ashkenaz, Berachot, Birkat HaMazon","2-2","shabbat|!tachanun|yomTov","","true","false","true"
"ashkenaz","birkat-hamazon","3","shir-hamaalot","birkat-hamazon","שיר המעלות","Siddur Ashkenaz, Berachot, Birkat HaMazon","3-3","shabbat|!tachanun|yomTov","","true","false","true"
"ashkenaz","birkat-hamazon","4","zimun","birkat-hamazon","זימון","Siddur Ashkenaz, Berachot, Birkat HaMazon","4-19","","","true","false","true"
"ashkenaz","birkat-hamazon","5","hazan","birkat-hamazon","ברכת הזן","Siddur Ashkenaz, Berachot, Birkat HaMazon","20-21","","","true","false","true"
"ashkenaz","birkat-hamazon","6","haaretz","birkat-hamazon","ברכת הארץ","Siddur Ashkenaz, Berachot, Birkat HaMazon","22-23","","","true","false","true"
"ashkenaz","birkat-hamazon","7","al-hanisim","birkat-hamazon","על הנסים","Siddur Ashkenaz, Berachot, Birkat HaMazon","24-29","chanukah|purim","","true","false","true"
"ashkenaz","birkat-hamazon","8","haaretz-end","birkat-hamazon","","Siddur Ashkenaz, Berachot, Birkat HaMazon","30-30","","","true","false","true"
"ashkenaz","birkat-hamazon","9","rachem","birkat-hamazon","בונה ירושלים","Siddur Ashkenaz, Berachot, Birkat HaMazon","31-32","","","true","false","true"
"ashkenaz","birkat-hamazon","10","retze","birkat-hamazon","רצה והחליצנו","Siddur Ashkenaz, Berachot, Birkat HaMazon","33-34","shabbat","","true","false","true"
"ashkenaz","birkat-hamazon","11","yaale-veyavo","birkat-hamazon","יעלה ויבוא","Siddur Ashkenaz, Berachot, Birkat HaMazon","35-44","roshChodesh|yomTov|cholHamoed","","true","false","true"
"ashkenaz","birkat-hamazon","12","uvneh","birkat-hamazon","","Siddur Ashkenaz, Berachot, Birkat HaMazon","45-46","","","true","false","true"
"ashkenaz","birkat-hamazon","13","hatov-vehametiv","birkat-hamazon","הטוב והמטיב","Siddur Ashkenaz, Berachot, Birkat HaMazon","47-48","","","true","false","true"
"ashkenaz","birkat-hamazon","14","harachaman","birkat-hamazon","הרחמן","Siddur Ashkenaz, Berachot, Birkat HaMazon","49-75","","","true","false","true"
"ashkenaz","birkat-hamazon","15","dinei-shikcha","birkat-hamazon","דיני שכחה","Siddur Ashkenaz, Berachot, Birkat HaMazon","76-88","","","true","false","true"
"ashkenaz","hallel","1","bracha","hallel","ברכת ההלל","Siddur Ashkenaz, Festivals, Rosh Chodesh, Hallel, Berakhah before the Hallel","0-0","","","true","false","false"
"ashkenaz","hallel","2","ps113","hallel","הללויה הללו עבדי ה׳","Siddur Ashkenaz, Festivals, Rosh Chodesh, Hallel, Psalm 113","0-0","","","true","false","false"
"ashkenaz","hallel","3","ps114","hallel","בצאת ישראל ממצרים","Siddur Ashkenaz, Festivals, Rosh Chodesh, Hallel, Psalm 114","0-0","","","true","false","false"
"ashkenaz","hallel","4","lo-lanu","hallel","לא לנו","Siddur Ashkenaz, Festivals, Rosh Chodesh, Hallel, Psalm 115","0-0","!roshChodesh&!halfHallel&!cholHamoed|!roshChodesh&!halfHallel&!pesach","","true","false","false"
"ashkenaz","hallel","5","ps115","hallel","ה׳ זכרנו יברך","Siddur Ashkenaz, Festivals, Rosh Chodesh, Hallel, Psalm 115","1-1","","","true","false","false"
"ashkenaz","hallel","6","ahavti","hallel","אהבתי כי ישמע","Siddur Ashkenaz, Festivals, Rosh Chodesh, Hallel, Psalm 116","0-0","!roshChodesh&!halfHallel&!cholHamoed|!roshChodesh&!halfHallel&!pesach","","true","false","false"
"ashkenaz","hallel","7","ps116","hallel","מה אשיב","Siddur Ashkenaz, Festivals, Rosh Chodesh, Hallel, Psalm 116","1-1","","","true","false","false"
"ashkenaz","hallel","8","ps117","hallel","הללו את ה׳ כל גוים","Siddur Ashkenaz, Festivals, Rosh Chodesh, Hallel, Psalm 117","0-0","","","true","false","false"
"ashkenaz","hallel","9","ps118","hallel","הודו לה׳ כי טוב","Siddur Ashkenaz, Festivals, Rosh Chodesh, Hallel, Psalm 118","0-12","","","true","false","false"
"ashkenaz","hallel","10","yehallelucha","hallel","יהללוך","Siddur Ashkenaz, Festivals, Rosh Chodesh, Hallel, Berakhah after the Hallel","0-1","","","true","false","false"
"ashkenaz","rosh-chodesh-musaf","1","avot","musaf","ברכת אבות","Siddur Ashkenaz, Festivals, Rosh Chodesh, Musaf Amidah for Rosh Chodesh, Avot","0-5","","","true","false","false"
"ashkenaz","rosh-chodesh-musaf","2","gevurot","musaf","גבורות","Siddur Ashkenaz, Festivals, Rosh Chodesh, Musaf Amidah for Rosh Chodesh, Gevurot","0-0","","","true","false","false"
"ashkenaz","rosh-chodesh-musaf","3","morid-hatal","musaf","","Siddur Ashkenaz, Festivals, Rosh Chodesh, Musaf Amidah for Rosh Chodesh, Gevurot","1-1","summer","","true","false","false"
"ashkenaz","rosh-chodesh-musaf","4","mashiv-haruach","musaf","","Siddur Ashkenaz, Festivals, Rosh Chodesh, Musaf Amidah for Rosh Chodesh, Gevurot","2-2","winter","","true","false","false"
"ashkenaz","rosh-chodesh-musaf","5","mechalkel","musaf","","Siddur Ashkenaz, Festivals, Rosh Chodesh, Musaf Amidah for Rosh Chodesh, Gevurot","3-3","","","true","false","false"
"ashkenaz","rosh-chodesh-musaf","6","gevurot-end","musaf","","Siddur Ashkenaz, Festivals, Rosh Chodesh, Musaf Amidah for Rosh Chodesh, Gevurot","4-5","","","true","false","false"
"ashkenaz","rosh-chodesh-musaf","7","kedusha","kedusha","קדושה","Siddur Ashkenaz, Festivals, Rosh Chodesh, Musaf Amidah for Rosh Chodesh, Kedushah, Kedushat HaShem","0-9","","repetition","false","false","false"
"ashkenaz","rosh-chodesh-musaf","8","kedushat-hashem","musaf","קדושת השם","Siddur Ashkenaz, Festivals, Rosh Chodesh, Musaf Amidah for Rosh Chodesh, Kedushah, Kedushat HaShem","11-12","","","true","false","false"
"ashkenaz","rosh-chodesh-musaf","9","kedushat-hayom","musaf","ראשי חדשים","Siddur Ashkenaz, Festivals, Rosh Chodesh, Musaf Amidah for Rosh Chodesh, Sanctity of the Day","0-5","","","true","false","false"
"ashkenaz","rosh-chodesh-musaf","10","retze","musaf","רצה","Siddur Ashkenaz, Festivals, Rosh Chodesh, Musaf Amidah for Rosh Chodesh, Avodah","0-2","","","true","false","false"
"ashkenaz","rosh-chodesh-musaf","11","modim","musaf","מודים","Siddur Ashkenaz, Festivals, Rosh Chodesh, Musaf Amidah for Rosh Chodesh, Hodayah","0-2","","","true","false","false"
"ashkenaz","rosh-chodesh-musaf","12","modim-derabanan","modim-derabanan","מודים דרבנן","Siddur Ashkenaz, Festivals, Rosh Chodesh, Musaf Amidah for Rosh Chodesh, Hodayah","4-5","","repetition","false","false","false"
"ashkenaz","rosh-chodesh-musaf","13","al-hanisim","musaf","על הנסים","Siddur Ashkenaz, Festivals, Rosh Chodesh, Musaf Amidah for Rosh Chodesh, Hodayah","7-12","chanukah","","true","false","false"
"ashkenaz","rosh-chodesh-musaf","14","modim-end","musaf","","Siddur Ashkenaz, Festivals, Rosh Chodesh, Musaf Amidah for Rosh Chodesh, Hodayah","14-16","","","true","false","false"
"ashkenaz","rosh-chodesh-musaf","15","birkat-kohanim","birkat-kohanim","ברכת כהנים","Siddur Ashkenaz, Festivals, Rosh Chodesh, Musaf Amidah for Rosh Chodesh, Birkat Kohanim","0-5","","repetition","false","false","false"
"ashkenaz","rosh-chodesh-musaf","16","nesiat-kapayim","birkat-kohanim","נשיאת כפיים","Siddur Ashkenaz, Festivals, Rosh Chodesh, Musaf Amidah for Rosh Chodesh, Birkat Kohanim","6-19","israel","repetition","false","false","false"
"ashkenaz","rosh-chodesh-musaf","17","sim-shalom","musaf","שים שלום","Siddur Ashkenaz, Festivals, Rosh Chodesh, Musaf Amidah for Rosh Chodesh, Peace","0-1","","","true","false","false"
"ashkenaz","rosh-chodesh-musaf","18","elokai-netzor","elokai-netzor","אלהי נצור","Siddur Ashkenaz, Festivals, Rosh Chodesh, Musaf Amidah for Rosh Chodesh, Passages Ending Amidah","0-8","","","false","false","false"
"ashkenaz","rosh-chodesh-musaf","19","kaddish-titkabal","kaddish-titkabal","קדיש תתקבל","Siddur Ashkenaz, Weekday, Shacharit, Concluding Prayers, Kaddish Shalem","0-7","","minyan","false","false","false"
"ashkenaz","omer","1","leshem-yichud","omer","לשם יחוד","Siddur Ashkenaz, Weekday, Maariv, Sefirat HaOmer","0-2","","","true","false","false"
"ashkenaz","omer","2","vihi-noam","omer","ויהי נועם","Siddur Ashkenaz, Weekday, Maariv, Sefirat HaOmer","3-3","","","true","false","false"
"ashkenaz","omer","3","bracha","omer","ברכת הספירה","Siddur Ashkenaz, Weekday, Maariv, Sefirat HaOmer","4-4","","","true","false","false"
"ashkenaz","omer","4","count","omer","הספירה","Siddur Ashkenaz, Weekday, Maariv, Sefirat HaOmer","5-53","","","true","false","false"
"ashkenaz","omer","5","harachaman","omer","הרחמן","Siddur Ashkenaz, Weekday, Maariv, Sefirat HaOmer","54-54","","","true","false","false"
"ashkenaz","omer","6","lamenatzeach","omer","למנצח בנגינות","Siddur Ashkenaz, Weekday, Maariv, Sefirat HaOmer","55-55","","","true","false","false"
"ashkenaz","omer","7","ana-bekoach","omer","אנא בכח","Siddur Ashkenaz, Weekday, Maariv, Sefirat HaOmer","56-63","","","true","false","false"
"ashkenaz","omer","8","ribono","omer","רבונו של עולם","Siddur Ashkenaz, Weekday, Maariv, Sefirat HaOmer","64-64","","","true","false","false"
"ashkenaz","festival-amidah","1","avot","festival-amidah","ברכת אבות","Siddur Ashkenaz, Festivals, Shalosh Regalim, Amida for Maariv, Shacharit, Mincha, Avot","0-4","","","true","false","false"
"ashkenaz","festival-amidah","2","gevurot","festival-amidah","גבורות","Siddur Ashkenaz, Festivals, Shalosh Regalim, Amida for Maariv, Shacharit, Mincha, Gevurot","0-0","","","true","false","false"
"ashkenaz","festival-amidah","3","mashiv-haruach","festival-amidah","","Siddur Ashkenaz, Festivals, Shalosh Regalim, Amida for Maariv, Shacharit, Mincha, Gevurot","1-1","winter","","true","false","false"
"ashkenaz","festival-amidah","4","morid-hatal","festival-amidah","","Siddur Ashkenaz, Festivals, Shalosh Regalim, Amida for Maariv, Shacharit, Mincha, Gevurot","2-2","summer","","true","false","false"
"ashkenaz","festival-amidah","5","mechalkel","festival-amidah","","Siddur Ashkenaz, Festivals, Shalosh Regalim, Amida for Maariv, Shacharit, Mincha, Gevurot","4-4","","","true","false","false"
"ashkenaz","festival-amidah","6","gevurot-end","festival-amidah","","Siddur Ashkenaz, Festivals, Shalosh Regalim, Amida for Maariv, Shacharit, Mincha, Gevurot","5-6","","","true","false","false"
"ashkenaz","festival-amidah","7","kedusha-shacharit","kedusha","קדושה לשחרית","Siddur Ashkenaz, Festivals, Shalosh Regalim, Amida for Maariv, Shacharit, Mincha, Kedusha","0-7","","repetition","false","false","false"
"ashkenaz","festival-amidah","8","kedusha-mincha","kedusha","קדושה למנחה","Siddur Ashkenaz, Festivals, Shalosh Regalim, Amida for Maariv, Shacharit, Mincha, Kedusha","9-15","","repetition","false","false","false"
"ashkenaz","festival-amidah","9","kedushat-hashem","festival-amidah","קדושת השם","Siddur Ashkenaz, Festivals, Shalosh Regalim, Amida for Maariv, Shacharit, Mincha, Kedusha","17-18","","","true","false","false"
"ashkenaz","festival-amidah","10","ata-vechartanu","festival-amidah","אתה בחרתנו","Siddur Ashkenaz, Festivals, Shalosh Regalim, Amida for Maariv, Shacharit, Mincha, Sanctity of the Day","0-0","","","true","false","false"
"ashkenaz","festival-amidah","11","vatodienu","festival-amidah","ותודיענו","Siddur Ashkenaz, Festivals, Shalosh Regalim, Amida for Maariv, Shacharit, Mincha, Sanctity of the Day","2-3","motzaeiShabbat","","true","false","false"
"ashkenaz","festival-amidah","12","vatiten","festival-amidah","ותתן לנו","Siddur Ashkenaz, Festivals, Shalosh Regalim, Amida for Maariv, Shacharit, Mincha, Sanctity of the Day","5-5","","","true","false","false"
"ashkenaz","festival-amidah","13","day-shabbat","festival-amidah","","Siddur Ashkenaz, Festivals, Shalosh Regalim, Amida for Maariv, Shacharit, Mincha, Sanctity of the Day","6-6","shabbat","","true","false","false"
"ashkenaz","festival-amidah","14","day-pesach","festival-amidah","","Siddur Ashkenaz, Festivals, Shalosh Regalim, Amida for Maariv, Shacharit, Mincha, Sanctity of the Day","7-7","pesach","","true","false","false"
"ashkenaz","festival-amidah","15","day-shavuot","festival-amidah","","Siddur Ashkenaz, Festivals, Shalosh Regalim, Amida for Maariv, Shacharit, Mincha, Sanctity of the Day","8-8","shavuot","","true","false","false"
"ashkenaz","festival-amidah","16","day-sukkot","festival-amidah","","Siddur Ashkenaz, Festivals, Shalosh Regalim, Amida for Maariv, Shacharit, Mincha, Sanctity of the Day","9-9","sukkot","","true","false","false"
"ashkenaz","festival-amidah","17","day-shemini","festival-amidah","","Siddur Ashkenaz, Festivals, Shalosh Regalim, Amida for Maariv, Shacharit, Mincha, Sanctity of the Day","10-10","sheminiAtzeret","","true","false","false"
"ashkenaz","festival-amidah","18","mikra-kodesh","festival-amidah","","Siddur Ashkenaz, Festivals, Shalosh Regalim, Amida for Maariv, Shacharit, Mincha, Sanctity of the Day","11-11","","","true","false","false"
"ashkenaz","festival-amidah","19","yaale-veyavo","festival-amidah","יעלה ויבוא","Siddur Ashkenaz, Festivals, Shalosh Regalim, Amida for Maariv, Shacharit, Mincha, Sanctity of the Day","13-13","","","true","false","false"
"ashkenaz","festival-amidah","20","yaale-pesach","festival-amidah","","Siddur Ashkenaz, Festivals, Shalosh Regalim, Amida for Maariv, Shacharit, Mincha, Sanctity of the Day","14-14","pesach","","true","false","false"
"ashkenaz","festival-amidah","21","yaale-shavuot","festival-amidah","","Siddur Ashkenaz, Festivals, Shalosh Regalim, Amida for Maariv, Shacharit, Mincha, Sanctity of the Day","15-15","shavuot","","true","false","false"
"ashkenaz","festival-amidah","22","yaale-sukkot","festival-amidah","","Siddur Ashkenaz, Festivals, Shalosh Regalim, Amida for Maariv, Shacharit, Mincha, Sanctity of the Day","16-16","sukkot","","true","false","false"
"ashkenaz","festival-amidah","23","yaale-shemini","festival-amidah","","Siddur Ashkenaz, Festivals, Shalosh Regalim, Amida for Maariv, Shacharit, Mincha, Sanctity of the Day","17-17","sheminiAtzeret","","true","false","false"
"ashkenaz","festival-amidah","24","yaale-end","festival-amidah","","Siddur Ashkenaz, Festivals, Shalosh Regalim, Amida for Maariv, Shacharit, Mincha, Sanctity of the Day","18-19","","","true","false","false"
"ashkenaz","festival-amidah","25","vehasienu","festival-amidah","והשיאנו","Siddur Ashkenaz, Festivals, Shalosh Regalim, Amida for Maariv, Shacharit, Mincha, Sanctity of the Day","20-20","","","true","false","false"
"ashkenaz","festival-amidah","26","retze-bimnuchatenu","festival-amidah","","Siddur Ashkenaz, Festivals, Shalosh Regalim, Amida for Maariv, Shacharit, Mincha, Sanctity of the Day","21-21","shabbat","","true","false","false"
"ashkenaz","festival-amidah","27","kadshenu","festival-amidah","","Siddur Ashkenaz, Festivals, Shalosh Regalim, Amida for Maariv, Shacharit, Mincha, Sanctity of the Day","22-23","","","true","false","false"
"ashkenaz","festival-amidah","28","retze","festival-amidah","רצה","Siddur Ashkenaz, Festivals, Shalosh Regalim, Amida for Maariv, Shacharit, Mincha, Avodah","0-2","","","true","false","false"
"ashkenaz","festival-amidah","29","modim","festival-amidah","מודים","Siddur Ashkenaz, Festivals, Shalosh Regalim, Amida for Maariv, Shacharit, Mincha, Modim","0-0","","","true","false","false"
"ashkenaz","festival-amidah","30","modim-derabanan","modim-derabanan","מודים דרבנן","Siddur Ashkenaz, Festivals, Shalosh Regalim, Amida for Maariv, Shacharit, Mincha, Modim","2-3","","repetition","false","false","false"
"ashkenaz","festival-amidah","31","modim-end","festival-amidah","","Siddur Ashkenaz, Festivals, Shalosh Regalim, Amida for Maariv, Shacharit, Mincha, Modim","5-7","","","true","false","false"
"ashkenaz","festival-amidah","32","birkat-kohanim","birkat-kohanim","ברכת כהנים","Siddur Ashkenaz, Festivals, Shalosh Regalim, Amida for Maariv, Shacharit, Mincha, Birkat Kohanim","0-5","","repetition","false","false","false"
"ashkenaz","festival-amidah","33","sim-shalom","festival-amidah","שים שלום","Siddur Ashkenaz, Festivals, Shalosh Regalim, Amida for Maariv, Shacharit, Mincha, Peace","0-1","","","true","false","false"
"ashkenaz","festival-amidah","34","elokai-netzor","elokai-netzor","אלהי נצור","Siddur Ashkenaz, Festivals, Shalosh Regalim, Amida for Maariv, Shacharit, Mincha, Concluding Prayer","0-7","","","false","false","false"
"ashkenaz","festival-musaf","1","avot","musaf","ברכת אבות","Siddur Ashkenaz, Festivals, Shalosh Regalim, Mussaf, Avot","0-5","","","true","false","false"
"ashkenaz","festival-musaf","2","gevurot","musaf","גבורות","Siddur Ashkenaz, Festivals, Shalosh Regalim, Mussaf, Gevurot","0-0","","","true","false","false"
"ashkenaz","festival-musaf","3","mashiv-haruach","musaf","","Siddur Ashkenaz, Festivals, Shalosh Regalim, Mussaf, Gevurot","1-1","winter","","true","false","false"
"ashkenaz","festival-musaf","4","morid-hatal","musaf","","Siddur Ashkenaz, Festivals, Shalosh Regalim, Mussaf, Gevurot","2-2","summer","","true","false","false"
"ashkenaz","festival-musaf","5","mechalkel","musaf","","Siddur Ashkenaz, Festivals, Shalosh Regalim, Mussaf, Gevurot","3-3","","","true","false","false"
"ashkenaz","festival-musaf","6","gevurot-end","musaf","","Siddur Ashkenaz, Festivals, Shalosh Regalim, Mussaf, Gevurot","4-5","","","true","false","false"
"ashkenaz","festival-musaf","7","kedusha","kedusha","קדושה","Siddur Ashkenaz, Festivals, Shalosh Regalim, Mussaf, Kedusha","0-8","!cholHamoed|shabbat|hoshanaRabbah","repetition","false","false","false"
"ashkenaz","festival-musaf","8","kedusha-dup","","","Siddur Ashkenaz, Festivals, Shalosh Regalim, Mussaf, Kedusha","9-9","","","false","true","false"
"ashkenaz","festival-musaf","9","kedusha-chm","kedusha","קדושה לחול המועד","Siddur Ashkenaz, Festivals, Shalosh Regalim, Mussaf, Kedusha","11-17","cholHamoed&!shabbat&!hoshanaRabbah","repetition","false","false","false"
"ashkenaz","festival-musaf","10","adir-adirenu","kedusha","","Siddur Ashkenaz, Festivals, Shalosh Regalim, Mussaf, Kedusha","18-19","!cholHamoed|hoshanaRabbah","repetition","false","false","false"
"ashkenaz","festival-musaf","11","kedusha-yimloch","kedusha","","Siddur Ashkenaz, Festivals, Shalosh Regalim, Mussaf, Kedusha","20-21","!cholHamoed|shabbat|hoshanaRabbah","repetition","false","false","false"
"ashkenaz","festival-musaf","12","kedusha-end","kedusha","","Siddur Ashkenaz, Festivals, Shalosh Regalim, Mussaf, Kedusha","22-23","","repetition","false","false","false"
"ashkenaz","festival-musaf","13","kedushat-hashem","musaf","קדושת השם","Siddur Ashkenaz, Festivals, Shalosh Regalim, Mussaf, Sanctity of the Name","0-2","","","true","false","false"
"ashkenaz","festival-musaf","14","ata-vechartanu","musaf","אתה בחרתנו","Siddur Ashkenaz, Festivals, Shalosh Regalim, Mussaf, Sanctity of the Day","0-1","","","true","false","false"
"ashkenaz","festival-musaf","15","day-shabbat","musaf","","Siddur Ashkenaz, Festivals, Shalosh Regalim, Mussaf, Sanctity of the Day","2-2","shabbat","","true","false","false"
"ashkenaz","festival-musaf","16","day-pesach","musaf","","Siddur Ashkenaz, Festivals, Shalosh Regalim, Mussaf, Sanctity of the Day","3-3","pesach","","true","false","false"
"ashkenaz","festival-musaf","17","day-shavuot","musaf","","Siddur Ashkenaz, Festivals, Shalosh Regalim, Mussaf, Sanctity of the Day","4-4","shavuot","","true","false","false"
"ashkenaz","festival-musaf","18","day-sukkot","musaf","","Siddur Ashkenaz, Festivals, Shalosh Regalim, Mussaf, Sanctity of the Day","5-5","sukkot","","true","false","false"
"ashkenaz","festival-musaf","19","day-shemini","musaf","","Siddur Ashkenaz, Festivals, Shalosh Regalim, Mussaf, Sanctity of the Day","6-6","sheminiAtzeret","","true","false","false"
"ashkenaz","festival-musaf","20","mikra-kodesh","musaf","","Siddur Ashkenaz, Festivals, Shalosh Regalim, Mussaf, Sanctity of the Day","7-7","","","true","false","false"
"ashkenaz","festival-musaf","21","mipnei-chataeinu","musaf","ומפני חטאינו","Siddur Ashkenaz, Festivals, Shalosh Regalim, Mussaf, Sanctity of the Day","9-12","","","true","false","false"
"ashkenaz","festival-musaf","22","musaf-pesach","musaf","","Siddur Ashkenaz, Festivals, Shalosh Regalim, Mussaf, Sanctity of the Day","13-13","pesach","","true","false","false"
"ashkenaz","festival-musaf","23","musaf-shavuot","musaf","","Siddur Ashkenaz, Festivals, Shalosh Regalim, Mussaf, Sanctity of the Day","14-14","shavuot","","true","false","false"
"ashkenaz","festival-musaf","24","musaf-sukkot","musaf","","Siddur Ashkenaz, Festivals, Shalosh Regalim, Mussaf, Sanctity of the Day","15-15","sukkot","","true","false","false"
"ashkenaz","festival-musaf","25","musaf-shemini","musaf","","Siddur Ashkenaz, Festivals, Shalosh Regalim, Mussaf, Sanctity of the Day","16-16","sheminiAtzeret","","true","false","false"
"ashkenaz","festival-musaf","26","naase","musaf","","Siddur Ashkenaz, Festivals, Shalosh Regalim, Mussaf, Sanctity of the Day","17-17","","","true","false","false"
"ashkenaz","festival-musaf","27","korban-shabbat","musaf","וביום השבת","Siddur Ashkenaz, Festivals, Shalosh Regalim, Mussaf, Sanctity of the Day","18-19","shabbat","","true","false","false"
"ashkenaz","festival-musaf","28","korban-pesach","musaf","ובחדש הראשון","Siddur Ashkenaz, Festivals, Shalosh Regalim, Mussaf, Sanctity of the Day","21-26","pesach&yomTov","","true","false","false"
"ashkenaz","festival-musaf","29","korban-shavuot","musaf","וביום הבכורים","Siddur Ashkenaz, Festivals, Shalosh Regalim, Mussaf, Sanctity of the Day","27-30","shavuot","","true","false","false"
"ashkenaz","festival-musaf","30","korban-sukkot","musaf","ובחמשה עשר יום","Siddur Ashkenaz, Festivals, Shalosh Regalim, Mussaf, Sanctity of the Day","31-34","sukkot&yomTov","","true","false","false"
"ashkenaz","festival-musaf","31","uminchatam","musaf","ומנחתם ונסכיהם","Siddur Ashkenaz, Festivals, Shalosh Regalim, Mussaf, Sanctity of the Day","35-36","","","true","false","false"
"ashkenaz","festival-musaf","32","korban-pesach-late","musaf","והקרבתם (חול המועד ושביעי של פסח)","Siddur Ashkenaz, Festivals, Shalosh Regalim, Mussaf, Sanctity of the Day","37-39","pesach","","true","false","false"
"ashkenaz","festival-musaf","33","korban-sukkot-chm","musaf","קרבנות חול המועד סוכות","Siddur Ashkenaz, Festivals, Shalosh Regalim, Mussaf, Sanctity of the Day","40-55","sukkot&cholHamoed","","true","false","false"
"ashkenaz","festival-musaf","34","korban-hoshana-rabba","musaf","להושענא רבה","Siddur Ashkenaz, Festivals, Shalosh Regalim, Mussaf, Sanctity of the Day","56-58","hoshanaRabbah","","true","false","false"
"ashkenaz","festival-musaf","35","korban-shemini","musaf","ביום השמיני","Siddur Ashkenaz, Festivals, Shalosh Regalim, Mussaf, Sanctity of the Day","59-62","sheminiAtzeret","","true","false","false"
"ashkenaz","festival-musaf","36","yismechu","musaf","ישמחו במלכותך","Siddur Ashkenaz, Festivals, Shalosh Regalim, Mussaf, Sanctity of the Day","64-64","shabbat","","true","false","false"
"ashkenaz","festival-musaf","37","melech-rachaman","musaf","אלהינו ואלהי אבותינו מלך רחמן","Siddur Ashkenaz, Festivals, Shalosh Regalim, Mussaf, Sanctity of the Day","66-68","","","true","false","false"
"ashkenaz","festival-musaf","38","retze","musaf","רצה","Siddur Ashkenaz, Festivals, Shalosh Regalim, Mussaf, Avodah","0-3","","","true","false","false"
"ashkenaz","festival-musaf","39","modim","musaf","מודים","Siddur Ashkenaz, Festivals, Shalosh Regalim, Mussaf, Modim","0-1","","","true","false","false"
"ashkenaz","festival-musaf","40","modim-derabanan","modim-derabanan","מודים דרבנן","Siddur Ashkenaz, Festivals, Shalosh Regalim, Mussaf, Modim","3-4","","repetition","false","false","false"
"ashkenaz","festival-musaf","41","modim-end","musaf","","Siddur Ashkenaz, Festivals, Shalosh Regalim, Mussaf, Modim","6-8","","","true","false","false"
"ashkenaz","festival-musaf","42","birkat-kohanim","birkat-kohanim","ברכת כהנים","Siddur Ashkenaz, Festivals, Shalosh Regalim, Mussaf, Birkat Kohanim","0-18","","repetition","false","false","false"
"ashkenaz","festival-musaf","43","sim-shalom","musaf","שים שלום","Siddur Ashkenaz, Festivals, Shalosh Regalim, Mussaf, Peace","0-2","","","true","false","false"
"ashkenaz","festival-musaf","44","elokai-netzor","elokai-netzor","אלהי נצור","Siddur Ashkenaz, Festivals, Shalosh Regalim, Mussaf, Concluding Prayer","0-6","","","false","false","false"
"sefard","weekday-shacharit","1","modeh-ani","modeh-ani","מודה אני","Siddur Sefard, Upon Arising, Modeh Ani","0-1","","","false","false","false"
"sefard","weekday-shacharit","2","reishit-chochma","netilat-yadayim","ראשית חכמה","Siddur Sefard, Upon Arising, Modeh Ani","2-3","","","false","false","false"
"sefard","weekday-shacharit","3","tzitzit","tallit","ברכת טלית קטן","Siddur Sefard, Upon Arising, Modeh Ani","4-6","","","true","false","false"
"sefard","weekday-shacharit","4","tallit","tallit","עטיפת טלית","Siddur Sefard, Upon Arising, Tallit","0-5","","","true","false","false"
"sefard","weekday-shacharit","5","tefillin","tefillin","הנחת תפילין","Siddur Sefard, Upon Arising, Tefilin","0-10","","","true","false","false"
"sefard","weekday-shacharit","6","kadesh","tefillin","קדש · והיה כי יביאך","Siddur Sefard, Upon Arising, Tefilin","11-13","","","true","false","false"
"sefard","weekday-shacharit","7","tefila-kodem","morning-prayers","תפילה קודם התפילה","Siddur Sefard, Upon Arising, Introductory Prayers","0-11","","","false","false","false"
"sefard","weekday-shacharit","8","patach-eliyahu","morning-prayers","פתח אליהו","Siddur Sefard, Upon Arising, Introductory Prayers","12-14","","","false","false","false"
"sefard","weekday-shacharit","9","odeh-lael","morning-prayers","אודה לאל לבב חוקר","Siddur Sefard, Upon Arising, Introductory Prayers","15-37","","","false","false","false"
"sefard","weekday-shacharit","10","hareini-mechaven","morning-prayers","הריני מכוון","Siddur Sefard, Upon Arising, Introductory Prayers","38-41","","optional","false","false","false"
"sefard","weekday-shacharit","11","ahavat-reim","morning-prayers","הריני מקבל עלי","Siddur Sefard, Upon Arising, Upon Entering Synagogue","0-1","","","false","false","false"
"sefard","weekday-shacharit","12","ma-tovu","morning-prayers","מה טובו","Siddur Sefard, Upon Arising, Upon Entering Synagogue","2-3","","","false","false","false"
"sefard","weekday-shacharit","13","adon-olam","morning-prayers","אדון עולם","Siddur Sefard, Upon Arising, Upon Entering Synagogue","4-14","","","false","false","false"
"sefard","weekday-shacharit","14","yigdal","morning-prayers","יגדל","Siddur Sefard, Upon Arising, Upon Entering Synagogue","15-41","","","false","false","false"
"sefard","weekday-shacharit","15","al-netilat-yadayim","netilat-yadayim","על נטילת ידיים","Siddur Sefard, Weekday Shacharit, Morning Blessings","0-0","","","false","false","false"
"sefard","weekday-shacharit","16","asher-yatzar","morning-blessings","אשר יצר","Siddur Sefard, Weekday Shacharit, Morning Blessings","1-1","","","true","false","false"
"sefard","weekday-shacharit","17","elokai-neshama","morning-blessings","אלהי נשמה","Siddur Sefard, Weekday Shacharit, Morning Blessings","2-2","","","true","false","false"
"sefard","weekday-shacharit","18","birkot-hatorah","torah-blessings","ברכות התורה","Siddur Sefard, Weekday Shacharit, Blessings on Torah","0-6","","","true","false","false"
"sefard","weekday-shacharit","19","birkot-hashachar","morning-blessings","ברכות השחר","Siddur Sefard, Weekday Shacharit, Blessings on Torah","7-25","","","true","false","false"
"sefard","weekday-shacharit","20","akeda","morning-prayers","פרשת העקדה","Siddur Sefard, Weekday Shacharit, Morning Prayer","0-1","","","false","false","false"
"sefard","weekday-shacharit","21","ribono-akeda","morning-prayers","רבונו של עולם","Siddur Sefard, Weekday Shacharit, Morning Prayer","2-3","tachanun","","false","false","false"
"sefard","weekday-shacharit","22","leolam-yehe","morning-prayers","לעולם יהא אדם","Siddur Sefard, Weekday Shacharit, Morning Prayer","4-13","","","false","false","false"
"sefard","weekday-shacharit","23","kiyor","korbanot","פרשת הכיור","Siddur Sefard, Weekday Shacharit, Korbanot","0-1","","","true","false","false"
"sefard","weekday-shacharit","24","terumat-hadeshen","korbanot","פרשת תרומת הדשן","Siddur Sefard, Weekday Shacharit, Korbanot","2-3","","","true","false","false"
"sefard","weekday-shacharit","25","tamid","korbanot","פרשת התמיד","Siddur Sefard, Weekday Shacharit, Korbanot","4-9","","","true","false","false"
"sefard","weekday-shacharit","26","ketoret","ketoret","פטום הקטורת","Siddur Sefard, Weekday Shacharit, Korbanot","10-19","","","false","false","false"
"sefard","weekday-shacharit","27","abaye","korbanot","אביי הוה מסדר","Siddur Sefard, Weekday Shacharit, Korbanot","20-20","","","true","false","false"
"sefard","weekday-shacharit","28","ana-bekoach","korbanot","אנא בכח","Siddur Sefard, Weekday Shacharit, Korbanot","21-22","","","true","false","false"
"sefard","weekday-shacharit","29","ribon-haolamim","korbanot","רבון העולמים","Siddur Sefard, Weekday Shacharit, Korbanot","23-23","","","true","false","false"
"sefard","weekday-shacharit","30","musaf-rosh-chodesh-korban","korbanot","ובראשי חדשיכם","Siddur Sefard, Weekday Shacharit, Korbanot","24-25","roshChodesh","","true","false","false"
"sefard","weekday-shacharit","31","eizehu-mekoman","korbanot","איזהו מקומן","Siddur Sefard, Weekday Shacharit, Korbanot","26-40","","","true","false","false"
"sefard","weekday-shacharit","32","braita","korbanot","ברייתא דרבי ישמעאל","Siddur Sefard, Weekday Shacharit, B'raita d'Rabi Yishmael","0-1","","","true","false","false"
"sefard","weekday-shacharit","33","kaddish-derabanan-1","kaddish-derabanan","קדיש דרבנן","Siddur Sefard, Weekday Shacharit, B'raita d'Rabi Yishmael","2-8","","minyan","false","false","false"
"sefard","weekday-shacharit","34","hodu","hodu","הודו","Siddur Sefard, Weekday Shacharit, Hodu","0-5","","","false","false","false"
"sefard","weekday-shacharit","35","mizmor-shir","mizmor-shir","מזמור שיר חנוכת הבית","Siddur Sefard, Weekday Shacharit, Hodu","6-7","","","false","false","false"
"sefard","weekday-shacharit","36","hashem-melech","pesukei-dezimra","ה׳ מלך · הושיענו · למנצח","Siddur Sefard, Weekday Shacharit, Hodu","8-10","","","true","false","false"
"sefard","weekday-shacharit","37","baruch-sheamar","baruch-sheamar","ברוך שאמר","Siddur Sefard, Weekday Shacharit, Hodu","11-12","","","false","false","false"
"sefard","weekday-shacharit","38","mizmor-letoda","pesukei-dezimra","מזמור לתודה","Siddur Sefard, Weekday Shacharit, Hodu","13-14","","","true","false","false"
"sefard","weekday-shacharit","39","yehi-chevod","pesukei-dezimra","יהי כבוד","Siddur Sefard, Weekday Shacharit, Hodu","15-16","","","true","false","false"
"sefard","weekday-shacharit","40","ashrei-pz","pesukei-dezimra","אשרי","Siddur Sefard, Weekday Shacharit, Hodu","17-18","","","true","false","false"
"sefard","weekday-shacharit","41","halleluyah","pesukei-dezimra","הללויה","Siddur Sefard, Weekday Shacharit, Hodu","19-28","","","true","false","false"
"sefard","weekday-shacharit","42","baruch-hashem-leolam","pesukei-dezimra","ברוך ה׳ לעולם","Siddur Sefard, Weekday Shacharit, Hodu","29-30","","","true","false","false"
"sefard","weekday-shacharit","43","vayevarech-david","pesukei-dezimra","ויברך דוד","Siddur Sefard, Weekday Shacharit, Hodu","31-35","","","true","false","false"
"sefard","weekday-shacharit","44","az-yashir","az-yashir","שירת הים","Siddur Sefard, Weekday Shacharit, Hodu","36-38","","","false","false","false"
"sefard","weekday-shacharit","45","yishtabach","yishtabach","ישתבח","Siddur Sefard, Weekday Shacharit, Yishtabach","0-1","","","true","false","false"
"sefard","weekday-shacharit","46","shir-hamaalot-aseret","yishtabach","שיר המעלות ממעמקים","Siddur Sefard, Weekday Shacharit, Yishtabach","2-3","aseret","","true","false","false"
"sefard","weekday-shacharit","47","half-kaddish-yishtabach","half-kaddish","חצי קדיש","Siddur Sefard, Weekday Shacharit, Yishtabach","4-8","","minyan","true","false","false"
"sefard","weekday-shacharit","48","barchu","barchu","ברכו","Siddur Sefard, Weekday Shacharit, The Shema","0-4","","minyan","false","false","false"
"sefard","weekday-shacharit","49","yotzer","shema-blessings","יוצר אור","Siddur Sefard, Weekday Shacharit, The Shema","5-13","","","true","false","false"
"sefard","weekday-shacharit","50","ahavat-olam","shema-blessings","אהבת עולם","Siddur Sefard, Weekday Shacharit, The Shema","14-15","","","true","false","false"
"sefard","weekday-shacharit","51","shema","shema","קריאת שמע","Siddur Sefard, Weekday Shacharit, The Shema","16-28","","","true","false","false"
"sefard","weekday-shacharit","52","emet-veyatziv","after-shema","אמת ויציב","Siddur Sefard, Weekday Shacharit, The Shema","29-38","","","false","false","false"
"sefard","weekday-shacharit","53","amidah-opening","amidah","תפילת העמידה","Siddur Sefard, Weekday Shacharit, Amidah","0-0","","","true","false","false"
"sefard","weekday-shacharit","54","avot-heading","","","Siddur Sefard, Weekday Shacharit, Amidah","1-1","","","false","true","false"
"sefard","weekday-shacharit","55","avot","amidah","ברכת אבות","Siddur Sefard, Weekday Shacharit, Amidah","2-6","","","true","false","false"
"sefard","weekday-shacharit","56","gevurot","amidah","גבורות","Siddur Sefard, Weekday Shacharit, Amidah","7-18","","","true","false","false"
"sefard","weekday-shacharit","57","kedusha-direction","","","Siddur Sefard, Weekday Shacharit, Amidah","19-19","","","false","true","false"
"sefard","weekday-shacharit","58","kedusha","kedusha","קדושה","Siddur Sefard, Weekday Shacharit, Amidah","20-32","","repetition","false","false","false"
"sefard","weekday-shacharit","59","kedushat-hashem","amidah","קדושת השם","Siddur Sefard, Weekday Shacharit, Amidah","33-38","","","true","false","false"
"sefard","weekday-shacharit","60","daat-heading","","","Siddur Sefard, Weekday Shacharit, Amidah","39-39","","","false","true","false"
"sefard","weekday-shacharit","61","daat","amidah","חונן הדעת","Siddur Sefard, Weekday Shacharit, Amidah","40-40","","","true","false","false"
"sefard","weekday-shacharit","62","teshuva","amidah","תשובה","Siddur Sefard, Weekday Shacharit, Amidah","41-42","","","true","false","false"
"sefard","weekday-shacharit","63","selicha","amidah","סליחה","Siddur Sefard, Weekday Shacharit, Amidah","43-44","","","true","false","false"
"sefard","weekday-shacharit","64","geula","amidah","גאולה","Siddur Sefard, Weekday Shacharit, Amidah","45-46","","","true","false","false"
"sefard","weekday-shacharit","65","aneinu-pointer","","","Siddur Sefard, Weekday Shacharit, Amidah","47-47","","","false","true","false"
"sefard","weekday-shacharit","66","mincha-amidah-before","","","Siddur Sefard, Weekday Mincha, Amidah","0-46","","","false","true","false"
"sefard","weekday-shacharit","67","aneinu-chazzan","amidah","עננו","Siddur Sefard, Weekday Mincha, Amidah","47-48","fast","repetition","true","false","false"
"sefard","weekday-shacharit","68","mincha-amidah-after","","","Siddur Sefard, Weekday Mincha, Amidah","49-127","","","false","true","false"
"sefard","weekday-shacharit","69","refua","amidah","רפואה","Siddur Sefard, Weekday Shacharit, Amidah","48-52","","","true","false","false"
"sefard","weekday-shacharit","70","birkat-hashanim","amidah","ברכת השנים","Siddur Sefard, Weekday Shacharit, Amidah","53-60","","","true","false","false"
"sefard","weekday-shacharit","71","kibbutz-galuyot","amidah","קיבוץ גליות","Siddur Sefard, Weekday Shacharit, Amidah","61-62","","","true","false","false"
"sefard","weekday-shacharit","72","mishpat-heading","","","Siddur Sefard, Weekday Shacharit, Amidah","63-63","","","false","true","false"
"sefard","weekday-shacharit","73","mishpat","amidah","השבת המשפט","Siddur Sefard, Weekday Shacharit, Amidah","64-68","","","true","false","false"
"sefard","weekday-shacharit","74","minim","amidah","ברכת המינים","Siddur Sefard, Weekday Shacharit, Amidah","69-70","","","true","false","false"
"sefard","weekday-shacharit","75","tzadikim-heading","","","Siddur Sefard, Weekday Shacharit, Amidah","71-71","","","false","true","false"
"sefard","weekday-shacharit","76","tzadikim","amidah","על הצדיקים","Siddur Sefard, Weekday Shacharit, Amidah","72-72","","","true","false","false"
"sefard","weekday-shacharit","77","yerushalayim","amidah","בנין ירושלים","Siddur Sefard, Weekday Shacharit, Amidah","73-74","","","true","false","false"
"sefard","weekday-shacharit","78","malchut-david","amidah","מלכות בית דוד","Siddur Sefard, Weekday Shacharit, Amidah","75-76","","","true","false","false"
"sefard","weekday-shacharit","79","shomea-tefila-heading","","","Siddur Sefard, Weekday Shacharit, Amidah","77-77","","","false","true","false"
"sefard","weekday-shacharit","80","shomea-tefila","amidah","שומע תפילה","Siddur Sefard, Weekday Shacharit, Amidah","78-80","","","true","false","false"
"sefard","weekday-shacharit","81","retze-heading","","","Siddur Sefard, Weekday Shacharit, Amidah","81-81","","","false","true","false"
"sefard","weekday-shacharit","82","retze","amidah","רצה","Siddur Sefard, Weekday Shacharit, Amidah","82-82","","","true","false","false"
"sefard","weekday-shacharit","83","yaale-veyavo","amidah","יעלה ויבוא","Siddur Sefard, Weekday Shacharit, Amidah","83-89","roshChodesh|cholHamoed","","true","false","false"
"sefard","weekday-shacharit","84","retze-end","amidah","","Siddur Sefard, Weekday Shacharit, Amidah","90-90","","","true","false","false"
"sefard","weekday-shacharit","85","modim-heading","","","Siddur Sefard, Weekday Shacharit, Amidah","91-91","","","false","true","false"
"sefard","weekday-shacharit","86","modim","amidah","מודים","Siddur Sefard, Weekday Shacharit, Amidah","92-93","","","true","false","false"
"sefard","weekday-shacharit","87","modim-derabanan","modim-derabanan","מודים דרבנן","Siddur Sefard, Weekday Shacharit, Amidah","94-95","","repetition","false","false","false"
"sefard","weekday-shacharit","88","al-hanisim","amidah","על הנסים","Siddur Sefard, Weekday Shacharit, Amidah","96-101","chanukah|purim","","true","false","false"
"sefard","weekday-shacharit","89","modim-end","amidah","","Siddur Sefard, Weekday Shacharit, Amidah","102-106","","","true","false","false"
"sefard","weekday-shacharit","90","birkat-kohanim","birkat-kohanim","ברכת כהנים","Siddur Sefard, Weekday Shacharit, Amidah","107-114","","repetition","false","false","false"
"sefard","weekday-shacharit","91","sim-shalom-heading","","","Siddur Sefard, Weekday Shacharit, Amidah","115-115","","","false","true","false"
"sefard","weekday-shacharit","92","sim-shalom","amidah","שים שלום","Siddur Sefard, Weekday Shacharit, Amidah","116-120","","","true","false","false"
"sefard","weekday-shacharit","93","elokai-netzor","elokai-netzor","אלהי נצור","Siddur Sefard, Weekday Shacharit, Amidah","121-124","","","false","false","false"
"sefard","weekday-shacharit","94","hallel-heading","","","Siddur Sefard, Rosh Chodesh, Hallel","0-0","","","false","true","false"
"sefard","weekday-shacharit","95","hallel","hallel","הלל","Siddur Sefard, Rosh Chodesh, Hallel","1-27","hallel","","false","false","false"
"sefard","weekday-shacharit","96","kaddish-after-hallel","kaddish-titkabal","קדיש תתקבל","Siddur Sefard, Rosh Chodesh, Hallel","28-34","hallel&!chanukah","minyan","true","false","false"
"sefard","weekday-shacharit","97","half-kaddish-after-hallel","half-kaddish","חצי קדיש","Siddur Sefard, Rosh Chodesh, Hallel","28-31","chanukah","minyan","true","false","false"
"sefard","weekday-shacharit","98","avinu-malkeinu","avinu-malkeinu","אבינו מלכנו","Siddur Sefard, Weekday Shacharit, Avinu Malkeinu","0-54","avinuMalkeinu","","false","false","false"
"sefard","weekday-shacharit","99","vidui","vidui","וידוי ושלוש עשרה מידות","Siddur Sefard, Weekday Shacharit, Tachanun","0-9","tachanun","","false","false","false"
"sefard","weekday-shacharit","100","nefilat-apayim","tachanun","נפילת אפיים","Siddur Sefard, Weekday Shacharit, Tachanun","10-13","tachanun","","true","false","false"
"sefard","weekday-shacharit","101","vehu-rachum","tachanun","והוא רחום","Siddur Sefard, Weekday Shacharit, For Monday & Thursday","0-19","mondayThursday&tachanun","","true","false","false"
"sefard","weekday-shacharit","102","shomer-yisrael","tachanun","שומר ישראל","Siddur Sefard, Weekday Shacharit, For Monday & Thursday","20-24","tachanun","","true","false","false"
"sefard","weekday-shacharit","103","half-kaddish","half-kaddish","חצי קדיש","Siddur Sefard, Weekday Shacharit, For Monday & Thursday","25-30","!hallel","minyan","true","false","false"
"sefard","weekday-shacharit","104","kel-erech-apayim","torah-service","אל ארך אפים","Siddur Sefard, Weekday Shacharit, Torah Reading","0-1","mondayThursday&tachanun","","false","false","false"
"sefard","weekday-shacharit","105","torah-service","torah-service","הוצאת ספר תורה","Siddur Sefard, Weekday Shacharit, Torah Reading","2-15","torahReading&!roshChodesh","minyan","false","false","false"
"sefard","weekday-shacharit","106","torah-reading","torah-reading","קריאת התורה","Siddur Sefard, Weekday Shacharit, Torah Reading","16-30","torahReading&!roshChodesh","minyan","true","false","false"
"sefard","weekday-shacharit","107","fast-torah-text","torah-reading","קריאה בתורה לתענית ציבור","Siddur Sefard, Torah Readings, Fast Day Torah Reading","0-1","fast&!tishaBav","minyan","true","false","false"
"sefard","weekday-shacharit","108","half-kaddish-torah","half-kaddish","חצי קדיש","Siddur Sefard, Weekday Shacharit, For Monday & Thursday","25-29","torahReading&!roshChodesh","minyan","true","false","false"
"sefard","weekday-shacharit","109","hagbaha","torah-reading","הגבהת ספר תורה","Siddur Sefard, Weekday Shacharit, Torah Reading","31-33","torahReading&!roshChodesh","minyan","true","false","false"
"sefard","weekday-shacharit","110","yehi-ratzon-torah","torah-reading","יהי רצון","Siddur Sefard, Weekday Shacharit, Torah Reading","34-39","mondayThursday&tachanun","","true","false","false"
"sefard","weekday-shacharit","111","return-torah","return-torah","הכנסת ספר תורה","Siddur Sefard, Weekday Shacharit, Ashrei","23-29","torahReading&!roshChodesh","minyan","false","false","false"
"sefard","weekday-shacharit","112","rc-song-heading","","","Siddur Sefard, Rosh Chodesh, Song of the Day","0-0","","","false","true","false"
"sefard","weekday-shacharit","113","rc-song-day0","song-of-day","שיר של יום","Siddur Sefard, Rosh Chodesh, Song of the Day","1-4","roshChodesh&day0","","true","false","false"
"sefard","weekday-shacharit","114","rc-song-kaddish-day0","kaddish-yatom","קדיש יתום","Siddur Sefard, Rosh Chodesh, Song of the Day","5-7","roshChodesh&day0","mourners","false","false","false"
"sefard","weekday-shacharit","115","rc-song-day1","song-of-day","שיר של יום","Siddur Sefard, Rosh Chodesh, Song of the Day","8-11","roshChodesh&day1","","true","false","false"
"sefard","weekday-shacharit","116","rc-song-kaddish-day1","kaddish-yatom","קדיש יתום","Siddur Sefard, Rosh Chodesh, Song of the Day","12-14","roshChodesh&day1","mourners","false","false","false"
"sefard","weekday-shacharit","117","rc-song-day2","song-of-day","שיר של יום","Siddur Sefard, Rosh Chodesh, Song of the Day","15-18","roshChodesh&day2","","true","false","false"
"sefard","weekday-shacharit","118","rc-song-kaddish-day2","kaddish-yatom","קדיש יתום","Siddur Sefard, Rosh Chodesh, Song of the Day","19-21","roshChodesh&day2","mourners","false","false","false"
"sefard","weekday-shacharit","119","rc-song-day3","song-of-day","שיר של יום","Siddur Sefard, Rosh Chodesh, Song of the Day","22-25","roshChodesh&day3","","true","false","false"
"sefard","weekday-shacharit","120","rc-song-kaddish-day3","kaddish-yatom","קדיש יתום","Siddur Sefard, Rosh Chodesh, Song of the Day","26-28","roshChodesh&day3","mourners","false","false","false"
"sefard","weekday-shacharit","121","rc-song-day4","song-of-day","שיר של יום","Siddur Sefard, Rosh Chodesh, Song of the Day","29-32","roshChodesh&day4","","true","false","false"
"sefard","weekday-shacharit","122","rc-song-kaddish-day4","kaddish-yatom","קדיש יתום","Siddur Sefard, Rosh Chodesh, Song of the Day","33-35","roshChodesh&day4","mourners","false","false","false"
"sefard","weekday-shacharit","123","rc-song-day5","song-of-day","שיר של יום","Siddur Sefard, Rosh Chodesh, Song of the Day","36-39","roshChodesh&day5","","true","false","false"
"sefard","weekday-shacharit","124","rc-song-kaddish-day5","kaddish-yatom","קדיש יתום","Siddur Sefard, Rosh Chodesh, Song of the Day","40-42","roshChodesh&day5","mourners","false","false","false"
"sefard","weekday-shacharit","125","rc-barchi-nafshi","barchi-nafshi","ברכי נפשי","Siddur Sefard, Rosh Chodesh, Barchi Nafshi","0-2","roshChodesh","","false","false","false"
"sefard","weekday-shacharit","126","rc-barchi-nafshi-kaddish","kaddish-yatom","קדיש יתום","Siddur Sefard, Rosh Chodesh, Barchi Nafshi","3-5","roshChodesh","mourners","false","false","false"
"sefard","weekday-shacharit","127","rc-torah-heading","","","Siddur Sefard, Rosh Chodesh, Torah Reading","0-0","","","false","true","false"
"sefard","weekday-shacharit","128","rc-torah-service","torah-service","הוצאת ספר תורה","Siddur Sefard, Rosh Chodesh, Torah Reading","1-7","roshChodesh","minyan","false","false","false"
"sefard","weekday-shacharit","129","rc-torah-reading","torah-reading","קריאת התורה","Siddur Sefard, Rosh Chodesh, Torah Reading","8-22","roshChodesh","minyan","true","false","false"
"sefard","weekday-shacharit","130","rc-torah-text","torah-reading","קריאה לראש חודש","Siddur Sefard, Torah Readings, Torah Reading for Rosh Chodesh","0-1","roshChodesh","minyan","true","false","false"
"sefard","weekday-shacharit","131","rc-half-kaddish-torah","half-kaddish","חצי קדיש","Siddur Sefard, Rosh Chodesh, Torah Reading","23-25","roshChodesh","minyan","true","false","false"
"sefard","weekday-shacharit","132","rc-hagbaha","torah-reading","הגבהת ספר תורה","Siddur Sefard, Rosh Chodesh, Torah Reading","26-28","roshChodesh","minyan","true","false","false"
"sefard","weekday-shacharit","133","rc-ashrei-heading","","","Siddur Sefard, Rosh Chodesh, Ashrei Uva L'Tziyon","0-0","","","false","true","false"
"sefard","weekday-shacharit","134","rc-ashrei","ashrei","אשרי","Siddur Sefard, Rosh Chodesh, Ashrei Uva L'Tziyon","1-1","roshChodesh","","true","false","false"
"sefard","weekday-shacharit","135","rc-uva-letzion","uva-letzion","ובא לציון","Siddur Sefard, Rosh Chodesh, Ashrei Uva L'Tziyon","2-4","roshChodesh","","true","false","false"
"sefard","weekday-shacharit","136","rc-beit-yaakov","closing-passages","בית יעקב","Siddur Sefard, Rosh Chodesh, Returning Sefer Torah","0-3","roshChodesh","","false","false","false"
"sefard","weekday-shacharit","137","rc-return-torah","return-torah","הכנסת ספר תורה","Siddur Sefard, Rosh Chodesh, Returning Sefer Torah","4-10","roshChodesh","minyan","false","false","false"
"sefard","weekday-shacharit","138","rc-half-kaddish-musaf","half-kaddish","חצי קדיש","Siddur Sefard, Rosh Chodesh, Returning Sefer Torah","11-14","roshChodesh","minyan","true","false","false"
"sefard","weekday-shacharit","139","ashrei","ashrei","אשרי","Siddur Sefard, Weekday Shacharit, Ashrei","0-0","!roshChodesh","","true","false","false"
"sefard","weekday-shacharit","140","lamenatzeach","lamenatzeach","למנצח","Siddur Sefard, Weekday Shacharit, Ashrei","1-3","!roshChodesh&!chanukah&!purim&!tishaBav","","false","false","false"
"sefard","weekday-shacharit","141","uva-letzion","uva-letzion","ובא לציון","Siddur Sefard, Weekday Shacharit, Ashrei","4-15","!roshChodesh","","true","false","false"
"sefard","weekday-shacharit","142","kaddish-titkabal","kaddish-titkabal","קדיש תתקבל","Siddur Sefard, Weekday Shacharit, Ashrei","16-22","!roshChodesh&!cholHamoed","minyan","true","false","false"
"sefard","weekday-shacharit","143","half-kaddish-musaf","half-kaddish","חצי קדיש","Siddur Sefard, Weekday Shacharit, Ashrei","16-19","cholHamoed","minyan","true","false","false"
"sefard","weekday-shacharit","144","tefila-ledavid","closing-passages","תפלה לדוד","Siddur Sefard, Weekday Shacharit, Beit Yaakov","0-1","!roshChodesh&!cholHamoed&tachanun","","false","false","false"
"sefard","weekday-shacharit","145","beit-yaakov","closing-passages","בית יעקב","Siddur Sefard, Weekday Shacharit, Beit Yaakov","2-3","!cholHamoed&!roshChodesh&!chanukah&!purim&!tishaBav","","false","false","false"
"sefard","weekday-shacharit","146","song-of-day","song-of-day","שיר של יום","Siddur Sefard, Weekday Shacharit, Song of the Day","0-0","!roshChodesh&!cholHamoed","","true","false","false"
"sefard","weekday-shacharit","147","song-day0","song-of-day","","Siddur Sefard, Weekday Shacharit, Song of the Day","1-4","!roshChodesh&!cholHamoed&day0","","true","false","false"
"sefard","weekday-shacharit","148","song-day1","song-of-day","","Siddur Sefard, Weekday Shacharit, Song of the Day","5-8","!roshChodesh&!cholHamoed&day1","","true","false","false"
"sefard","weekday-shacharit","149","song-day2","song-of-day","","Siddur Sefard, Weekday Shacharit, Song of the Day","9-12","!roshChodesh&!cholHamoed&day2","","true","false","false"
"sefard","weekday-shacharit","150","song-day3","song-of-day","","Siddur Sefard, Weekday Shacharit, Song of the Day","13-16","!roshChodesh&!cholHamoed&day3","","true","false","false"
"sefard","weekday-shacharit","151","song-day4","song-of-day","","Siddur Sefard, Weekday Shacharit, Song of the Day","17-20","!roshChodesh&!cholHamoed&day4","","true","false","false"
"sefard","weekday-shacharit","152","song-day5","song-of-day","","Siddur Sefard, Weekday Shacharit, Song of the Day","21-23","!roshChodesh&!cholHamoed&day5","","true","false","false"
"sefard","weekday-shacharit","153","hoshienu","song-of-day","","Siddur Sefard, Weekday Shacharit, Song of the Day","24-24","!roshChodesh&!cholHamoed","","true","false","false"
"sefard","weekday-shacharit","154","kaddish-yatom-song","kaddish-yatom","קדיש יתום","Siddur Sefard, Weekday Shacharit, L'David Hashem","8-12","!roshChodesh&!cholHamoed","mourners","false","false","false"
"sefard","weekday-shacharit","155","ledavid","ledavid-ori","לדוד ה׳ אורי","Siddur Sefard, Weekday Shacharit, L'David Hashem","0-2","!roshChodesh&!cholHamoed&ledavid","","false","false","false"
"sefard","weekday-shacharit","156","lamenatzeach-avel","closing-passages","למנצח לבני קרח · בבית האבל","Siddur Sefard, Weekday Shacharit, L'David Hashem","3-5","!roshChodesh&!cholHamoed&tachanun","optional","false","false","false"
"sefard","weekday-shacharit","157","michtam-avel","closing-passages","מכתם לדוד · בבית האבל","Siddur Sefard, Weekday Shacharit, L'David Hashem","6-7","!roshChodesh&!cholHamoed&!tachanun","optional","false","false","false"
"sefard","weekday-shacharit","158","kaveh","kaveh","קוה אל ה׳","Siddur Sefard, Weekday Shacharit, Kaveh","0-0","!roshChodesh&!cholHamoed","","false","false","false"
"sefard","weekday-shacharit","159","ein-keloheinu","ein-keloheinu","אין כאלהינו","Siddur Sefard, Weekday Shacharit, Kaveh","1-1","!roshChodesh&!cholHamoed","","false","false","false"
"sefard","weekday-shacharit","160","pitum-haketoret","ketoret","פטום הקטורת","Siddur Sefard, Weekday Shacharit, Kaveh","2-8","!roshChodesh&!cholHamoed","","false","false","false"
"sefard","weekday-shacharit","161","tanna-devei-eliyahu","closing-passages","תנא דבי אליהו","Siddur Sefard, Weekday Shacharit, Kaveh","9-10","!roshChodesh&!cholHamoed","","false","false","false"
"sefard","weekday-shacharit","162","kaddish-derabanan","kaddish-derabanan","קדיש דרבנן","Siddur Sefard, Weekday Shacharit, Kaveh","11-17","!roshChodesh&!cholHamoed","minyan","false","false","false"
"sefard","weekday-shacharit","163","aleinu","aleinu","עלינו לשבח","Siddur Sefard, Weekday Shacharit, Aleinu","0-3","!roshChodesh&!cholHamoed","","true","false","false"
"sefard","weekday-shacharit","164","kaddish-yatom","kaddish-yatom","קדיש יתום","Siddur Sefard, Weekday Shacharit, Aleinu","4-8","!roshChodesh&!cholHamoed","mourners","false","false","false"
"sefard","weekday-mincha","1","tamid","korbanot","פרשת התמיד","Siddur Sefard, Weekday Mincha, Korbanot","0-2","","","false","false","true"
"sefard","weekday-mincha","2","ketoret","ketoret","פטום הקטורת","Siddur Sefard, Weekday Mincha, Korbanot","3-12","","","false","false","true"
"sefard","weekday-mincha","3","ana-bekoach","korbanot","אנא בכח","Siddur Sefard, Weekday Mincha, Korbanot","13-21","","","false","false","true"
"sefard","weekday-mincha","4","ashrei","ashrei","אשרי","Siddur Sefard, Weekday Mincha, Korbanot","22-22","","","true","false","true"
"sefard","weekday-mincha","5","fast-torah-reading","torah-reading","קריאת התורה לתענית ציבור במנחה","Siddur Sefard, Weekday Mincha, Torah Reading for Fast Day","0-2","fast","minyan","false","false","true"
"sefard","weekday-mincha","6","fast-torah-text","torah-reading","קריאה בתורה לתענית ציבור","Siddur Sefard, Torah Readings, Fast Day Torah Reading","0-1","fast","minyan","false","false","true"
"sefard","weekday-mincha","7","fast-haftarah","torah-reading","הפטרה לתענית ציבור במנחה","Siddur Sefard, Torah Readings, Fast Day Mincha Haftara","0-1","fast","minyan","false","false","true"
"sefard","weekday-mincha","8","half-kaddish","half-kaddish","חצי קדיש","Siddur Sefard, Weekday Mincha, Korbanot","23-27","","minyan","true","false","true"
"sefard","weekday-mincha","9","amidah-opening","amidah","תפילת העמידה","Siddur Sefard, Weekday Mincha, Amidah","0-0","","","true","false","true"
"sefard","weekday-mincha","10","avot-heading","","","Siddur Sefard, Weekday Mincha, Amidah","1-1","","","false","true","true"
"sefard","weekday-mincha","11","avot","amidah","ברכת אבות","Siddur Sefard, Weekday Mincha, Amidah","2-6","","","true","false","true"
"sefard","weekday-mincha","12","gevurot","amidah","גבורות","Siddur Sefard, Weekday Mincha, Amidah","7-18","","","true","false","true"
"sefard","weekday-mincha","13","kedusha-direction","","","Siddur Sefard, Weekday Mincha, Amidah","19-19","","","false","true","true"
"sefard","weekday-mincha","14","kedusha","kedusha","קדושה","Siddur Sefard, Weekday Mincha, Amidah","20-32","","repetition","false","false","true"
"sefard","weekday-mincha","15","kedushat-hashem","amidah","קדושת השם","Siddur Sefard, Weekday Mincha, Amidah","33-38","","","true","false","true"
"sefard","weekday-mincha","16","daat-heading","","","Siddur Sefard, Weekday Mincha, Amidah","39-39","","","false","true","true"
"sefard","weekday-mincha","17","daat","amidah","חונן הדעת","Siddur Sefard, Weekday Mincha, Amidah","40-40","","","true","false","true"
"sefard","weekday-mincha","18","teshuva","amidah","תשובה","Siddur Sefard, Weekday Mincha, Amidah","41-42","","","true","false","true"
"sefard","weekday-mincha","19","selicha","amidah","סליחה","Siddur Sefard, Weekday Mincha, Amidah","43-44","","","true","false","true"
"sefard","weekday-mincha","20","geula","amidah","גאולה","Siddur Sefard, Weekday Mincha, Amidah","45-46","","","true","false","true"
"sefard","weekday-mincha","21","aneinu-chazzan","amidah","עננו","Siddur Sefard, Weekday Mincha, Amidah","47-48","fast","repetition","true","false","true"
"sefard","weekday-mincha","22","refua","amidah","רפואה","Siddur Sefard, Weekday Mincha, Amidah","49-50","","","true","false","true"
"sefard","weekday-mincha","23","birkat-hashanim","amidah","ברכת השנים","Siddur Sefard, Weekday Mincha, Amidah","51-57","","","true","false","true"
"sefard","weekday-mincha","24","kibbutz-galuyot","amidah","קיבוץ גליות","Siddur Sefard, Weekday Mincha, Amidah","58-59","","","true","false","true"
"sefard","weekday-mincha","25","mishpat-heading","","","Siddur Sefard, Weekday Mincha, Amidah","60-60","","","false","true","true"
"sefard","weekday-mincha","26","mishpat","amidah","השבת המשפט","Siddur Sefard, Weekday Mincha, Amidah","61-65","","","true","false","true"
"sefard","weekday-mincha","27","minim","amidah","ברכת המינים","Siddur Sefard, Weekday Mincha, Amidah","66-67","","","true","false","true"
"sefard","weekday-mincha","28","tzadikim-heading","","","Siddur Sefard, Weekday Mincha, Amidah","68-68","","","false","true","true"
"sefard","weekday-mincha","29","tzadikim","amidah","על הצדיקים","Siddur Sefard, Weekday Mincha, Amidah","69-69","","","true","false","true"
"sefard","weekday-mincha","30","yerushalayim","amidah","בנין ירושלים","Siddur Sefard, Weekday Mincha, Amidah","70-71","","","true","false","true"
"sefard","weekday-mincha","31","nachem","amidah","נחם","Siddur Sefard, Weekday Mincha, Amidah","72-74","tishaBav","","true","false","true"
"sefard","weekday-mincha","32","yerushalayim-end","amidah","","Siddur Sefard, Weekday Mincha, Amidah","75-75","!tishaBav","","true","false","true"
"sefard","weekday-mincha","33","malchut-david","amidah","מלכות בית דוד","Siddur Sefard, Weekday Mincha, Amidah","76-77","","","true","false","true"
"sefard","weekday-mincha","34","shomea-tefila-heading","","","Siddur Sefard, Weekday Mincha, Amidah","78-78","","","false","true","true"
"sefard","weekday-mincha","35","shomea-tefila","amidah","שומע תפילה","Siddur Sefard, Weekday Mincha, Amidah","79-79","","","true","false","true"
"sefard","weekday-mincha","36","aneinu","amidah","עננו","Siddur Sefard, Weekday Mincha, Amidah","80-81","fast","","true","false","true"
"sefard","weekday-mincha","37","shomea-tefila-end","amidah","","Siddur Sefard, Weekday Mincha, Amidah","82-82","","","true","false","true"
"sefard","weekday-mincha","38","retze-heading","","","Siddur Sefard, Weekday Mincha, Amidah","83-83","","","false","true","true"
"sefard","weekday-mincha","39","retze","amidah","רצה","Siddur Sefard, Weekday Mincha, Amidah","84-84","","","true","false","true"
"sefard","weekday-mincha","40","yaale-veyavo","amidah","יעלה ויבוא","Siddur Sefard, Weekday Mincha, Amidah","85-91","roshChodesh|cholHamoed","","true","false","true"
"sefard","weekday-mincha","41","retze-end","amidah","","Siddur Sefard, Weekday Mincha, Amidah","92-92","","","true","false","true"
"sefard","weekday-mincha","42","modim-heading","","","Siddur Sefard, Weekday Mincha, Amidah","93-93","","","false","true","true"
"sefard","weekday-mincha","43","modim","amidah","מודים","Siddur Sefard, Weekday Mincha, Amidah","94-95","","","true","false","true"
"sefard","weekday-mincha","44","modim-derabanan","modim-derabanan","מודים דרבנן","Siddur Sefard, Weekday Mincha, Amidah","96-97","","repetition","false","false","true"
"sefard","weekday-mincha","45","al-hanisim","amidah","על הנסים","Siddur Sefard, Weekday Mincha, Amidah","98-103","chanukah|purim","","true","false","true"
"sefard","weekday-mincha","46","modim-end","amidah","","Siddur Sefard, Weekday Mincha, Amidah","104-108","","","true","false","true"
"sefard","weekday-mincha","47","birkat-kohanim-direction","","","Siddur Sefard, Weekday Mincha, Amidah","109-109","","","false","true","true"
"sefard","weekday-mincha","48","birkat-kohanim","birkat-kohanim","ברכת כהנים","Siddur Sefard, Weekday Mincha, Amidah","110-116","fast","repetition","false","false","true"
"sefard","weekday-mincha","49","sim-shalom-heading","","","Siddur Sefard, Weekday Mincha, Amidah","117-117","","","false","true","true"
"sefard","weekday-mincha","50","sim-shalom","amidah","שים שלום","Siddur Sefard, Weekday Mincha, Amidah","118-122","","","true","false","true"
"sefard","weekday-mincha","51","elokai-netzor","elokai-netzor","אלהי נצור","Siddur Sefard, Weekday Mincha, Amidah","123-127","","","false","false","true"
"sefard","weekday-mincha","52","avinu-malkeinu","avinu-malkeinu","אבינו מלכנו","Siddur Sefard, Weekday Mincha, Avinu Malkeinu","0-54","avinuMalkeinu","","false","false","true"
"sefard","weekday-mincha","53","vidui","vidui","וידוי ושלוש עשרה מידות","Siddur Sefard, Weekday Mincha, Tachanun","0-7","tachanun","","false","false","true"
"sefard","weekday-mincha","54","nefilat-apayim","tachanun","נפילת אפיים","Siddur Sefard, Weekday Mincha, Tachanun","8-11","tachanun","","true","false","true"
"sefard","weekday-mincha","55","shomer-yisrael","tachanun","שומר ישראל","Siddur Sefard, Weekday Mincha, Tachanun","12-16","tachanun","","true","false","true"
"sefard","weekday-mincha","56","kaddish-titkabal","kaddish-titkabal","קדיש תתקבל","Siddur Sefard, Weekday Mincha, Tachanun","17-23","","minyan","true","false","true"
"sefard","weekday-mincha","57","aleinu","aleinu","עלינו לשבח","Siddur Sefard, Weekday Mincha, Tachanun","24-26","","","true","false","true"
"sefard","weekday-mincha","58","kaddish-yatom","kaddish-yatom","קדיש יתום","Siddur Sefard, Weekday Mincha, Tachanun","27-31","","mourners","false","false","true"
"sefard","weekday-mincha","59","ledavid","ledavid-ori","לדוד ה׳ אורי","Siddur Sefard, Weekday Mincha, Tachanun","32-34","ledavid","","false","false","true"
"sefard","weekday-mincha","60","lamenatzeach-avel","closing-passages","למנצח לבני קרח · בבית האבל","Siddur Sefard, Weekday Mincha, Tachanun","35-36","tachanun","optional","false","false","true"
"sefard","weekday-maariv","1","vehu-rachum","vehu-rachum","והוא רחום","Siddur Sefard, Weekday Maariv, The Shema","0-1","","","false","false","false"
"sefard","weekday-maariv","2","barchu","barchu","ברכו","Siddur Sefard, Weekday Maariv, The Shema","2-5","","minyan","true","false","false"
"sefard","weekday-maariv","3","maariv-aravim","shema-blessings","המעריב ערבים","Siddur Sefard, Weekday Maariv, The Shema","6-6","","","true","false","false"
"sefard","weekday-maariv","4","ahavat-olam","shema-blessings","אהבת עולם","Siddur Sefard, Weekday Maariv, The Shema","7-7","","","true","false","false"
"sefard","weekday-maariv","5","shema","shema","קריאת שמע","Siddur Sefard, Weekday Maariv, The Shema","8-19","","","true","false","false"
"sefard","weekday-maariv","6","emet-veemuna","after-shema","אמת ואמונה","Siddur Sefard, Weekday Maariv, The Shema","20-23","","","false","false","false"
"sefard","weekday-maariv","7","hashkiveinu","hashkiveinu","השכיבנו","Siddur Sefard, Weekday Maariv, The Shema","24-25","","","true","false","false"
"sefard","weekday-maariv","8","baruch-hashem-leolam","shema-blessings","ברוך ה׳ לעולם","Siddur Sefard, Weekday Maariv, The Shema","26-28","","","true","false","false"
"sefard","weekday-maariv","9","half-kaddish","half-kaddish","חצי קדיש","Siddur Sefard, Weekday Maariv, The Shema","29-32","","minyan","true","false","false"
"sefard","weekday-maariv","10","amidah-opening","amidah","תפילת העמידה","Siddur Sefard, Weekday Maariv, Amidah","0-0","","","true","false","false"
"sefard","weekday-maariv","11","avot-heading","","","Siddur Sefard, Weekday Maariv, Amidah","1-1","","","false","true","false"
"sefard","weekday-maariv","12","avot","amidah","ברכת אבות","Siddur Sefard, Weekday Maariv, Amidah","2-6","","","true","false","false"
"sefard","weekday-maariv","13","gevurot","amidah","גבורות","Siddur Sefard, Weekday Maariv, Amidah","7-18","","","true","false","false"
"sefard","weekday-maariv","14","kedushat-hashem","amidah","קדושת השם","Siddur Sefard, Weekday Maariv, Amidah","19-24","","","true","false","false"
"sefard","weekday-maariv","15","daat-heading","","","Siddur Sefard, Weekday Maariv, Amidah","25-25","","","false","true","false"
"sefard","weekday-maariv","16","daat","amidah","חונן הדעת","Siddur Sefard, Weekday Maariv, Amidah","26-26","","","true","false","false"
"sefard","weekday-maariv","17","atah-chonantanu","motzaei-shabbat","אתה חוננתנו","Siddur Sefard, Weekday Maariv, Amidah","27-27","motzaeiShabbat","","false","false","false"
"sefard","weekday-maariv","18","daat-end","amidah","","Siddur Sefard, Weekday Maariv, Amidah","28-28","","","true","false","false"
"sefard","weekday-maariv","19","teshuva","amidah","תשובה","Siddur Sefard, Weekday Maariv, Amidah","29-30","","","true","false","false"
"sefard","weekday-maariv","20","selicha","amidah","סליחה","Siddur Sefard, Weekday Maariv, Amidah","31-32","","","true","false","false"
"sefard","weekday-maariv","21","geula","amidah","גאולה","Siddur Sefard, Weekday Maariv, Amidah","33-34","","","true","false","false"
"sefard","weekday-maariv","22","refua","amidah","רפואה","Siddur Sefard, Weekday Maariv, Amidah","35-36","","","true","false","false"
"sefard","weekday-maariv","23","birkat-hashanim","amidah","ברכת השנים","Siddur Sefard, Weekday Maariv, Amidah","37-44","","","true","false","false"
"sefard","weekday-maariv","24","kibbutz-galuyot","amidah","קיבוץ גליות","Siddur Sefard, Weekday Maariv, Amidah","45-46","","","true","false","false"
"sefard","weekday-maariv","25","mishpat-heading","","","Siddur Sefard, Weekday Maariv, Amidah","47-47","","","false","true","false"
"sefard","weekday-maariv","26","mishpat","amidah","השבת המשפט","Siddur Sefard, Weekday Maariv, Amidah","48-52","","","true","false","false"
"sefard","weekday-maariv","27","minim","amidah","ברכת המינים","Siddur Sefard, Weekday Maariv, Amidah","53-54","","","true","false","false"
"sefard","weekday-maariv","28","tzadikim-heading","","","Siddur Sefard, Weekday Maariv, Amidah","55-55","","","false","true","false"
"sefard","weekday-maariv","29","tzadikim","amidah","על הצדיקים","Siddur Sefard, Weekday Maariv, Amidah","56-56","","","true","false","false"
"sefard","weekday-maariv","30","yerushalayim","amidah","בנין ירושלים","Siddur Sefard, Weekday Maariv, Amidah","57-58","","","true","false","false"
"sefard","weekday-maariv","31","malchut-david","amidah","מלכות בית דוד","Siddur Sefard, Weekday Maariv, Amidah","59-60","","","true","false","false"
"sefard","weekday-maariv","32","shomea-tefila-heading","","","Siddur Sefard, Weekday Maariv, Amidah","61-61","","","false","true","false"
"sefard","weekday-maariv","33","shomea-tefila","amidah","שומע תפילה","Siddur Sefard, Weekday Maariv, Amidah","62-62","","","true","false","false"
"sefard","weekday-maariv","34","retze-heading","","","Siddur Sefard, Weekday Maariv, Amidah","63-63","","","false","true","false"
"sefard","weekday-maariv","35","retze","amidah","רצה","Siddur Sefard, Weekday Maariv, Amidah","64-64","","","true","false","false"
"sefard","weekday-maariv","36","yaale-veyavo","amidah","יעלה ויבוא","Siddur Sefard, Weekday Maariv, Amidah","65-70","roshChodesh|cholHamoed","","true","false","false"
"sefard","weekday-maariv","37","retze-end","amidah","","Siddur Sefard, Weekday Maariv, Amidah","71-71","","","true","false","false"
"sefard","weekday-maariv","38","modim-heading","","","Siddur Sefard, Weekday Maariv, Amidah","72-72","","","false","true","false"
"sefard","weekday-maariv","39","modim","amidah","מודים","Siddur Sefard, Weekday Maariv, Amidah","73-74","","","true","false","false"
"sefard","weekday-maariv","40","al-hanisim","amidah","על הנסים","Siddur Sefard, Weekday Maariv, Amidah","75-80","chanukah|purim","","true","false","false"
"sefard","weekday-maariv","41","modim-end","amidah","","Siddur Sefard, Weekday Maariv, Amidah","81-85","","","true","false","false"
"sefard","weekday-maariv","42","sim-shalom-heading","","","Siddur Sefard, Weekday Maariv, Amidah","86-86","","","false","true","false"
"sefard","weekday-maariv","43","sim-shalom","amidah","שים שלום","Siddur Sefard, Weekday Maariv, Amidah","87-91","","","true","false","false"
"sefard","weekday-maariv","44","elokai-netzor","elokai-netzor","אלהי נצור","Siddur Sefard, Weekday Maariv, Amidah","92-95","","","false","false","false"
"sefard","weekday-maariv","45","kaddish-titkabal","kaddish-titkabal","קדיש תתקבל","Siddur Sefard, Weekday Maariv, Amidah","96-102","!motzaeiShabbat","minyan","true","false","false"
"sefard","weekday-maariv","46","ms-half-kaddish","half-kaddish","חצי קדיש","Siddur Sefard, Weekday Maariv, Motzaei Shabbat","0-2","motzaeiShabbat","minyan","true","false","false"
"sefard","weekday-maariv","47","vihi-noam","motzaei-shabbat","ויהי נועם","Siddur Sefard, Weekday Maariv, Motzaei Shabbat","3-4","motzaeiShabbat","","false","false","false"
"sefard","weekday-maariv","48","veata-kadosh","motzaei-shabbat","ואתה קדוש","Siddur Sefard, Weekday Maariv, Motzaei Shabbat","5-10","motzaeiShabbat","","false","false","false"
"sefard","weekday-maariv","49","ms-kaddish-titkabal","kaddish-titkabal","קדיש תתקבל","Siddur Sefard, Weekday Maariv, Motzaei Shabbat","11-16","motzaeiShabbat","minyan","true","false","false"
"sefard","weekday-maariv","50","ms-aleinu","","","Siddur Sefard, Weekday Maariv, Motzaei Shabbat","17-24","","","false","true","false"
"sefard","weekday-maariv","51","omer","omer","ספירת העומר","Siddur Sefard, Weekday Maariv, Sefirat HaOmer","0-52","omer","","false","false","false"
"sefard","weekday-maariv","52","omer-after","omer","הרחמן · למנצח · אנא בכח","Siddur Sefard, Weekday Maariv, Sefirat HaOmer","53-64","omer","","false","false","false"
"sefard","weekday-maariv","53","shir-lamaalot","closing-passages","שיר למעלות","Siddur Sefard, Weekday Maariv, Amidah","103-104","israel","optional","false","false","false"
"sefard","weekday-maariv","54","shir-lamaalot-kaddish","kaddish-yatom","קדיש יתום","Siddur Sefard, Weekday Maariv, Amidah","105-110","israel","mourners","false","false","false"
"sefard","weekday-maariv","55","barchu-end","barchu","ברכו","Siddur Sefard, Weekday Maariv, Amidah","111-112","","minyan","true","false","false"
"sefard","weekday-maariv","56","aleinu","aleinu","עלינו לשבח","Siddur Sefard, Weekday Maariv, Amidah","113-115","","","true","false","false"
"sefard","weekday-maariv","57","kaddish-yatom","kaddish-yatom","קדיש יתום","Siddur Sefard, Weekday Maariv, Amidah","116-120","","mourners","false","false","false"
"sefard","weekday-maariv","58","vayiten-lecha-heading","","","Siddur Sefard, Third Meal, Motzaei Shabbat Prayers","0-0","","","false","true","false"
"sefard","weekday-maariv","59","vayiten-lecha","motzaei-shabbat","ויתן לך","Siddur Sefard, Third Meal, Motzaei Shabbat Prayers","1-11","motzaeiShabbat","","false","false","false"
"sefard","bedtime-shema","1","ribono-mochel","bedtime-shema","רבונו של עולם הריני מוחל","Siddur Sefard, Bedtime Shema","0-0","","","true","false","true"
"sefard","bedtime-shema","2","hamapil","bedtime-shema","המפיל","Siddur Sefard, Bedtime Shema","1-1","","","true","false","true"
"sefard","bedtime-shema","3","shema","bedtime-shema","קריאת שמע","Siddur Sefard, Bedtime Shema","2-7","","","true","false","true"
"sefard","bedtime-shema","4","vihi-noam","bedtime-shema","ויהי נועם · יושב בסתר · ה׳ מה רבו צרי","Siddur Sefard, Bedtime Shema","8-10","","","true","false","true"
"sefard","bedtime-shema","5","hashkiveinu","bedtime-shema","השכיבנו","Siddur Sefard, Bedtime Shema","11-13","","","true","false","true"
"sefard","bedtime-shema","6","hamalach","bedtime-shema","המלאך הגואל","Siddur Sefard, Bedtime Shema","14-25","","","true","false","true"
"sefard","bedtime-shema","7","adon-olam","bedtime-shema","אדון עולם","Siddur Sefard, Bedtime Shema","26-35","","","true","false","true"
"sefard","kabbalat-shabbat","1","lechu-neranena","kabbalat-shabbat","לכו נרננה","Siddur Sefard, Kabbalat Shabbat","0-4","!cholHamoed","","true","false","true"
"sefard","kabbalat-shabbat","2","mizmor-ledavid","kabbalat-shabbat","מזמור לדוד הבו לה׳","Siddur Sefard, Kabbalat Shabbat","5-6","","","true","false","true"
"sefard","kabbalat-shabbat","3","ana-bekoach","kabbalat-shabbat","אנא בכח","Siddur Sefard, Kabbalat Shabbat","7-14","","","true","false","true"
"sefard","kabbalat-shabbat","4","lecha-dodi","lecha-dodi","לכה דודי","Siddur Sefard, Kabbalat Shabbat","15-21","","","true","false","true"
"sefard","kabbalat-shabbat","5","lecha-dodi-middle","lecha-dodi","","Siddur Sefard, Kabbalat Shabbat","22-32","!cholHamoed","","true","false","true"
"sefard","kabbalat-shabbat","6","lecha-dodi-end","lecha-dodi","","Siddur Sefard, Kabbalat Shabbat","33-37","","","true","false","true"
"sefard","kabbalat-shabbat","7","mizmor-shir-shabbat","mizmor-shir-shabbat","מזמור שיר ליום השבת","Siddur Sefard, Kabbalat Shabbat","38-39","","","true","false","true"
"sefard","kabbalat-shabbat","8","kaddish-yatom","kaddish-yatom","קדיש יתום","Siddur Sefard, Kabbalat Shabbat","40-42","","mourners","false","false","true"
"sefard","shabbat-maariv","1","kegavna","kabbalat-shabbat","כגונא","Siddur Sefard, Shabbat Eve Maariv, Shabbat Eve Maariv","0-4","!cholHamoed","","false","false","false"
"sefard","shabbat-maariv","2","barchu","barchu","ברכו","Siddur Sefard, Shabbat Eve Maariv, Shabbat Eve Maariv","5-6","","minyan","true","false","false"
"sefard","shabbat-maariv","3","maariv-aravim","shema-blessings","המעריב ערבים","Siddur Sefard, Shabbat Eve Maariv, Shema & Blessings","0-0","","","false","false","false"
"sefard","shabbat-maariv","4","ahavat-olam","shema-blessings","אהבת עולם","Siddur Sefard, Shabbat Eve Maariv, Shema & Blessings","1-1","","","false","false","false"
"sefard","shabbat-maariv","5","shema","shema","קריאת שמע","Siddur Sefard, Shabbat Eve Maariv, Shema & Blessings","2-8","","","true","false","false"
"sefard","shabbat-maariv","6","emet-veemuna","after-shema","אמת ואמונה","Siddur Sefard, Shabbat Eve Maariv, Shema & Blessings","9-12","","","false","false","false"
"sefard","shabbat-maariv","7","hashkiveinu","hashkiveinu","השכיבנו","Siddur Sefard, Shabbat Eve Maariv, Shema & Blessings","13-13","","","true","false","false"
"sefard","shabbat-maariv","8","veshamru","shema-blessings","ושמרו","Siddur Sefard, Shabbat Eve Maariv, Shema & Blessings","14-15","","","false","false","false"
"sefard","shabbat-maariv","9","vayedaber-moshe","","","Siddur Sefard, Shabbat Eve Maariv, Shema & Blessings","16-17","","","false","true","false"
"sefard","shabbat-maariv","10","half-kaddish","half-kaddish","חצי קדיש","Siddur Sefard, Shabbat Eve Maariv, Shema & Blessings","18-20","","minyan","false","false","false"
"sefard","shabbat-maariv","11","festival-amidah-pointer","","","Siddur Sefard, Shabbat Eve Maariv, Shema & Blessings","21-21","","","false","true","false"
"sefard","shabbat-maariv","12","amidah-opening","amidah","תפילת העמידה","Siddur Sefard, Shabbat Eve Maariv, Amidah","0-0","","","true","false","false"
"sefard","shabbat-maariv","13","avot","amidah","ברכת אבות","Siddur Sefard, Shabbat Eve Maariv, Amidah","1-3","","","true","false","false"
"sefard","shabbat-maariv","14","gevurot","amidah","גבורות","Siddur Sefard, Shabbat Eve Maariv, Amidah","4-8","","","true","false","false"
"sefard","shabbat-maariv","15","kedushat-hashem","amidah","קדושת השם","Siddur Sefard, Shabbat Eve Maariv, Amidah","9-9","","","true","false","false"
"sefard","shabbat-maariv","16","kedushat-hayom","amidah","אתה קדשת","Siddur Sefard, Shabbat Eve Maariv, Amidah","10-13","","","true","false","false"
"sefard","shabbat-maariv","17","retze","amidah","רצה","Siddur Sefard, Shabbat Eve Maariv, Amidah","14-14","","","true","false","false"
"sefard","shabbat-maariv","18","yaale-veyavo","amidah","יעלה ויבוא","Siddur Sefard, Shabbat Eve Maariv, Amidah","15-20","roshChodesh|cholHamoed","","true","false","false"
"sefard","shabbat-maariv","19","retze-end","amidah","","Siddur Sefard, Shabbat Eve Maariv, Amidah","21-21","","","true","false","false"
"sefard","shabbat-maariv","20","modim","amidah","מודים","Siddur Sefard, Shabbat Eve Maariv, Amidah","22-22","","","true","false","false"
"sefard","shabbat-maariv","21","al-hanisim","amidah","על הנסים","Siddur Sefard, Shabbat Eve Maariv, Amidah","23-26","chanukah|purim","","true","false","false"
"sefard","shabbat-maariv","22","modim-end","amidah","","Siddur Sefard, Shabbat Eve Maariv, Amidah","27-29","","","true","false","false"
"sefard","shabbat-maariv","23","sim-shalom","amidah","שים שלום","Siddur Sefard, Shabbat Eve Maariv, Amidah","30-32","","","true","false","false"
"sefard","shabbat-maariv","24","elokai-netzor","elokai-netzor","אלהי נצור","Siddur Sefard, Shabbat Eve Maariv, Amidah","33-41","","","false","false","false"
"sefard","shabbat-maariv","25","vayechulu","vayechulu","ויכולו","Siddur Sefard, Shabbat Eve Maariv, Vayechulu","0-1","","","true","false","false"
"sefard","shabbat-maariv","26","magen-avot","magen-avot","מגן אבות","Siddur Sefard, Shabbat Eve Maariv, Vayechulu","2-4","","minyan","true","false","false"
"sefard","shabbat-maariv","27","kaddish-titkabal","kaddish-titkabal","קדיש תתקבל","Siddur Sefard, Shabbat Eve Maariv, Vayechulu","5-8","","minyan","true","false","false"
"sefard","shabbat-maariv","28","mizmor-ledavid","closing-passages","מזמור לדוד ה׳ רועי","Siddur Sefard, Shabbat Eve Maariv, Vayechulu","9-9","","","false","false","false"
"sefard","shabbat-maariv","29","half-kaddish-2","half-kaddish","חצי קדיש","Siddur Sefard, Shabbat Eve Maariv, Vayechulu","10-12","","minyan","false","false","false"
"sefard","shabbat-maariv","30","barchu-2","barchu","ברכו","Siddur Sefard, Shabbat Eve Maariv, Vayechulu","13-14","","minyan","true","false","false"
"sefard","shabbat-maariv","31","omer","omer","ספירת העומר","Siddur Sefard, Shabbat Eve Maariv, Vayechulu","15-15","omer","","false","false","false"
"sefard","shabbat-maariv","32","omer-count","omer","","Siddur Sefard, Weekday Maariv, Sefirat HaOmer","0-52","omer","","false","false","false"
"sefard","shabbat-maariv","33","omer-after","omer","הרחמן · למנצח · אנא בכח","Siddur Sefard, Weekday Maariv, Sefirat HaOmer","53-64","omer","","false","false","false"
"sefard","shabbat-maariv","34","aleinu","aleinu","עלינו לשבח","Siddur Sefard, Shabbat Eve Maariv, Vayechulu","16-17","","","true","false","false"
"sefard","shabbat-maariv","35","kaddish-yatom","kaddish-yatom","קדיש יתום","Siddur Sefard, Shabbat Eve Maariv, Vayechulu","18-20","","mourners","false","false","false"
"sefard","shabbat-kiddush","1","birkat-habanim","shalom-aleichem","ברכת הבנים","Siddur Sefard, Shabbat Evening Meal, Blessing the Children","0-8","","","true","false","false"
"sefard","shabbat-kiddush","2","shalom-aleichem","shalom-aleichem","שלום עליכם","Siddur Sefard, Shabbat Evening Meal, Shalom Aleichem","0-5","","","true","false","false"
"sefard","shabbat-kiddush","3","ribon-kol-haolamim","shalom-aleichem","רבון כל העולמים","Siddur Sefard, Shabbat Evening Meal, Shalom Aleichem","6-7","","","true","false","false"
"sefard","shabbat-kiddush","4","eshet-chayil","eshet-chayil","אשת חיל","Siddur Sefard, Shabbat Evening Meal, Eishet Chayil","0-21","","","true","false","false"
"sefard","shabbat-kiddush","5","atkinu","zemirot","אתקינו סעודתא","Siddur Sefard, Shabbat Evening Meal, Atkinu Seudata","0-7","","","false","false","false"
"sefard","shabbat-kiddush","6","azamer","zemirot","אזמר בשבחין","Siddur Sefard, Shabbat Evening Meal, Atkinu Seudata","8-26","","","false","false","false"
"sefard","shabbat-kiddush","7","kiddush","kiddush","קידוש","Siddur Sefard, Shabbat Evening Meal, Shabbat Eve Kiddush","0-8","","","true","false","false"
"sefard","shabbat-kiddush","8","leshev-basukka","kiddush","לישב בסוכה","Siddur Sefard, Shabbat Evening Meal, Shabbat Eve Kiddush","9-10","sukkot","","true","false","false"
"sefard","shabbat-shacharit","1","hodu","hodu","הודו","Siddur Sefard, Shabbat Morning Services, Pesukei D'Zimrah","0-4","","","false","false","false"
"sefard","shabbat-shacharit","2","mizmor-shir","mizmor-shir","מזמור שיר חנוכת הבית","Siddur Sefard, Shabbat Morning Services, Pesukei D'Zimrah","5-5","","","false","false","false"
"sefard","shabbat-shacharit","3","hashem-melech","pesukei-dezimra","ה׳ מלך · הושיענו","Siddur Sefard, Shabbat Morning Services, Pesukei D'Zimrah","6-10","","","true","false","false"
"sefard","shabbat-shacharit","4","shabbat-psalms","pesukei-dezimra","מזמורי שבת","Siddur Sefard, Shabbat Morning Services, Pesukei D'Zimrah","11-47","","","true","false","false"
"sefard","shabbat-shacharit","5","haaderet","pesukei-dezimra","האדרת והאמונה","Siddur Sefard, Shabbat Morning Services, Pesukei D'Zimrah","48-69","","","true","false","false"
"sefard","shabbat-shacharit","6","baruch-sheamar","baruch-sheamar","ברוך שאמר","Siddur Sefard, Shabbat Morning Services, Pesukei D'Zimrah","70-71","","","false","false","false"
"sefard","shabbat-shacharit","7","mizmor-shir-leyom","pesukei-dezimra","מזמור שיר ליום השבת","Siddur Sefard, Shabbat Morning Services, Pesukei D'Zimrah","72-73","","","true","false","false"
"sefard","shabbat-shacharit","8","yehi-chevod","pesukei-dezimra","יהי כבוד","Siddur Sefard, Shabbat Morning Services, Pesukei D'Zimrah","74-74","","","true","false","false"
"sefard","shabbat-shacharit","9","ashrei-pz","pesukei-dezimra","אשרי","Siddur Sefard, Shabbat Morning Services, Pesukei D'Zimrah","75-75","","","true","false","false"
"sefard","shabbat-shacharit","10","halleluyah","pesukei-dezimra","הללויה","Siddur Sefard, Shabbat Morning Services, Pesukei D'Zimrah","76-80","","","true","false","false"
"sefard","shabbat-shacharit","11","baruch-hashem-leolam","pesukei-dezimra","ברוך ה׳ לעולם","Siddur Sefard, Shabbat Morning Services, Pesukei D'Zimrah","81-81","","","true","false","false"
"sefard","shabbat-shacharit","12","vayevarech-david","pesukei-dezimra","ויברך דוד","Siddur Sefard, Shabbat Morning Services, Pesukei D'Zimrah","82-85","","","true","false","false"
"sefard","shabbat-shacharit","13","az-yashir","az-yashir","שירת הים","Siddur Sefard, Shabbat Morning Services, Pesukei D'Zimrah","86-87","","","false","false","false"
"sefard","shabbat-shacharit","14","nishmat","pesukei-dezimra","נשמת","Siddur Sefard, Shabbat Morning Services, Pesukei D'Zimrah","88-96","","","true","false","false"
"sefard","shabbat-shacharit","15","yishtabach","yishtabach","ישתבח","Siddur Sefard, Shabbat Morning Services, Pesukei D'Zimrah","97-97","","","true","false","false"
"sefard","shabbat-shacharit","16","shir-hamaalot-aseret","yishtabach","שיר המעלות ממעמקים","Siddur Sefard, Shabbat Morning Services, Pesukei D'Zimrah","98-99","aseret","","true","false","false"
"sefard","shabbat-shacharit","17","half-kaddish-yishtabach","half-kaddish","חצי קדיש","Siddur Sefard, Shabbat Morning Services, Pesukei D'Zimrah","100-102","","minyan","true","false","false"
"sefard","shabbat-shacharit","18","barchu","barchu","ברכו","Siddur Sefard, Shabbat Morning Services, Pesukei D'Zimrah","103-107","","minyan","false","false","false"
"sefard","shabbat-shacharit","19","shema-heading","","","Siddur Sefard, Shabbat Morning Services, Shema & Blessings","0-0","","","false","true","false"
"sefard","shabbat-shacharit","20","yotzer","shema-blessings","יוצר אור","Siddur Sefard, Shabbat Morning Services, Shema & Blessings","1-16","","","true","false","false"
"sefard","shabbat-shacharit","21","ahavat-olam","shema-blessings","אהבת עולם","Siddur Sefard, Shabbat Morning Services, Shema & Blessings","17-17","","","true","false","false"
"sefard","shabbat-shacharit","22","shema","shema","קריאת שמע","Siddur Sefard, Shabbat Morning Services, Shema & Blessings","18-25","","","true","false","false"
"sefard","shabbat-shacharit","23","emet-veyatziv","after-shema","אמת ויציב","Siddur Sefard, Shabbat Morning Services, Shema & Blessings","26-32","","","false","false","false"
"sefard","shabbat-shacharit","24","festival-amidah-pointer","","","Siddur Sefard, Shabbat Morning Services, Shema & Blessings","33-33","","","false","true","false"
"sefard","shabbat-shacharit","25","amidah-opening","amidah","תפילת העמידה","Siddur Sefard, Shabbat Morning Services, Amidah","0-0","","","true","false","false"
"sefard","shabbat-shacharit","26","avot","amidah","ברכת אבות","Siddur Sefard, Shabbat Morning Services, Amidah","1-3","","","true","false","false"
"sefard","shabbat-shacharit","27","gevurot","amidah","גבורות","Siddur Sefard, Shabbat Morning Services, Amidah","4-8","","","true","false","false"
"sefard","shabbat-shacharit","28","kedusha","kedusha","קדושה","Siddur Sefard, Shabbat Morning Services, Amidah","9-14","","repetition","false","false","false"
"sefard","shabbat-shacharit","29","kedushat-hashem","amidah","קדושת השם","Siddur Sefard, Shabbat Morning Services, Amidah","15-15","","","true","false","false"
"sefard","shabbat-shacharit","30","kedushat-hayom","amidah","ישמח משה","Siddur Sefard, Shabbat Morning Services, Amidah","16-20","","","true","false","false"
"sefard","shabbat-shacharit","31","retze","amidah","רצה","Siddur Sefard, Shabbat Morning Services, Amidah","21-21","","","true","false","false"
"sefard","shabbat-shacharit","32","yaale-veyavo","amidah","יעלה ויבוא","Siddur Sefard, Shabbat Morning Services, Amidah","22-27","roshChodesh|cholHamoed","","true","false","false"
"sefard","shabbat-shacharit","33","retze-end","amidah","","Siddur Sefard, Shabbat Morning Services, Amidah","28-28","","","true","false","false"
"sefard","shabbat-shacharit","34","modim","amidah","מודים","Siddur Sefard, Shabbat Morning Services, Amidah","29-29","","","true","false","false"
"sefard","shabbat-shacharit","35","modim-derabanan","modim-derabanan","מודים דרבנן","Siddur Sefard, Shabbat Morning Services, Amidah","30-32","","repetition","false","false","false"
"sefard","shabbat-shacharit","36","al-hanisim-heading","","","Siddur Sefard, Shabbat Morning Services, Amidah","33-33","","","false","true","false"
"sefard","shabbat-shacharit","37","al-hanisim","amidah","על הנסים","Siddur Sefard, Shabbat Morning Services, Amidah","34-37","chanukah|purim","","true","false","false"
"sefard","shabbat-shacharit","38","modim-end","amidah","","Siddur Sefard, Shabbat Morning Services, Amidah","38-40","","","true","false","false"
"sefard","shabbat-shacharit","39","birkat-kohanim-caption","","","Siddur Sefard, Shabbat Morning Services, Amidah","41-41","","","false","true","false"
"sefard","shabbat-shacharit","40","birkat-kohanim-ws-before","","","Siddur Sefard, Weekday Shacharit, Amidah","0-106","","","false","true","false"
"sefard","shabbat-shacharit","41","birkat-kohanim","birkat-kohanim","ברכת כהנים","Siddur Sefard, Weekday Shacharit, Amidah","107-114","","repetition","false","false","false"
"sefard","shabbat-shacharit","42","birkat-kohanim-ws-after","","","Siddur Sefard, Weekday Shacharit, Amidah","115-124","","","false","true","false"
"sefard","shabbat-shacharit","43","sim-shalom","amidah","שים שלום","Siddur Sefard, Shabbat Morning Services, Amidah","42-44","","","true","false","false"
"sefard","shabbat-shacharit","44","elokai-netzor","elokai-netzor","אלהי נצור","Siddur Sefard, Shabbat Morning Services, Amidah","45-53","","","false","false","false"
"sefard","shabbat-shacharit","45","hallel-direction","hallel","הלל","Siddur Sefard, Shabbat Morning Services, Amidah","54-54","roshChodesh","","false","false","false"
"sefard","shabbat-shacharit","46","hallel-heading","","","Siddur Sefard, Rosh Chodesh, Hallel","0-0","","","false","true","false"
"sefard","shabbat-shacharit","47","hallel","hallel","","Siddur Sefard, Rosh Chodesh, Hallel","1-27","roshChodesh","","false","false","false"
"sefard","shabbat-shacharit","48","hallel-weekday-kaddish","","","Siddur Sefard, Rosh Chodesh, Hallel","28-34","","","false","true","false"
"sefard","shabbat-shacharit","49","kaddish-titkabal-heading","","","Siddur Sefard, Shabbat Morning Services, Amidah","55-55","","","false","true","false"
"sefard","shabbat-shacharit","50","kaddish-titkabal","kaddish-titkabal","קדיש תתקבל","Siddur Sefard, Shabbat Morning Services, Amidah","56-59","","minyan","true","false","false"
"sefard","shabbat-shacharit","51","song-of-day","song-of-day","שיר של יום","Siddur Sefard, Shabbat Morning Services, Amidah","60-62","","","false","false","false"
"sefard","shabbat-shacharit","52","kaddish-yatom-song","kaddish-yatom","קדיש יתום","Siddur Sefard, Shabbat Morning Services, Amidah","63-65","","mourners","false","false","false"
"sefard","shabbat-shacharit","53","barchi-nafshi","barchi-nafshi","ברכי נפשי","Siddur Sefard, Shabbat Morning Services, Amidah","66-67","roshChodesh","","false","false","false"
"sefard","shabbat-shacharit","54","kaddish-yatom-barchi","kaddish-yatom","קדיש יתום","Siddur Sefard, Shabbat Morning Services, Amidah","68-70","roshChodesh","mourners","false","false","false"
"sefard","shabbat-shacharit","55","ledavid","ledavid-ori","לדוד ה׳ אורי","Siddur Sefard, Shabbat Morning Services, Amidah","71-72","ledavid","","false","false","false"
"sefard","shabbat-shacharit","56","kaddish-yatom-ledavid","kaddish-yatom","קדיש יתום","Siddur Sefard, Shabbat Morning Services, Amidah","73-75","ledavid","mourners","false","false","false"
"sefard","shabbat-shacharit","57","ata-hareta","torah-service","אתה הראת","Siddur Sefard, Shabbat Morning Services, Shabbat Torah Reading","0-2","","","true","false","false"
"sefard","shabbat-shacharit","58","vayehi-binsoa","torah-service","ויהי בנסוע","Siddur Sefard, Shabbat Morning Services, Shabbat Torah Reading","3-4","","minyan","true","false","false"
"sefard","shabbat-shacharit","59","festival-additions","","","Siddur Sefard, Shabbat Morning Services, Shabbat Torah Reading","5-15","","","false","true","false"
"sefard","shabbat-shacharit","60","brich-shmei","torah-service","בריך שמיה","Siddur Sefard, Shabbat Morning Services, Shabbat Torah Reading","16-16","","","true","false","false"
"sefard","shabbat-shacharit","61","gadlu","torah-service","שמע ישראל · גדלו","Siddur Sefard, Shabbat Morning Services, Shabbat Torah Reading","17-25","","minyan","true","false","false"
"sefard","shabbat-shacharit","62","torah-blessings","torah-reading","ברכות התורה","Siddur Sefard, Shabbat Morning Services, Blessings on Torah Reading","0-6","","minyan","true","false","false"
"sefard","shabbat-shacharit","63","mi-sheberach-oleh","torah-reading","מי שברך לעולה לתורה","Siddur Sefard, Shabbat Morning Services, Prayer for Oleh","0-1","","minyan","true","false","false"
"sefard","shabbat-shacharit","64","mi-sheberach-yoledet","torah-reading","מי שברך ליולדת","Siddur Sefard, Shabbat Morning Services, Prayer for Mother after Chilbirth","0-3","","optional","true","false","false"
"sefard","shabbat-shacharit","65","mi-sheberach-choleh","torah-reading","מי שברך לחולה","Siddur Sefard, Shabbat Morning Services, Prayer for Sick","0-3","","optional","true","false","false"
"sefard","shabbat-shacharit","66","gomel","torah-reading","ברכת הגומל","Siddur Sefard, Shabbat Morning Services, Thanksgiving Blessing","0-2","","optional","true","false","false"
"sefard","shabbat-shacharit","67","bar-mitzva","torah-reading","ברוך שפטרני","Siddur Sefard, Shabbat Morning Services, Bar Mitzva","0-1","","optional","true","false","false"
"sefard","shabbat-shacharit","68","half-kaddish-maftir","half-kaddish","חצי קדיש","Siddur Sefard, Shabbat Morning Services, Av HaRachamim","12-14","","minyan","true","false","false"
"sefard","shabbat-shacharit","69","hagbaha","torah-reading","הגבהת ספר תורה","Siddur Sefard, Shabbat Morning Services, Hagbahah","0-1","","minyan","true","false","false"
"sefard","shabbat-shacharit","70","haftarah-blessings","haftarah","ברכות ההפטרה","Siddur Sefard, Shabbat Morning Services, Haftarah Blessings","0-5","","","false","false","false"
"sefard","shabbat-shacharit","71","al-hatorah","haftarah","","Siddur Sefard, Shabbat Morning Services, Haftarah Blessings","6-7","!cholHamoed","","false","false","false"
"sefard","shabbat-shacharit","72","al-hatorah-chm","haftarah","","Siddur Sefard, Shabbat Morning Services, Haftarah Blessings","8-14","cholHamoed","","false","false","false"
"sefard","shabbat-shacharit","73","al-hatorah-rh-yk","","","Siddur Sefard, Shabbat Morning Services, Haftarah Blessings","15-18","","","false","true","false"
"sefard","shabbat-shacharit","74","yekum-purkan","torah-service","יקום פורקן · מי שברך","Siddur Sefard, Shabbat Morning Services, Haftarah Blessings","19-23","","","true","false","false"
"sefard","shabbat-shacharit","75","birkat-hachodesh","birkat-hachodesh","ברכת החודש","Siddur Sefard, Shabbat Morning Services, Blessing of New Month","0-5","shabbatMevarchim","minyan","false","false","false"
"sefard","shabbat-shacharit","76","bahab","birkat-hachodesh","מי שברך לבה""ב","Siddur Sefard, Shabbat Morning Services, BaHaB Blessing","0-1","","optional","false","false","false"
"sefard","shabbat-shacharit","77","hazkarat-neshamot","av-harachamim","אל מלא רחמים","Siddur Sefard, Shabbat Morning Services, Prayer for Deceased","0-4","","optional","false","false","false"
"sefard","shabbat-shacharit","78","av-harachamim","av-harachamim","אב הרחמים","Siddur Sefard, Shabbat Morning Services, Av HaRachamim","0-1","","","false","false","false"
"sefard","shabbat-shacharit","79","ashrei","ashrei","אשרי","Siddur Sefard, Shabbat Morning Services, Av HaRachamim","2-2","","","false","false","false"
"sefard","shabbat-shacharit","80","return-torah","return-torah","הכנסת ספר תורה","Siddur Sefard, Shabbat Morning Services, Av HaRachamim","3-7","","","true","false","false"
"sefard","shabbat-shacharit","81","return-torah-festival","","","Siddur Sefard, Shabbat Morning Services, Av HaRachamim","8-9","","","false","true","false"
"sefard","shabbat-shacharit","82","return-torah-end","return-torah","","Siddur Sefard, Shabbat Morning Services, Av HaRachamim","10-11","","","true","false","false"
"sefard","shabbat-shacharit","83","half-kaddish-musaf","half-kaddish","חצי קדיש","Siddur Sefard, Shabbat Morning Services, Av HaRachamim","12-14","","minyan","true","false","false"
"sefard","shabbat-musaf","1","amidah-opening","musaf","תפילת מוסף","Siddur Sefard, Musaf","0-0","","","true","false","false"
"sefard","shabbat-musaf","2","avot","musaf","ברכת אבות","Siddur Sefard, Musaf","1-3","","","true","false","false"
"sefard","shabbat-musaf","3","gevurot","musaf","גבורות","Siddur Sefard, Musaf","4-8","","","true","false","false"
"sefard","shabbat-musaf","4","keter","kedusha","כתר","Siddur Sefard, Musaf","9-16","","repetition","false","false","false"
"sefard","shabbat-musaf","5","kedushat-hashem","musaf","קדושת השם","Siddur Sefard, Musaf","17-17","","","true","false","false"
"sefard","shabbat-musaf","6","ata-yatzarta","musaf","אתה יצרת","Siddur Sefard, Musaf","18-27","roshChodesh","","true","false","false"
"sefard","shabbat-musaf","7","tikanta-shabbat","musaf","תכנת שבת","Siddur Sefard, Musaf","28-31","!roshChodesh","","true","false","false"
"sefard","shabbat-musaf","8","retze","musaf","רצה","Siddur Sefard, Musaf","32-33","","","true","false","false"
"sefard","shabbat-musaf","9","modim","musaf","מודים","Siddur Sefard, Musaf","34-34","","","true","false","false"
"sefard","shabbat-musaf","10","modim-derabanan","modim-derabanan","מודים דרבנן","Siddur Sefard, Musaf","35-37","","repetition","false","false","false"
"sefard","shabbat-musaf","11","al-hanisim-heading","","","Siddur Sefard, Musaf","38-38","","","false","true","false"
"sefard","shabbat-musaf","12","al-hanisim","musaf","על הנסים","Siddur Sefard, Musaf","39-42","chanukah|purim","","true","false","false"
"sefard","shabbat-musaf","13","modim-end","musaf","","Siddur Sefard, Musaf","43-45","","","true","false","false"
"sefard","shabbat-musaf","14","birkat-kohanim-caption","","","Siddur Sefard, Musaf","46-46","","","false","true","false"
"sefard","shabbat-musaf","15","birkat-kohanim-ws-before","","","Siddur Sefard, Weekday Shacharit, Amidah","0-106","","","false","true","false"
"sefard","shabbat-musaf","16","birkat-kohanim","birkat-kohanim","ברכת כהנים","Siddur Sefard, Weekday Shacharit, Amidah","107-114","","repetition","false","false","false"
"sefard","shabbat-musaf","17","birkat-kohanim-ws-after","","","Siddur Sefard, Weekday Shacharit, Amidah","115-124","","","false","true","false"
"sefard","shabbat-musaf","18","sim-shalom","musaf","שים שלום","Siddur Sefard, Musaf","47-49","","","true","false","false"
"sefard","shabbat-musaf","19","elokai-netzor","elokai-netzor","אלהי נצור","Siddur Sefard, Musaf","50-58","","","false","false","false"
"sefard","shabbat-musaf","20","kaddish-titkabal-heading","","","Siddur Sefard, Musaf","59-59","","","false","true","false"
"sefard","shabbat-musaf","21","kaddish-titkabal","kaddish-titkabal","קדיש תתקבל","Siddur Sefard, Musaf","60-63","","minyan","true","false","false"
"sefard","shabbat-musaf","22","kaveh","kaveh","קוה אל ה׳","Siddur Sefard, Musaf","64-64","","","false","false","false"
"sefard","shabbat-musaf","23","ein-keloheinu","ein-keloheinu","אין כאלהינו","Siddur Sefard, Musaf","65-65","","","false","false","false"
"sefard","shabbat-musaf","24","pitum-haketoret","ketoret","פטום הקטורת","Siddur Sefard, Musaf","66-67","","","false","false","false"
"sefard","shabbat-musaf","25","tanna-devei-eliyahu","closing-passages","תנא דבי אליהו","Siddur Sefard, Musaf","68-69","","","false","false","false"
"sefard","shabbat-musaf","26","kaddish-derabanan-heading","","","Siddur Sefard, Musaf","70-70","","","false","true","false"
"sefard","shabbat-musaf","27","kaddish-derabanan","kaddish-derabanan","קדיש דרבנן","Siddur Sefard, Musaf","71-72","","minyan","false","false","false"
"sefard","shabbat-musaf","28","barchu","barchu","ברכו","Siddur Sefard, Musaf","73-74","","minyan","false","false","false"
"sefard","shabbat-musaf","29","aleinu","aleinu","עלינו לשבח","Siddur Sefard, Musaf","75-76","","","true","false","false"
"sefard","shabbat-musaf","30","kaddish-yatom","kaddish-yatom","קדיש יתום","Siddur Sefard, Musaf","77-79","","mourners","false","false","false"
"sefard","shabbat-musaf","31","shir-hayichud","closing-passages","שיר היחוד ליום השבת","Siddur Sefard, Musaf","80-113","","","false","false","false"
"sefard","shabbat-musaf","32","shir-hakavod","closing-passages","שיר הכבוד","Siddur Sefard, Musaf","114-148","","","false","false","false"
"sefard","shabbat-musaf","33","kaddish-yatom-2","kaddish-yatom","קדיש יתום","Siddur Sefard, Musaf","149-151","","mourners","false","false","false"
"sefard","shabbat-musaf","34","adon-olam","closing-passages","אדון עולם","Siddur Sefard, Musaf","152-152","","","false","false","false"
"sefard","shabbat-musaf","35","lechem-hapanim","closing-passages","פרשת לחם הפנים","Siddur Sefard, Musaf","153-154","","optional","false","false","false"
"sefard","shabbat-kiddush-day","1","asader","zemirot","אתקינו · אסדר לסעודתא","Siddur Sefard, Shabbat Day Meal, Shabbat Day Kiddush","0-11","","","false","false","false"
"sefard","shabbat-kiddush-day","2","chai-hashem","zemirot","חי ה׳ וברוך צורי","Siddur Sefard, Shabbat Day Meal, Shabbat Day Kiddush","12-20","","","false","false","false"
"sefard","shabbat-kiddush-day","3","kiddush-day","kiddush-day","קידושא רבא","Siddur Sefard, Shabbat Day Meal, Shabbat Day Kiddush","21-27","","","true","false","false"
"sefard","shabbat-kiddush-day","4","leshev-basukka","kiddush-day","לישב בסוכה","Siddur Sefard, Shabbat Day Meal, Shabbat Day Kiddush","28-29","sukkot","","true","false","false"
"sefard","shabbat-mincha","1","kiyor","korbanot","פרשת הכיור","Siddur Sefard, Shabbat Mincha, Korbanot","0-0","","","false","false","false"
"sefard","shabbat-mincha","2","tamid","korbanot","פרשת התמיד","Siddur Sefard, Shabbat Mincha, Korbanot","1-2","","","false","false","false"
"sefard","shabbat-mincha","3","ketoret","ketoret","פטום הקטורת","Siddur Sefard, Shabbat Mincha, Korbanot","3-10","","","false","false","false"
"sefard","shabbat-mincha","4","ana-bekoach","korbanot","אנא בכח","Siddur Sefard, Shabbat Mincha, Korbanot","11-11","","","false","false","false"
"sefard","shabbat-mincha","5","ashrei","ashrei","אשרי","Siddur Sefard, Shabbat Mincha, Korbanot","12-12","","","true","false","false"
"sefard","shabbat-mincha","6","uva-letzion","uva-letzion","ובא לציון","Siddur Sefard, Shabbat Mincha, Korbanot","13-14","","","true","false","false"
"sefard","shabbat-mincha","7","half-kaddish-heading","","","Siddur Sefard, Shabbat Mincha, Korbanot","15-15","","","false","true","false"
"sefard","shabbat-mincha","8","half-kaddish","half-kaddish","חצי קדיש","Siddur Sefard, Shabbat Mincha, Korbanot","16-18","","minyan","true","false","false"
"sefard","shabbat-mincha","9","festival-amidah-pointer","","","Siddur Sefard, Shabbat Mincha, Korbanot","19-19","","","false","true","false"
"sefard","shabbat-mincha","10","vaani-tefilati","torah-service","ואני תפלתי","Siddur Sefard, Shabbat Mincha, Korbanot","20-20","","","false","false","false"
"sefard","shabbat-mincha","11","torah-service","torah-service","הוצאת ספר תורה","Siddur Sefard, Shabbat Mincha, Korbanot","21-28","","minyan","false","false","false"
"sefard","shabbat-mincha","12","torah-reading","torah-reading","קריאת התורה","Siddur Sefard, Shabbat Mincha, Korbanot","29-35","","minyan","true","false","false"
"sefard","shabbat-mincha","13","shepatrani","torah-reading","ברכת ברוך שפטרני","Siddur Sefard, Shabbat Mincha, Korbanot","36-38","","optional","true","false","false"
"sefard","shabbat-mincha","14","hagbaha","torah-reading","הגבהת ספר תורה","Siddur Sefard, Shabbat Mincha, Korbanot","39-40","","minyan","true","false","false"
"sefard","shabbat-mincha","15","halleluyah-psalms","return-torah","הללויה אודה ה׳ · אשרי איש","Siddur Sefard, Shabbat Mincha, Korbanot","41-42","","","false","false","false"
"sefard","shabbat-mincha","16","return-torah","return-torah","הכנסת ספר תורה","Siddur Sefard, Shabbat Mincha, Korbanot","43-46","","minyan","false","false","false"
"sefard","shabbat-mincha","17","half-kaddish-2-heading","","","Siddur Sefard, Shabbat Mincha, Korbanot","47-47","","","false","true","false"
"sefard","shabbat-mincha","18","half-kaddish-2","half-kaddish","חצי קדיש","Siddur Sefard, Shabbat Mincha, Korbanot","48-50","","minyan","true","false","false"
"sefard","shabbat-mincha","19","amidah-opening-heading","","","Siddur Sefard, Shabbat Mincha, Amidah","0-0","","","false","true","false"
"sefard","shabbat-mincha","20","amidah-opening","amidah","תפילת העמידה","Siddur Sefard, Shabbat Mincha, Amidah","1-2","","","true","false","false"
"sefard","shabbat-mincha","21","avot","amidah","ברכת אבות","Siddur Sefard, Shabbat Mincha, Amidah","3-5","","","true","false","false"
"sefard","shabbat-mincha","22","gevurot","amidah","גבורות","Siddur Sefard, Shabbat Mincha, Amidah","6-10","","","true","false","false"
"sefard","shabbat-mincha","23","kedusha","kedusha","קדושה","Siddur Sefard, Shabbat Mincha, Amidah","11-15","","repetition","false","false","false"
"sefard","shabbat-mincha","24","kedushat-hashem","amidah","קדושת השם","Siddur Sefard, Shabbat Mincha, Amidah","16-16","","","true","false","false"
"sefard","shabbat-mincha","25","kedushat-hayom","amidah","אתה אחד","Siddur Sefard, Shabbat Mincha, Amidah","17-18","","","true","false","false"
"sefard","shabbat-mincha","26","retze","amidah","רצה","Siddur Sefard, Shabbat Mincha, Amidah","19-19","","","true","false","false"
"sefard","shabbat-mincha","27","yaale-veyavo","amidah","יעלה ויבוא","Siddur Sefard, Shabbat Mincha, Amidah","20-25","roshChodesh|cholHamoed","","true","false","false"
"sefard","shabbat-mincha","28","retze-end","amidah","","Siddur Sefard, Shabbat Mincha, Amidah","26-26","","","true","false","false"
"sefard","shabbat-mincha","29","modim","amidah","מודים","Siddur Sefard, Shabbat Mincha, Amidah","27-27","","","true","false","false"
"sefard","shabbat-mincha","30","modim-derabanan","modim-derabanan","מודים דרבנן","Siddur Sefard, Shabbat Mincha, Amidah","28-29","","repetition","false","false","false"
"sefard","shabbat-mincha","31","al-hanisim","amidah","על הנסים","Siddur Sefard, Shabbat Mincha, Amidah","30-33","chanukah|purim","","true","false","false"
"sefard","shabbat-mincha","32","modim-end","amidah","","Siddur Sefard, Shabbat Mincha, Amidah","34-36","","","true","false","false"
"sefard","shabbat-mincha","33","sim-shalom","amidah","שים שלום","Siddur Sefard, Shabbat Mincha, Amidah","37-39","","","true","false","false"
"sefard","shabbat-mincha","34","elokai-netzor","elokai-netzor","אלהי נצור","Siddur Sefard, Shabbat Mincha, Amidah","40-48","","","false","false","false"
"sefard","shabbat-mincha","35","tzidkatcha","tzidkatcha","צדקתך","Siddur Sefard, Shabbat Mincha, Amidah","49-52","tachanunIfWeekday","","false","false","false"
"sefard","shabbat-mincha","36","kaddish-titkabal","kaddish-titkabal","קדיש תתקבל","Siddur Sefard, Shabbat Mincha, Amidah","53-57","","minyan","true","false","false"
"sefard","shabbat-mincha","37","aleinu","aleinu","עלינו לשבח","Siddur Sefard, Shabbat Mincha, Amidah","58-59","","","true","false","false"
"sefard","shabbat-mincha","38","kaddish-yatom","kaddish-yatom","קדיש יתום","Siddur Sefard, Shabbat Mincha, Amidah","60-62","","mourners","false","false","false"
"sefard","shabbat-mincha","39","ledavid","ledavid-ori","לדוד ה׳ אורי","Siddur Sefard, Shabbat Mincha, Amidah","63-64","ledavid","","false","false","false"
"sefard","shabbat-mincha","40","kaddish-yatom-ledavid","kaddish-yatom","קדיש יתום","Siddur Sefard, Shabbat Mincha, Amidah","65-67","ledavid","mourners","false","false","false"
"sefard","shabbat-mincha","41","barchi-nafshi","barchi-nafshi","ברכי נפשי ושירי המעלות","Siddur Sefard, Shabbat Mincha, Amidah","68-84","winter","","false","false","false"
"sefard","shabbat-mincha","42","pirkei-avot","pirkei-avot","פרקי אבות","Siddur Sefard, Shabbat Mincha, Pirkei Avot","0-127","","","false","false","false"
"sefard","havdalah","1","havdalah","havdalah","סדר הבדלה","Siddur Sefard, Motzaei Shabbat , Havdala","0-7","","","true","false","true"
"sefard","havdalah","2","hamavdil-heading","","","Siddur Sefard, Motzaei Shabbat , Hamavdil","0-0","","","false","true","true"
"sefard","havdalah","3","hamavdil","havdalah","המבדיל בין קודש לחול","Siddur Sefard, Motzaei Shabbat , Hamavdil","1-2","","optional","true","false","true"
"sefard","birkat-hamazon","1","al-naharot","birkat-hamazon","על נהרות בבל","Siddur Sefard, Birchat HaMazon, Birchat HaMazon","1-1","tachanun","","true","false","false"
"sefard","birkat-hamazon","2","shir-hamaalot","birkat-hamazon","שיר המעלות","Siddur Sefard, Birchat HaMazon, Birchat HaMazon","3-3","!tachanun","","true","false","false"
"sefard","birkat-hamazon","3","zimun","birkat-hamazon","זימון","Siddur Sefard, Birchat HaMazon, Birchat HaMazon","8-20","","","true","false","false"
"sefard","birkat-hamazon","4","zimun-nisuin","birkat-hamazon","זימון בסעודת נישואין","Siddur Sefard, Birchat HaMazon, Birchat HaMazon","23-34","","optional","true","false","false"
"sefard","birkat-hamazon","5","hazan","birkat-hamazon","ברכת הזן","Siddur Sefard, Birchat HaMazon, Birchat HaMazon","35-36","","","true","false","false"
"sefard","birkat-hamazon","6","haaretz","birkat-hamazon","ברכת הארץ","Siddur Sefard, Birchat HaMazon, Birchat HaMazon","37-38","","","true","false","false"
"sefard","birkat-hamazon","7","al-hanisim","birkat-hamazon","על הנסים","Siddur Sefard, Birchat HaMazon, Birchat HaMazon","40-44","chanukah|purim","","true","false","false"
"sefard","birkat-hamazon","8","haaretz-end","birkat-hamazon","","Siddur Sefard, Birchat HaMazon, Birchat HaMazon","45-45","","","true","false","false"
"sefard","birkat-hamazon","9","boneh-yerushalayim","birkat-hamazon","בונה ירושלים","Siddur Sefard, Birchat HaMazon, Birchat HaMazon","46-47","","","true","false","false"
"sefard","birkat-hamazon","10","retze","birkat-hamazon","רצה והחליצנו","Siddur Sefard, Birchat HaMazon, Birchat HaMazon","49-49","shabbat","","true","false","false"
"sefard","birkat-hamazon","11","yaale-veyavo","birkat-hamazon","יעלה ויבוא","Siddur Sefard, Birchat HaMazon, Birchat HaMazon","51-59","roshChodesh|cholHamoed|yomTov|roshHashana","","true","false","false"
"sefard","birkat-hamazon","12","boneh-end","birkat-hamazon","","Siddur Sefard, Birchat HaMazon, Birchat HaMazon","61-61","","","true","false","false"
"sefard","birkat-hamazon","13","hatov-vehametiv","birkat-hamazon","הטוב והמטיב","Siddur Sefard, Birchat HaMazon, Birchat HaMazon","62-63","","","true","false","false"
"sefard","birkat-hamazon","14","harachaman","birkat-hamazon","הרחמן","Siddur Sefard, Birchat HaMazon, Birchat HaMazon","64-90","","","true","false","false"
"sefard","birkat-hamazon","15","shachach","birkat-hamazon","מי ששכח רצה או יעלה ויבוא","Siddur Sefard, Birchat HaMazon, Birchat HaMazon","93-105","","optional","true","false","false"
"sefard","hallel","1","hallel-heading","","","Siddur Sefard, Rosh Chodesh, Hallel","0-0","","","false","true","false"
"sefard","hallel","2","hallel","hallel","הלל","Siddur Sefard, Rosh Chodesh, Hallel","1-27","","","true","false","false"
"sefard","hallel","3","kaddish-titkabal","kaddish-titkabal","קדיש תתקבל","Siddur Sefard, Rosh Chodesh, Hallel","28-34","!chanukah","minyan","false","false","false"
"sefard","hallel","4","half-kaddish","half-kaddish","חצי קדיש","Siddur Sefard, Rosh Chodesh, Hallel","28-31","chanukah","minyan","false","false","false"
"sefard","rosh-chodesh-musaf","1","amidah-opening-heading","","","Siddur Sefard, Rosh Chodesh, Mussaf","0-0","","","false","true","false"
"sefard","rosh-chodesh-musaf","2","amidah-opening","musaf","תפילת מוסף","Siddur Sefard, Rosh Chodesh, Mussaf","1-3","","","true","false","false"
"sefard","rosh-chodesh-musaf","3","avot","musaf","ברכת אבות","Siddur Sefard, Rosh Chodesh, Mussaf","4-4","","","true","false","false"
"sefard","rosh-chodesh-musaf","4","gevurot","musaf","גבורות","Siddur Sefard, Rosh Chodesh, Mussaf","5-7","","","true","false","false"
"sefard","rosh-chodesh-musaf","5","keter","kedusha","כתר","Siddur Sefard, Rosh Chodesh, Mussaf","8-10","","repetition","false","false","false"
"sefard","rosh-chodesh-musaf","6","kedushat-hashem","musaf","קדושת השם","Siddur Sefard, Rosh Chodesh, Mussaf","11-11","","","true","false","false"
"sefard","rosh-chodesh-musaf","7","rashei-chodashim","musaf","ראשי חדשים","Siddur Sefard, Rosh Chodesh, Mussaf","12-15","","","true","false","false"
"sefard","rosh-chodesh-musaf","8","retze","musaf","רצה","Siddur Sefard, Rosh Chodesh, Mussaf","16-17","","","true","false","false"
"sefard","rosh-chodesh-musaf","9","modim","musaf","מודים","Siddur Sefard, Rosh Chodesh, Mussaf","18-18","","","true","false","false"
"sefard","rosh-chodesh-musaf","10","modim-derabanan","modim-derabanan","מודים דרבנן","Siddur Sefard, Rosh Chodesh, Mussaf","19-20","","repetition","false","false","false"
"sefard","rosh-chodesh-musaf","11","al-hanisim","musaf","על הנסים","Siddur Sefard, Rosh Chodesh, Mussaf","21-23","chanukah","","true","false","false"
"sefard","rosh-chodesh-musaf","12","modim-end","musaf","","Siddur Sefard, Rosh Chodesh, Mussaf","24-25","","","true","false","false"
"sefard","rosh-chodesh-musaf","13","birkat-kohanim-caption","","","Siddur Sefard, Rosh Chodesh, Mussaf","26-26","","","false","true","false"
"sefard","rosh-chodesh-musaf","14","birkat-kohanim-ws-before","","","Siddur Sefard, Weekday Shacharit, Amidah","0-106","","","false","true","false"
"sefard","rosh-chodesh-musaf","15","birkat-kohanim","birkat-kohanim","ברכת כהנים","Siddur Sefard, Weekday Shacharit, Amidah","107-114","","repetition","false","false","false"
"sefard","rosh-chodesh-musaf","16","birkat-kohanim-ws-after","","","Siddur Sefard, Weekday Shacharit, Amidah","115-124","","","false","true","false"
"sefard","rosh-chodesh-musaf","17","sim-shalom","musaf","שים שלום","Siddur Sefard, Rosh Chodesh, Mussaf","27-28","","","true","false","false"
"sefard","rosh-chodesh-musaf","18","elokai-netzor","elokai-netzor","אלהי נצור","Siddur Sefard, Rosh Chodesh, Mussaf","29-38","","","false","false","false"
"sefard","rosh-chodesh-musaf","19","kaddish-titkabal","kaddish-titkabal","קדיש תתקבל","Siddur Sefard, Rosh Chodesh, Mussaf","39-43","","minyan","false","false","false"
"sefard","rosh-chodesh-musaf","20","kaveh","kaveh","קוה אל ה׳","Siddur Sefard, Rosh Chodesh, Mussaf","44-44","","","false","false","false"
"sefard","rosh-chodesh-musaf","21","ein-keloheinu","ein-keloheinu","אין כאלהינו","Siddur Sefard, Rosh Chodesh, Mussaf","45-45","","","false","false","false"
"sefard","rosh-chodesh-musaf","22","pitum-haketoret","ketoret","פטום הקטורת","Siddur Sefard, Rosh Chodesh, Mussaf","46-51","","","false","false","false"
"sefard","rosh-chodesh-musaf","23","tanna-devei-eliyahu","closing-passages","תנא דבי אליהו","Siddur Sefard, Rosh Chodesh, Mussaf","52-53","","","false","false","false"
"sefard","rosh-chodesh-musaf","24","kaddish-derabanan","kaddish-derabanan","קדיש דרבנן","Siddur Sefard, Rosh Chodesh, Mussaf","54-56","","minyan","false","false","false"
"sefard","rosh-chodesh-musaf","25","barchu","barchu","ברכו","Siddur Sefard, Rosh Chodesh, Mussaf","57-58","","minyan","false","false","false"
"sefard","rosh-chodesh-musaf","26","aleinu","aleinu","עלינו לשבח","Siddur Sefard, Rosh Chodesh, Mussaf","59-60","","","false","false","false"
"sefard","rosh-chodesh-musaf","27","kaddish-yatom","kaddish-yatom","קדיש יתום","Siddur Sefard, Rosh Chodesh, Mussaf","61-63","","mourners","false","false","false"
"sefard","omer","1","omer","omer","ספירת העומר","Siddur Sefard, Weekday Maariv, Sefirat HaOmer","0-52","","","true","false","false"
"sefard","omer","2","omer-after","omer","הרחמן · למנצח · אנא בכח","Siddur Sefard, Weekday Maariv, Sefirat HaOmer","53-64","","","true","false","false"
"sefard","festival-amidah","1","vayedaber-heading","","","Siddur Sefard, Holidays, Kaddish Before Maariv Amidah","0-0","","","false","true","false"
"sefard","festival-amidah","2","vayedaber","shema-blessings","וידבר משה · בערבית","Siddur Sefard, Holidays, Kaddish Before Maariv Amidah","1-2","","","false","false","false"
"sefard","festival-amidah","3","half-kaddish","half-kaddish","חצי קדיש","Siddur Sefard, Holidays, Kaddish Before Maariv Amidah","3-5","","minyan","false","false","false"
"sefard","festival-amidah","4","amidah-opening-heading","","","Siddur Sefard, Holidays, Maariv, Shacharit & Mincha Amidah","0-0","","","false","true","false"
"sefard","festival-amidah","5","amidah-opening","festival-amidah","תפילת העמידה","Siddur Sefard, Holidays, Maariv, Shacharit & Mincha Amidah","1-5","","","true","false","false"
"sefard","festival-amidah","6","avot","festival-amidah","ברכת אבות","Siddur Sefard, Holidays, Maariv, Shacharit & Mincha Amidah","6-6","","","true","false","false"
"sefard","festival-amidah","7","gevurot","festival-amidah","גבורות","Siddur Sefard, Holidays, Maariv, Shacharit & Mincha Amidah","7-9","","","true","false","false"
"sefard","festival-amidah","8","kedusha","kedusha","קדושה","Siddur Sefard, Holidays, Maariv, Shacharit & Mincha Amidah","10-15","","repetition","false","false","false"
"sefard","festival-amidah","9","kedushat-hashem","festival-amidah","קדושת השם","Siddur Sefard, Holidays, Maariv, Shacharit & Mincha Amidah","16-16","","","true","false","false"
"sefard","festival-amidah","10","ata-bechartanu","festival-amidah","אתה בחרתנו","Siddur Sefard, Holidays, Maariv, Shacharit & Mincha Amidah","17-17","","","true","false","false"
"sefard","festival-amidah","11","vatodienu","festival-amidah","ותודיענו","Siddur Sefard, Holidays, Maariv, Shacharit & Mincha Amidah","18-19","motzaeiShabbat","","true","false","false"
"sefard","festival-amidah","12","vatiten-lanu","festival-amidah","","Siddur Sefard, Holidays, Maariv, Shacharit & Mincha Amidah","20-25","","","true","false","false"
"sefard","festival-amidah","13","yaale-veyavo","festival-amidah","יעלה ויבוא","Siddur Sefard, Holidays, Maariv, Shacharit & Mincha Amidah","26-31","","","true","false","false"
"sefard","festival-amidah","14","vehasienu","festival-amidah","והשיאנו","Siddur Sefard, Holidays, Maariv, Shacharit & Mincha Amidah","32-32","","","true","false","false"
"sefard","festival-amidah","15","retze","festival-amidah","רצה","Siddur Sefard, Holidays, Maariv, Shacharit & Mincha Amidah","33-34","","","true","false","false"
"sefard","festival-amidah","16","modim","festival-amidah","מודים","Siddur Sefard, Holidays, Maariv, Shacharit & Mincha Amidah","35-35","","","true","false","false"
"sefard","festival-amidah","17","modim-derabanan","modim-derabanan","מודים דרבנן","Siddur Sefard, Holidays, Maariv, Shacharit & Mincha Amidah","36-37","","repetition","false","false","false"
"sefard","festival-amidah","18","modim-end","festival-amidah","","Siddur Sefard, Holidays, Maariv, Shacharit & Mincha Amidah","38-39","","","true","false","false"
"sefard","festival-amidah","19","birkat-kohanim-caption","","","Siddur Sefard, Holidays, Maariv, Shacharit & Mincha Amidah","40-40","","","false","true","false"
"sefard","festival-amidah","20","birkat-kohanim-ws-before","","","Siddur Sefard, Weekday Shacharit, Amidah","0-106","","","false","true","false"
"sefard","festival-amidah","21","birkat-kohanim","birkat-kohanim","ברכת כהנים","Siddur Sefard, Weekday Shacharit, Amidah","107-114","","repetition","false","false","false"
"sefard","festival-amidah","22","birkat-kohanim-ws-after","","","Siddur Sefard, Weekday Shacharit, Amidah","115-124","","","false","true","false"
"sefard","festival-amidah","23","sim-shalom","festival-amidah","שים שלום","Siddur Sefard, Holidays, Maariv, Shacharit & Mincha Amidah","41-42","","","true","false","false"
"sefard","festival-amidah","24","elokai-netzor","elokai-netzor","אלהי נצור","Siddur Sefard, Holidays, Maariv, Shacharit & Mincha Amidah","43-52","","","false","false","false"
"sefard","festival-amidah","25","kaddish-titkabal","kaddish-titkabal","קדיש תתקבל","Siddur Sefard, Holidays, Maariv, Shacharit & Mincha Amidah","53-57","","minyan","false","false","false"
"sefard","festival-amidah","26","aleinu","aleinu","עלינו לשבח","Siddur Sefard, Holidays, Maariv, Shacharit & Mincha Amidah","58-60","","","false","false","false"
"sefard","festival-amidah","27","kaddish-yatom","kaddish-yatom","קדיש יתום","Siddur Sefard, Holidays, Maariv, Shacharit & Mincha Amidah","61-63","","mourners","false","false","false"
"sefard","festival-musaf","1","amidah-opening-heading","","","Siddur Sefard, Holidays, Yom Tov Musaf Amidah","0-0","","","false","true","false"
"sefard","festival-musaf","2","amidah-opening","musaf","תפילת מוסף","Siddur Sefard, Holidays, Yom Tov Musaf Amidah","1-2","","","true","false","false"
"sefard","festival-musaf","3","avot","musaf","ברכת אבות","Siddur Sefard, Holidays, Yom Tov Musaf Amidah","3-3","","","true","false","false"
"sefard","festival-musaf","4","gevurot","musaf","גבורות","Siddur Sefard, Holidays, Yom Tov Musaf Amidah","4-6","","","true","false","false"
"sefard","festival-musaf","5","keter","kedusha","כתר","Siddur Sefard, Holidays, Yom Tov Musaf Amidah","7-7","","repetition","false","false","false"
"sefard","festival-musaf","6","keter-yom-tov","kedusha","","Siddur Sefard, Holidays, Yom Tov Musaf Amidah","8-9","!cholHamoed|shabbat","repetition","false","false","false"
"sefard","festival-musaf","7","keter-chol-hamoed","kedusha","","Siddur Sefard, Holidays, Yom Tov Musaf Amidah","10-11","cholHamoed&!shabbat","repetition","false","false","false"
"sefard","festival-musaf","8","keter-end","kedusha","","Siddur Sefard, Holidays, Yom Tov Musaf Amidah","12-12","","repetition","false","false","false"
"sefard","festival-musaf","9","kedushat-hashem","musaf","קדושת השם","Siddur Sefard, Holidays, Yom Tov Musaf Amidah","13-13","","","true","false","false"
"sefard","festival-musaf","10","ata-bechartanu","musaf","אתה בחרתנו","Siddur Sefard, Holidays, Yom Tov Musaf Amidah","14-20","","","true","false","false"
"sefard","festival-musaf","11","umipnei-chataeinu","musaf","ומפני חטאינו","Siddur Sefard, Holidays, Yom Tov Musaf Amidah","21-28","","","true","false","false"
"sefard","festival-musaf","12","musaf-pesach","musaf","מוספי היום · פסח","Siddur Sefard, Holidays, Yom Tov Musaf Amidah","29-32","pesach&!cholHamoed","","true","false","false"
"sefard","festival-musaf","13","musaf-shavuot","musaf","מוספי היום · שבועות","Siddur Sefard, Holidays, Yom Tov Musaf Amidah","33-36","shavuot","","true","false","false"
"sefard","festival-musaf","14","musaf-sukkot","musaf","מוספי היום · סוכות","Siddur Sefard, Holidays, Yom Tov Musaf Amidah","37-40","sukkot&!cholHamoed","","true","false","false"
"sefard","festival-musaf","15","musaf-chm-pesach","musaf","מוספי היום · חול המועד ואחרון של פסח","Siddur Sefard, Holidays, Yom Tov Musaf Amidah","41-44","pesach&cholHamoed","","true","false","false"
"sefard","festival-musaf","16","musaf-chm-sukkot","musaf","מוספי היום · חול המועד סוכות","Siddur Sefard, Holidays, Yom Tov Musaf Amidah","45-65","sukkot&cholHamoed&!hoshanaRabbah","","true","false","false"
"sefard","festival-musaf","17","musaf-hoshana-rabba","musaf","מוספי היום · הושענא רבה","Siddur Sefard, Holidays, Yom Tov Musaf Amidah","66-69","hoshanaRabbah","","true","false","false"
"sefard","festival-musaf","18","musaf-shemini-atzeret","musaf","מוספי היום · שמיני עצרת","Siddur Sefard, Holidays, Yom Tov Musaf Amidah","70-73","sheminiAtzeret","","true","false","false"
"sefard","festival-musaf","19","yismechu","musaf","ישמחו במלכותך","Siddur Sefard, Holidays, Yom Tov Musaf Amidah","74-74","shabbat","","true","false","false"
"sefard","festival-musaf","20","elokeinu-melech-rachaman","musaf","אלהינו ואלהי אבותינו מלך רחמן","Siddur Sefard, Holidays, Yom Tov Musaf Amidah","75-75","","","true","false","false"
"sefard","festival-musaf","21","vehasienu","musaf","והשיאנו","Siddur Sefard, Holidays, Yom Tov Musaf Amidah","76-76","","","true","false","false"
"sefard","festival-musaf","22","retze","musaf","רצה","Siddur Sefard, Holidays, Yom Tov Musaf Amidah","77-77","","","true","false","false"
"sefard","festival-musaf","23","veteerav","musaf","ותערב","Siddur Sefard, Holidays, Yom Tov Musaf Amidah","78-80","","repetition","true","false","false"
"sefard","festival-musaf","24","retze-end","musaf","","Siddur Sefard, Holidays, Yom Tov Musaf Amidah","81-81","","","true","false","false"
"sefard","festival-musaf","25","modim","musaf","מודים","Siddur Sefard, Holidays, Yom Tov Musaf Amidah","82-82","","","true","false","false"
"sefard","festival-musaf","26","modim-derabanan","modim-derabanan","מודים דרבנן","Siddur Sefard, Holidays, Yom Tov Musaf Amidah","83-84","","repetition","false","false","false"
"sefard","festival-musaf","27","modim-end","musaf","","Siddur Sefard, Holidays, Yom Tov Musaf Amidah","85-86","","","true","false","false"
"sefard","festival-musaf","28","birkat-kohanim-caption","","","Siddur Sefard, Holidays, Yom Tov Musaf Amidah","87-87","","","false","true","false"
"sefard","festival-musaf","29","birkat-kohanim","birkat-kohanim","סדר ברכת כהנים","Siddur Sefard, Priestly Blessing","0-27","","repetition","false","false","false"
"sefard","festival-musaf","30","sim-shalom","musaf","שים שלום","Siddur Sefard, Holidays, Yom Tov Musaf Amidah","88-88","","","true","false","false"
"sefard","festival-musaf","31","elokai-netzor","elokai-netzor","אלהי נצור","Siddur Sefard, Holidays, Yom Tov Musaf Amidah","89-98","","","false","false","false"
"sefard","festival-musaf","32","kaddish-titkabal","kaddish-titkabal","קדיש תתקבל","Siddur Sefard, Holidays, Yom Tov Musaf Amidah","99-103","","minyan","false","false","false"
"sefard","festival-musaf","33","kaveh","kaveh","קוה אל ה׳","Siddur Sefard, Holidays, Yom Tov Musaf Amidah","104-104","","","false","false","false"
"sefard","festival-musaf","34","ein-keloheinu","ein-keloheinu","אין כאלהינו","Siddur Sefard, Holidays, Yom Tov Musaf Amidah","105-105","","","false","false","false"
"sefard","festival-musaf","35","pitum-haketoret","ketoret","פטום הקטורת","Siddur Sefard, Holidays, Yom Tov Musaf Amidah","106-107","","","false","false","false"
"sefard","festival-musaf","36","tanna-devei-eliyahu","closing-passages","תנא דבי אליהו","Siddur Sefard, Holidays, Yom Tov Musaf Amidah","108-109","","","false","false","false"
"sefard","festival-musaf","37","kaddish-derabanan","kaddish-derabanan","קדיש דרבנן","Siddur Sefard, Holidays, Yom Tov Musaf Amidah","110-112","","minyan","false","false","false"
"sefard","festival-musaf","38","barchu","barchu","ברכו","Siddur Sefard, Holidays, Yom Tov Musaf Amidah","113-114","","minyan","false","false","false"
"sefard","festival-musaf","39","aleinu","aleinu","עלינו לשבח","Siddur Sefard, Holidays, Yom Tov Musaf Amidah","115-116","","","false","false","false"
"sefard","festival-musaf","40","kaddish-yatom","kaddish-yatom","קדיש יתום","Siddur Sefard, Holidays, Yom Tov Musaf Amidah","117-119","","mourners","false","false","false"
"chabad","weekday-shacharit","1","modeh-ani","modeh-ani","מודה אני","Weekday Siddur Chabad, Shacharit, Upon Arising","0-2","","","false","false","true"
"chabad","weekday-shacharit","2","netilat-yadayim","netilat-yadayim","נטילת ידים","Weekday Siddur Chabad, Shacharit, Morning Blessings","0-1","","","false","false","true"
"chabad","weekday-shacharit","3","asher-yatzar","morning-blessings","אשר יצר","Weekday Siddur Chabad, Shacharit, Morning Blessings","2-3","","","true","false","true"
"chabad","weekday-shacharit","4","elokai-neshama","morning-blessings","אלהי נשמה","Weekday Siddur Chabad, Shacharit, Morning Blessings","4-4","","","true","false","true"
"chabad","weekday-shacharit","5","birchot-hashachar","morning-blessings","ברכות השחר","Weekday Siddur Chabad, Shacharit, Morning Blessings","5-23","","","true","false","true"
"chabad","weekday-shacharit","6","birchot-hatorah","torah-blessings","ברכות התורה","Weekday Siddur Chabad, Shacharit, Morning Blessings","24-31","","","true","false","true"
"chabad","weekday-shacharit","7","tzitzit","tallit","ציצית","Weekday Siddur Chabad, Shacharit, Tzitzit and Tallit","0-1","","","true","false","true"
"chabad","weekday-shacharit","8","tallit","tallit","עטיפת טלית גדול","Weekday Siddur Chabad, Shacharit, Tzitzit and Tallit","2-9","!tishaBav","","true","false","true"
"chabad","weekday-shacharit","9","tefillin","tefillin","הנחת תפילין","Weekday Siddur Chabad, Shacharit, Tefillin","0-8","!tishaBav&!cholHamoed","","true","false","true"
"chabad","weekday-shacharit","10","hareini","morning-prayers","הריני מקבל","Weekday Siddur Chabad, Shacharit, Morning Prayer","0-1","","","false","false","true"
"chabad","weekday-shacharit","11","ma-tovu","morning-prayers","מה טבו","Weekday Siddur Chabad, Shacharit, Morning Prayer","2-2","","","false","false","true"
"chabad","weekday-shacharit","12","adon-olam","morning-prayers","אדון עולם","Weekday Siddur Chabad, Shacharit, Morning Prayer","3-3","","","false","false","true"
"chabad","weekday-shacharit","13","akeda-intro","morning-prayers","זכרנו בזכרון טוב","Weekday Siddur Chabad, Shacharit, Morning Prayer","4-4","tachanun","","false","false","true"
"chabad","weekday-shacharit","14","akeda","morning-prayers","פרשת העקדה","Weekday Siddur Chabad, Shacharit, Morning Prayer","5-5","","","false","false","true"
"chabad","weekday-shacharit","15","akeda-ribono","morning-prayers","רבונו של עולם","Weekday Siddur Chabad, Shacharit, Morning Prayer","6-7","tachanun","","false","false","true"
"chabad","weekday-shacharit","16","leolam","morning-prayers","לעולם יהא אדם","Weekday Siddur Chabad, Shacharit, Morning Prayer","8-16","","","false","false","true"
"chabad","weekday-shacharit","17","terumat-hadeshen","korbanot","תרומת הדשן","Weekday Siddur Chabad, Shacharit, Morning Prayer","17-18","","","true","false","true"
"chabad","weekday-shacharit","18","korbanot-yehi-ratzon","korbanot","יהי רצון","Weekday Siddur Chabad, Shacharit, Morning Prayer","19-19","tachanun","","true","false","true"
"chabad","weekday-shacharit","19","tamid","korbanot","פרשת התמיד","Weekday Siddur Chabad, Shacharit, Morning Prayer","20-21","","","true","false","true"
"chabad","weekday-shacharit","20","ketoret","ketoret","פטום הקטרת","Weekday Siddur Chabad, Shacharit, Morning Prayer","22-28","","","false","false","true"
"chabad","weekday-shacharit","21","abaye","korbanot","אביי הוה מסדר","Weekday Siddur Chabad, Shacharit, Morning Prayer","29-29","","","true","false","true"
"chabad","weekday-shacharit","22","ana-bekoach","korbanot","אנא בכח","Weekday Siddur Chabad, Shacharit, Morning Prayer","30-30","","","true","false","true"
"chabad","weekday-shacharit","23","ribon-haolamim","korbanot","רבון העולמים","Weekday Siddur Chabad, Shacharit, Morning Prayer","31-31","tachanun","","true","false","true"
"chabad","weekday-shacharit","24","eizehu-mekoman","korbanot","איזהו מקומן","Weekday Siddur Chabad, Shacharit, Morning Prayer","32-39","","","true","false","true"
"chabad","weekday-shacharit","25","rabbi-yishmael","korbanot","ברייתא דרבי ישמעאל","Weekday Siddur Chabad, Shacharit, Morning Prayer","40-41","","","true","false","true"
"chabad","weekday-shacharit","26","kaddish-derabanan","kaddish-derabanan","קדיש דרבנן","Weekday Siddur Chabad, Shacharit, Kaddish DeRabbanan","0-1","","minyan","false","false","true"
"chabad","weekday-shacharit","27","hodu","hodu","הודו","Weekday Siddur Chabad, Shacharit, Hodu","0-3","","","false","false","true"
"chabad","weekday-shacharit","28","mizmor-shir","mizmor-shir","מזמור שיר חנכת הבית","Weekday Siddur Chabad, Shacharit, Hodu","4-4","","","false","false","true"
"chabad","weekday-shacharit","29","kaddish-yatom-mizmor","kaddish-yatom","קדיש יתום","Weekday Siddur Chabad, Shacharit, Mourner's Kaddish","0-2","","mourners","false","false","true"
"chabad","weekday-shacharit","30","hashem-melech","hodu","יי מלך","Weekday Siddur Chabad, Shacharit, Hodu","5-7","","","false","false","true"
"chabad","weekday-shacharit","31","baruch-sheamar","baruch-sheamar","ברוך שאמר","Weekday Siddur Chabad, Shacharit, Pesukei Dezimra","0-1","","","false","false","true"
"chabad","weekday-shacharit","32","mizmor-letoda","pesukei-dezimra","מזמור לתודה","Weekday Siddur Chabad, Shacharit, Pesukei Dezimra","2-2","","","true","false","true"
"chabad","weekday-shacharit","33","yehi-chevod","pesukei-dezimra","יהי כבוד","Weekday Siddur Chabad, Shacharit, Pesukei Dezimra","3-3","","","true","false","true"
"chabad","weekday-shacharit","34","ashrei-pz","pesukei-dezimra","אשרי","Weekday Siddur Chabad, Shacharit, Pesukei Dezimra","4-4","","","true","false","true"
"chabad","weekday-shacharit","35","halleluya","pesukei-dezimra","הללויה","Weekday Siddur Chabad, Shacharit, Pesukei Dezimra","5-9","","","true","false","true"
"chabad","weekday-shacharit","36","vayevarech-david","pesukei-dezimra","ויברך דויד","Weekday Siddur Chabad, Shacharit, Pesukei Dezimra","10-12","","","true","false","true"
"chabad","weekday-shacharit","37","az-yashir","az-yashir","שירת הים","Weekday Siddur Chabad, Shacharit, Pesukei Dezimra","13-14","","","false","false","true"
"chabad","weekday-shacharit","38","yishtabach","yishtabach","ישתבח","Weekday Siddur Chabad, Shacharit, Pesukei Dezimra","15-15","","","true","false","true"
"chabad","weekday-shacharit","39","mimaamakim","pesukei-dezimra","שיר המעלות ממעמקים","Weekday Siddur Chabad, Shacharit, Pesukei Dezimra","16-16","aseret","","true","false","true"
"chabad","weekday-shacharit","40","half-kaddish","half-kaddish","חצי קדיש","Weekday Siddur Chabad, Shacharit, Pesukei Dezimra","17-17","","minyan","true","false","true"
"chabad","weekday-shacharit","41","barchu","barchu","ברכו","Weekday Siddur Chabad, Shacharit, Pesukei Dezimra","18-19","","minyan","false","false","true"
"chabad","weekday-shacharit","42","yotzer","shema-blessings","יוצר אור","Weekday Siddur Chabad, Shacharit, Blessings of the Shema","0-7","","","true","false","true"
"chabad","weekday-shacharit","43","ahavat-olam","shema-blessings","אהבת עולם","Weekday Siddur Chabad, Shacharit, Blessings of the Shema","8-8","","","true","false","true"
"chabad","weekday-shacharit","44","shema","shema","קריאת שמע","Weekday Siddur Chabad, Shacharit, Blessings of the Shema","9-13","","","true","false","true"
"chabad","weekday-shacharit","45","emet-veyatziv","after-shema","אמת ויציב","Weekday Siddur Chabad, Shacharit, Blessings of the Shema","14-17","","","false","false","true"
"chabad","weekday-shacharit","46","avot","amidah","ברכת אבות","Weekday Siddur Chabad, Shacharit, The Amidah","0-3","","","true","false","true"
"chabad","weekday-shacharit","47","gevurot","amidah","גבורות","Weekday Siddur Chabad, Shacharit, The Amidah","4-8","","","true","false","true"
"chabad","weekday-shacharit","48","kedusha","kedusha","קדושה","Weekday Siddur Chabad, Shacharit, The Amidah","9-9","","repetition","false","false","true"
"chabad","weekday-shacharit","49","kedushat-hashem","amidah","קדושת השם","Weekday Siddur Chabad, Shacharit, The Amidah","10-10","","","true","false","true"
"chabad","weekday-shacharit","50","daat","amidah","חונן הדעת","Weekday Siddur Chabad, Shacharit, The Amidah","11-11","","","true","false","true"
"chabad","weekday-shacharit","51","teshuva","amidah","תשובה","Weekday Siddur Chabad, Shacharit, The Amidah","12-12","","","true","false","true"
"chabad","weekday-shacharit","52","selicha","amidah","סליחה","Weekday Siddur Chabad, Shacharit, The Amidah","13-13","","","true","false","true"
"chabad","weekday-shacharit","53","geula","amidah","גאולה","Weekday Siddur Chabad, Shacharit, The Amidah","14-14","","","true","false","true"
"chabad","weekday-shacharit","54","aneinu-chazzan","amidah","עננו","Weekday Siddur Chabad, Shacharit, The Amidah","15-15","fast","repetition","true","false","true"
"chabad","weekday-shacharit","55","refua","amidah","רפואה","Weekday Siddur Chabad, Shacharit, The Amidah","16-16","","","true","false","true"
"chabad","weekday-shacharit","56","birkat-hashanim","amidah","ברכת השנים","Weekday Siddur Chabad, Shacharit, The Amidah","17-17","","","true","false","true"
"chabad","weekday-shacharit","57","kibbutz-galuyot","amidah","קיבוץ גלויות","Weekday Siddur Chabad, Shacharit, The Amidah","18-18","","","true","false","true"
"chabad","weekday-shacharit","58","mishpat","amidah","השבת המשפט","Weekday Siddur Chabad, Shacharit, The Amidah","19-19","","","true","false","true"
"chabad","weekday-shacharit","59","minim","amidah","ברכת המינים","Weekday Siddur Chabad, Shacharit, The Amidah","20-20","","","true","false","true"
"chabad","weekday-shacharit","60","tzadikim","amidah","על הצדיקים","Weekday Siddur Chabad, Shacharit, The Amidah","21-21","","","true","false","true"
"chabad","weekday-shacharit","61","yerushalayim","amidah","בונה ירושלים","Weekday Siddur Chabad, Shacharit, The Amidah","22-22","","","true","false","true"
"chabad","weekday-shacharit","62","malchut-david","amidah","מלכות בית דוד","Weekday Siddur Chabad, Shacharit, The Amidah","23-23","","","true","false","true"
"chabad","weekday-shacharit","63","shomea-tefila","amidah","שומע תפילה","Weekday Siddur Chabad, Shacharit, The Amidah","24-24","","","true","false","true"
"chabad","weekday-shacharit","64","retze","amidah","רצה","Weekday Siddur Chabad, Shacharit, The Amidah","25-25","","","true","false","true"
"chabad","weekday-shacharit","65","yaale-veyavo","amidah","יעלה ויבוא","Weekday Siddur Chabad, Shacharit, The Amidah","26-26","roshChodesh|cholHamoed","","true","false","true"
"chabad","weekday-shacharit","66","retze-end","amidah","","Weekday Siddur Chabad, Shacharit, The Amidah","27-27","","","true","false","true"
"chabad","weekday-shacharit","67","modim","amidah","מודים","Weekday Siddur Chabad, Shacharit, The Amidah","28-28","","","true","false","true"
"chabad","weekday-shacharit","68","modim-derabanan","modim-derabanan","מודים דרבנן","Weekday Siddur Chabad, Shacharit, The Amidah","29-29","","repetition","false","false","true"
"chabad","weekday-shacharit","69","al-hanisim","amidah","על הנסים","Weekday Siddur Chabad, Shacharit, The Amidah","30-30","chanukah|purim","","true","false","true"
"chabad","weekday-shacharit","70","al-hanisim-chanukah","amidah","בימי מתתיהו","Weekday Siddur Chabad, Shacharit, The Amidah","31-31","chanukah","","true","false","true"
"chabad","weekday-shacharit","71","al-hanisim-purim","amidah","בימי מרדכי ואסתר","Weekday Siddur Chabad, Shacharit, The Amidah","32-32","purim","","true","false","true"
"chabad","weekday-shacharit","72","modim-end","amidah","","Weekday Siddur Chabad, Shacharit, The Amidah","33-35","","","true","false","true"
"chabad","weekday-shacharit","73","birkat-kohanim","birkat-kohanim","ברכת כהנים","Weekday Siddur Chabad, Shacharit, The Amidah","36-36","","repetition","false","false","true"
"chabad","weekday-shacharit","74","sim-shalom","amidah","שים שלום","Weekday Siddur Chabad, Shacharit, The Amidah","37-40","","","true","false","true"
"chabad","weekday-shacharit","75","elokai-netzor","elokai-netzor","אלהי נצור","Weekday Siddur Chabad, Shacharit, The Amidah","41-43","","","false","false","true"
"chabad","weekday-shacharit","76","hallel-hallel","hallel","הלל","Weekday Siddur Chabad, Hallel","0-4","hallel","","false","false","true"
"chabad","weekday-shacharit","77","hallel-lo-lanu","hallel","","Weekday Siddur Chabad, Hallel","5-5","hallel&fullHallel","","false","false","true"
"chabad","weekday-shacharit","78","hallel-hashem-zecharanu","hallel","","Weekday Siddur Chabad, Hallel","6-7","hallel","","false","false","true"
"chabad","weekday-shacharit","79","hallel-ahavti","hallel","","Weekday Siddur Chabad, Hallel","8-8","hallel&fullHallel","","false","false","true"
"chabad","weekday-shacharit","80","hallel-ma-ashiv","hallel","","Weekday Siddur Chabad, Hallel","9-21","hallel","","false","false","true"
"chabad","weekday-shacharit","81","hallel-veavraham-zaken","hallel","ואברהם זקן","Weekday Siddur Chabad, Hallel","22-24","hallel&roshChodesh","optional","false","false","true"
"chabad","weekday-shacharit","82","hallel-hallel-after","hallel","אחר ההלל","Weekday Siddur Chabad, Hallel","25-27","hallel","","false","false","true"
"chabad","weekday-shacharit","83","vidui","vidui","וידוי ושלש עשרה מדות","Weekday Siddur Chabad, Shacharit, Tachnun","0-7","tachanun","","false","false","true"
"chabad","weekday-shacharit","84","nefilat-apayim","tachanun","נפילת אפים","Weekday Siddur Chabad, Shacharit, Tachnun","8-8","tachanun","","true","false","true"
"chabad","weekday-shacharit","85","tachanun-mon-thu","tachanun","והוא רחום · לשני ולחמישי","Weekday Siddur Chabad, Shacharit, Tachnun","9-30","mondayThursday&tachanun","","true","false","true"
"chabad","weekday-shacharit","86","avinu-malkeinu","avinu-malkeinu","אבינו מלכנו","Weekday Siddur Chabad, Shacharit, Tachnun","31-31","avinuMalkeinu","","false","false","true"
"chabad","weekday-shacharit","87","vaanachnu","tachanun","ואנחנו לא נדע","Weekday Siddur Chabad, Shacharit, Tachnun","32-33","tachanun","","true","false","true"
"chabad","weekday-shacharit","88","half-kaddish-2","half-kaddish","חצי קדיש","Weekday Siddur Chabad, Shacharit, Tachnun","34-35","!roshChodesh&!cholHamoed","minyan","true","false","true"
"chabad","weekday-shacharit","89","kaddish-titkabal-hallel","kaddish-titkabal","קדיש תתקבל","Weekday Siddur Chabad, Shacharit, Ashrei Uva LeZion","4-8","roshChodesh|cholHamoed","minyan","true","false","true"
"chabad","weekday-shacharit","90","rc-song-day0","song-of-day","שיר של יום · יום ראשון","Weekday Siddur Chabad, Shacharit, Song of the Day","5-9","day0&roshChodesh|day0&cholHamoed","","true","false","true"
"chabad","weekday-shacharit","91","rc-song-day1","song-of-day","שיר של יום · יום שני","Weekday Siddur Chabad, Shacharit, Song of the Day","10-13","day1&roshChodesh|day1&cholHamoed","","true","false","true"
"chabad","weekday-shacharit","92","rc-song-day2","song-of-day","שיר של יום · יום שלישי","Weekday Siddur Chabad, Shacharit, Song of the Day","14-17","day2&roshChodesh|day2&cholHamoed","","true","false","true"
"chabad","weekday-shacharit","93","rc-song-day3","song-of-day","שיר של יום · יום רביעי","Weekday Siddur Chabad, Shacharit, Song of the Day","18-21","day3&roshChodesh|day3&cholHamoed","","true","false","true"
"chabad","weekday-shacharit","94","rc-song-day4","song-of-day","שיר של יום · יום חמישי","Weekday Siddur Chabad, Shacharit, Song of the Day","22-25","day4&roshChodesh|day4&cholHamoed","","true","false","true"
"chabad","weekday-shacharit","95","rc-song-day5","song-of-day","שיר של יום · יום שישי","Weekday Siddur Chabad, Shacharit, Song of the Day","26-29","day5&roshChodesh|day5&cholHamoed","","true","false","true"
"chabad","weekday-shacharit","96","rc-kaddish-yatom-song","kaddish-yatom","קדיש יתום","Weekday Siddur Chabad, Shacharit, Mourner's Kaddish","0-2","roshChodesh|cholHamoed","mourners","false","false","true"
"chabad","weekday-shacharit","97","barchi-nafshi","barchi-nafshi","ברכי נפשי","Weekday Siddur Chabad, Shacharit, Song of the Day","30-32","roshChodesh","","false","false","true"
"chabad","weekday-shacharit","98","kaddish-yatom-barchi-nafshi","kaddish-yatom","קדיש יתום","Weekday Siddur Chabad, Shacharit, Mourner's Kaddish","0-2","roshChodesh","mourners","false","false","true"
"chabad","weekday-shacharit","99","rc-ledavid","ledavid-ori","לדוד יי אורי","Weekday Siddur Chabad, Shacharit, Song of the Day","33-34","ledavid&roshChodesh|ledavid&cholHamoed","","false","false","true"
"chabad","weekday-shacharit","100","rc-kaddish-yatom-ledavid","kaddish-yatom","קדיש יתום","Weekday Siddur Chabad, Shacharit, Mourner's Kaddish","0-2","ledavid&roshChodesh|ledavid&cholHamoed","mourners","false","false","true"
"chabad","weekday-shacharit","101","el-erech-apayim","torah-service","אל ארך אפים","Weekday Siddur Chabad, Shacharit, Torah Reading","0-1","mondayThursday&tachanun","","false","false","true"
"chabad","weekday-shacharit","102","hotzaat-sefer-torah","torah-service","הוצאת ספר תורה","Weekday Siddur Chabad, Shacharit, Torah Reading","2-8","torahReading","","false","false","true"
"chabad","weekday-shacharit","103","torah-reading","torah-reading","קריאת התורה","Weekday Siddur Chabad, Shacharit, Torah Reading","9-15","torahReading","","true","false","true"
"chabad","weekday-shacharit","104","birkat-hagomel","torah-reading","ברכת הגומל","Weekday Siddur Chabad, Shacharit, Torah Reading","16-19","torahReading","","true","false","true"
"chabad","weekday-shacharit","105","baruch-shepetarani","torah-reading","ברוך שפטרני","Weekday Siddur Chabad, Shacharit, Torah Reading","20-22","torahReading","","true","false","true"
"chabad","weekday-shacharit","106","half-kaddish-torah","half-kaddish","חצי קדיש","Weekday Siddur Chabad, Shacharit, Mourner's Kaddish","0-0","torahReading","minyan","true","false","true"
"chabad","weekday-shacharit","107","hagbaha","torah-reading","הגבהת התורה","Weekday Siddur Chabad, Shacharit, Torah Reading","23-25","torahReading","","true","false","true"
"chabad","weekday-shacharit","108","ashrei","ashrei","אשרי","Weekday Siddur Chabad, Shacharit, Ashrei Uva LeZion","0-0","","","true","false","true"
"chabad","weekday-shacharit","109","lamenatzeach","lamenatzeach","למנצח","Weekday Siddur Chabad, Shacharit, Ashrei Uva LeZion","1-2","tachanun","","false","false","true"
"chabad","weekday-shacharit","110","uva-letzion","uva-letzion","ובא לציון","Weekday Siddur Chabad, Shacharit, Ashrei Uva LeZion","3-3","","","true","false","true"
"chabad","weekday-shacharit","111","kaddish-titkabal","kaddish-titkabal","קדיש תתקבל","Weekday Siddur Chabad, Shacharit, Ashrei Uva LeZion","4-8","!roshChodesh&!cholHamoed","minyan","true","false","true"
"chabad","weekday-shacharit","112","yehalelu","return-torah","הכנסת ספר תורה","Weekday Siddur Chabad, Shacharit, Ashrei Uva LeZion","9-11","torahReading","","false","false","true"
"chabad","weekday-shacharit","113","musaf-rc-half-kaddish","half-kaddish","חצי קדיש","Weekday Siddur Chabad, Rosh Chodesh","0-1","roshChodesh","minyan","true","false","true"
"chabad","weekday-shacharit","114","musaf-rc-avot","musaf","ברכת אבות","Weekday Siddur Chabad, Rosh Chodesh","2-3","roshChodesh","","false","false","true"
"chabad","weekday-shacharit","115","musaf-rc-gevurot","musaf","גבורות","Weekday Siddur Chabad, Rosh Chodesh","4-6","roshChodesh","","false","false","true"
"chabad","weekday-shacharit","116","musaf-rc-kedusha","kedusha","קדושה","Weekday Siddur Chabad, Rosh Chodesh","7-7","roshChodesh","repetition","false","false","true"
"chabad","weekday-shacharit","117","musaf-rc-kedushat-hashem","musaf","קדושת השם","Weekday Siddur Chabad, Rosh Chodesh","8-8","roshChodesh","","false","false","true"
"chabad","weekday-shacharit","118","musaf-rc-kedushat-hayom","musaf","ראשי חדשים","Weekday Siddur Chabad, Rosh Chodesh","9-12","roshChodesh","","false","false","true"
"chabad","weekday-shacharit","119","musaf-rc-retze","musaf","רצה","Weekday Siddur Chabad, Rosh Chodesh","13-13","roshChodesh","","false","false","true"
"chabad","weekday-shacharit","120","musaf-rc-modim","musaf","מודים","Weekday Siddur Chabad, Rosh Chodesh","14-14","roshChodesh","","false","false","true"
"chabad","weekday-shacharit","121","musaf-rc-modim-derabanan","modim-derabanan","מודים דרבנן","Weekday Siddur Chabad, Rosh Chodesh","15-15","roshChodesh","repetition","false","false","true"
"chabad","weekday-shacharit","122","musaf-rc-al-hanisim","musaf","על הנסים","Weekday Siddur Chabad, Rosh Chodesh","16-17","roshChodesh&chanukah","","false","false","true"
"chabad","weekday-shacharit","123","musaf-rc-modim-end","musaf","","Weekday Siddur Chabad, Rosh Chodesh","18-19","roshChodesh","","false","false","true"
"chabad","weekday-shacharit","124","musaf-rc-birkat-kohanim","birkat-kohanim","ברכת כהנים","Weekday Siddur Chabad, Rosh Chodesh","20-20","roshChodesh","repetition","false","false","true"
"chabad","weekday-shacharit","125","musaf-rc-sim-shalom","musaf","שים שלום","Weekday Siddur Chabad, Rosh Chodesh","21-22","roshChodesh","","false","false","true"
"chabad","weekday-shacharit","126","musaf-rc-elokai-netzor","elokai-netzor","אלהי נצור","Weekday Siddur Chabad, Rosh Chodesh","23-25","roshChodesh","","false","false","true"
"chabad","weekday-shacharit","127","musaf-rc-kaddish-titkabal","kaddish-titkabal","קדיש תתקבל","Weekday Siddur Chabad, Rosh Chodesh","26-30","roshChodesh","minyan","true","false","true"
"chabad","weekday-shacharit","128","musaf-chm-half-kaddish","half-kaddish","חצי קדיש","Weekday Siddur Chabad, Musaf for Festivals","0-0","cholHamoed","minyan","true","false","true"
"chabad","weekday-shacharit","129","musaf-chm-avot","musaf","ברכת אבות","Weekday Siddur Chabad, Musaf for Festivals","1-2","cholHamoed","","false","false","true"
"chabad","weekday-shacharit","130","musaf-chm-gevurot","musaf","גבורות","Weekday Siddur Chabad, Musaf for Festivals","3-5","cholHamoed","","false","false","true"
"chabad","weekday-shacharit","131","musaf-chm-kedusha","kedusha","קדושה","Weekday Siddur Chabad, Musaf for Festivals","6-6","cholHamoed","repetition","false","false","true"
"chabad","weekday-shacharit","132","musaf-chm-kedushat-hashem","musaf","קדושת השם","Weekday Siddur Chabad, Musaf for Festivals","7-7","cholHamoed","","false","false","true"
"chabad","weekday-shacharit","133","musaf-chm-ata-bechartanu","musaf","אתה בחרתנו","Weekday Siddur Chabad, Musaf for Festivals","8-17","cholHamoed","","false","false","true"
"chabad","weekday-shacharit","134","musaf-chm-korbanot-pesach","musaf","מוסף חול המועד פסח","Weekday Siddur Chabad, Musaf for Festivals","18-20","cholHamoed&pesach","","false","false","true"
"chabad","weekday-shacharit","135","musaf-chm-korbanot-sukkot","musaf","מוסף חול המועד סוכות","Weekday Siddur Chabad, Musaf for Festivals","21-44","cholHamoed&sukkot","","false","false","true"
"chabad","weekday-shacharit","136","musaf-chm-melech-rachaman","musaf","מלך רחמן","Weekday Siddur Chabad, Musaf for Festivals","45-45","cholHamoed","","false","false","true"
"chabad","weekday-shacharit","137","musaf-chm-vehasienu","musaf","והשיאנו","Weekday Siddur Chabad, Musaf for Festivals","46-46","cholHamoed","","false","false","true"
"chabad","weekday-shacharit","138","musaf-chm-retze","musaf","רצה","Weekday Siddur Chabad, Musaf for Festivals","47-47","cholHamoed","","false","false","true"
"chabad","weekday-shacharit","139","musaf-chm-modim","musaf","מודים","Weekday Siddur Chabad, Musaf for Festivals","48-48","cholHamoed","","false","false","true"
"chabad","weekday-shacharit","140","musaf-chm-modim-derabanan","modim-derabanan","מודים דרבנן","Weekday Siddur Chabad, Musaf for Festivals","49-49","cholHamoed","repetition","false","false","true"
"chabad","weekday-shacharit","141","musaf-chm-modim-end","musaf","","Weekday Siddur Chabad, Musaf for Festivals","50-51","cholHamoed","","false","false","true"
"chabad","weekday-shacharit","142","musaf-chm-birkat-kohanim","birkat-kohanim","ברכת כהנים","Weekday Siddur Chabad, Musaf for Festivals","52-52","cholHamoed","repetition","false","false","true"
"chabad","weekday-shacharit","143","musaf-chm-sim-shalom","musaf","שים שלום","Weekday Siddur Chabad, Musaf for Festivals","53-54","cholHamoed","","false","false","true"
"chabad","weekday-shacharit","144","musaf-chm-elokai-netzor","elokai-netzor","אלהי נצור","Weekday Siddur Chabad, Musaf for Festivals","55-57","cholHamoed","","false","false","true"
"chabad","weekday-shacharit","145","musaf-chm-kaddish-titkabal","kaddish-titkabal","קדיש תתקבל","Weekday Siddur Chabad, Shacharit, Ashrei Uva LeZion","4-8","cholHamoed","minyan","true","false","true"
"chabad","weekday-shacharit","146","tefila-ledavid","closing-passages","תפלה לדוד","Weekday Siddur Chabad, Shacharit, Song of the Day","0-1","tachanun","","false","false","true"
"chabad","weekday-shacharit","147","beit-yaakov","closing-passages","בית יעקב","Weekday Siddur Chabad, Shacharit, Song of the Day","2-3","","","false","false","true"
"chabad","weekday-shacharit","148","lulei","closing-passages","שיר המעלות לדוד","Weekday Siddur Chabad, Shacharit, Song of the Day","4-4","","","false","false","true"
"chabad","weekday-shacharit","149","song-day0","song-of-day","שיר של יום · יום ראשון","Weekday Siddur Chabad, Shacharit, Song of the Day","5-9","day0&!roshChodesh&!cholHamoed","","true","false","true"
"chabad","weekday-shacharit","150","song-day1","song-of-day","שיר של יום · יום שני","Weekday Siddur Chabad, Shacharit, Song of the Day","10-13","day1&!roshChodesh&!cholHamoed","","true","false","true"
"chabad","weekday-shacharit","151","song-day2","song-of-day","שיר של יום · יום שלישי","Weekday Siddur Chabad, Shacharit, Song of the Day","14-17","day2&!roshChodesh&!cholHamoed","","true","false","true"
"chabad","weekday-shacharit","152","song-day3","song-of-day","שיר של יום · יום רביעי","Weekday Siddur Chabad, Shacharit, Song of the Day","18-21","day3&!roshChodesh&!cholHamoed","","true","false","true"
"chabad","weekday-shacharit","153","song-day4","song-of-day","שיר של יום · יום חמישי","Weekday Siddur Chabad, Shacharit, Song of the Day","22-25","day4&!roshChodesh&!cholHamoed","","true","false","true"
"chabad","weekday-shacharit","154","song-day5","song-of-day","שיר של יום · יום שישי","Weekday Siddur Chabad, Shacharit, Song of the Day","26-29","day5&!roshChodesh&!cholHamoed","","true","false","true"
"chabad","weekday-shacharit","155","kaddish-yatom-song","kaddish-yatom","קדיש יתום","Weekday Siddur Chabad, Shacharit, Mourner's Kaddish","0-2","!roshChodesh&!cholHamoed","mourners","false","false","true"
"chabad","weekday-shacharit","156","ledavid","ledavid-ori","לדוד יי אורי","Weekday Siddur Chabad, Shacharit, Song of the Day","33-34","ledavid&!roshChodesh&!cholHamoed","","false","false","true"
"chabad","weekday-shacharit","157","kaddish-yatom-ledavid","kaddish-yatom","קדיש יתום","Weekday Siddur Chabad, Shacharit, Mourner's Kaddish","0-2","ledavid&!roshChodesh&!cholHamoed","mourners","false","false","true"
"chabad","weekday-shacharit","158","kaveh","kaveh","קוה אל יי","Weekday Siddur Chabad, Shacharit, Kaveh","0-0","","","false","false","true"
"chabad","weekday-shacharit","159","ein-keloheinu","ein-keloheinu","אין כאלהינו","Weekday Siddur Chabad, Shacharit, Kaveh","1-1","","","false","false","true"
"chabad","weekday-shacharit","160","pitum-haketoret","ketoret","פטום הקטרת","Weekday Siddur Chabad, Shacharit, Kaveh","2-2","","","false","false","true"
"chabad","weekday-shacharit","161","tana-dvei-eliyahu","closing-passages","תנא דבי אליהו","Weekday Siddur Chabad, Shacharit, Kaveh","3-4","","","false","false","true"
"chabad","weekday-shacharit","162","kaddish-derabanan-2","kaddish-derabanan","קדיש דרבנן","Weekday Siddur Chabad, Shacharit, Kaveh","5-9","","minyan","false","false","true"
"chabad","weekday-shacharit","163","aleinu","aleinu","עלינו לשבח","Weekday Siddur Chabad, Shacharit, Aleinu","0-1","","","true","false","true"
"chabad","weekday-shacharit","164","kaddish-yatom","kaddish-yatom","קדיש יתום","Weekday Siddur Chabad, Shacharit, Aleinu","2-5","","mourners","false","false","true"
"chabad","weekday-shacharit","165","al-tira","closing-passages","אל תירא","Weekday Siddur Chabad, Shacharit, Aleinu","6-6","","","false","false","true"
"chabad","weekday-shacharit","166","rabbenu-tam","tefillin","תפילין דרבינו תם","Weekday Siddur Chabad, Shacharit, Rabbenu Tam","0-6","!tishaBav&!cholHamoed","","true","false","true"
"chabad","weekday-shacharit","167","shesh-zechirot","closing-passages","שש זכירות","Weekday Siddur Chabad, Shacharit, Six Remembrances","0-5","","","false","false","true"
"chabad","weekday-mincha","1","tamid","korbanot","פרשת התמיד","Weekday Siddur Chabad, Mincha, Korbanot","0-1","","","false","false","true"
"chabad","weekday-mincha","2","ketoret","ketoret","פטום הקטרת","Weekday Siddur Chabad, Mincha, Korbanot","2-8","","","false","false","true"
"chabad","weekday-mincha","3","ana-bekoach","korbanot","אנא בכח","Weekday Siddur Chabad, Mincha, Korbanot","9-9","","","false","false","true"
"chabad","weekday-mincha","4","ashrei","ashrei","אשרי","Weekday Siddur Chabad, Mincha, Ashrei","0-0","","","true","false","true"
"chabad","weekday-mincha","5","half-kaddish","half-kaddish","חצי קדיש","Weekday Siddur Chabad, Mincha, Ashrei","1-2","","minyan","true","false","true"
"chabad","weekday-mincha","6","avot","amidah","ברכת אבות","Weekday Siddur Chabad, Mincha, Amidah","0-3","","","true","false","true"
"chabad","weekday-mincha","7","gevurot","amidah","גבורות","Weekday Siddur Chabad, Mincha, Amidah","4-8","","","true","false","true"
"chabad","weekday-mincha","8","kedusha","kedusha","קדושה","Weekday Siddur Chabad, Mincha, Amidah","9-9","","repetition","false","false","true"
"chabad","weekday-mincha","9","kedushat-hashem","amidah","קדושת השם","Weekday Siddur Chabad, Mincha, Amidah","10-10","","","true","false","true"
"chabad","weekday-mincha","10","daat","amidah","חונן הדעת","Weekday Siddur Chabad, Mincha, Amidah","11-11","","","true","false","true"
"chabad","weekday-mincha","11","teshuva","amidah","תשובה","Weekday Siddur Chabad, Mincha, Amidah","12-12","","","true","false","true"
"chabad","weekday-mincha","12","selicha","amidah","סליחה","Weekday Siddur Chabad, Mincha, Amidah","13-13","","","true","false","true"
"chabad","weekday-mincha","13","geula","amidah","גאולה","Weekday Siddur Chabad, Mincha, Amidah","14-14","","","true","false","true"
"chabad","weekday-mincha","14","aneinu-chazzan","amidah","עננו","Weekday Siddur Chabad, Mincha, Amidah","15-15","fast","repetition","true","false","true"
"chabad","weekday-mincha","15","refua","amidah","רפואה","Weekday Siddur Chabad, Mincha, Amidah","16-16","","","true","false","true"
"chabad","weekday-mincha","16","birkat-hashanim","amidah","ברכת השנים","Weekday Siddur Chabad, Mincha, Amidah","17-17","","","true","false","true"
"chabad","weekday-mincha","17","kibbutz-galuyot","amidah","קיבוץ גלויות","Weekday Siddur Chabad, Mincha, Amidah","18-18","","","true","false","true"
"chabad","weekday-mincha","18","mishpat","amidah","השבת המשפט","Weekday Siddur Chabad, Mincha, Amidah","19-19","","","true","false","true"
"chabad","weekday-mincha","19","minim","amidah","ברכת המינים","Weekday Siddur Chabad, Mincha, Amidah","20-20","","","true","false","true"
"chabad","weekday-mincha","20","tzadikim","amidah","על הצדיקים","Weekday Siddur Chabad, Mincha, Amidah","21-21","","","true","false","true"
"chabad","weekday-mincha","21","yerushalayim","amidah","בונה ירושלים","Weekday Siddur Chabad, Mincha, Amidah","22-22","","","true","false","true"
"chabad","weekday-mincha","22","nachem","amidah","נחם","Weekday Siddur Chabad, Mincha, Amidah","23-23","tishaBav","","true","false","true"
"chabad","weekday-mincha","23","malchut-david","amidah","מלכות בית דוד","Weekday Siddur Chabad, Mincha, Amidah","24-24","","","true","false","true"
"chabad","weekday-mincha","24","shomea-tefila","amidah","שומע תפילה","Weekday Siddur Chabad, Mincha, Amidah","25-25","","","true","false","true"
"chabad","weekday-mincha","25","aneinu","amidah","עננו","Weekday Siddur Chabad, Mincha, Amidah","26-26","fast","","true","false","true"
"chabad","weekday-mincha","26","shomea-tefila-end","amidah","","Weekday Siddur Chabad, Mincha, Amidah","27-27","","","true","false","true"
"chabad","weekday-mincha","27","retze","amidah","רצה","Weekday Siddur Chabad, Mincha, Amidah","28-28","","","true","false","true"
"chabad","weekday-mincha","28","yaale-veyavo","amidah","יעלה ויבוא","Weekday Siddur Chabad, Mincha, Amidah","29-29","roshChodesh|cholHamoed","","true","false","true"
"chabad","weekday-mincha","29","retze-end","amidah","","Weekday Siddur Chabad, Mincha, Amidah","30-30","","","true","false","true"
"chabad","weekday-mincha","30","modim","amidah","מודים","Weekday Siddur Chabad, Mincha, Amidah","31-31","","","true","false","true"
"chabad","weekday-mincha","31","modim-derabanan","modim-derabanan","מודים דרבנן","Weekday Siddur Chabad, Mincha, Amidah","32-32","","repetition","false","false","true"
"chabad","weekday-mincha","32","al-hanisim","amidah","על הנסים","Weekday Siddur Chabad, Mincha, Amidah","33-33","chanukah|purim","","true","false","true"
"chabad","weekday-mincha","33","al-hanisim-chanukah","amidah","בימי מתתיהו","Weekday Siddur Chabad, Mincha, Amidah","34-34","chanukah","","true","false","true"
"chabad","weekday-mincha","34","al-hanisim-purim","amidah","בימי מרדכי ואסתר","Weekday Siddur Chabad, Mincha, Amidah","35-35","purim","","true","false","true"
"chabad","weekday-mincha","35","modim-end","amidah","","Weekday Siddur Chabad, Mincha, Amidah","36-38","","","true","false","true"
"chabad","weekday-mincha","36","birkat-kohanim","birkat-kohanim","ברכת כהנים","Weekday Siddur Chabad, Mincha, Amidah","39-39","fast","repetition","false","false","true"
"chabad","weekday-mincha","37","sim-shalom","amidah","שים שלום","Weekday Siddur Chabad, Mincha, Amidah","40-43","","","true","false","true"
"chabad","weekday-mincha","38","elokai-netzor","elokai-netzor","אלהי נצור","Weekday Siddur Chabad, Mincha, Amidah","44-46","","","false","false","true"
"chabad","weekday-mincha","39","vidui","vidui","וידוי ושלש עשרה מדות","Weekday Siddur Chabad, Mincha, Tachanun","0-7","tachanun","","false","false","true"
"chabad","weekday-mincha","40","nefilat-apayim","tachanun","נפילת אפים","Weekday Siddur Chabad, Mincha, Tachanun","8-8","tachanun","","true","false","true"
"chabad","weekday-mincha","41","avinu-malkeinu","avinu-malkeinu","אבינו מלכנו","Weekday Siddur Chabad, Mincha, Tachanun","9-9","avinuMalkeinu","","false","false","true"
"chabad","weekday-mincha","42","vaanachnu","tachanun","ואנחנו לא נדע","Weekday Siddur Chabad, Mincha, Tachanun","10-11","tachanun","","true","false","true"
"chabad","weekday-mincha","43","kaddish-titkabal","kaddish-titkabal","קדיש תתקבל","Weekday Siddur Chabad, Mincha, Tachanun","12-16","","minyan","true","false","true"
"chabad","weekday-mincha","44","ledavid","ledavid-ori","לדוד יי אורי","Weekday Siddur Chabad, Mincha, Aleinu","0-0","ledavid","","false","false","true"
"chabad","weekday-mincha","45","aleinu","aleinu","עלינו לשבח","Weekday Siddur Chabad, Mincha, Aleinu","1-2","","","true","false","true"
"chabad","weekday-mincha","46","kaddish-yatom","kaddish-yatom","קדיש יתום","Weekday Siddur Chabad, Mincha, Aleinu","3-6","","mourners","false","false","true"
"chabad","weekday-mincha","47","al-tira","closing-passages","אל תירא","Weekday Siddur Chabad, Mincha, Aleinu","7-7","","","false","false","true"
"chabad","weekday-maariv","1","vehu-rachum","vehu-rachum","והוא רחום","Weekday Siddur Chabad, Maariv","0-0","","","false","false","true"
"chabad","weekday-maariv","2","shir-hamaalot","vehu-rachum","שיר המעלות הנה ברכו","Weekday Siddur Chabad, Maariv","1-1","","","false","false","true"
"chabad","weekday-maariv","3","half-kaddish","half-kaddish","חצי קדיש","Weekday Siddur Chabad, Maariv","2-2","","minyan","true","false","true"
"chabad","weekday-maariv","4","barchu","barchu","ברכו","Weekday Siddur Chabad, Maariv","3-4","","minyan","true","false","true"
"chabad","weekday-maariv","5","maariv-aravim","shema-blessings","המעריב ערבים","Weekday Siddur Chabad, Maariv","5-5","","","true","false","true"
"chabad","weekday-maariv","6","ahavat-olam","shema-blessings","אהבת עולם","Weekday Siddur Chabad, Maariv","6-6","","","true","false","true"
"chabad","weekday-maariv","7","shema","shema","קריאת שמע","Weekday Siddur Chabad, Maariv","7-11","","","true","false","true"
"chabad","weekday-maariv","8","emet-veemuna","after-shema","אמת ואמונה","Weekday Siddur Chabad, Maariv","12-13","","","false","false","true"
"chabad","weekday-maariv","9","hashkiveinu","hashkiveinu","השכיבנו","Weekday Siddur Chabad, Maariv","14-14","","","true","false","true"
"chabad","weekday-maariv","10","half-kaddish-2","half-kaddish","חצי קדיש","Weekday Siddur Chabad, Maariv","15-15","","minyan","true","false","true"
"chabad","weekday-maariv","11","avot","amidah","ברכת אבות","Weekday Siddur Chabad, Maariv","16-19","","","true","false","true"
"chabad","weekday-maariv","12","gevurot","amidah","גבורות","Weekday Siddur Chabad, Maariv","20-24","","","true","false","true"
"chabad","weekday-maariv","13","kedushat-hashem","amidah","קדושת השם","Weekday Siddur Chabad, Maariv","25-25","","","true","false","true"
"chabad","weekday-maariv","14","daat","amidah","חונן הדעת","Weekday Siddur Chabad, Maariv","26-26","","","true","false","true"
"chabad","weekday-maariv","15","atah-chonantanu","amidah","אתה חוננתנו","Weekday Siddur Chabad, Maariv","27-27","motzaeiShabbat","","true","false","true"
"chabad","weekday-maariv","16","daat-end","amidah","","Weekday Siddur Chabad, Maariv","28-28","","","true","false","true"
"chabad","weekday-maariv","17","teshuva","amidah","תשובה","Weekday Siddur Chabad, Maariv","29-29","","","true","false","true"
"chabad","weekday-maariv","18","selicha","amidah","סליחה","Weekday Siddur Chabad, Maariv","30-30","","","true","false","true"
"chabad","weekday-maariv","19","geula","amidah","גאולה","Weekday Siddur Chabad, Maariv","31-31","","","true","false","true"
"chabad","weekday-maariv","20","refua","amidah","רפואה","Weekday Siddur Chabad, Maariv","32-32","","","true","false","true"
"chabad","weekday-maariv","21","birkat-hashanim","amidah","ברכת השנים","Weekday Siddur Chabad, Maariv","33-33","","","true","false","true"
"chabad","weekday-maariv","22","kibbutz-galuyot","amidah","קיבוץ גלויות","Weekday Siddur Chabad, Maariv","34-34","","","true","false","true"
"chabad","weekday-maariv","23","mishpat","amidah","השבת המשפט","Weekday Siddur Chabad, Maariv","35-35","","","true","false","true"
"chabad","weekday-maariv","24","minim","amidah","ברכת המינים","Weekday Siddur Chabad, Maariv","36-36","","","true","false","true"
"chabad","weekday-maariv","25","tzadikim","amidah","על הצדיקים","Weekday Siddur Chabad, Maariv","37-37","","","true","false","true"
"chabad","weekday-maariv","26","yerushalayim","amidah","בונה ירושלים","Weekday Siddur Chabad, Maariv","38-38","","","true","false","true"
"chabad","weekday-maariv","27","malchut-david","amidah","מלכות בית דוד","Weekday Siddur Chabad, Maariv","39-39","","","true","false","true"
"chabad","weekday-maariv","28","shomea-tefila","amidah","שומע תפילה","Weekday Siddur Chabad, Maariv","40-40","","","true","false","true"
"chabad","weekday-maariv","29","retze","amidah","רצה","Weekday Siddur Chabad, Maariv","41-41","","","true","false","true"
"chabad","weekday-maariv","30","yaale-veyavo","amidah","יעלה ויבוא","Weekday Siddur Chabad, Maariv","42-42","roshChodesh|cholHamoed","","true","false","true"
"chabad","weekday-maariv","31","retze-end","amidah","","Weekday Siddur Chabad, Maariv","43-43","","","true","false","true"
"chabad","weekday-maariv","32","modim","amidah","מודים","Weekday Siddur Chabad, Maariv","44-44","","","true","false","true"
"chabad","weekday-maariv","33","al-hanisim","amidah","על הנסים","Weekday Siddur Chabad, Maariv","45-45","chanukah|purim","","true","false","true"
"chabad","weekday-maariv","34","al-hanisim-chanukah","amidah","בימי מתתיהו","Weekday Siddur Chabad, Maariv","46-46","chanukah","","true","false","true"
"chabad","weekday-maariv","35","al-hanisim-purim","amidah","בימי מרדכי ואסתר","Weekday Siddur Chabad, Maariv","47-47","purim","","true","false","true"
"chabad","weekday-maariv","36","modim-end","amidah","","Weekday Siddur Chabad, Maariv","48-50","","","true","false","true"
"chabad","weekday-maariv","37","sim-shalom","amidah","שים שלום","Weekday Siddur Chabad, Maariv","51-54","","","true","false","true"
"chabad","weekday-maariv","38","elokai-netzor","elokai-netzor","אלהי נצור","Weekday Siddur Chabad, Maariv","55-57","","","false","false","true"
"chabad","weekday-maariv","39","kaddish-titkabal","kaddish-titkabal","קדיש תתקבל","Weekday Siddur Chabad, Maariv","58-62","!motzaeiShabbat","minyan","true","false","true"
"chabad","weekday-maariv","40","half-kaddish-motzash","half-kaddish","חצי קדיש","Weekday Siddur Chabad, Maariv","58-59","motzaeiShabbat","minyan","true","false","true"
"chabad","weekday-maariv","41","vihi-noam","motzaei-shabbat","ויהי נעם","Weekday Siddur Chabad, Maariv","63-65","motzaeiShabbat","","false","false","true"
"chabad","weekday-maariv","42","veata-kadosh","motzaei-shabbat","ואתה קדוש","Weekday Siddur Chabad, Maariv","66-66","motzaeiShabbat","","false","false","true"
"chabad","weekday-maariv","43","kaddish-titkabal-motzash","kaddish-titkabal","קדיש תתקבל","Weekday Siddur Chabad, Maariv","59-62","motzaeiShabbat","minyan","true","false","true"
"chabad","weekday-maariv","44","maariv-omer-blessing","omer","ספירת העומר","Weekday Siddur Chabad, Sefirat HaOmer","0-1","omer","","false","false","true"
"chabad","weekday-maariv","45","maariv-omer-count","omer","סדר הספירה","Weekday Siddur Chabad, Sefirat HaOmer","2-51","omer","","false","false","true"
"chabad","weekday-maariv","46","maariv-omer-harachaman","omer","הרחמן","Weekday Siddur Chabad, Sefirat HaOmer","52-52","omer","","false","false","true"
"chabad","weekday-maariv","47","maariv-omer-lamenatzeach","omer","למנצח בנגינות","Weekday Siddur Chabad, Sefirat HaOmer","53-53","omer","","false","false","true"
"chabad","weekday-maariv","48","maariv-omer-ana-bekoach","omer","אנא בכח","Weekday Siddur Chabad, Sefirat HaOmer","54-54","omer","","false","false","true"
"chabad","weekday-maariv","49","maariv-omer-ribono","omer","רבונו של עולם","Weekday Siddur Chabad, Sefirat HaOmer","55-55","omer","","false","false","true"
"chabad","weekday-maariv","50","aleinu","aleinu","עלינו לשבח","Weekday Siddur Chabad, Maariv","67-68","","","true","false","true"
"chabad","weekday-maariv","51","kaddish-yatom","kaddish-yatom","קדיש יתום","Weekday Siddur Chabad, Maariv","69-72","","mourners","false","false","true"
"chabad","weekday-maariv","52","al-tira","closing-passages","אל תירא","Weekday Siddur Chabad, Maariv","73-73","","","false","false","true"
"chabad","bedtime-shema","1","ribono-mochel","bedtime-shema","רבונו של עולם הריני מוחל","Weekday Siddur Chabad, Bedtime Shema","0-0","","","true","false","true"
"chabad","bedtime-shema","2","hashkiveinu","bedtime-shema","השכיבנו","Weekday Siddur Chabad, Bedtime Shema","1-1","","","true","false","true"
"chabad","bedtime-shema","3","shema","shema","קריאת שמע","Weekday Siddur Chabad, Bedtime Shema","2-6","","","false","false","true"
"chabad","bedtime-shema","4","yaalzu","bedtime-shema","יעלזו חסידים","Weekday Siddur Chabad, Bedtime Shema","7-7","","","true","false","true"
"chabad","bedtime-shema","5","yoshev-beseter","bedtime-shema","יושב בסתר","Weekday Siddur Chabad, Bedtime Shema","8-8","","","true","false","true"
"chabad","bedtime-shema","6","vidui","vidui","וידוי","Weekday Siddur Chabad, Bedtime Shema","9-13","","","false","false","true"
"chabad","bedtime-shema","7","yehi-ratzon","bedtime-shema","יהי רצון","Weekday Siddur Chabad, Bedtime Shema","14-17","","","true","false","true"
"chabad","bedtime-shema","8","ana-bekoach","bedtime-shema","אנא בכח","Weekday Siddur Chabad, Bedtime Shema","18-18","","","true","false","true"
"chabad","bedtime-shema","9","lamenatzeach","bedtime-shema","למנצח מזמור לדוד","Weekday Siddur Chabad, Bedtime Shema","19-19","","","true","false","true"
"chabad","bedtime-shema","10","shir-lamaalot","bedtime-shema","שיר למעלות","Weekday Siddur Chabad, Bedtime Shema","20-20","","","true","false","true"
"chabad","bedtime-shema","11","pesukim","bedtime-shema","פסוקי שמירה","Weekday Siddur Chabad, Bedtime Shema","21-21","","","true","false","true"
"chabad","bedtime-shema","12","ribon-haolamim","bedtime-shema","רבון העולמים","Weekday Siddur Chabad, Bedtime Shema","22-22","","","true","false","true"
"chabad","bedtime-shema","13","before-union","bedtime-shema","קודם הזיווג","Weekday Siddur Chabad, Bedtime Shema","23-24","","","true","false","true"
"chabad","bedtime-shema","14","hamapil","bedtime-shema","המפיל","Weekday Siddur Chabad, Bedtime Shema","25-25","","","true","false","true"
"chabad","kabbalat-shabbat","1","hodu-107","kabbalat-shabbat","הודו לה׳ כי טוב · לפני מנחה","Siddur Tehillat Hashem, Kabbalat Shabbat, Mincha for Shabbat Eve","0-3","!yomTov&!cholHamoed","","true","false","true"
"chabad","kabbalat-shabbat","2","patach-eliyahu","kabbalat-shabbat","פתח אליהו","Siddur Tehillat Hashem, Kabbalat Shabbat, Mincha for Shabbat Eve","4-6","","","true","false","true"
"chabad","kabbalat-shabbat","3","yedid-nefesh","kabbalat-shabbat","ידיד נפש","Siddur Tehillat Hashem, Kabbalat Shabbat, Mincha for Shabbat Eve","7-12","","","true","false","true"
"chabad","kabbalat-shabbat","4","lechu-neranena","kabbalat-shabbat","לכו נרננה","Siddur Tehillat Hashem, Kabbalat Shabbat, Kabbalat Shabbat – Welcoming the Sabbath","0-10","!yomTov&!cholHamoed","","true","false","true"
"chabad","kabbalat-shabbat","5","mizmor-ledavid","kabbalat-shabbat","מזמור לדוד","Siddur Tehillat Hashem, Kabbalat Shabbat, Kabbalat Shabbat – Welcoming the Sabbath","11-13","","","true","false","true"
"chabad","kabbalat-shabbat","6","ana-bekoach","kabbalat-shabbat","אנא בכח","Siddur Tehillat Hashem, Kabbalat Shabbat, Kabbalat Shabbat – Welcoming the Sabbath","14-23","","","true","false","true"
"chabad","kabbalat-shabbat","7","lecha-dodi","lecha-dodi","לכה דודי","Siddur Tehillat Hashem, Kabbalat Shabbat, Kabbalat Shabbat – Welcoming the Sabbath","24-47","","","true","false","true"
"chabad","kabbalat-shabbat","8","mizmor-shir","mizmor-shir-shabbat","מזמור שיר ליום השבת","Siddur Tehillat Hashem, Kabbalat Shabbat, Kabbalat Shabbat – Welcoming the Sabbath","48-51","","","true","false","true"
"chabad","kabbalat-shabbat","9","kaddish-yatom","kaddish-yatom","קדיש יתום","Siddur Tehillat Hashem, Kabbalat Shabbat, Kabbalat Shabbat – Welcoming the Sabbath","52-59","","mourners","false","false","true"
"chabad","kabbalat-shabbat","10","kegavna","kabbalat-shabbat","כגונא","Siddur Tehillat Hashem, Kabbalat Shabbat, Kabbalat Shabbat – Welcoming the Sabbath","60-62","","","true","false","true"
"chabad","kabbalat-shabbat","11","kegavna-yachid","kabbalat-shabbat","ביחיד: ולומר ברכו","Siddur Tehillat Hashem, Kabbalat Shabbat, Kabbalat Shabbat – Welcoming the Sabbath","63-67","","","true","false","true"
"chabad","shabbat-maariv","1","shir-hamaalot","vehu-rachum","שיר המעלות הנה ברכו","Siddur Tehillat Hashem, Kabbalat Shabbat, Maariv For Shabbat and Festivals","0-7","!shabbat","","false","false","true"
"chabad","shabbat-maariv","2","half-kaddish","half-kaddish","חצי קדיש","Siddur Tehillat Hashem, Kabbalat Shabbat, Maariv For Shabbat and Festivals","8-11","","minyan","false","false","true"
"chabad","shabbat-maariv","3","barchu","barchu","ברכו","Siddur Tehillat Hashem, Kabbalat Shabbat, Maariv For Shabbat and Festivals","12-18","","minyan","true","false","true"
"chabad","shabbat-maariv","4","maariv-aravim","shema-blessings","המעריב ערבים","Siddur Tehillat Hashem, Kabbalat Shabbat, Maariv For Shabbat and Festivals","19-21","","","false","false","true"
"chabad","shabbat-maariv","5","ahavat-olam","shema-blessings","אהבת עולם","Siddur Tehillat Hashem, Kabbalat Shabbat, Maariv For Shabbat and Festivals","22-23","","","false","false","true"
"chabad","shabbat-maariv","6","shema","shema","קריאת שמע","Siddur Tehillat Hashem, Kabbalat Shabbat, The Shema","0-13","","","true","false","true"
"chabad","shabbat-maariv","7","emet-veemuna","after-shema","אמת ואמונה","Siddur Tehillat Hashem, Kabbalat Shabbat, The Shema","14-18","","","false","false","true"
"chabad","shabbat-maariv","8","hashkiveinu","hashkiveinu","השכיבנו","Siddur Tehillat Hashem, Kabbalat Shabbat, The Shema","19-20","","","true","false","true"
"chabad","shabbat-maariv","9","verses-not-chabad","","","Siddur Tehillat Hashem, Kabbalat Shabbat, The Shema","21-34","","","false","true","true"
"chabad","shabbat-maariv","10","half-kaddish-2","half-kaddish","חצי קדיש","Siddur Tehillat Hashem, Kabbalat Shabbat, The Shema","35-38","","minyan","false","false","true"
"chabad","shabbat-maariv","11","sefatai","amidah","אדני שפתי תפתח","Siddur Tehillat Hashem, Kabbalat Shabbat, Shemoneh Esrei – The Amidah","0-2","","","true","false","true"
"chabad","shabbat-maariv","12","avot","amidah","ברכת אבות","Siddur Tehillat Hashem, Kabbalat Shabbat, Shemoneh Esrei – The Amidah","3-6","","","true","false","true"
"chabad","shabbat-maariv","13","avot-aseret","amidah","זכרנו לחיים","Siddur Tehillat Hashem, Kabbalat Shabbat, Shemoneh Esrei – The Amidah","7-8","aseret","","true","false","true"
"chabad","shabbat-maariv","14","avot-end","amidah","","Siddur Tehillat Hashem, Kabbalat Shabbat, Shemoneh Esrei – The Amidah","9-10","","","true","false","true"
"chabad","shabbat-maariv","15","gevurot","amidah","גבורות","Siddur Tehillat Hashem, Kabbalat Shabbat, Shemoneh Esrei – The Amidah","11-13","","","true","false","true"
"chabad","shabbat-maariv","16","gevurot-summer","amidah","מוריד הטל","Siddur Tehillat Hashem, Kabbalat Shabbat, Shemoneh Esrei – The Amidah","14-14","summer","","true","false","true"
"chabad","shabbat-maariv","17","gevurot-winter","amidah","משיב הרוח ומוריד הגשם","Siddur Tehillat Hashem, Kabbalat Shabbat, Shemoneh Esrei – The Amidah","15-15","winter","","true","false","true"
"chabad","shabbat-maariv","18","gevurot-mid","amidah","","Siddur Tehillat Hashem, Kabbalat Shabbat, Shemoneh Esrei – The Amidah","16-16","","","true","false","true"
"chabad","shabbat-maariv","19","gevurot-aseret","amidah","מי כמוך אב הרחמן","Siddur Tehillat Hashem, Kabbalat Shabbat, Shemoneh Esrei – The Amidah","17-18","aseret","","true","false","true"
"chabad","shabbat-maariv","20","gevurot-end","amidah","","Siddur Tehillat Hashem, Kabbalat Shabbat, Shemoneh Esrei – The Amidah","19-19","","","true","false","true"
"chabad","shabbat-maariv","21","kedushat-hashem","amidah","קדושת השם","Siddur Tehillat Hashem, Kabbalat Shabbat, Shemoneh Esrei – The Amidah","20-23","","","true","false","true"
"chabad","shabbat-maariv","22","kedushat-hayom","amidah","אתה קדשת","Siddur Tehillat Hashem, Kabbalat Shabbat, Shemoneh Esrei – The Amidah","24-29","","","true","false","true"
"chabad","shabbat-maariv","23","retze","amidah","רצה","Siddur Tehillat Hashem, Kabbalat Shabbat, Shemoneh Esrei – The Amidah","30-32","","","true","false","true"
"chabad","shabbat-maariv","24","yaale-veyavo","amidah","יעלה ויבוא","Siddur Tehillat Hashem, Kabbalat Shabbat, Shemoneh Esrei – The Amidah","33-34","roshChodesh|cholHamoed","","true","false","true"
"chabad","shabbat-maariv","25","yaale-rc","amidah","","Siddur Tehillat Hashem, Kabbalat Shabbat, Shemoneh Esrei – The Amidah","35-35","roshChodesh","","true","false","true"
"chabad","shabbat-maariv","26","yaale-pesach","amidah","","Siddur Tehillat Hashem, Kabbalat Shabbat, Shemoneh Esrei – The Amidah","36-36","cholHamoed&pesach","","true","false","true"
"chabad","shabbat-maariv","27","yaale-sukkot","amidah","","Siddur Tehillat Hashem, Kabbalat Shabbat, Shemoneh Esrei – The Amidah","37-37","cholHamoed&sukkot","","true","false","true"
"chabad","shabbat-maariv","28","yaale-end","amidah","","Siddur Tehillat Hashem, Kabbalat Shabbat, Shemoneh Esrei – The Amidah","38-38","roshChodesh|cholHamoed","","true","false","true"
"chabad","shabbat-maariv","29","retze-end","amidah","","Siddur Tehillat Hashem, Kabbalat Shabbat, Shemoneh Esrei – The Amidah","39-39","","","true","false","true"
"chabad","shabbat-maariv","30","modim","amidah","מודים","Siddur Tehillat Hashem, Kabbalat Shabbat, Shemoneh Esrei – The Amidah","40-43","","","true","false","true"
"chabad","shabbat-maariv","31","al-hanisim","amidah","על הנסים","Siddur Tehillat Hashem, Kabbalat Shabbat, Shemoneh Esrei – The Amidah","44-46","chanukah","","true","false","true"
"chabad","shabbat-maariv","32","modim-end","amidah","","Siddur Tehillat Hashem, Kabbalat Shabbat, Shemoneh Esrei – The Amidah","47-47","","","true","false","true"
"chabad","shabbat-maariv","33","modim-aseret","amidah","וכתוב לחיים","Siddur Tehillat Hashem, Kabbalat Shabbat, Shemoneh Esrei – The Amidah","48-49","aseret","","true","false","true"
"chabad","shabbat-maariv","34","modim-end-2","amidah","","Siddur Tehillat Hashem, Kabbalat Shabbat, Shemoneh Esrei – The Amidah","50-51","","","true","false","true"
"chabad","shabbat-maariv","35","sim-shalom","amidah","שים שלום","Siddur Tehillat Hashem, Kabbalat Shabbat, Shemoneh Esrei – The Amidah","52-54","","","true","false","true"
"chabad","shabbat-maariv","36","shalom-aseret","amidah","ובספר חיים","Siddur Tehillat Hashem, Kabbalat Shabbat, Shemoneh Esrei – The Amidah","55-56","aseret","","true","false","true"
"chabad","shabbat-maariv","37","shalom-end","amidah","","Siddur Tehillat Hashem, Kabbalat Shabbat, Shemoneh Esrei – The Amidah","57-59","","","true","false","true"
"chabad","shabbat-maariv","38","elokai-netzor","elokai-netzor","אלהי נצור","Siddur Tehillat Hashem, Kabbalat Shabbat, Shemoneh Esrei – The Amidah","60-66","","","false","false","true"
"chabad","shabbat-maariv","39","vayechulu","vayechulu","ויכלו","Siddur Tehillat Hashem, Kabbalat Shabbat, Shemoneh Esrei – The Amidah","67-72","","","true","false","true"
"chabad","shabbat-maariv","40","magen-avot","magen-avot","ברכה מעין שבע · מגן אבות","Siddur Tehillat Hashem, Kabbalat Shabbat, Shemoneh Esrei – The Amidah","73-82","","minyan","true","false","true"
"chabad","shabbat-maariv","41","kaddish-titkabal","kaddish-titkabal","קדיש תתקבל","Siddur Tehillat Hashem, Kabbalat Shabbat, Shemoneh Esrei – The Amidah","83-92","","minyan","true","false","true"
"chabad","shabbat-maariv","42","mizmor-ledavid-23","closing-passages","מזמור לדוד ה׳ רועי","Siddur Tehillat Hashem, Kabbalat Shabbat, Shemoneh Esrei – The Amidah","93-94","","","false","false","true"
"chabad","shabbat-maariv","43","half-kaddish-3","half-kaddish","חצי קדיש","Siddur Tehillat Hashem, Kabbalat Shabbat, Shemoneh Esrei – The Amidah","95-98","","minyan","false","false","true"
"chabad","shabbat-maariv","44","barchu-2","barchu","ברכו","Siddur Tehillat Hashem, Kabbalat Shabbat, Shemoneh Esrei – The Amidah","99-105","","minyan","true","false","true"
"chabad","shabbat-maariv","45","omer","omer","ספירת העומר","Siddur Tehillat Hashem, Counting the Omer, Counting the Omer","0-3","omer","","false","false","true"
"chabad","shabbat-maariv","46","omer-count","omer","סדר הספירה","Siddur Tehillat Hashem, Counting the Omer, Counting the Omer","4-56","omer","","false","false","true"
"chabad","shabbat-maariv","47","omer-after","omer","הרחמן · למנצח · אנא בכח","Siddur Tehillat Hashem, Counting the Omer, Counting the Omer","57-69","omer","","false","false","true"
"chabad","shabbat-maariv","48","omer-ribono","omer","רבונו של עולם","Siddur Tehillat Hashem, Counting the Omer, Counting the Omer","70-70","omer","","false","false","true"
"chabad","shabbat-maariv","49","aleinu","aleinu","עלינו לשבח","Siddur Tehillat Hashem, Kabbalat Shabbat, Shemoneh Esrei – The Amidah","106-111","","","true","false","true"
"chabad","shabbat-maariv","50","kaddish-yatom","kaddish-yatom","קדיש יתום","Siddur Tehillat Hashem, Kabbalat Shabbat, Shemoneh Esrei – The Amidah","112-119","","mourners","false","false","true"
"chabad","shabbat-maariv","51","al-tira","closing-passages","אל תירא","Siddur Tehillat Hashem, Kabbalat Shabbat, Shemoneh Esrei – The Amidah","120-124","","","false","false","true"
"chabad","shabbat-kiddush","1","shalom-aleichem","shalom-aleichem","שלום עליכם","Siddur Tehillat Hashem, The Shabbat Book, The Shabbat Evening Meal","0-6","","","true","false","true"
"chabad","shabbat-kiddush","2","eshet-chayil","eshet-chayil","אשת חיל","Siddur Tehillat Hashem, The Shabbat Book, The Shabbat Evening Meal","7-7","","","true","false","true"
"chabad","shabbat-kiddush","3","mizmor-ledavid","kiddush","מזמור לדוד · אתקינו סעודתא","Siddur Tehillat Hashem, The Shabbat Book, The Shabbat Evening Kiddush","0-3","","","true","false","true"
"chabad","shabbat-kiddush","4","kiddush","kiddush","קידוש","Siddur Tehillat Hashem, The Shabbat Book, The Shabbat Evening Kiddush","4-12","","","true","false","true"
"chabad","shabbat-kiddush","5","sukkah","kiddush","לישב בסוכה","Siddur Tehillat Hashem, The Shabbat Book, The Shabbat Evening Kiddush","13-14","sukkot","","true","false","true"
"chabad","shabbat-kiddush","6","after-kiddush","kiddush","אחר הקידוש","Siddur Tehillat Hashem, The Shabbat Book, The Shabbat Evening Kiddush","15-16","","","true","false","true"
"chabad","shabbat-kiddush","7","azamer","zemirot","אזמר בשבחין","Siddur Tehillat Hashem, The Shabbat Book, The Shabbat Evening Kiddush","17-38","","","false","false","true"
"chabad","shabbat-shacharit","1","hodu","hodu","הודו","Siddur Tehillat Hashem, Shacharit and Musaf for Shabbat and Festivals, Verses of Praise","0-1","","","false","false","false"
"chabad","shabbat-shacharit","2","mizmor-shir","mizmor-shir","מזמור שיר חנכת הבית","Siddur Tehillat Hashem, Shacharit and Musaf for Shabbat and Festivals, Verses of Praise","2-3","","","false","false","false"
"chabad","shabbat-shacharit","3","hashem-melech","hodu","יי מלך","Siddur Tehillat Hashem, Shacharit and Musaf for Shabbat and Festivals, Verses of Praise","4-8","","","false","false","false"
"chabad","shabbat-shacharit","4","shabbat-psalms","pesukei-dezimra","מזמורים לשבת","Siddur Tehillat Hashem, Shacharit and Musaf for Shabbat and Festivals, Verses of Praise","9-42","","","true","false","false"
"chabad","shabbat-shacharit","5","shir-hamaalot-psalms","pesukei-dezimra","שיר המעלות","Siddur Tehillat Hashem, Shacharit and Musaf for Shabbat and Festivals, Verses of Praise","43-50","","","true","false","false"
"chabad","shabbat-shacharit","6","hallel-hagadol","pesukei-dezimra","הללויה · הודו לה׳ כי טוב","Siddur Tehillat Hashem, Shacharit and Musaf for Shabbat and Festivals, Verses of Praise","51-79","","","true","false","false"
"chabad","shabbat-shacharit","7","haaderet","pesukei-dezimra","האדרת והאמונה","Siddur Tehillat Hashem, Shacharit and Musaf for Shabbat and Festivals, Verses of Praise","80-99","","","true","false","false"
"chabad","shabbat-shacharit","8","baruch-sheamar","baruch-sheamar","ברוך שאמר","Siddur Tehillat Hashem, Shacharit and Musaf for Shabbat and Festivals, Verses of Praise","100-101","","","false","false","false"
"chabad","shabbat-shacharit","9","mizmor-shir-shabbat","mizmor-shir-shabbat","מזמור שיר ליום השבת","Siddur Tehillat Hashem, Shacharit and Musaf for Shabbat and Festivals, Verses of Praise","102-105","","","false","false","false"
"chabad","shabbat-shacharit","10","yehi-chevod","pesukei-dezimra","יהי כבוד","Siddur Tehillat Hashem, Shacharit and Musaf for Shabbat and Festivals, Verses of Praise","106-106","","","true","false","false"
"chabad","shabbat-shacharit","11","ashrei-pz","pesukei-dezimra","אשרי","Siddur Tehillat Hashem, Shacharit and Musaf for Shabbat and Festivals, Verses of Praise","107-129","","","true","false","false"
"chabad","shabbat-shacharit","12","halleluya","pesukei-dezimra","הללויה","Siddur Tehillat Hashem, Shacharit and Musaf for Shabbat and Festivals, Verses of Praise","130-139","","","true","false","false"
"chabad","shabbat-shacharit","13","vayevarech-david","pesukei-dezimra","ויברך דויד","Siddur Tehillat Hashem, Shacharit and Musaf for Shabbat and Festivals, Verses of Praise","140-146","","","true","false","false"
"chabad","shabbat-shacharit","14","az-yashir","az-yashir","שירת הים","Siddur Tehillat Hashem, Shacharit and Musaf for Shabbat and Festivals, Verses of Praise","147-155","","","false","false","false"
"chabad","shabbat-shacharit","15","nishmat","pesukei-dezimra","נשמת","Siddur Tehillat Hashem, Shacharit and Musaf for Shabbat and Festivals, Verses of Praise","156-164","","","true","false","false"
"chabad","shabbat-shacharit","16","yishtabach","yishtabach","ישתבח","Siddur Tehillat Hashem, Shacharit and Musaf for Shabbat and Festivals, Verses of Praise","165-165","","","true","false","false"
"chabad","shabbat-shacharit","17","mimaamakim","pesukei-dezimra","שיר המעלות ממעמקים","Siddur Tehillat Hashem, Shacharit and Musaf for Shabbat and Festivals, Verses of Praise","166-167","aseret","","true","false","false"
"chabad","shabbat-shacharit","18","half-kaddish","half-kaddish","חצי קדיש","Siddur Tehillat Hashem, Shacharit and Musaf for Shabbat and Festivals, Verses of Praise","168-171","","minyan","true","false","false"
"chabad","shabbat-shacharit","19","barchu","barchu","ברכו","Siddur Tehillat Hashem, Shacharit and Musaf for Shabbat and Festivals, Verses of Praise","172-178","","minyan","false","false","false"
"chabad","shabbat-shacharit","20","yotzer","shema-blessings","יוצר אור","Siddur Tehillat Hashem, Shacharit and Musaf for Shabbat and Festivals, Verses of Praise","179-181","","","true","false","false"
"chabad","shabbat-shacharit","21","el-adon","shema-blessings","אל אדון · לאל אשר שבת","Siddur Tehillat Hashem, Shacharit and Musaf for Shabbat and Festivals, Verses of Praise","182-194","shabbat","","true","false","false"
"chabad","shabbat-shacharit","22","hameir","shema-blessings","המאיר לארץ","Siddur Tehillat Hashem, Shacharit and Musaf for Shabbat and Festivals, Verses of Praise","195-196","!shabbat","","true","false","false"
"chabad","shabbat-shacharit","23","titbarach","shema-blessings","","Siddur Tehillat Hashem, Shacharit and Musaf for Shabbat and Festivals, Verses of Praise","197-202","","","true","false","false"
"chabad","shabbat-shacharit","24","ahavat-olam","shema-blessings","אהבת עולם","Siddur Tehillat Hashem, Shacharit and Musaf for Shabbat and Festivals, Verses of Praise","203-203","","","true","false","false"
"chabad","shabbat-shacharit","25","shema","shema","קריאת שמע","Siddur Tehillat Hashem, Shacharit and Musaf for Shabbat and Festivals, The Shema","0-12","","","true","false","false"
"chabad","shabbat-shacharit","26","emet-veyatziv","after-shema","אמת ויציב","Siddur Tehillat Hashem, Shacharit and Musaf for Shabbat and Festivals, The Shema","13-19","","","false","false","false"
"chabad","shabbat-shacharit","27","sefatai","amidah","אדני שפתי תפתח","Siddur Tehillat Hashem, Shacharit and Musaf for Shabbat and Festivals, Shemoneh Esrei – The Amidah","0-1","","","true","false","false"
"chabad","shabbat-shacharit","28","avot","amidah","ברכת אבות","Siddur Tehillat Hashem, Shacharit and Musaf for Shabbat and Festivals, Shemoneh Esrei – The Amidah","2-5","","","true","false","false"
"chabad","shabbat-shacharit","29","avot-aseret","amidah","זכרנו לחיים","Siddur Tehillat Hashem, Shacharit and Musaf for Shabbat and Festivals, Shemoneh Esrei – The Amidah","6-7","aseret","","true","false","false"
"chabad","shabbat-shacharit","30","avot-end","amidah","","Siddur Tehillat Hashem, Shacharit and Musaf for Shabbat and Festivals, Shemoneh Esrei – The Amidah","8-9","","","true","false","false"
"chabad","shabbat-shacharit","31","gevurot","amidah","גבורות","Siddur Tehillat Hashem, Shacharit and Musaf for Shabbat and Festivals, Shemoneh Esrei – The Amidah","10-12","","","true","false","false"
"chabad","shabbat-shacharit","32","gevurot-summer","amidah","מוריד הטל","Siddur Tehillat Hashem, Shacharit and Musaf for Shabbat and Festivals, Shemoneh Esrei – The Amidah","13-14","summer","","true","false","false"
"chabad","shabbat-shacharit","33","gevurot-winter","amidah","משיב הרוח ומוריד הגשם","Siddur Tehillat Hashem, Shacharit and Musaf for Shabbat and Festivals, Shemoneh Esrei – The Amidah","15-16","winter","","true","false","false"
"chabad","shabbat-shacharit","34","gevurot-mid","amidah","","Siddur Tehillat Hashem, Shacharit and Musaf for Shabbat and Festivals, Shemoneh Esrei – The Amidah","17-17","","","true","false","false"
"chabad","shabbat-shacharit","35","gevurot-aseret","amidah","מי כמוך אב הרחמן","Siddur Tehillat Hashem, Shacharit and Musaf for Shabbat and Festivals, Shemoneh Esrei – The Amidah","18-19","aseret","","true","false","false"
"chabad","shabbat-shacharit","36","gevurot-end","amidah","","Siddur Tehillat Hashem, Shacharit and Musaf for Shabbat and Festivals, Shemoneh Esrei – The Amidah","20-20","","","true","false","false"
"chabad","shabbat-shacharit","37","kedusha","kedusha","קדושה","Siddur Tehillat Hashem, Shacharit and Musaf for Shabbat and Festivals, Shemoneh Esrei – The Amidah","21-36","","repetition","false","false","false"
"chabad","shabbat-shacharit","38","kedushat-hashem","amidah","קדושת השם","Siddur Tehillat Hashem, Shacharit and Musaf for Shabbat and Festivals, Shemoneh Esrei – The Amidah","37-40","","","true","false","false"
"chabad","shabbat-shacharit","39","kedushat-hayom","amidah","ישמח משה","Siddur Tehillat Hashem, Shacharit and Musaf for Shabbat and Festivals, Shemoneh Esrei – The Amidah","41-47","","","true","false","false"
"chabad","shabbat-shacharit","40","retze","amidah","רצה","Siddur Tehillat Hashem, Shacharit and Musaf for Shabbat and Festivals, Shemoneh Esrei – The Amidah","48-50","","","true","false","false"
"chabad","shabbat-shacharit","41","yaale-veyavo","amidah","יעלה ויבוא","Siddur Tehillat Hashem, Shacharit and Musaf for Shabbat and Festivals, Shemoneh Esrei – The Amidah","51-52","roshChodesh|cholHamoed","","true","false","false"
"chabad","shabbat-shacharit","42","yaale-rc","amidah","","Siddur Tehillat Hashem, Shacharit and Musaf for Shabbat and Festivals, Shemoneh Esrei – The Amidah","53-54","roshChodesh","","true","false","false"
"chabad","shabbat-shacharit","43","yaale-pesach","amidah","","Siddur Tehillat Hashem, Shacharit and Musaf for Shabbat and Festivals, Shemoneh Esrei – The Amidah","55-56","cholHamoed&pesach","","true","false","false"
"chabad","shabbat-shacharit","44","yaale-sukkot","amidah","","Siddur Tehillat Hashem, Shacharit and Musaf for Shabbat and Festivals, Shemoneh Esrei – The Amidah","57-58","cholHamoed&sukkot","","true","false","false"
"chabad","shabbat-shacharit","45","yaale-end","amidah","","Siddur Tehillat Hashem, Shacharit and Musaf for Shabbat and Festivals, Shemoneh Esrei – The Amidah","59-59","roshChodesh|cholHamoed","","true","false","false"
"chabad","shabbat-shacharit","46","retze-end","amidah","","Siddur Tehillat Hashem, Shacharit and Musaf for Shabbat and Festivals, Shemoneh Esrei – The Amidah","60-60","","","true","false","false"
"chabad","shabbat-shacharit","47","modim","amidah","מודים","Siddur Tehillat Hashem, Shacharit and Musaf for Shabbat and Festivals, Shemoneh Esrei – The Amidah","61-64","","","true","false","false"
"chabad","shabbat-shacharit","48","al-hanisim","amidah","על הנסים","Siddur Tehillat Hashem, Shacharit and Musaf for Shabbat and Festivals, Shemoneh Esrei – The Amidah","65-68","chanukah","","true","false","false"
"chabad","shabbat-shacharit","49","modim-end","amidah","","Siddur Tehillat Hashem, Shacharit and Musaf for Shabbat and Festivals, Shemoneh Esrei – The Amidah","69-69","","","true","false","false"
"chabad","shabbat-shacharit","50","modim-aseret","amidah","וכתוב לחיים","Siddur Tehillat Hashem, Shacharit and Musaf for Shabbat and Festivals, Shemoneh Esrei – The Amidah","70-71","aseret","","true","false","false"
"chabad","shabbat-shacharit","51","modim-end-2","amidah","","Siddur Tehillat Hashem, Shacharit and Musaf for Shabbat and Festivals, Shemoneh Esrei – The Amidah","72-73","","","true","false","false"
"chabad","shabbat-shacharit","52","birkat-kohanim","birkat-kohanim","ברכת כהנים","Siddur Tehillat Hashem, Shacharit and Musaf for Shabbat and Festivals, Shemoneh Esrei – The Amidah","74-79","","repetition","false","false","false"
"chabad","shabbat-shacharit","53","sim-shalom","amidah","שים שלום","Siddur Tehillat Hashem, Shacharit and Musaf for Shabbat and Festivals, Shemoneh Esrei – The Amidah","80-82","","","true","false","false"
"chabad","shabbat-shacharit","54","shalom-aseret","amidah","ובספר חיים","Siddur Tehillat Hashem, Shacharit and Musaf for Shabbat and Festivals, Shemoneh Esrei – The Amidah","83-84","aseret","","true","false","false"
"chabad","shabbat-shacharit","55","shalom-end","amidah","","Siddur Tehillat Hashem, Shacharit and Musaf for Shabbat and Festivals, Shemoneh Esrei – The Amidah","85-86","","","true","false","false"
"chabad","shabbat-shacharit","56","elokai-netzor","elokai-netzor","אלהי נצור","Siddur Tehillat Hashem, Shacharit and Musaf for Shabbat and Festivals, Shemoneh Esrei – The Amidah","87-92","","","false","false","false"
"chabad","shabbat-shacharit","57","kaddish-titkabal","kaddish-titkabal","קדיש תתקבל","Siddur Tehillat Hashem, Shacharit and Musaf for Shabbat and Festivals, Shemoneh Esrei – The Amidah","93-103","","minyan","true","false","false"
"chabad","shabbat-shacharit","58","song-of-day","song-of-day","שיר של יום · שבת","Siddur Tehillat Hashem, Shacharit and Musaf for Shabbat and Festivals, Song of the Day","0-5","","","false","false","false"
"chabad","shabbat-shacharit","59","barchi-nafshi","barchi-nafshi","ברכי נפשי","Siddur Tehillat Hashem, Shacharit and Musaf for Shabbat and Festivals, Song of the Day","6-8","roshChodesh","","false","false","false"
"chabad","shabbat-shacharit","60","ledavid","ledavid-ori","לדוד יי אורי","Siddur Tehillat Hashem, Shacharit and Musaf for Shabbat and Festivals, Song of the Day","9-11","ledavid","","false","false","false"
"chabad","shabbat-shacharit","61","kaddish-yatom","kaddish-yatom","קדיש יתום","Siddur Tehillat Hashem, Shacharit and Musaf for Shabbat and Festivals, Song of the Day","12-19","","mourners","false","false","false"
"chabad","shabbat-shacharit","62","ata-hareta","torah-service","אתה הראת","Siddur Tehillat Hashem, Shacharit and Musaf for Shabbat and Festivals, Song of the Day","20-20","","","true","false","false"
"chabad","shabbat-shacharit","63","vayehi-binsoa","torah-service","פתיחת הארון · ויהי בנסוע","Siddur Tehillat Hashem, Shacharit and Musaf for Shabbat and Festivals, Order of the Torah Reading for Shabbat and Festivals","0-1","","","true","false","false"
"chabad","shabbat-shacharit","64","thirteen-attributes","torah-service","י״ג מדות · רבונו של עולם","Siddur Tehillat Hashem, Shacharit and Musaf for Shabbat and Festivals, Order of the Torah Reading for Shabbat and Festivals","2-19","yomTov&!shabbat","","true","false","false"
"chabad","shabbat-shacharit","65","berich-shmei","torah-service","בריך שמה","Siddur Tehillat Hashem, Shacharit and Musaf for Shabbat and Festivals, Order of the Torah Reading for Shabbat and Festivals","20-20","","","true","false","false"
"chabad","shabbat-shacharit","66","hotzaat-sefer-torah","torah-service","הוצאת ספר תורה","Siddur Tehillat Hashem, Shacharit and Musaf for Shabbat and Festivals, Order of the Torah Reading for Shabbat and Festivals","21-33","","","true","false","false"
"chabad","shabbat-shacharit","67","torah-reading","torah-reading","קריאת התורה","Siddur Tehillat Hashem, Shacharit and Musaf for Shabbat and Festivals, Order of the Torah Reading for Shabbat and Festivals","34-54","","","true","false","false"
"chabad","shabbat-shacharit","68","birkat-hagomel","torah-reading","ברכת הגומל","Siddur Tehillat Hashem, Shacharit and Musaf for Shabbat and Festivals, Order of the Torah Reading for Shabbat and Festivals","55-60","","","true","false","false"
"chabad","shabbat-shacharit","69","baruch-shepetarani","torah-reading","ברוך שפטרני","Siddur Tehillat Hashem, Shacharit and Musaf for Shabbat and Festivals, Order of the Torah Reading for Shabbat and Festivals","61-64","","","true","false","false"
"chabad","shabbat-shacharit","70","mi-sheberach","torah-reading","מי שברך","Siddur Tehillat Hashem, Shacharit and Musaf for Shabbat and Festivals, Order of the Torah Reading for Shabbat and Festivals","65-76","","","true","false","false"
"chabad","shabbat-shacharit","71","mi-sheberach-weekday","torah-reading","מי שברך לחולה בחול","Siddur Tehillat Hashem, Shacharit and Musaf for Shabbat and Festivals, Order of the Torah Reading for Shabbat and Festivals","77-82","!shabbat","","true","false","false"
"chabad","shabbat-shacharit","72","half-kaddish-torah","half-kaddish","חצי קדיש","Siddur Tehillat Hashem, Shacharit and Musaf for Shabbat and Festivals, Order of the Torah Reading for Shabbat and Festivals","83-86","","minyan","true","false","false"
"chabad","shabbat-shacharit","73","hagbaha","torah-reading","הגבהת התורה","Siddur Tehillat Hashem, Shacharit and Musaf for Shabbat and Festivals, Order of the Torah Reading for Shabbat and Festivals","87-91","","","true","false","false"
"chabad","shabbat-shacharit","74","haftarah","haftarah","ברכות ההפטרה","Siddur Tehillat Hashem, Shacharit and Musaf for Shabbat and Festivals, Order of the Torah Reading for Shabbat and Festivals","92-102","","","false","false","false"
"chabad","shabbat-shacharit","75","haftarah-shabbat","haftarah","","Siddur Tehillat Hashem, Shacharit and Musaf for Shabbat and Festivals, Order of the Torah Reading for Shabbat and Festivals","103-106","!yomTov","","false","false","false"
"chabad","shabbat-shacharit","76","haftarah-yomtov","haftarah","","Siddur Tehillat Hashem, Shacharit and Musaf for Shabbat and Festivals, Order of the Torah Reading for Shabbat and Festivals","107-119","yomTov","","false","false","false"
"chabad","shabbat-shacharit","77","yekum-purkan","torah-service","יקום פורקן · מי שברך","Siddur Tehillat Hashem, Shacharit and Musaf for Shabbat and Festivals, Order of the Torah Reading for Shabbat and Festivals","120-125","shabbat","","true","false","false"
"chabad","shabbat-shacharit","78","birkat-hachodesh","birkat-hachodesh","ברכת החודש","Siddur Tehillat Hashem, Shacharit and Musaf for Shabbat and Festivals, Order of the Torah Reading for Shabbat and Festivals","126-166","shabbatMevarchim","","false","false","false"
"chabad","shabbat-shacharit","79","av-harachamim","av-harachamim","אב הרחמים","Siddur Tehillat Hashem, Shacharit and Musaf for Shabbat and Festivals, Order of the Torah Reading for Shabbat and Festivals","167-168","","","false","false","false"
"chabad","shabbat-shacharit","80","ashrei","ashrei","אשרי","Siddur Tehillat Hashem, Shacharit and Musaf for Shabbat and Festivals, Order of the Torah Reading for Shabbat and Festivals","169-191","","","false","false","false"
"chabad","shabbat-shacharit","81","yehalelu","return-torah","הכנסת ספר תורה","Siddur Tehillat Hashem, Shacharit and Musaf for Shabbat and Festivals, Order of the Torah Reading for Shabbat and Festivals","192-195","","","true","false","false"
"chabad","shabbat-shacharit","82","half-kaddish-musaf","half-kaddish","חצי קדיש","Siddur Tehillat Hashem, Shacharit and Musaf for Shabbat and Festivals, Order of the Torah Reading for Shabbat and Festivals","196-199","","minyan","true","false","false"
"chabad","shabbat-musaf","1","sefatai","musaf","אדני שפתי תפתח","Siddur Tehillat Hashem, Shacharit and Musaf for Shabbat and Festivals, Musaf Amidah for Shabbat and Rosh Chodesh","0-1","","","true","false","true"
"chabad","shabbat-musaf","2","avot","musaf","ברכת אבות","Siddur Tehillat Hashem, Shacharit and Musaf for Shabbat and Festivals, Musaf Amidah for Shabbat and Rosh Chodesh","2-5","","","true","false","true"
"chabad","shabbat-musaf","3","avot-aseret","musaf","זכרנו לחיים","Siddur Tehillat Hashem, Shacharit and Musaf for Shabbat and Festivals, Musaf Amidah for Shabbat and Rosh Chodesh","6-7","aseret","","true","false","true"
"chabad","shabbat-musaf","4","avot-end","musaf","","Siddur Tehillat Hashem, Shacharit and Musaf for Shabbat and Festivals, Musaf Amidah for Shabbat and Rosh Chodesh","8-9","","","true","false","true"
"chabad","shabbat-musaf","5","gevurot","musaf","גבורות","Siddur Tehillat Hashem, Shacharit and Musaf for Shabbat and Festivals, Musaf Amidah for Shabbat and Rosh Chodesh","10-12","","","true","false","true"
"chabad","shabbat-musaf","6","gevurot-summer","musaf","מוריד הטל","Siddur Tehillat Hashem, Shacharit and Musaf for Shabbat and Festivals, Musaf Amidah for Shabbat and Rosh Chodesh","13-14","summer","","true","false","true"
"chabad","shabbat-musaf","7","gevurot-winter","musaf","משיב הרוח ומוריד הגשם","Siddur Tehillat Hashem, Shacharit and Musaf for Shabbat and Festivals, Musaf Amidah for Shabbat and Rosh Chodesh","15-16","winter","","true","false","true"
"chabad","shabbat-musaf","8","gevurot-mid","musaf","","Siddur Tehillat Hashem, Shacharit and Musaf for Shabbat and Festivals, Musaf Amidah for Shabbat and Rosh Chodesh","17-17","","","true","false","true"
"chabad","shabbat-musaf","9","gevurot-aseret","musaf","מי כמוך אב הרחמן","Siddur Tehillat Hashem, Shacharit and Musaf for Shabbat and Festivals, Musaf Amidah for Shabbat and Rosh Chodesh","18-19","aseret","","true","false","true"
"chabad","shabbat-musaf","10","gevurot-end","musaf","","Siddur Tehillat Hashem, Shacharit and Musaf for Shabbat and Festivals, Musaf Amidah for Shabbat and Rosh Chodesh","20-20","","","true","false","true"
"chabad","shabbat-musaf","11","kedusha","kedusha","קדושה","Siddur Tehillat Hashem, Shacharit and Musaf for Shabbat and Festivals, Musaf Amidah for Shabbat and Rosh Chodesh","21-36","","repetition","false","false","true"
"chabad","shabbat-musaf","12","kedushat-hashem","musaf","קדושת השם","Siddur Tehillat Hashem, Shacharit and Musaf for Shabbat and Festivals, Musaf Amidah for Shabbat and Rosh Chodesh","37-40","","","true","false","true"
"chabad","shabbat-musaf","13","tikanta-shabbat","musaf","תכנת שבת","Siddur Tehillat Hashem, Shacharit and Musaf for Shabbat and Festivals, Musaf Amidah for Shabbat and Rosh Chodesh","41-48","!roshChodesh","","true","false","true"
"chabad","shabbat-musaf","14","ata-yatzarta","musaf","אתה יצרת · לשבת ראש חודש","Siddur Tehillat Hashem, Shacharit and Musaf for Shabbat and Festivals, Musaf Amidah for Shabbat and Rosh Chodesh","49-56","roshChodesh","","true","false","true"
"chabad","shabbat-musaf","15","retze","musaf","רצה","Siddur Tehillat Hashem, Shacharit and Musaf for Shabbat and Festivals, Musaf Amidah for Shabbat and Rosh Chodesh","57-59","","","true","false","true"
"chabad","shabbat-musaf","16","retze-end","musaf","","Siddur Tehillat Hashem, Shacharit and Musaf for Shabbat and Festivals, Musaf Amidah for Shabbat and Rosh Chodesh","60-60","","","true","false","true"
"chabad","shabbat-musaf","17","modim","musaf","מודים","Siddur Tehillat Hashem, Shacharit and Musaf for Shabbat and Festivals, Musaf Amidah for Shabbat and Rosh Chodesh","61-64","","","true","false","true"
"chabad","shabbat-musaf","18","al-hanisim","musaf","על הנסים","Siddur Tehillat Hashem, Shacharit and Musaf for Shabbat and Festivals, Musaf Amidah for Shabbat and Rosh Chodesh","65-68","chanukah","","true","false","true"
"chabad","shabbat-musaf","19","modim-end","musaf","","Siddur Tehillat Hashem, Shacharit and Musaf for Shabbat and Festivals, Musaf Amidah for Shabbat and Rosh Chodesh","69-69","","","true","false","true"
"chabad","shabbat-musaf","20","modim-aseret","musaf","וכתוב לחיים","Siddur Tehillat Hashem, Shacharit and Musaf for Shabbat and Festivals, Musaf Amidah for Shabbat and Rosh Chodesh","70-71","aseret","","true","false","true"
"chabad","shabbat-musaf","21","modim-end-2","musaf","","Siddur Tehillat Hashem, Shacharit and Musaf for Shabbat and Festivals, Musaf Amidah for Shabbat and Rosh Chodesh","72-73","","","true","false","true"
"chabad","shabbat-musaf","22","birkat-kohanim","birkat-kohanim","ברכת כהנים","Siddur Tehillat Hashem, Shacharit and Musaf for Shabbat and Festivals, Musaf Amidah for Shabbat and Rosh Chodesh","74-79","","repetition","false","false","true"
"chabad","shabbat-musaf","23","sim-shalom","musaf","שים שלום","Siddur Tehillat Hashem, Shacharit and Musaf for Shabbat and Festivals, Musaf Amidah for Shabbat and Rosh Chodesh","80-82","","","true","false","true"
"chabad","shabbat-musaf","24","shalom-aseret","musaf","ובספר חיים","Siddur Tehillat Hashem, Shacharit and Musaf for Shabbat and Festivals, Musaf Amidah for Shabbat and Rosh Chodesh","83-84","aseret","","true","false","true"
"chabad","shabbat-musaf","25","shalom-end","musaf","","Siddur Tehillat Hashem, Shacharit and Musaf for Shabbat and Festivals, Musaf Amidah for Shabbat and Rosh Chodesh","85-86","","","true","false","true"
"chabad","shabbat-musaf","26","elokai-netzor","elokai-netzor","אלהי נצור","Siddur Tehillat Hashem, Shacharit and Musaf for Shabbat and Festivals, Musaf Amidah for Shabbat and Rosh Chodesh","87-92","","","false","false","true"
"chabad","shabbat-musaf","27","kaddish-titkabal","kaddish-titkabal","קדיש תתקבל","Siddur Tehillat Hashem, Shacharit and Musaf for Shabbat and Festivals, Musaf Amidah for Shabbat and Rosh Chodesh","93-103","","minyan","true","false","true"
"chabad","shabbat-musaf","28","kaveh","kaveh","קוה אל יי","Siddur Tehillat Hashem, Shacharit and Musaf for Shabbat and Festivals, Musaf Amidah for Shabbat and Rosh Chodesh","104-104","","","false","false","true"
"chabad","shabbat-musaf","29","ein-keloheinu","ein-keloheinu","אין כאלהינו","Siddur Tehillat Hashem, Shacharit and Musaf for Shabbat and Festivals, Musaf Amidah for Shabbat and Rosh Chodesh","105-105","","","false","false","true"
"chabad","shabbat-musaf","30","pitum-haketoret","ketoret","פטום הקטרת","Siddur Tehillat Hashem, Shacharit and Musaf for Shabbat and Festivals, Musaf Amidah for Shabbat and Rosh Chodesh","106-107","","","false","false","true"
"chabad","shabbat-musaf","31","tana-dvei-eliyahu","closing-passages","תנא דבי אליהו","Siddur Tehillat Hashem, Shacharit and Musaf for Shabbat and Festivals, Musaf Amidah for Shabbat and Rosh Chodesh","108-110","","","false","false","true"
"chabad","shabbat-musaf","32","amar-rabbi-elazar","closing-passages","","Siddur Tehillat Hashem, Shacharit and Musaf for Shabbat and Festivals, Musaf Amidah for Shabbat and Rosh Chodesh","111-111","","","false","false","true"
"chabad","shabbat-musaf","33","kaddish-derabanan","kaddish-derabanan","קדיש דרבנן","Siddur Tehillat Hashem, Shacharit and Musaf for Shabbat and Festivals, Musaf Amidah for Shabbat and Rosh Chodesh","112-121","","minyan","false","false","true"
"chabad","shabbat-musaf","34","aleinu","aleinu","עלינו לשבח","Siddur Tehillat Hashem, Shacharit and Musaf for Shabbat and Festivals, Musaf Amidah for Shabbat and Rosh Chodesh","122-124","","","true","false","true"
"chabad","shabbat-musaf","35","kaddish-yatom","kaddish-yatom","קדיש יתום","Siddur Tehillat Hashem, Shacharit and Musaf for Shabbat and Festivals, Musaf Amidah for Shabbat and Rosh Chodesh","125-132","","mourners","false","false","true"
"chabad","shabbat-musaf","36","al-tira","closing-passages","אל תירא","Siddur Tehillat Hashem, Shacharit and Musaf for Shabbat and Festivals, Musaf Amidah for Shabbat and Rosh Chodesh","133-137","","","false","false","true"
"chabad","shabbat-musaf","37","lechem-hapanim","closing-passages","פרשת לחם הפנים","Siddur Tehillat Hashem, Shacharit and Musaf for Shabbat and Festivals, Musaf Amidah for Shabbat and Rosh Chodesh","138-139","","","false","false","true"
"chabad","shabbat-musaf","38","shesh-zechirot","closing-passages","שש זכירות","Siddur Tehillat Hashem, Shacharit and Musaf for Shabbat and Festivals, Musaf Amidah for Shabbat and Rosh Chodesh","140-148","","","false","false","true"
"chabad","shabbat-kiddush-day","1","mizmor-ledavid","kiddush-day","מזמור לדוד · אתקינו · ושמרו","Siddur Tehillat Hashem, The Shabbat Book, The Kiddush for Shabbat Day","0-5","","","true","false","true"
"chabad","shabbat-kiddush-day","2","kiddush","kiddush-day","קידושא רבא","Siddur Tehillat Hashem, The Shabbat Book, The Kiddush for Shabbat Day","6-13","","","true","false","true"
"chabad","shabbat-kiddush-day","3","sukkah","kiddush-day","לישב בסוכה","Siddur Tehillat Hashem, The Shabbat Book, The Kiddush for Shabbat Day","14-15","sukkot","","true","false","true"
"chabad","shabbat-kiddush-day","4","netilat-yadayim","kiddush-day","נטילת ידים","Siddur Tehillat Hashem, The Shabbat Book, The Kiddush for Shabbat Day","16-20","","","true","false","true"
"chabad","shabbat-kiddush-day","5","asader","zemirot","אסדר לסעודתא","Siddur Tehillat Hashem, The Shabbat Book, The Kiddush for Shabbat Day","21-31","","","false","false","true"
"chabad","shabbat-mincha","1","tamid","korbanot","פרשת התמיד","Siddur Tehillat Hashem, The Afternoon Prayers for Shabbat, Mincha for Shabbat","0-5","","","false","false","false"
"chabad","shabbat-mincha","2","ketoret","ketoret","פטום הקטרת","Siddur Tehillat Hashem, The Afternoon Prayers for Shabbat, Mincha for Shabbat","6-21","","","false","false","false"
"chabad","shabbat-mincha","3","ana-bekoach","korbanot","אנא בכח","Siddur Tehillat Hashem, The Afternoon Prayers for Shabbat, Mincha for Shabbat","22-31","","","false","false","false"
"chabad","shabbat-mincha","4","ashrei","ashrei","אשרי","Siddur Tehillat Hashem, The Afternoon Prayers for Shabbat, Mincha for Shabbat","32-54","","","true","false","false"
"chabad","shabbat-mincha","5","uva-letzion","uva-letzion","ובא לציון","Siddur Tehillat Hashem, The Afternoon Prayers for Shabbat, Mincha for Shabbat","55-56","","","true","false","false"
"chabad","shabbat-mincha","6","half-kaddish","half-kaddish","חצי קדיש","Siddur Tehillat Hashem, The Afternoon Prayers for Shabbat, Mincha for Shabbat","57-60","","minyan","true","false","false"
"chabad","shabbat-mincha","7","vaani-tefilati","torah-service","ואני תפלתי","Siddur Tehillat Hashem, The Afternoon Prayers for Shabbat, Mincha for Shabbat","61-62","","","false","false","false"
"chabad","shabbat-mincha","8","hotzaat-sefer-torah","torah-service","הוצאת ספר תורה","Siddur Tehillat Hashem, The Afternoon Prayers for Shabbat, Order of the Torah Reading","0-8","shabbat","","false","false","false"
"chabad","shabbat-mincha","9","torah-reading","torah-reading","קריאת התורה","Siddur Tehillat Hashem, The Afternoon Prayers for Shabbat, Order of the Torah Reading","9-30","shabbat","","true","false","false"
"chabad","shabbat-mincha","10","hagbaha","torah-reading","הגבהת התורה","Siddur Tehillat Hashem, The Afternoon Prayers for Shabbat, Order of the Torah Reading","31-34","shabbat","","true","false","false"
"chabad","shabbat-mincha","11","half-kaddish-torah","half-kaddish","חצי קדיש","Siddur Tehillat Hashem, The Afternoon Prayers for Shabbat, Order of the Torah Reading","35-38","shabbat","minyan","true","false","false"
"chabad","shabbat-mincha","12","yehalelu","return-torah","הכנסת ספר תורה","Siddur Tehillat Hashem, The Afternoon Prayers for Shabbat, Order of the Torah Reading","39-42","shabbat","","false","false","false"
"chabad","shabbat-mincha","13","sefatai","amidah","אדני שפתי תפתח","Siddur Tehillat Hashem, The Afternoon Prayers for Shabbat, Shemoneh Esrei – The Amidah","0-1","","","true","false","false"
"chabad","shabbat-mincha","14","avot","amidah","ברכת אבות","Siddur Tehillat Hashem, The Afternoon Prayers for Shabbat, Shemoneh Esrei – The Amidah","2-5","","","true","false","false"
"chabad","shabbat-mincha","15","avot-aseret","amidah","זכרנו לחיים","Siddur Tehillat Hashem, The Afternoon Prayers for Shabbat, Shemoneh Esrei – The Amidah","6-7","aseret","","true","false","false"
"chabad","shabbat-mincha","16","avot-end","amidah","","Siddur Tehillat Hashem, The Afternoon Prayers for Shabbat, Shemoneh Esrei – The Amidah","8-9","","","true","false","false"
"chabad","shabbat-mincha","17","gevurot","amidah","גבורות","Siddur Tehillat Hashem, The Afternoon Prayers for Shabbat, Shemoneh Esrei – The Amidah","10-12","","","true","false","false"
"chabad","shabbat-mincha","18","gevurot-summer","amidah","מוריד הטל","Siddur Tehillat Hashem, The Afternoon Prayers for Shabbat, Shemoneh Esrei – The Amidah","13-14","summer","","true","false","false"
"chabad","shabbat-mincha","19","gevurot-winter","amidah","משיב הרוח ומוריד הגשם","Siddur Tehillat Hashem, The Afternoon Prayers for Shabbat, Shemoneh Esrei – The Amidah","15-16","winter","","true","false","false"
"chabad","shabbat-mincha","20","gevurot-mid","amidah","","Siddur Tehillat Hashem, The Afternoon Prayers for Shabbat, Shemoneh Esrei – The Amidah","17-17","","","true","false","false"
"chabad","shabbat-mincha","21","gevurot-aseret","amidah","מי כמוך אב הרחמן","Siddur Tehillat Hashem, The Afternoon Prayers for Shabbat, Shemoneh Esrei – The Amidah","18-19","aseret","","true","false","false"
"chabad","shabbat-mincha","22","gevurot-end","amidah","","Siddur Tehillat Hashem, The Afternoon Prayers for Shabbat, Shemoneh Esrei – The Amidah","20-20","","","true","false","false"
"chabad","shabbat-mincha","23","kedusha","kedusha","קדושה","Siddur Tehillat Hashem, The Afternoon Prayers for Shabbat, Shemoneh Esrei – The Amidah","21-36","","repetition","false","false","false"
"chabad","shabbat-mincha","24","kedushat-hashem","amidah","קדושת השם","Siddur Tehillat Hashem, The Afternoon Prayers for Shabbat, Shemoneh Esrei – The Amidah","37-40","","","true","false","false"
"chabad","shabbat-mincha","25","kedushat-hayom","amidah","אתה אחד","Siddur Tehillat Hashem, The Afternoon Prayers for Shabbat, Shemoneh Esrei – The Amidah","41-44","","","true","false","false"
"chabad","shabbat-mincha","26","retze","amidah","רצה","Siddur Tehillat Hashem, The Afternoon Prayers for Shabbat, Shemoneh Esrei – The Amidah","45-47","","","true","false","false"
"chabad","shabbat-mincha","27","yaale-veyavo","amidah","יעלה ויבוא","Siddur Tehillat Hashem, The Afternoon Prayers for Shabbat, Shemoneh Esrei – The Amidah","48-49","roshChodesh|cholHamoed","","true","false","false"
"chabad","shabbat-mincha","28","yaale-rc","amidah","","Siddur Tehillat Hashem, The Afternoon Prayers for Shabbat, Shemoneh Esrei – The Amidah","50-51","roshChodesh","","true","false","false"
"chabad","shabbat-mincha","29","yaale-pesach","amidah","","Siddur Tehillat Hashem, The Afternoon Prayers for Shabbat, Shemoneh Esrei – The Amidah","52-53","cholHamoed&pesach","","true","false","false"
"chabad","shabbat-mincha","30","yaale-sukkot","amidah","","Siddur Tehillat Hashem, The Afternoon Prayers for Shabbat, Shemoneh Esrei – The Amidah","54-55","cholHamoed&sukkot","","true","false","false"
"chabad","shabbat-mincha","31","yaale-end","amidah","","Siddur Tehillat Hashem, The Afternoon Prayers for Shabbat, Shemoneh Esrei – The Amidah","56-56","roshChodesh|cholHamoed","","true","false","false"
"chabad","shabbat-mincha","32","retze-end","amidah","","Siddur Tehillat Hashem, The Afternoon Prayers for Shabbat, Shemoneh Esrei – The Amidah","57-57","","","true","false","false"
"chabad","shabbat-mincha","33","modim","amidah","מודים","Siddur Tehillat Hashem, The Afternoon Prayers for Shabbat, Shemoneh Esrei – The Amidah","58-61","","","true","false","false"
"chabad","shabbat-mincha","34","al-hanisim","amidah","על הנסים","Siddur Tehillat Hashem, The Afternoon Prayers for Shabbat, Shemoneh Esrei – The Amidah","62-65","chanukah","","true","false","false"
"chabad","shabbat-mincha","35","modim-end","amidah","","Siddur Tehillat Hashem, The Afternoon Prayers for Shabbat, Shemoneh Esrei – The Amidah","66-66","","","true","false","false"
"chabad","shabbat-mincha","36","modim-aseret","amidah","וכתוב לחיים","Siddur Tehillat Hashem, The Afternoon Prayers for Shabbat, Shemoneh Esrei – The Amidah","67-68","aseret","","true","false","false"
"chabad","shabbat-mincha","37","modim-end-2","amidah","","Siddur Tehillat Hashem, The Afternoon Prayers for Shabbat, Shemoneh Esrei – The Amidah","69-70","","","true","false","false"
"chabad","shabbat-mincha","38","sim-shalom","amidah","שים שלום","Siddur Tehillat Hashem, The Afternoon Prayers for Shabbat, Shemoneh Esrei – The Amidah","71-73","","","true","false","false"
"chabad","shabbat-mincha","39","shalom-aseret","amidah","ובספר חיים","Siddur Tehillat Hashem, The Afternoon Prayers for Shabbat, Shemoneh Esrei – The Amidah","74-75","aseret","","true","false","false"
"chabad","shabbat-mincha","40","shalom-end","amidah","","Siddur Tehillat Hashem, The Afternoon Prayers for Shabbat, Shemoneh Esrei – The Amidah","76-77","","","true","false","false"
"chabad","shabbat-mincha","41","elokai-netzor","elokai-netzor","אלהי נצור","Siddur Tehillat Hashem, The Afternoon Prayers for Shabbat, Shemoneh Esrei – The Amidah","78-83","","","false","false","false"
"chabad","shabbat-mincha","42","tzidkatcha","tzidkatcha","צדקתך","Siddur Tehillat Hashem, The Afternoon Prayers for Shabbat, Shemoneh Esrei – The Amidah","84-86","tachanunIfWeekday","","false","false","false"
"chabad","shabbat-mincha","43","musaf-before-kaddish","","","Siddur Tehillat Hashem, Shacharit and Musaf for Shabbat and Festivals, Musaf Amidah for Shabbat and Rosh Chodesh","0-93","","","false","true","false"
"chabad","shabbat-mincha","44","kaddish-titkabal","kaddish-titkabal","קדיש תתקבל","Siddur Tehillat Hashem, Shacharit and Musaf for Shabbat and Festivals, Musaf Amidah for Shabbat and Rosh Chodesh","94-103","","minyan","true","false","false"
"chabad","shabbat-mincha","45","musaf-after-kaddish","","","Siddur Tehillat Hashem, Shacharit and Musaf for Shabbat and Festivals, Musaf Amidah for Shabbat and Rosh Chodesh","104-148","","","false","true","false"
"chabad","shabbat-mincha","46","aleinu","aleinu","עלינו לשבח","Siddur Tehillat Hashem, The Afternoon Prayers for Shabbat, Shemoneh Esrei – The Amidah","87-89","","","true","false","false"
"chabad","shabbat-mincha","47","kaddish-yatom","kaddish-yatom","קדיש יתום","Siddur Tehillat Hashem, The Afternoon Prayers for Shabbat, Shemoneh Esrei – The Amidah","90-97","","mourners","false","false","false"
"chabad","shabbat-mincha","48","al-tira","closing-passages","אל תירא","Siddur Tehillat Hashem, The Afternoon Prayers for Shabbat, Shemoneh Esrei – The Amidah","98-100","","","false","false","false"
"chabad","havdalah","1","hine-el","havdalah","הנה אל ישועתי","Siddur Tehillat Hashem, The Shabbat Book, Havdalah","0-5","","","true","false","true"
"chabad","havdalah","2","havdalah","havdalah","הבדלה","Siddur Tehillat Hashem, The Shabbat Book, Havdalah","6-15","","","true","false","true"
"chabad","havdalah","3","vayiten-lecha","motzaei-shabbat","ויתן לך","Siddur Tehillat Hashem, The Shabbat Book, For the Conclusion of Shabbat","0-5","","","false","false","true"
"chabad","birkat-hamazon","1","al-naharot","birkat-hamazon","על נהרות בבל","Weekday Siddur Chabad, Blessings, Birkat HaMazon","0-2","tachanun","","true","false","true"
"chabad","birkat-hamazon","2","shir-hamaalot","birkat-hamazon","שיר המעלות","Weekday Siddur Chabad, Blessings, Birkat HaMazon","3-5","!tachanun","","true","false","true"
"chabad","birkat-hamazon","3","avarcha","birkat-hamazon","אברכה את יי","Weekday Siddur Chabad, Blessings, Birkat HaMazon","6-6","","","true","false","true"
"chabad","birkat-hamazon","4","mayim-acharonim","birkat-hamazon","מים אחרונים","Weekday Siddur Chabad, Blessings, Birkat HaMazon","7-10","","","true","false","true"
"chabad","birkat-hamazon","5","zimun","birkat-hamazon","זימון","Weekday Siddur Chabad, Blessings, Birkat HaMazon","11-16","","","true","false","true"
"chabad","birkat-hamazon","6","hazan","birkat-hamazon","ברכת הזן","Weekday Siddur Chabad, Blessings, Birkat HaMazon","17-17","","","true","false","true"
"chabad","birkat-hamazon","7","nodeh","birkat-hamazon","ברכת הארץ","Weekday Siddur Chabad, Blessings, Birkat HaMazon","18-18","","","true","false","true"
"chabad","birkat-hamazon","8","al-hanisim","birkat-hamazon","על הנסים","Weekday Siddur Chabad, Blessings, Birkat HaMazon","19-20","chanukah|purim","","true","false","true"
"chabad","birkat-hamazon","9","al-hanisim-chanukah","birkat-hamazon","בימי מתתיהו","Weekday Siddur Chabad, Blessings, Birkat HaMazon","21-21","chanukah","","true","false","true"
"chabad","birkat-hamazon","10","al-hanisim-purim","birkat-hamazon","בימי מרדכי ואסתר","Weekday Siddur Chabad, Blessings, Birkat HaMazon","22-22","purim","","true","false","true"
"chabad","birkat-hamazon","11","veal-hakol","birkat-hamazon","","Weekday Siddur Chabad, Blessings, Birkat HaMazon","23-23","","","true","false","true"
"chabad","birkat-hamazon","12","rachem","birkat-hamazon","בונה ירושלים","Weekday Siddur Chabad, Blessings, Birkat HaMazon","24-24","","","true","false","true"
"chabad","birkat-hamazon","13","yaale-veyavo","birkat-hamazon","יעלה ויבוא","Weekday Siddur Chabad, Blessings, Birkat HaMazon","25-25","roshChodesh|cholHamoed","","true","false","true"
"chabad","birkat-hamazon","14","uvne","birkat-hamazon","","Weekday Siddur Chabad, Blessings, Birkat HaMazon","26-26","","","true","false","true"
"chabad","birkat-hamazon","15","hatov-vehametiv","birkat-hamazon","הטוב והמטיב · הרחמן","Weekday Siddur Chabad, Blessings, Birkat HaMazon","27-27","","","true","false","true"
"chabad","birkat-hamazon","16","harachaman","birkat-hamazon","","Weekday Siddur Chabad, Blessings, Birkat HaMazon","28-31","","","true","false","true"
"chabad","birkat-hamazon","17","yiru","birkat-hamazon","יראו את יי","Weekday Siddur Chabad, Blessings, Birkat HaMazon","32-32","","","true","false","true"
"chabad","hallel","1","hallel","hallel","הלל","Weekday Siddur Chabad, Hallel","0-4","","","true","false","true"
"chabad","hallel","2","lo-lanu","hallel","","Weekday Siddur Chabad, Hallel","5-5","fullHallel","","true","false","true"
"chabad","hallel","3","hashem-zecharanu","hallel","","Weekday Siddur Chabad, Hallel","6-7","","","true","false","true"
"chabad","hallel","4","ahavti","hallel","","Weekday Siddur Chabad, Hallel","8-8","fullHallel","","true","false","true"
"chabad","hallel","5","ma-ashiv","hallel","","Weekday Siddur Chabad, Hallel","9-21","","","true","false","true"
"chabad","hallel","6","veavraham-zaken","hallel","ואברהם זקן","Weekday Siddur Chabad, Hallel","22-24","roshChodesh","optional","true","false","true"
"chabad","hallel","7","hallel-after","hallel","אחר ההלל","Weekday Siddur Chabad, Hallel","25-27","","","true","false","true"
"chabad","rosh-chodesh-musaf","1","half-kaddish","half-kaddish","חצי קדיש","Weekday Siddur Chabad, Rosh Chodesh","0-1","","minyan","false","false","true"
"chabad","rosh-chodesh-musaf","2","avot","musaf","ברכת אבות","Weekday Siddur Chabad, Rosh Chodesh","2-3","","","true","false","true"
"chabad","rosh-chodesh-musaf","3","gevurot","musaf","גבורות","Weekday Siddur Chabad, Rosh Chodesh","4-6","","","true","false","true"
"chabad","rosh-chodesh-musaf","4","kedusha","kedusha","קדושה","Weekday Siddur Chabad, Rosh Chodesh","7-7","","repetition","false","false","true"
"chabad","rosh-chodesh-musaf","5","kedushat-hashem","musaf","קדושת השם","Weekday Siddur Chabad, Rosh Chodesh","8-8","","","true","false","true"
"chabad","rosh-chodesh-musaf","6","kedushat-hayom","musaf","ראשי חדשים","Weekday Siddur Chabad, Rosh Chodesh","9-12","","","true","false","true"
"chabad","rosh-chodesh-musaf","7","retze","musaf","רצה","Weekday Siddur Chabad, Rosh Chodesh","13-13","","","true","false","true"
"chabad","rosh-chodesh-musaf","8","modim","musaf","מודים","Weekday Siddur Chabad, Rosh Chodesh","14-14","","","true","false","true"
"chabad","rosh-chodesh-musaf","9","modim-derabanan","modim-derabanan","מודים דרבנן","Weekday Siddur Chabad, Rosh Chodesh","15-15","","repetition","false","false","true"
"chabad","rosh-chodesh-musaf","10","al-hanisim","musaf","על הנסים","Weekday Siddur Chabad, Rosh Chodesh","16-17","chanukah","","true","false","true"
"chabad","rosh-chodesh-musaf","11","modim-end","musaf","","Weekday Siddur Chabad, Rosh Chodesh","18-19","","","true","false","true"
"chabad","rosh-chodesh-musaf","12","birkat-kohanim","birkat-kohanim","ברכת כהנים","Weekday Siddur Chabad, Rosh Chodesh","20-20","","repetition","false","false","true"
"chabad","rosh-chodesh-musaf","13","sim-shalom","musaf","שים שלום","Weekday Siddur Chabad, Rosh Chodesh","21-22","","","true","false","true"
"chabad","rosh-chodesh-musaf","14","elokai-netzor","elokai-netzor","אלהי נצור","Weekday Siddur Chabad, Rosh Chodesh","23-25","","","false","false","true"
"chabad","rosh-chodesh-musaf","15","kaddish-titkabal","kaddish-titkabal","קדיש תתקבל","Weekday Siddur Chabad, Rosh Chodesh","26-30","","minyan","false","false","true"
"chabad","omer","1","omer-blessing","omer","ספירת העומר","Weekday Siddur Chabad, Sefirat HaOmer","0-1","","","true","false","true"
"chabad","omer","2","omer-count","omer","סדר הספירה","Weekday Siddur Chabad, Sefirat HaOmer","2-51","","","true","false","true"
"chabad","omer","3","omer-harachaman","omer","הרחמן","Weekday Siddur Chabad, Sefirat HaOmer","52-52","","","true","false","true"
"chabad","omer","4","omer-lamenatzeach","omer","למנצח בנגינות","Weekday Siddur Chabad, Sefirat HaOmer","53-53","","","true","false","true"
"chabad","omer","5","omer-ana-bekoach","omer","אנא בכח","Weekday Siddur Chabad, Sefirat HaOmer","54-54","","","true","false","true"
"chabad","omer","6","omer-ribono","omer","רבונו של עולם","Weekday Siddur Chabad, Sefirat HaOmer","55-55","","","true","false","true"
"chabad","festival-amidah","1","pesach-shavuot-sukkot","festival-amidah","אדני שפתי תפתח","Siddur Tehillat Hashem, Prayers for the Three Festivals, Amidah for the Three Festivals","0-2","","","true","false","false"
"chabad","festival-amidah","2","avot","festival-amidah","ברכת אבות","Siddur Tehillat Hashem, Prayers for the Three Festivals, Amidah for the Three Festivals","3-8","","","true","false","false"
"chabad","festival-amidah","3","gevurot","festival-amidah","גבורות","Siddur Tehillat Hashem, Prayers for the Three Festivals, Amidah for the Three Festivals","9-11","","","true","false","false"
"chabad","festival-amidah","4","gevurot-summer","festival-amidah","מוריד הטל","Siddur Tehillat Hashem, Prayers for the Three Festivals, Amidah for the Three Festivals","12-13","summer","","true","false","false"
"chabad","festival-amidah","5","gevurot-winter","festival-amidah","משיב הרוח ומוריד הגשם","Siddur Tehillat Hashem, Prayers for the Three Festivals, Amidah for the Three Festivals","14-15","winter","","true","false","false"
"chabad","festival-amidah","6","gevurot-end","festival-amidah","","Siddur Tehillat Hashem, Prayers for the Three Festivals, Amidah for the Three Festivals","16-16","","","true","false","false"
"chabad","festival-amidah","7","kedusha-shacharit","kedusha","קדושה לשחרית","Siddur Tehillat Hashem, Prayers for the Three Festivals, Amidah for the Three Festivals","17-31","","repetition","false","false","false"
"chabad","festival-amidah","8","kedusha-mincha","kedusha","קדושה למנחה","Siddur Tehillat Hashem, Prayers for the Three Festivals, Amidah for the Three Festivals","32-46","","repetition","false","false","false"
"chabad","festival-amidah","9","kedushat-hashem","festival-amidah","קדושת השם","Siddur Tehillat Hashem, Prayers for the Three Festivals, Amidah for the Three Festivals","47-49","","","true","false","false"
"chabad","festival-amidah","10","ata-bechartanu","festival-amidah","אתה בחרתנו","Siddur Tehillat Hashem, Prayers for the Three Festivals, Amidah for the Three Festivals","50-52","","","true","false","false"
"chabad","festival-amidah","11","vatodienu","festival-amidah","ותודיענו","Siddur Tehillat Hashem, Prayers for the Three Festivals, Amidah for the Three Festivals","53-54","motzaeiShabbat","","true","false","false"
"chabad","festival-amidah","12","vatiten","festival-amidah","","Siddur Tehillat Hashem, Prayers for the Three Festivals, Amidah for the Three Festivals","55-55","","","true","false","false"
"chabad","festival-amidah","13","vatiten-shabbat","festival-amidah","","Siddur Tehillat Hashem, Prayers for the Three Festivals, Amidah for the Three Festivals","56-56","shabbat","","true","false","false"
"chabad","festival-amidah","14","day-pesach","festival-amidah","","Siddur Tehillat Hashem, Prayers for the Three Festivals, Amidah for the Three Festivals","57-58","pesach","","true","false","false"
"chabad","festival-amidah","15","day-shavuot","festival-amidah","","Siddur Tehillat Hashem, Prayers for the Three Festivals, Amidah for the Three Festivals","59-60","shavuot","","true","false","false"
"chabad","festival-amidah","16","day-sukkot","festival-amidah","","Siddur Tehillat Hashem, Prayers for the Three Festivals, Amidah for the Three Festivals","61-62","sukkot","","true","false","false"
"chabad","festival-amidah","17","day-sheminiAtzeret","festival-amidah","","Siddur Tehillat Hashem, Prayers for the Three Festivals, Amidah for the Three Festivals","63-64","sheminiAtzeret","","true","false","false"
"chabad","festival-amidah","18","mikra-kodesh","festival-amidah","","Siddur Tehillat Hashem, Prayers for the Three Festivals, Amidah for the Three Festivals","65-65","","","true","false","false"
"chabad","festival-amidah","19","yaale-veyavo","festival-amidah","יעלה ויבוא","Siddur Tehillat Hashem, Prayers for the Three Festivals, Amidah for the Three Festivals","66-66","","","true","false","false"
"chabad","festival-amidah","20","yaale-shabbat","festival-amidah","","Siddur Tehillat Hashem, Prayers for the Three Festivals, Amidah for the Three Festivals","67-67","shabbat","","true","false","false"
"chabad","festival-amidah","21","yaale-pesach","festival-amidah","","Siddur Tehillat Hashem, Prayers for the Three Festivals, Amidah for the Three Festivals","68-69","pesach","","true","false","false"
"chabad","festival-amidah","22","yaale-shavuot","festival-amidah","","Siddur Tehillat Hashem, Prayers for the Three Festivals, Amidah for the Three Festivals","70-71","shavuot","","true","false","false"
"chabad","festival-amidah","23","yaale-sukkot","festival-amidah","","Siddur Tehillat Hashem, Prayers for the Three Festivals, Amidah for the Three Festivals","72-73","sukkot","","true","false","false"
"chabad","festival-amidah","24","yaale-sheminiAtzeret","festival-amidah","","Siddur Tehillat Hashem, Prayers for the Three Festivals, Amidah for the Three Festivals","74-75","sheminiAtzeret","","true","false","false"
"chabad","festival-amidah","25","yaale-end","festival-amidah","","Siddur Tehillat Hashem, Prayers for the Three Festivals, Amidah for the Three Festivals","76-76","","","true","false","false"
"chabad","festival-amidah","26","vehasienu","festival-amidah","והשיאנו","Siddur Tehillat Hashem, Prayers for the Three Festivals, Amidah for the Three Festivals","77-77","","","true","false","false"
"chabad","festival-amidah","27","retze","festival-amidah","רצה","Siddur Tehillat Hashem, Prayers for the Three Festivals, Amidah for the Three Festivals","78-81","","","true","false","false"
"chabad","festival-amidah","28","modim","festival-amidah","מודים","Siddur Tehillat Hashem, Prayers for the Three Festivals, Amidah for the Three Festivals","82-88","","","true","false","false"
"chabad","festival-amidah","29","birkat-kohanim","birkat-kohanim","ברכת כהנים","Siddur Tehillat Hashem, Prayers for the Three Festivals, Amidah for the Three Festivals","89-94","","repetition","false","false","false"
"chabad","festival-amidah","30","sim-shalom","festival-amidah","שים שלום","Siddur Tehillat Hashem, Prayers for the Three Festivals, Amidah for the Three Festivals","95-100","","","true","false","false"
"chabad","festival-amidah","31","elokai-netzor","elokai-netzor","אלהי נצור","Siddur Tehillat Hashem, Prayers for the Three Festivals, Amidah for the Three Festivals","101-106","","","false","false","false"
"chabad","festival-amidah","32","after-amidah","festival-amidah","אחר העמידה","Siddur Tehillat Hashem, Prayers for the Three Festivals, Amidah for the Three Festivals","107-116","","","true","false","false"
"chabad","festival-musaf","1","sefatai","musaf","אדני שפתי תפתח","Siddur Tehillat Hashem, Prayers for the Three Festivals, Musaf for the Three Festivals","0-2","","","true","false","false"
"chabad","festival-musaf","2","avot","musaf","ברכת אבות","Siddur Tehillat Hashem, Prayers for the Three Festivals, Musaf for the Three Festivals","3-8","","","true","false","false"
"chabad","festival-musaf","3","gevurot","musaf","גבורות","Siddur Tehillat Hashem, Prayers for the Three Festivals, Musaf for the Three Festivals","9-11","","","true","false","false"
"chabad","festival-musaf","4","gevurot-summer","musaf","מוריד הטל","Siddur Tehillat Hashem, Prayers for the Three Festivals, Musaf for the Three Festivals","12-13","summer","","true","false","false"
"chabad","festival-musaf","5","gevurot-winter","musaf","משיב הרוח ומוריד הגשם","Siddur Tehillat Hashem, Prayers for the Three Festivals, Musaf for the Three Festivals","14-15","winter","","true","false","false"
"chabad","festival-musaf","6","gevurot-end","musaf","","Siddur Tehillat Hashem, Prayers for the Three Festivals, Musaf for the Three Festivals","16-16","","","true","false","false"
"chabad","festival-musaf","7","tal","musaf","תפלת טל","Siddur Tehillat Hashem, Prayers for the Three Festivals, Musaf for the First Day of Pesach","0-29","pesach&yomTov","repetition","true","false","false"
"chabad","festival-musaf","8","geshem","musaf","תפלת גשם","Siddur Tehillat Hashem, Prayers for the Three Festivals, Musaf for Shemini Atzeret","0-35","sheminiAtzeret","repetition","true","false","false"
"chabad","festival-musaf","9","kedusha","kedusha","קדושה לשבת ויום טוב","Siddur Tehillat Hashem, Prayers for the Three Festivals, Musaf for the Three Festivals","17-35","yomTov|shabbat","repetition","false","false","false"
"chabad","festival-musaf","10","kedusha-chm","kedusha","קדושה לחול המועד","Siddur Tehillat Hashem, Prayers for the Three Festivals, Musaf for the Three Festivals","36-53","cholHamoed&!shabbat","repetition","false","false","false"
"chabad","festival-musaf","11","kedushat-hashem","musaf","קדושת השם","Siddur Tehillat Hashem, Prayers for the Three Festivals, Musaf for the Three Festivals","54-57","","","true","false","false"
"chabad","festival-musaf","12","ata-bechartanu","musaf","אתה בחרתנו","Siddur Tehillat Hashem, Prayers for the Three Festivals, Musaf for the Three Festivals","58-61","","","true","false","false"
"chabad","festival-musaf","13","vatiten-shabbat","musaf","","Siddur Tehillat Hashem, Prayers for the Three Festivals, Musaf for the Three Festivals","62-62","shabbat","","true","false","false"
"chabad","festival-musaf","14","day-note","musaf","","Siddur Tehillat Hashem, Prayers for the Three Festivals, Musaf for the Three Festivals","63-63","","","true","false","false"
"chabad","festival-musaf","15","day-pesach","musaf","","Siddur Tehillat Hashem, Prayers for the Three Festivals, Musaf for the Three Festivals","64-65","pesach","","true","false","false"
"chabad","festival-musaf","16","day-shavuot","musaf","","Siddur Tehillat Hashem, Prayers for the Three Festivals, Musaf for the Three Festivals","66-67","shavuot","","true","false","false"
"chabad","festival-musaf","17","day-sukkot","musaf","","Siddur Tehillat Hashem, Prayers for the Three Festivals, Musaf for the Three Festivals","68-69","sukkot","","true","false","false"
"chabad","festival-musaf","18","day-shemini-atzeret","musaf","","Siddur Tehillat Hashem, Prayers for the Three Festivals, Musaf for the Three Festivals","70-71","sheminiAtzeret","","true","false","false"
"chabad","festival-musaf","19","umipnei-chataeinu","musaf","ומפני חטאינו","Siddur Tehillat Hashem, Prayers for the Three Festivals, Musaf for the Three Festivals","72-73","","","true","false","false"
"chabad","festival-musaf","20","musaf-pesach","musaf","","Siddur Tehillat Hashem, Prayers for the Three Festivals, Musaf for the Three Festivals","74-75","pesach","","true","false","false"
"chabad","festival-musaf","21","musaf-shavuot","musaf","","Siddur Tehillat Hashem, Prayers for the Three Festivals, Musaf for the Three Festivals","76-77","shavuot","","true","false","false"
"chabad","festival-musaf","22","musaf-sukkot","musaf","","Siddur Tehillat Hashem, Prayers for the Three Festivals, Musaf for the Three Festivals","78-79","sukkot","","true","false","false"
"chabad","festival-musaf","23","musaf-shemini-atzeret","musaf","","Siddur Tehillat Hashem, Prayers for the Three Festivals, Musaf for the Three Festivals","80-81","sheminiAtzeret","","true","false","false"
"chabad","festival-musaf","24","naase-venakriv","musaf","","Siddur Tehillat Hashem, Prayers for the Three Festivals, Musaf for the Three Festivals","82-83","","","true","false","false"
"chabad","festival-musaf","25","korbanot-shabbat","musaf","וביום השבת","Siddur Tehillat Hashem, Prayers for the Three Festivals, Musaf for the Three Festivals","84-85","shabbat","","true","false","false"
"chabad","festival-musaf","26","korbanot-pesach-first","musaf","קרבנות היום","Siddur Tehillat Hashem, Prayers for the Three Festivals, Musaf for the Three Festivals","86-88","pesach&yomTov","","true","false","false"
"chabad","festival-musaf","27","korbanot-pesach-rest","musaf","קרבנות היום","Siddur Tehillat Hashem, Prayers for the Three Festivals, Musaf for the Three Festivals","89-91","pesach","","true","false","false"
"chabad","festival-musaf","28","korbanot-shavuot","musaf","קרבנות היום","Siddur Tehillat Hashem, Prayers for the Three Festivals, Musaf for the Three Festivals","92-94","shavuot","","true","false","false"
"chabad","festival-musaf","29","korbanot-sukkot-first","musaf","קרבנות היום","Siddur Tehillat Hashem, Prayers for the Three Festivals, Musaf for the Three Festivals","95-97","sukkot&yomTov","","true","false","false"
"chabad","festival-musaf","30","korbanot-sukkot-chm-1","musaf","קרבנות היום","Siddur Tehillat Hashem, Prayers for the Three Festivals, Musaf for the Three Festivals","98-100","sukkot&cholHamoed","","true","false","false"
"chabad","festival-musaf","31","korbanot-sukkot-chm-2","musaf","קרבנות היום","Siddur Tehillat Hashem, Prayers for the Three Festivals, Musaf for the Three Festivals","101-103","sukkot&cholHamoed","","true","false","false"
"chabad","festival-musaf","32","korbanot-sukkot-chm-3","musaf","קרבנות היום","Siddur Tehillat Hashem, Prayers for the Three Festivals, Musaf for the Three Festivals","104-106","sukkot&cholHamoed","","true","false","false"
"chabad","festival-musaf","33","korbanot-sukkot-chm-4","musaf","קרבנות היום","Siddur Tehillat Hashem, Prayers for the Three Festivals, Musaf for the Three Festivals","107-109","sukkot&cholHamoed","","true","false","false"
"chabad","festival-musaf","34","korbanot-hoshana-rabbah","musaf","קרבנות היום","Siddur Tehillat Hashem, Prayers for the Three Festivals, Musaf for the Three Festivals","110-112","hoshanaRabbah","","true","false","false"
"chabad","festival-musaf","35","korbanot-shemini-atzeret","musaf","קרבנות היום","Siddur Tehillat Hashem, Prayers for the Three Festivals, Musaf for the Three Festivals","113-115","sheminiAtzeret","","true","false","false"
"chabad","festival-musaf","36","yismechu","musaf","ישמחו במלכותך","Siddur Tehillat Hashem, Prayers for the Three Festivals, Musaf for the Three Festivals","116-117","shabbat","","true","false","false"
"chabad","festival-musaf","37","melech-rachaman","musaf","מלך רחמן","Siddur Tehillat Hashem, Prayers for the Three Festivals, Musaf for the Three Festivals","118-118","","","true","false","false"
"chabad","festival-musaf","38","vehasienu","musaf","והשיאנו","Siddur Tehillat Hashem, Prayers for the Three Festivals, Musaf for the Three Festivals","119-120","","","true","false","false"
"chabad","festival-musaf","39","retze","musaf","רצה","Siddur Tehillat Hashem, Prayers for the Three Festivals, Musaf for the Three Festivals","121-122","","","true","false","false"
"chabad","festival-musaf","40","modim","musaf","מודים","Siddur Tehillat Hashem, Prayers for the Three Festivals, Musaf for the Three Festivals","123-129","","","true","false","false"
"chabad","festival-musaf","41","nesiat-kapayim","birkat-kohanim","ברכת כהנים · נשיאת כפים","Siddur Tehillat Hashem, Prayers for the Three Festivals, The Priestly Blessing","0-28","yomTov","repetition","false","false","false"
"chabad","festival-musaf","42","birkat-kohanim","birkat-kohanim","ברכת כהנים","Siddur Tehillat Hashem, Prayers for the Three Festivals, Musaf for the Three Festivals","130-136","","repetition","false","false","false"
"chabad","festival-musaf","43","sim-shalom","musaf","שים שלום","Siddur Tehillat Hashem, Prayers for the Three Festivals, Musaf for the Three Festivals","137-142","","","true","false","false"
"chabad","festival-musaf","44","elokai-netzor","elokai-netzor","אלהי נצור","Siddur Tehillat Hashem, Prayers for the Three Festivals, Musaf for the Three Festivals","143-148","","","false","false","false"
"chabad","festival-musaf","45","after-amidah","musaf","אחר העמידה","Siddur Tehillat Hashem, Prayers for the Three Festivals, Musaf for the Three Festivals","149-150","","","true","false","false"
