abbreviation	group	tokens	agreement	readings [sources; written-out count]
כמ״ש	kabbalah	24146	CONFLICT_WITH_EXISTING	existing: כל מה שאפשר / כמו שכתוב | open sources: כמו שנתבאר [ben-yehuda-rt; REVIEW→CONFIRMED: 1 source; context 0.44; written out 256× in kabbalah]
כמ״ש	rabbinic	17103	CONFLICT_WITH_EXISTING	existing: כל מה שאפשר / כמו שכתוב | open sources: כמו שנתבאר [ben-yehuda-rt; REVIEW→CONFIRMED: 1 source; context 0.44; written out 2143× in rabbinic]
ב״י	rabbinic	6519	CONFLICT_WITH_EXISTING	existing: בן ישראל / בני ישראל | open sources: בית יוסף [ben-yehuda-rt+he-wiktionary; MEDIUM-HIGH: 2 sources; context 0.88; written out 1208× in rabbinic]
פ״ק	rabbinic	3134	CONFLICT_WITH_EXISTING	existing: פקודת קבע / פרופיל קרבי | open sources: פרק קמא [ben-yehuda-rt; REVIEW→CONFIRMED: 1 source; context 0.88; written out 702× in rabbinic]
הו״ל	rabbinic	2216	CONFLICT_WITH_EXISTING	existing: הובא לדפוס / הוציא לאור | open sources: הוה ליה [ben-yehuda-rt; REVIEW→CONFIRMED: 1 source; context 0.47; written out 1750× in rabbinic]
תוס׳	rabbinic	2068	CONFLICT_WITH_EXISTING	existing: תוספתא | open sources: תוספות [ben-yehuda-rt; REVIEW→CONFIRMED: 1 source; context 0.48; written out 1157× in rabbinic]
עי״ש	rabbinic	1650	CONFLICT_WITH_EXISTING	existing: עיין שם: על ידי שליח | open sources: עיין שם [ben-yehuda-rt; REVIEW→CONFIRMED: 1 source; context 0.52; written out 1518× in rabbinic]
רשב״א	rabbinic	839	CONFLICT_WITH_EXISTING	existing: ר׳ שמעון בן אלעזר | open sources: רבי שמעון בן אלעזר [he-wiktionary; REVIEW→CONFIRMED: 1 source; context 0.44; written out 163× in rabbinic]
הכ״מ	rabbinic	812	CONFLICT_WITH_EXISTING	existing: הריני כפרת משכבו | open sources: הכסף משנה [ben-yehuda-rt; REVIEW→CONFIRMED: 1 source; context 0.69; written out 92× in rabbinic]
רשב״י	rabbinic	606	CONFLICT_WITH_EXISTING	existing: ר׳ שמעון בן יוחאי | open sources: רבי שמעון בר יוחאי [he-wiktionary; REVIEW→CONFIRMED: 1 source; context 0.43; written out 74× in rabbinic]
עי״ש	kabbalah	481	CONFLICT_WITH_EXISTING	existing: עיין שם: על ידי שליח | open sources: עיין שם [ben-yehuda-rt; REVIEW→CONFIRMED: 1 source; context 0.52; written out 1804× in kabbalah]
פ״ק	talmud	428	CONFLICT_WITH_EXISTING	existing: פקודת קבע / פרופיל קרבי | open sources: פרק קמא [ben-yehuda-rt; REVIEW→CONFIRMED: 1 source; context 0.88; written out 121× in talmud]
כ״צ	rabbinic	363	CONFLICT_WITH_EXISTING	existing: כהן צדק | open sources: כל צרכו [ben-yehuda-rt; REVIEW→CONFIRMED: 1 source; context 0.44; written out 519× in rabbinic]
א״ק	kabbalah	340	CONFLICT_WITH_EXISTING	existing: אגב קרקע / אמר קרא | open sources: אדם קדמון [ben-yehuda-rt; REVIEW→CONFIRMED: 1 source; context 0.28; written out 76× in kabbalah]
תוס׳	kabbalah	326	CONFLICT_WITH_EXISTING	existing: תוספתא | open sources: תוספות [ben-yehuda-rt; REVIEW→CONFIRMED: 1 source; context 0.48; written out 423× in kabbalah]
בה״מ	rabbinic	325	CONFLICT_WITH_EXISTING	existing: וצ״ג בהפסד מרובה וצורך גדול | open sources: ברכת המזון [ben-yehuda-rt+he-wiktionary; MEDIUM-HIGH: 2 sources; context 0.65; written out 1262× in rabbinic]
רשב״י	kabbalah	307	CONFLICT_WITH_EXISTING	existing: ר׳ שמעון בן יוחאי | open sources: רבי שמעון בר יוחאי [he-wiktionary; REVIEW→CONFIRMED: 1 source; context 0.43; written out 25× in kabbalah]
במד״ר	kabbalah	266	CONFLICT_WITH_EXISTING	existing: במדבר רבה | open sources: במדרש רבה [ben-yehuda-rt; REVIEW→CONFIRMED: 1 source; context 0.54; written out 401× in kabbalah]
זא״ז	rabbinic	265	CONFLICT_WITH_EXISTING	existing: זה אחר זה, זה את זה | open sources: זה אל זה [ben-yehuda-rt; REVIEW→CONFIRMED: 1 source; context 0.29; written out 208× in rabbinic]
ח״ה	rabbinic	263	CONFLICT_WITH_EXISTING	existing: חידושי הלכות / חילול השם | open sources: חזקת הבתים [ben-yehuda-rt; REVIEW→CONFIRMED: 1 source; context 0.44; written out 308× in rabbinic]
ד״ז	rabbinic	242	CONFLICT_WITH_EXISTING	existing: דבר זה | open sources: דרך זה [ben-yehuda-rt; REVIEW→CONFIRMED: 1 source; context 0.79; written out 497× in rabbinic]
בכ״ז	rabbinic	221	CONFLICT_WITH_EXISTING	existing: בכל זאת | open sources: בכל זמן [ben-yehuda-rt; REVIEW→CONFIRMED: 1 source; context 0.32; written out 284× in rabbinic]
תוס׳	talmud	193	CONFLICT_WITH_EXISTING	existing: תוספתא | open sources: תוספות [ben-yehuda-rt; REVIEW→CONFIRMED: 1 source; context 0.48; written out 73× in talmud]
נ״כ	rabbinic	172	CONFLICT_WITH_EXISTING	existing: נביאים כתובים | open sources: נשיאת כפים [ben-yehuda-rt; REVIEW→CONFIRMED: 1 source; context 0.38; written out 143× in rabbinic]
ד״ז	kabbalah	159	CONFLICT_WITH_EXISTING	existing: דבר זה | open sources: דרך זה [ben-yehuda-rt; REVIEW→CONFIRMED: 1 source; context 0.79; written out 470× in kabbalah]
רשב״א	talmud	120	CONFLICT_WITH_EXISTING	existing: ר׳ שמעון בן אלעזר | open sources: רבי שמעון בן אלעזר [he-wiktionary; REVIEW→CONFIRMED: 1 source; context 0.44; written out 237× in talmud]
פ״ק	kabbalah	112	CONFLICT_WITH_EXISTING	existing: פקודת קבע / פרופיל קרבי | open sources: פרק קמא [ben-yehuda-rt; REVIEW→CONFIRMED: 1 source; context 0.88; written out 122× in kabbalah]
אה״ר	kabbalah	105	CONFLICT_WITH_EXISTING	existing: אדם הראשון | open sources: אהבה רבה [ben-yehuda-rt; REVIEW→CONFIRMED: 1 source; context 0.67; written out 212× in kabbalah]
ריב״ז	rabbinic	100	CONFLICT_WITH_EXISTING	existing: ר׳ יוחנן בן זכאי | open sources: רבן יוחנן בן זכאי [he-wiktionary; REVIEW→CONFIRMED: 1 source; context 0.72; written out 232× in rabbinic]
בנט״י	rabbinic	94	CONFLICT_WITH_EXISTING	existing: ברכת נטילת ידים | open sources: בנטילת ידים [ben-yehuda-rt; REVIEW→CONFIRMED: 1 source; context 0.71; written out 123× in rabbinic]
דו״ח	rabbinic	89	CONFLICT_WITH_EXISTING	existing: דין וחשבון | open sources: דרישה וחקירה [ben-yehuda-rt; REVIEW→CONFIRMED: 1 source; context 0.67; written out 209× in rabbinic]
זא״ז	kabbalah	86	CONFLICT_WITH_EXISTING	existing: זה אחר זה, זה את זה | open sources: זה אל זה [ben-yehuda-rt; REVIEW→CONFIRMED: 1 source; context 0.29; written out 97× in kabbalah]
לב״ע	rabbinic	85	CONFLICT_WITH_EXISTING	existing: לבריאת עולם | open sources: לבית עולמו [ben-yehuda-rt; REVIEW→CONFIRMED: 1 source; context 0.77; written out 93× in rabbinic]
בכ״ז	kabbalah	84	CONFLICT_WITH_EXISTING	existing: בכל זאת | open sources: בכל זמן [ben-yehuda-rt; REVIEW→CONFIRMED: 1 source; context 0.32; written out 111× in kabbalah]
הו״ל	kabbalah	82	CONFLICT_WITH_EXISTING	existing: הובא לדפוס / הוציא לאור | open sources: הוה ליה [ben-yehuda-rt; REVIEW→CONFIRMED: 1 source; context 0.47; written out 475× in kabbalah]
רשב״ל	rabbinic	81	CONFLICT_WITH_EXISTING	existing: ר׳ שמעון בן לקיש | open sources: רבי שמעון בן לקיש [he-wiktionary; REVIEW→CONFIRMED: 1 source; context 0.75; written out 321× in rabbinic]
הו״ר	rabbinic	80	CONFLICT_WITH_EXISTING	existing: הושענה רבה | open sources: הושענא רבה [ben-yehuda-rt; REVIEW→CONFIRMED: 1 source; context 0.52; written out 50× in rabbinic]
רשב״ל	talmud	77	CONFLICT_WITH_EXISTING	existing: ר׳ שמעון בן לקיש | open sources: רבי שמעון בן לקיש [he-wiktionary; REVIEW→CONFIRMED: 1 source; context 0.75; written out 746× in talmud]
שז״ל	rabbinic	70	CONFLICT_WITH_EXISTING	existing: שפיכת זרע לבטלה | open sources: שכבת זרע לבטלה [ben-yehuda-rt; REVIEW→CONFIRMED: 1 source; context 0.57; written out 63× in rabbinic]
קה״ר	kabbalah	65	CONFLICT_WITH_EXISTING	existing: קוהלת רבה | open sources: קהלת רבה [he-wiktionary; REVIEW→CONFIRMED: 1 source; context 0.64; written out 29× in kabbalah]
ריב״ז	kabbalah	64	CONFLICT_WITH_EXISTING	existing: ר׳ יוחנן בן זכאי | open sources: רבן יוחנן בן זכאי [he-wiktionary; REVIEW→CONFIRMED: 1 source; context 0.72; written out 13× in kabbalah]
הו״ל	talmud	63	CONFLICT_WITH_EXISTING	existing: הובא לדפוס / הוציא לאור | open sources: הוה ליה [ben-yehuda-rt; REVIEW→CONFIRMED: 1 source; context 0.47; written out 1720× in talmud]
קה״ר	rabbinic	54	CONFLICT_WITH_EXISTING	existing: קוהלת רבה | open sources: קהלת רבה [he-wiktionary; REVIEW→CONFIRMED: 1 source; context 0.64; written out 44× in rabbinic]
במד״ר	rabbinic	52	CONFLICT_WITH_EXISTING	existing: במדבר רבה | open sources: במדרש רבה [ben-yehuda-rt; REVIEW→CONFIRMED: 1 source; context 0.54; written out 156× in rabbinic]
סה״מ	rabbinic	46	CONFLICT_WITH_EXISTING	existing: סיוע התיישבותי מותנה / ספר המאמרים | open sources: ספר המצות [ben-yehuda-rt; REVIEW→CONFIRMED: 1 source; context 0.53; written out 47× in rabbinic]
עט״ב	kabbalah	43	CONFLICT_WITH_EXISTING	existing: ערב תשעה באב | open sources: עטרת בעלה [ben-yehuda-rt; REVIEW→CONFIRMED: 1 source; context 0.55; written out 130× in kabbalah]
מנ״מ	rabbinic	36	CONFLICT_WITH_EXISTING	existing: מאי נפקא מינה? | open sources: מנכסי מלוג [ben-yehuda-rt; REVIEW→CONFIRMED: 1 source; context 0.59; written out 55× in rabbinic]
בה״מ	kabbalah	32	CONFLICT_WITH_EXISTING	existing: וצ״ג בהפסד מרובה וצורך גדול | open sources: ברכת המזון [ben-yehuda-rt+he-wiktionary; MEDIUM-HIGH: 2 sources; context 0.65; written out 86× in kabbalah]
חה״מ	rabbinic	32	CONFLICT_WITH_EXISTING	existing: חול המועד / חושן המשפט | open sources: חשן המשפט [ben-yehuda-rt; REVIEW→CONFIRMED: 1 source; context 0.52; written out 49× in rabbinic]
לכ״ז	kabbalah	31	CONFLICT_WITH_EXISTING	existing: לכף זכות | open sources: לכל זה [ben-yehuda-rt; REVIEW→CONFIRMED: 1 source; context 0.40; written out 73× in kabbalah]
ריב״ז	talmud	29	CONFLICT_WITH_EXISTING	existing: ר׳ יוחנן בן זכאי | open sources: רבן יוחנן בן זכאי [he-wiktionary; REVIEW→CONFIRMED: 1 source; context 0.72; written out 180× in talmud]
לאח״מ	rabbinic	27	CONFLICT_WITH_EXISTING	existing: לאחר מיתה | open sources: לאחר מכאן [ben-yehuda-rt; REVIEW→CONFIRMED: 1 source; context 0.47; written out 144× in rabbinic]
אה״ק	rabbinic	26	CONFLICT_WITH_EXISTING	existing: ארץ הקודש | open sources: ארון הקודש [ben-yehuda-rt+he-wiktionary; MEDIUM-HIGH: 2 sources; context 0.27; written out 115× in rabbinic]
הו״ר	kabbalah	19	CONFLICT_WITH_EXISTING	existing: הושענה רבה | open sources: הושענא רבה [ben-yehuda-rt; REVIEW→CONFIRMED: 1 source; context 0.52; written out 50× in kabbalah]
לכ״ז	rabbinic	19	CONFLICT_WITH_EXISTING	existing: לכף זכות | open sources: לכל זה [ben-yehuda-rt; REVIEW→CONFIRMED: 1 source; context 0.40; written out 234× in rabbinic]
עט״ב	rabbinic	19	CONFLICT_WITH_EXISTING	existing: ערב תשעה באב | open sources: עטרת בעלה [ben-yehuda-rt; REVIEW→CONFIRMED: 1 source; context 0.55; written out 41× in rabbinic]
ביה״מ	rabbinic	17	CONFLICT_WITH_EXISTING	existing: בית המדרש | open sources: בית המקדש [ben-yehuda-rt; REVIEW→CONFIRMED: 1 source; context 0.35; written out 2192× in rabbinic]
כ״צ	kabbalah	15	CONFLICT_WITH_EXISTING	existing: כהן צדק | open sources: כל צרכו [ben-yehuda-rt; REVIEW→CONFIRMED: 1 source; context 0.44; written out 27× in kabbalah]
אה״ר	rabbinic	12	CONFLICT_WITH_EXISTING	existing: אדם הראשון | open sources: אהבה רבה [ben-yehuda-rt; REVIEW→CONFIRMED: 1 source; context 0.67; written out 160× in rabbinic]
נ״כ	kabbalah	11	CONFLICT_WITH_EXISTING	existing: נביאים כתובים | open sources: נשיאת כפים [ben-yehuda-rt; REVIEW→CONFIRMED: 1 source; context 0.38; written out 18× in kabbalah]
ח״ה	talmud	9	CONFLICT_WITH_EXISTING	existing: חידושי הלכות / חילול השם | open sources: חזקת הבתים [ben-yehuda-rt; REVIEW→CONFIRMED: 1 source; context 0.44; written out 64× in talmud]
למה״ש	rabbinic	8	CONFLICT_WITH_EXISTING	existing: למען השם | open sources: למלאכי השרת [ben-yehuda-rt; REVIEW→CONFIRMED: 1 source; context 0.71; written out 183× in rabbinic]
רשב״ל	kabbalah	8	CONFLICT_WITH_EXISTING	existing: ר׳ שמעון בן לקיש | open sources: רבי שמעון בן לקיש [he-wiktionary; REVIEW→CONFIRMED: 1 source; context 0.75; written out 21× in kabbalah]
הכ״מ	kabbalah	7	CONFLICT_WITH_EXISTING	existing: הריני כפרת משכבו | open sources: הכסף משנה [ben-yehuda-rt; REVIEW→CONFIRMED: 1 source; context 0.69; written out 15× in kabbalah]
למה״ש	kabbalah	7	CONFLICT_WITH_EXISTING	existing: למען השם | open sources: למלאכי השרת [ben-yehuda-rt; REVIEW→CONFIRMED: 1 source; context 0.71; written out 42× in kabbalah]
בנט״י	kabbalah	6	CONFLICT_WITH_EXISTING	existing: ברכת נטילת ידים | open sources: בנטילת ידים [ben-yehuda-rt; REVIEW→CONFIRMED: 1 source; context 0.71; written out 12× in kabbalah]
בצה״כ	rabbinic	4	CONFLICT_WITH_EXISTING	existing: בן ציצית הכסת | open sources: בצאת הכוכבים [ben-yehuda-rt; REVIEW→CONFIRMED: 1 source; context 0.27; written out 38× in rabbinic]
מנ״מ	talmud	3	CONFLICT_WITH_EXISTING	existing: מאי נפקא מינה? | open sources: מנכסי מלוג [ben-yehuda-rt; REVIEW→CONFIRMED: 1 source; context 0.59; written out 23× in talmud]
וכו׳	rabbinic	94030	REVIEW	וכולא [ben-yehuda-rt; 23; 0.01] | (proclitic) וכולו [base; 87; 0.01] | (proclitic) וכולם [base; 682; 0.03] | (proclitic) וכולהון [base; 8; 0.02]
הרמב״מ	rabbinic	28245	REVIEW	הרב רבינו משה בן מימון [ben-yehuda-rt; 1; 0.44] | (proclitic) הרבי משה בן מימון [base; 0; 0.00] | (proclitic) הראש מדברים בכל מקום [base; 0; 0.00] | (proclitic) הר' משה בן מיימון [base; 0; 0.00] | (proclitic) הרבות מופתי בארץ מצרים [base; 0; 0.00]
וכו׳	kabbalah	23413	REVIEW	וכולא [ben-yehuda-rt; 190; 0.01] | (proclitic) וכולו [base; 47; 0.01] | (proclitic) וכולם [base; 599; 0.03] | (proclitic) וכולהון [base; 8; 0.02]
וכ״כ	rabbinic	23105	AMBIGUOUS	וכבר כתבתי [ben-yehuda-rt; 965; 0.17] | וכל כך [ben-yehuda-rt; 264; 0.00] | וכן כתב [ben-yehuda-rt; 2956; 0.61] | (proclitic) וכמו כן [base; 700; 0.03] | (proclitic) וכופרא כפרה [base; 0; 0.00] | (proclitic) וכח כחו [base; 4; 0.00] | (proclitic) וכך כתב [base; 246; 0.43] | (proclitic) וכלאי כרם [base; 7; 0.00]
וא״כ	rabbinic	15079	AMBIGUOUS	ואין כל [ben-yehuda-rt; 225; 0.00] | ואם כן [ben-yehuda-rt; 3988; 0.64] | ואמרו כולם [ben-yehuda-rt; 3; 0.06] | (proclitic) ואדם כשר [base; 2; 0.08] | (proclitic) ואינו כדאי [base; 16; 0.01] | (proclitic) ואם כך [base; 38; 0.10] | (proclitic) ואין כאלוקינו [base; 0; 0.00] | (proclitic) ואין כסף [base; 8; 0.00]
ית׳	kabbalah	14140	AMBIGUOUS	יתבאר [ben-yehuda-rt; 839; 0.00] | יתברך [ben-yehuda-rt; 9854; 0.28] | יתיר [ben-yehuda-rt; 1376; 0.00] | יתעלה [ben-yehuda-rt; 170; 0.49]
הר״ב	rabbinic	12486	AMBIGUOUS	הלכה רוחה בישראל [ben-yehuda-rt; 0; 0.00] | הרב רבנו ברטנורא [ben-yehuda-rt; 0; 0.00] | הרצון בו [ben-yehuda-rt; 12; 0.00] | (proclitic) הראשית בכורים [base; 0; 0.00] | (proclitic) הר' בנאה [base; 0; 0.00] | (proclitic) הר' בנימין [base; 0; 0.00] | (proclitic) הר' ברוך [base; 0; 0.00] | (proclitic) הרבינו ברטנורא [base; 0; 0.00]
הנ״ל	kabbalah	11595	AMBIGUOUS	הנזכר להלן [ben-yehuda-rt; 0; 0.00] | הנזכר למעלה [ben-yehuda-rt; 15; 0.15] | הקריבהו נא לפחתך [ben-yehuda-rt; 2; 0.01] | (proclitic) הנאה לו [base; 0; 0.00] | (proclitic) הנאמר להלן [base; 0; 0.00] | (proclitic) הנבאר לקמן [base; 0; 0.00] | (proclitic) הנבון לחש [base; 0; 0.00] | (proclitic) הנברך לאלהינו [base; 0; 0.00]
הנז׳	rabbinic	10599	REVIEW	הנזכר [ben-yehuda-rt; 4541; 0.21]
וז״ש	kabbalah	9569	AMBIGUOUS	וזה שאמר [ben-yehuda-rt; 802; 0.32] | וזה שכתב [ben-yehuda-rt; 25; 0.07] | (proclitic) וזבחי שלמה [base; 0; 0.00] | (proclitic) וזבחי שלמים [base; 0; 0.00] | (proclitic) וזבח שמואל [base; 0; 0.00] | (proclitic) וזהב שחוט [base; 1; 0.00] | (proclitic) וזהו שנאמר [base; 142; 0.43] | (proclitic) וזהו שאמר [base; 815; 0.27]
הנ״ל	rabbinic	9412	AMBIGUOUS	הנזכר להלן [ben-yehuda-rt; 2; 0.00] | הנזכר למעלה [ben-yehuda-rt; 72; 0.15] | הקריבהו נא לפחתך [ben-yehuda-rt; 70; 0.01] | (proclitic) הנאה לו [base; 0; 0.00] | (proclitic) הנאמר להלן [base; 0; 0.00] | (proclitic) הנבאר לקמן [base; 0; 0.00] | (proclitic) הנבון לחש [base; 0; 0.00] | (proclitic) הנברך לאלהינו [base; 0; 0.00]
א״א	rabbinic	7931	AMBIGUOUS	אברהם אבינו [krupnik-1927+he-wiktionary; 1317; 0.09] | אי אפשר [krupnik-1927+he-wiktionary+ben-yehuda-rt; 3960; 0.22] | אי אמרת [krupnik-1927+ben-yehuda-rt; 198; 0.00] | אשת איש [krupnik-1927+he-wiktionary+ben-yehuda-rt; 1034; 0.02] | אין אומרים [krupnik-1927+he-wiktionary+ben-yehuda-rt; 1082; 0.00] | אדיר אדירנו [he-wiktionary+ben-yehuda-rt; 2; 0.00] | אדרת אליהו [he-wiktionary+ben-yehuda-rt; 25; 0.02] | אחד אלהינו [he-wiktionary+ben-yehuda-rt; 31; 0.00]
ב״ה	kabbalah	7481	AMBIGUOUS	ברוך השם [krupnik-1927+he-wiktionary+ben-yehuda-rt; 5; 0.00] | בעזרת השם [krupnik-1927+ben-yehuda-rt; 91; 0.00] | בית הלל [he-wiktionary+ben-yehuda-rt; 27; 0.03] | בניין הורדוס [he-wiktionary; 0; 0.00] | בעולם הבא [he-wiktionary+ben-yehuda-rt; 301; 0.03] | ברוך הבא [he-wiktionary+ben-yehuda-rt; 15; 0.00] | באור המלה [ben-yehuda-rt; 0; 0.00] | באור התורה [ben-yehuda-rt; 30; 0.01]
הר״נ	rabbinic	7256	AMBIGUOUS	הרב רבינו נסים [ben-yehuda-rt; 25; 0.41] | הרני נזיר [ben-yehuda-rt; 10; 0.00] | (proclitic) הרב נחמן [base; 0; 0.00] | (proclitic) הר׳ נחמיה [base; 0; 0.00] | (proclitic) הרבנו ניסים [base; 0; 0.00] | (proclitic) הרישיון נהיגה [base; 0; 0.00] | (proclitic) הרבות נקבות [base; 0; 0.00] | (proclitic) הר' נהוראי [base; 0; 0.00]
הרמב״נ	rabbinic	6628	REVIEW	הרב רבינו משה בן נחמני [ben-yehuda-rt; 0; 0.00] | (proclitic) הרבי משה בן נחמן [base; 0; 0.00] | (proclitic) הר' מאיר בן נתן [base; 0; 0.00] | (proclitic) הר' משה בן נחמיני [base; 0; 0.00]
י״ל	rabbinic	6076	AMBIGUOUS	יש לומר [krupnik-1927+he-wiktionary+ben-yehuda-rt; 1833; 0.85] | יש לפרש [krupnik-1927+ben-yehuda-rt; 858; 0.72] | יש להקשות [krupnik-1927+ben-yehuda-rt; 184; 0.43] | יש לתרץ [krupnik-1927+ben-yehuda-rt; 152; 0.45] | יש לשאול [krupnik-1927+ben-yehuda-rt; 171; 0.41] | יראה לי [he-wiktionary; 211; 0.18] | יהודה לב [he-wiktionary; 1; 0.00] | יד לשון [ben-yehuda-rt; 20; 0.00]
ה״ה	rabbinic	5495	AMBIGUOUS	הוא הדין [he-wiktionary+ben-yehuda-rt; 713; 0.08] | הכי השתא [he-wiktionary+ben-yehuda-rt; 50; 0.00] | האדונים הנכבדים [he-wiktionary; 0; 0.00] | האדון הנכבד [he-wiktionary; 0; 0.00] | הגברת הנכבדה [he-wiktionary; 0; 0.00] | השם הטוב [he-wiktionary; 34; 0.00] | הלכה ה׳ [he-wiktionary+ben-yehuda-rt; 111; 0.01] | הרב המגיד [he-wiktionary; 578; 0.89]
ר״י	rabbinic	5356	AMBIGUOUS	ר׳ יהושע [krupnik-1927+ben-yehuda-rt; 0; 0.00] | ר׳ יוחנן [krupnik-1927+ben-yehuda-rt; 0; 0.00] | ר׳ יוסי [krupnik-1927; 0; 0.00] | ר׳ ישמעאל [krupnik-1927+ben-yehuda-rt; 0; 0.00] | רבי יהודה [he-wiktionary; 4065; 0.43] | רבי יוחנן [he-wiktionary; 3495; 0.52] | רבי יהושע [he-wiktionary; 1882; 0.43] | רבי יוסי [he-wiktionary; 3055; 0.48]
ית׳	rabbinic	4927	AMBIGUOUS	יתבאר [ben-yehuda-rt; 2368; 0.00] | יתברך [ben-yehuda-rt; 14125; 0.28] | יתיר [ben-yehuda-rt; 493; 0.00] | יתעלה [ben-yehuda-rt; 782; 0.49]
ח״א	rabbinic	4914	AMBIGUOUS	חד אמר [krupnik-1927+ben-yehuda-rt; 569; 0.00] | חכמים אומרים [krupnik-1927+ben-yehuda-rt; 91; 0.00] | חלק א׳ [krupnik-1927+ben-yehuda-rt; 326; 0.06] | חידושי אגדות [krupnik-1927; 6; 0.02] | ח' אמות [ben-yehuda-rt; 0; 0.00] | חביב אדם [ben-yehuda-rt; 27; 0.00] | חדושי אגדות [ben-yehuda-rt; 2; 0.00] | חדש אלול [ben-yehuda-rt; 59; 0.00]
וא״ת	talmud	4880	AMBIGUOUS	ואונקלוס תרגום [ben-yehuda-rt; 0; 0.00] | ואל תעשה [ben-yehuda-rt; 68; 0.05] | ואם תאמר [ben-yehuda-rt; 1062; 0.86] | ואני תפלתי [ben-yehuda-rt; 2; 0.00] | (proclitic) ואל תקרי [base; 0; 0.00] | (proclitic) ואבן תבון [base; 0; 0.00] | (proclitic) ואבן תקומה [base; 0; 0.00] | (proclitic) ואגרת תימן [base; 0; 0.00]
ב״ה	rabbinic	4395	AMBIGUOUS	ברוך השם [krupnik-1927+he-wiktionary+ben-yehuda-rt; 14; 0.00] | בעזרת השם [krupnik-1927+ben-yehuda-rt; 178; 0.00] | בית הלל [he-wiktionary+ben-yehuda-rt; 413; 0.03] | בניין הורדוס [he-wiktionary; 0; 0.00] | בעולם הבא [he-wiktionary+ben-yehuda-rt; 597; 0.03] | ברוך הבא [he-wiktionary+ben-yehuda-rt; 54; 0.00] | באור המלה [ben-yehuda-rt; 0; 0.00] | באור התורה [ben-yehuda-rt; 12; 0.01]
וע״כ	rabbinic	4322	AMBIGUOUS	ועל כולם [ben-yehuda-rt; 52; 0.09] | ועל כן [ben-yehuda-rt; 3978; 0.47] | ועל כרחך [ben-yehuda-rt; 201; 0.39] | (proclitic) ועד כאן [base; 93; 0.03] | (proclitic) ועד כמה [base; 117; 0.20] | (proclitic) ועבד כנעני [base; 10; 0.00] | (proclitic) ועבודת ככבים [base; 0; 0.00] | (proclitic) ועד כותי [base; 0; 0.00]
וכו׳	talmud	4306	REVIEW	וכולא [ben-yehuda-rt; 1; 0.01] | (proclitic) וכולו [base; 30; 0.01] | (proclitic) וכולם [base; 76; 0.03] | (proclitic) וכולהון [base; 11; 0.02]
וז״ש	rabbinic	4233	AMBIGUOUS	וזה שאמר [ben-yehuda-rt; 847; 0.32] | וזה שכתב [ben-yehuda-rt; 60; 0.07] | (proclitic) וזבחי שלמה [base; 0; 0.00] | (proclitic) וזבחי שלמים [base; 1; 0.00] | (proclitic) וזבח שמואל [base; 0; 0.00] | (proclitic) וזהב שחוט [base; 2; 0.00] | (proclitic) וזהו שנאמר [base; 198; 0.43] | (proclitic) וזהו שאמר [base; 1148; 0.27]
בס׳	rabbinic	4018	AMBIGUOUS	בסברא [ben-yehuda-rt; 218; 0.00] | בסדרא [ben-yehuda-rt; 11; 0.00] | בסיני [ben-yehuda-rt; 749; 0.02] | בסך [ben-yehuda-rt; 345; 0.00] | בסימן [ben-yehuda-rt; 8758; 0.10] | בסמיכות [ben-yehuda-rt; 80; 0.02] | בסעיף [ben-yehuda-rt; 761; 0.12] | בספר [ben-yehuda-rt; 7528; 0.46]
בנ״ד	rabbinic	3919	AMBIGUOUS	בן דודי [ben-yehuda-rt; 14; 0.02] | בנידון דידן [ben-yehuda-rt; 96; 0.54] | בני דן [ben-yehuda-rt; 36; 0.00] | (proclitic) בנגמר דינו [base; 2; 0.08] | (proclitic) בנדון דידן [base; 574; 0.79] | (proclitic) בנדת דם [base; 0; 0.00] | (proclitic) בנהמא דכסיפא [base; 0; 0.00] | (proclitic) בנועל דלת [base; 0; 0.00]
י״י	rabbinic	3510	AMBIGUOUS	יד יהודה [ben-yehuda-rt; 11; 0.00] | יד יוסף [ben-yehuda-rt; 43; 0.02] | ידין ידיו [ben-yehuda-rt; 0; 0.00] | יורה יורה [ben-yehuda-rt; 19; 0.01] | יסוד יוסף [ben-yehuda-rt; 8; 0.00] | ירושת ים [ben-yehuda-rt; 1; 0.00] | ירח יקר [ben-yehuda-rt; 7; 0.00]
ר״ח	rabbinic	3458	AMBIGUOUS	ראש חודש [krupnik-1927+he-wiktionary; 422; 0.49] | ר׳ חנינא [krupnik-1927+ben-yehuda-rt; 0; 0.00] | רב חסדא [krupnik-1927; 1322; 0.10] | ראש חדש [jastrow-1903+ben-yehuda-rt; 592; 0.51] | ראשית חכמה [ben-yehuda-rt; 288; 0.01] | רב חסד [ben-yehuda-rt; 78; 0.05] | ר' חביבא [ben-yehuda-rt; 0; 0.00] | ר' חייא [ben-yehuda-rt; 0; 0.00]
במ״א	kabbalah	3199	AMBIGUOUS	במדינות אלו [ben-yehuda-rt; 0; 0.00] | במדרש אגדה [ben-yehuda-rt; 0; 0.00] | במכתב אליהו [ben-yehuda-rt; 0; 0.00] | במלות אחרות [ben-yehuda-rt; 0; 0.00] | במנהג אשכנז [ben-yehuda-rt; 0; 0.01] | במקום אחד [ben-yehuda-rt; 98; 0.00] | במקום אחים [ben-yehuda-rt; 0; 0.00] | במקום אחר [ben-yehuda-rt; 904; 0.23]
וי״א	rabbinic	3036	AMBIGUOUS	וזרעו יירש ארץ [ben-yehuda-rt; 7; 0.00] | וירא אלהים [ben-yehuda-rt; 354; 0.00] | ויש אומרים [ben-yehuda-rt; 3369; 0.85] | ויש אוסרים [ben-yehuda-rt; 170; 0.59] | (proclitic) וי' אדומים [base; 0; 0.00] | (proclitic) וי' אמות [base; 0; 0.00] | (proclitic) ויד אבשלום [base; 0; 0.00] | (proclitic) ויד אברהם [base; 0; 0.00]
ה״ר	rabbinic	3002	AMBIGUOUS	הביא ראיה [ben-yehuda-rt; 378; 0.00] | הושענא רבה [ben-yehuda-rt; 50; 0.00] | היזק ראיה [ben-yehuda-rt; 92; 0.00] | הלולא רבא [ben-yehuda-rt; 1; 0.00]
י״ל	kabbalah	2661	AMBIGUOUS	יש לומר [krupnik-1927+he-wiktionary+ben-yehuda-rt; 490; 0.85] | יש לפרש [krupnik-1927+ben-yehuda-rt; 406; 0.72] | יש להקשות [krupnik-1927+ben-yehuda-rt; 32; 0.43] | יש לתרץ [krupnik-1927+ben-yehuda-rt; 27; 0.45] | יש לשאול [krupnik-1927+ben-yehuda-rt; 17; 0.41] | יראה לי [he-wiktionary; 3; 0.18] | יהודה לב [he-wiktionary; 1; 0.00] | יד לשון [ben-yehuda-rt; 3; 0.00]
וע״ז	kabbalah	2650	REVIEW	ועל זה [ben-yehuda-rt; 2273; 0.87] | (proclitic) ועבודה זרה [base; 17; 0.02] | (proclitic) ועבודה זאת [base; 0; 0.00] | (proclitic) ועבר זמנו [base; 0; 0.00] | (proclitic) ועד זומם [base; 0; 0.00] | (proclitic) ועטרת זהב [base; 9; 0.00] | (proclitic) ועטרת זקנים [base; 2; 0.02] | (proclitic) ועין זיתים [base; 0; 0.00]
בב״י	rabbinic	2614	AMBIGUOUS	בבית יוסף [ben-yehuda-rt; 186; 0.60] | בבכורו ייסדנה [ben-yehuda-rt; 5; 0.00] | בבל ימצא [ben-yehuda-rt; 19; 0.06] | בבל יראה [ben-yehuda-rt; 224; 0.05] | במהרה בימינו [ben-yehuda-rt; 561; 0.03] | בתולת בת יהודה [ben-yehuda-rt; 1; 0.01] | (proclitic) בבן ישראל [base; 4; 0.00] | (proclitic) בבני ישראל [base; 111; 0.00]
נ״י	rabbinic	2441	AMBIGUOUS	נרו יאיר [he-wiktionary+ben-yehuda-rt; 4; 0.04] | נסמך יחיד [he-wiktionary; 0; 0.00] | ניו יורק [he-wiktionary; 0; 0.00] | נצח ישראל [he-wiktionary+ben-yehuda-rt; 43; 0.00] | נדחי ישראל [ben-yehuda-rt; 60; 0.00] | נוסח יוני [ben-yehuda-rt; 0; 0.00] | נוסח ישן [ben-yehuda-rt; 0; 0.00] | נחלת יהודה [ben-yehuda-rt; 1; 0.00]
בא״י	rabbinic	2429	AMBIGUOUS	באר יעקב [ben-yehuda-rt; 20; 0.00] | באר יצחק [ben-yehuda-rt; 7; 0.00] | בארץ ישראל [ben-yehuda-rt; 1090; 0.09] | ברוך אתה יי [ben-yehuda-rt; 391; 0.09] | (proclitic) באינו יהודי [base; 0; 0.00] | (proclitic) באביר יעקב [base; 0; 0.00] | (proclitic) באבן יחייא [base; 0; 0.00] | (proclitic) באבן ירחי [base; 0; 0.00]
ביו״ד	rabbinic	2394	REVIEW	ביורה דעה [ben-yehuda-rt; 261; 0.63] | (proclitic) ביוצא דופן [base; 15; 0.00]
א״ח	rabbinic	2392	AMBIGUOUS	אגרת חמודות [ben-yehuda-rt; 0; 0.00] | אדוני חותני [ben-yehuda-rt; 0; 0.00] | אדוני חמי [ben-yehuda-rt; 2; 0.01] | או חרם [ben-yehuda-rt; 24; 0.00] | אור חכמים [ben-yehuda-rt; 0; 0.00] | אוצרות חיים [ben-yehuda-rt; 10; 0.00] | אוצר חכמה [ben-yehuda-rt; 0; 0.00] | אח חורג [ben-yehuda-rt; 0; 0.00]
א״א	kabbalah	2383	AMBIGUOUS	אברהם אבינו [krupnik-1927+he-wiktionary; 1201; 0.09] | אי אפשר [krupnik-1927+he-wiktionary+ben-yehuda-rt; 1948; 0.22] | אי אמרת [krupnik-1927+ben-yehuda-rt; 5; 0.00] | אשת איש [krupnik-1927+he-wiktionary+ben-yehuda-rt; 77; 0.02] | אין אומרים [krupnik-1927+he-wiktionary+ben-yehuda-rt; 66; 0.00] | אדיר אדירנו [he-wiktionary+ben-yehuda-rt; 1; 0.00] | אדרת אליהו [he-wiktionary+ben-yehuda-rt; 2; 0.02] | אחד אלהינו [he-wiktionary+ben-yehuda-rt; 0; 0.00]
ב״ר	rabbinic	2338	AMBIGUOUS	בן רבי [krupnik-1927+he-wiktionary+ben-yehuda-rt; 62; 0.24] | בראשית רבה [krupnik-1927+he-wiktionary+ben-yehuda-rt; 638; 0.32] | בית ראשון [krupnik-1927+ben-yehuda-rt; 166; 0.00] | ב׳ רשויות [krupnik-1927+ben-yehuda-rt; 0; 0.00] | בריך רחמנא [krupnik-1927+ben-yehuda-rt; 113; 0.05] | בן רֶבּ [he-wiktionary+ben-yehuda-rt; 7; 0.07] | בהן רגל [ben-yehuda-rt; 3; 0.00] | ביאה ראשונה [ben-yehuda-rt; 76; 0.00]
וכ״פ	rabbinic	2329	AMBIGUOUS	וכן פסק [ben-yehuda-rt; 1264; 0.74] | וכן פירש [ben-yehuda-rt; 629; 0.32] | (proclitic) וכך פירש [base; 34; 0.14] | (proclitic) וכמה פעמים [base; 137; 0.00] | (proclitic) וכבד פה [base; 2; 0.00] | (proclitic) וכונות פשוטות [base; 0; 0.00] | (proclitic) וכי פליגי [base; 25; 0.00] | (proclitic) וכך פולטו [base; 0; 0.00]
בב״ד	rabbinic	2312	AMBIGUOUS	בבלי דעת [ben-yehuda-rt; 39; 0.02] | בפני בית דין [ben-yehuda-rt; 151; 0.34] | בפני בעל דין [ben-yehuda-rt; 163; 0.46] | (proclitic) בבית דין [base; 794; 0.81] | (proclitic) בבן דוד [base; 0; 0.00] | (proclitic) בבן דעת [base; 3; 0.00] | (proclitic) בבסיעתא דשמיא [base; 0; 0.00] | (proclitic) בבעל דבר [base; 7; 0.04]
הב׳	rabbinic	2226	AMBIGUOUS	הבא [ben-yehuda-rt; 11095; 0.02] | הבחור [ben-yehuda-rt; 376; 0.01] | הבעל [ben-yehuda-rt; 5842; 0.01] | (proclitic) הבחינה [base; 0; 0.00] | (proclitic) הבינה [base; 0; 0.00] | (proclitic) הבית [base; 0; 0.00] | (proclitic) הבן [base; 0; 0.00] | (proclitic) הבקר [base; 0; 0.00]
וא״ת	rabbinic	2169	AMBIGUOUS	ואונקלוס תרגום [ben-yehuda-rt; 34; 0.00] | ואל תעשה [ben-yehuda-rt; 395; 0.05] | ואם תאמר [ben-yehuda-rt; 1439; 0.86] | ואני תפלתי [ben-yehuda-rt; 149; 0.00] | (proclitic) ואל תקרי [base; 3; 0.00] | (proclitic) ואבן תבון [base; 0; 0.00] | (proclitic) ואבן תקומה [base; 0; 0.00] | (proclitic) ואגרת תימן [base; 0; 0.00]
ור״ל	rabbinic	2152	REVIEW	ורוצה לומר [ben-yehuda-rt; 212; 0.30] | (proclitic) וריש לקיש [base; 217; 0.51] | (proclitic) ורחמנא ליצלן [base; 10; 0.00] | (proclitic) וראוי לברכה [base; 0; 0.00] | (proclitic) וראוי להיות [base; 60; 0.00] | (proclitic) וראוי לו [base; 47; 0.04] | (proclitic) וראוי לחופה [base; 0; 0.00] | (proclitic) וראוי לתקן [base; 3; 0.00]
מס׳	rabbinic	2140	AMBIGUOUS	מסטרא [ben-yehuda-rt; 374; 0.00] | מסכת [ben-yehuda-rt; 1051; 0.13] | מספר [ben-yehuda-rt; 3505; 0.00] | מסרה [ben-yehuda-rt; 171; 0.00] | (proclitic) מסאה [base; 13; 0.00] | (proclitic) מסבה [base; 53; 0.00] | (proclitic) מסברא [base; 383; 0.00] | (proclitic) מסוגיא [base; 341; 0.00]
הנז׳	kabbalah	2138	REVIEW	הנזכר [ben-yehuda-rt; 1010; 0.21]
הג׳	rabbinic	2101	AMBIGUOUS	הגאון [ben-yehuda-rt; 4651; 0.02] | הגביר [ben-yehuda-rt; 103; 0.00] | הגדול [ben-yehuda-rt; 8537; 0.02] | הגהות [ben-yehuda-rt; 1397; 0.00] | הגירסא [ben-yehuda-rt; 452; 0.00] | (proclitic) הגדולה [base; 0; 0.00] | (proclitic) הגבורה [base; 0; 0.00] | (proclitic) הגאולה [base; 0; 0.00]
וא״א	rabbinic	2036	AMBIGUOUS	ואי אמרת [ben-yehuda-rt; 162; 0.01] | ואי אפשר [ben-yehuda-rt; 1147; 0.15] | ואי אשמעינן [ben-yehuda-rt; 49; 0.00] | ואין אומרים [ben-yehuda-rt; 463; 0.00] | ואם אמר [ben-yehuda-rt; 1029; 0.04] | ואני אומר [ben-yehuda-rt; 903; 0.02] | (proclitic) ואברהם אבינו [base; 42; 0.01] | (proclitic) ואשת איש [base; 41; 0.00]
הג׳	kabbalah	2022	AMBIGUOUS	הגאון [ben-yehuda-rt; 331; 0.02] | הגביר [ben-yehuda-rt; 22; 0.00] | הגדול [ben-yehuda-rt; 3155; 0.02] | הגהות [ben-yehuda-rt; 16; 0.00] | הגירסא [ben-yehuda-rt; 60; 0.00] | (proclitic) הגדולה [base; 0; 0.00] | (proclitic) הגבורה [base; 0; 0.00] | (proclitic) הגאולה [base; 0; 0.00]
הק׳	kabbalah	1978	AMBIGUOUS	הקדוש [ben-yehuda-rt; 5880; 0.06] | הקטן [ben-yehuda-rt; 433; 0.04] | (proclitic) הקב [base; 0; 0.00] | (proclitic) הקבלה [base; 0; 0.00] | (proclitic) הקבר [base; 0; 0.00] | (proclitic) הקדיש [base; 0; 0.00] | (proclitic) הקהלה [base; 0; 0.00] | (proclitic) הקול [base; 0; 0.00]
וא״כ	kabbalah	1879	AMBIGUOUS	ואין כל [ben-yehuda-rt; 44; 0.00] | ואם כן [ben-yehuda-rt; 2958; 0.64] | ואמרו כולם [ben-yehuda-rt; 0; 0.06] | (proclitic) ואדם כשר [base; 2; 0.08] | (proclitic) ואינו כדאי [base; 14; 0.01] | (proclitic) ואם כך [base; 16; 0.10] | (proclitic) ואין כאלוקינו [base; 0; 0.00] | (proclitic) ואין כסף [base; 3; 0.00]
במ״ב	rabbinic	1833	AMBIGUOUS	במהדור בתרא [ben-yehuda-rt; 0; 0.00] | במהר בימינו [ben-yehuda-rt; 0; 0.00] | בורא מיני בשמים [ben-yehuda-rt; 99; 0.00] | במסעות בנימין [ben-yehuda-rt; 0; 0.00] | במעשה בראשית [ben-yehuda-rt; 362; 0.01] | במשאת בנימין [ben-yehuda-rt; 5; 0.02] | בר מן ב' [ben-yehuda-rt; 1; 0.00] | (proclitic) במשנה ברורה [base; 185; 0.68]
ח״ב	rabbinic	1793	AMBIGUOUS	חד בהון [ben-yehuda-rt; 14; 0.00] | חושד בכשרים [ben-yehuda-rt; 10; 0.00] | חורבן בית [ben-yehuda-rt; 115; 0.00] | חורבן ביתר [ben-yehuda-rt; 3; 0.00] | חזור בך [ben-yehuda-rt; 48; 0.00] | חיי בשרים [ben-yehuda-rt; 13; 0.00] | חכם באשי [ben-yehuda-rt; 0; 0.00] | חכמה בינה [ben-yehuda-rt; 94; 0.00]
הר״ז	rabbinic	1768	REVIEW	הרי זה [ben-yehuda-rt; 5660; 0.04] | (proclitic) הרב זירא [base; 0; 0.00] | (proclitic) הרב זביד [base; 0; 0.00] | (proclitic) הרבי זירא [base; 0; 0.00] | (proclitic) הרבים זכרים [base; 0; 0.00] | (proclitic) הרביעי זרקא [base; 0; 0.00]
עכ״ד	rabbinic	1755	AMBIGUOUS	עד כאן דבריו [ben-yehuda-rt; 142; 0.18] | על כל דא [ben-yehuda-rt; 0; 0.00] | על כל דבר [ben-yehuda-rt; 420; 0.00] | על כל דבריו [ben-yehuda-rt; 13; 0.03] | עם כל דא [ben-yehuda-rt; 0; 0.00]
וכ״נ	rabbinic	1751	AMBIGUOUS	וכן נוהגין [ben-yehuda-rt; 667; 0.02] | וכן נמי [ben-yehuda-rt; 626; 0.05] | וכן נקרא [ben-yehuda-rt; 30; 0.00] | וכן נראה [ben-yehuda-rt; 1468; 0.90] | (proclitic) וכאן נמצא [base; 3; 0.00] | (proclitic) וכדי נטילה [base; 0; 0.00] | (proclitic) וכך נאמר [base; 9; 0.00] | (proclitic) וכלי נחשת [base; 13; 0.00]
תו״ש	rabbinic	1745	AMBIGUOUS	תוך שלשים [ben-yehuda-rt; 158; 0.00] | תוך שנתי [ben-yehuda-rt; 0; 0.00] | תולדות שמים [ben-yehuda-rt; 20; 0.00] | תוספות שבת [ben-yehuda-rt; 14; 0.00] | תוספות שנץ [ben-yehuda-rt; 0; 0.00] | תורת שלמים [ben-yehuda-rt; 1; 0.00] | תושב ושכיר [ben-yehuda-rt; 83; 0.00] | תנא ושייר [ben-yehuda-rt; 24; 0.00]
ומש״ה	rabbinic	1729	REVIEW	ומשום הכי [ben-yehuda-rt; 1011; 0.66] | (proclitic) ומאי שנא התם [base; 7; 0.01] | (proclitic) ומדרש שיר השירים [base; 1; 0.00] | (proclitic) ומה שאחר הטבע [base; 2; 0.00] | (proclitic) ומה שאמר הכתוב [base; 44; 0.00] | (proclitic) ומהלך שבילי הדעת [base; 0; 0.00] | (proclitic) ומחלוקת שמאי הלל [base; 0; 0.00] | (proclitic) ומטטרון שר הפנים [base; 0; 0.00]
הב׳	kabbalah	1706	AMBIGUOUS	הבא [ben-yehuda-rt; 3113; 0.02] | הבחור [ben-yehuda-rt; 19; 0.01] | הבעל [ben-yehuda-rt; 701; 0.01] | (proclitic) הבחינה [base; 0; 0.00] | (proclitic) הבינה [base; 0; 0.00] | (proclitic) הבית [base; 0; 0.00] | (proclitic) הבן [base; 0; 0.00] | (proclitic) הבקר [base; 0; 0.00]
וכ״ה	rabbinic	1646	AMBIGUOUS	וכאן היה [ben-yehuda-rt; 59; 0.00] | וכן הוא [ben-yehuda-rt; 4772; 0.08] | וכן היה [ben-yehuda-rt; 656; 0.01] | וכן הלכה [ben-yehuda-rt; 354; 0.01] | וכן הסכים [ben-yehuda-rt; 835; 0.26] | (proclitic) וכבוד הבריות [base; 1; 0.00] | (proclitic) וכד הקמח [base; 4; 0.00] | (proclitic) וכהן הדיוט [base; 12; 0.00]
הגר״א	rabbinic	1592	REVIEW	הגאון ר' אליהו [ben-yehuda-rt; 1; 0.00]
כמש״כ	rabbinic	1565	AMBIGUOUS	כמו שכתוב [ben-yehuda-rt; 3032; 0.11] | כמשמעו של כתוב [ben-yehuda-rt; 0; 0.00] | (proclitic) כמה שכתב [base; 19; 0.18] | (proclitic) כמה שכתב כאן [base; 0; 0.00] | (proclitic) כמשום כך [base; 0; 0.00]
או״א	kabbalah	1546	WITHHELD_BY_REVIEW	
הב״י	rabbinic	1546	REVIEW	הבית יוסף [ben-yehuda-rt; 294; 0.69] | (proclitic) הבן ישראל [base; 0; 0.00] | (proclitic) הבני ישראל [base; 0; 0.00] | (proclitic) הבית יעקב [base; 0; 0.00] | (proclitic) הבית ישראל [base; 0; 0.00] | (proclitic) הבר יוחאי [base; 0; 0.00] | (proclitic) הבן יהודה [base; 0; 0.00] | (proclitic) הברוך ישראל [base; 0; 0.00]
וע״כ	kabbalah	1523	AMBIGUOUS	ועל כולם [ben-yehuda-rt; 25; 0.09] | ועל כן [ben-yehuda-rt; 1539; 0.47] | ועל כרחך [ben-yehuda-rt; 154; 0.39] | (proclitic) ועד כאן [base; 11; 0.03] | (proclitic) ועד כמה [base; 13; 0.20] | (proclitic) ועבד כנעני [base; 0; 0.00] | (proclitic) ועבודת ככבים [base; 0; 0.00] | (proclitic) ועד כותי [base; 0; 0.00]
מש״כ	rabbinic	1519	AMBIGUOUS	מה שכתב [ben-yehuda-rt; 2039; 0.13] | מה שכתב כאן [ben-yehuda-rt; 5; 0.01] | משום כך [ben-yehuda-rt; 93; 0.00] | (proclitic) משפתי כהן [base; 1; 0.00] | (proclitic) משבח כלי [base; 0; 0.00] | (proclitic) משבירת כלים [base; 8; 0.00] | (proclitic) משביתת כלים [base; 0; 0.00] | (proclitic) משברי כלי [base; 2; 0.00]
י״י	kabbalah	1516	AMBIGUOUS	יד יהודה [ben-yehuda-rt; 7; 0.00] | יד יוסף [ben-yehuda-rt; 9; 0.02] | ידין ידיו [ben-yehuda-rt; 0; 0.00] | יורה יורה [ben-yehuda-rt; 0; 0.01] | יסוד יוסף [ben-yehuda-rt; 13; 0.00] | ירושת ים [ben-yehuda-rt; 0; 0.00] | ירח יקר [ben-yehuda-rt; 0; 0.00]
נר״ו	rabbinic	1505	AMBIGUOUS	נפש רוח ונשמה [he-wiktionary+ben-yehuda-rt; 94; 0.00] | נטריה רחמנא וחיננא [he-wiktionary; 0; 0.00] | נצרהו רחמנא ונטרהו [he-wiktionary; 0; 0.00] | נטריה רחמנא ופרקיה [ben-yehuda-rt; 4; 0.16]
לע״ד	rabbinic	1498	AMBIGUOUS	לאל עורך דין [ben-yehuda-rt; 0; 0.00] | לפי עניות דעתי [ben-yehuda-rt; 19; 0.56] | (proclitic) לעדת דבורים [base; 0; 0.00] | (proclitic) לעוברי דרך [base; 6; 0.00] | (proclitic) לעוקר דירתו [base; 0; 0.00] | (proclitic) לעיר דוד [base; 3; 0.00] | (proclitic) לעל דא [base; 0; 0.00] | (proclitic) לעל דבר [base; 0; 0.00]
לב״ד	rabbinic	1492	AMBIGUOUS	לב בית דין [ben-yehuda-rt; 8; 0.01] | לבית דין [ben-yehuda-rt; 574; 0.89] | לשמרך בכל דרכיך [ben-yehuda-rt; 47; 0.00] | (proclitic) לבן דוד [base; 1; 0.06] | (proclitic) לבן דעת [base; 9; 0.01] | (proclitic) לבסיעתא דשמיא [base; 0; 0.00] | (proclitic) לבעל דבר [base; 15; 0.00] | (proclitic) לבעל דין [base; 133; 0.03]
בד׳	rabbinic	1463	REVIEW	בדרך [ben-yehuda-rt; 8748; 0.00] | (proclitic) בדא [base; 164; 0.00] | (proclitic) בדבר [base; 14472; 0.00] | (proclitic) בדגש [base; 69; 0.00] | (proclitic) בדין [base; 5993; 0.01] | (proclitic) בדלת [base; 194; 0.02] | (proclitic) בדמוע [base; 1; 0.00] | (proclitic) בדעת [base; 1409; 0.01]
וג׳	rabbinic	1460	REVIEW	וגומר [jastrow-1903; 1829; 0.13] | (proclitic) וגדולה [base; 699; 0.00] | (proclitic) וגבורה [base; 313; 0.00] | (proclitic) וגאולה [base; 33; 0.00] | (proclitic) וגלות [base; 116; 0.00] | (proclitic) וגזירה [base; 55; 0.00] | (proclitic) וגאון [base; 97; 0.00] | (proclitic) וגדול [base; 668; 0.00]
ר״י	talmud	1414	AMBIGUOUS	ר׳ יהושע [krupnik-1927+ben-yehuda-rt; 0; 0.00] | ר׳ יוחנן [krupnik-1927+ben-yehuda-rt; 0; 0.00] | ר׳ יוסי [krupnik-1927; 0; 0.00] | ר׳ ישמעאל [krupnik-1927+ben-yehuda-rt; 0; 0.00] | רבי יהודה [he-wiktionary; 3946; 0.43] | רבי יוחנן [he-wiktionary; 5641; 0.52] | רבי יהושע [he-wiktionary; 1639; 0.43] | רבי יוסי [he-wiktionary; 4787; 0.48]
וכ״מ	rabbinic	1372	AMBIGUOUS	וכל מקום [ben-yehuda-rt; 249; 0.03] | וכן מצינו [ben-yehuda-rt; 787; 0.02] | וכן משמע [ben-yehuda-rt; 1611; 0.54] | (proclitic) וכל מה [base; 1064; 0.00] | (proclitic) וכן מוכח [base; 745; 0.58] | (proclitic) וכבודו מחול [base; 1; 0.00] | (proclitic) וכבוד מלכותו [base; 0; 0.00] | (proclitic) וכבוד מנוחתו [base; 0; 0.00]
ב״ר	kabbalah	1371	AMBIGUOUS	בן רבי [krupnik-1927+he-wiktionary+ben-yehuda-rt; 8; 0.24] | בראשית רבה [krupnik-1927+he-wiktionary+ben-yehuda-rt; 344; 0.32] | בית ראשון [krupnik-1927+ben-yehuda-rt; 133; 0.00] | ב׳ רשויות [krupnik-1927+ben-yehuda-rt; 0; 0.00] | בריך רחמנא [krupnik-1927+ben-yehuda-rt; 62; 0.05] | בן רֶבּ [he-wiktionary+ben-yehuda-rt; 0; 0.07] | בהן רגל [ben-yehuda-rt; 0; 0.00] | ביאה ראשונה [ben-yehuda-rt; 28; 0.00]
וכ׳	kabbalah	1366	AMBIGUOUS	וכתב [ben-yehuda-rt; 354; 0.76] | וכתיב [ben-yehuda-rt; 3335; 0.14] | (proclitic) וכבוד [base; 458; 0.07] | (proclitic) וכה [base; 123; 0.01] | (proclitic) וכך [base; 1317; 0.03] | (proclitic) וכל [base; 14554; 0.05] | (proclitic) וכלל [base; 406; 0.01] | (proclitic) וכמו [base; 8738; 0.06]
מהר״ר	rabbinic	1355	AMBIGUOUS	מורינו הרב רבי [ben-yehuda-rt; 2; 0.32] | מעלת הרבני רבי [ben-yehuda-rt; 0; 0.00] | (proclitic) מהרב רבינו [base; 2; 0.00]
ממ״ש	rabbinic	1340	AMBIGUOUS	מדות משובחות [ben-yehuda-rt; 0; 0.00] | מכל מקום שהוא [ben-yehuda-rt; 3; 0.00] | ממה שכתבתי [ben-yehuda-rt; 50; 0.36] | ממשמע שנאמר [ben-yehuda-rt; 109; 0.00] | מסכת מעשר שני [ben-yehuda-rt; 10; 0.00] | משום מעשה שהיה [ben-yehuda-rt; 27; 0.00] | (proclitic) ממוצאי שבת [base; 9; 0.00] | (proclitic) ממלכות שמים [base; 5; 0.00]
מבע״י	rabbinic	1334	REVIEW	מבעוד יום [ben-yehuda-rt; 1597; 0.78] | (proclitic) מבעזרתו יתברך [base; 0; 0.00] | (proclitic) מבעין יעקב [base; 0; 0.00] | (proclitic) מבעין יפה [base; 0; 0.00] | (proclitic) מבעל עקדת יצחק [base; 0; 0.00] | (proclitic) מבעשר ידות [base; 0; 0.00]
וא׳	rabbinic	1317	AMBIGUOUS	ואחד [ben-yehuda-rt; 8822; 0.29] | ואחר [ben-yehuda-rt; 14537; 0.00] | ואמר [ben-yehuda-rt; 24738; 0.03]
הא״ר	rabbinic	1313	AMBIGUOUS	האשה רבה [ben-yehuda-rt; 204; 0.00] | הולכין אחר רוב [ben-yehuda-rt; 29; 0.00] | (proclitic) האמר רב [base; 0; 0.00] | (proclitic) האמר רבי [base; 0; 0.00] | (proclitic) האל רחום [base; 0; 0.00] | (proclitic) האליהו רבה [base; 0; 0.00]
עו״ש	rabbinic	1299	AMBIGUOUS	עבדים ושפחות [ben-yehuda-rt; 87; 0.00] | עבר ושנה [ben-yehuda-rt; 9; 0.00] | עוברים ושבים [ben-yehuda-rt; 73; 0.00] | עוד שם [ben-yehuda-rt; 1151; 0.20] | עולה ושלמים [ben-yehuda-rt; 70; 0.00] | עולת שבת [ben-yehuda-rt; 64; 0.00] | עולת שמואל [ben-yehuda-rt; 43; 0.01] | ערבית ושחרית [ben-yehuda-rt; 66; 0.00]
ח״ב	kabbalah	1286	AMBIGUOUS	חד בהון [ben-yehuda-rt; 46; 0.00] | חושד בכשרים [ben-yehuda-rt; 0; 0.00] | חורבן בית [ben-yehuda-rt; 73; 0.00] | חורבן ביתר [ben-yehuda-rt; 0; 0.00] | חזור בך [ben-yehuda-rt; 26; 0.00] | חיי בשרים [ben-yehuda-rt; 0; 0.00] | חכם באשי [ben-yehuda-rt; 0; 0.00] | חכמה בינה [ben-yehuda-rt; 174; 0.00]
היצה״ר	kabbalah	1281	REVIEW	היצר הרע [ben-yehuda-rt; 1194; 0.82]
ח״ג	rabbinic	1251	AMBIGUOUS	חד גברא [ben-yehuda-rt; 46; 0.00] | חד גדיא [ben-yehuda-rt; 61; 0.00] | חדושי גאונים [ben-yehuda-rt; 0; 0.00] | חובת גברא [ben-yehuda-rt; 63; 0.00] | חובת גליות [ben-yehuda-rt; 0; 0.00] | חיוב גברא [ben-yehuda-rt; 0; 0.00] | חירק גדול [ben-yehuda-rt; 1; 0.00] | חכם גדול [ben-yehuda-rt; 192; 0.01]
וע״ז	rabbinic	1247	REVIEW	ועל זה [ben-yehuda-rt; 3331; 0.87] | (proclitic) ועבודה זרה [base; 43; 0.02] | (proclitic) ועבודה זאת [base; 0; 0.00] | (proclitic) ועבר זמנו [base; 3; 0.00] | (proclitic) ועד זומם [base; 2; 0.00] | (proclitic) ועטרת זהב [base; 16; 0.00] | (proclitic) ועטרת זקנים [base; 5; 0.02] | (proclitic) ועין זיתים [base; 0; 0.00]
וע׳	kabbalah	1208	REVIEW	ועיין [ben-yehuda-rt; 3291; 0.39] | (proclitic) ועבירה [base; 32; 0.00] | (proclitic) ועד [base; 2484; 0.00] | (proclitic) ועולם [base; 426; 0.00] | (proclitic) ועין [base; 129; 0.23] | (proclitic) ועל [base; 15553; 0.03] | (proclitic) ועלה [base; 350; 0.04] | (proclitic) ועמוד [base; 57; 0.01]
ודו״ק	kabbalah	1199	AMBIGUOUS	ודוחק קצת [he-wiktionary+ben-yehuda-rt; 0; 0.00] | ודייק ותמצא קל [he-wiktionary; 0; 0.00] | ועיין דברי ותמצאם קלים [he-wiktionary; 0; 0.00] | ודקדק ומצא קושטא [he-wiktionary; 0; 0.00]
נה״י	kabbalah	1191	REVIEW	נצח הוד יסוד [ben-yehuda-rt; 139; 0.21]
במ״ש	rabbinic	1189	AMBIGUOUS	במה שאמר [ben-yehuda-rt; 517; 0.15] | במה שהוא [ben-yehuda-rt; 617; 0.00] | במוצאי שבת [ben-yehuda-rt; 773; 0.08] | במלות שונות [ben-yehuda-rt; 22; 0.00] | (proclitic) במלכות שמים [base; 31; 0.00] | (proclitic) במורא שמים [base; 1; 0.00] | (proclitic) במאי שנא [base; 0; 0.00] | (proclitic) במה שכתוב [base; 99; 0.04]
רמ״ח	kabbalah	1178	AMBIGUOUS	ר' משה חאגיז [ben-yehuda-rt; 0; 0.00] | ר' משה חזן [ben-yehuda-rt; 0; 0.00] | ר' משה חיים [ben-yehuda-rt; 0; 0.00] | ר' משה חריף [ben-yehuda-rt; 0; 0.00]
הל׳	rabbinic	1177	AMBIGUOUS	הלכה [ben-yehuda-rt; 12800; 0.10] | הלכות [ben-yehuda-rt; 3369; 0.38] | הלשון [ben-yehuda-rt; 3994; 0.01] | (proclitic) הלה [base; 0; 0.00] | (proclitic) הלו [base; 0; 0.00] | (proclitic) הליה [base; 0; 0.00] | (proclitic) הליכא [base; 0; 0.00] | (proclitic) הלילה [base; 0; 0.00]
וע״ש	rabbinic	1162	REVIEW	וערב שבת [ben-yehuda-rt; 21; 0.03] | (proclitic) ועיין שם [base; 306; 0.60] | (proclitic) ועל שם [base; 283; 0.08] | (proclitic) ועל שום [base; 4; 0.00] | (proclitic) ועבור שנים [base; 1; 0.00] | (proclitic) ועד שאתה [base; 0; 0.00] | (proclitic) ועדות שוה [base; 0; 0.00] | (proclitic) ועדות שניה [base; 0; 0.00]
ח״ג	kabbalah	1160	AMBIGUOUS	חד גברא [ben-yehuda-rt; 9; 0.00] | חד גדיא [ben-yehuda-rt; 3; 0.00] | חדושי גאונים [ben-yehuda-rt; 0; 0.00] | חובת גברא [ben-yehuda-rt; 40; 0.00] | חובת גליות [ben-yehuda-rt; 0; 0.00] | חיוב גברא [ben-yehuda-rt; 0; 0.00] | חירק גדול [ben-yehuda-rt; 0; 0.00] | חכם גדול [ben-yehuda-rt; 61; 0.01]
שכנה״ג	rabbinic	1160	REVIEW	שיורי כנסת הגדולה [ben-yehuda-rt; 4; 0.03] | (proclitic) שכנסת הגדולה [base; 0; 0.00]
די״ל	rabbinic	1136	AMBIGUOUS	דיש להקשות [ben-yehuda-rt; 21; 0.07] | דיש לומר [ben-yehuda-rt; 205; 0.57] | (proclitic) דיש לפרש [base; 42; 0.25] | (proclitic) דיש לתרץ [base; 19; 0.09] | (proclitic) דיש לשאול [base; 3; 0.05] | (proclitic) דיראה לי [base; 0; 0.00] | (proclitic) דיהודה לב [base; 0; 0.00] | (proclitic) דיד לשון [base; 0; 0.00]
במ״א	rabbinic	1125	AMBIGUOUS	במדינות אלו [ben-yehuda-rt; 373; 0.00] | במדרש אגדה [ben-yehuda-rt; 5; 0.00] | במכתב אליהו [ben-yehuda-rt; 1; 0.00] | במלות אחרות [ben-yehuda-rt; 2; 0.00] | במנהג אשכנז [ben-yehuda-rt; 3; 0.01] | במקום אחד [ben-yehuda-rt; 1159; 0.00] | במקום אחים [ben-yehuda-rt; 4; 0.00] | במקום אחר [ben-yehuda-rt; 2552; 0.23]
דמ״מ	rabbinic	1124	REVIEW	דמכל מקום [ben-yehuda-rt; 146; 0.70] | (proclitic) דממלא מקום [base; 1; 0.03] | (proclitic) דמקרא מגילה [base; 6; 0.03] | (proclitic) דמראה מקום [base; 3; 0.00] | (proclitic) דמגיד משנה [base; 1; 0.00] | (proclitic) דמאי משמע [base; 0; 0.00] | (proclitic) דמאזני משקל [base; 0; 0.00] | (proclitic) דמאמר מרדכי [base; 0; 0.00]
וע׳	rabbinic	1117	REVIEW	ועיין [ben-yehuda-rt; 19757; 0.39] | (proclitic) ועבירה [base; 88; 0.00] | (proclitic) ועד [base; 6588; 0.00] | (proclitic) ועולם [base; 305; 0.00] | (proclitic) ועין [base; 1423; 0.23] | (proclitic) ועל [base; 30329; 0.03] | (proclitic) ועלה [base; 934; 0.04] | (proclitic) ועמוד [base; 190; 0.01]
בס״פ	rabbinic	1114	AMBIGUOUS	בסוף פסוק [ben-yehuda-rt; 22; 0.02] | בסוף פרשה [ben-yehuda-rt; 10; 0.01] | (proclitic) בסבה פועלת [base; 0; 0.00] | (proclitic) בסוד פסוק [base; 4; 0.06] | (proclitic) בסוף פרק [base; 542; 0.46] | (proclitic) בסעודת פורים [base; 26; 0.00] | (proclitic) בס' פעמים [base; 0; 0.00] | (proclitic) בספר פליאה [base; 0; 0.00]
ברכ״י	rabbinic	1101	REVIEW	ברכי יוסף [ben-yehuda-rt; 84; 0.08]
הר״י	rabbinic	1097	REVIEW	המלך רם ישרון [ben-yehuda-rt; 0; 0.00] | (proclitic) הר׳ יהושע [base; 0; 0.00] | (proclitic) הר׳ יוחנן [base; 0; 0.00] | (proclitic) הר׳ יוסי [base; 0; 0.00] | (proclitic) הר׳ ישמעאל [base; 0; 0.00] | (proclitic) הרבי יהודה [base; 0; 0.00] | (proclitic) הרבי יוחנן [base; 0; 0.00] | (proclitic) הרבי יהושע [base; 0; 0.00]
בס׳	kabbalah	1049	AMBIGUOUS	בסברא [ben-yehuda-rt; 16; 0.00] | בסדרא [ben-yehuda-rt; 12; 0.00] | בסיני [ben-yehuda-rt; 248; 0.02] | בסך [ben-yehuda-rt; 17; 0.00] | בסימן [ben-yehuda-rt; 152; 0.10] | בסמיכות [ben-yehuda-rt; 7; 0.02] | בסעיף [ben-yehuda-rt; 4; 0.12] | בספר [ben-yehuda-rt; 1784; 0.46]
וצ״ל	rabbinic	1049	REVIEW	וצריך לומר [ben-yehuda-rt; 320; 0.40] | (proclitic) וצבי לצדיק [base; 0; 0.00] | (proclitic) וצדה לדרך [base; 1; 0.00] | (proclitic) וצדיק לברכה [base; 0; 0.00] | (proclitic) וצלמים [base; 4; 0.00] | (proclitic) וצפון לדרום [base; 0; 0.00] | (proclitic) וצפון להיות [base; 0; 0.00] | (proclitic) וצפון לומר [base; 0; 0.00]
בפ״ה	rabbinic	1044	AMBIGUOUS	בורא פרי האדמה [ben-yehuda-rt; 399; 0.02] | בורא פרי העץ [ben-yehuda-rt; 269; 0.02] | בפעלי השליחים [ben-yehuda-rt; 0; 0.00] | (proclitic) בפאר הדור [base; 3; 0.07] | (proclitic) בפאת השלחן [base; 13; 0.01] | (proclitic) בפדיון הבכורים [base; 0; 0.00] | (proclitic) בפדיון הבן [base; 32; 0.02] | (proclitic) בפטום הקטרת [base; 2; 0.00]
ח״א	kabbalah	1022	AMBIGUOUS	חד אמר [krupnik-1927+ben-yehuda-rt; 155; 0.00] | חכמים אומרים [krupnik-1927+ben-yehuda-rt; 0; 0.00] | חלק א׳ [krupnik-1927+ben-yehuda-rt; 134; 0.06] | חידושי אגדות [krupnik-1927; 4; 0.02] | ח' אמות [ben-yehuda-rt; 0; 0.00] | חביב אדם [ben-yehuda-rt; 11; 0.00] | חדושי אגדות [ben-yehuda-rt; 0; 0.00] | חדש אלול [ben-yehuda-rt; 8; 0.00]
דע״כ	rabbinic	1017	AMBIGUOUS	דעביד כמר [ben-yehuda-rt; 18; 0.02] | דעלמא כולי [ben-yehuda-rt; 3; 0.05] | (proclitic) דעד כאן [base; 176; 0.46] | (proclitic) דעד כמה [base; 8; 0.00] | (proclitic) דעל כרחך [base; 89; 0.64] | (proclitic) דעבד כנעני [base; 7; 0.04] | (proclitic) דעבודת ככבים [base; 0; 0.00] | (proclitic) דעד כותי [base; 0; 0.00]
מש״ז	rabbinic	996	AMBIGUOUS	מוציא שכבת זרע [ben-yehuda-rt; 2; 0.00] | מי שזכה [ben-yehuda-rt; 91; 0.00] | משבצות זהב [ben-yehuda-rt; 61; 0.08] | משום זה [ben-yehuda-rt; 263; 0.00] | משום זוגות [ben-yehuda-rt; 13; 0.00] | משכב זכר [ben-yehuda-rt; 31; 0.00] | משקין שזבו [ben-yehuda-rt; 42; 0.00] | (proclitic) משנה זו [base; 272; 0.00]
וע״ד	rabbinic	994	AMBIGUOUS	ועוקר דירתו [ben-yehuda-rt; 3; 0.00] | ועל דא [ben-yehuda-rt; 337; 0.17] | ועל דבר [ben-yehuda-rt; 279; 0.08] | ועל דעת [ben-yehuda-rt; 262; 0.03] | ועל דרך [ben-yehuda-rt; 767; 0.31] | (proclitic) ועדת דבורים [base; 0; 0.00] | (proclitic) ועוברי דרך [base; 1; 0.00] | (proclitic) ועיר דוד [base; 0; 0.00]
שע״ת	rabbinic	992	AMBIGUOUS	שערי תורה [ben-yehuda-rt; 8; 0.00] | שערי תפלה [ben-yehuda-rt; 30; 0.00] | שערי תשובה [ben-yehuda-rt; 91; 0.01] | (proclitic) שעגלא תלתא [base; 0; 0.00] | (proclitic) שעול תורה [base; 0; 0.00] | (proclitic) שעולת תמיד [base; 0; 0.00] | (proclitic) שעיון תפלה [base; 0; 0.00] | (proclitic) שעיין תשובה [base; 0; 0.00]
וכ׳	rabbinic	977	AMBIGUOUS	וכתב [ben-yehuda-rt; 29329; 0.76] | וכתיב [ben-yehuda-rt; 6761; 0.14] | (proclitic) וכבוד [base; 1174; 0.07] | (proclitic) וכה [base; 367; 0.01] | (proclitic) וכך [base; 6984; 0.03] | (proclitic) וכל [base; 34589; 0.05] | (proclitic) וכלל [base; 740; 0.01] | (proclitic) וכמו [base; 11226; 0.06]
בפ״א	rabbinic	956	AMBIGUOUS	בורא פרי אדמה [krupnik-1927+ben-yehuda-rt; 1; 0.00] | בפעם אחת [krupnik-1927+ben-yehuda-rt; 468; 0.02] | בפה אחד [krupnik-1927+ben-yehuda-rt; 15; 0.00] | בפרשה א׳ [krupnik-1927; 5; 0.00] | בפרק א׳ [krupnik-1927; 122; 0.81] | בפסוק א׳ [krupnik-1927; 37; 0.00] | בפעם אחר [ben-yehuda-rt; 6; 0.00] | בפרצוף אחד [ben-yehuda-rt; 1; 0.00]
תשו׳	rabbinic	954	REVIEW	תשובה [ben-yehuda-rt; 12431; 0.03]
וה״נ	rabbinic	950	REVIEW	והוא הדין נמי [ben-yehuda-rt; 44; 0.08] | (proclitic) והכי נמי [base; 304; 0.72] | (proclitic) והכא נמי [base; 252; 0.60] | (proclitic) והוא ניהו [base; 7; 0.01] | (proclitic) והושיעה נא [base; 139; 0.00] | (proclitic) והזכרת נשמות [base; 1; 0.14] | (proclitic) והיה נראה [base; 156; 0.01] | (proclitic) והלכו נמישות [base; 0; 0.00]
בשו״ת	rabbinic	949	AMBIGUOUS	בשאלות ותשובות [ben-yehuda-rt; 5; 0.02] | בשומע תפלה [ben-yehuda-rt; 200; 0.00] | (proclitic) בשב ואל תעשה [base; 196; 0.01] | (proclitic) בשוא ותפל [base; 0; 0.00] | (proclitic) בשוחרי תורה [base; 0; 0.00] | (proclitic) בשור תם [base; 6; 0.00] | (proclitic) בשירות ותשבחות [base; 47; 0.00]
וא׳	kabbalah	944	AMBIGUOUS	ואחד [ben-yehuda-rt; 1260; 0.29] | ואחר [ben-yehuda-rt; 4681; 0.00] | ואמר [ben-yehuda-rt; 8717; 0.03]
י״ל	talmud	944	AMBIGUOUS	יש לומר [krupnik-1927+he-wiktionary+ben-yehuda-rt; 407; 0.85] | יש לפרש [krupnik-1927+ben-yehuda-rt; 291; 0.72] | יש להקשות [krupnik-1927+ben-yehuda-rt; 25; 0.43] | יש לתרץ [krupnik-1927+ben-yehuda-rt; 28; 0.45] | יש לשאול [krupnik-1927+ben-yehuda-rt; 2; 0.41] | יראה לי [he-wiktionary; 0; 0.18] | יהודה לב [he-wiktionary; 0; 0.00] | יד לשון [ben-yehuda-rt; 0; 0.00]
מהרי״ק	rabbinic	927	AMBIGUOUS	מורינו הרב ר' יוסף קארו [ben-yehuda-rt; 0; 0.00] | מורינו הרב ר' יוסף קולין [ben-yehuda-rt; 0; 0.00] | מורינו הרב ר' יעקב קוריאל [ben-yehuda-rt; 0; 0.00]
רמ״ח	rabbinic	918	AMBIGUOUS	ר' משה חאגיז [ben-yehuda-rt; 0; 0.00] | ר' משה חזן [ben-yehuda-rt; 0; 0.00] | ר' משה חיים [ben-yehuda-rt; 0; 0.00] | ר' משה חריף [ben-yehuda-rt; 0; 0.00]
וכ״כ	kabbalah	885	AMBIGUOUS	וכבר כתבתי [ben-yehuda-rt; 54; 0.17] | וכל כך [ben-yehuda-rt; 68; 0.00] | וכן כתב [ben-yehuda-rt; 49; 0.61] | (proclitic) וכמו כן [base; 1579; 0.03] | (proclitic) וכופרא כפרה [base; 0; 0.00] | (proclitic) וכח כחו [base; 0; 0.00] | (proclitic) וכך כתב [base; 1; 0.43] | (proclitic) וכלאי כרם [base; 0; 0.00]
המ״מ	rabbinic	880	AMBIGUOUS	המגיד משרים [ben-yehuda-rt; 0; 0.07] | המגיד משנה [ben-yehuda-rt; 78; 0.53] | המוציא מחברו [ben-yehuda-rt; 56; 0.00] | (proclitic) המכל מקום [base; 0; 0.00] | (proclitic) הממלא מקום [base; 0; 0.00] | (proclitic) המקרא מגילה [base; 0; 0.00] | (proclitic) המראה מקום [base; 0; 0.00] | (proclitic) המאי משמע [base; 0; 0.00]
בד׳	kabbalah	878	REVIEW	בדרך [ben-yehuda-rt; 3325; 0.00] | (proclitic) בדא [base; 872; 0.00] | (proclitic) בדבר [base; 1860; 0.00] | (proclitic) בדגש [base; 13; 0.00] | (proclitic) בדין [base; 563; 0.01] | (proclitic) בדלת [base; 9; 0.02] | (proclitic) בדמוע [base; 0; 0.00] | (proclitic) בדעת [base; 906; 0.01]
חג״ת	kabbalah	878	REVIEW	חסד גבורה תפארת [ben-yehuda-rt; 30; 0.21]
רש״ל	rabbinic	866	AMBIGUOUS	ר' שלמה לוריא [ben-yehuda-rt; 0; 0.00] | ר' שלמה ליב [ben-yehuda-rt; 0; 0.00] | רפאל שלמה לו [ben-yehuda-rt; 0; 0.00]
הרא״מ	rabbinic	864	AMBIGUOUS	הרב ר' אליהו מזרחי [ben-yehuda-rt; 1; 0.05] | הרב ר' אליעזר ממיץ [ben-yehuda-rt; 5; 0.03] | הרב ר' אלכסנדר מרגליות [ben-yehuda-rt; 0; 0.00] | הרי את מגורשת [ben-yehuda-rt; 38; 0.00] | הרי את מותרת [ben-yehuda-rt; 98; 0.03] | (proclitic) הרבי אליעזר ממיץ [base; 0; 0.00] | (proclitic) הרבי אליהו מזרחי [base; 0; 0.00] | (proclitic) הראה מעשה [base; 0; 0.00]
בפ״ו	rabbinic	858	REVIEW	בינוני פועל [ben-yehuda-rt; 7; 0.00] | (proclitic) בפודה ומציל [base; 0; 0.00] | (proclitic) בפריה ורביה [base; 118; 0.00] | (proclitic) בפרנסים ומנהיגים [base; 0; 0.00]
ור״ל	kabbalah	856	REVIEW	ורוצה לומר [ben-yehuda-rt; 4; 0.30] | (proclitic) וריש לקיש [base; 16; 0.51] | (proclitic) ורחמנא ליצלן [base; 0; 0.00] | (proclitic) וראוי לברכה [base; 0; 0.00] | (proclitic) וראוי להיות [base; 12; 0.00] | (proclitic) וראוי לו [base; 5; 0.04] | (proclitic) וראוי לחופה [base; 0; 0.00] | (proclitic) וראוי לתקן [base; 0; 0.00]
ק״ק	rabbinic	854	AMBIGUOUS	קהילת קודש [he-wiktionary; 0; 0.00] | קודשי קדשים [he-wiktionary; 0; 0.02] | קבלת קנין [ben-yehuda-rt; 2; 0.00] | קדושין קדושין [ben-yehuda-rt; 2; 0.00] | קדשים קלים [ben-yehuda-rt; 279; 0.00] | קדשי קדשים [ben-yehuda-rt; 353; 0.05] | קהלה קדושה [ben-yehuda-rt; 5; 0.05] | קהלות קדש [ben-yehuda-rt; 2; 0.00]
הב״ד	rabbinic	851	AMBIGUOUS	הבית דין [ben-yehuda-rt; 133; 0.39] | הודעת בעל דין [ben-yehuda-rt; 0; 0.00] | הרוגי בית דין [ben-yehuda-rt; 17; 0.00] | (proclitic) הבן דוד [base; 0; 0.00] | (proclitic) הבן דעת [base; 0; 0.00] | (proclitic) הבסיעתא דשמיא [base; 0; 0.00] | (proclitic) הבעל דבר [base; 0; 0.00] | (proclitic) הבעל דין [base; 0; 0.00]
מל׳	kabbalah	851	AMBIGUOUS	מלאים [ben-yehuda-rt; 296; 0.00] | מלך [ben-yehuda-rt; 5271; 0.01] | מלכות [ben-yehuda-rt; 6633; 0.12] | מלשון [ben-yehuda-rt; 2038; 0.10] | (proclitic) מלה [base; 1614; 0.00] | (proclitic) מלו [base; 15; 0.00] | (proclitic) מליה [base; 1; 0.00] | (proclitic) מליכא [base; 0; 0.00]
וא״כ	talmud	843	AMBIGUOUS	ואין כל [ben-yehuda-rt; 59; 0.00] | ואם כן [ben-yehuda-rt; 397; 0.64] | ואמרו כולם [ben-yehuda-rt; 0; 0.06] | (proclitic) ואדם כשר [base; 1; 0.08] | (proclitic) ואינו כדאי [base; 0; 0.01] | (proclitic) ואם כך [base; 0; 0.10] | (proclitic) ואין כאלוקינו [base; 0; 0.00] | (proclitic) ואין כסף [base; 8; 0.00]
בח״א	rabbinic	842	AMBIGUOUS	בחידושי אגדות [ben-yehuda-rt; 5; 0.19] | בחלב אמו [ben-yehuda-rt; 167; 0.00] | בחלק א' [ben-yehuda-rt; 86; 0.21] | (proclitic) בחד אמר [base; 3; 0.00] | (proclitic) בחכמים אומרים [base; 0; 0.00] | (proclitic) בח' אמות [base; 0; 0.00] | (proclitic) בחביב אדם [base; 0; 0.00] | (proclitic) בחדושי אגדות [base; 2; 0.15]
הק׳	rabbinic	841	AMBIGUOUS	הקדוש [ben-yehuda-rt; 15717; 0.06] | הקטן [ben-yehuda-rt; 2612; 0.04] | (proclitic) הקב [base; 0; 0.00] | (proclitic) הקבלה [base; 0; 0.00] | (proclitic) הקבר [base; 0; 0.00] | (proclitic) הקדיש [base; 0; 0.00] | (proclitic) הקהלה [base; 0; 0.00] | (proclitic) הקול [base; 0; 0.00]
הת״ת	kabbalah	841	REVIEW	הלכות תלמוד תורה [ben-yehuda-rt; 1; 0.00] | (proclitic) התלמוד תורה [base; 0; 0.00] | (proclitic) התהלי תהלים [base; 0; 0.00] | (proclitic) התלמיד תורה [base; 0; 0.00] | (proclitic) התלמיד תלמידך [base; 0; 0.00] | (proclitic) התל תלפיות [base; 0; 0.00] | (proclitic) התנא תונא [base; 0; 0.00] | (proclitic) התקוני תשובה [base; 0; 0.00]
לד׳	kabbalah	841	AMBIGUOUS	לדברי [ben-yehuda-rt; 353; 0.00] | לדוגמא [ben-yehuda-rt; 10; 0.00] | לדעת [ben-yehuda-rt; 1765; 0.00] | (proclitic) לדא [base; 191; 0.00] | (proclitic) לדבר [base; 2237; 0.01] | (proclitic) לדגש [base; 2; 0.02] | (proclitic) לדין [base; 230; 0.01] | (proclitic) לדלת [base; 5; 0.20]
הרמב״מ	kabbalah	806	REVIEW	הרב רבינו משה בן מימון [ben-yehuda-rt; 0; 0.44] | (proclitic) הרבי משה בן מימון [base; 0; 0.00] | (proclitic) הראש מדברים בכל מקום [base; 0; 0.00] | (proclitic) הר' משה בן מיימון [base; 0; 0.00] | (proclitic) הרבות מופתי בארץ מצרים [base; 0; 0.00]
באו׳	rabbinic	800	AMBIGUOUS	באונס [ben-yehuda-rt; 1117; 0.00] | באור [ben-yehuda-rt; 2266; 0.01] | (proclitic) באורייתא [base; 475; 0.00]
לז״א	kabbalah	796	AMBIGUOUS	לזה אמר [ben-yehuda-rt; 714; 0.13] | למה זה אנכי [ben-yehuda-rt; 54; 0.02] | לזרע אב [ben-yehuda-rt; 0; 0.00] | (proclitic) לזאת אומרת [base; 0; 0.00] | (proclitic) לז' אותיות [base; 0; 0.00] | (proclitic) לזה אומר [base; 41; 0.05] | (proclitic) לזה אינו [base; 14; 0.00] | (proclitic) לזוג אחד [base; 0; 0.00]
הנז״ל	rabbinic	794	AMBIGUOUS	הנזכר להלן [ben-yehuda-rt; 2; 0.00] | הנזכר למעלה [ben-yehuda-rt; 72; 0.08]
כנז״ל	kabbalah	786	REVIEW	כנזכר למעלה [ben-yehuda-rt; 16; 0.12]
בב״ה	rabbinic	775	AMBIGUOUS	בבית האומן [ben-yehuda-rt; 15; 0.00] | בבית הכנסת [ben-yehuda-rt; 1424; 0.09] | בבית הכסא [ben-yehuda-rt; 173; 0.04] | בבית המדרש [ben-yehuda-rt; 277; 0.02] | בנין בית הבחירה [ben-yehuda-rt; 5; 0.00] | בנין בית המקדש [ben-yehuda-rt; 79; 0.01] | ברוך בעל הקבלה [ben-yehuda-rt; 0; 0.00] | (proclitic) בברוך השם [base; 0; 0.00]
עו״ת	rabbinic	773	AMBIGUOUS	עול תורה [ben-yehuda-rt; 63; 0.00] | עולת תמיד [ben-yehuda-rt; 102; 0.00]
נלע״ד	rabbinic	772	REVIEW	נראה לפי עניות דעתי [ben-yehuda-rt; 5; 0.26]
לג׳	rabbinic	767	REVIEW	לגרמיה [ben-yehuda-rt; 40; 0.01] | (proclitic) לגדולה [base; 251; 0.00] | (proclitic) לגבורה [base; 61; 0.08] | (proclitic) לגאולה [base; 254; 0.02] | (proclitic) לגלות [base; 1107; 0.01] | (proclitic) לגזירה [base; 219; 0.00] | (proclitic) לגאון [base; 148; 0.00] | (proclitic) לגדול [base; 450; 0.01]
בר״ח	rabbinic	760	AMBIGUOUS	בראש חדש [ben-yehuda-rt; 243; 0.75] | ברוב חסדיו [ben-yehuda-rt; 9; 0.02] | ברכת ראש חדש [ben-yehuda-rt; 0; 0.00] | בר ר' חייא [ben-yehuda-rt; 0; 0.03] | בר ר' חמא [ben-yehuda-rt; 0; 0.00] | בר רב חסדא [ben-yehuda-rt; 31; 0.00] | (proclitic) בראש חודש [base; 160; 0.60] | (proclitic) בר׳ חנינא [base; 0; 0.00]
וע״ש	kabbalah	752	REVIEW	וערב שבת [ben-yehuda-rt; 3; 0.03] | (proclitic) ועיין שם [base; 278; 0.60] | (proclitic) ועל שם [base; 41; 0.08] | (proclitic) ועל שום [base; 1; 0.00] | (proclitic) ועבור שנים [base; 0; 0.00] | (proclitic) ועד שאתה [base; 0; 0.00] | (proclitic) ועדות שוה [base; 0; 0.00] | (proclitic) ועדות שניה [base; 0; 0.00]
וע״ד	kabbalah	733	AMBIGUOUS	ועוקר דירתו [ben-yehuda-rt; 0; 0.00] | ועל דא [ben-yehuda-rt; 2968; 0.17] | ועל דבר [ben-yehuda-rt; 44; 0.08] | ועל דעת [ben-yehuda-rt; 8; 0.03] | ועל דרך [ben-yehuda-rt; 347; 0.31] | (proclitic) ועדת דבורים [base; 0; 0.00] | (proclitic) ועוברי דרך [base; 1; 0.00] | (proclitic) ועיר דוד [base; 1; 0.00]
היצה״ר	rabbinic	725	REVIEW	היצר הרע [ben-yehuda-rt; 756; 0.82]
לב׳	rabbinic	722	REVIEW	לבריאה [ben-yehuda-rt; 71; 0.01] | (proclitic) לבחור [base; 223; 0.00] | (proclitic) לבחינה [base; 39; 0.02] | (proclitic) לבינה [base; 593; 0.02] | (proclitic) לבית [base; 8303; 0.00] | (proclitic) לבן [base; 4947; 0.03] | (proclitic) לבעל [base; 3371; 0.01] | (proclitic) לבקר [base; 510; 0.00]
ו״ה	kabbalah	708	AMBIGUOUS	ווי העמודים [ben-yehuda-rt; 29; 0.01] | ויכוח הדת [ben-yehuda-rt; 0; 0.00]
מעכ״ת	rabbinic	708	AMBIGUOUS	מעלת כבוד תורתו [ben-yehuda-rt; 1; 0.01] | מעלת כבוד תפארתו [ben-yehuda-rt; 0; 0.00]
הס״ת	rabbinic	703	REVIEW	הלכות ספר תורה [ben-yehuda-rt; 11; 0.00] | (proclitic) הספר תורה [base; 0; 0.00] | (proclitic) הסופי תיבות [base; 0; 0.00] | (proclitic) הסדר תשליך [base; 0; 0.00] | (proclitic) הסדור תפלה [base; 0; 0.00] | (proclitic) הסופי תבות [base; 0; 0.00] | (proclitic) הסיבה תכלית [base; 0; 0.00] | (proclitic) הספרי תכונה [base; 0; 0.00]
מק״ק	rabbinic	703	AMBIGUOUS	מקהל קדש [ben-yehuda-rt; 0; 0.00] | מקרא קדש [ben-yehuda-rt; 271; 0.00] | (proclitic) מקהילת קודש [base; 0; 0.00] | (proclitic) מקודשי קדשים [base; 0; 0.00] | (proclitic) מקבלת קנין [base; 1; 0.00] | (proclitic) מקדושין קדושין [base; 0; 0.00] | (proclitic) מקדשים קלים [base; 4; 0.01] | (proclitic) מקדשי קדשים [base; 6; 0.00]
פ״י	rabbinic	701	AMBIGUOUS	פורת יוסף [ben-yehuda-rt; 41; 0.00] | פושעי ישראל [ben-yehuda-rt; 177; 0.00] | פחד יצחק [ben-yehuda-rt; 104; 0.00] | פירוש יפה [ben-yehuda-rt; 7; 0.00] | פני יהושע [ben-yehuda-rt; 83; 0.00] | פני יצחק [ben-yehuda-rt; 33; 0.01] | פנים יפות [ben-yehuda-rt; 223; 0.00] | פנת יקרת [ben-yehuda-rt; 16; 0.00]
כמש״ל	kabbalah	699	AMBIGUOUS	כמו שאכתוב לקמן [ben-yehuda-rt; 0; 0.03] | כמו שכתבתי למעלה [ben-yehuda-rt; 0; 0.02] | כמו שנוהגין לעשות [ben-yehuda-rt; 0; 0.00] | (proclitic) כמה שכתבתי למעלה [base; 0; 0.00] | (proclitic) כמה שנהגו לומר [base; 0; 0.00] | (proclitic) כמוציא שם לבטלה [base; 0; 0.00] | (proclitic) כמוריש שבועה לבניו [base; 0; 0.00] | (proclitic) כמשכחת ליה [base; 0; 0.00]
בפ״ז	rabbinic	698	REVIEW	בפני זה [ben-yehuda-rt; 199; 0.00] | (proclitic) בפירוש זה [base; 41; 0.02] | (proclitic) בפירוש זולתי [base; 0; 0.00] | (proclitic) בפנה זיוה [base; 0; 0.00] | (proclitic) בפסיקתא זוטרתי [base; 4; 0.00] | (proclitic) בפרק זה [base; 303; 0.01] | (proclitic) בפרשה זו [base; 376; 0.02] | (proclitic) בפרשת זכור [base; 9; 0.00]
דמ״ש	rabbinic	695	AMBIGUOUS	דמי משלוח [he-wiktionary; 0; 0.00] | דמי שכירות [he-wiktionary; 9; 0.00] | דין משמעתי [he-wiktionary; 0; 0.00] | דע מה שתשיב [he-wiktionary+ben-yehuda-rt; 2; 0.00] | דרך משל [he-wiktionary+ben-yehuda-rt; 543; 0.00] | דמי שחיטה [ben-yehuda-rt; 1; 0.00] | דרש משה [ben-yehuda-rt; 14; 0.01] | (proclitic) דמוצאי שבת [base; 4; 0.00]
חס״ל	rabbinic	695	REVIEW	חסד לאברהם [ben-yehuda-rt; 136; 0.00]
מחב״ר	rabbinic	693	REVIEW	מחזיק ברכה [ben-yehuda-rt; 95; 0.02] | (proclitic) מחורבן בית ראשון [base; 2; 0.00]
ודו״ק	rabbinic	690	AMBIGUOUS	ודוחק קצת [he-wiktionary+ben-yehuda-rt; 3; 0.00] | ודייק ותמצא קל [he-wiktionary; 0; 0.00] | ועיין דברי ותמצאם קלים [he-wiktionary; 0; 0.00] | ודקדק ומצא קושטא [he-wiktionary; 0; 0.00]
לד׳	rabbinic	682	AMBIGUOUS	לדברי [ben-yehuda-rt; 5103; 0.00] | לדוגמא [ben-yehuda-rt; 86; 0.00] | לדעת [ben-yehuda-rt; 10382; 0.00] | (proclitic) לדא [base; 48; 0.00] | (proclitic) לדבר [base; 9804; 0.01] | (proclitic) לדגש [base; 2; 0.02] | (proclitic) לדין [base; 2201; 0.01] | (proclitic) לדלת [base; 43; 0.20]
למ״ש	rabbinic	664	AMBIGUOUS	למה שכתבתי [ben-yehuda-rt; 83; 0.31] | למוצאי שבת [ben-yehuda-rt; 142; 0.07] | למנין שטרות [ben-yehuda-rt; 0; 0.00] | (proclitic) למלכות שמים [base; 41; 0.08] | (proclitic) למורא שמים [base; 3; 0.00] | (proclitic) למאי שנא [base; 0; 0.00] | (proclitic) למה שכתוב [base; 52; 0.29] | (proclitic) למצה שמורה [base; 3; 0.00]
שאח״ז	rabbinic	662	AMBIGUOUS	שאחר זה [ben-yehuda-rt; 237; 0.11] | שאמרו חכמינו ז"ל [ben-yehuda-rt; 13; 0.00] | (proclitic) שאחות זקוקתו [base; 0; 0.00] | (proclitic) שאח זקן [base; 0; 0.00] | (proclitic) שאחר זמן [base; 0; 0.00]
לב״ה	rabbinic	659	REVIEW	לא בשמים הוא [ben-yehuda-rt; 5; 0.10] | (proclitic) לברוך השם [base; 0; 0.00] | (proclitic) לבעזרת השם [base; 0; 0.00] | (proclitic) לבית הלל [base; 81; 0.24] | (proclitic) לבניין הורדוס [base; 0; 0.00] | (proclitic) לבעולם הבא [base; 0; 0.00] | (proclitic) לברוך הבא [base; 0; 0.00] | (proclitic) לבאור המלה [base; 0; 0.00]
בפ״ח	rabbinic	648	REVIEW	בספר פרי חדש [ben-yehuda-rt; 0; 0.00] | (proclitic) בפה חנף [base; 7; 0.00] | (proclitic) בפוק חזי [base; 0; 0.00] | (proclitic) בפותח חותם [base; 0; 0.00] | (proclitic) בפטר חמור [base; 18; 0.00] | (proclitic) בפי חכם [base; 0; 0.00] | (proclitic) בפלפלא חריפתא [base; 0; 0.00] | (proclitic) בפני חומה [base; 0; 0.00]
כמו״ש	kabbalah	648	AMBIGUOUS	כמורא שמים [ben-yehuda-rt; 8; 0.00] | כמו שכתוב [ben-yehuda-rt; 1442; 0.12] | (proclitic) כמוצאי שבת [base; 0; 0.00] | (proclitic) כמוצא שבת [base; 0; 0.00] | (proclitic) כמוכה שחין [base; 0; 0.00] | (proclitic) כמועד ושבת [base; 0; 0.00]
א״ז	rabbinic	643	AMBIGUOUS	אין זה [he-wiktionary+ben-yehuda-rt; 3630; 0.00] | את זה [he-wiktionary+ben-yehuda-rt; 2008; 0.01] | אדוני זקני [he-wiktionary; 1; 0.00] | אדרא זוטא [he-wiktionary+ben-yehuda-rt; 10; 0.00] | אבי זקני [ben-yehuda-rt; 9; 0.03] | אבני זכרון [ben-yehuda-rt; 10; 0.00] | אדום זהב [ben-yehuda-rt; 0; 0.00] | אדני זהב [ben-yehuda-rt; 0; 0.00]
וג׳	kabbalah	641	REVIEW	וגומר [jastrow-1903; 474; 0.13] | (proclitic) וגדולה [base; 151; 0.00] | (proclitic) וגבורה [base; 809; 0.00] | (proclitic) וגאולה [base; 66; 0.00] | (proclitic) וגלות [base; 96; 0.00] | (proclitic) וגזירה [base; 15; 0.00] | (proclitic) וגאון [base; 12; 0.00] | (proclitic) וגדול [base; 272; 0.00]
מהר״ש	rabbinic	630	REVIEW	מורינו הרב ר' שלמה [ben-yehuda-rt; 0; 0.00]
וה״ר	rabbinic	624	REVIEW	והוא רחום [ben-yehuda-rt; 263; 0.00] | (proclitic) והביא ראיה [base; 822; 0.01] | (proclitic) והושענא רבה [base; 8; 0.00] | (proclitic) והיזק ראיה [base; 0; 0.00] | (proclitic) והלולא רבא [base; 0; 0.00]
ור״ח	rabbinic	624	REVIEW	ורב חסד [ben-yehuda-rt; 254; 0.00] | (proclitic) וראש חודש [base; 46; 0.32] | (proclitic) ור׳ חנינא [base; 0; 0.00] | (proclitic) ורב חסדא [base; 203; 0.07] | (proclitic) וראש חדש [base; 51; 0.43] | (proclitic) וראשית חכמה [base; 6; 0.01] | (proclitic) ור' חביבא [base; 0; 0.00] | (proclitic) ור' חייא [base; 0; 0.00]
דב״ב	rabbinic	621	REVIEW	ד' בנינים בו [ben-yehuda-rt; 0; 0.00] | (proclitic) דבן ברית [base; 0; 0.00] | (proclitic) דבני ברית [base; 0; 0.00] | (proclitic) דבבא בתרא [base; 133; 0.62] | (proclitic) דבהר בבחוקותי [base; 0; 0.00] | (proclitic) דבו ביום [base; 17; 0.00] | (proclitic) דבטל ברוב [base; 18; 0.00] | (proclitic) דבמהרה בימינו [base; 0; 0.00]
וב״ה	talmud	615	AMBIGUOUS	ובית הלל [ben-yehuda-rt; 648; 0.76] | ויהי בנסוע הארון [ben-yehuda-rt; 17; 0.00] | (proclitic) וברוך השם [base; 0; 0.00] | (proclitic) ובעזרת השם [base; 0; 0.00] | (proclitic) ובניין הורדוס [base; 0; 0.00] | (proclitic) ובעולם הבא [base; 9; 0.00] | (proclitic) וברוך הבא [base; 1; 0.00] | (proclitic) ובאור המלה [base; 0; 0.00]
ונת׳	kabbalah	606	REVIEW	ונתבאר [ben-yehuda-rt; 93; 0.14] | (proclitic) ונתיב [base; 16; 0.01]
ראבי״ה	rabbinic	605	AMBIGUOUS	ר' אליעז בר יואל הלוי [ben-yehuda-rt; 0; 0.00] | ר' אליעזר ב"ר יוסי הגלילי [ben-yehuda-rt; 0; 0.00] | ר' אליקים בן יהודה המילזאהגי [ben-yehuda-rt; 0; 0.00] | ר' אשר ב"ר יהודה הלוי [ben-yehuda-rt; 0; 0.00]
רי״ו	rabbinic	600	AMBIGUOUS	ר' יוסף וויאזין [ben-yehuda-rt; 0; 0.00] | ר' יעקב ווייל [ben-yehuda-rt; 0; 0.00]
י״ו	rabbinic	598	REVIEW	יעלה ויבא [ben-yehuda-rt; 412; 0.00]
הפ׳	kabbalah	597	AMBIGUOUS	הפוסקים [ben-yehuda-rt; 87; 0.02] | הפטרה [ben-yehuda-rt; 14; 0.05] | הפסוק [ben-yehuda-rt; 4022; 0.34] | הפרשה [ben-yehuda-rt; 609; 0.20] | (proclitic) הפאה [base; 0; 0.00] | (proclitic) הפורים [base; 0; 0.00] | (proclitic) הפחות [base; 0; 0.00] | (proclitic) הפיוט [base; 0; 0.00]
ר״ח	talmud	597	AMBIGUOUS	ראש חודש [krupnik-1927+he-wiktionary; 76; 0.49] | ר׳ חנינא [krupnik-1927+ben-yehuda-rt; 0; 0.00] | רב חסדא [krupnik-1927; 1783; 0.10] | ראש חדש [jastrow-1903+ben-yehuda-rt; 115; 0.51] | ראשית חכמה [ben-yehuda-rt; 7; 0.01] | רב חסד [ben-yehuda-rt; 1; 0.05] | ר' חביבא [ben-yehuda-rt; 0; 0.00] | ר' חייא [ben-yehuda-rt; 0; 0.00]
לע״ז	rabbinic	592	AMBIGUOUS	לבוש עטרת זהב [ben-yehuda-rt; 0; 0.00] | לעבודה זרה [ben-yehuda-rt; 298; 0.34] | לעת זקנה [ben-yehuda-rt; 15; 0.00] | לשון עם זה [ben-yehuda-rt; 0; 0.00] | לשון עם זר [ben-yehuda-rt; 0; 0.00] | (proclitic) לעל זה [base; 0; 0.00] | (proclitic) לעבודה זאת [base; 0; 0.06] | (proclitic) לעבר זמנו [base; 3; 0.04]
בע״ז	rabbinic	585	AMBIGUOUS	בעבודה זרה [krupnik-1927+ben-yehuda-rt; 290; 0.21] | בעילת זנות [krupnik-1927; 205; 0.00] | בעלי עבודה זרה [krupnik-1927; 0; 0.00] | בעבור זה [ben-yehuda-rt; 401; 0.01] | בעדים זוממין [ben-yehuda-rt; 20; 0.03] | בעילת זכות [ben-yehuda-rt; 0; 0.00] | בעין זוכר [ben-yehuda-rt; 3; 0.00] | בעל זכרון [ben-yehuda-rt; 4; 0.00]
וב״ה	rabbinic	585	AMBIGUOUS	ובית הלל [ben-yehuda-rt; 792; 0.76] | ויהי בנסוע הארון [ben-yehuda-rt; 31; 0.00] | (proclitic) וברוך השם [base; 6; 0.00] | (proclitic) ובעזרת השם [base; 2; 0.00] | (proclitic) ובניין הורדוס [base; 0; 0.00] | (proclitic) ובעולם הבא [base; 274; 0.00] | (proclitic) וברוך הבא [base; 1; 0.00] | (proclitic) ובאור המלה [base; 1; 0.00]
דה״ל	rabbinic	581	REVIEW	דבר המסור ללב [ben-yehuda-rt; 37; 0.00] | (proclitic) דהוה ליה [base; 592; 0.75] | (proclitic) דהוי ליה [base; 161; 0.76] | (proclitic) דהא לך [base; 2; 0.01] | (proclitic) דהיה לו [base; 132; 0.17] | (proclitic) דהלכתא למשיחא [base; 1; 0.00] | (proclitic) דהנזכר למעלה [base; 0; 0.00] | (proclitic) דהרי לך [base; 0; 0.00]
ספי׳	kabbalah	574	REVIEW	ספירה [ben-yehuda-rt; 453; 0.15]
הח׳	rabbinic	573	AMBIGUOUS	החבר [ben-yehuda-rt; 270; 0.00] | החכם [ben-yehuda-rt; 3035; 0.30] | החתום [ben-yehuda-rt; 213; 0.00] | החתן [ben-yehuda-rt; 880; 0.03] | (proclitic) החברה [base; 0; 0.00] | (proclitic) החדש [base; 0; 0.00] | (proclitic) החומש [base; 0; 0.00] | (proclitic) החזן [base; 0; 0.00]
ומ״ש	kabbalah	573	AMBIGUOUS	וכל מאמינים שהוא [ben-yehuda-rt; 5; 0.00] | ומאי שנא [ben-yehuda-rt; 19; 0.03] | ומה שכתב [ben-yehuda-rt; 10; 0.78] | ומה שנאמר [ben-yehuda-rt; 29; 0.01] | (proclitic) ומוצאי שבת [base; 2; 0.00] | (proclitic) ומלכות שמים [base; 11; 0.00] | (proclitic) ומורא שמים [base; 0; 0.00] | (proclitic) ומה שכתוב [base; 32; 0.01]
הנז״ל	kabbalah	572	AMBIGUOUS	הנזכר להלן [ben-yehuda-rt; 0; 0.00] | הנזכר למעלה [ben-yehuda-rt; 15; 0.08]
לק״א	rabbinic	571	AMBIGUOUS	לא קרי "א" [ben-yehuda-rt; 0; 0.00] | לקבר אבות [ben-yehuda-rt; 2; 0.00] | לקוטי אמרים [ben-yehuda-rt; 0; 0.00] | (proclitic) לק' אמה [base; 0; 0.00] | (proclitic) לקבלת אחריות [base; 0; 0.00] | (proclitic) לקול אלהים [base; 0; 0.00] | (proclitic) לקול אריה [base; 0; 0.00] | (proclitic) לקונטרס אחרון [base; 1; 0.00]
וע״ל	rabbinic	566	AMBIGUOUS	ועד לחכמיפ [ben-yehuda-rt; 0; 0.00] | ועיין לעיל [ben-yehuda-rt; 2934; 0.83] | ועיין לקמן [ben-yehuda-rt; 2431; 0.54] | (proclitic) ועדות לישראל [base; 4; 0.00] | (proclitic) ועובר לסוחר [base; 0; 0.00] | (proclitic) ועולה לדוכן [base; 7; 0.00] | (proclitic) ועולה לתורה [base; 2; 0.00] | (proclitic) ועיין להלן [base; 12; 0.46]
הה״א	rabbinic	560	AMBIGUOUS	הוא היה אומר [ben-yehuda-rt; 161; 0.00] | הרי הוא אומר [ben-yehuda-rt; 446; 0.00] | (proclitic) ההוה אמינא [base; 0; 0.00] | (proclitic) הה' אותיות [base; 0; 0.00] | (proclitic) הה' אלפים [base; 0; 0.00] | (proclitic) ההא אמרת [base; 0; 0.00] | (proclitic) ההוא אומר [base; 0; 0.00] | (proclitic) ההוא אלהים [base; 0; 0.00]
לא״א	rabbinic	559	AMBIGUOUS	לא אמרן אלא [ben-yehuda-rt; 213; 0.00] | לאבות אבותינו [ben-yehuda-rt; 0; 0.00] | לאדוני אבי [ben-yehuda-rt; 28; 0.74] | לאהוב אבי [ben-yehuda-rt; 0; 0.00] | לאו אורח ארעא [ben-yehuda-rt; 44; 0.00] | לאיש אלהים [ben-yehuda-rt; 1; 0.05] | לאשת אדוני [ben-yehuda-rt; 0; 0.00] | (proclitic) לאברהם אבינו [base; 240; 0.03]
דע״י	rabbinic	555	REVIEW	דעל ידי [ben-yehuda-rt; 157; 0.61] | (proclitic) דעבודת ישראל [base; 0; 0.00] | (proclitic) דעדי ישראל [base; 0; 0.00] | (proclitic) דעדים ישרים [base; 0; 0.00] | (proclitic) דעדת ישראל [base; 0; 0.00] | (proclitic) דעולת יצחק [base; 0; 0.00] | (proclitic) דעזרת ישראל [base; 1; 0.00] | (proclitic) דעין יעקב [base; 1; 0.00]
מדה״ר	kabbalah	554	REVIEW	מדת הרחמים [ben-yehuda-rt; 268; 0.10] | (proclitic) מדבר הרשות [base; 2; 0.00] | (proclitic) מדרך הרבים [base; 0; 0.00]
ק״א	rabbinic	553	AMBIGUOUS	ק' אמה [ben-yehuda-rt; 0; 0.00] | קבלת אחריות [ben-yehuda-rt; 13; 0.01] | קבר אבות [ben-yehuda-rt; 0; 0.00] | קול אלהים [ben-yehuda-rt; 59; 0.00] | קול אריה [ben-yehuda-rt; 3; 0.00] | קונטרס אחרון [ben-yehuda-rt; 4; 0.00] | קטני אמונה [ben-yehuda-rt; 1; 0.00] | קינת איכה [ben-yehuda-rt; 0; 0.00]
כמש״ל	rabbinic	546	AMBIGUOUS	כמו שאכתוב לקמן [ben-yehuda-rt; 16; 0.03] | כמו שכתבתי למעלה [ben-yehuda-rt; 142; 0.02] | כמו שנוהגין לעשות [ben-yehuda-rt; 0; 0.00] | (proclitic) כמה שכתבתי למעלה [base; 0; 0.00] | (proclitic) כמה שנהגו לומר [base; 0; 0.00] | (proclitic) כמוציא שם לבטלה [base; 0; 0.00] | (proclitic) כמוריש שבועה לבניו [base; 0; 0.00] | (proclitic) כמשכחת ליה [base; 0; 0.00]
בד״מ	rabbinic	545	AMBIGUOUS	בדיני ממונות [ben-yehuda-rt; 311; 0.04] | בדרבה מיניה [ben-yehuda-rt; 33; 0.00] | בדרכי משה [ben-yehuda-rt; 58; 0.36] | בדרך משל [ben-yehuda-rt; 34; 0.08] | בירא דשתית מינה [ben-yehuda-rt; 0; 0.00] | בתר דעבדין מתמלכין [ben-yehuda-rt; 4; 0.00] | (proclitic) בדגול מרבבה [base; 12; 0.27] | (proclitic) בדגים מלוחים [base; 6; 0.02]
ול״נ	rabbinic	541	AMBIGUOUS	ולא נברא [ben-yehuda-rt; 49; 0.00] | ולא נהירא [ben-yehuda-rt; 477; 0.35] | ולא נמסרה [ben-yehuda-rt; 0; 0.00] | ולי נראה [ben-yehuda-rt; 696; 0.70] | ולכך נאמר [ben-yehuda-rt; 170; 0.01] | (proclitic) ולא נגמר [base; 34; 0.00] | (proclitic) ולא נחלקו [base; 36; 0.00] | (proclitic) ולא נטמא [base; 15; 0.00]
מחה״ש	rabbinic	540	AMBIGUOUS	מחיצת השכינה [ben-yehuda-rt; 0; 0.00] | מחלל השבת [ben-yehuda-rt; 3; 0.01] | מחלל השם [ben-yehuda-rt; 12; 0.00] | מחצית השקל [ben-yehuda-rt; 267; 0.11] | (proclitic) מחג השבועות [base; 2; 0.00] | (proclitic) מחבצלץ השרון [base; 0; 0.00] | (proclitic) מחוט השדרה [base; 3; 0.00] | (proclitic) מחוט השני [base; 1; 0.00]
ק״י	rabbinic	532	AMBIGUOUS	קבלת יסורים [ben-yehuda-rt; 1; 0.00] | קדוש ישראל [ben-yehuda-rt; 135; 0.00] | קדיש יתום [ben-yehuda-rt; 58; 0.00] | קהל יראים [ben-yehuda-rt; 0; 0.00] | קהלת יעקב [ben-yehuda-rt; 145; 0.00] | קהלת יצחק [ben-yehuda-rt; 0; 0.00] | קול יהודה [ben-yehuda-rt; 71; 0.00] | קול יעקב [ben-yehuda-rt; 215; 0.00]
דב״מ	rabbinic	531	AMBIGUOUS	דברי מערבא [ben-yehuda-rt; 0; 0.00] | דבר מצוה [ben-yehuda-rt; 495; 0.00] | דיני ברכת מילה [ben-yehuda-rt; 0; 0.00] | (proclitic) דבבא מציעא [base; 106; 0.88] | (proclitic) דבית מדרש [base; 0; 0.00] | (proclitic) דבית משפט [base; 0; 0.00] | (proclitic) דבר מינן [base; 0; 0.00] | (proclitic) דבר מצווה [base; 4; 0.01]
הרמב״נ	kabbalah	529	REVIEW	הרב רבינו משה בן נחמני [ben-yehuda-rt; 0; 0.00] | (proclitic) הרבי משה בן נחמן [base; 0; 0.00] | (proclitic) הר' מאיר בן נתן [base; 0; 0.00] | (proclitic) הר' משה בן נחמיני [base; 0; 0.00]
לג׳	kabbalah	523	REVIEW	לגרמיה [ben-yehuda-rt; 96; 0.01] | (proclitic) לגדולה [base; 79; 0.00] | (proclitic) לגבורה [base; 87; 0.08] | (proclitic) לגאולה [base; 322; 0.02] | (proclitic) לגלות [base; 724; 0.01] | (proclitic) לגזירה [base; 8; 0.00] | (proclitic) לגאון [base; 3; 0.00] | (proclitic) לגדול [base; 35; 0.01]
ר״ח	kabbalah	519	AMBIGUOUS	ראש חודש [krupnik-1927+he-wiktionary; 117; 0.49] | ר׳ חנינא [krupnik-1927+ben-yehuda-rt; 0; 0.00] | רב חסדא [krupnik-1927; 39; 0.10] | ראש חדש [jastrow-1903+ben-yehuda-rt; 36; 0.51] | ראשית חכמה [ben-yehuda-rt; 291; 0.01] | רב חסד [ben-yehuda-rt; 161; 0.05] | ר' חביבא [ben-yehuda-rt; 0; 0.00] | ר' חייא [ben-yehuda-rt; 0; 0.00]
בב״ד	talmud	518	AMBIGUOUS	בבלי דעת [ben-yehuda-rt; 12; 0.02] | בפני בית דין [ben-yehuda-rt; 58; 0.34] | בפני בעל דין [ben-yehuda-rt; 32; 0.46] | (proclitic) בבית דין [base; 352; 0.81] | (proclitic) בבן דוד [base; 0; 0.00] | (proclitic) בבן דעת [base; 0; 0.00] | (proclitic) בבסיעתא דשמיא [base; 0; 0.00] | (proclitic) בבעל דבר [base; 0; 0.04]
וא״ר	rabbinic	516	REVIEW	ואינו רוצה [ben-yehuda-rt; 418; 0.00] | (proclitic) ואמר רב [base; 621; 0.21] | (proclitic) ואמר רבי [base; 716; 0.91] | (proclitic) ואל רחום [base; 0; 0.00] | (proclitic) ואליהו רבה [base; 2; 0.01]
ועכ״ז	kabbalah	515	REVIEW	ועל כל זה [ben-yehuda-rt; 25; 0.20] | (proclitic) ועל כל זמן [base; 0; 0.00] | (proclitic) ועם כל זה [base; 107; 0.65]
אב״ד	rabbinic	514	AMBIGUOUS	אב בית דין [he-wiktionary+jastrow-1903+ben-yehuda-rt; 97; 0.03] | אבשלום בן דוד [ben-yehuda-rt; 0; 0.00] | אין בו דעת [ben-yehuda-rt; 20; 0.00] | אין בית דין [ben-yehuda-rt; 82; 0.00] | אמנון בן דוד [ben-yehuda-rt; 5; 0.00]
ועכ״ז	rabbinic	513	REVIEW	ועל כל זה [ben-yehuda-rt; 41; 0.20] | (proclitic) ועל כל זמן [base; 0; 0.00] | (proclitic) ועם כל זה [base; 406; 0.65]
ק״ה	rabbinic	513	AMBIGUOUS	קדושת הגוף [ben-yehuda-rt; 104; 0.00] | קדושת היום [ben-yehuda-rt; 152; 0.00] | קודם הדבור [ben-yehuda-rt; 0; 0.00] | קודם החופה [ben-yehuda-rt; 25; 0.00] | קודש הלולים [ben-yehuda-rt; 12; 0.00] | קול הקורא [ben-yehuda-rt; 6; 0.00] | קופת הרוכלים [ben-yehuda-rt; 1; 0.00] | קורא הדורות [ben-yehuda-rt; 56; 0.00]
כמש״נ	kabbalah	512	AMBIGUOUS	כל מקום שנאמר [ben-yehuda-rt; 105; 0.02] | כמה שנאמר [ben-yehuda-rt; 66; 0.07] | כמו שנדפס [ben-yehuda-rt; 6; 0.00] | כמו שנתבאר [ben-yehuda-rt; 256; 0.01] | (proclitic) כמקום שנהגו [base; 0; 0.00] | (proclitic) כמשובב נתיבות [base; 0; 0.00]
בח״ל	rabbinic	510	AMBIGUOUS	בחוץ לארץ [ben-yehuda-rt; 259; 0.62] | ב' חצאי לבנה [ben-yehuda-rt; 0; 0.00] | (proclitic) בחוצה לארץ [base; 594; 0.84] | (proclitic) בחביבא ליה [base; 0; 0.00] | (proclitic) בחבלי לידה [base; 1; 0.00] | (proclitic) בחוזר לראש [base; 1; 0.00] | (proclitic) בחוץ לדרכנו [base; 0; 0.00] | (proclitic) בחזון למועד [base; 1; 0.00]
ב״ה	talmud	506	AMBIGUOUS	ברוך השם [krupnik-1927+he-wiktionary+ben-yehuda-rt; 0; 0.00] | בעזרת השם [krupnik-1927+ben-yehuda-rt; 6; 0.00] | בית הלל [he-wiktionary+ben-yehuda-rt; 406; 0.03] | בניין הורדוס [he-wiktionary; 0; 0.00] | בעולם הבא [he-wiktionary+ben-yehuda-rt; 18; 0.03] | ברוך הבא [he-wiktionary+ben-yehuda-rt; 12; 0.00] | באור המלה [ben-yehuda-rt; 0; 0.00] | באור התורה [ben-yehuda-rt; 0; 0.01]
ס״פ	rabbinic	501	AMBIGUOUS	סבה פועלת [ben-yehuda-rt; 5; 0.00] | סוד פסוק [ben-yehuda-rt; 9; 0.00] | סוף פסוק [ben-yehuda-rt; 68; 0.03] | סוף פרק [ben-yehuda-rt; 403; 0.23] | סוף פרשה [ben-yehuda-rt; 13; 0.20] | סעודת פורים [ben-yehuda-rt; 84; 0.00] | ס' פעמים [ben-yehuda-rt; 0; 0.00] | ספר פליאה [ben-yehuda-rt; 1; 0.00]
ובנ״י	kabbalah	500	AMBIGUOUS	ובנחה יאמר [ben-yehuda-rt; 8; 0.03] | ובני יונה [ben-yehuda-rt; 5; 0.01] | ובני ישראל [ben-yehuda-rt; 241; 0.49] | (proclitic) ובנטילת ידים [base; 0; 0.00] | (proclitic) ובני יומן [base; 0; 0.00] | (proclitic) ובני יעקב [base; 3; 0.03] | (proclitic) ובני יששכר [base; 1; 0.00]
ט״ל	rabbinic	496	REVIEW	טוב להקיז [ben-yehuda-rt; 1; 0.00]
ג״ר	kabbalah	492	AMBIGUOUS	ג׳ רביעות [krupnik-1927; 0; 0.00] | גאולה ראשונה [krupnik-1927+ben-yehuda-rt; 13; 0.03] | גברא רבא [krupnik-1927+ben-yehuda-rt; 21; 0.02] | ג׳ ראשונות [krupnik-1927+ben-yehuda-rt; 0; 0.00] | גבול רעהו [ben-yehuda-rt; 4; 0.00] | גזרה רעה [ben-yehuda-rt; 1; 0.00] | גזרת רומיים [ben-yehuda-rt; 0; 0.00] | גלגולא רבא [ben-yehuda-rt; 1; 0.00]
במ״ש	kabbalah	490	AMBIGUOUS	במה שאמר [ben-yehuda-rt; 120; 0.15] | במה שהוא [ben-yehuda-rt; 76; 0.00] | במוצאי שבת [ben-yehuda-rt; 93; 0.08] | במלות שונות [ben-yehuda-rt; 26; 0.00] | (proclitic) במלכות שמים [base; 45; 0.00] | (proclitic) במורא שמים [base; 0; 0.00] | (proclitic) במאי שנא [base; 0; 0.00] | (proclitic) במה שכתוב [base; 13; 0.04]
הג״ה	rabbinic	489	AMBIGUOUS	הגהות המחבר [ben-yehuda-rt; 0; 0.00] | הגהות הכותב [ben-yehuda-rt; 0; 0.00] | (proclitic) הגיד הנשה [base; 0; 0.00] | (proclitic) הגופי הלכות [base; 0; 0.00] | (proclitic) הגדול הדור [base; 0; 0.00] | (proclitic) הגזירת הכתוב [base; 0; 0.00] | (proclitic) הגזירת המלך [base; 0; 0.00] | (proclitic) הגבורת השם [base; 0; 0.00]
ת״ה	rabbinic	488	AMBIGUOUS	תא הרצים [ben-yehuda-rt; 6; 0.01] | תאר השם [ben-yehuda-rt; 42; 0.00] | תבנית היכל [ben-yehuda-rt; 33; 0.00] | תבנית המשכן [ben-yehuda-rt; 58; 0.00] | תורף השטר [ben-yehuda-rt; 6; 0.00] | תורת האדם [ben-yehuda-rt; 125; 0.08] | תורת האשם [ben-yehuda-rt; 46; 0.00] | תורת הבית [ben-yehuda-rt; 29; 0.24]
א״מ	kabbalah	486	AMBIGUOUS	אגף מודיעין [he-wiktionary; 0; 0.00] | אמצעים מיוחדים [he-wiktionary; 0; 0.00] | אמ״ן [he-wiktionary; 0; 0.21] | אב מלאכה [ben-yehuda-rt; 5; 0.06] | אבי מורי [ben-yehuda-rt; 6; 0.01] | אבינו מלכינו [ben-yehuda-rt; 2; 0.09] | אבן משה [ben-yehuda-rt; 0; 0.00] | אבני מלואים [ben-yehuda-rt; 6; 0.03]
ק״כ	rabbinic	484	AMBIGUOUS	קבוצת כסף [ben-yehuda-rt; 2; 0.00] | קדושי כסף [ben-yehuda-rt; 15; 0.00] | קודם כל [ben-yehuda-rt; 87; 0.00] | קול כלה [ben-yehuda-rt; 0; 0.00] | קנין כסף [ben-yehuda-rt; 22; 0.00] | קערת כסף [ben-yehuda-rt; 88; 0.00] | קראו כן [ben-yehuda-rt; 11; 0.01]
ס״פ	kabbalah	481	AMBIGUOUS	סבה פועלת [ben-yehuda-rt; 0; 0.00] | סוד פסוק [ben-yehuda-rt; 82; 0.00] | סוף פסוק [ben-yehuda-rt; 10; 0.03] | סוף פרק [ben-yehuda-rt; 83; 0.23] | סוף פרשה [ben-yehuda-rt; 24; 0.20] | סעודת פורים [ben-yehuda-rt; 4; 0.00] | ס' פעמים [ben-yehuda-rt; 0; 0.00] | ספר פליאה [ben-yehuda-rt; 0; 0.00]
ו״ק	kabbalah	479	REVIEW	ו' קצות [ben-yehuda-rt; 0; 0.00]
טו״ב	rabbinic	478	AMBIGUOUS	טובל ושרץ בידו [ben-yehuda-rt; 6; 0.00] | טומאה בלועה [ben-yehuda-rt; 8; 0.00] | טור ברקת [ben-yehuda-rt; 11; 0.00]
ק״ד	rabbinic	478	AMBIGUOUS	קדושת דמים [ben-yehuda-rt; 35; 0.00] | קדיש דרבנן [ben-yehuda-rt; 42; 0.00] | קהלת דוד [ben-yehuda-rt; 0; 0.00] | קוצר דעתי [ben-yehuda-rt; 15; 0.00] | קורט דם [ben-yehuda-rt; 115; 0.00] | קישור דברים [ben-yehuda-rt; 0; 0.00] | קנין דמים [ben-yehuda-rt; 1; 0.00] | קפיצת דם [ben-yehuda-rt; 0; 0.00]
דב״נ	kabbalah	477	REVIEW	דמים בדמים נגעו [ben-yehuda-rt; 1; 0.00] | (proclitic) דבן נח [base; 31; 0.03] | (proclitic) דבאור נכון [base; 0; 0.00] | (proclitic) דבגליון נכתב [base; 0; 0.00] | (proclitic) דבועל נדה [base; 0; 0.02] | (proclitic) דבורא נפשות [base; 0; 0.00] | (proclitic) דבישול נכרי [base; 0; 0.00] | (proclitic) דבית נאמן [base; 0; 0.00]
ק״ח	rabbinic	475	AMBIGUOUS	קאקי חיורי [ben-yehuda-rt; 5; 0.00] | קבלת חכם [ben-yehuda-rt; 0; 0.00] | קבלת חרם [ben-yehuda-rt; 9; 0.00] | קבורת חמור [ben-yehuda-rt; 13; 0.00] | קודם חופה [ben-yehuda-rt; 1; 0.00] | קודם חורבן [ben-yehuda-rt; 10; 0.00] | קודם חצות [ben-yehuda-rt; 381; 0.02] | קודם חשבון [ben-yehuda-rt; 1; 0.00]
ה״ה	kabbalah	474	AMBIGUOUS	הוא הדין [he-wiktionary+ben-yehuda-rt; 47; 0.08] | הכי השתא [he-wiktionary+ben-yehuda-rt; 8; 0.00] | האדונים הנכבדים [he-wiktionary; 0; 0.00] | האדון הנכבד [he-wiktionary; 0; 0.00] | הגברת הנכבדה [he-wiktionary; 0; 0.00] | השם הטוב [he-wiktionary; 4; 0.00] | הלכה ה׳ [he-wiktionary+ben-yehuda-rt; 9; 0.01] | הרב המגיד [he-wiktionary; 75; 0.89]
בת״ת	kabbalah	467	REVIEW	בתי תלמוד תורה [ben-yehuda-rt; 0; 0.00] | (proclitic) בתלמוד תורה [base; 23; 0.10] | (proclitic) בתהלי תהלים [base; 0; 0.00] | (proclitic) בתלמיד תורה [base; 0; 0.00] | (proclitic) בתלמיד תלמידך [base; 0; 0.00] | (proclitic) בתל תלפיות [base; 0; 0.00] | (proclitic) בתנא תונא [base; 0; 0.00] | (proclitic) בתקוני תשובה [base; 1; 0.00]
עפמ״ש	kabbalah	467	REVIEW	על פי מה שכתב [ben-yehuda-rt; 17; 0.15]
כמש״ו	kabbalah	464	REVIEW	כדת משה וישראל [ben-yehuda-rt; 1; 0.00]
בא״א	rabbinic	463	AMBIGUOUS	באיזה אופן [ben-yehuda-rt; 114; 0.00] | באופן אחר [ben-yehuda-rt; 294; 0.01] | באשת איש [ben-yehuda-rt; 178; 0.06] | בית אב אחר [ben-yehuda-rt; 0; 0.00] | בן אדני אבי [ben-yehuda-rt; 0; 0.00] | ברוך אתה אדני [ben-yehuda-rt; 0; 0.00] | (proclitic) באברהם אבינו [base; 60; 0.11] | (proclitic) באי אפשר [base; 5; 0.00]
דר״ש	talmud	463	REVIEW	דברי ר' שמעון [ben-yehuda-rt; 18; 0.30] | (proclitic) דר׳ שמעון [base; 0; 0.00] | (proclitic) דרב ששת [base; 126; 0.31] | (proclitic) דרבי שמעון [base; 566; 0.67] | (proclitic) דרפואה שלמה [base; 0; 0.00] | (proclitic) דראה שרש [base; 0; 0.00] | (proclitic) דראובן שמעון [base; 0; 0.00] | (proclitic) דר' שלמה [base; 0; 0.00]
מהרי״ו	rabbinic	463	REVIEW	מורינו הרב ר' יעקב ווייל [ben-yehuda-rt; 0; 0.00]
שע״ז	kabbalah	461	REVIEW	של עובר זה [ben-yehuda-rt; 1; 0.00] | (proclitic) שעבודה זרה [base; 0; 0.00] | (proclitic) שעל זה [base; 0; 0.00] | (proclitic) שעבודה זאת [base; 0; 0.00] | (proclitic) שעבר זמנו [base; 0; 0.00] | (proclitic) שעד זומם [base; 0; 0.00] | (proclitic) שעטרת זהב [base; 0; 0.00] | (proclitic) שעטרת זקנים [base; 0; 0.00]
מהרש״ל	rabbinic	460	REVIEW	מורינו הרב ר' שלמה לוריא [ben-yehuda-rt; 0; 0.00] | (proclitic) מהרב שלמה לוריא [base; 0; 0.00] | (proclitic) מהרי שלך לפניך [base; 0; 0.00]
לב׳	kabbalah	459	REVIEW	לבריאה [ben-yehuda-rt; 214; 0.01] | (proclitic) לבחור [base; 128; 0.00] | (proclitic) לבחינה [base; 193; 0.02] | (proclitic) לבינה [base; 439; 0.02] | (proclitic) לבית [base; 1066; 0.00] | (proclitic) לבן [base; 1588; 0.03] | (proclitic) לבעל [base; 198; 0.01] | (proclitic) לבקר [base; 54; 0.00]
א״ו	rabbinic	455	AMBIGUOUS	אב ואם [ben-yehuda-rt; 685; 0.01] | אדם וחוה [ben-yehuda-rt; 174; 0.00] | אדר ואדר [ben-yehuda-rt; 2; 0.03] | אורי וישעי [ben-yehuda-rt; 58; 0.00] | אורים ותומים [ben-yehuda-rt; 93; 0.01] | איסור והיתר [ben-yehuda-rt; 196; 0.02] | אלא ודאי [ben-yehuda-rt; 2527; 0.37] | אלם וסגר [ben-yehuda-rt; 0; 0.00]
בה״א	rabbinic	448	AMBIGUOUS	בית הלל אומרים [ben-yehuda-rt; 61; 0.00] | בהעלם אחד [ben-yehuda-rt; 77; 0.00] | (proclitic) בהוה אמינא [base; 0; 0.00] | (proclitic) בה' אותיות [base; 0; 0.00] | (proclitic) בה' אלפים [base; 0; 0.00] | (proclitic) בהא אמרת [base; 0; 0.00] | (proclitic) בהוא אומר [base; 0; 0.00] | (proclitic) בהוא אלהים [base; 0; 0.00]
דה״מ	rabbinic	448	AMBIGUOUS	דבור המתחיל [ben-yehuda-rt; 21; 0.02] | דבר הלמד מסופו [ben-yehuda-rt; 18; 0.00] | דבר הלמד מענינו [ben-yehuda-rt; 39; 0.00] | דברי המאסף [ben-yehuda-rt; 0; 0.00] | דברי המחבר [ben-yehuda-rt; 87; 0.02] | דברי המעתיק [ben-yehuda-rt; 2; 0.04] | דברי המת [ben-yehuda-rt; 181; 0.00] | דהוה מצי [ben-yehuda-rt; 54; 0.68]
כש״נ	kabbalah	441	AMBIGUOUS	כלי של נכרי [ben-yehuda-rt; 0; 0.00] | כמו שנאמר [ben-yehuda-rt; 783; 0.13] | (proclitic) כשבת נחמו [base; 0; 0.00] | (proclitic) כשדה נפתלי [base; 0; 0.00] | (proclitic) כשוא נח [base; 0; 0.00] | (proclitic) כשוא נע [base; 0; 0.00] | (proclitic) כשטנא נצח [base; 0; 0.00] | (proclitic) כשיחיה נצח [base; 0; 0.00]
רי״ו	kabbalah	440	AMBIGUOUS	ר' יוסף וויאזין [ben-yehuda-rt; 0; 0.00] | ר' יעקב ווייל [ben-yehuda-rt; 0; 0.00]
בס״ק	rabbinic	439	AMBIGUOUS	בספרי קבלה [ben-yehuda-rt; 1; 0.00] | בספרי קודש [ben-yehuda-rt; 6; 0.12] | בספרי קראים [ben-yehuda-rt; 0; 0.00] | (proclitic) בסעיף קטן [base; 11; 0.39] | (proclitic) בסבא קדישא [base; 1; 0.00] | (proclitic) בסדר קדשים [base; 15; 0.00] | (proclitic) בסדר קריאה [base; 0; 0.00] | (proclitic) בסוף קונטרס [base; 1; 0.00]
ק״ז	rabbinic	439	AMBIGUOUS	קדוש זקני [ben-yehuda-rt; 0; 0.00] | קודם זה [ben-yehuda-rt; 114; 0.00] | קול זמרה [ben-yehuda-rt; 2; 0.00] | קומה זקופה [ben-yehuda-rt; 4; 0.00] | קצור זהר [ben-yehuda-rt; 0; 0.00] | קרן זוית [ben-yehuda-rt; 85; 0.00]
ע״ת	rabbinic	437	AMBIGUOUS	עגלא תלתא [ben-yehuda-rt; 12; 0.00] | עול תורה [ben-yehuda-rt; 63; 0.00] | עולת תמיד [ben-yehuda-rt; 102; 0.02] | עיון תפלה [ben-yehuda-rt; 11; 0.03] | עיין תשובה [ben-yehuda-rt; 1; 0.00] | עלי תרופה [ben-yehuda-rt; 0; 0.00] | על תחלתו [ben-yehuda-rt; 76; 0.00] | על תנאי [ben-yehuda-rt; 786; 0.13]
מה״ש	rabbinic	435	AMBIGUOUS	מהלכות שחיטה [ben-yehuda-rt; 42; 0.54] | מהלכי שתים [ben-yehuda-rt; 41; 0.00] | מוסך השבת [ben-yehuda-rt; 2; 0.00] | מזג השוה [ben-yehuda-rt; 0; 0.00] | מחיצת השכינה [ben-yehuda-rt; 0; 0.00] | מחלל השבת [ben-yehuda-rt; 3; 0.00] | מחצית השקל [ben-yehuda-rt; 267; 0.01] | מלאכי השרת [ben-yehuda-rt; 916; 0.18]
בפ״י	rabbinic	430	AMBIGUOUS	באור פניך יהלכון [ben-yehuda-rt; 29; 0.00] | בועז פלטי יוסף [ben-yehuda-rt; 0; 0.00] | בן פורת יוסף [ben-yehuda-rt; 35; 0.01] | (proclitic) בפורת יוסף [base; 0; 0.00] | (proclitic) בפושעי ישראל [base; 5; 0.00] | (proclitic) בפחד יצחק [base; 6; 0.00] | (proclitic) בפירוש יפה [base; 1; 0.00] | (proclitic) בפני יהושע [base; 17; 0.03]
נ״ע	rabbinic	430	AMBIGUOUS	נאמן עדה [ben-yehuda-rt; 0; 0.00] | נברא עולם [ben-yehuda-rt; 17; 0.00] | נוחי עדן [ben-yehuda-rt; 0; 0.00] | נזיר עולם [ben-yehuda-rt; 46; 0.01] | נחי עין [ben-yehuda-rt; 0; 0.00] | נחל עדנים [ben-yehuda-rt; 3; 0.00] | נחלת עזריאל [ben-yehuda-rt; 1; 0.00] | נר עליון [ben-yehuda-rt; 0; 0.00]
בב״ר	kabbalah	426	AMBIGUOUS	בבראשית רבה [ben-yehuda-rt; 142; 0.39] | בטל ברוב [ben-yehuda-rt; 4; 0.00] | בר בי רב [ben-yehuda-rt; 5; 0.00] | (proclitic) בבן רבי [base; 0; 0.00] | (proclitic) בבית ראשון [base; 58; 0.00] | (proclitic) בב׳ רשויות [base; 0; 0.00] | (proclitic) בבריך רחמנא [base; 0; 0.00] | (proclitic) בבן רֶבּ [base; 0; 0.00]
ק״ב	rabbinic	425	AMBIGUOUS	ק' ברכות [ben-yehuda-rt; 0; 0.00] | קדושי ביאה [ben-yehuda-rt; 5; 0.00] | קדש ברנע [ben-yehuda-rt; 49; 0.01] | קול בוכים [ben-yehuda-rt; 21; 0.00] | קול ברמה [ben-yehuda-rt; 46; 0.00] | קופת בשמים [ben-yehuda-rt; 2; 0.00] | קיר ברזל [ben-yehuda-rt; 2; 0.00] | קני בינה [ben-yehuda-rt; 0; 0.00]
דב״ק	rabbinic	423	AMBIGUOUS	דובבות בקבר [ben-yehuda-rt; 35; 0.00] | דברי קבלה [ben-yehuda-rt; 143; 0.01] | דברי קדשו [ben-yehuda-rt; 26; 0.00] | (proclitic) דבת קול [base; 3; 0.00] | (proclitic) דבבא קמא [base; 76; 0.82] | (proclitic) דבר קפרא [base; 29; 0.00] | (proclitic) דבית קיבול [base; 6; 0.00] | (proclitic) דבעל קרי [base; 17; 0.00]
עמ״ש	kabbalah	423	AMBIGUOUS	עד מאה שנים [ben-yehuda-rt; 1; 0.00] | עול מלכות שמים [ben-yehuda-rt; 542; 0.14] | עיין מה שכתבתי [ben-yehuda-rt; 0; 0.50] | על מה שאמר [ben-yehuda-rt; 38; 0.02] | על מה שכתוב [ben-yehuda-rt; 22; 0.16] | על מסכת שבת [ben-yehuda-rt; 0; 0.00] | על משקל [ben-yehuda-rt; 6; 0.00] | ענין משולל [ben-yehuda-rt; 0; 0.00]
הב״ש	rabbinic	422	AMBIGUOUS	הילל בן שחר [ben-yehuda-rt; 15; 0.00] | הכל בידי שמים [ben-yehuda-rt; 89; 0.00] | (proclitic) הבית שני [base; 0; 0.00] | (proclitic) הבית שמאי [base; 0; 0.00] | (proclitic) הברוך שאמר [base; 0; 0.00] | (proclitic) הברוך שמו [base; 0; 0.00] | (proclitic) הבאי שער [base; 0; 0.00] | (proclitic) הבאמה שלמה [base; 0; 0.00]
בל׳	rabbinic	419	AMBIGUOUS	בלעם [ben-yehuda-rt; 1712; 0.03] | בלק [ben-yehuda-rt; 919; 0.01] | בלשון [ben-yehuda-rt; 9030; 0.49] | (proclitic) בלה [base; 19; 0.01] | (proclitic) בלו [base; 89; 0.01] | (proclitic) בליה [base; 0; 0.00] | (proclitic) בליכא [base; 28; 0.00] | (proclitic) בלילה [base; 7154; 0.08]
בעו״ה	rabbinic	415	AMBIGUOUS	בן עולם הבא [ben-yehuda-rt; 91; 0.01] | בעולם הבא [ben-yehuda-rt; 597; 0.10] | בעולם הזה [ben-yehuda-rt; 3664; 0.07] | בעונותינו הרבים [ben-yehuda-rt; 95; 0.46] | (proclitic) בעוקר הרים [base; 0; 0.00]
וא״ר	talmud	410	REVIEW	ואינו רוצה [ben-yehuda-rt; 62; 0.00] | (proclitic) ואמר רב [base; 714; 0.21] | (proclitic) ואמר רבי [base; 453; 0.91] | (proclitic) ואל רחום [base; 0; 0.00] | (proclitic) ואליהו רבה [base; 0; 0.01]
דה״ח	rabbinic	409	AMBIGUOUS	דברי החכמים [ben-yehuda-rt; 37; 0.00] | דרך החיים [ben-yehuda-rt; 53; 0.05] | (proclitic) דה' חדים [base; 0; 0.00] | (proclitic) דה' חסרים [base; 0; 0.00] | (proclitic) דהטבת חלום [base; 0; 0.00] | (proclitic) דהכל חייבין [base; 2; 0.00] | (proclitic) דהלכה ח' [base; 0; 0.00] | (proclitic) דהלכות חגיגה [base; 0; 0.00]
דבכה״ג	rabbinic	408	REVIEW	דבכי האי גונא [ben-yehuda-rt; 19; 0.15] | (proclitic) דבכי האי גוונא [base; 44; 0.37]
שכ״מ	rabbinic	408	AMBIGUOUS	שובר כתב מוחתם [ben-yehuda-rt; 0; 0.00] | שבת כלה מלכתא [ben-yehuda-rt; 10; 0.00] | שכיב מרע [ben-yehuda-rt; 643; 0.82] | שכל מקום [ben-yehuda-rt; 160; 0.08] | שכן מצאתי [ben-yehuda-rt; 4; 0.00] | שכן משמע [ben-yehuda-rt; 67; 0.38] | שכר מצוה [ben-yehuda-rt; 152; 0.00] | (proclitic) שכל מה [base; 0; 0.00]
הרש״ש	rabbinic	406	REVIEW	הרב ר' שמואל שטראשין [ben-yehuda-rt; 0; 0.00] | (proclitic) הר' שלמה שלם [base; 0; 0.00] | (proclitic) הר שמואל שטראשין [base; 0; 0.00] | (proclitic) הר' שמואל שלם [base; 0; 0.00] | (proclitic) הר' שמעון שזורי [base; 0; 0.00]
לב״ש	rabbinic	403	AMBIGUOUS	לבושי שרד [ben-yehuda-rt; 10; 0.14] | לט בטנים שקדים [ben-yehuda-rt; 1; 0.00] | (proclitic) לבית שני [base; 14; 0.00] | (proclitic) לבית שמאי [base; 70; 0.31] | (proclitic) לברוך שאמר [base; 8; 0.00] | (proclitic) לברוך שמו [base; 0; 0.00] | (proclitic) לבאי שער [base; 0; 0.00] | (proclitic) לבאמה שלמה [base; 0; 0.00]
רא״מ	rabbinic	403	AMBIGUOUS	רבי אליעזר ממיץ [he-wiktionary; 23; 0.06] | רבי אליהו מזרחי [he-wiktionary; 25; 0.04] | ראה מעשה [ben-yehuda-rt; 23; 0.00] | ר' אליהו מזרחי [ben-yehuda-rt; 0; 0.00] | ר' אליעזר מגרמיזא [ben-yehuda-rt; 0; 0.00] | ר' אליעזר ממיץ [ben-yehuda-rt; 0; 0.00] | ר' אלכסנדר מרגליות [ben-yehuda-rt; 0; 0.00] | רפאל אוריאל מיכאל [ben-yehuda-rt; 1; 0.00]
טו״ר	kabbalah	401	REVIEW	טוב ורע [ben-yehuda-rt; 631; 0.66]
סו״ב	rabbinic	400	AMBIGUOUS	סולדת בו [ben-yehuda-rt; 345; 0.00] | סולת בלולה [ben-yehuda-rt; 18; 0.35]
הי״א	rabbinic	394	AMBIGUOUS	היש אומרים [ben-yehuda-rt; 45; 0.76] | השם ישמרהו אמן [ben-yehuda-rt; 0; 0.00] | (proclitic) הי' אדומים [base; 0; 0.00] | (proclitic) הי' אמות [base; 0; 0.00] | (proclitic) היד אבשלום [base; 0; 0.00] | (proclitic) היד אברהם [base; 0; 0.00] | (proclitic) היד אהרן [base; 0; 0.00] | (proclitic) היד אליהו [base; 0; 0.00]
ק״ט	rabbinic	393	AMBIGUOUS	קורע טפח [ben-yehuda-rt; 10; 0.00] | קן טהור [ben-yehuda-rt; 0; 0.00]
לד״א	rabbinic	392	AMBIGUOUS	לאו דאורייתא [ben-yehuda-rt; 161; 0.00] | לדבר אחד [ben-yehuda-rt; 151; 0.01] | לדוד אורי [ben-yehuda-rt; 0; 0.00] | לדעת אברבנל [ben-yehuda-rt; 0; 0.00] | לדעת אונקלוס [ben-yehuda-rt; 0; 0.00] | לדעת אחרים [ben-yehuda-rt; 11; 0.01] | (proclitic) לדבר אחר [base; 246; 0.03] | (proclitic) לדרך ארץ [base; 13; 0.00]
וב״ח	rabbinic	387	AMBIGUOUS	ובורא חשך [ben-yehuda-rt; 45; 0.00] | ובן חלוצה [ben-yehuda-rt; 27; 0.00] | (proclitic) ובעל חוב [base; 64; 0.39] | (proclitic) ובן חורים [base; 0; 0.00] | (proclitic) וב׳ חלקים [base; 0; 0.00]
ק״ג	rabbinic	385	AMBIGUOUS	קבוץ גלויות [ben-yehuda-rt; 0; 0.00] | קדושין גמורים [ben-yehuda-rt; 82; 0.00] | קהלה גדולה [ben-yehuda-rt; 8; 0.00] | קול גדול [ben-yehuda-rt; 93; 0.00] | קמץ גדול [ben-yehuda-rt; 7; 0.00] | קנין גמור [ben-yehuda-rt; 184; 0.00] | קצין גדול [ben-yehuda-rt; 0; 0.00] | קשר גודל [ben-yehuda-rt; 102; 0.01]
ביו״ד	kabbalah	384	REVIEW	ביורה דעה [ben-yehuda-rt; 7; 0.63] | (proclitic) ביוצא דופן [base; 0; 0.00]
מ״כ	rabbinic	383	AMBIGUOUS	מאכל כשר [ben-yehuda-rt; 4; 0.00] | מוציא כתב [ben-yehuda-rt; 7; 0.00] | מחאת כפים [ben-yehuda-rt; 8; 0.00] | מחזי כיוהרא [ben-yehuda-rt; 34; 0.00] | מחזי כשיקרא [ben-yehuda-rt; 10; 0.01] | מחיר כלב [ben-yehuda-rt; 20; 0.01] | מחשבה כמעשה [ben-yehuda-rt; 4; 0.00] | מי כמך [ben-yehuda-rt; 0; 0.00]
שא״ל	rabbinic	382	AMBIGUOUS	שאין לו [ben-yehuda-rt; 5399; 0.14] | שאמר לו [ben-yehuda-rt; 1460; 0.64] | שבוע אחד לעומר [ben-yehuda-rt; 1; 0.00] | (proclitic) שאיכא למימר [base; 0; 0.00] | (proclitic) שאי לימא [base; 0; 0.00] | (proclitic) שאמר ליה [base; 0; 0.00] | (proclitic) שאמר להו [base; 0; 0.00] | (proclitic) שאדם למקום [base; 0; 0.00]
וכמ״כ	kabbalah	381	REVIEW	וכן מצאתי כתוב [ben-yehuda-rt; 1; 0.01] | (proclitic) וכהנא מסייע כהנא [base; 0; 0.00] | (proclitic) וכמו כן [base; 1579; 0.43]
בה״כ	rabbinic	380	AMBIGUOUS	בית הכנסת [jastrow-1903+ben-yehuda-rt; 1000; 0.35] | בית הכבוד [ben-yehuda-rt; 1; 0.09] | בית הכוסות [ben-yehuda-rt; 80; 0.01] | בית הכסא [ben-yehuda-rt; 247; 0.42] | בנין הכבוד [ben-yehuda-rt; 0; 0.00] | ברכת הכהנים [ben-yehuda-rt; 5; 0.00] | ברכת הכוס [ben-yehuda-rt; 1; 0.11] | (proclitic) בהכנסת כלה [base; 2; 0.00]
חא״ח	rabbinic	380	AMBIGUOUS	חייו אינם חיים [ben-yehuda-rt; 12; 0.00] | חלק אורח חיים [ben-yehuda-rt; 4; 0.14]
לש״ש	kabbalah	380	AMBIGUOUS	לאו שמיה שחיטה [ben-yehuda-rt; 0; 0.00] | לשם שבת [ben-yehuda-rt; 5; 0.05] | לשם שמים [ben-yehuda-rt; 650; 0.79] | לשם שרים [ben-yehuda-rt; 0; 0.00] | (proclitic) לשומר שכר [base; 0; 0.10] | (proclitic) לשבלת שועל [base; 0; 0.00] | (proclitic) לשנה שנייה [base; 0; 0.00] | (proclitic) לשנת שירות [base; 0; 0.00]
מט״א	rabbinic	379	AMBIGUOUS	מטה אהרן [ben-yehuda-rt; 137; 0.00] | מטה אפרים [ben-yehuda-rt; 32; 0.02] | מטמא טומאת אוכלין [ben-yehuda-rt; 4; 0.00] | מטעם אחד [ben-yehuda-rt; 20; 0.00] | מטעם אחר [ben-yehuda-rt; 291; 0.00] | (proclitic) מט' אדומים [base; 0; 0.00] | (proclitic) מטהרת אברהם [base; 0; 0.00] | (proclitic) מטובה אחת [base; 1; 0.00]
כמהר״ר	rabbinic	378	REVIEW	כבוד מורינו הרב רבי [ben-yehuda-rt; 0; 0.00] | (proclitic) כמורינו הרב רבי [base; 0; 0.00] | (proclitic) כמעלת הרבני רבי [base; 0; 0.00]
ריב״ש	rabbinic	377	AMBIGUOUS	רבי יצחק בר ששת [he-wiktionary; 0; 0.00] | רבי יוסף בכור שור [he-wiktionary; 0; 0.00] | רבי ישראל בעל שם [he-wiktionary; 0; 0.00] | ר' יעקב בן שמואל [ben-yehuda-rt; 0; 0.00] | ר' יעקב בן שמעון [ben-yehuda-rt; 0; 0.00] | ר' יצחק בן שמואל [ben-yehuda-rt; 0; 0.00] | ר' יצחק בר ששת [ben-yehuda-rt; 0; 0.00] | ר' ישראל בעל שם [ben-yehuda-rt; 0; 0.00]
וה״ק	talmud	376	REVIEW	והכי קתני [ben-yehuda-rt; 181; 0.31] | (proclitic) והא קשיא [base; 1; 0.00] | (proclitic) והכי קאמר [base; 460; 0.80] | (proclitic) והאי קרא [base; 71; 0.03] | (proclitic) והיכי קתני [base; 7; 0.04] | (proclitic) והכי קאמינא [base; 1; 0.00] | (proclitic) והכל קדש [base; 0; 0.00] | (proclitic) והלכות קדושין [base; 0; 0.00]
תי׳	kabbalah	376	REVIEW	תיקון [ben-yehuda-rt; 2614; 0.14]
מ״י	kabbalah	375	AMBIGUOUS	מדבר יהודה [ben-yehuda-rt; 1; 0.00] | מדרש ילקוט [ben-yehuda-rt; 3; 0.00] | מה ידידות [ben-yehuda-rt; 3; 0.00] | מה יפית [ben-yehuda-rt; 39; 0.00] | מטה יהודה [ben-yehuda-rt; 2; 0.00] | מטה יוסף [ben-yehuda-rt; 0; 0.00] | מטה יששכר [ben-yehuda-rt; 1; 0.00] | מי יתן [ben-yehuda-rt; 238; 0.01]
מל׳	rabbinic	374	AMBIGUOUS	מלאים [ben-yehuda-rt; 702; 0.00] | מלך [ben-yehuda-rt; 12552; 0.01] | מלכות [ben-yehuda-rt; 4984; 0.12] | מלשון [ben-yehuda-rt; 4158; 0.10] | (proclitic) מלה [base; 1301; 0.00] | (proclitic) מלו [base; 156; 0.00] | (proclitic) מליה [base; 12; 0.00] | (proclitic) מליכא [base; 0; 0.00]
בד׳	talmud	373	REVIEW	בדרך [ben-yehuda-rt; 776; 0.00] | (proclitic) בדא [base; 120; 0.00] | (proclitic) בדבר [base; 2166; 0.00] | (proclitic) בדגש [base; 2; 0.00] | (proclitic) בדין [base; 823; 0.01] | (proclitic) בדלת [base; 55; 0.02] | (proclitic) בדמוע [base; 0; 0.00] | (proclitic) בדעת [base; 178; 0.01]
ר״י	kabbalah	372	AMBIGUOUS	ר׳ יהושע [krupnik-1927+ben-yehuda-rt; 0; 0.00] | ר׳ יוחנן [krupnik-1927+ben-yehuda-rt; 0; 0.00] | ר׳ יוסי [krupnik-1927; 0; 0.00] | ר׳ ישמעאל [krupnik-1927+ben-yehuda-rt; 0; 0.00] | רבי יהודה [he-wiktionary; 734; 0.43] | רבי יוחנן [he-wiktionary; 141; 0.52] | רבי יהושע [he-wiktionary; 82; 0.43] | רבי יוסי [he-wiktionary; 720; 0.48]
עט״ז	rabbinic	370	AMBIGUOUS	עטרת זקנים [ben-yehuda-rt; 68; 0.03] | עיין טורי זהב [ben-yehuda-rt; 1; 0.00]
מי״ט	rabbinic	368	AMBIGUOUS	מוצאי יום טוב [ben-yehuda-rt; 38; 0.09] | מלבושי יום טוב [ben-yehuda-rt; 2; 0.00] | מעדני יום טוב [ben-yehuda-rt; 1; 0.01] | (proclitic) מיום טוב [base; 140; 0.54] | (proclitic) מי' טפחים [base; 0; 0.00] | (proclitic) מימי טהרה [base; 5; 0.00] | (proclitic) מיצר טוב [base; 5; 0.00] | (proclitic) מיש טעם [base; 0; 0.00]
לפ״ק	rabbinic	366	AMBIGUOUS	לפרוטה קטנה [ben-yehuda-rt; 0; 0.00] | לפרט קטן [ben-yehuda-rt; 4; 0.07] | (proclitic) לפרופיל קרבי [base; 0; 0.00] | (proclitic) לפקודת קבע [base; 0; 0.00] | (proclitic) לפה קדוש [base; 0; 0.00] | (proclitic) לפה קהלתינו [base; 0; 0.00] | (proclitic) לפורים קטן [base; 0; 0.00] | (proclitic) לפירוש קדמונים [base; 0; 0.00]
בט׳	rabbinic	365	AMBIGUOUS	בטל [ben-yehuda-rt; 4798; 0.00] | בטעות [ben-yehuda-rt; 1017; 0.00] | בטעם [ben-yehuda-rt; 688; 0.00] | בטענה [ben-yehuda-rt; 511; 0.00] | (proclitic) בטבילה [base; 262; 0.01] | (proclitic) בטהור [base; 107; 0.01] | (proclitic) בטוב [base; 1159; 0.00] | (proclitic) בטית [base; 0; 0.00]
זכ״ל	rabbinic	364	AMBIGUOUS	ז' ככבי לכת [ben-yehuda-rt; 0; 0.00] | זכור לאברהם [ben-yehuda-rt; 92; 0.02] | זכור לטוב [ben-yehuda-rt; 272; 0.00] | זכי לנפשיה [ben-yehuda-rt; 17; 0.00] | זכין לו [ben-yehuda-rt; 35; 0.00] | זכר לדבר [ben-yehuda-rt; 166; 0.00]
ר״ב	rabbinic	364	AMBIGUOUS	ראשית בכורים [ben-yehuda-rt; 4; 0.00] | ר' בנאה [ben-yehuda-rt; 0; 0.00] | ר' בנימין [ben-yehuda-rt; 0; 0.00] | ר' ברוך [ben-yehuda-rt; 0; 0.00] | רבינו ברטנורא [ben-yehuda-rt; 0; 0.00] | ראשי בשמים [ben-yehuda-rt; 15; 0.00] | רוב בעילות [ben-yehuda-rt; 13; 0.00] | רפדוני בתפוחים [ben-yehuda-rt; 18; 0.00]
תו׳	rabbinic	364	AMBIGUOUS	תוספות [ben-yehuda-rt; 1157; 0.39] | תורה [ben-yehuda-rt; 26661; 0.02] | תושב [ben-yehuda-rt; 672; 0.00]
סב״ל	rabbinic	362	AMBIGUOUS	סבירא ליה [ben-yehuda-rt; 673; 0.00] | סוף בהמה לשחיטה [ben-yehuda-rt; 1; 0.00] | ספק ברכה לבטלה [ben-yehuda-rt; 12; 0.31] | ספק ברכה להקל [ben-yehuda-rt; 2; 0.00]
שא״כ	rabbinic	362	AMBIGUOUS	שאכלו כאחד [ben-yehuda-rt; 57; 0.00] | שאם כן [ben-yehuda-rt; 352; 0.56] | שאר כלים [ben-yehuda-rt; 104; 0.02] | של אדם כמותו [ben-yehuda-rt; 150; 0.01] | (proclitic) שאדם כשר [base; 0; 0.00] | (proclitic) שאינו כדאי [base; 0; 0.00] | (proclitic) שאם כך [base; 0; 0.00] | (proclitic) שאין כאלוקינו [base; 0; 0.00]
דר״ש	rabbinic	360	REVIEW	דברי ר' שמעון [ben-yehuda-rt; 12; 0.30] | (proclitic) דר׳ שמעון [base; 0; 0.00] | (proclitic) דרב ששת [base; 108; 0.31] | (proclitic) דרבי שמעון [base; 172; 0.67] | (proclitic) דרפואה שלמה [base; 0; 0.00] | (proclitic) דראה שרש [base; 0; 0.00] | (proclitic) דראובן שמעון [base; 0; 0.00] | (proclitic) דר' שלמה [base; 0; 0.00]
בד״ת	kabbalah	359	AMBIGUOUS	בדברי תורה [ben-yehuda-rt; 298; 0.68] | בדין תורה [ben-yehuda-rt; 7; 0.11] | (proclitic) בדעת תורה [base; 0; 0.00] | (proclitic) בדבלת תאנים [base; 0; 0.00] | (proclitic) בדברה תורה [base; 0; 0.00] | (proclitic) בדברי תוספות [base; 0; 0.00] | (proclitic) בדברי תלמיד [base; 0; 0.00] | (proclitic) בדבר תורה [base; 1; 0.15]
ז״ש	kabbalah	358	AMBIGUOUS	זבחי שלמה [ben-yehuda-rt; 0; 0.00] | זבחי שלמים [ben-yehuda-rt; 6; 0.00] | זבח שמואל [ben-yehuda-rt; 0; 0.00] | זהב שחוט [ben-yehuda-rt; 1; 0.00] | זהו שנאמר [ben-yehuda-rt; 20; 0.08] | זהו שאמר [ben-yehuda-rt; 70; 0.13] | זהו שכתב [ben-yehuda-rt; 1; 0.00] | זווג שני [ben-yehuda-rt; 4; 0.00]
לב״ד	talmud	357	AMBIGUOUS	לב בית דין [ben-yehuda-rt; 29; 0.01] | לבית דין [ben-yehuda-rt; 192; 0.89] | לשמרך בכל דרכיך [ben-yehuda-rt; 2; 0.00] | (proclitic) לבן דוד [base; 1; 0.06] | (proclitic) לבן דעת [base; 9; 0.01] | (proclitic) לבסיעתא דשמיא [base; 0; 0.00] | (proclitic) לבעל דבר [base; 0; 0.00] | (proclitic) לבעל דין [base; 18; 0.03]
ע״ס	kabbalah	351	AMBIGUOUS	עבודה סוציאלית [he-wiktionary; 0; 0.00] | על סך [he-wiktionary+ben-yehuda-rt; 4; 0.00] | על סמך [he-wiktionary+ben-yehuda-rt; 18; 0.00] | עד סופו [ben-yehuda-rt; 62; 0.01] | עובדיה ספורני [ben-yehuda-rt; 1; 0.00] | עולם סתור [ben-yehuda-rt; 0; 0.00] | עטור סופרים [ben-yehuda-rt; 0; 0.00] | עט סופר [ben-yehuda-rt; 8; 0.00]
הי״ב	kabbalah	350	REVIEW	המקום יהיה בעזרו [ben-yehuda-rt; 0; 0.00] | (proclitic) היבש ביבש [base; 0; 0.00] | (proclitic) היגדל בתורה [base; 0; 0.00] | (proclitic) היהודה בנימין [base; 0; 0.00] | (proclitic) היודע בינה [base; 0; 0.00] | (proclitic) היחוס בשר [base; 0; 0.00] | (proclitic) היליד בית [base; 0; 0.00] | (proclitic) הימי בראשית [base; 0; 0.00]
וה״נ	talmud	350	REVIEW	והוא הדין נמי [ben-yehuda-rt; 55; 0.08] | (proclitic) והכי נמי [base; 261; 0.72] | (proclitic) והכא נמי [base; 201; 0.60] | (proclitic) והוא ניהו [base; 4; 0.01] | (proclitic) והושיעה נא [base; 0; 0.00] | (proclitic) והזכרת נשמות [base; 0; 0.14] | (proclitic) והיה נראה [base; 26; 0.01] | (proclitic) והלכו נמישות [base; 0; 0.00]
כ״ת	rabbinic	349	AMBIGUOUS	כבוד תורתו [ben-yehuda-rt; 19; 0.19] | כבוד תפארתו [ben-yehuda-rt; 0; 0.00] | כוס תנחומין [ben-yehuda-rt; 5; 0.00] | כוס תרעלה [ben-yehuda-rt; 5; 0.00] | כי תבא [ben-yehuda-rt; 175; 0.01] | כי תימא [ben-yehuda-rt; 11; 0.00] | כי תצא [ben-yehuda-rt; 379; 0.06] | כי תשא [ben-yehuda-rt; 439; 0.00]
שמ״ש	rabbinic	349	AMBIGUOUS	שלום מזרחי שרעבי [ben-yehuda-rt; 0; 0.00] | שמונה שרצים [ben-yehuda-rt; 66; 0.00] | שם משותף [ben-yehuda-rt; 18; 0.01] | (proclitic) שמוצאי שבת [base; 0; 0.00] | (proclitic) שמלכות שמים [base; 0; 0.00] | (proclitic) שמורא שמים [base; 0; 0.00] | (proclitic) שמאי שנא [base; 0; 0.00] | (proclitic) שמה שכתוב [base; 0; 0.00]
בב״מ	rabbinic	347	REVIEW	בעל ברית מילה [ben-yehuda-rt; 0; 0.00] | (proclitic) בבבא מציעא [base; 114; 0.84] | (proclitic) בבית מדרש [base; 2; 0.00] | (proclitic) בבית משפט [base; 0; 0.00] | (proclitic) בבר מינן [base; 0; 0.00] | (proclitic) בבר מצווה [base; 0; 0.00] | (proclitic) בבני משה [base; 2; 0.02] | (proclitic) בבאור מגלה [base; 0; 0.00]
וכ״ה	kabbalah	346	AMBIGUOUS	וכאן היה [ben-yehuda-rt; 8; 0.00] | וכן הוא [ben-yehuda-rt; 1140; 0.08] | וכן היה [ben-yehuda-rt; 259; 0.01] | וכן הלכה [ben-yehuda-rt; 2; 0.01] | וכן הסכים [ben-yehuda-rt; 1; 0.26] | (proclitic) וכבוד הבריות [base; 1; 0.00] | (proclitic) וכד הקמח [base; 0; 0.00] | (proclitic) וכהן הדיוט [base; 12; 0.00]
בא״י	kabbalah	343	AMBIGUOUS	באר יעקב [ben-yehuda-rt; 0; 0.00] | באר יצחק [ben-yehuda-rt; 0; 0.00] | בארץ ישראל [ben-yehuda-rt; 381; 0.09] | ברוך אתה יי [ben-yehuda-rt; 1; 0.09] | (proclitic) באינו יהודי [base; 0; 0.00] | (proclitic) באביר יעקב [base; 0; 0.00] | (proclitic) באבן יחייא [base; 1; 0.00] | (proclitic) באבן ירחי [base; 0; 0.00]
רפ״ב	rabbinic	343	REVIEW	ריש פרק בתרא [ben-yehuda-rt; 6; 0.00]
וזמ״ש	kabbalah	339	AMBIGUOUS	וזהו מה שאמר [ben-yehuda-rt; 15; 0.01] | וזהו מה שכתב [ben-yehuda-rt; 1; 0.02] | (proclitic) וזמן שכיבה [base; 0; 0.00] | (proclitic) וזמן שמחתנו [base; 3; 0.00]
ב״ק	kabbalah	338	AMBIGUOUS	בת קול [krupnik-1927+ben-yehuda-rt; 185; 0.06] | בבא קמא [krupnik-1927+he-wiktionary+ben-yehuda-rt; 36; 0.90] | בר קפרא [krupnik-1927+ben-yehuda-rt; 21; 0.00] | בית קיבול [krupnik-1927; 46; 0.00] | בעל קרי [krupnik-1927+ben-yehuda-rt; 10; 0.00] | ב׳ קדושות [krupnik-1927+ben-yehuda-rt; 0; 0.00] | בוצינא קדישא [ben-yehuda-rt; 211; 0.00] | בית קבול [ben-yehuda-rt; 25; 0.00]
מק״ו	talmud	336	AMBIGUOUS	מדת קל וחומר [ben-yehuda-rt; 1; 0.00] | מקל וחומר [ben-yehuda-rt; 174; 0.83] | (proclitic) מקצר וקולע [base; 0; 0.00] | (proclitic) מקב וישר [base; 0; 0.00] | (proclitic) מקב ונקי [base; 0; 0.00] | (proclitic) מקדוש וברוך [base; 0; 0.00] | (proclitic) מקולא וחומרא [base; 0; 0.00] | (proclitic) מקטן וגדול [base; 0; 0.02]
מק״ח	rabbinic	336	REVIEW	מקור חיים [ben-yehuda-rt; 113; 0.03] | (proclitic) מקאקי חיורי [base; 0; 0.00] | (proclitic) מקבלת חכם [base; 0; 0.00] | (proclitic) מקבלת חרם [base; 1; 0.00] | (proclitic) מקבורת חמור [base; 0; 0.00] | (proclitic) מקודם חופה [base; 0; 0.00] | (proclitic) מקודם חורבן [base; 0; 0.00] | (proclitic) מקודם חצות [base; 4; 0.00]
ת״ז	kabbalah	335	AMBIGUOUS	תוך ז' [ben-yehuda-rt; 2; 0.00] | תוך זמנו [ben-yehuda-rt; 3; 0.00] | תורי זהב [ben-yehuda-rt; 86; 0.00] | תפוחי זהב [ben-yehuda-rt; 19; 0.00] | תקוני זבח [ben-yehuda-rt; 0; 0.00] | תקוני זהר [ben-yehuda-rt; 4; 0.03] | תרי זמני [ben-yehuda-rt; 71; 0.00]
בספ״ק	rabbinic	334	REVIEW	בסוף פרק קמא [ben-yehuda-rt; 48; 0.48]
הגה״ק	kabbalah	334	REVIEW	הגאון הקדוש [ben-yehuda-rt; 23; 0.09]
לת״ח	rabbinic	334	REVIEW	לא תאכל חמץ [ben-yehuda-rt; 6; 0.00] | (proclitic) לתלמיד חכם [base; 292; 0.68] | (proclitic) לתענית חלום [base; 0; 0.00] | (proclitic) לתא חזי [base; 0; 0.00] | (proclitic) לתוך חותם [base; 0; 0.00] | (proclitic) לתוספות חדשים [base; 0; 0.00] | (proclitic) לתוספות חיים [base; 0; 0.00] | (proclitic) לתוצאות חיים [base; 0; 0.00]
הפ׳	rabbinic	333	AMBIGUOUS	הפוסקים [ben-yehuda-rt; 4696; 0.02] | הפטרה [ben-yehuda-rt; 168; 0.05] | הפסוק [ben-yehuda-rt; 3571; 0.34] | הפרשה [ben-yehuda-rt; 2169; 0.20] | (proclitic) הפאה [base; 0; 0.00] | (proclitic) הפורים [base; 0; 0.00] | (proclitic) הפחות [base; 0; 0.00] | (proclitic) הפיוט [base; 0; 0.00]
קי״ב	rabbinic	333	REVIEW	קול יי בכח [ben-yehuda-rt; 3; 0.00]
ש״ר	rabbinic	333	AMBIGUOUS	שבע רצון [ben-yehuda-rt; 49; 0.00] | שיר רבה [ben-yehuda-rt; 0; 0.00] | שלום רב [ben-yehuda-rt; 144; 0.00] | שליח ראשון [ben-yehuda-rt; 29; 0.01] | של ראש [ben-yehuda-rt; 1500; 0.29] | שלש רגלים [ben-yehuda-rt; 152; 0.11] | שמואל ראזענפעלד [ben-yehuda-rt; 0; 0.00] | שמות רבה [ben-yehuda-rt; 304; 0.00]
קכ״ד	rabbinic	328	REVIEW	קודם כל דבר [ben-yehuda-rt; 13; 0.00]
שכ״ה	rabbinic	324	AMBIGUOUS	שיורי כנסת הגדולה [ben-yehuda-rt; 4; 0.00] | שכן הוא [ben-yehuda-rt; 1073; 0.12] | שמות כל הספרים [ben-yehuda-rt; 1; 0.00] | (proclitic) שכבוד הבריות [base; 0; 0.00] | (proclitic) שכד הקמח [base; 0; 0.00] | (proclitic) שכהן הדיוט [base; 0; 0.00] | (proclitic) שכולי האי [base; 0; 0.00] | (proclitic) שכונות האר"י [base; 0; 0.00]
העו״ת	rabbinic	323	REVIEW	הלכות ערובין ותחומין [ben-yehuda-rt; 0; 0.00] | (proclitic) העול תורה [base; 0; 0.00] | (proclitic) העולת תמיד [base; 0; 0.00]
בצ״ע	rabbinic	321	AMBIGUOUS	בצריך עיון [ben-yehuda-rt; 24; 0.67] | בקר צהרים ערב [ben-yehuda-rt; 0; 0.00] | (proclitic) בצדיק עליון [base; 0; 0.00] | (proclitic) בצור עולמים [base; 0; 0.00] | (proclitic) בצר עין [base; 0; 0.00] | (proclitic) בצרת ערוה [base; 3; 0.00]
וזש״ה	kabbalah	320	REVIEW	וזה שאמר הכתוב [ben-yehuda-rt; 142; 0.50] | (proclitic) וזהו שאמר הכתוב [base; 225; 0.47]
מש״ל	rabbinic	318	AMBIGUOUS	מה שכתבתי למעלה [ben-yehuda-rt; 37; 0.12] | מה שנהגו לומר [ben-yehuda-rt; 16; 0.00] | מוציא שם לבטלה [ben-yehuda-rt; 1; 0.00] | מוריש שבועה לבניו [ben-yehuda-rt; 89; 0.02] | משכחת ליה [ben-yehuda-rt; 13; 0.00] | משנה למלך [ben-yehuda-rt; 86; 0.16] | (proclitic) משבולי לקט [base; 0; 0.00] | (proclitic) משבח לאל [base; 0; 0.00]
ב״מ	kabbalah	317	AMBIGUOUS	בבא מציעא [he-wiktionary+ben-yehuda-rt; 67; 0.93] | בית מדרש [he-wiktionary+ben-yehuda-rt; 1; 0.00] | בית משפט [he-wiktionary; 0; 0.00] | בר מינן [he-wiktionary+ben-yehuda-rt; 3; 0.00] | בר מצווה [he-wiktionary; 0; 0.00] | בני משה [he-wiktionary+ben-yehuda-rt; 4; 0.00] | באור מגלה [ben-yehuda-rt; 0; 0.00] | באור מלה [ben-yehuda-rt; 0; 0.00]
בש״כ	rabbinic	315	REVIEW	בעל שפתי כהן [ben-yehuda-rt; 2; 0.01] | (proclitic) בשפתי כהן [base; 2; 0.11] | (proclitic) בשבח כלי [base; 56; 0.02] | (proclitic) בשבירת כלים [base; 1; 0.00] | (proclitic) בשביתת כלים [base; 1; 0.00] | (proclitic) בשברי כלי [base; 3; 0.00] | (proclitic) בשבתי כהן [base; 0; 0.00] | (proclitic) בשוי כסף [base; 0; 0.00]
ה״ה	talmud	315	AMBIGUOUS	הוא הדין [he-wiktionary+ben-yehuda-rt; 281; 0.08] | הכי השתא [he-wiktionary+ben-yehuda-rt; 162; 0.00] | האדונים הנכבדים [he-wiktionary; 0; 0.00] | האדון הנכבד [he-wiktionary; 0; 0.00] | הגברת הנכבדה [he-wiktionary; 0; 0.00] | השם הטוב [he-wiktionary; 0; 0.00] | הלכה ה׳ [he-wiktionary+ben-yehuda-rt; 6; 0.01] | הרב המגיד [he-wiktionary; 0; 0.89]
מד״א	rabbinic	315	AMBIGUOUS	מגן דוד אדום [he-wiktionary; 0; 0.00] | משום דרכי אמורי [he-wiktionary+ben-yehuda-rt; 5; 0.00] | מרא דאתרא [he-wiktionary+ben-yehuda-rt; 3; 0.00] | מסכת דרך ארץ [he-wiktionary+ben-yehuda-rt; 12; 0.01] | מאן דאמר [ben-yehuda-rt; 425; 0.01] | מאריה דאברהם [ben-yehuda-rt; 1; 0.00] | מגו דחשיד אממונא [ben-yehuda-rt; 6; 0.00] | מד' אמות [ben-yehuda-rt; 0; 0.00]
קכ״ז	rabbinic	314	REVIEW	ק"כ זקנים [ben-yehuda-rt; 0; 0.00]
ד״ש	kabbalah	313	AMBIGUOUS	דיני שמים [he-wiktionary+ben-yehuda-rt; 3; 0.00] | דוד שמש [he-wiktionary; 0; 0.00] | דרישת שלום [he-wiktionary+ben-yehuda-rt; 0; 0.00] | דברי שלום [ben-yehuda-rt; 25; 0.02] | דברי שמואל [ben-yehuda-rt; 12; 0.00] | דבר שמואל [ben-yehuda-rt; 0; 0.00] | דבר שבקדושה [ben-yehuda-rt; 81; 0.00] | דוחה שבת [ben-yehuda-rt; 94; 0.00]
רו״ח	rabbinic	313	AMBIGUOUS	רוב וחזקה [ben-yehuda-rt; 15; 0.08] | רוח חיים [ben-yehuda-rt; 250; 0.00] | רחום וחנון [ben-yehuda-rt; 317; 0.00] | רקם וחגר [ben-yehuda-rt; 3; 0.00]
בב״ר	rabbinic	310	AMBIGUOUS	בבראשית רבה [ben-yehuda-rt; 351; 0.39] | בטל ברוב [ben-yehuda-rt; 134; 0.00] | בר בי רב [ben-yehuda-rt; 54; 0.00] | (proclitic) בבן רבי [base; 0; 0.00] | (proclitic) בבית ראשון [base; 103; 0.00] | (proclitic) בב׳ רשויות [base; 0; 0.00] | (proclitic) בבריך רחמנא [base; 0; 0.00] | (proclitic) בבן רֶבּ [base; 0; 0.00]
הרמ״ז	kabbalah	310	AMBIGUOUS	הרב רבינו משה זכות [ben-yehuda-rt; 0; 0.00] | הרני מזמן [ben-yehuda-rt; 0; 0.00] | (proclitic) הרבי משה זכות [base; 0; 0.00] | (proclitic) הר׳ משה זיידל [base; 0; 0.00] | (proclitic) הר' מרדכי זאב [base; 0; 0.00] | (proclitic) הר' משה זאב [base; 0; 0.00] | (proclitic) הר' משה זכות [base; 0; 0.00]
י״ו	kabbalah	310	REVIEW	יעלה ויבא [ben-yehuda-rt; 24; 0.00]
ד״ו	kabbalah	309	AMBIGUOUS	דין ודברים [ben-yehuda-rt; 3; 0.00] | דין וחשבון [ben-yehuda-rt; 51; 0.00] | דף ו' [ben-yehuda-rt; 47; 0.39] | דפוס ווארשא [ben-yehuda-rt; 0; 0.00] | דפוס ווילנא [ben-yehuda-rt; 8; 0.00] | דפוס וונעציא [ben-yehuda-rt; 0; 0.00] | דת ודין [ben-yehuda-rt; 6; 0.00]
בי״מ	rabbinic	308	AMBIGUOUS	ביזת מצרים [ben-yehuda-rt; 9; 0.00] | ביציאת מצרים [ben-yehuda-rt; 290; 0.01] | ביש מקומות [ben-yehuda-rt; 11; 0.00] | בל ימצא [ben-yehuda-rt; 2; 0.00] | בשם יש מפרשים [ben-yehuda-rt; 13; 0.00] | (proclitic) ביש מפרשים [base; 1; 0.00] | (proclitic) ביד מלאכי [base; 22; 0.01] | (proclitic) בידי מצה [base; 0; 0.00]
לש״ש	rabbinic	308	AMBIGUOUS	לאו שמיה שחיטה [ben-yehuda-rt; 1; 0.00] | לשם שבת [ben-yehuda-rt; 35; 0.05] | לשם שמים [ben-yehuda-rt; 1085; 0.79] | לשם שרים [ben-yehuda-rt; 0; 0.00] | (proclitic) לשומר שכר [base; 19; 0.10] | (proclitic) לשבלת שועל [base; 0; 0.00] | (proclitic) לשנה שנייה [base; 0; 0.00] | (proclitic) לשנת שירות [base; 0; 0.00]
בד״ת	rabbinic	305	AMBIGUOUS	בדברי תורה [ben-yehuda-rt; 620; 0.68] | בדין תורה [ben-yehuda-rt; 74; 0.11] | (proclitic) בדעת תורה [base; 2; 0.00] | (proclitic) בדבלת תאנים [base; 0; 0.00] | (proclitic) בדברה תורה [base; 0; 0.00] | (proclitic) בדברי תוספות [base; 8; 0.00] | (proclitic) בדברי תלמיד [base; 0; 0.00] | (proclitic) בדבר תורה [base; 7; 0.15]
שו״ג	rabbinic	304	AMBIGUOUS	שכולה וגלמודה [ben-yehuda-rt; 16; 0.00] | שר וגדול [ben-yehuda-rt; 21; 0.00] | (proclitic) שו' גברי [base; 0; 0.00]
ומש״ה	kabbalah	303	REVIEW	ומשום הכי [ben-yehuda-rt; 206; 0.66] | (proclitic) ומאי שנא התם [base; 2; 0.01] | (proclitic) ומדרש שיר השירים [base; 1; 0.00] | (proclitic) ומה שאחר הטבע [base; 0; 0.00] | (proclitic) ומה שאמר הכתוב [base; 6; 0.00] | (proclitic) ומהלך שבילי הדעת [base; 0; 0.00] | (proclitic) ומחלוקת שמאי הלל [base; 0; 0.00] | (proclitic) ומטטרון שר הפנים [base; 0; 0.00]
בחו״ל	rabbinic	302	REVIEW	בחוץ לארץ [ben-yehuda-rt; 259; 0.62] | (proclitic) בחוץ למדינה [base; 1; 0.00] | (proclitic) בחוץ למחנה [base; 0; 0.00] | (proclitic) בחוץ לעיר [base; 4; 0.00] | (proclitic) בחוץ לתחום [base; 7; 0.03] | (proclitic) בחזק ויאמץ לבך [base; 0; 0.00]
מהרי״א	rabbinic	302	AMBIGUOUS	מורינו הרב ר' יואל אשכנזי [ben-yehuda-rt; 0; 0.00] | מורינו הרב ר' יודא אסאד [ben-yehuda-rt; 0; 0.00] | מורינו הרב ר' יצחק אבוהב [ben-yehuda-rt; 0; 0.00]
בב״ב	rabbinic	300	AMBIGUOUS	בבא בן בוטא [ben-yehuda-rt; 12; 0.00] | בבא בתרא [ben-yehuda-rt; 1392; 0.77] | בבני ביתו [ben-yehuda-rt; 9; 0.00] | ב' בנינים בו [ben-yehuda-rt; 0; 0.00] | בברכה ב' [ben-yehuda-rt; 3; 0.00] | בורתא בת בוכרתא [ben-yehuda-rt; 0; 0.00] | בכיסו בכוסו בכעסו [ben-yehuda-rt; 2; 0.00] | בלעם בן בעור [ben-yehuda-rt; 82; 0.00]
וצ״ל	kabbalah	300	REVIEW	וצריך לומר [ben-yehuda-rt; 139; 0.40] | (proclitic) וצבי לצדיק [base; 0; 0.00] | (proclitic) וצדה לדרך [base; 1; 0.00] | (proclitic) וצדיק לברכה [base; 0; 0.00] | (proclitic) וצלמים [base; 0; 0.00] | (proclitic) וצפון לדרום [base; 0; 0.00] | (proclitic) וצפון להיות [base; 0; 0.00] | (proclitic) וצפון לומר [base; 0; 0.00]
הנ׳	kabbalah	299	AMBIGUOUS	הנגיד [ben-yehuda-rt; 23; 0.00] | הנדיב [ben-yehuda-rt; 3; 0.05] | הנזכר [ben-yehuda-rt; 1010; 0.02] | הנחמד [ben-yehuda-rt; 11; 0.01] | הניחא [ben-yehuda-rt; 5; 0.00] | הנעלה [ben-yehuda-rt; 67; 0.01] | הנפטר [ben-yehuda-rt; 14; 0.00] | הנקרא [ben-yehuda-rt; 3363; 0.00]
הרז״ה	rabbinic	299	REVIEW	הרב ר' זרחיה הלוי [ben-yehuda-rt; 2; 0.08] | (proclitic) הר' זאב הלוי [base; 0; 0.00] | (proclitic) הר' זלמן הענא [base; 0; 0.00] | (proclitic) הר' זרחיה הלוי [base; 0; 0.00]
וא״א	kabbalah	299	AMBIGUOUS	ואי אמרת [ben-yehuda-rt; 6; 0.01] | ואי אפשר [ben-yehuda-rt; 378; 0.15] | ואי אשמעינן [ben-yehuda-rt; 0; 0.00] | ואין אומרים [ben-yehuda-rt; 16; 0.00] | ואם אמר [ben-yehuda-rt; 26; 0.04] | ואני אומר [ben-yehuda-rt; 40; 0.02] | (proclitic) ואברהם אבינו [base; 96; 0.01] | (proclitic) ואשת איש [base; 1; 0.00]
כמש״ש	kabbalah	298	REVIEW	כמו שכתבתי שם [ben-yehuda-rt; 5; 0.15] | (proclitic) כמדריך שנת שרות [base; 0; 0.00] | (proclitic) כמשולש שווה שוקיים [base; 0; 0.00] | (proclitic) כמה ששנינו שם [base; 0; 0.00] | (proclitic) כמה שכתבתי שם [base; 0; 0.00] | (proclitic) כמוסף של שבת [base; 0; 0.00] | (proclitic) כמנחה של שבת [base; 0; 0.00] | (proclitic) כמשום שבות [base; 0; 0.00]
קס״ז	rabbinic	295	REVIEW	קידוש סוכה זמן [ben-yehuda-rt; 0; 0.00]
אח״ז	rabbinic	293	AMBIGUOUS	אחות זקוקתו [ben-yehuda-rt; 27; 0.02] | אח זקן [ben-yehuda-rt; 2; 0.04] | אחר זה [ben-yehuda-rt; 1428; 0.39] | אחר זמן [ben-yehuda-rt; 431; 0.04]
עה״כ	kabbalah	293	AMBIGUOUS	עיר הכהנים [ben-yehuda-rt; 18; 0.00] | על הכל [ben-yehuda-rt; 153; 0.00] | על הכלאים [ben-yehuda-rt; 4; 0.00] | על הכלכלה [ben-yehuda-rt; 0; 0.02] | על הכוס [ben-yehuda-rt; 14; 0.00] | על הכתוב [ben-yehuda-rt; 13; 0.00] | עלי היו כולנה [ben-yehuda-rt; 3; 0.00] | עם הכולל [ben-yehuda-rt; 340; 0.11]
רפ״ח	kabbalah	293	REVIEW	רבינו פרי חדש [ben-yehuda-rt; 0; 0.00]
הנ״ק	kabbalah	292	REVIEW	הבדלה נר קדוש [ben-yehuda-rt; 0; 0.00] | (proclitic) הנחל קדומים [base; 0; 0.00] | (proclitic) הנחל קדרון [base; 0; 0.00] | (proclitic) הנחל קישון [base; 0; 0.00] | (proclitic) הנחמן קראכמאל [base; 0; 0.00] | (proclitic) הנטורי קרתא [base; 0; 0.00] | (proclitic) הנטל קבלה [base; 0; 0.00] | (proclitic) הנכסי קטן [base; 0; 0.00]
לש׳	rabbinic	290	REVIEW	לשם [ben-yehuda-rt; 11194; 0.01] | (proclitic) לשבועה [base; 369; 0.00] | (proclitic) לשביל [base; 26; 0.00] | (proclitic) לשבת [base; 2757; 0.01] | (proclitic) לשד [base; 54; 0.00] | (proclitic) לשין [base; 174; 0.04] | (proclitic) לשירה [base; 26; 0.00] | (proclitic) לשלם [base; 3440; 0.33]
שב״ד	rabbinic	290	AMBIGUOUS	שבועת בית דין [ben-yehuda-rt; 1; 0.00] | שליח בית דין [ben-yehuda-rt; 54; 0.01] | של בית דוד [ben-yehuda-rt; 17; 0.00] | שם בן ד' [ben-yehuda-rt; 108; 0.00] | שמש בגבעון דום [ben-yehuda-rt; 45; 0.00] | (proclitic) שבית דין [base; 0; 0.00] | (proclitic) שבן דוד [base; 0; 0.00] | (proclitic) שבן דעת [base; 0; 0.00]
בה״א	kabbalah	289	AMBIGUOUS	בית הלל אומרים [ben-yehuda-rt; 2; 0.00] | בהעלם אחד [ben-yehuda-rt; 1; 0.00] | (proclitic) בהוה אמינא [base; 0; 0.00] | (proclitic) בה' אותיות [base; 0; 0.00] | (proclitic) בה' אלפים [base; 0; 0.00] | (proclitic) בהא אמרת [base; 0; 0.00] | (proclitic) בהוא אומר [base; 0; 0.00] | (proclitic) בהוא אלהים [base; 0; 0.00]
דהל״ל	rabbinic	288	REVIEW	דהוה ליה למימר [ben-yehuda-rt; 66; 0.70] | (proclitic) דהבאים לקראתנו לשלום [base; 0; 0.00] | (proclitic) דהוה לי למימר [base; 0; 0.15] | (proclitic) דהיה לו לומר [base; 52; 0.51] | (proclitic) דהלכה למעשה [base; 9; 0.00] | (proclitic) דהרופא לשבורי לב [base; 0; 0.00]
הלק״ט	rabbinic	287	REVIEW	הלכות קטנות [ben-yehuda-rt; 42; 0.63] | (proclitic) הלקבל טומאה [base; 0; 0.00] | (proclitic) הלקח טוב [base; 0; 0.00]
וה״ק	rabbinic	286	REVIEW	והכי קתני [ben-yehuda-rt; 94; 0.31] | (proclitic) והא קשיא [base; 1; 0.00] | (proclitic) והכי קאמר [base; 207; 0.80] | (proclitic) והאי קרא [base; 29; 0.03] | (proclitic) והיכי קתני [base; 8; 0.04] | (proclitic) והכי קאמינא [base; 1; 0.00] | (proclitic) והכל קדש [base; 0; 0.00] | (proclitic) והלכות קדושין [base; 0; 0.00]
ר״ד	rabbinic	285	AMBIGUOUS	ראש דבור [ben-yehuda-rt; 0; 0.00] | ראשית דבר [ben-yehuda-rt; 24; 0.00] | ראשית דעת [ben-yehuda-rt; 16; 0.02] | רב דימי [ben-yehuda-rt; 266; 0.01] | רבונא דעלמא [ben-yehuda-rt; 2; 0.00] | רבותינו דרשו [ben-yehuda-rt; 19; 0.00] | רביעית דם [ben-yehuda-rt; 74; 0.00] | ר' דוסא [ben-yehuda-rt; 0; 0.00]
אי״נ	kabbalah	284	REVIEW	אדם יש נשמה [ben-yehuda-rt; 0; 0.00]
א״מ	rabbinic	284	AMBIGUOUS	אגף מודיעין [he-wiktionary; 0; 0.00] | אמצעים מיוחדים [he-wiktionary; 0; 0.00] | אמ״ן [he-wiktionary; 0; 0.21] | אב מלאכה [ben-yehuda-rt; 99; 0.06] | אבי מורי [ben-yehuda-rt; 32; 0.01] | אבינו מלכינו [ben-yehuda-rt; 17; 0.09] | אבן משה [ben-yehuda-rt; 0; 0.00] | אבני מלואים [ben-yehuda-rt; 8; 0.03]
מו״ז	kabbalah	284	AMBIGUOUS	מורי זקני [ben-yehuda-rt; 4; 0.79] | מושיע וזורק [ben-yehuda-rt; 0; 0.00]
מס׳	kabbalah	284	AMBIGUOUS	מסטרא [ben-yehuda-rt; 3231; 0.00] | מסכת [ben-yehuda-rt; 193; 0.13] | מספר [ben-yehuda-rt; 2174; 0.00] | מסרה [ben-yehuda-rt; 31; 0.00] | (proclitic) מסאה [base; 0; 0.00] | (proclitic) מסבה [base; 5; 0.00] | (proclitic) מסברא [base; 18; 0.00] | (proclitic) מסוגיא [base; 3; 0.00]
שי״ח	rabbinic	281	AMBIGUOUS	שיר חדש [ben-yehuda-rt; 179; 0.00] | שיש חשש [ben-yehuda-rt; 104; 0.00] | (proclitic) שידי חובתו [base; 0; 0.00] | (proclitic) שיודעי חן [base; 0; 0.00] | (proclitic) שיאי חולקיה [base; 0; 0.00] | (proclitic) שיד חזקה [base; 0; 0.00] | (proclitic) שידיעת חשבון [base; 0; 0.00] | (proclitic) שיום חול [base; 0; 0.00]
הנ״ז	rabbinic	280	REVIEW	הלכות נזירות [ben-yehuda-rt; 10; 0.13] | (proclitic) הנדון זה [base; 0; 0.00] | (proclitic) הנדרי זריזין [base; 0; 0.00] | (proclitic) הנזם זהב [base; 0; 0.00] | (proclitic) הנחל זרד [base; 0; 0.00] | (proclitic) הנעים זמירות [base; 0; 0.00]
מר״ח	rabbinic	280	AMBIGUOUS	מלא רוח חכמה [ben-yehuda-rt; 32; 0.00] | מראש חדש [ben-yehuda-rt; 65; 0.79] | משנת ר' חייא [ben-yehuda-rt; 1; 0.00] | (proclitic) מראש חודש [base; 72; 0.80] | (proclitic) מר׳ חנינא [base; 0; 0.00] | (proclitic) מרב חסדא [base; 24; 0.01] | (proclitic) מראשית חכמה [base; 3; 0.00] | (proclitic) מרב חסד [base; 2; 0.00]
רנ״ג	rabbinic	280	REVIEW	ר' נסים גאון [ben-yehuda-rt; 0; 0.00]
ת״ד	kabbalah	280	AMBIGUOUS	תגא דמלכא [ben-yehuda-rt; 1; 0.00] | תוכן דבריו [ben-yehuda-rt; 18; 0.00] | תומר דבורה [ben-yehuda-rt; 12; 0.00] | תוריתא דנהמא [ben-yehuda-rt; 0; 0.00] | תחלת דבריו [ben-yehuda-rt; 4; 0.00] | תיקוני דיקנא [ben-yehuda-rt; 189; 0.89] | תיקוני דרכים [ben-yehuda-rt; 0; 0.00] | תלמודא דידן [ben-yehuda-rt; 1; 0.01]
ו״ה	rabbinic	279	AMBIGUOUS	ווי העמודים [ben-yehuda-rt; 44; 0.01] | ויכוח הדת [ben-yehuda-rt; 0; 0.00]
מ״ק	rabbinic	278	AMBIGUOUS	מרא קמא [he-wiktionary+ben-yehuda-rt; 83; 0.07] | מלכין קדמאין [he-wiktionary; 20; 0.00] | משמע קצת [he-wiktionary; 239; 0.00] | מועד קטן [he-wiktionary+ben-yehuda-rt; 347; 0.18] | מספר קטן [he-wiktionary+ben-yehuda-rt; 18; 0.00] | מרכז קהילתי [he-wiktionary; 0; 0.00] | מאי קרא [ben-yehuda-rt; 107; 0.00] | מאמר קדישין [ben-yehuda-rt; 5; 0.00]
ק״נ	rabbinic	278	AMBIGUOUS	קול נגידים [ben-yehuda-rt; 1; 0.00] | קול נהי [ben-yehuda-rt; 9; 0.00] | קליפת נגה [ben-yehuda-rt; 12; 0.00] | קרבן נתנאל [ben-yehuda-rt; 48; 0.03] | קריה נאמנה [ben-yehuda-rt; 23; 0.00]
במס״נ	kabbalah	276	REVIEW	במסירת נפש [ben-yehuda-rt; 79; 0.36] | (proclitic) במסירות נפש [base; 121; 0.56] | (proclitic) במסירת נדה [base; 0; 0.00] | (proclitic) במסירת נדרים [base; 0; 0.00] | (proclitic) במסירת נזיר [base; 0; 0.00]
בל״א	rabbinic	275	AMBIGUOUS	בליל א' [ben-yehuda-rt; 95; 0.00] | בליל אחרון [ben-yehuda-rt; 1; 0.00] | בלשון ארמית [ben-yehuda-rt; 150; 0.00] | (proclitic) בלישנא אחרינא [base; 8; 0.00] | (proclitic) בלא אדוני [base; 0; 0.00] | (proclitic) בלא אחד [base; 1; 0.00] | (proclitic) בלא אליכם [base; 0; 0.00] | (proclitic) בלא אמר [base; 18; 0.00]
המ״נ	kabbalah	275	REVIEW	הסר מעלי נגעך [ben-yehuda-rt; 1; 0.00] | (proclitic) הממה נפשך [base; 0; 0.00] | (proclitic) המעשה נס [base; 0; 0.00] | (proclitic) המאי ניהו [base; 0; 0.00] | (proclitic) המיר נתיבים [base; 0; 0.00] | (proclitic) המגילה נקראת [base; 0; 0.00] | (proclitic) המדרש נעלם [base; 0; 0.00] | (proclitic) המה נפשך [base; 0; 0.00]
ור״מ	rabbinic	273	AMBIGUOUS	ויפק רצון מה' [ben-yehuda-rt; 36; 0.00] | ולא רשעת מאלהי [ben-yehuda-rt; 0; 0.00] | (proclitic) ור׳ מאיר [base; 0; 0.00] | (proclitic) וראש ממשלה [base; 0; 0.00] | (proclitic) ורבי מאיר [base; 116; 0.21] | (proclitic) ורַב מורה [base; 0; 0.00] | (proclitic) וריש מתיבתא [base; 4; 0.01] | (proclitic) וראש מדינה [base; 0; 0.00]
מכ״ת	rabbinic	271	AMBIGUOUS	מעלת כבוד תורתו [ben-yehuda-rt; 1; 0.16] | מעלת כבוד תפארתו [ben-yehuda-rt; 0; 0.00] | מכתב תחיה [ben-yehuda-rt; 0; 0.00] | (proclitic) מכבוד תורתו [base; 22; 0.08] | (proclitic) מכבוד תפארתו [base; 0; 0.00] | (proclitic) מכוס תנחומין [base; 0; 0.00] | (proclitic) מכוס תרעלה [base; 0; 0.00] | (proclitic) מכי תבא [base; 0; 0.00]
הי״ס	kabbalah	269	REVIEW	היד סולדת [ben-yehuda-rt; 0; 0.00] | (proclitic) הידי ספק [base; 0; 0.00] | (proclitic) היחידי סגולה [base; 0; 0.00] | (proclitic) הים סוף [base; 0; 0.00] | (proclitic) הי' ספירות [base; 0; 0.00] | (proclitic) הישיבת סוכה [base; 0; 0.00] | (proclitic) היש ספרים [base; 0; 0.00]
וזמש״ל	kabbalah	269	AMBIGUOUS	וזהו מה שנזכר לעיל [ben-yehuda-rt; 0; 0.00] | וזהו מה שברצונו לבאר [ben-yehuda-rt; 0; 0.00]
דמש״ה	rabbinic	268	REVIEW	דמשום הכי [ben-yehuda-rt; 160; 0.61] | (proclitic) דמאי שנא התם [base; 0; 0.00] | (proclitic) דמדרש שיר השירים [base; 0; 0.00] | (proclitic) דמה שאחר הטבע [base; 0; 0.00] | (proclitic) דמה שאמר הכתוב [base; 2; 0.03] | (proclitic) דמהלך שבילי הדעת [base; 0; 0.00] | (proclitic) דמחלוקת שמאי הלל [base; 0; 0.00] | (proclitic) דמטטרון שר הפנים [base; 0; 0.00]
או״ד	rabbinic	267	AMBIGUOUS	או דילמא [ben-yehuda-rt; 773; 0.92] | אורז ודוחן [ben-yehuda-rt; 42; 0.00]
בה״ב	rabbinic	267	AMBIGUOUS	בדק הבית [ben-yehuda-rt; 224; 0.07] | בהר בחקותי [ben-yehuda-rt; 1; 0.00] | בהר הבית [ben-yehuda-rt; 83; 0.01] | בין הבריות [ben-yehuda-rt; 46; 0.01] | בין הבתרים [ben-yehuda-rt; 199; 0.05] | בית הבחירה [ben-yehuda-rt; 200; 0.01] | בית הבליעה [ben-yehuda-rt; 59; 0.00] | בעל הבית [ben-yehuda-rt; 1645; 0.06]
יעב״צ	rabbinic	267	REVIEW	יעקב עמדין בן צבי [ben-yehuda-rt; 0; 0.00]
דע״י	kabbalah	266	REVIEW	דעל ידי [ben-yehuda-rt; 244; 0.61] | (proclitic) דעבודת ישראל [base; 0; 0.00] | (proclitic) דעדי ישראל [base; 0; 0.00] | (proclitic) דעדים ישרים [base; 0; 0.00] | (proclitic) דעדת ישראל [base; 0; 0.00] | (proclitic) דעולת יצחק [base; 0; 0.00] | (proclitic) דעזרת ישראל [base; 0; 0.00] | (proclitic) דעין יעקב [base; 0; 0.00]
ה״ר	talmud	265	AMBIGUOUS	הביא ראיה [ben-yehuda-rt; 31; 0.00] | הושענא רבה [ben-yehuda-rt; 0; 0.00] | היזק ראיה [ben-yehuda-rt; 18; 0.00] | הלולא רבא [ben-yehuda-rt; 0; 0.00]
בי״ה	rabbinic	263	AMBIGUOUS	ביום ההוא [ben-yehuda-rt; 1400; 0.01] | בית הלל [ben-yehuda-rt; 413; 0.00] | (proclitic) ביום הכפורים [base; 782; 0.11] | (proclitic) ביום הדין [base; 93; 0.03] | (proclitic) ביד החזקה [base; 1; 0.00] | (proclitic) ביחי המלך [base; 0; 0.00] | (proclitic) ביין המשומר [base; 6; 0.00] | (proclitic) בינאי המלך [base; 11; 0.01]
בסה״ק	rabbinic	262	REVIEW	בספרים הקדושים [ben-yehuda-rt; 7; 0.19] | (proclitic) בספר הקודש [base; 0; 0.00] | (proclitic) בסדר הקריאה [base; 2; 0.00] | (proclitic) בספר הקנה [base; 18; 0.07] | (proclitic) בספרי הקבלה [base; 7; 0.04] | (proclitic) בספרי הקדש [base; 13; 0.00]
מ״י	rabbinic	262	AMBIGUOUS	מדבר יהודה [ben-yehuda-rt; 7; 0.00] | מדרש ילקוט [ben-yehuda-rt; 10; 0.00] | מה ידידות [ben-yehuda-rt; 32; 0.00] | מה יפית [ben-yehuda-rt; 38; 0.00] | מטה יהודה [ben-yehuda-rt; 43; 0.00] | מטה יוסף [ben-yehuda-rt; 48; 0.00] | מטה יששכר [ben-yehuda-rt; 5; 0.00] | מי יתן [ben-yehuda-rt; 444; 0.01]
קל״ט	rabbinic	262	REVIEW	קשה לי טובא [ben-yehuda-rt; 11; 0.00]
בר״ת	kabbalah	261	REVIEW	בראשי תיבות [ben-yehuda-rt; 23; 0.19] | (proclitic) ברבנו תם [base; 0; 0.00] | (proclitic) בראש תור [base; 0; 0.00] | (proclitic) ברבינו תם [base; 0; 0.00] | (proclitic) ברמזי תורה [base; 2; 0.00] | (proclitic) בר' תנחומא [base; 0; 0.00]
כנלענ״ד	rabbinic	261	REVIEW	כן נראה לפי עניות דעתי [ben-yehuda-rt; 0; 0.00] | (proclitic) כנראה לפי עניות דעתי [base; 0; 0.00]
מהמ״א	rabbinic	261	REVIEW	מהלכות מאכלות אסורות [ben-yehuda-rt; 25; 0.17] | (proclitic) מהמגן אברהם [base; 12; 0.16]
דב״ש	rabbinic	260	AMBIGUOUS	דבי שותפי [ben-yehuda-rt; 21; 0.00] | דבי שמואל [ben-yehuda-rt; 28; 0.00] | דברי שלום [ben-yehuda-rt; 69; 0.01] | דברי שלמה [ben-yehuda-rt; 29; 0.01] | דבר שבמנין [ben-yehuda-rt; 111; 0.01] | דבר שבקדושה [ben-yehuda-rt; 295; 0.00] | דבר שמואל [ben-yehuda-rt; 63; 0.18] | דוד בן שאלתיאל [ben-yehuda-rt; 0; 0.00]
עכ״ד	kabbalah	260	AMBIGUOUS	עד כאן דבריו [ben-yehuda-rt; 352; 0.18] | על כל דא [ben-yehuda-rt; 4; 0.00] | על כל דבר [ben-yehuda-rt; 97; 0.00] | על כל דבריו [ben-yehuda-rt; 0; 0.03] | עם כל דא [ben-yehuda-rt; 22; 0.00]
הד״ט	rabbinic	259	AMBIGUOUS	הדורש טובתו [ben-yehuda-rt; 0; 0.00] | הצעיר דניאל טירנו [ben-yehuda-rt; 0; 0.00] | (proclitic) הדף ט [base; 0; 0.00] | (proclitic) הדבק טוב [base; 0; 0.00] | (proclitic) הדברים טובים [base; 0; 0.00] | (proclitic) הדורש טוב [base; 0; 0.00] | (proclitic) הד' טורים [base; 0; 0.00] | (proclitic) הד' טפחים [base; 0; 0.00]
ק״כ	kabbalah	259	AMBIGUOUS	קבוצת כסף [ben-yehuda-rt; 0; 0.00] | קדושי כסף [ben-yehuda-rt; 0; 0.00] | קודם כל [ben-yehuda-rt; 92; 0.00] | קול כלה [ben-yehuda-rt; 10; 0.00] | קנין כסף [ben-yehuda-rt; 0; 0.00] | קערת כסף [ben-yehuda-rt; 4; 0.00] | קראו כן [ben-yehuda-rt; 3; 0.01]
ר״ס	rabbinic	259	AMBIGUOUS	ראש סימן [ben-yehuda-rt; 2; 0.00] | ר' סעדיה [ben-yehuda-rt; 0; 0.00] | ר' ספרא [ben-yehuda-rt; 0; 0.00] | רבנן סבוראי [ben-yehuda-rt; 38; 0.01] | רוח סערה [ben-yehuda-rt; 126; 0.00] | ריש סדרא [ben-yehuda-rt; 1; 0.00] | ריש ספרא [ben-yehuda-rt; 0; 0.00] | רשימת ספרים [ben-yehuda-rt; 0; 0.00]
כמש״ה	kabbalah	257	AMBIGUOUS	כמו שאמר הכתוב [ben-yehuda-rt; 134; 0.33] | כמו שאמרו החכמים [ben-yehuda-rt; 0; 0.02] | (proclitic) כמשום הכי [base; 0; 0.00] | (proclitic) כמאי שנא התם [base; 0; 0.00] | (proclitic) כמדרש שיר השירים [base; 0; 0.00] | (proclitic) כמה שאחר הטבע [base; 0; 0.00] | (proclitic) כמה שאמר הכתוב [base; 0; 0.00] | (proclitic) כמהלך שבילי הדעת [base; 0; 0.00]
הא״י	rabbinic	256	AMBIGUOUS	הלכות ארץ ישראל [ben-yehuda-rt; 5; 0.02] | הנה אל ישועתי [ben-yehuda-rt; 23; 0.00] | (proclitic) הארץ ישראל [base; 0; 0.00] | (proclitic) האינו יהודי [base; 0; 0.00] | (proclitic) האביר יעקב [base; 0; 0.00] | (proclitic) האבן יחייא [base; 0; 0.00] | (proclitic) האבן ירחי [base; 0; 0.00] | (proclitic) האבן ישראל [base; 0; 0.00]
מרה״י	rabbinic	255	REVIEW	מרשות היחיד [ben-yehuda-rt; 146; 0.20]
ש״ה	rabbinic	255	AMBIGUOUS	שאני הכא [ben-yehuda-rt; 294; 0.02] | שאני התם [ben-yehuda-rt; 511; 0.01] | שבת הגדול [ben-yehuda-rt; 167; 0.00] | שונה הלכות [ben-yehuda-rt; 22; 0.00] | שיר היום [ben-yehuda-rt; 6; 0.00] | שיר היחיד [ben-yehuda-rt; 0; 0.00] | שיר המעלות [ben-yehuda-rt; 221; 0.00] | שיר השירים [ben-yehuda-rt; 858; 0.16]
לז״א	rabbinic	254	AMBIGUOUS	לזה אמר [ben-yehuda-rt; 905; 0.13] | למה זה אנכי [ben-yehuda-rt; 35; 0.02] | לזרע אב [ben-yehuda-rt; 4; 0.00] | (proclitic) לזאת אומרת [base; 0; 0.00] | (proclitic) לז' אותיות [base; 0; 0.00] | (proclitic) לזה אומר [base; 13; 0.05] | (proclitic) לזה אינו [base; 23; 0.00] | (proclitic) לזוג אחד [base; 1; 0.00]
בנ״א	kabbalah	253	AMBIGUOUS	באורך נראה אור [ben-yehuda-rt; 49; 0.00] | בנוסחא אחרינא [ben-yehuda-rt; 1; 0.00] | בני אדם [ben-yehuda-rt; 1730; 0.17] | בני אהרן [ben-yehuda-rt; 230; 0.02] | בנשימה אחת [ben-yehuda-rt; 1; 0.01] | (proclitic) בנפילת אפיים [base; 2; 0.00] | (proclitic) בנחלת אבות [base; 0; 0.00] | (proclitic) בנוסח אשכנז [base; 0; 0.00]
נלענ״ד	rabbinic	253	REVIEW	נראה לפי עניות דעתי [ben-yehuda-rt; 5; 0.18]
מהרח״ו	rabbinic	252	REVIEW	מורינו הרב ר' חיים וויטאל [ben-yehuda-rt; 0; 0.00]
קל״ב	rabbinic	252	REVIEW	קדוש לבנה [ben-yehuda-rt; 7; 0.01]
בב״ת	rabbinic	251	AMBIGUOUS	בבל תאחר [ben-yehuda-rt; 56; 0.01] | בבל תוסיף [ben-yehuda-rt; 27; 0.00] | בבל תלין [ben-yehuda-rt; 14; 0.00] | בלתי בעל תכלית [ben-yehuda-rt; 160; 0.37] | בן בתירא [ben-yehuda-rt; 297; 0.00] | בעל בית תפלה [ben-yehuda-rt; 0; 0.00] | בקי בחדרי תורה [ben-yehuda-rt; 10; 0.01] | (proclitic) בבעל תשובה [base; 3; 0.00]
בכ״ר	rabbinic	250	AMBIGUOUS	בכלי ראשון [ben-yehuda-rt; 244; 0.20] | בן כבוד רבינו [ben-yehuda-rt; 0; 0.00] | (proclitic) בכבוד רבינו [base; 1; 0.00] | (proclitic) בכנגד ראשו [base; 0; 0.00] | (proclitic) בכנף רננים [base; 1; 0.00] | (proclitic) בכסא רחמים [base; 8; 0.02] | (proclitic) בכף רגל [base; 0; 0.00] | (proclitic) בכרם רבעי [base; 5; 0.01]
רל״ב	rabbinic	250	AMBIGUOUS	ראויה לבילה [ben-yehuda-rt; 1; 0.00] | רחמנא לבא בעי [ben-yehuda-rt; 25; 0.00]
במ״ג	rabbinic	249	AMBIGUOUS	באור מגילה [ben-yehuda-rt; 0; 0.00] | במחזור גדול [ben-yehuda-rt; 1; 0.00] | במסכת גטין [ben-yehuda-rt; 16; 0.26] | במסורה גדולה [ben-yehuda-rt; 0; 0.00] | במספר גדול [ben-yehuda-rt; 3; 0.00] | במקראות גדולות [ben-yehuda-rt; 3; 0.00] | במשנה ג' [ben-yehuda-rt; 428; 0.90] | ברכת מגילה [ben-yehuda-rt; 2; 0.02]
בש״ת	rabbinic	249	AMBIGUOUS	ברוך שומע תפילה [krupnik-1927; 0; 0.00] | בשומע תפילה [krupnik-1927; 17; 0.26] | בשמחת תורה [krupnik-1927+ben-yehuda-rt; 56; 0.05] | ברוך שומע תפלה [ben-yehuda-rt; 7; 0.05] | בשאלת תשובה [ben-yehuda-rt; 0; 0.00] | בשומע תפלה [ben-yehuda-rt; 200; 0.31] | בשערי תשובה [ben-yehuda-rt; 53; 0.15] | בשר תאוה [ben-yehuda-rt; 62; 0.00]
שמ״ה	rabbinic	249	AMBIGUOUS	שני מאורות הגדולים [ben-yehuda-rt; 13; 0.00] | שנתעלם מן העין [ben-yehuda-rt; 45; 0.00] | (proclitic) שמאור הגולה [base; 0; 0.00] | (proclitic) שמאור הדין [base; 0; 0.00] | (proclitic) שמאור החיים [base; 0; 0.00] | (proclitic) שמאמר השכל [base; 0; 0.00] | (proclitic) שמבחר הפנינים [base; 0; 0.00] | (proclitic) שמדינת הים [base; 0; 0.00]
בנה״י	kabbalah	248	REVIEW	בינה נצח הוד יסוד [ben-yehuda-rt; 0; 0.00] | (proclitic) בנצח הוד יסוד [base; 33; 0.39]
שכ״א	rabbinic	248	AMBIGUOUS	שאר כל אדם [ben-yehuda-rt; 42; 0.02] | שכל אחד [ben-yehuda-rt; 1006; 0.12] | שכל אנושי [ben-yehuda-rt; 50; 0.00] | של כל אדם [ben-yehuda-rt; 154; 0.02] | (proclitic) שכבוד אב [base; 0; 0.00] | (proclitic) שכבוד אם [base; 0; 0.00] | (proclitic) שכבוד אלהים [base; 0; 0.00] | (proclitic) שכברת ארץ [base; 0; 0.00]
ברי׳	kabbalah	246	AMBIGUOUS	ברייתא [ben-yehuda-rt; 123; 0.01] | בריש [ben-yehuda-rt; 570; 0.01]
בנ״א	rabbinic	245	AMBIGUOUS	באורך נראה אור [ben-yehuda-rt; 33; 0.00] | בנוסחא אחרינא [ben-yehuda-rt; 4; 0.00] | בני אדם [ben-yehuda-rt; 7857; 0.17] | בני אהרן [ben-yehuda-rt; 714; 0.02] | בנשימה אחת [ben-yehuda-rt; 189; 0.01] | (proclitic) בנפילת אפיים [base; 0; 0.00] | (proclitic) בנחלת אבות [base; 0; 0.00] | (proclitic) בנוסח אשכנז [base; 0; 0.00]
ה״ח	kabbalah	245	AMBIGUOUS	ה' חדים [ben-yehuda-rt; 0; 0.00] | ה' חסרים [ben-yehuda-rt; 0; 0.00] | הטבת חלום [ben-yehuda-rt; 1; 0.00] | הכל חייבין [ben-yehuda-rt; 4; 0.00] | הלכה ח' [ben-yehuda-rt; 1; 0.00] | הלכות חגיגה [ben-yehuda-rt; 0; 0.00] | הלכות חליצה [ben-yehuda-rt; 0; 0.01]
בח״ה	rabbinic	244	AMBIGUOUS	בחול המועד [ben-yehuda-rt; 196; 0.32] | בחונן הדעת [ben-yehuda-rt; 69; 0.00] | בחלול השם [ben-yehuda-rt; 20; 0.01] | בחשן המשפט [ben-yehuda-rt; 56; 0.25] | בית חנוך הנערים [ben-yehuda-rt; 0; 0.00] | בעל חובת הלבבות [ben-yehuda-rt; 40; 0.10] | בעל חמדת הימים [ben-yehuda-rt; 0; 0.00] | (proclitic) בחילול השם [base; 5; 0.00]
רפ״ח	rabbinic	244	REVIEW	רבינו פרי חדש [ben-yehuda-rt; 0; 0.00]
וע״ע	rabbinic	243	AMBIGUOUS	ועד עולם [ben-yehuda-rt; 398; 0.02] | ועולה על [ben-yehuda-rt; 20; 0.00] | ועיין עוד [ben-yehuda-rt; 755; 0.03] | ועיין ערכו [ben-yehuda-rt; 0; 0.00] | ועל ענין [ben-yehuda-rt; 126; 0.01] | (proclitic) ועבד עבדים [base; 0; 0.00] | (proclitic) ועבד עברי [base; 12; 0.01] | (proclitic) ועבר עליו [base; 149; 0.00]
קמ״ג	rabbinic	243	REVIEW	קריאת מגילה [ben-yehuda-rt; 39; 0.01]
ק״ק	kabbalah	243	AMBIGUOUS	קהילת קודש [he-wiktionary; 0; 0.00] | קודשי קדשים [he-wiktionary; 1; 0.02] | קבלת קנין [ben-yehuda-rt; 0; 0.00] | קדושין קדושין [ben-yehuda-rt; 0; 0.00] | קדשים קלים [ben-yehuda-rt; 14; 0.00] | קדשי קדשים [ben-yehuda-rt; 69; 0.05] | קהלה קדושה [ben-yehuda-rt; 0; 0.05] | קהלות קדש [ben-yehuda-rt; 0; 0.00]
דפ״ק	rabbinic	242	AMBIGUOUS	דפה קהילתנו [ben-yehuda-rt; 0; 0.00] | דפה קדמון [ben-yehuda-rt; 0; 0.00] | דפה קראקויא [ben-yehuda-rt; 0; 0.00] | דפה קרימונא [ben-yehuda-rt; 0; 0.00] | (proclitic) דפרופיל קרבי [base; 0; 0.00] | (proclitic) דפקודת קבע [base; 0; 0.00] | (proclitic) דפה קדוש [base; 0; 0.00] | (proclitic) דפה קהלתינו [base; 0; 0.00]
מיו״ט	rabbinic	242	AMBIGUOUS	מוצאי יום טוב [ben-yehuda-rt; 38; 0.12] | מעדני יום טוב [ben-yehuda-rt; 1; 0.00] | (proclitic) מיום טוב [base; 140; 0.92]
קנ״ח	rabbinic	242	REVIEW	קנה חכמה [ben-yehuda-rt; 61; 0.00]
בא״ז	rabbinic	241	AMBIGUOUS	באור זרוע [ben-yehuda-rt; 56; 0.33] | בעל אליהו זוטא [ben-yehuda-rt; 0; 0.00] | (proclitic) באין זה [base; 2; 0.00] | (proclitic) באת זה [base; 1; 0.00] | (proclitic) באדוני זקני [base; 0; 0.00] | (proclitic) באדרא זוטא [base; 0; 0.08] | (proclitic) באבי זקני [base; 0; 0.00] | (proclitic) באבני זכרון [base; 0; 0.00]
בא״א	kabbalah	240	AMBIGUOUS	באיזה אופן [ben-yehuda-rt; 43; 0.00] | באופן אחר [ben-yehuda-rt; 381; 0.01] | באשת איש [ben-yehuda-rt; 15; 0.06] | בית אב אחר [ben-yehuda-rt; 0; 0.00] | בן אדני אבי [ben-yehuda-rt; 0; 0.00] | ברוך אתה אדני [ben-yehuda-rt; 0; 0.00] | (proclitic) באברהם אבינו [base; 77; 0.11] | (proclitic) באי אפשר [base; 0; 0.00]
בכ״י	rabbinic	240	AMBIGUOUS	בכי יותן [ben-yehuda-rt; 103; 0.00] | בכל יום [ben-yehuda-rt; 4242; 0.20] | בכתיבת יד [ben-yehuda-rt; 49; 0.20] | ב' כתיבת יד [ben-yehuda-rt; 0; 0.00] | (proclitic) בכתב יד [base; 117; 0.01] | (proclitic) בכנסת ישראל [base; 12; 0.04] | (proclitic) בכה יהיה [base; 0; 0.00] | (proclitic) בכונות ישרות [base; 0; 0.00]
ובכ״מ	rabbinic	239	REVIEW	ובכל מקום [ben-yehuda-rt; 351; 0.20] | (proclitic) ובינה כתר מלכות [base; 0; 0.00] | (proclitic) ובכלי מנוקב [base; 1; 0.00] | (proclitic) ובכלל מאתים [base; 4; 0.00] | (proclitic) ובכל מאדך [base; 95; 0.02] | (proclitic) ובכל מלאכתך [base; 0; 0.00] | (proclitic) ובכל מערבין [base; 2; 0.07] | (proclitic) ובכל מעשיו [base; 7; 0.00]
ק״ס	rabbinic	239	AMBIGUOUS	קא סבר [ben-yehuda-rt; 19; 0.00] | קבלת סודר [ben-yehuda-rt; 0; 0.00] | קטרת סמים [ben-yehuda-rt; 24; 0.00] | קנאת סופרים [ben-yehuda-rt; 37; 0.00] | קנוח סעודה [ben-yehuda-rt; 1; 0.00] | קנין סודר [ben-yehuda-rt; 82; 0.00] | קן סתומה [ben-yehuda-rt; 12; 0.01] | קציני סדום [ben-yehuda-rt; 17; 0.00]
שב״ת	rabbinic	239	AMBIGUOUS	שבת ברית תפלין [ben-yehuda-rt; 0; 0.00] | שבת בשבת תגמור [ben-yehuda-rt; 0; 0.00] | שבת תתאה [ben-yehuda-rt; 2; 0.08] | שינה בשבת תענוג [ben-yehuda-rt; 4; 0.00] | שכרו ביומו תתן [ben-yehuda-rt; 0; 0.00] | שליש בתורה [ben-yehuda-rt; 5; 0.00] | שמואל בראשית תהלים [ben-yehuda-rt; 0; 0.00] | (proclitic) שבעל תשובה [base; 0; 0.00]
לי״ב	rabbinic	237	REVIEW	לא יבא בקהל [ben-yehuda-rt; 3; 0.00] | (proclitic) ליבש ביבש [base; 1; 0.00] | (proclitic) ליגדל בתורה [base; 0; 0.00] | (proclitic) ליהודה בנימין [base; 0; 0.00] | (proclitic) ליודע בינה [base; 1; 0.00] | (proclitic) ליחוס בשר [base; 0; 0.00] | (proclitic) ליליד בית [base; 2; 0.00] | (proclitic) לימי בראשית [base; 3; 0.00]
מע׳	rabbinic	237	AMBIGUOUS	מעלות [ben-yehuda-rt; 1204; 0.01] | מערבאי [ben-yehuda-rt; 4; 0.00] | מעשר [ben-yehuda-rt; 4498; 0.03] | (proclitic) מעבירה [base; 178; 0.03] | (proclitic) מעד [base; 65; 0.07] | (proclitic) מעולם [base; 3280; 0.00] | (proclitic) מעין [base; 2519; 0.00] | (proclitic) מעיין [base; 663; 0.00]
עד״ר	rabbinic	237	AMBIGUOUS	על דעת רבים [ben-yehuda-rt; 262; 0.72] | על דרך רמז [ben-yehuda-rt; 4; 0.00]
אד׳	kabbalah	236	AMBIGUOUS	אדון [ben-yehuda-rt; 678; 0.01] | אדם [ben-yehuda-rt; 19501; 0.06] | אדר [ben-yehuda-rt; 302; 0.01]
דע״כ	talmud	236	AMBIGUOUS	דעביד כמר [ben-yehuda-rt; 0; 0.02] | דעלמא כולי [ben-yehuda-rt; 0; 0.05] | (proclitic) דעד כאן [base; 50; 0.46] | (proclitic) דעד כמה [base; 0; 0.00] | (proclitic) דעל כרחך [base; 140; 0.64] | (proclitic) דעבד כנעני [base; 4; 0.04] | (proclitic) דעבודת ככבים [base; 0; 0.00] | (proclitic) דעד כותי [base; 0; 0.00]
מו׳	rabbinic	236	AMBIGUOUS	מוחין [ben-yehuda-rt; 503; 0.02] | מורי [ben-yehuda-rt; 1506; 0.08]
הגה״מ	rabbinic	234	REVIEW	הגהות מרדכי [ben-yehuda-rt; 173; 0.19] | (proclitic) הגזרת המלה [base; 0; 0.00] | (proclitic) הגזרת המלך [base; 0; 0.00] | (proclitic) הגזרת המקום [base; 0; 0.00]
קנ״א	rabbinic	234	REVIEW	קנאת אפרים [ben-yehuda-rt; 20; 0.00]
הה״מ	rabbinic	233	AMBIGUOUS	הרב המגיד [ben-yehuda-rt; 578; 0.92] | הרב המחבר [ben-yehuda-rt; 156; 0.44] | (proclitic) ההני מילי [base; 0; 0.00] | (proclitic) ההא מני [base; 0; 0.00] | (proclitic) ההאי מאי [base; 0; 0.00] | (proclitic) ההברה מורכבת [base; 0; 0.00] | (proclitic) ההדור מצוה [base; 0; 0.00] | (proclitic) ההואיל משה [base; 0; 0.00]
דב״ש	talmud	231	AMBIGUOUS	דבי שותפי [ben-yehuda-rt; 7; 0.00] | דבי שמואל [ben-yehuda-rt; 42; 0.00] | דברי שלום [ben-yehuda-rt; 6; 0.01] | דברי שלמה [ben-yehuda-rt; 0; 0.01] | דבר שבמנין [ben-yehuda-rt; 45; 0.01] | דבר שבקדושה [ben-yehuda-rt; 24; 0.00] | דבר שמואל [ben-yehuda-rt; 0; 0.18] | דוד בן שאלתיאל [ben-yehuda-rt; 0; 0.00]
לב״ש	talmud	231	AMBIGUOUS	לבושי שרד [ben-yehuda-rt; 0; 0.14] | לט בטנים שקדים [ben-yehuda-rt; 0; 0.00] | (proclitic) לבית שני [base; 1; 0.00] | (proclitic) לבית שמאי [base; 71; 0.31] | (proclitic) לברוך שאמר [base; 2; 0.00] | (proclitic) לברוך שמו [base; 0; 0.00] | (proclitic) לבאי שער [base; 0; 0.00] | (proclitic) לבאמה שלמה [base; 0; 0.00]
מו״ה	rabbinic	231	AMBIGUOUS	מופת הדור [ben-yehuda-rt; 33; 0.19] | מורה הוראה [ben-yehuda-rt; 32; 0.00] | מורינו ורבינו הרב [ben-yehuda-rt; 1; 0.00] | מלך והדיוט [ben-yehuda-rt; 10; 0.00] | מעלת וככוד הרבני [ben-yehuda-rt; 0; 0.00] | (proclitic) מווי העמודים [base; 0; 0.00] | (proclitic) מויכוח הדת [base; 0; 0.00]
ש״ג	rabbinic	231	AMBIGUOUS	שבועה גמורה [ben-yehuda-rt; 16; 0.00] | שבת גוי [ben-yehuda-rt; 0; 0.00] | של גבולין [ben-yehuda-rt; 0; 0.00] | של גוים [ben-yehuda-rt; 305; 0.05] | של גיהנם [ben-yehuda-rt; 493; 0.00] | של גליות [ben-yehuda-rt; 403; 0.04] | של גריסין [ben-yehuda-rt; 25; 0.00] | שלטי גבורים [ben-yehuda-rt; 0; 0.00]
במ״ה	rabbinic	230	AMBIGUOUS	בורי מאורי האש [ben-yehuda-rt; 0; 0.00] | במדינת הללו [ben-yehuda-rt; 1; 0.00] | במדרש הנעלם [ben-yehuda-rt; 58; 0.13] | במדת הדין [ben-yehuda-rt; 289; 0.00] | במדת הרחמים [ben-yehuda-rt; 86; 0.00] | במקום הידוע [ben-yehuda-rt; 10; 0.00] | במקום הנזכר [ben-yehuda-rt; 31; 0.01] | במקח השוה [ben-yehuda-rt; 2; 0.00]
יר״ה	rabbinic	230	REVIEW	ירום הודו [ben-yehuda-rt; 23; 0.17]
מארז״ל	kabbalah	227	REVIEW	מאמר רבותינו זכרונם לברכה [ben-yehuda-rt; 36; 0.14] | (proclitic) מאמרו רבותינו זכרונם לברכה [base; 0; 0.00] | (proclitic) מאמרו רז״ל [base; 0; 0.00]
קמ״ז	rabbinic	226	REVIEW	קדשי מזבח [ben-yehuda-rt; 80; 0.00]
ראב״נ	rabbinic	226	AMBIGUOUS	ר' אליהו ב"ר נתן [ben-yehuda-rt; 0; 0.00] | ר' אלעזר ב"ר נתן [ben-yehuda-rt; 0; 0.00]
של״ד	rabbinic	226	AMBIGUOUS	שיעובודא לאו דאורייתא [ben-yehuda-rt; 0; 0.00] | שלוחי דרחמנא [ben-yehuda-rt; 11; 0.00] | (proclitic) שלא דמי [base; 0; 0.00] | (proclitic) שלאו דווקא [base; 0; 0.00] | (proclitic) שלא די [base; 0; 0.00] | (proclitic) שלא דק [base; 0; 0.00] | (proclitic) שלאו דאורייתא [base; 0; 0.00] | (proclitic) שלאו דוקא [base; 0; 0.00]
ול״ש	rabbinic	225	AMBIGUOUS	ולא שכרן [ben-yehuda-rt; 15; 0.03] | ולא שנא [ben-yehuda-rt; 330; 0.35] | (proclitic) ולא שייך [base; 615; 0.18] | (proclitic) וליל שבת [base; 6; 0.02] | (proclitic) ולפי שעה [base; 22; 0.00] | (proclitic) ולא שביק [base; 37; 0.00] | (proclitic) ולא שכיח [base; 39; 0.02] | (proclitic) ולא שמה [base; 7; 0.00]
לק״ש	rabbinic	224	AMBIGUOUS	לקבל שכר [ben-yehuda-rt; 138; 0.02] | לקוטי שושנים [ben-yehuda-rt; 0; 0.00] | לקט שכחה [ben-yehuda-rt; 160; 0.00] | לקריאת שמע [ben-yehuda-rt; 101; 0.59] | לשמוע קול שופר [ben-yehuda-rt; 53; 0.11] | (proclitic) לקדיש שלם [base; 0; 0.00] | (proclitic) לקבלת שבת [base; 8; 0.36] | (proclitic) לקהלת שלמה [base; 0; 0.00]
בר״ח	kabbalah	222	AMBIGUOUS	בראש חדש [ben-yehuda-rt; 22; 0.75] | ברוב חסדיו [ben-yehuda-rt; 20; 0.02] | ברכת ראש חדש [ben-yehuda-rt; 0; 0.00] | בר ר' חייא [ben-yehuda-rt; 1; 0.03] | בר ר' חמא [ben-yehuda-rt; 0; 0.00] | בר רב חסדא [ben-yehuda-rt; 0; 0.00] | (proclitic) בראש חודש [base; 43; 0.60] | (proclitic) בר׳ חנינא [base; 0; 0.00]
הנ׳	rabbinic	222	AMBIGUOUS	הנגיד [ben-yehuda-rt; 90; 0.00] | הנדיב [ben-yehuda-rt; 59; 0.05] | הנזכר [ben-yehuda-rt; 4541; 0.02] | הנחמד [ben-yehuda-rt; 66; 0.01] | הניחא [ben-yehuda-rt; 144; 0.00] | הנעלה [ben-yehuda-rt; 77; 0.01] | הנפטר [ben-yehuda-rt; 319; 0.00] | הנקרא [ben-yehuda-rt; 2663; 0.00]
וש״מ	talmud	222	REVIEW	ושם מבואר [ben-yehuda-rt; 0; 0.02] | (proclitic) ושמע מינה [base; 149; 0.18] | (proclitic) ושמע מינא [base; 0; 0.00] | (proclitic) ושם מספר [base; 0; 0.00] | (proclitic) ושם משפחה [base; 0; 0.00] | (proclitic) ושאר מילי [base; 1; 0.00] | (proclitic) ושבט מוסר [base; 0; 0.00] | (proclitic) ושבט מיהודה [base; 0; 0.00]
בי״ב	rabbinic	221	REVIEW	בחכמה יבנה בית [ben-yehuda-rt; 23; 0.00] | (proclitic) ביבש ביבש [base; 6; 0.00] | (proclitic) ביגדל בתורה [base; 0; 0.00] | (proclitic) ביהודה בנימין [base; 0; 0.00] | (proclitic) ביודע בינה [base; 0; 0.00] | (proclitic) ביחוס בשר [base; 0; 0.00] | (proclitic) ביליד בית [base; 2; 0.00] | (proclitic) בימי בראשית [base; 5; 0.00]
קנ״ג	rabbinic	221	REVIEW	קנין גמור [ben-yehuda-rt; 184; 0.00]
רי״א	rabbinic	221	AMBIGUOUS	ר' יוסף אלבו [ben-yehuda-rt; 0; 0.00] | ר' יצחק אבוהב [ben-yehuda-rt; 0; 0.00] | ר' יצחק אלבו [ben-yehuda-rt; 0; 0.00] | ר' יצחק אברבנאל [ben-yehuda-rt; 0; 0.00] | ר' ישראל איסרלין [ben-yehuda-rt; 0; 0.00] | ר' ישראל אשכנזי [ben-yehuda-rt; 0; 0.00]
בא״י	talmud	220	AMBIGUOUS	באר יעקב [ben-yehuda-rt; 0; 0.00] | באר יצחק [ben-yehuda-rt; 0; 0.00] | בארץ ישראל [ben-yehuda-rt; 276; 0.09] | ברוך אתה יי [ben-yehuda-rt; 21; 0.09] | (proclitic) באינו יהודי [base; 0; 0.00] | (proclitic) באביר יעקב [base; 0; 0.00] | (proclitic) באבן יחייא [base; 0; 0.00] | (proclitic) באבן ירחי [base; 0; 0.00]
שר״ת	rabbinic	220	AMBIGUOUS	שומר רחום תמים [ben-yehuda-rt; 0; 0.00] | ש"ס רש"י תו"ס [ben-yehuda-rt; 0; 0.00] | (proclitic) שראשי תיבות [base; 0; 0.00] | (proclitic) שרבנו תם [base; 0; 0.00] | (proclitic) שראש תור [base; 0; 0.00] | (proclitic) שרבינו תם [base; 0; 0.00] | (proclitic) שרמזי תורה [base; 0; 0.00] | (proclitic) שר' תנחומא [base; 0; 0.00]
דמ״מ	talmud	219	REVIEW	דמכל מקום [ben-yehuda-rt; 77; 0.70] | (proclitic) דממלא מקום [base; 1; 0.03] | (proclitic) דמקרא מגילה [base; 0; 0.03] | (proclitic) דמראה מקום [base; 3; 0.00] | (proclitic) דמגיד משנה [base; 0; 0.00] | (proclitic) דמאי משמע [base; 1; 0.00] | (proclitic) דמאזני משקל [base; 0; 0.00] | (proclitic) דמאמר מרדכי [base; 0; 0.00]
ה״ב	rabbinic	219	AMBIGUOUS	הא בעינן [ben-yehuda-rt; 43; 0.00] | הבאה בעבירה [ben-yehuda-rt; 181; 0.00] | ה' בחינות [ben-yehuda-rt; 0; 0.00] | הדרא בריא [ben-yehuda-rt; 18; 0.00] | הדר ביה [ben-yehuda-rt; 295; 0.01] | הלכה ב' [ben-yehuda-rt; 84; 0.05] | הלכה ברורה [ben-yehuda-rt; 43; 0.13] | הלכות בכורות [ben-yehuda-rt; 2; 0.00]
סג״ל	rabbinic	219	AMBIGUOUS	סגי ליה [ben-yehuda-rt; 333; 0.00] | סגיד ליה [ben-yehuda-rt; 6; 0.00] | סגן להן [ben-yehuda-rt; 0; 0.00] | סוף גנב לתלויה [ben-yehuda-rt; 0; 0.00] | סכנה גדולה לו [ben-yehuda-rt; 0; 0.00] | סניף גדול לכהונה [ben-yehuda-rt; 0; 0.00]
מהרש״א	rabbinic	217	AMBIGUOUS	מורינו הרב ר' שלמה איגר [ben-yehuda-rt; 0; 0.00] | מורינו הרב ר' שמואל אידלש [ben-yehuda-rt; 0; 0.00] | (proclitic) מהרב רבינו שמואל אידלש [base; 0; 0.00]
ק״נ	kabbalah	217	AMBIGUOUS	קול נגידים [ben-yehuda-rt; 0; 0.00] | קול נהי [ben-yehuda-rt; 2; 0.00] | קליפת נגה [ben-yehuda-rt; 1; 0.00] | קרבן נתנאל [ben-yehuda-rt; 3; 0.03] | קריה נאמנה [ben-yehuda-rt; 8; 0.00]
לש״צ	rabbinic	215	REVIEW	לשליח צבור [ben-yehuda-rt; 35; 0.20] | (proclitic) לשליח ציבור [base; 12; 0.02] | (proclitic) לשבתאי צבי [base; 0; 0.00] | (proclitic) לשוטר צבאי [base; 0; 0.00] | (proclitic) לשיעבוד צף [base; 0; 0.00] | (proclitic) לשתוק צעיר [base; 0; 0.00] | (proclitic) לשמרהו צורו [base; 0; 0.00] | (proclitic) לשבתי צבי [base; 0; 0.00]
מי״ב	rabbinic	215	AMBIGUOUS	מיכה יוסף ברדיטשעווסקי [ben-yehuda-rt; 0; 0.00] | מעבר יבק [ben-yehuda-rt; 35; 0.01] | מצות יי ברא [ben-yehuda-rt; 0; 0.00] | (proclitic) מיבש ביבש [base; 0; 0.00] | (proclitic) מיגדל בתורה [base; 0; 0.00] | (proclitic) מיהודה בנימין [base; 0; 0.00] | (proclitic) מיודע בינה [base; 0; 0.00] | (proclitic) מיחוס בשר [base; 0; 0.00]
ש״ת	rabbinic	215	AMBIGUOUS	שבת תשובה [he-wiktionary+ben-yehuda-rt; 9; 0.03] | שה תמים [he-wiktionary; 49; 0.00] | שמחת תורה [he-wiktionary+ben-yehuda-rt; 76; 0.15] | שומע תפלה [jastrow-1903+ben-yehuda-rt; 279; 0.31] | שאול תחתיה [ben-yehuda-rt; 2; 0.00] | שאלות תשובות [ben-yehuda-rt; 0; 0.00] | שבעים תמרים [ben-yehuda-rt; 7; 0.00] | שברים תקיעה [ben-yehuda-rt; 9; 0.00]
בעה״ק	rabbinic	213	AMBIGUOUS	בעיר הקדושה [ben-yehuda-rt; 1; 0.00] | בעל עבודת הקודש [ben-yehuda-rt; 13; 0.00] | (proclitic) בעיר הקודש [base; 39; 0.45] | (proclitic) בעבודת הקדש [base; 3; 0.00] | (proclitic) בעגלת הקטור [base; 0; 0.00] | (proclitic) בעולם הקטן [base; 2; 0.00] | (proclitic) בעין הקורא [base; 0; 0.00] | (proclitic) בעיר הקדש [base; 2; 0.26]
מהא״ב	rabbinic	213	REVIEW	מהלכות איסורי ביאה [ben-yehuda-rt; 35; 0.33] | (proclitic) מהאוחז ביד [base; 0; 0.00] | (proclitic) מהאמורות בתורה [base; 0; 0.00] | (proclitic) מהאשה בתרא [base; 0; 0.00] | (proclitic) מהלות איסורי ביאה [base; 0; 0.00]
מק״ו	rabbinic	213	AMBIGUOUS	מדת קל וחומר [ben-yehuda-rt; 8; 0.00] | מקל וחומר [ben-yehuda-rt; 90; 0.83] | (proclitic) מקצר וקולע [base; 0; 0.00] | (proclitic) מקב וישר [base; 0; 0.00] | (proclitic) מקב ונקי [base; 0; 0.00] | (proclitic) מקדוש וברוך [base; 0; 0.00] | (proclitic) מקולא וחומרא [base; 1; 0.00] | (proclitic) מקטן וגדול [base; 2; 0.02]
במ״ד	rabbinic	212	AMBIGUOUS	בורא מיני דשאים [ben-yehuda-rt; 4; 0.00] | בית מדרש [ben-yehuda-rt; 2; 0.00] | במה מדליקין [ben-yehuda-rt; 465; 0.00] | בעל מגן דוד [ben-yehuda-rt; 0; 0.00] | בר מן ד' [ben-yehuda-rt; 0; 0.00] | בר מן דין [ben-yehuda-rt; 71; 0.00] | (proclitic) במאי דכתיב [base; 9; 0.00] | (proclitic) במאן דאמר [base; 0; 0.00]
וה״ד	rabbinic	211	REVIEW	ויכוח הדת [ben-yehuda-rt; 0; 0.00] | (proclitic) והיכי דמי [base; 54; 0.37] | (proclitic) והדא דכתיב [base; 0; 0.00] | (proclitic) והא דאמרת [base; 3; 0.00] | (proclitic) והביא דבריו [base; 64; 0.12] | (proclitic) והדא דתימא [base; 2; 0.08] | (proclitic) וה' דברים [base; 0; 0.00] | (proclitic) וה' דרכים [base; 0; 0.00]
וא״ש	rabbinic	210	AMBIGUOUS	ואינו שומע [ben-yehuda-rt; 153; 0.00] | ואלה שמות [ben-yehuda-rt; 214; 0.00] | ואתי שפיר [ben-yehuda-rt; 206; 0.38] | (proclitic) ואבינו שבשמים [base; 2; 0.00] | (proclitic) ואדר שני [base; 8; 0.18] | (proclitic) ואימון שדה [base; 0; 0.00] | (proclitic) ואיש שלום [base; 0; 0.00] | (proclitic) ואמר שם [base; 377; 0.08]
וז״א	kabbalah	210	AMBIGUOUS	וזאת אומרת [ben-yehuda-rt; 4; 0.00] | וזה אינו [ben-yehuda-rt; 112; 0.04] | וזה אמרו [ben-yehuda-rt; 87; 0.00] | (proclitic) וז' אותיות [base; 0; 0.00] | (proclitic) וזה אומר [base; 27; 0.02] | (proclitic) וזוג אחד [base; 0; 0.00] | (proclitic) וזכות אבות [base; 10; 0.00] | (proclitic) וזכרון אברהם [base; 0; 0.00]
מא״ס	kabbalah	210	AMBIGUOUS	מאין סוף [ben-yehuda-rt; 56; 0.32] | מאכלות אסורות [ben-yehuda-rt; 19; 0.00] | מי איכא ספיקא [ben-yehuda-rt; 3; 0.00] | מראה אבן ספיר [ben-yehuda-rt; 0; 0.00] | (proclitic) מאגב סודר [base; 0; 0.00] | (proclitic) מאין ספק [base; 0; 0.00] | (proclitic) מאבן ספיר [base; 0; 0.00] | (proclitic) מאבן סנה [base; 0; 0.00]
נ״ק	kabbalah	210	AMBIGUOUS	נחל קדומים [ben-yehuda-rt; 14; 0.01] | נחל קדרון [ben-yehuda-rt; 1; 0.00] | נחל קישון [ben-yehuda-rt; 2; 0.00] | נחמן קראכמאל [ben-yehuda-rt; 0; 0.00] | נטורי קרתא [ben-yehuda-rt; 11; 0.00] | נטל קבלה [ben-yehuda-rt; 0; 0.03] | נכסי קטן [ben-yehuda-rt; 0; 0.00] | נערה קטנה [ben-yehuda-rt; 1; 0.00]
דל״ש	rabbinic	209	AMBIGUOUS	דלא שייך [ben-yehuda-rt; 1218; 0.38] | דלא שכיחא [ben-yehuda-rt; 219; 0.05] | (proclitic) דלא שנא [base; 97; 0.36] | (proclitic) דליל שבת [base; 18; 0.00] | (proclitic) דלפי שעה [base; 11; 0.06] | (proclitic) דלא שביק [base; 37; 0.01] | (proclitic) דלא שכיח [base; 386; 0.13] | (proclitic) דלא שמה [base; 12; 0.00]
עי״כ	kabbalah	209	AMBIGUOUS	על ידי כן [ben-yehuda-rt; 36; 0.11] | על יד כותי [ben-yehuda-rt; 0; 0.00] | ערב יום כפורים [ben-yehuda-rt; 0; 0.04]
שע״ג	rabbinic	209	AMBIGUOUS	שכר עגלה [ben-yehuda-rt; 0; 0.00] | שעל גבי [ben-yehuda-rt; 303; 0.65] | שעת גוביינא [ben-yehuda-rt; 2; 0.00] | (proclitic) שעל גב [base; 0; 0.00] | (proclitic) שעבודת גילולים [base; 0; 0.00] | (proclitic) שעבודת גלול [base; 0; 0.00] | (proclitic) שעבוד גדולה [base; 0; 0.00] | (proclitic) שעבירה גדולה [base; 0; 0.00]
דה״ל	talmud	208	REVIEW	דבר המסור ללב [ben-yehuda-rt; 7; 0.00] | (proclitic) דהוה ליה [base; 666; 0.75] | (proclitic) דהוי ליה [base; 56; 0.76] | (proclitic) דהא לך [base; 1; 0.01] | (proclitic) דהיה לו [base; 31; 0.17] | (proclitic) דהלכתא למשיחא [base; 0; 0.00] | (proclitic) דהנזכר למעלה [base; 0; 0.00] | (proclitic) דהרי לך [base; 0; 0.00]
או״ה	rabbinic	207	AMBIGUOUS	אומות העולם [ben-yehuda-rt; 737; 0.23] | אוצר השרשים [ben-yehuda-rt; 0; 0.00] | אור החיים [ben-yehuda-rt; 27; 0.05] | איסור והיתר הארוך [ben-yehuda-rt; 5; 0.13] | אלטונא וואנדזבעק האמבורג [ben-yehuda-rt; 0; 0.00]
הא״א	rabbinic	207	AMBIGUOUS	הוא אדון אחדותו [ben-yehuda-rt; 0; 0.00] | הוא אדוני אבי [ben-yehuda-rt; 0; 0.00] | הלכות איסורי אכילה [ben-yehuda-rt; 0; 0.00] | הלכות אשת איש [ben-yehuda-rt; 0; 0.00] | השומר אחי אנכי [ben-yehuda-rt; 12; 0.00] | (proclitic) האברהם אבינו [base; 0; 0.00] | (proclitic) האי אפשר [base; 0; 0.00] | (proclitic) האי אמרת [base; 0; 0.00]
יב״ק	kabbalah	207	AMBIGUOUS	יהודא בר קלונימוס [ben-yehuda-rt; 0; 0.00] | יהושע בן קרחה [ben-yehuda-rt; 14; 0.00] | יוחנן בן קרח [ben-yehuda-rt; 0; 0.01] | יחוד ברכה קדושה [ben-yehuda-rt; 17; 0.24] | יש בקרבנות [ben-yehuda-rt; 0; 0.00]
נלע״ד	kabbalah	207	REVIEW	נראה לפי עניות דעתי [ben-yehuda-rt; 2; 0.26]
ש״ו	rabbinic	206	AMBIGUOUS	שמטות ויובלות [ben-yehuda-rt; 5; 0.01] | שמים וארץ [ben-yehuda-rt; 1062; 0.01] | שקלא וטריא [ben-yehuda-rt; 57; 0.00] | שריר וקיים [ben-yehuda-rt; 137; 0.00] | שתי וערב [ben-yehuda-rt; 378; 0.04]
וי״א	talmud	205	AMBIGUOUS	וזרעו יירש ארץ [ben-yehuda-rt; 0; 0.00] | וירא אלהים [ben-yehuda-rt; 17; 0.00] | ויש אומרים [ben-yehuda-rt; 218; 0.85] | ויש אוסרים [ben-yehuda-rt; 0; 0.59] | (proclitic) וי' אדומים [base; 0; 0.00] | (proclitic) וי' אמות [base; 0; 0.00] | (proclitic) ויד אבשלום [base; 0; 0.00] | (proclitic) ויד אברהם [base; 0; 0.00]
נו״ב	rabbinic	205	AMBIGUOUS	נוגע בעדות [ben-yehuda-rt; 104; 0.00] | נודע ביהודה [ben-yehuda-rt; 113; 0.59] | נוסח בערלין [ben-yehuda-rt; 0; 0.00] | נר ובשמים [ben-yehuda-rt; 10; 0.00]
ח״ד	rabbinic	204	AMBIGUOUS	חדושי דינים [ben-yehuda-rt; 3; 0.00] | חושבנא דדין [ben-yehuda-rt; 8; 0.01] | חות דעת [ben-yehuda-rt; 6; 0.06] | חזו דאתאי [ben-yehuda-rt; 0; 0.00] | חייתא דקטרא [ben-yehuda-rt; 0; 0.00] | חלוקי דעות [ben-yehuda-rt; 12; 0.00] | חלק ד' [ben-yehuda-rt; 40; 0.11] | חלשא דעתיה [ben-yehuda-rt; 15; 0.00]
בת״ח	rabbinic	203	AMBIGUOUS	בתוך חותם [ben-yehuda-rt; 87; 0.00] | בל תאכל חמץ [ben-yehuda-rt; 1; 0.01] | בת תלמיד חכם [ben-yehuda-rt; 31; 0.00] | (proclitic) בתלמיד חכם [base; 67; 0.21] | (proclitic) בתענית חלום [base; 30; 0.04] | (proclitic) בתא חזי [base; 0; 0.00] | (proclitic) בתוספות חדשים [base; 0; 0.00] | (proclitic) בתוספות חיים [base; 0; 0.00]
חו״ל	rabbinic	203	AMBIGUOUS	חוץ לארץ [ben-yehuda-rt; 118; 0.31] | חוץ למדינה [ben-yehuda-rt; 20; 0.00] | חוץ למחנה [ben-yehuda-rt; 74; 0.00] | חוץ לעיר [ben-yehuda-rt; 289; 0.04] | חוץ לתחום [ben-yehuda-rt; 848; 0.05] | חזק ויאמץ לבך [ben-yehuda-rt; 29; 0.00]
כנז״ל	rabbinic	203	REVIEW	כנזכר למעלה [ben-yehuda-rt; 17; 0.12]
כ״ל	rabbinic	203	AMBIGUOUS	כה לחי [ben-yehuda-rt; 35; 0.00] | כוכבי לכת [ben-yehuda-rt; 86; 0.00] | ככר לאדן [ben-yehuda-rt; 16; 0.00] | ככר לחם [ben-yehuda-rt; 70; 0.01] | כל לילה [ben-yehuda-rt; 41; 0.01] | כל לישנא [ben-yehuda-rt; 5; 0.00] | כסות לילה [ben-yehuda-rt; 85; 0.00]
מב״ה	rabbinic	202	AMBIGUOUS	מבית האסורים [ben-yehuda-rt; 84; 0.23] | מבית המדרש [ben-yehuda-rt; 61; 0.08] | מבן המחבר [ben-yehuda-rt; 185; 0.00] | מברכין החדש [ben-yehuda-rt; 0; 0.00] | מושבו בכסא הכבוד [ben-yehuda-rt; 0; 0.00] | מושלם בכל המעלות [ben-yehuda-rt; 1; 0.00] | מרומם בכל הברואים [ben-yehuda-rt; 0; 0.00] | (proclitic) מברוך השם [base; 0; 0.00]
מכ׳	rabbinic	202	AMBIGUOUS	מכח [ben-yehuda-rt; 4115; 0.06] | מכילתא [ben-yehuda-rt; 301; 0.00] | (proclitic) מכבוד [base; 258; 0.09] | (proclitic) מכה [base; 2854; 0.00] | (proclitic) מכך [base; 41; 0.03] | (proclitic) מכל [base; 20428; 0.04] | (proclitic) מכלל [base; 2944; 0.00] | (proclitic) מכמו [base; 26; 0.06]
פה״א	rabbinic	202	AMBIGUOUS	פותחין הארון [ben-yehuda-rt; 8; 0.00] | פירוש הארוך [ben-yehuda-rt; 0; 0.00] | פרי האדמה [ben-yehuda-rt; 625; 0.20] | פרי הארץ [ben-yehuda-rt; 86; 0.30] | פתח האהל [ben-yehuda-rt; 124; 0.00]
שע״א	rabbinic	202	AMBIGUOUS	שלא עשני אשה [ben-yehuda-rt; 43; 0.00] | שער אפרים [ben-yehuda-rt; 70; 0.32] | שער עבודת אלהים [ben-yehuda-rt; 1; 0.00] | (proclitic) שעבודת אלילים [base; 0; 0.00] | (proclitic) שעובד אלילים [base; 0; 0.00] | (proclitic) שעבודת אליל [base; 0; 0.00] | (proclitic) שעבותות אהבה [base; 0; 0.00] | (proclitic) שעובד אדמה [base; 0; 0.00]
אדמו״ר	rabbinic	201	REVIEW	אדונינו מורינו ורבינו [ben-yehuda-rt; 1; 0.44]
ממ״ש	kabbalah	200	AMBIGUOUS	מדות משובחות [ben-yehuda-rt; 0; 0.00] | מכל מקום שהוא [ben-yehuda-rt; 0; 0.00] | ממה שכתבתי [ben-yehuda-rt; 4; 0.36] | ממשמע שנאמר [ben-yehuda-rt; 6; 0.00] | מסכת מעשר שני [ben-yehuda-rt; 0; 0.00] | משום מעשה שהיה [ben-yehuda-rt; 0; 0.00] | (proclitic) ממוצאי שבת [base; 0; 0.00] | (proclitic) ממלכות שמים [base; 29; 0.00]
ב״ת	rabbinic	199	AMBIGUOUS	בעל תשובה [krupnik-1927+ben-yehuda-rt; 287; 0.05] | בל תוסיף [krupnik-1927+ben-yehuda-rt; 209; 0.12] | בל תשחית [krupnik-1927+ben-yehuda-rt; 80; 0.12] | בן תורה [krupnik-1927+ben-yehuda-rt; 83; 0.09] | בהם תעבודו [ben-yehuda-rt; 41; 0.00] | ביטול תורה [ben-yehuda-rt; 120; 0.02] | בית תבשיל [ben-yehuda-rt; 1; 0.00] | בית תפלה [ben-yehuda-rt; 52; 0.01]
תר״ת	rabbinic	199	REVIEW	תרומתו תרומה [ben-yehuda-rt; 171; 0.02]
ז״ש	rabbinic	198	AMBIGUOUS	זבחי שלמה [ben-yehuda-rt; 0; 0.00] | זבחי שלמים [ben-yehuda-rt; 70; 0.00] | זבח שמואל [ben-yehuda-rt; 0; 0.00] | זהב שחוט [ben-yehuda-rt; 19; 0.00] | זהו שנאמר [ben-yehuda-rt; 57; 0.08] | זהו שאמר [ben-yehuda-rt; 480; 0.13] | זהו שכתב [ben-yehuda-rt; 5; 0.00] | זווג שני [ben-yehuda-rt; 5; 0.00]
כב״ה	rabbinic	198	AMBIGUOUS	כבית הלל [ben-yehuda-rt; 142; 0.87] | כבנין הורדוס [ben-yehuda-rt; 0; 0.00] | כולהו בהדי הדדי [ben-yehuda-rt; 9; 0.00] | כותלי בית המדרש [ben-yehuda-rt; 12; 0.00] | כתלי בית הרחם [ben-yehuda-rt; 0; 0.00] | (proclitic) כברוך השם [base; 0; 0.00] | (proclitic) כבעזרת השם [base; 0; 0.00] | (proclitic) כבניין הורדוס [base; 0; 0.00]
וכ״א	kabbalah	197	AMBIGUOUS	וכל אחד [ben-yehuda-rt; 371; 0.32] | וכן איתא [ben-yehuda-rt; 297; 0.17] | וכן אמר [ben-yehuda-rt; 217; 0.03] | (proclitic) וכבוד אב [base; 1; 0.01] | (proclitic) וכבוד אם [base; 2; 0.00] | (proclitic) וכבוד אלהים [base; 7; 0.00] | (proclitic) וכברת ארץ [base; 0; 0.00] | (proclitic) וכה אמר [base; 4; 0.00]
קמ״ו	rabbinic	197	REVIEW	קול מבשר ואומר [ben-yehuda-rt; 1; 0.00]
הע׳	kabbalah	196	AMBIGUOUS	העובדים [ben-yehuda-rt; 81; 0.01] | הערה [ben-yehuda-rt; 23; 0.00] | העתקה [ben-yehuda-rt; 12; 0.00] | (proclitic) העבירה [base; 0; 0.00] | (proclitic) העד [base; 0; 0.00] | (proclitic) העולם [base; 14225; 0.03] | (proclitic) העין [base; 0; 0.00] | (proclitic) העיין [base; 0; 0.00]
נה״ש	rabbinic	194	AMBIGUOUS	נהורא השלם [ben-yehuda-rt; 6; 0.01] | נהור שרגא [ben-yehuda-rt; 0; 0.00] | נהר שלום [ben-yehuda-rt; 63; 0.05] | נפש השכלית [ben-yehuda-rt; 9; 0.00] | נתיבות השלום [ben-yehuda-rt; 1; 0.02]
אדר׳	talmud	193	REVIEW	אדרבה [ben-yehuda-rt; 596; 0.00]
הי״ב	rabbinic	193	REVIEW	המקום יהיה בעזרו [ben-yehuda-rt; 3; 0.00] | (proclitic) היבש ביבש [base; 0; 0.00] | (proclitic) היגדל בתורה [base; 0; 0.00] | (proclitic) היהודה בנימין [base; 0; 0.00] | (proclitic) היודע בינה [base; 0; 0.00] | (proclitic) היחוס בשר [base; 0; 0.00] | (proclitic) היליד בית [base; 0; 0.00] | (proclitic) הימי בראשית [base; 0; 0.00]
וא״ת	kabbalah	193	AMBIGUOUS	ואונקלוס תרגום [ben-yehuda-rt; 0; 0.00] | ואל תעשה [ben-yehuda-rt; 103; 0.05] | ואם תאמר [ben-yehuda-rt; 138; 0.86] | ואני תפלתי [ben-yehuda-rt; 86; 0.00] | (proclitic) ואל תקרי [base; 6; 0.00] | (proclitic) ואבן תבון [base; 0; 0.00] | (proclitic) ואבן תקומה [base; 0; 0.00] | (proclitic) ואגרת תימן [base; 0; 0.00]
ח״ס	rabbinic	193	AMBIGUOUS	חזקת סכנה [ben-yehuda-rt; 0; 0.00] | חטף סגול [ben-yehuda-rt; 1; 0.00] | חכמה סתימאה [ben-yehuda-rt; 0; 0.10] | ח' ספירות [ben-yehuda-rt; 0; 0.00] | חשש סכנה [ben-yehuda-rt; 111; 0.00] | חתם סופר [ben-yehuda-rt; 186; 0.34]
ק״מ	rabbinic	193	AMBIGUOUS	קבלה מעשית [ben-yehuda-rt; 1; 0.00] | קבר מצבה [ben-yehuda-rt; 0; 0.00] | קדשי מזבח [ben-yehuda-rt; 80; 0.00] | קהלת משה [ben-yehuda-rt; 2; 0.02] | קול מבשר [ben-yehuda-rt; 11; 0.00] | קוץ מכאיב [ben-yehuda-rt; 12; 0.01] | קל מהרה [ben-yehuda-rt; 8; 0.00] | קצור מזרחי [ben-yehuda-rt; 9; 0.00]
במל׳	kabbalah	192	REVIEW	במלכות [ben-yehuda-rt; 869; 0.12] | (proclitic) במלאים [base; 0; 0.00] | (proclitic) במלך [base; 192; 0.01] | (proclitic) במלשון [base; 0; 0.00]
וכ״ד	rabbinic	192	AMBIGUOUS	וכל דבר [ben-yehuda-rt; 704; 0.02] | וכל דכותיה [ben-yehuda-rt; 2; 0.00] | וכן דעת [ben-yehuda-rt; 1756; 0.87] | (proclitic) וכדיבור דמי [base; 0; 0.00] | (proclitic) וכדי דיבור [base; 1; 0.00] | (proclitic) וכדי דמיהן [base; 0; 0.00] | (proclitic) וכה דברי [base; 0; 0.00] | (proclitic) וכורת דבורים [base; 0; 0.00]
וצ״ל	talmud	192	REVIEW	וצריך לומר [ben-yehuda-rt; 129; 0.40] | (proclitic) וצבי לצדיק [base; 0; 0.00] | (proclitic) וצדה לדרך [base; 0; 0.00] | (proclitic) וצדיק לברכה [base; 0; 0.00] | (proclitic) וצלמים [base; 0; 0.00] | (proclitic) וצפון לדרום [base; 0; 0.00] | (proclitic) וצפון להיות [base; 0; 0.00] | (proclitic) וצפון לומר [base; 0; 0.00]
שא״י	kabbalah	192	AMBIGUOUS	שאינו ידוע [ben-yehuda-rt; 4; 0.05] | שאינו יודע [ben-yehuda-rt; 192; 0.25] | שאינו יוצא [ben-yehuda-rt; 27; 0.05] | שאינו יכול [ben-yehuda-rt; 265; 0.33] | שארית יוסף [ben-yehuda-rt; 33; 0.00] | שארית ישראל [ben-yehuda-rt; 29; 0.00] | שלומי אמוני ישראל [ben-yehuda-rt; 8; 0.00] | שער אהבת יי [ben-yehuda-rt; 0; 0.00]
ועז״נ	kabbalah	191	REVIEW	ועל זה נאמר [ben-yehuda-rt; 396; 0.18] | (proclitic) ועוד זה נקרא [base; 0; 0.00] | (proclitic) ועזי נפש [base; 0; 0.00] | (proclitic) ועזרת נשים [base; 1; 0.00] | (proclitic) ועל זנות [base; 0; 0.00]
כמארז״ל	kabbalah	191	REVIEW	כמאמר רבותינו זכרונם לברכה [ben-yehuda-rt; 53; 0.03]
קש״ג	rabbinic	190	REVIEW	קמי שמיא גליא [ben-yehuda-rt; 19; 0.00]
א״פ	kabbalah	189	AMBIGUOUS	אבן פנה [ben-yehuda-rt; 0; 0.00] | אברהם פינסו [ben-yehuda-rt; 0; 0.00] | אברהם פירקאוויץ [ben-yehuda-rt; 0; 0.00] | אדני פז [ben-yehuda-rt; 19; 0.00] | אהרן פולד [ben-yehuda-rt; 0; 0.00] | אור פנימי [ben-yehuda-rt; 219; 0.51] | אור פשוט [ben-yehuda-rt; 19; 0.02] | אינו פוסק [ben-yehuda-rt; 9; 0.00]
וש״מ	rabbinic	189	REVIEW	ושם מבואר [ben-yehuda-rt; 54; 0.02] | (proclitic) ושמע מינה [base; 45; 0.18] | (proclitic) ושמע מינא [base; 0; 0.00] | (proclitic) ושם מספר [base; 0; 0.00] | (proclitic) ושם משפחה [base; 0; 0.00] | (proclitic) ושאר מילי [base; 4; 0.00] | (proclitic) ושבט מוסר [base; 2; 0.00] | (proclitic) ושבט מיהודה [base; 0; 0.00]
כיעו״ש	rabbinic	188	REVIEW	כאשר יעוין שם [ben-yehuda-rt; 0; 0.00] | (proclitic) כיעוין שם [base; 0; 0.00]
ק״ע	rabbinic	188	AMBIGUOUS	קבל עם [ben-yehuda-rt; 7; 0.00] | קבלה עיונית [ben-yehuda-rt; 0; 0.00] | קבלת עדות [ben-yehuda-rt; 78; 0.01] | קדושת עולם [ben-yehuda-rt; 14; 0.00] | קול ענות [ben-yehuda-rt; 61; 0.00] | קום עשה [ben-yehuda-rt; 74; 0.00] | קונטרס עגונות [ben-yehuda-rt; 0; 0.00] | קורי עכביש [ben-yehuda-rt; 33; 0.00]
בכ״ש	rabbinic	187	AMBIGUOUS	בכדי שיעשה [ben-yehuda-rt; 66; 0.01] | בכור שוטה [ben-yehuda-rt; 3; 0.00] | בכור שור [ben-yehuda-rt; 81; 0.00] | בכלי שני [ben-yehuda-rt; 301; 0.40] | בכל שהוא [ben-yehuda-rt; 553; 0.65] | בכל שנה [ben-yehuda-rt; 793; 0.00] | בכל שעה [ben-yehuda-rt; 313; 0.01] | בכסא שן [ben-yehuda-rt; 0; 0.00]
במ״ת	kabbalah	187	REVIEW	במגילת תענית [ben-yehuda-rt; 3; 0.01] | (proclitic) במתן תורה [base; 318; 0.67] | (proclitic) במשחקי תפקידים [base; 0; 0.00] | (proclitic) במאיר תהלות [base; 0; 0.00] | (proclitic) במאי תקנתיה [base; 0; 0.00] | (proclitic) במאן תנא [base; 0; 0.00] | (proclitic) במגלת תענית [base; 1; 0.00] | (proclitic) במדרש תהלים [base; 23; 0.04]
ובפ״נ	rabbinic	187	REVIEW	ובפני נחתם [ben-yehuda-rt; 270; 0.12] | (proclitic) ובפחי נפש [base; 0; 0.00] | (proclitic) ובפני נכתב [base; 3; 0.01]
ועי״ל	rabbinic	187	REVIEW	ועוד יש לומר [ben-yehuda-rt; 138; 0.44] | (proclitic) ועיין לעיל [base; 2934; 0.09] | (proclitic) ועיין לקמן [base; 2431; 0.06]
ק״פ	rabbinic	187	AMBIGUOUS	קהל פרנסים [ben-yehuda-rt; 0; 0.00] | קלסתר פנים [ben-yehuda-rt; 11; 0.01] | קנה פגום [ben-yehuda-rt; 24; 0.00] | קנין פירות [ben-yehuda-rt; 31; 0.00] | קרבן פסח [ben-yehuda-rt; 113; 0.04] | קריאת פרשה [ben-yehuda-rt; 2; 0.00] | קרני פרה [ben-yehuda-rt; 0; 0.00]
או״ר	rabbinic	186	AMBIGUOUS	אביי ורבא [ben-yehuda-rt; 239; 0.00] | אוכל ראשון [ben-yehuda-rt; 11; 0.00]
א״ח	kabbalah	185	AMBIGUOUS	אגרת חמודות [ben-yehuda-rt; 0; 0.00] | אדוני חותני [ben-yehuda-rt; 0; 0.00] | אדוני חמי [ben-yehuda-rt; 0; 0.01] | או חרם [ben-yehuda-rt; 0; 0.00] | אור חכמים [ben-yehuda-rt; 0; 0.00] | אוצרות חיים [ben-yehuda-rt; 1; 0.00] | אוצר חכמה [ben-yehuda-rt; 0; 0.00] | אח חורג [ben-yehuda-rt; 0; 0.00]
מש״ש	rabbinic	185	AMBIGUOUS	מדריך שנת שרות [he-wiktionary; 0; 0.00] | משולש שווה שוקיים [he-wiktionary; 0; 0.00] | מה ששנינו שם [he-wiktionary; 5; 0.00] | מה שכתבתי שם [ben-yehuda-rt; 67; 0.33] | מוסף של שבת [ben-yehuda-rt; 17; 0.00] | מנחה של שבת [ben-yehuda-rt; 8; 0.00] | משום שבות [ben-yehuda-rt; 281; 0.01] | משנה שלימה שנינו [ben-yehuda-rt; 30; 0.00]
קפ״ד	rabbinic	185	AMBIGUOUS	קפיצת דרך [ben-yehuda-rt; 0; 0.00] | קראים פייטנים דרשנים [ben-yehuda-rt; 0; 0.00]
ק״ד	kabbalah	185	AMBIGUOUS	קדושת דמים [ben-yehuda-rt; 1; 0.00] | קדיש דרבנן [ben-yehuda-rt; 2; 0.00] | קהלת דוד [ben-yehuda-rt; 0; 0.00] | קוצר דעתי [ben-yehuda-rt; 1; 0.00] | קורט דם [ben-yehuda-rt; 0; 0.00] | קישור דברים [ben-yehuda-rt; 1; 0.00] | קנין דמים [ben-yehuda-rt; 0; 0.00] | קפיצת דם [ben-yehuda-rt; 0; 0.00]
בס״ה	rabbinic	184	AMBIGUOUS	בסדר היום [ben-yehuda-rt; 50; 0.09] | בסוד הכתוב [ben-yehuda-rt; 52; 0.05] | בסך הכל [ben-yehuda-rt; 4; 0.00] | בספר הבהיר [ben-yehuda-rt; 45; 0.14] | בספר הזהר [ben-yehuda-rt; 58; 0.10] | (proclitic) בסוגית הש"ס [base; 0; 0.00] | (proclitic) בסוד הסודות [base; 1; 0.00] | (proclitic) בסימן ה' [base; 14; 0.00]
מר״נ	rabbinic	184	AMBIGUOUS	ממאתים רבנים נסמך [he-wiktionary; 0; 0.00] | מורנו רבי נחמן [he-wiktionary; 0; 0.00] | משנת רבי נתן [he-wiktionary; 1; 0.00] | (proclitic) מרב נחמן [base; 42; 0.09] | (proclitic) מר׳ נחמיה [base; 0; 0.00] | (proclitic) מרבנו ניסים [base; 0; 0.00] | (proclitic) מרישיון נהיגה [base; 0; 0.00] | (proclitic) מרבות נקבות [base; 0; 0.00]
ומ״ש	talmud	183	AMBIGUOUS	וכל מאמינים שהוא [ben-yehuda-rt; 0; 0.00] | ומאי שנא [ben-yehuda-rt; 454; 0.03] | ומה שכתב [ben-yehuda-rt; 5; 0.78] | ומה שנאמר [ben-yehuda-rt; 0; 0.01] | (proclitic) ומוצאי שבת [base; 9; 0.00] | (proclitic) ומלכות שמים [base; 1; 0.00] | (proclitic) ומורא שמים [base; 0; 0.00] | (proclitic) ומה שכתוב [base; 9; 0.01]
וג׳	talmud	182	REVIEW	וגומר [jastrow-1903; 77; 0.13] | (proclitic) וגדולה [base; 48; 0.00] | (proclitic) וגבורה [base; 7; 0.00] | (proclitic) וגאולה [base; 3; 0.00] | (proclitic) וגלות [base; 6; 0.00] | (proclitic) וגזירה [base; 48; 0.00] | (proclitic) וגאון [base; 2; 0.00] | (proclitic) וגדול [base; 67; 0.00]
מהרש״א	kabbalah	182	AMBIGUOUS	מורינו הרב ר' שלמה איגר [ben-yehuda-rt; 0; 0.00] | מורינו הרב ר' שמואל אידלש [ben-yehuda-rt; 0; 0.00] | (proclitic) מהרב רבינו שמואל אידלש [base; 0; 0.00]
דלפ״ז	rabbinic	180	AMBIGUOUS	דלפי זה [ben-yehuda-rt; 116; 0.61] | דלפירוש זה [ben-yehuda-rt; 4; 0.42] | (proclitic) דלפי זיתים [base; 0; 0.00] | (proclitic) דלפני זה [base; 3; 0.03] | (proclitic) דלפני זמנו [base; 2; 0.00] | (proclitic) דלפרט זה [base; 0; 0.00] | (proclitic) דלפרשת זכור [base; 0; 0.00]
הה״א	kabbalah	180	AMBIGUOUS	הוא היה אומר [ben-yehuda-rt; 20; 0.00] | הרי הוא אומר [ben-yehuda-rt; 13; 0.00] | (proclitic) ההוה אמינא [base; 0; 0.00] | (proclitic) הה' אותיות [base; 0; 0.00] | (proclitic) הה' אלפים [base; 0; 0.00] | (proclitic) ההא אמרת [base; 0; 0.00] | (proclitic) ההוא אומר [base; 0; 0.00] | (proclitic) ההוא אלהים [base; 0; 0.00]
יי״נ	rabbinic	180	AMBIGUOUS	יין נסך [ben-yehuda-rt; 547; 0.73] | ימינך יי נאדרי [ben-yehuda-rt; 2; 0.00] | ישרים יראים נביאים [ben-yehuda-rt; 0; 0.00] | יתנך יי נגף [ben-yehuda-rt; 0; 0.00]
מדר׳	talmud	180	AMBIGUOUS	מדרבנן [ben-yehuda-rt; 1705; 0.00] | מדרש [ben-yehuda-rt; 171; 0.00] | (proclitic) מדרוש [base; 1; 0.00] | (proclitic) מדרך [base; 36; 0.00]
קע״ד	rabbinic	180	AMBIGUOUS	קבלת עדות [ben-yehuda-rt; 78; 0.00] | קוצר עניות דעתי [ben-yehuda-rt; 0; 0.00]
רמ״ג	rabbinic	180	AMBIGUOUS	ר' מרדכי גימפל [ben-yehuda-rt; 0; 0.00] | ר' משה גאלאנטי [ben-yehuda-rt; 0; 0.00] | רצה מזה גיבה [ben-yehuda-rt; 0; 0.00]
ד״ו	rabbinic	179	AMBIGUOUS	דין ודברים [ben-yehuda-rt; 276; 0.00] | דין וחשבון [ben-yehuda-rt; 157; 0.00] | דף ו' [ben-yehuda-rt; 288; 0.39] | דפוס ווארשא [ben-yehuda-rt; 2; 0.00] | דפוס ווילנא [ben-yehuda-rt; 0; 0.00] | דפוס וונעציא [ben-yehuda-rt; 0; 0.00] | דת ודין [ben-yehuda-rt; 107; 0.00]
ט״ל	kabbalah	179	REVIEW	טוב להקיז [ben-yehuda-rt; 0; 0.00]
לב״ה	talmud	179	REVIEW	לא בשמים הוא [ben-yehuda-rt; 0; 0.10] | (proclitic) לברוך השם [base; 0; 0.00] | (proclitic) לבעזרת השם [base; 0; 0.00] | (proclitic) לבית הלל [base; 69; 0.24] | (proclitic) לבניין הורדוס [base; 0; 0.00] | (proclitic) לבעולם הבא [base; 0; 0.00] | (proclitic) לברוך הבא [base; 0; 0.00] | (proclitic) לבאור המלה [base; 0; 0.00]
דלמ״ד	rabbinic	178	REVIEW	דלמאן דאמר [ben-yehuda-rt; 41; 0.40] | (proclitic) דלית מאן דפליג [base; 0; 0.00] | (proclitic) דלא מדובשך [base; 0; 0.00] | (proclitic) דלדעת מדינחאי [base; 0; 0.00] | (proclitic) דלמבין די [base; 0; 0.00] | (proclitic) דלמה דומה [base; 0; 0.00]
רע״ג	rabbinic	178	AMBIGUOUS	ר' עמרם גאון [ben-yehuda-rt; 0; 0.00] | רעש גדול [ben-yehuda-rt; 51; 0.00]
מע״ל	rabbinic	177	AMBIGUOUS	מאבד עצמו לדעת [ben-yehuda-rt; 25; 0.07] | מאי עביד ליה [ben-yehuda-rt; 73; 0.00] | מעבר לדף [ben-yehuda-rt; 8; 0.00] | מעבר לעבר [ben-yehuda-rt; 110; 0.03] | מעבר לים [ben-yehuda-rt; 98; 0.01] | מעוט לילה [ben-yehuda-rt; 0; 0.00] | מעידן לעידן [ben-yehuda-rt; 0; 0.00] | מענה לשון [ben-yehuda-rt; 33; 0.00]
בעוה״ר	rabbinic	176	REVIEW	בעוותינו הרבים [ben-yehuda-rt; 0; 0.00] | (proclitic) בעוונותינו הרבים [base; 76; 0.26] | (proclitic) בעונותינו הרבים [base; 95; 0.37]
הח׳	kabbalah	176	AMBIGUOUS	החבר [ben-yehuda-rt; 6; 0.00] | החכם [ben-yehuda-rt; 449; 0.30] | החתום [ben-yehuda-rt; 32; 0.00] | החתן [ben-yehuda-rt; 132; 0.03] | (proclitic) החברה [base; 0; 0.00] | (proclitic) החדש [base; 0; 0.00] | (proclitic) החומש [base; 0; 0.00] | (proclitic) החזן [base; 0; 0.00]
הח״ר	rabbinic	176	REVIEW	החכם רבינו [ben-yehuda-rt; 3; 0.00] | (proclitic) החדושי רשב"א [base; 0; 0.00] | (proclitic) החורבן ראשון [base; 0; 0.00] | (proclitic) החיה רעה [base; 0; 0.00] | (proclitic) החיי ראשי [base; 0; 0.00] | (proclitic) החכם ר' [base; 0; 0.00] | (proclitic) החלי ראש [base; 0; 0.00] | (proclitic) החלק ראשון [base; 0; 0.00]
לק״ת	rabbinic	176	AMBIGUOUS	לא קתני [ben-yehuda-rt; 204; 0.00] | לקוטי תהלים [ben-yehuda-rt; 0; 0.00] | לקוטי תורה [ben-yehuda-rt; 15; 0.10] | (proclitic) לקבול תורה [base; 0; 0.00] | (proclitic) לקדיש תתקבל [base; 2; 0.00] | (proclitic) לקודם תפלה [base; 0; 0.00] | (proclitic) לקול תרועה [base; 1; 0.00] | (proclitic) לקורא תורה [base; 0; 0.00]
מכ״ע	kabbalah	176	AMBIGUOUS	מכלל עשה [ben-yehuda-rt; 3; 0.00] | מכתבי עתים [ben-yehuda-rt; 0; 0.00] | מלכות כל עולמים [ben-yehuda-rt; 152; 0.16] | (proclitic) מכולי עלמא [base; 4; 0.01] | (proclitic) מכתב עליו [base; 0; 0.00] | (proclitic) מכתב עת [base; 0; 0.00] | (proclitic) מכולי עלם [base; 0; 0.00] | (proclitic) מכדי עניבה [base; 0; 0.00]
בע״מ	rabbinic	175	AMBIGUOUS	בעשרה מאמרות [krupnik-1927+ben-yehuda-rt; 140; 0.43] | בעל מום [krupnik-1927+ben-yehuda-rt; 533; 0.23] | בעילת מצוה [krupnik-1927+ben-yehuda-rt; 143; 0.01] | בגן עדן מנוחתו [ben-yehuda-rt; 0; 0.00] | בעיר מלוכה [ben-yehuda-rt; 1; 0.00] | בעל מגיה [ben-yehuda-rt; 1; 0.00] | בעל מדות [ben-yehuda-rt; 11; 0.04] | בעל מדקדק [ben-yehuda-rt; 0; 0.00]
הר״נ	kabbalah	175	AMBIGUOUS	הרב רבינו נסים [ben-yehuda-rt; 0; 0.41] | הרני נזיר [ben-yehuda-rt; 0; 0.00] | (proclitic) הרב נחמן [base; 0; 0.00] | (proclitic) הר׳ נחמיה [base; 0; 0.00] | (proclitic) הרבנו ניסים [base; 0; 0.00] | (proclitic) הרישיון נהיגה [base; 0; 0.00] | (proclitic) הרבות נקבות [base; 0; 0.00] | (proclitic) הר' נהוראי [base; 0; 0.00]
שכ״ד	rabbinic	174	AMBIGUOUS	שכן דעת [ben-yehuda-rt; 463; 0.09] | שכר דירה [ben-yehuda-rt; 5; 0.00] | שתיקה כהודאה דמיא [ben-yehuda-rt; 7; 0.00] | (proclitic) שכדיבור דמי [base; 0; 0.00] | (proclitic) שכדי דיבור [base; 0; 0.00] | (proclitic) שכדי דמיהן [base; 0; 0.00] | (proclitic) שכה דברי [base; 0; 0.00] | (proclitic) שכורת דבורים [base; 0; 0.00]
ת״צ	rabbinic	174	AMBIGUOUS	תאמי צביה [ben-yehuda-rt; 4; 0.00] | תענית צבור [ben-yehuda-rt; 114; 0.43] | תענית צדיקים [ben-yehuda-rt; 14; 0.00] | תפארת צבי [ben-yehuda-rt; 5; 0.00]
מר״ה	rabbinic	173	AMBIGUOUS	מסכת ראש השנה [ben-yehuda-rt; 20; 0.01] | מרשות הרבים [ben-yehuda-rt; 99; 0.19] | (proclitic) מראש השנה [base; 105; 0.59] | (proclitic) מרב הונא [base; 36; 0.01] | (proclitic) מראש הקהל [base; 0; 0.00] | (proclitic) מרב האי [base; 5; 0.00] | (proclitic) מרב המעלה [base; 0; 0.00] | (proclitic) מרבון העולם [base; 0; 0.00]
שי״ט	rabbinic	173	AMBIGUOUS	שיום טבוח [ben-yehuda-rt; 4; 0.02] | של יום טוב [ben-yehuda-rt; 107; 0.01] | שמחת יום טוב [ben-yehuda-rt; 44; 0.00] | (proclitic) שיום טוב [base; 0; 0.00] | (proclitic) שי' טפחים [base; 0; 0.00] | (proclitic) שימי טהרה [base; 0; 0.00] | (proclitic) שיצר טוב [base; 0; 0.00] | (proclitic) שיש טעם [base; 0; 0.00]
הר״פ	rabbinic	172	REVIEW	הרב ר' פרץ [ben-yehuda-rt; 6; 0.02] | (proclitic) הרב פפא [base; 0; 0.00] | (proclitic) הראת פנים [base; 0; 0.00] | (proclitic) הראשי פרקים [base; 0; 0.00] | (proclitic) הראש פנה [base; 0; 0.00] | (proclitic) הראש פסוק [base; 0; 0.00] | (proclitic) הרב פנינים [base; 0; 0.00] | (proclitic) הרב פעלים [base; 0; 0.00]
ומש״ה	talmud	172	REVIEW	ומשום הכי [ben-yehuda-rt; 355; 0.66] | (proclitic) ומאי שנא התם [base; 16; 0.01] | (proclitic) ומדרש שיר השירים [base; 0; 0.00] | (proclitic) ומה שאחר הטבע [base; 0; 0.00] | (proclitic) ומה שאמר הכתוב [base; 0; 0.00] | (proclitic) ומהלך שבילי הדעת [base; 0; 0.00] | (proclitic) ומחלוקת שמאי הלל [base; 0; 0.00] | (proclitic) ומטטרון שר הפנים [base; 0; 0.00]
קנ״א	kabbalah	172	REVIEW	קנאת אפרים [ben-yehuda-rt; 1; 0.00]
רצ״א	rabbinic	172	AMBIGUOUS	ר' צבי אשכנזי [ben-yehuda-rt; 0; 0.00] | רב ציר אמונה [ben-yehuda-rt; 0; 0.00] | רצוף אהבה [ben-yehuda-rt; 34; 0.00]
מא״י	rabbinic	171	AMBIGUOUS	מארץ ישראל [ben-yehuda-rt; 192; 0.46] | מהולל אקרא יי [ben-yehuda-rt; 0; 0.00] | מילתא אלבישייהו יקירי [ben-yehuda-rt; 0; 0.00] | (proclitic) מאינו יהודי [base; 10; 0.01] | (proclitic) מאביר יעקב [base; 0; 0.00] | (proclitic) מאבן יחייא [base; 0; 0.00] | (proclitic) מאבן ירחי [base; 0; 0.00] | (proclitic) מאבן ישראל [base; 0; 0.00]
מש״נ	kabbalah	170	AMBIGUOUS	מקום שנהגו [ben-yehuda-rt; 8; 0.04] | משובב נתיבות [ben-yehuda-rt; 0; 0.00] | (proclitic) משבת נחמו [base; 1; 0.00] | (proclitic) משדה נפתלי [base; 0; 0.00] | (proclitic) משוא נח [base; 0; 0.00] | (proclitic) משוא נע [base; 0; 0.00] | (proclitic) משטנא נצח [base; 0; 0.00] | (proclitic) משיחיה נצח [base; 0; 0.00]
נש״י	kabbalah	170	AMBIGUOUS	נשמה יחידה [ben-yehuda-rt; 7; 0.00] | נשמות ישראל [ben-yehuda-rt; 414; 0.68]
קל״ח	rabbinic	170	AMBIGUOUS	קלעים לחצר [ben-yehuda-rt; 0; 0.00] | קנה לך חבר [ben-yehuda-rt; 8; 0.00]
בא״ה	rabbinic	169	AMBIGUOUS	באבן העזר [ben-yehuda-rt; 47; 0.74] | באר היטב [ben-yehuda-rt; 171; 0.05] | באר הגולה [ben-yehuda-rt; 45; 0.01] | באחרית הימים [ben-yehuda-rt; 229; 0.00] | בית אהרן [ben-yehuda-rt; 80; 0.00] | במעמד אנשי העיר [ben-yehuda-rt; 140; 0.00] | (proclitic) באי הכי [base; 0; 0.00] | (proclitic) באפילו הכי [base; 0; 0.00]
תוי״י	kabbalah	169	REVIEW	תולדות יעקב יוסף [ben-yehuda-rt; 146; 0.08]
בש״מ	rabbinic	167	AMBIGUOUS	ברוך שאכלנו משלו [ben-yehuda-rt; 59; 0.00] | ברוך שחלק מכבודו [ben-yehuda-rt; 4; 0.00] | ברכת שמים מעל [ben-yehuda-rt; 6; 0.00] | בשיטה מקובצת [ben-yehuda-rt; 74; 0.07] | בשם מדרש [ben-yehuda-rt; 49; 0.08] | בשם מורי [ben-yehuda-rt; 84; 0.02] | (proclitic) בשמע מינה [base; 0; 0.00] | (proclitic) בשמע מינא [base; 0; 0.00]
הכ״ב	kabbalah	167	AMBIGUOUS	הכל בו [ben-yehuda-rt; 10; 0.00] | הס כל בשר [ben-yehuda-rt; 1; 0.00] | (proclitic) הכהני במות [base; 0; 0.00] | (proclitic) הכוס ב' [base; 0; 0.00] | (proclitic) הכופר בכל [base; 0; 0.00] | (proclitic) הכיצד בוצרין [base; 0; 0.00] | (proclitic) הכלי ברזל [base; 0; 0.00] | (proclitic) הכתר בינה [base; 0; 0.00]
הש׳	rabbinic	167	AMBIGUOUS	השאלה [ben-yehuda-rt; 1849; 0.01] | השגה [ben-yehuda-rt; 449; 0.00] | השלם [ben-yehuda-rt; 932; 0.34] | השנה [ben-yehuda-rt; 6867; 0.00] | השעה [ben-yehuda-rt; 795; 0.00] | השער [ben-yehuda-rt; 1703; 0.00] | השערה [ben-yehuda-rt; 429; 0.00] | השקפה [ben-yehuda-rt; 52; 0.00]
ור״ח	talmud	167	REVIEW	ורב חסד [ben-yehuda-rt; 21; 0.00] | (proclitic) וראש חודש [base; 4; 0.32] | (proclitic) ור׳ חנינא [base; 0; 0.00] | (proclitic) ורב חסדא [base; 181; 0.07] | (proclitic) וראש חדש [base; 12; 0.43] | (proclitic) וראשית חכמה [base; 0; 0.01] | (proclitic) ור' חביבא [base; 0; 0.00] | (proclitic) ור' חייא [base; 0; 0.00]
נח״י	rabbinic	167	AMBIGUOUS	נחלת יהודה [ben-yehuda-rt; 1; 0.00] | נחלת יהושע [ben-yehuda-rt; 3; 0.00] | נחלת יעקב [ben-yehuda-rt; 197; 0.02]
פ״ר	kabbalah	167	AMBIGUOUS	פגיעתן רע [ben-yehuda-rt; 0; 0.00] | פירוש רש"י [ben-yehuda-rt; 116; 0.01] | פלח רכב [ben-yehuda-rt; 0; 0.00] | פני רב [ben-yehuda-rt; 0; 0.00] | פני רבו [ben-yehuda-rt; 22; 0.00] | פסוק ראשון [ben-yehuda-rt; 31; 0.01] | פסח ראשון [ben-yehuda-rt; 21; 0.00] | פסיק רישא [ben-yehuda-rt; 0; 0.31]
רמ״ה	rabbinic	167	AMBIGUOUS	ר' מאיר הלוי [ben-yehuda-rt; 0; 0.00] | ר' משה הדרשן [ben-yehuda-rt; 0; 0.00] | ר' משה הנקדן [ben-yehuda-rt; 0; 0.00]
שכ״א	kabbalah	167	AMBIGUOUS	שאר כל אדם [ben-yehuda-rt; 3; 0.02] | שכל אחד [ben-yehuda-rt; 421; 0.12] | שכל אנושי [ben-yehuda-rt; 61; 0.00] | של כל אדם [ben-yehuda-rt; 22; 0.02] | (proclitic) שכבוד אב [base; 0; 0.00] | (proclitic) שכבוד אם [base; 0; 0.00] | (proclitic) שכבוד אלהים [base; 0; 0.00] | (proclitic) שכברת ארץ [base; 0; 0.00]
ש״ל	rabbinic	167	AMBIGUOUS	שבולי לקט [ben-yehuda-rt; 32; 0.15] | שבח לאל [ben-yehuda-rt; 17; 0.00] | שברי לוחות [ben-yehuda-rt; 39; 0.00] | שומרים לבקר [ben-yehuda-rt; 8; 0.00] | שושני לקט [ben-yehuda-rt; 0; 0.00] | שושנים לדוד [ben-yehuda-rt; 11; 0.00] | שחטאנו לפניך [ben-yehuda-rt; 19; 0.00] | שייך למעלה [ben-yehuda-rt; 3; 0.01]
דב״ה	rabbinic	166	REVIEW	דברי הימים [ben-yehuda-rt; 692; 0.00] | (proclitic) דברוך השם [base; 0; 0.00] | (proclitic) דבעזרת השם [base; 0; 0.00] | (proclitic) דבית הלל [base; 64; 0.71] | (proclitic) דבניין הורדוס [base; 0; 0.00] | (proclitic) דבעולם הבא [base; 0; 0.00] | (proclitic) דברוך הבא [base; 1; 0.06] | (proclitic) דבאור המלה [base; 0; 0.00]
שמ״מ	rabbinic	166	REVIEW	שמע מינה [ben-yehuda-rt; 937; 0.01] | (proclitic) שמכל מקום [base; 0; 0.00] | (proclitic) שממלא מקום [base; 0; 0.00] | (proclitic) שמקרא מגילה [base; 0; 0.00] | (proclitic) שמראה מקום [base; 0; 0.00] | (proclitic) שמגיד משנה [base; 0; 0.00] | (proclitic) שמאי משמע [base; 0; 0.00] | (proclitic) שמאזני משקל [base; 0; 0.00]
מו״ה	kabbalah	165	AMBIGUOUS	מופת הדור [ben-yehuda-rt; 14; 0.19] | מורה הוראה [ben-yehuda-rt; 12; 0.00] | מורינו ורבינו הרב [ben-yehuda-rt; 4; 0.00] | מלך והדיוט [ben-yehuda-rt; 3; 0.00] | מעלת וככוד הרבני [ben-yehuda-rt; 0; 0.00] | (proclitic) מווי העמודים [base; 0; 0.00] | (proclitic) מויכוח הדת [base; 0; 0.00]
הח״מ	rabbinic	164	REVIEW	החתום מטה [ben-yehuda-rt; 11; 0.11] | (proclitic) החבלי משיח [base; 0; 0.00] | (proclitic) החברה מקרא [base; 0; 0.00] | (proclitic) החד מילתא [base; 0; 0.00] | (proclitic) החול מועד [base; 0; 0.00] | (proclitic) החולי מעים [base; 0; 0.00] | (proclitic) החומרי מקום [base; 0; 0.00] | (proclitic) החומרי מתניתא [base; 0; 0.00]
ור״ל	talmud	164	REVIEW	ורוצה לומר [ben-yehuda-rt; 13; 0.30] | (proclitic) וריש לקיש [base; 242; 0.51] | (proclitic) ורחמנא ליצלן [base; 0; 0.00] | (proclitic) וראוי לברכה [base; 0; 0.00] | (proclitic) וראוי להיות [base; 9; 0.00] | (proclitic) וראוי לו [base; 1; 0.04] | (proclitic) וראוי לחופה [base; 0; 0.00] | (proclitic) וראוי לתקן [base; 0; 0.00]
לא״ה	rabbinic	164	AMBIGUOUS	לאו הכי [ben-yehuda-rt; 921; 0.74] | לאומות העולם [ben-yehuda-rt; 156; 0.13] | לאותו האיש [ben-yehuda-rt; 54; 0.00] | לשמוע אל הרנה [ben-yehuda-rt; 16; 0.00] | (proclitic) לאי הכי [base; 1; 0.00] | (proclitic) לאפילו הכי [base; 0; 0.00] | (proclitic) לאוצר הברכות [base; 0; 0.00] | (proclitic) לאבן העזר [base; 0; 0.00]
מד״ת	kabbalah	164	AMBIGUOUS	מדברי תורה [ben-yehuda-rt; 228; 0.68] | מדין תורה [ben-yehuda-rt; 6; 0.12] | מדרש תהלים [ben-yehuda-rt; 11; 0.01] | מדרש תלפיות [ben-yehuda-rt; 1; 0.01] | מדרש תנחומא [ben-yehuda-rt; 39; 0.08] | (proclitic) מדעת תורה [base; 0; 0.00] | (proclitic) מדבלת תאנים [base; 0; 0.00] | (proclitic) מדברה תורה [base; 0; 0.00]
וש״מ	kabbalah	163	REVIEW	ושם מבואר [ben-yehuda-rt; 6; 0.02] | (proclitic) ושמע מינה [base; 9; 0.18] | (proclitic) ושמע מינא [base; 0; 0.00] | (proclitic) ושם מספר [base; 0; 0.00] | (proclitic) ושם משפחה [base; 0; 0.00] | (proclitic) ושאר מילי [base; 0; 0.00] | (proclitic) ושבט מוסר [base; 0; 0.00] | (proclitic) ושבט מיהודה [base; 0; 0.00]
כ״ל	kabbalah	162	AMBIGUOUS	כה לחי [ben-yehuda-rt; 36; 0.00] | כוכבי לכת [ben-yehuda-rt; 28; 0.00] | ככר לאדן [ben-yehuda-rt; 5; 0.00] | ככר לחם [ben-yehuda-rt; 10; 0.01] | כל לילה [ben-yehuda-rt; 8; 0.01] | כל לישנא [ben-yehuda-rt; 1; 0.00] | כסות לילה [ben-yehuda-rt; 6; 0.00]
קפ״ד	kabbalah	162	AMBIGUOUS	קפיצת דרך [ben-yehuda-rt; 0; 0.00] | קראים פייטנים דרשנים [ben-yehuda-rt; 0; 0.00]
ק״ה	kabbalah	162	AMBIGUOUS	קדושת הגוף [ben-yehuda-rt; 20; 0.00] | קדושת היום [ben-yehuda-rt; 42; 0.00] | קודם הדבור [ben-yehuda-rt; 1; 0.00] | קודם החופה [ben-yehuda-rt; 5; 0.00] | קודש הלולים [ben-yehuda-rt; 9; 0.00] | קול הקורא [ben-yehuda-rt; 13; 0.00] | קופת הרוכלים [ben-yehuda-rt; 1; 0.00] | קורא הדורות [ben-yehuda-rt; 13; 0.00]
אד״מ	rabbinic	161	AMBIGUOUS	אברהם דוד מיכאלישקער [ben-yehuda-rt; 0; 0.00] | אברהם דוד משה [ben-yehuda-rt; 3; 0.02] | אדם דוד משיח [ben-yehuda-rt; 13; 0.05] | אוהב דבק מאח [ben-yehuda-rt; 6; 0.00] | אחד דיני ממונות [ben-yehuda-rt; 141; 0.01] | איידי דזוטר מירכס [ben-yehuda-rt; 0; 0.00] | איש דעת מאמץ [ben-yehuda-rt; 0; 0.00] | אמונה דבור מעשה [ben-yehuda-rt; 0; 0.00]
במ״ע	rabbinic	161	AMBIGUOUS	במאי עסקינן [ben-yehuda-rt; 119; 0.03] | במצות עשה [ben-yehuda-rt; 170; 0.14] | במקומה עומדת [ben-yehuda-rt; 193; 0.00] | במקום עדים [ben-yehuda-rt; 118; 0.01] | במקום עשירות [ben-yehuda-rt; 17; 0.00] | במקום עתיד [ben-yehuda-rt; 15; 0.00] | בני מעים [ben-yehuda-rt; 144; 0.00] | בעל מאור עינים [ben-yehuda-rt; 0; 0.00]
בר״נ	rabbinic	161	REVIEW	ברשות נכרי [ben-yehuda-rt; 14; 0.00] | (proclitic) ברב נחמן [base; 5; 0.00] | (proclitic) בר׳ נחמיה [base; 0; 0.00] | (proclitic) ברבנו ניסים [base; 0; 0.00] | (proclitic) ברישיון נהיגה [base; 0; 0.00] | (proclitic) ברבות נקבות [base; 0; 0.00] | (proclitic) בר' נהוראי [base; 0; 0.00] | (proclitic) בר' נחמן [base; 0; 0.00]
דצ״ל	rabbinic	161	AMBIGUOUS	דצריך להיות [ben-yehuda-rt; 33; 0.19] | דצריך לומר [ben-yehuda-rt; 50; 0.15] | (proclitic) דצבי לצדיק [base; 0; 0.00] | (proclitic) דצדה לדרך [base; 0; 0.00] | (proclitic) דצדיק לברכה [base; 0; 0.00] | (proclitic) דצלמים [base; 1; 0.00] | (proclitic) דצפון לדרום [base; 0; 0.00] | (proclitic) דצפון להיות [base; 0; 0.00]
כ״נ	rabbinic	161	AMBIGUOUS	כאן נמצא [ben-yehuda-rt; 99; 0.01] | כדי נטילה [ben-yehuda-rt; 100; 0.09] | כך נאמר [ben-yehuda-rt; 71; 0.01] | כלי נחשת [ben-yehuda-rt; 24; 0.00] | כלי נתר [ben-yehuda-rt; 18; 0.00] | כל נדרי [ben-yehuda-rt; 112; 0.00] | כל נפש [ben-yehuda-rt; 177; 0.07] | כנור נעים [ben-yehuda-rt; 12; 0.00]
ע״ק	kabbalah	161	AMBIGUOUS	עבור קצוב [ben-yehuda-rt; 0; 0.00] | עדי קדושין [ben-yehuda-rt; 0; 0.04] | עוד קשה [ben-yehuda-rt; 59; 0.10] | עולם קדמון [ben-yehuda-rt; 0; 0.00] | עולם קטן [ben-yehuda-rt; 143; 0.30] | עיין קונטרס [ben-yehuda-rt; 0; 0.00] | עיר קדשנו [ben-yehuda-rt; 1; 0.00] | על קבר [ben-yehuda-rt; 12; 0.02]
שכ״ג	rabbinic	161	REVIEW	שיורי כנסת גדולה [ben-yehuda-rt; 0; 0.00] | (proclitic) שכהן גדול [base; 0; 0.00] | (proclitic) שכבוד גאונו [base; 0; 0.00] | (proclitic) שכהאי גונא [base; 0; 0.00] | (proclitic) שכל גגות [base; 0; 0.00] | (proclitic) שכל גט [base; 0; 0.00] | (proclitic) שכלי גולה [base; 0; 0.00] | (proclitic) שכלל גדול [base; 0; 0.00]
אד״מ	kabbalah	160	AMBIGUOUS	אברהם דוד מיכאלישקער [ben-yehuda-rt; 0; 0.00] | אברהם דוד משה [ben-yehuda-rt; 0; 0.02] | אדם דוד משיח [ben-yehuda-rt; 15; 0.05] | אוהב דבק מאח [ben-yehuda-rt; 0; 0.00] | אחד דיני ממונות [ben-yehuda-rt; 4; 0.01] | איידי דזוטר מירכס [ben-yehuda-rt; 0; 0.00] | איש דעת מאמץ [ben-yehuda-rt; 0; 0.00] | אמונה דבור מעשה [ben-yehuda-rt; 0; 0.00]
בר״ת	rabbinic	160	REVIEW	בראשי תיבות [ben-yehuda-rt; 40; 0.19] | (proclitic) ברבנו תם [base; 0; 0.00] | (proclitic) בראש תור [base; 2; 0.00] | (proclitic) ברבינו תם [base; 0; 0.00] | (proclitic) ברמזי תורה [base; 0; 0.00] | (proclitic) בר' תנחומא [base; 0; 0.00]
ור״מ	talmud	160	AMBIGUOUS	ויפק רצון מה' [ben-yehuda-rt; 2; 0.00] | ולא רשעת מאלהי [ben-yehuda-rt; 0; 0.00] | (proclitic) ור׳ מאיר [base; 0; 0.00] | (proclitic) וראש ממשלה [base; 0; 0.00] | (proclitic) ורבי מאיר [base; 120; 0.21] | (proclitic) ורַב מורה [base; 0; 0.00] | (proclitic) וריש מתיבתא [base; 0; 0.01] | (proclitic) וראש מדינה [base; 0; 0.00]
רע״ב	kabbalah	160	REVIEW	ר' עובדיה ברטנורא [ben-yehuda-rt; 0; 0.00]
וע״כ	talmud	159	AMBIGUOUS	ועל כולם [ben-yehuda-rt; 14; 0.09] | ועל כן [ben-yehuda-rt; 29; 0.47] | ועל כרחך [ben-yehuda-rt; 130; 0.39] | (proclitic) ועד כאן [base; 63; 0.03] | (proclitic) ועד כמה [base; 76; 0.20] | (proclitic) ועבד כנעני [base; 0; 0.00] | (proclitic) ועבודת ככבים [base; 0; 0.00] | (proclitic) ועד כותי [base; 2; 0.00]
יעוש״ב	rabbinic	159	REVIEW	יעוין שם באורך [ben-yehuda-rt; 0; 0.00]
מז״א	kabbalah	159	REVIEW	מזה אמרו [ben-yehuda-rt; 4; 0.03] | (proclitic) מזאת אומרת [base; 0; 0.00] | (proclitic) מז' אותיות [base; 0; 0.00] | (proclitic) מזה אומר [base; 0; 0.00] | (proclitic) מזה אינו [base; 5; 0.04] | (proclitic) מזוג אחד [base; 0; 0.00] | (proclitic) מזכות אבות [base; 1; 0.00] | (proclitic) מזכרון אברהם [base; 0; 0.00]
מכ״ד	rabbinic	159	AMBIGUOUS	מהלך כעומד דמי [ben-yehuda-rt; 2; 0.00] | מוביל כתב דנא [ben-yehuda-rt; 0; 0.00] | מוטל כאבן דומם [ben-yehuda-rt; 3; 0.00] | מכדי דמיהן [ben-yehuda-rt; 15; 0.16] | מכל דבר [ben-yehuda-rt; 366; 0.07] | מעשה כל דהוא [ben-yehuda-rt; 0; 0.00] | (proclitic) מכדיבור דמי [base; 0; 0.00] | (proclitic) מכדי דיבור [base; 30; 0.23]
רי״ד	rabbinic	159	AMBIGUOUS	ר' ישעיה דוד [ben-yehuda-rt; 0; 0.00] | ר' ישעיה דטראני [ben-yehuda-rt; 0; 0.00]
ישרא״ל	rabbinic	158	REVIEW	יש ששים רבוא אותיות לתורה [ben-yehuda-rt; 1; 0.00]
מה״א	rabbinic	158	AMBIGUOUS	מה הוא אומר [ben-yehuda-rt; 81; 0.00] | מן הארץ [ben-yehuda-rt; 1756; 0.00] | מתג האמה [ben-yehuda-rt; 4; 0.00] | (proclitic) מהוה אמינא [base; 0; 0.00] | (proclitic) מה' אותיות [base; 0; 0.00] | (proclitic) מה' אלפים [base; 0; 0.00] | (proclitic) מהא אמרת [base; 0; 0.00] | (proclitic) מהוא אומר [base; 26; 0.00]
רי״ב	rabbinic	158	AMBIGUOUS	ר' יהודה ברילל [ben-yehuda-rt; 0; 0.00] | ר' ישעיה באסאן [ben-yehuda-rt; 0; 0.00] | ר' ישעיה ברלין [ben-yehuda-rt; 0; 0.00]
במ״ז	rabbinic	157	AMBIGUOUS	במטת זהב [ben-yehuda-rt; 0; 0.00] | במים זכים [ben-yehuda-rt; 10; 0.01] | במעי זרה [ben-yehuda-rt; 12; 0.00] | בר מן ז' [ben-yehuda-rt; 0; 0.00] | בקבלת מכתב זה [ben-yehuda-rt; 0; 0.00] | (proclitic) במגיני זהב [base; 0; 0.00] | (proclitic) במולד זקן [base; 0; 0.00] | (proclitic) במוציא זרע [base; 1; 0.03]
מא״א	kabbalah	157	AMBIGUOUS	מאורי אור [ben-yehuda-rt; 39; 0.06] | מאכלות אסורות [ben-yehuda-rt; 19; 0.00] | מדרש אלה אזכרה [ben-yehuda-rt; 0; 0.00] | מילתא אגב אורחא [ben-yehuda-rt; 0; 0.00] | מלכי אומות אדום [ben-yehuda-rt; 0; 0.00] | (proclitic) מאברהם אבינו [base; 37; 0.08] | (proclitic) מאי אפשר [base; 1; 0.01] | (proclitic) מאי אמרת [base; 0; 0.00]
ס״י	rabbinic	157	AMBIGUOUS	סוד ישרים [ben-yehuda-rt; 12; 0.04] | סופרי ישראל [ben-yehuda-rt; 1; 0.00] | סימן יפה [ben-yehuda-rt; 100; 0.00] | סמיכת ידים [ben-yehuda-rt; 0; 0.00] | ספורי ירושלים [ben-yehuda-rt; 0; 0.00] | ספר יוחסין [ben-yehuda-rt; 17; 0.02] | ספר יוסיפון [ben-yehuda-rt; 4; 0.00] | ספרי יראים [ben-yehuda-rt; 4; 0.02]
ול״ד	rabbinic	156	AMBIGUOUS	ולא דמי [ben-yehuda-rt; 1187; 0.14] | ולא דק [ben-yehuda-rt; 80; 0.00] | ולאו דוקא [ben-yehuda-rt; 325; 0.02] | ולית דיין [ben-yehuda-rt; 114; 0.16] | ולית דכותיה [ben-yehuda-rt; 0; 0.00] | (proclitic) ולאו דווקא [base; 28; 0.01] | (proclitic) ולא די [base; 238; 0.01] | (proclitic) ולאו דאורייתא [base; 4; 0.00]
קנ״ב	rabbinic	156	REVIEW	קטן נתלה בגדול [ben-yehuda-rt; 6; 0.00]
הו״א	rabbinic	155	AMBIGUOUS	הואיל ואידחי אידחי [ben-yehuda-rt; 7; 0.02] | הואיל ואישתני אישתני [ben-yehuda-rt; 4; 0.00] | הואיל ואישתרי אישתרי [ben-yehuda-rt; 3; 0.00] | הוי אומר [ben-yehuda-rt; 829; 0.03]
דה״נ	rabbinic	154	AMBIGUOUS	דם הנדה [ben-yehuda-rt; 39; 0.00] | דם הנפש [ben-yehuda-rt; 54; 0.00] | דרך הנאתן [ben-yehuda-rt; 10; 0.00] | דת הנוצרים [ben-yehuda-rt; 0; 0.00] | (proclitic) דהכי נמי [base; 63; 0.60] | (proclitic) דהכא נמי [base; 91; 0.47] | (proclitic) דהוא ניהו [base; 4; 0.00] | (proclitic) דהושיעה נא [base; 0; 0.00]
ד״ד	rabbinic	153	AMBIGUOUS	דברי דוד [ben-yehuda-rt; 58; 0.00] | דברי דרוש [ben-yehuda-rt; 1; 0.00] | ד' דברים [ben-yehuda-rt; 0; 0.00] | דינא דגרמי [ben-yehuda-rt; 102; 0.00] | דינא דמלכותא [ben-yehuda-rt; 287; 0.01] | דף ד' [ben-yehuda-rt; 314; 0.84] | דרך דרוש [ben-yehuda-rt; 10; 0.00] | דררא דממונא [ben-yehuda-rt; 76; 0.01]
וב״נ	kabbalah	153	REVIEW	ובפני נחתם [ben-yehuda-rt; 0; 0.00] | (proclitic) ובן נח [base; 8; 0.00] | (proclitic) ובאור נכון [base; 0; 0.00] | (proclitic) ובגליון נכתב [base; 0; 0.00] | (proclitic) ובועל נדה [base; 0; 0.00] | (proclitic) ובורא נפשות [base; 0; 0.01] | (proclitic) ובישול נכרי [base; 0; 0.00] | (proclitic) ובית נאמן [base; 0; 0.00]
מה״ע	rabbinic	153	AMBIGUOUS	מאי הוה עלה [ben-yehuda-rt; 15; 0.00] | מאמר העתים [ben-yehuda-rt; 2; 0.00] | מוסיף הערוך [ben-yehuda-rt; 0; 0.00] | מכתבי העתים [ben-yehuda-rt; 0; 0.00] | מלך העולם [ben-yehuda-rt; 812; 0.00] | מן העולם [ben-yehuda-rt; 1923; 0.01] | מן העין [ben-yehuda-rt; 196; 0.01] | מן העליה [ben-yehuda-rt; 49; 0.01]
תנ״א	rabbinic	153	AMBIGUOUS	תנאים אחרונים [ben-yehuda-rt; 2; 0.00] | תנוח נפשו אמן [ben-yehuda-rt; 0; 0.00] | תנוך אזן [ben-yehuda-rt; 14; 0.00] | תניא אידך [ben-yehuda-rt; 138; 0.00]
אמ״ל	rabbinic	152	AMBIGUOUS	אדם מועד לעולם [ben-yehuda-rt; 21; 0.01] | אין מזל לישראל [ben-yehuda-rt; 54; 0.01] | איסור מלאכה [ben-yehuda-rt; 71; 0.02] | אמירה לנכרי [ben-yehuda-rt; 55; 0.02] | אם מותר ליטול [ben-yehuda-rt; 2; 0.00] | אמרו לאלוהים [ben-yehuda-rt; 0; 0.00] | אמר ליה [ben-yehuda-rt; 6573; 0.05] | אמת ליעקב [ben-yehuda-rt; 172; 0.00]
אש״ר	rabbinic	152	AMBIGUOUS	אליו שלום רב [ben-yehuda-rt; 0; 0.00] | אם שניהם רוצים [ben-yehuda-rt; 9; 0.02] | אשמורת ראשונה [ben-yehuda-rt; 0; 0.00] | אשת רבי [ben-yehuda-rt; 12; 0.03]
בב״ש	rabbinic	152	AMBIGUOUS	בבאר שבע [ben-yehuda-rt; 109; 0.00] | בבגדי שבת [ben-yehuda-rt; 20; 0.00] | בבית שמואל [ben-yehuda-rt; 12; 0.38] | בבת שבע [ben-yehuda-rt; 21; 0.00] | בטל בששים [ben-yehuda-rt; 58; 0.01] | בני בלי שם [ben-yehuda-rt; 4; 0.00] | בעל באר שבע [ben-yehuda-rt; 3; 0.01] | בשמת בת שלמה [ben-yehuda-rt; 2; 0.00]
ריא״ז	rabbinic	152	AMBIGUOUS	ר' יצחק אור זרוע [ben-yehuda-rt; 0; 0.00] | ר' ישעיה אחרון ז"ל [ben-yehuda-rt; 0; 0.00]
רמ״ב	rabbinic	152	AMBIGUOUS	רמיזא באורייתא [ben-yehuda-rt; 25; 0.00] | ר' מרדכי בנעט [ben-yehuda-rt; 0; 0.00] | ר' משה בוטריל [ben-yehuda-rt; 0; 0.00]
כס׳	rabbinic	151	REVIEW	כסדרה [ben-yehuda-rt; 29; 0.01] | (proclitic) כסאה [base; 10; 0.00] | (proclitic) כסבה [base; 0; 0.00] | (proclitic) כסברא [base; 836; 0.65] | (proclitic) כסוגיא [base; 19; 0.03] | (proclitic) כסגנון [base; 8; 0.00] | (proclitic) כסר [base; 0; 0.00] | (proclitic) כסוד [base; 11; 0.00]
ברי׳	rabbinic	150	AMBIGUOUS	ברייתא [ben-yehuda-rt; 2334; 0.01] | בריש [ben-yehuda-rt; 3267; 0.01]
ש״ר	kabbalah	150	AMBIGUOUS	שבע רצון [ben-yehuda-rt; 16; 0.00] | שיר רבה [ben-yehuda-rt; 2; 0.00] | שלום רב [ben-yehuda-rt; 16; 0.00] | שליח ראשון [ben-yehuda-rt; 0; 0.01] | של ראש [ben-yehuda-rt; 277; 0.29] | שלש רגלים [ben-yehuda-rt; 51; 0.11] | שמואל ראזענפעלד [ben-yehuda-rt; 0; 0.00] | שמות רבה [ben-yehuda-rt; 204; 0.00]
א״א	talmud	149	AMBIGUOUS	אברהם אבינו [krupnik-1927+he-wiktionary; 103; 0.09] | אי אפשר [krupnik-1927+he-wiktionary+ben-yehuda-rt; 544; 0.22] | אי אמרת [krupnik-1927+ben-yehuda-rt; 950; 0.00] | אשת איש [krupnik-1927+he-wiktionary+ben-yehuda-rt; 481; 0.02] | אין אומרים [krupnik-1927+he-wiktionary+ben-yehuda-rt; 130; 0.00] | אדיר אדירנו [he-wiktionary+ben-yehuda-rt; 0; 0.00] | אדרת אליהו [he-wiktionary+ben-yehuda-rt; 0; 0.02] | אחד אלהינו [he-wiktionary+ben-yehuda-rt; 3; 0.00]
זצוקללה״ה	kabbalah	149	REVIEW	זכר צדיק וקדוש לברכה לחיי העולם הבא [ben-yehuda-rt; 2; 0.15]
י״פ	kabbalah	149	AMBIGUOUS	י' פסוקים [ben-yehuda-rt; 0; 0.00] | י' פעמים [ben-yehuda-rt; 0; 0.00] | יציב פתגם [ben-yehuda-rt; 0; 0.00] | יקום פורקן [ben-yehuda-rt; 1; 0.00] | ישעיה פיק [ben-yehuda-rt; 0; 0.00] | יש פוסקין [ben-yehuda-rt; 0; 0.00] | יש פותרין [ben-yehuda-rt; 0; 0.00]
ל״י	rabbinic	149	AMBIGUOUS	לא יבא [ben-yehuda-rt; 679; 0.00] | לא יגלה [ben-yehuda-rt; 52; 0.00] | לא ידענא [ben-yehuda-rt; 362; 0.01] | לא ידעתי [ben-yehuda-rt; 1137; 0.01] | לא יכול [ben-yehuda-rt; 436; 0.00] | לא ילפינן [ben-yehuda-rt; 180; 0.00] | לא יפחות [ben-yehuda-rt; 132; 0.00] | לא יצא [ben-yehuda-rt; 2834; 0.00]
ק״ג	kabbalah	149	AMBIGUOUS	קבוץ גלויות [ben-yehuda-rt; 0; 0.00] | קדושין גמורים [ben-yehuda-rt; 0; 0.00] | קהלה גדולה [ben-yehuda-rt; 0; 0.00] | קול גדול [ben-yehuda-rt; 63; 0.00] | קמץ גדול [ben-yehuda-rt; 0; 0.00] | קנין גמור [ben-yehuda-rt; 21; 0.00] | קצין גדול [ben-yehuda-rt; 0; 0.00] | קשר גודל [ben-yehuda-rt; 0; 0.01]
תמ״ב	rabbinic	149	AMBIGUOUS	תבורך מנשים באהל [ben-yehuda-rt; 0; 0.00] | תשובת משאת בנימין [ben-yehuda-rt; 0; 0.00]
א״ט	rabbinic	148	AMBIGUOUS	אבן טוען [ben-yehuda-rt; 1; 0.00] | אבנים טובות [ben-yehuda-rt; 149; 0.00] | אין טומנין [ben-yehuda-rt; 51; 0.01] | אין טעון [ben-yehuda-rt; 66; 0.00] | אינה טענה [ben-yehuda-rt; 139; 0.00] | אין טעם [ben-yehuda-rt; 164; 0.00] | אלו טרפות [ben-yehuda-rt; 111; 0.53] | אמרות טהורות [ben-yehuda-rt; 72; 0.10]
יש״ש	rabbinic	147	AMBIGUOUS	יום שכלו שבת [ben-yehuda-rt; 11; 0.00] | ים של שלמה [ben-yehuda-rt; 21; 0.08]
רי״ג	rabbinic	147	AMBIGUOUS	ר' יהודאי גאון [ben-yehuda-rt; 0; 0.00] | ר' יוסף גיקטליא [ben-yehuda-rt; 0; 0.00] | ר' יעקב גינצבורג [ben-yehuda-rt; 0; 0.00] | ר' ישעיה גאון [ben-yehuda-rt; 0; 0.00]
רמ״ד	rabbinic	147	AMBIGUOUS	ראש מר דרור [ben-yehuda-rt; 9; 0.00] | ר' משה דעסויא [ben-yehuda-rt; 0; 0.00]
שמ״ו	rabbinic	147	REVIEW	שמים וארץ [ben-yehuda-rt; 1062; 0.00] | (proclitic) שמבשר ואומר [base; 0; 0.00] | (proclitic) שמורי ורבי [base; 0; 0.00] | (proclitic) שמחזור ויטרי [base; 0; 0.00] | (proclitic) שמלא "ו" [base; 0; 0.00] | (proclitic) שמצווה ועושה [base; 0; 0.00] | (proclitic) שמשה וישראל [base; 0; 0.00]
בעיו״ט	rabbinic	146	REVIEW	בערב יום טוב [ben-yehuda-rt; 83; 0.22]
יי״ש	rabbinic	146	REVIEW	יין שרוף [ben-yehuda-rt; 6; 0.17]
אח״ז	kabbalah	145	AMBIGUOUS	אחות זקוקתו [ben-yehuda-rt; 0; 0.02] | אח זקן [ben-yehuda-rt; 0; 0.04] | אחר זה [ben-yehuda-rt; 175; 0.39] | אחר זמן [ben-yehuda-rt; 45; 0.04]
במ״ו	rabbinic	145	REVIEW	בר מן ו' [ben-yehuda-rt; 0; 0.00] | (proclitic) במבשר ואומר [base; 0; 0.00] | (proclitic) במורי ורבי [base; 0; 0.00] | (proclitic) במחזור ויטרי [base; 20; 0.01] | (proclitic) במלא "ו" [base; 0; 0.00] | (proclitic) במצווה ועושה [base; 2; 0.00] | (proclitic) במשה וישראל [base; 0; 0.00]
הס׳	rabbinic	145	AMBIGUOUS	הסבה [ben-yehuda-rt; 586; 0.00] | הסברא [ben-yehuda-rt; 842; 0.01] | הספק [ben-yehuda-rt; 1875; 0.12] | הספר [ben-yehuda-rt; 2488; 0.31] | (proclitic) הסאה [base; 0; 0.00] | (proclitic) הסוגיא [base; 0; 0.00] | (proclitic) הסגנון [base; 0; 0.00] | (proclitic) הסר [base; 0; 0.00]
למ״ש	kabbalah	144	AMBIGUOUS	למה שכתבתי [ben-yehuda-rt; 4; 0.31] | למוצאי שבת [ben-yehuda-rt; 4; 0.07] | למנין שטרות [ben-yehuda-rt; 0; 0.00] | (proclitic) למלכות שמים [base; 38; 0.08] | (proclitic) למורא שמים [base; 0; 0.00] | (proclitic) למאי שנא [base; 0; 0.00] | (proclitic) למה שכתוב [base; 5; 0.29] | (proclitic) למצה שמורה [base; 0; 0.00]
שא״ל	kabbalah	144	AMBIGUOUS	שאין לו [ben-yehuda-rt; 1347; 0.14] | שאמר לו [ben-yehuda-rt; 373; 0.64] | שבוע אחד לעומר [ben-yehuda-rt; 0; 0.00] | (proclitic) שאיכא למימר [base; 0; 0.00] | (proclitic) שאי לימא [base; 0; 0.00] | (proclitic) שאמר ליה [base; 0; 0.00] | (proclitic) שאמר להו [base; 0; 0.00] | (proclitic) שאדם למקום [base; 0; 0.00]
בתו״כ	rabbinic	143	AMBIGUOUS	בתוך כלי [ben-yehuda-rt; 276; 0.00] | בתורת כהנים [ben-yehuda-rt; 427; 0.12] | בתורת כתובה [ben-yehuda-rt; 2; 0.00] | (proclitic) בתוך כדי [base; 122; 0.00] | (proclitic) בתוך כך [base; 45; 0.01] | (proclitic) בתוספות כתובה [base; 0; 0.00] | (proclitic) בתנור וכיריים [base; 2; 0.00] | (proclitic) בתף וכנור [base; 11; 0.00]
עה״א	kabbalah	142	AMBIGUOUS	עולם האמת [ben-yehuda-rt; 4; 0.00] | על האחרונים [ben-yehuda-rt; 1; 0.00] | על האנוסה [ben-yehuda-rt; 0; 0.00] | על הארץ [ben-yehuda-rt; 636; 0.02] | עליו הכתוב אומר [ben-yehuda-rt; 12; 0.00] | עם הארץ [ben-yehuda-rt; 226; 0.01]
ק״ב	kabbalah	142	AMBIGUOUS	ק' ברכות [ben-yehuda-rt; 0; 0.00] | קדושי ביאה [ben-yehuda-rt; 0; 0.00] | קדש ברנע [ben-yehuda-rt; 6; 0.01] | קול בוכים [ben-yehuda-rt; 1; 0.00] | קול ברמה [ben-yehuda-rt; 32; 0.00] | קופת בשמים [ben-yehuda-rt; 0; 0.00] | קיר ברזל [ben-yehuda-rt; 1; 0.00] | קני בינה [ben-yehuda-rt; 0; 0.00]
דא״י	rabbinic	141	AMBIGUOUS	דבר אלהינו יקום [ben-yehuda-rt; 4; 0.00] | דיני ארץ ישראל [ben-yehuda-rt; 0; 0.00] | (proclitic) דארץ ישראל [base; 131; 0.72] | (proclitic) דאינו יהודי [base; 1; 0.00] | (proclitic) דאביר יעקב [base; 1; 0.00] | (proclitic) דאבן יחייא [base; 0; 0.00] | (proclitic) דאבן ירחי [base; 0; 0.00] | (proclitic) דאבן ישראל [base; 0; 0.00]
דמ״ק	rabbinic	141	REVIEW	דמי קדימה [ben-yehuda-rt; 3; 0.00] | (proclitic) דמרא קמא [base; 5; 0.00] | (proclitic) דמלכין קדמאין [base; 2; 0.00] | (proclitic) דמשמע קצת [base; 22; 0.00] | (proclitic) דמועד קטן [base; 66; 0.68] | (proclitic) דמספר קטן [base; 1; 0.00] | (proclitic) דמרכז קהילתי [base; 0; 0.00] | (proclitic) דמאי קרא [base; 0; 0.00]
חו״ה	rabbinic	141	AMBIGUOUS	חובת הלבבות [ben-yehuda-rt; 86; 0.21] | חוט המשולש [ben-yehuda-rt; 15; 0.04] | חוט השני [ben-yehuda-rt; 80; 0.01] | חול המועד [ben-yehuda-rt; 101; 0.12] | חלה וסת הדלקה [ben-yehuda-rt; 1; 0.00]
יב״ח	rabbinic	141	AMBIGUOUS	י"ב חדש [ben-yehuda-rt; 0; 0.00] | י"ב חלות [ben-yehuda-rt; 0; 0.00] | יהושע בן חנניה [ben-yehuda-rt; 60; 0.00] | יוסי בר חינא [ben-yehuda-rt; 0; 0.00] | יעקב בן חיים [ben-yehuda-rt; 0; 0.00]
רמ״ט	rabbinic	141	AMBIGUOUS	ר' משה טויריש [ben-yehuda-rt; 0; 0.00] | ר' משה טראני [ben-yehuda-rt; 0; 0.00]
שב״א	kabbalah	141	AMBIGUOUS	של בני אדם [ben-yehuda-rt; 48; 0.00] | שני בני אהרן [ben-yehuda-rt; 59; 0.00] | (proclitic) שבן אדם [base; 0; 0.00] | (proclitic) שבני אדם [base; 0; 0.00] | (proclitic) שב' אלפים [base; 0; 0.00] | (proclitic) שב' אמצעיות [base; 0; 0.00] | (proclitic) שב' אחרונים [base; 0; 0.00] | (proclitic) שבאר אברהם [base; 0; 0.00]
עה״ד	kabbalah	140	AMBIGUOUS	עון הדור [ben-yehuda-rt; 5; 0.00] | עורכי הדיינים [ben-yehuda-rt; 0; 0.01] | עות הדין [ben-yehuda-rt; 1; 0.00] | עיר הדמים [ben-yehuda-rt; 0; 0.00] | על הדין [ben-yehuda-rt; 44; 0.00] | על הדעת [ben-yehuda-rt; 117; 0.22] | על הדף [ben-yehuda-rt; 2; 0.00] | על הדרך [ben-yehuda-rt; 39; 0.00]
שע״פ	rabbinic	140	REVIEW	שם עצם פרטי [ben-yehuda-rt; 0; 0.00] | (proclitic) שעל פי [base; 0; 0.00] | (proclitic) שערב פסח [base; 0; 0.00] | (proclitic) שעוד פעם [base; 0; 0.00] | (proclitic) שעון פלילי [base; 0; 0.00] | (proclitic) שעורבא פרח [base; 0; 0.00] | (proclitic) שעושה פירות [base; 0; 0.00] | (proclitic) שעושין פסין [base; 0; 0.00]
תקו״ז	kabbalah	140	REVIEW	תקוני זה [ben-yehuda-rt; 0; 0.00]
במ״ק	rabbinic	139	AMBIGUOUS	בטל מקצתה [ben-yehuda-rt; 0; 0.00] | במדה קטנה [ben-yehuda-rt; 5; 0.00] | במספר קטן [ben-yehuda-rt; 34; 0.21] | בעל מקובל [ben-yehuda-rt; 0; 0.00] | (proclitic) במרא קמא [base; 0; 0.00] | (proclitic) במלכין קדמאין [base; 1; 0.00] | (proclitic) במשמע קצת [base; 0; 0.00] | (proclitic) במועד קטן [base; 42; 0.66]
ומע״ט	kabbalah	139	REVIEW	ומעשים טובים [ben-yehuda-rt; 290; 0.80] | (proclitic) ומעלות טובות [base; 0; 0.00]
מק״ש	rabbinic	139	AMBIGUOUS	מצות קריאת שמע [ben-yehuda-rt; 17; 0.01] | מקבל שבת [ben-yehuda-rt; 13; 0.00] | מקבל שכר [ben-yehuda-rt; 92; 0.00] | מקדש שני [ben-yehuda-rt; 41; 0.01] | מקום שמואל [ben-yehuda-rt; 20; 0.00] | מקח שיחד [ben-yehuda-rt; 0; 0.00] | מקפח שכר [ben-yehuda-rt; 56; 0.00] | (proclitic) מקריאת שמע [base; 62; 0.93]
שי׳	rabbinic	139	REVIEW	שיחיה [ben-yehuda-rt; 235; 0.03] | (proclitic) שידיד [base; 0; 0.00] | (proclitic) שיוד [base; 0; 0.00] | (proclitic) שיום [base; 0; 0.00] | (proclitic) שיוצרות [base; 0; 0.00] | (proclitic) שיש [base; 0; 0.00]
שי״ל	rabbinic	138	AMBIGUOUS	שיש לו [ben-yehuda-rt; 8572; 0.12] | שתיקה יפה לחכמה [ben-yehuda-rt; 0; 0.00] | (proclitic) שיש לומר [base; 0; 0.00] | (proclitic) שיש לפרש [base; 0; 0.00] | (proclitic) שיש להקשות [base; 0; 0.00] | (proclitic) שיש לתרץ [base; 12; 0.17] | (proclitic) שיש לשאול [base; 0; 0.00] | (proclitic) שיראה לי [base; 0; 0.00]
של״א	rabbinic	138	REVIEW	שבירת לוחות אבן [ben-yehuda-rt; 0; 0.00] | (proclitic) שלישנא אחרינא [base; 0; 0.00] | (proclitic) שלא אדוני [base; 0; 0.00] | (proclitic) שלא אחד [base; 0; 0.00] | (proclitic) שלא אליכם [base; 0; 0.00] | (proclitic) שלא אמר [base; 0; 0.00] | (proclitic) שלא אמרינן [base; 0; 0.00] | (proclitic) שלאו אדעתאי [base; 0; 0.00]
ז״נ	rabbinic	137	AMBIGUOUS	זאת נדבת [ben-yehuda-rt; 0; 0.00] | זה נוטה [ben-yehuda-rt; 17; 0.00] | ז' נקודות [ben-yehuda-rt; 0; 0.00] | ז' נקיים [ben-yehuda-rt; 0; 0.00] | זרוע נטויה [ben-yehuda-rt; 8; 0.00]
נ״ע	kabbalah	137	AMBIGUOUS	נאמן עדה [ben-yehuda-rt; 0; 0.00] | נברא עולם [ben-yehuda-rt; 29; 0.00] | נוחי עדן [ben-yehuda-rt; 0; 0.00] | נזיר עולם [ben-yehuda-rt; 2; 0.01] | נחי עין [ben-yehuda-rt; 0; 0.00] | נחל עדנים [ben-yehuda-rt; 2; 0.00] | נחלת עזריאל [ben-yehuda-rt; 3; 0.00] | נר עליון [ben-yehuda-rt; 0; 0.00]
פ״כ	rabbinic	137	AMBIGUOUS	פאר כבודו [ben-yehuda-rt; 0; 0.00] | פי כבודו [ben-yehuda-rt; 0; 0.00] | פי כל [ben-yehuda-rt; 19; 0.00] | פני כבודו [ben-yehuda-rt; 3; 0.00] | פרוכת כפורת [ben-yehuda-rt; 0; 0.00] | פרחי כהונה [ben-yehuda-rt; 20; 0.00] | פרטי כל [ben-yehuda-rt; 3; 0.00] | פת כיסנין [ben-yehuda-rt; 48; 0.00]
ואח״ז	kabbalah	136	AMBIGUOUS	ואחד זה [ben-yehuda-rt; 1; 0.03] | ואחר זה [ben-yehuda-rt; 100; 0.60] | ואמרו חכמינו ז"ל [ben-yehuda-rt; 14; 0.03] | (proclitic) ואחות זקוקתו [base; 0; 0.00] | (proclitic) ואח זקן [base; 0; 0.00] | (proclitic) ואחר זמן [base; 11; 0.19]
וא׳	talmud	136	AMBIGUOUS	ואחד [ben-yehuda-rt; 3853; 0.29] | ואחר [ben-yehuda-rt; 1565; 0.00] | ואמר [ben-yehuda-rt; 6341; 0.03]
ז״ת	kabbalah	135	AMBIGUOUS	זאת תורת [ben-yehuda-rt; 160; 0.00] | זבחי תמים [ben-yehuda-rt; 0; 0.00] | זבח תודה [ben-yehuda-rt; 10; 0.00] | זכרן תרועה [ben-yehuda-rt; 0; 0.00] | זמן תפלה [ben-yehuda-rt; 16; 0.00] | זמן תפלין [ben-yehuda-rt; 0; 0.00] | ז' תחתונות [ben-yehuda-rt; 0; 0.00] | ז' תקונים [ben-yehuda-rt; 0; 0.00]
לס׳	rabbinic	134	AMBIGUOUS	לסברת [ben-yehuda-rt; 640; 0.33] | לסדר [ben-yehuda-rt; 567; 0.03] | (proclitic) לסאה [base; 69; 0.00] | (proclitic) לסבה [base; 153; 0.00] | (proclitic) לסברא [base; 370; 0.18] | (proclitic) לסוגיא [base; 37; 0.01] | (proclitic) לסגנון [base; 11; 0.00] | (proclitic) לסר [base; 0; 0.00]
מהרי״ש	rabbinic	134	AMBIGUOUS	מורינו הרב ר' יוסף שווארץ [ben-yehuda-rt; 0; 0.00] | מורינו הרב ר' יוסף שאול [ben-yehuda-rt; 0; 0.00] | (proclitic) מהרחום יתברך שמו [base; 0; 0.00]
שי״ג	rabbinic	134	REVIEW	שפתי ישנים ג' [ben-yehuda-rt; 0; 0.00] | (proclitic) שיש גורסין [base; 0; 0.00] | (proclitic) שיין גפן [base; 0; 0.00] | (proclitic) שי' גדולים [base; 0; 0.00]
מו״מ	rabbinic	131	AMBIGUOUS	מאכל ומשקה [ben-yehuda-rt; 55; 0.02] | מבריך ומרכיב [ben-yehuda-rt; 6; 0.00] | מגע ומשא [ben-yehuda-rt; 14; 0.01] | מדות ומשקלות [ben-yehuda-rt; 3; 0.02] | מהר ומתן [ben-yehuda-rt; 21; 0.00] | מואבי ולא מואבית [ben-yehuda-rt; 32; 0.00] | מוכן ומזומן [ben-yehuda-rt; 59; 0.00] | מוכרי מקום [ben-yehuda-rt; 0; 0.00]
שט״ו	rabbinic	131	REVIEW	שם טוב [ben-yehuda-rt; 360; 0.00] | (proclitic) שטוב ורע [base; 0; 0.00]
דב״מ	talmud	130	AMBIGUOUS	דברי מערבא [ben-yehuda-rt; 0; 0.00] | דבר מצוה [ben-yehuda-rt; 43; 0.00] | דיני ברכת מילה [ben-yehuda-rt; 0; 0.00] | (proclitic) דבבא מציעא [base; 44; 0.88] | (proclitic) דבית מדרש [base; 0; 0.00] | (proclitic) דבית משפט [base; 0; 0.00] | (proclitic) דבר מינן [base; 0; 0.00] | (proclitic) דבר מצווה [base; 0; 0.01]
הו״א	kabbalah	130	AMBIGUOUS	הואיל ואידחי אידחי [ben-yehuda-rt; 0; 0.02] | הואיל ואישתני אישתני [ben-yehuda-rt; 0; 0.00] | הואיל ואישתרי אישתרי [ben-yehuda-rt; 0; 0.00] | הוי אומר [ben-yehuda-rt; 110; 0.03]
הר״ח	rabbinic	130	REVIEW	השם רב חסד [ben-yehuda-rt; 0; 0.00] | (proclitic) הראש חודש [base; 0; 0.00] | (proclitic) הר׳ חנינא [base; 0; 0.00] | (proclitic) הרב חסדא [base; 0; 0.00] | (proclitic) הראש חדש [base; 0; 0.00] | (proclitic) הראשית חכמה [base; 0; 0.00] | (proclitic) הרב חסד [base; 0; 0.00] | (proclitic) הר' חביבא [base; 0; 0.00]
מ״ל	rabbinic	130	AMBIGUOUS	מאי לאו [ben-yehuda-rt; 175; 0.02] | מה להלן [ben-yehuda-rt; 812; 0.00] | מה לי [ben-yehuda-rt; 911; 0.18] | מובא למעלה [ben-yehuda-rt; 0; 0.00] | מובטח לו [ben-yehuda-rt; 124; 0.00] | מושב לצים [ben-yehuda-rt; 63; 0.00] | מותר לך [ben-yehuda-rt; 38; 0.04] | מזמור לתודה [ben-yehuda-rt; 96; 0.00]
שע״ב	rabbinic	130	AMBIGUOUS	שבעה עשר בתמוז [ben-yehuda-rt; 25; 0.00] | שערי בינה [ben-yehuda-rt; 134; 0.13] | שעת ביעור [ben-yehuda-rt; 0; 0.00] | (proclitic) שעבדין בישין [base; 0; 0.00] | (proclitic) שעבודת בורא [base; 0; 0.00] | (proclitic) שעד ביאת [base; 0; 0.00] | (proclitic) שעדות ביוסף [base; 0; 0.00] | (proclitic) שעדות ביעקב [base; 0; 0.00]
או״ה	kabbalah	129	AMBIGUOUS	אומות העולם [ben-yehuda-rt; 352; 0.23] | אוצר השרשים [ben-yehuda-rt; 0; 0.00] | אור החיים [ben-yehuda-rt; 58; 0.05] | איסור והיתר הארוך [ben-yehuda-rt; 0; 0.13] | אלטונא וואנדזבעק האמבורג [ben-yehuda-rt; 0; 0.00]
בעוה״ר	kabbalah	129	REVIEW	בעוותינו הרבים [ben-yehuda-rt; 0; 0.00] | (proclitic) בעוונותינו הרבים [base; 24; 0.26] | (proclitic) בעונותינו הרבים [base; 28; 0.37]
דה״נ	talmud	129	AMBIGUOUS	דם הנדה [ben-yehuda-rt; 66; 0.00] | דם הנפש [ben-yehuda-rt; 47; 0.00] | דרך הנאתן [ben-yehuda-rt; 7; 0.00] | דת הנוצרים [ben-yehuda-rt; 0; 0.00] | (proclitic) דהכי נמי [base; 78; 0.60] | (proclitic) דהכא נמי [base; 68; 0.47] | (proclitic) דהוא ניהו [base; 1; 0.00] | (proclitic) דהושיעה נא [base; 0; 0.00]
קע״ג	rabbinic	129	REVIEW	קצור עמודי גולה [ben-yehuda-rt; 0; 0.00]
שכ״ז	rabbinic	129	AMBIGUOUS	שכבת זכר [ben-yehuda-rt; 0; 0.00] | שכבת זרע [ben-yehuda-rt; 361; 0.02] | שכל זה [ben-yehuda-rt; 302; 0.28] | שכל זמן [ben-yehuda-rt; 569; 0.41] | (proclitic) שכבתה זקוק [base; 0; 0.00] | (proclitic) שכולו זכאי [base; 0; 0.00] | (proclitic) שכוס זהב [base; 0; 0.00] | (proclitic) שכי זה [base; 0; 0.00]
תע״ה	rabbinic	129	REVIEW	תבנה עירנו הקדושה [ben-yehuda-rt; 0; 0.00]
ומ״ד	talmud	128	REVIEW	ומאן דאמר [ben-yehuda-rt; 231; 0.18] | (proclitic) ומאי דכתיב [base; 1; 0.00] | (proclitic) ומהו דתימא [base; 8; 0.02] | (proclitic) ומאי דעתך [base; 0; 0.00] | (proclitic) ומאמר ד' [base; 0; 0.00] | (proclitic) ומאן דא [base; 0; 0.00] | (proclitic) ומאן דתני [base; 31; 0.00] | (proclitic) ומגדל דוד [base; 0; 0.00]
עי״כ	rabbinic	128	AMBIGUOUS	על ידי כן [ben-yehuda-rt; 47; 0.11] | על יד כותי [ben-yehuda-rt; 0; 0.00] | ערב יום כפורים [ben-yehuda-rt; 3; 0.04]
בבה״מ	rabbinic	127	AMBIGUOUS	בביאת המשיח [ben-yehuda-rt; 23; 0.00] | בבית המדרש [ben-yehuda-rt; 277; 0.30] | בבית המקדש [ben-yehuda-rt; 308; 0.09] | בבית המרחץ [ben-yehuda-rt; 115; 0.13] | בברכה המשולשת [ben-yehuda-rt; 23; 0.01] | בברכת המזון [ben-yehuda-rt; 415; 0.32] | בנין בית המקדש [ben-yehuda-rt; 79; 0.03] | (proclitic) בבאור המלה [base; 0; 0.00]
ד״י	kabbalah	127	AMBIGUOUS	דברי יוסף [ben-yehuda-rt; 10; 0.01] | דברים ישרים [ben-yehuda-rt; 1; 0.00] | ד' ימים [ben-yehuda-rt; 0; 0.00] | דין יורשים [ben-yehuda-rt; 0; 0.00] | דיני ישראל [ben-yehuda-rt; 1; 0.00] | ד' יסודות [ben-yehuda-rt; 0; 0.00] | דן ידין [ben-yehuda-rt; 13; 0.00] | דפוס ישן [ben-yehuda-rt; 3; 0.11]
וש״ד	rabbinic	127	AMBIGUOUS	ושאר דבר [ben-yehuda-rt; 12; 0.00] | ושפיכות דמים [ben-yehuda-rt; 190; 0.11] | (proclitic) ושיקול דעת [base; 2; 0.00] | (proclitic) ושפיכות דם [base; 2; 0.02] | (proclitic) ושאר דברים [base; 171; 0.02] | (proclitic) ושאר דוכתי [base; 11; 0.02] | (proclitic) ושבועה דאורייתא [base; 1; 0.00] | (proclitic) ושום דבר [base; 13; 0.00]
לג׳	talmud	127	REVIEW	לגרמיה [ben-yehuda-rt; 17; 0.01] | (proclitic) לגדולה [base; 89; 0.00] | (proclitic) לגבורה [base; 4; 0.08] | (proclitic) לגאולה [base; 20; 0.02] | (proclitic) לגלות [base; 111; 0.01] | (proclitic) לגזירה [base; 151; 0.00] | (proclitic) לגאון [base; 20; 0.00] | (proclitic) לגדול [base; 79; 0.01]
שאחז״ל	kabbalah	127	REVIEW	שאמרו חכמינו זכרונם לברכה [ben-yehuda-rt; 7; 0.58]
בי״ס	kabbalah	126	AMBIGUOUS	בית סאה [ben-yehuda-rt; 2; 0.00] | בית ספר [ben-yehuda-rt; 3; 0.00] | (proclitic) בידי ספק [base; 0; 0.00] | (proclitic) ביחידי סגולה [base; 1; 0.00] | (proclitic) בים סוף [base; 67; 0.00] | (proclitic) בי' ספירות [base; 0; 0.00] | (proclitic) בישיבת סוכה [base; 0; 0.04] | (proclitic) ביש ספרים [base; 0; 0.00]
דע״כ	kabbalah	126	AMBIGUOUS	דעביד כמר [ben-yehuda-rt; 0; 0.02] | דעלמא כולי [ben-yehuda-rt; 0; 0.05] | (proclitic) דעד כאן [base; 5; 0.46] | (proclitic) דעד כמה [base; 0; 0.00] | (proclitic) דעל כרחך [base; 31; 0.64] | (proclitic) דעבד כנעני [base; 1; 0.04] | (proclitic) דעבודת ככבים [base; 0; 0.00] | (proclitic) דעד כותי [base; 0; 0.00]
הק״ש	kabbalah	126	REVIEW	הלכות קריאת שמע [ben-yehuda-rt; 0; 0.04] | (proclitic) הקריאת שמע [base; 0; 0.00] | (proclitic) הקדיש שלם [base; 0; 0.00] | (proclitic) הקבלת שבת [base; 0; 0.00] | (proclitic) הקהלת שלמה [base; 0; 0.00] | (proclitic) הקול שחל [base; 0; 0.00] | (proclitic) הקול שמחה [base; 0; 0.00] | (proclitic) הקול ששון [base; 0; 0.00]
וח״י	rabbinic	126	REVIEW	ויבאני חסדך יי [ben-yehuda-rt; 0; 0.00] | (proclitic) וחתימת ידי [base; 2; 0.00] | (proclitic) וחוק יסוד [base; 0; 0.00] | (proclitic) וחיה יחידה [base; 1; 0.00] | (proclitic) וחיל ים [base; 0; 0.00] | (proclitic) וחביבי ידידי [base; 0; 0.00] | (proclitic) וחביבין יסורים [base; 0; 0.00] | (proclitic) וחביבין ישראל [base; 1; 0.01]
מש״צ	rabbinic	126	AMBIGUOUS	מיכאל שליח צבור [ben-yehuda-rt; 0; 0.00] | משיח צדקנו [ben-yehuda-rt; 54; 0.00] | (proclitic) משליח צבור [base; 17; 0.40] | (proclitic) משליח ציבור [base; 9; 0.32] | (proclitic) משבתאי צבי [base; 0; 0.00] | (proclitic) משוטר צבאי [base; 0; 0.00] | (proclitic) משיעבוד צף [base; 0; 0.00] | (proclitic) משתוק צעיר [base; 0; 0.00]
רע״ב	rabbinic	126	REVIEW	ר' עובדיה ברטנורא [ben-yehuda-rt; 0; 0.00]
או״מ	kabbalah	125	AMBIGUOUS	אדיר ונורא מעשיו [ben-yehuda-rt; 0; 0.00] | אהרן ומשה [ben-yehuda-rt; 49; 0.01] | אוכלין ומשקין [ben-yehuda-rt; 5; 0.00] | אונאת ממון [ben-yehuda-rt; 2; 0.00] | אונס ממון [ben-yehuda-rt; 2; 0.01] | אורות מאופל [ben-yehuda-rt; 0; 0.00] | אור מקיף [ben-yehuda-rt; 307; 0.72] | אותות ומופתים [ben-yehuda-rt; 76; 0.02]
בכ״פ	rabbinic	125	AMBIGUOUS	בכל פעם [ben-yehuda-rt; 814; 0.01] | בכמה פעמים [ben-yehuda-rt; 19; 0.01] | (proclitic) בכך פירש [base; 2; 0.00] | (proclitic) בכבד פה [base; 0; 0.00] | (proclitic) בכונות פשוטות [base; 0; 0.00] | (proclitic) בכי פליגי [base; 0; 0.00] | (proclitic) בכך פולטו [base; 0; 0.00] | (proclitic) בככר פרוכת [base; 0; 0.00]
מדר׳	rabbinic	125	AMBIGUOUS	מדרבנן [ben-yehuda-rt; 4404; 0.00] | מדרש [ben-yehuda-rt; 1249; 0.00] | (proclitic) מדרוש [base; 2; 0.00] | (proclitic) מדרך [base; 1071; 0.00]
קע״א	rabbinic	125	REVIEW	קיבל עליו אחריות [ben-yehuda-rt; 38; 0.01]
קצ״ד	rabbinic	125	REVIEW	קצורי דינים [ben-yehuda-rt; 2; 0.00]
אנ״י	rabbinic	124	AMBIGUOUS	אדוני נצח ישראל [ben-yehuda-rt; 0; 0.00] | אל נאמן יחיד [ben-yehuda-rt; 0; 0.00] | אל נקמות יי [ben-yehuda-rt; 5; 0.00] | אלהים נרי יאיר [ben-yehuda-rt; 0; 0.00]
ג״ת	kabbalah	124	AMBIGUOUS	גר תושב [krupnik-1927+ben-yehuda-rt; 15; 0.01] | גוזר תענית [krupnik-1927+ben-yehuda-rt; 0; 0.00] | גבאי תמחוי [krupnik-1927; 0; 0.00] | גבראי תמחוי [ben-yehuda-rt; 0; 0.00] | גדולי תרומה [ben-yehuda-rt; 2; 0.00] | גולות תחתיות [ben-yehuda-rt; 0; 0.00] | ג' תבשילין [ben-yehuda-rt; 0; 0.00] | ג' תקיעות [ben-yehuda-rt; 0; 0.00]
דעי״ז	rabbinic	124	REVIEW	דעל ידי זה [ben-yehuda-rt; 7; 0.10] | (proclitic) דעל ידי זכאי [base; 0; 0.00] | (proclitic) דעל ידי זכות [base; 0; 0.00]
וזש״ה	rabbinic	124	REVIEW	וזה שאמר הכתוב [ben-yehuda-rt; 78; 0.50] | (proclitic) וזהו שאמר הכתוב [base; 97; 0.47]
רי״ח	rabbinic	124	AMBIGUOUS	ר' יהודה חיוג [ben-yehuda-rt; 0; 0.00] | ר' יהודה חייט [ben-yehuda-rt; 0; 0.00] | ר' יהודה חסיד [ben-yehuda-rt; 0; 0.00] | ר' יחזקאל [ben-yehuda-rt; 0; 0.00] | ר' יחזקיהו [ben-yehuda-rt; 0; 0.00] | ר' יוסף חמיץ [ben-yehuda-rt; 0; 0.00] | ר' יעק חגיז [ben-yehuda-rt; 0; 0.00] | ר' יצחק חיות [ben-yehuda-rt; 0; 0.00]
בש״צ	rabbinic	123	AMBIGUOUS	בשערי ציון [ben-yehuda-rt; 4; 0.06] | בשרתי צדק [ben-yehuda-rt; 27; 0.00] | (proclitic) בשליח צבור [base; 9; 0.04] | (proclitic) בשליח ציבור [base; 3; 0.00] | (proclitic) בשבתאי צבי [base; 0; 0.00] | (proclitic) בשוטר צבאי [base; 0; 0.00] | (proclitic) בשיעבוד צף [base; 0; 0.00] | (proclitic) בשתוק צעיר [base; 0; 0.00]
הגר״א	kabbalah	123	REVIEW	הגאון ר' אליהו [ben-yehuda-rt; 0; 0.00]
ס״ר	kabbalah	123	AMBIGUOUS	סבה ראשונה [ben-yehuda-rt; 8; 0.03] | סברי רבנן [ben-yehuda-rt; 1; 0.00] | סודי רזיא [ben-yehuda-rt; 0; 0.00] | סימן רבים [ben-yehuda-rt; 0; 0.00] | סימן רע [ben-yehuda-rt; 6; 0.00] | סמיכות רבנים [ben-yehuda-rt; 0; 0.00] | ספר רוקח [ben-yehuda-rt; 0; 0.00] | ספר רזיאל [ben-yehuda-rt; 2; 0.01]
שי״ב	rabbinic	123	AMBIGUOUS	שיש בו [ben-yehuda-rt; 5355; 0.00] | שיש בידו [ben-yehuda-rt; 496; 0.00] | שפתי ישנים ב' [ben-yehuda-rt; 0; 0.00] | ששת ימי בראשית [ben-yehuda-rt; 70; 0.03] | (proclitic) שיבש ביבש [base; 0; 0.00] | (proclitic) שיגדל בתורה [base; 0; 0.00] | (proclitic) שיהודה בנימין [base; 0; 0.00] | (proclitic) שיודע בינה [base; 0; 0.00]
בחו״ל	kabbalah	122	REVIEW	בחוץ לארץ [ben-yehuda-rt; 174; 0.62] | (proclitic) בחוץ למדינה [base; 0; 0.00] | (proclitic) בחוץ למחנה [base; 1; 0.00] | (proclitic) בחוץ לעיר [base; 0; 0.00] | (proclitic) בחוץ לתחום [base; 0; 0.03] | (proclitic) בחזק ויאמץ לבך [base; 0; 0.00]
בס״ה	kabbalah	122	AMBIGUOUS	בסדר היום [ben-yehuda-rt; 2; 0.09] | בסוד הכתוב [ben-yehuda-rt; 0; 0.05] | בסך הכל [ben-yehuda-rt; 2; 0.00] | בספר הבהיר [ben-yehuda-rt; 23; 0.14] | בספר הזהר [ben-yehuda-rt; 7; 0.10] | (proclitic) בסוגית הש"ס [base; 0; 0.00] | (proclitic) בסוד הסודות [base; 0; 0.00] | (proclitic) בסימן ה' [base; 3; 0.00]
וע״ע	talmud	122	AMBIGUOUS	ועד עולם [ben-yehuda-rt; 21; 0.02] | ועולה על [ben-yehuda-rt; 3; 0.00] | ועיין עוד [ben-yehuda-rt; 0; 0.03] | ועיין ערכו [ben-yehuda-rt; 0; 0.00] | ועל ענין [ben-yehuda-rt; 0; 0.01] | (proclitic) ועבד עבדים [base; 0; 0.00] | (proclitic) ועבד עברי [base; 15; 0.01] | (proclitic) ועבר עליו [base; 46; 0.00]
מר״ה	kabbalah	122	AMBIGUOUS	מסכת ראש השנה [ben-yehuda-rt; 1; 0.01] | מרשות הרבים [ben-yehuda-rt; 6; 0.19] | (proclitic) מראש השנה [base; 28; 0.59] | (proclitic) מרב הונא [base; 2; 0.01] | (proclitic) מראש הקהל [base; 0; 0.00] | (proclitic) מרב האי [base; 4; 0.00] | (proclitic) מרב המעלה [base; 0; 0.00] | (proclitic) מרבון העולם [base; 0; 0.00]
אנ״י	kabbalah	121	AMBIGUOUS	אדוני נצח ישראל [ben-yehuda-rt; 0; 0.00] | אל נאמן יחיד [ben-yehuda-rt; 0; 0.00] | אל נקמות יי [ben-yehuda-rt; 1; 0.00] | אלהים נרי יאיר [ben-yehuda-rt; 0; 0.00]
בל׳	kabbalah	121	AMBIGUOUS	בלעם [ben-yehuda-rt; 881; 0.03] | בלק [ben-yehuda-rt; 725; 0.01] | בלשון [ben-yehuda-rt; 2038; 0.49] | (proclitic) בלה [base; 0; 0.01] | (proclitic) בלו [base; 7; 0.01] | (proclitic) בליה [base; 0; 0.00] | (proclitic) בליכא [base; 0; 0.00] | (proclitic) בלילה [base; 1145; 0.08]
ה״ר	kabbalah	121	AMBIGUOUS	הביא ראיה [ben-yehuda-rt; 8; 0.00] | הושענא רבה [ben-yehuda-rt; 50; 0.00] | היזק ראיה [ben-yehuda-rt; 2; 0.00] | הלולא רבא [ben-yehuda-rt; 0; 0.00]
סא״א	rabbinic	121	AMBIGUOUS	סעודת אברהם אבינו [ben-yehuda-rt; 0; 0.00] | ספק אשת איש [ben-yehuda-rt; 24; 0.00] | ספר אגודת אזוב [ben-yehuda-rt; 0; 0.00] | ספרים אחרים אינו [ben-yehuda-rt; 3; 0.00]
א״ז	kabbalah	120	AMBIGUOUS	אין זה [he-wiktionary+ben-yehuda-rt; 866; 0.00] | את זה [he-wiktionary+ben-yehuda-rt; 295; 0.01] | אדוני זקני [he-wiktionary; 0; 0.00] | אדרא זוטא [he-wiktionary+ben-yehuda-rt; 18; 0.00] | אבי זקני [ben-yehuda-rt; 8; 0.03] | אבני זכרון [ben-yehuda-rt; 5; 0.00] | אדום זהב [ben-yehuda-rt; 1; 0.00] | אדני זהב [ben-yehuda-rt; 0; 0.00]
ני״ק	kabbalah	120	REVIEW	נשיקות ידי קדשו [ben-yehuda-rt; 0; 0.00]
נ״י	kabbalah	120	AMBIGUOUS	נרו יאיר [he-wiktionary+ben-yehuda-rt; 5; 0.04] | נסמך יחיד [he-wiktionary; 0; 0.00] | ניו יורק [he-wiktionary; 0; 0.00] | נצח ישראל [he-wiktionary+ben-yehuda-rt; 70; 0.00] | נדחי ישראל [ben-yehuda-rt; 40; 0.00] | נוסח יוני [ben-yehuda-rt; 0; 0.00] | נוסח ישן [ben-yehuda-rt; 0; 0.00] | נחלת יהודה [ben-yehuda-rt; 0; 0.00]
רל״ד	rabbinic	120	AMBIGUOUS	ראיה לדבר [ben-yehuda-rt; 347; 0.01] | רגלים לדבר [ben-yehuda-rt; 323; 0.00] | רמז לדבר [ben-yehuda-rt; 68; 0.00] | ר' ליב דוקעס [ben-yehuda-rt; 0; 0.00]
רנ״א	rabbinic	120	REVIEW	ר' נתן אדלער [ben-yehuda-rt; 0; 0.00]
אבי״ה	rabbinic	119	AMBIGUOUS	אליעזר בן יואל הלוי [ben-yehuda-rt; 1; 0.09] | אלעזר בן יוסי הגלילי [ben-yehuda-rt; 0; 0.00]
או״ר	kabbalah	119	AMBIGUOUS	אביי ורבא [ben-yehuda-rt; 6; 0.00] | אוכל ראשון [ben-yehuda-rt; 0; 0.00]
אי״נ	rabbinic	118	REVIEW	אדם יש נשמה [ben-yehuda-rt; 0; 0.00]
בג״ש	talmud	118	AMBIGUOUS	בגדי שבת [ben-yehuda-rt; 1; 0.01] | בגדי שרד [ben-yehuda-rt; 0; 0.01] | בגזרה שוה [ben-yehuda-rt; 22; 0.54] | בגזרת שמים [ben-yehuda-rt; 0; 0.00] | (proclitic) בגזירה שוה [base; 105; 0.74] | (proclitic) בגורל שוה [base; 0; 0.00] | (proclitic) בג׳ שנים [base; 0; 0.00] | (proclitic) בג׳ שבועות [base; 0; 0.00]
ה״ס	rabbinic	118	AMBIGUOUS	הוא סוד [ben-yehuda-rt; 470; 0.12] | הוי סימן [ben-yehuda-rt; 145; 0.00] | הלכות סוטה [ben-yehuda-rt; 3; 0.00] | הלכות סנהדרין [ben-yehuda-rt; 15; 0.00] | ה' סלעים [ben-yehuda-rt; 0; 0.00] | ה' ספירות [ben-yehuda-rt; 0; 0.00] | הר סיני [ben-yehuda-rt; 907; 0.11] | התראת ספק [ben-yehuda-rt; 79; 0.00]
ומ״ד	rabbinic	118	REVIEW	ומאן דאמר [ben-yehuda-rt; 115; 0.18] | (proclitic) ומאי דכתיב [base; 4; 0.00] | (proclitic) ומהו דתימא [base; 2; 0.02] | (proclitic) ומאי דעתך [base; 0; 0.00] | (proclitic) ומאמר ד' [base; 0; 0.00] | (proclitic) ומאן דא [base; 0; 0.00] | (proclitic) ומאן דתני [base; 6; 0.00] | (proclitic) ומגדל דוד [base; 0; 0.00]
דע״י	talmud	117	REVIEW	דעל ידי [ben-yehuda-rt; 55; 0.61] | (proclitic) דעבודת ישראל [base; 0; 0.00] | (proclitic) דעדי ישראל [base; 0; 0.00] | (proclitic) דעדים ישרים [base; 0; 0.00] | (proclitic) דעדת ישראל [base; 0; 0.00] | (proclitic) דעולת יצחק [base; 0; 0.00] | (proclitic) דעזרת ישראל [base; 0; 0.00] | (proclitic) דעין יעקב [base; 0; 0.00]
הל׳	kabbalah	117	AMBIGUOUS	הלכה [ben-yehuda-rt; 1042; 0.10] | הלכות [ben-yehuda-rt; 634; 0.38] | הלשון [ben-yehuda-rt; 1484; 0.01] | (proclitic) הלה [base; 0; 0.00] | (proclitic) הלו [base; 0; 0.00] | (proclitic) הליה [base; 0; 0.00] | (proclitic) הליכא [base; 0; 0.00] | (proclitic) הלילה [base; 0; 0.00]
פ״ר	rabbinic	117	AMBIGUOUS	פגיעתן רע [ben-yehuda-rt; 0; 0.00] | פירוש רש"י [ben-yehuda-rt; 187; 0.01] | פלח רכב [ben-yehuda-rt; 12; 0.00] | פני רב [ben-yehuda-rt; 1; 0.00] | פני רבו [ben-yehuda-rt; 121; 0.00] | פסוק ראשון [ben-yehuda-rt; 228; 0.01] | פסח ראשון [ben-yehuda-rt; 40; 0.00] | פסיק רישא [ben-yehuda-rt; 89; 0.31]
ב״ר	talmud	116	AMBIGUOUS	בן רבי [krupnik-1927+he-wiktionary+ben-yehuda-rt; 29; 0.24] | בראשית רבה [krupnik-1927+he-wiktionary+ben-yehuda-rt; 3; 0.32] | בית ראשון [krupnik-1927+ben-yehuda-rt; 30; 0.00] | ב׳ רשויות [krupnik-1927+ben-yehuda-rt; 0; 0.00] | בריך רחמנא [krupnik-1927+ben-yehuda-rt; 17; 0.05] | בן רֶבּ [he-wiktionary+ben-yehuda-rt; 6; 0.07] | בהן רגל [ben-yehuda-rt; 2; 0.00] | ביאה ראשונה [ben-yehuda-rt; 41; 0.00]
ל״מ	rabbinic	116	AMBIGUOUS	לא מיבעי [krupnik-1927+ben-yehuda-rt; 50; 0.02] | לא מהני [krupnik-1927+ben-yehuda-rt; 3415; 0.00] | לא מצי [krupnik-1927+ben-yehuda-rt; 798; 0.00] | לא משמע [krupnik-1927+ben-yehuda-rt; 855; 0.01] | לא מועיל [ben-yehuda-rt; 42; 0.00] | לא מיחלף [ben-yehuda-rt; 12; 0.00] | לא מיחשב [ben-yehuda-rt; 74; 0.00] | לא מפקינן [ben-yehuda-rt; 414; 0.00]
עמ״א	rabbinic	116	AMBIGUOUS	עיין מגן אברהם [ben-yehuda-rt; 52; 0.24] | על משקל אחד [ben-yehuda-rt; 2; 0.00] | על משקל אחר [ben-yehuda-rt; 3; 0.00] | עמודי אור [ben-yehuda-rt; 8; 0.02] | עשרה מאמרות [ben-yehuda-rt; 107; 0.00]
קצ״ט	rabbinic	116	REVIEW	קדוש צדיק טהור [ben-yehuda-rt; 0; 0.00]
תי׳	rabbinic	116	REVIEW	תיקון [ben-yehuda-rt; 2847; 0.14]
כס״א	rabbinic	115	AMBIGUOUS	כסא אליהו [ben-yehuda-rt; 14; 0.18] | כסף סוסים אשה [ben-yehuda-rt; 0; 0.00] | (proclitic) כספרים אחרים [base; 1; 0.00] | (proclitic) כסאה אחת [base; 0; 0.00] | (proclitic) כסבה אחת [base; 0; 0.00] | (proclitic) כסברא אחרונה [base; 22; 0.00] | (proclitic) כסברא אחרת [base; 0; 0.00] | (proclitic) כסגנון אחר [base; 0; 0.00]
לי״ב	kabbalah	115	REVIEW	לא יבא בקהל [ben-yehuda-rt; 1; 0.00] | (proclitic) ליבש ביבש [base; 0; 0.00] | (proclitic) ליגדל בתורה [base; 0; 0.00] | (proclitic) ליהודה בנימין [base; 0; 0.00] | (proclitic) ליודע בינה [base; 0; 0.00] | (proclitic) ליחוס בשר [base; 0; 0.00] | (proclitic) ליליד בית [base; 0; 0.00] | (proclitic) לימי בראשית [base; 1; 0.00]
ממ״א	rabbinic	115	AMBIGUOUS	מגיד מראשית אחריח [ben-yehuda-rt; 0; 0.00] | מופנה מצד אחד [ben-yehuda-rt; 4; 0.00] | ממין אחר [ben-yehuda-rt; 97; 0.01] | ממלא מקום אבותיו [ben-yehuda-rt; 23; 0.00] | ממקום אחד [ben-yehuda-rt; 80; 0.00] | ממקום אחר [ben-yehuda-rt; 829; 0.04] | (proclitic) ממלכים א׳ [base; 0; 0.00] | (proclitic) ממשנה א׳ [base; 1; 0.00]
ק״י	kabbalah	115	AMBIGUOUS	קבלת יסורים [ben-yehuda-rt; 0; 0.00] | קדוש ישראל [ben-yehuda-rt; 78; 0.00] | קדיש יתום [ben-yehuda-rt; 5; 0.00] | קהל יראים [ben-yehuda-rt; 0; 0.00] | קהלת יעקב [ben-yehuda-rt; 183; 0.00] | קהלת יצחק [ben-yehuda-rt; 1; 0.00] | קול יהודה [ben-yehuda-rt; 25; 0.00] | קול יעקב [ben-yehuda-rt; 240; 0.00]
שח״ו	kabbalah	115	REVIEW	שם חם ויפת [ben-yehuda-rt; 10; 0.00] | (proclitic) שחס ושלום [base; 0; 0.00] | (proclitic) שחוכא וטלולא [base; 0; 0.00] | (proclitic) שחולדה ובור [base; 0; 0.00] | (proclitic) שחזק ונתחזק [base; 0; 0.00] | (proclitic) שחטים ושעורים [base; 0; 0.00] | (proclitic) שחי ונושע [base; 0; 0.00] | (proclitic) שחי וקיים [base; 0; 0.00]
תמ״ח	rabbinic	115	REVIEW	תשובת מים חיים [ben-yehuda-rt; 0; 0.00]
בכ״י	kabbalah	114	AMBIGUOUS	בכי יותן [ben-yehuda-rt; 0; 0.00] | בכל יום [ben-yehuda-rt; 2971; 0.20] | בכתיבת יד [ben-yehuda-rt; 7; 0.20] | ב' כתיבת יד [ben-yehuda-rt; 0; 0.00] | (proclitic) בכתב יד [base; 12; 0.01] | (proclitic) בכנסת ישראל [base; 111; 0.04] | (proclitic) בכה יהיה [base; 0; 0.00] | (proclitic) בכונות ישרות [base; 0; 0.00]
דב״ה	talmud	114	REVIEW	דברי הימים [ben-yehuda-rt; 268; 0.00] | (proclitic) דברוך השם [base; 0; 0.00] | (proclitic) דבעזרת השם [base; 0; 0.00] | (proclitic) דבית הלל [base; 135; 0.71] | (proclitic) דבניין הורדוס [base; 0; 0.00] | (proclitic) דבעולם הבא [base; 0; 0.00] | (proclitic) דברוך הבא [base; 0; 0.06] | (proclitic) דבאור המלה [base; 0; 0.00]
וה״א	rabbinic	114	REVIEW	וה' אותיות [ben-yehuda-rt; 0; 0.00] | (proclitic) והוה אמינא [base; 36; 0.00] | (proclitic) וה' אלפים [base; 0; 0.00] | (proclitic) והא אמרת [base; 34; 0.00] | (proclitic) והוא אומר [base; 734; 0.00] | (proclitic) והוא אלהים [base; 4; 0.02] | (proclitic) והוי אומר [base; 0; 0.00] | (proclitic) והכנסת אורחים [base; 13; 0.00]
וה״ר	talmud	114	REVIEW	והוא רחום [ben-yehuda-rt; 4; 0.00] | (proclitic) והביא ראיה [base; 41; 0.01] | (proclitic) והושענא רבה [base; 0; 0.00] | (proclitic) והיזק ראיה [base; 2; 0.00] | (proclitic) והלולא רבא [base; 0; 0.00]
זט״ה	rabbinic	114	REVIEW	ז' טובי העיר [ben-yehuda-rt; 0; 0.00]
ז״ס	kabbalah	113	AMBIGUOUS	זהב סגור [ben-yehuda-rt; 6; 0.01] | זה סוד [ben-yehuda-rt; 36; 0.21] | ז' ספירות [ben-yehuda-rt; 0; 0.00] | זר סביב [ben-yehuda-rt; 1; 0.00]
מה״ב	rabbinic	113	AMBIGUOUS	מגדל הפורח באויר [ben-yehuda-rt; 11; 0.01] | מהדורא בתרא [ben-yehuda-rt; 25; 0.00] | מהרהר בלב [ben-yehuda-rt; 4; 0.00] | מלך הבשן [ben-yehuda-rt; 118; 0.00] | ממון המוטל בספק [ben-yehuda-rt; 29; 0.01] | מן הבית [ben-yehuda-rt; 582; 0.06] | מן הבהמה [ben-yehuda-rt; 356; 0.02] | מסלת הברזל [ben-yehuda-rt; 5; 0.00]
בת׳	rabbinic	112	AMBIGUOUS	בתורה [ben-yehuda-rt; 12634; 0.01] | בתלמוד [ben-yehuda-rt; 1337; 0.01] | בתרגום [ben-yehuda-rt; 192; 0.04] | בתשובה [ben-yehuda-rt; 7590; 0.14] | (proclitic) בתולדות [base; 125; 0.00] | (proclitic) בתוספות [base; 826; 0.15] | (proclitic) בתחיה [base; 18; 0.00] | (proclitic) בתחנה [base; 23; 0.01]
דלמ״ד	talmud	112	REVIEW	דלמאן דאמר [ben-yehuda-rt; 49; 0.40] | (proclitic) דלית מאן דפליג [base; 0; 0.00] | (proclitic) דלא מדובשך [base; 0; 0.00] | (proclitic) דלדעת מדינחאי [base; 0; 0.00] | (proclitic) דלמבין די [base; 0; 0.00] | (proclitic) דלמה דומה [base; 0; 0.00]
מד״ת	rabbinic	112	AMBIGUOUS	מדברי תורה [ben-yehuda-rt; 398; 0.68] | מדין תורה [ben-yehuda-rt; 139; 0.12] | מדרש תהלים [ben-yehuda-rt; 62; 0.01] | מדרש תלפיות [ben-yehuda-rt; 11; 0.01] | מדרש תנחומא [ben-yehuda-rt; 28; 0.08] | (proclitic) מדעת תורה [base; 3; 0.00] | (proclitic) מדבלת תאנים [base; 0; 0.00] | (proclitic) מדברה תורה [base; 0; 0.00]
ר״ב	kabbalah	112	AMBIGUOUS	ראשית בכורים [ben-yehuda-rt; 0; 0.00] | ר' בנאה [ben-yehuda-rt; 0; 0.00] | ר' בנימין [ben-yehuda-rt; 0; 0.00] | ר' ברוך [ben-yehuda-rt; 0; 0.00] | רבינו ברטנורא [ben-yehuda-rt; 0; 0.00] | ראשי בשמים [ben-yehuda-rt; 2; 0.00] | רוב בעילות [ben-yehuda-rt; 0; 0.00] | רפדוני בתפוחים [ben-yehuda-rt; 22; 0.00]
בג״ר	kabbalah	111	AMBIGUOUS	בג' ראשונות [ben-yehuda-rt; 0; 0.00] | בגלוי ראש [ben-yehuda-rt; 0; 0.00] | (proclitic) בג׳ רביעות [base; 0; 0.00] | (proclitic) בגאולה ראשונה [base; 2; 0.01] | (proclitic) בגברא רבא [base; 0; 0.00] | (proclitic) בגבול רעהו [base; 0; 0.00] | (proclitic) בגזרה רעה [base; 0; 0.00] | (proclitic) בגזרת רומיים [base; 0; 0.00]
במ״ח	rabbinic	111	AMBIGUOUS	באר מים חיים [ben-yehuda-rt; 109; 0.02] | בעל מחבר [ben-yehuda-rt; 1; 0.00] | במקום חזקה [ben-yehuda-rt; 49; 0.00] | בר מן ח' [ben-yehuda-rt; 0; 0.00] | (proclitic) במאי חזית [base; 0; 0.00] | (proclitic) במבין חידות [base; 1; 0.09] | (proclitic) במגדל חננאל [base; 0; 0.00] | (proclitic) במדת חסידות [base; 11; 0.00]
המ״ל	rabbinic	111	AMBIGUOUS	הוא מותיב לה [ben-yehuda-rt; 7; 0.00] | הוה מצי למימר [ben-yehuda-rt; 15; 0.27] | היכי משכחת לה [ben-yehuda-rt; 103; 0.04] | היתר מצטרף לאיסור [ben-yehuda-rt; 18; 0.00] | המוציא לאור [ben-yehuda-rt; 2; 0.00] | המרבה לסלוח [ben-yehuda-rt; 26; 0.00] | (proclitic) המאי לאו [base; 0; 0.00] | (proclitic) המה להלן [base; 0; 0.00]
ול״ש	talmud	111	AMBIGUOUS	ולא שכרן [ben-yehuda-rt; 3; 0.03] | ולא שנא [ben-yehuda-rt; 298; 0.35] | (proclitic) ולא שייך [base; 154; 0.18] | (proclitic) וליל שבת [base; 0; 0.02] | (proclitic) ולפי שעה [base; 1; 0.00] | (proclitic) ולא שביק [base; 13; 0.00] | (proclitic) ולא שכיח [base; 13; 0.02] | (proclitic) ולא שמה [base; 4; 0.00]
קפ״ו	rabbinic	111	REVIEW	קצינים פרנסים ומנהיגים [ben-yehuda-rt; 0; 0.00]
בג״ש	rabbinic	110	AMBIGUOUS	בגדי שבת [ben-yehuda-rt; 152; 0.01] | בגדי שרד [ben-yehuda-rt; 23; 0.01] | בגזרה שוה [ben-yehuda-rt; 58; 0.54] | בגזרת שמים [ben-yehuda-rt; 2; 0.00] | (proclitic) בגזירה שוה [base; 86; 0.74] | (proclitic) בגורל שוה [base; 0; 0.00] | (proclitic) בג׳ שנים [base; 0; 0.00] | (proclitic) בג׳ שבועות [base; 0; 0.00]
בכ״ה	rabbinic	110	AMBIGUOUS	בכורי העתים [ben-yehuda-rt; 0; 0.00] | בכל הסדורים [ben-yehuda-rt; 0; 0.00] | בכל השנה [ben-yehuda-rt; 221; 0.00] | בכתבי הקודש [ben-yehuda-rt; 38; 0.00] | בן כבוד הרב [ben-yehuda-rt; 2; 0.00] | (proclitic) בכבוד הבריות [base; 13; 0.00] | (proclitic) בכד הקמח [base; 2; 0.00] | (proclitic) בכהן הדיוט [base; 41; 0.00]
ואח״ז	rabbinic	110	AMBIGUOUS	ואחד זה [ben-yehuda-rt; 85; 0.03] | ואחר זה [ben-yehuda-rt; 111; 0.60] | ואמרו חכמינו ז"ל [ben-yehuda-rt; 15; 0.03] | (proclitic) ואחות זקוקתו [base; 1; 0.00] | (proclitic) ואח זקן [base; 0; 0.00] | (proclitic) ואחר זמן [base; 154; 0.19]
חו״מ	rabbinic	110	AMBIGUOUS	חושן משפט [he-wiktionary; 85; 0.53] | חומה ומגדל [he-wiktionary; 2; 0.00] | חוץ מזה [he-wiktionary; 84; 0.00] | חובל ומזיק [ben-yehuda-rt; 54; 0.01] | חובת מנא [ben-yehuda-rt; 11; 0.00] | חוזר ומברך [ben-yehuda-rt; 249; 0.01] | חוזר ומגיד [ben-yehuda-rt; 173; 0.01] | חוט מקיף [ben-yehuda-rt; 0; 0.00]
מו׳	kabbalah	110	AMBIGUOUS	מוחין [ben-yehuda-rt; 2831; 0.02] | מורי [ben-yehuda-rt; 654; 0.08]
במ״ט	rabbinic	109	AMBIGUOUS	במה טומנין [ben-yehuda-rt; 139; 0.00] | במעשים טובים [ben-yehuda-rt; 77; 0.00] | בר מן ט' [ben-yehuda-rt; 0; 0.00] | (proclitic) במאי טעמא [base; 0; 0.00] | (proclitic) במשנה טכני [base; 0; 0.00] | (proclitic) במכונת טיורינג [base; 0; 0.00] | (proclitic) במאי טעם [base; 0; 0.00] | (proclitic) במגלה טמירין [base; 0; 0.00]
הכ״פ	rabbinic	109	AMBIGUOUS	הכי פירושו [ben-yehuda-rt; 118; 0.00] | הכי פריך [ben-yehuda-rt; 26; 0.00] | הכרת פנים [ben-yehuda-rt; 15; 0.00] | (proclitic) הכך פירש [base; 0; 0.00] | (proclitic) הכמה פעמים [base; 0; 0.00] | (proclitic) הכבד פה [base; 0; 0.00] | (proclitic) הכונות פשוטות [base; 0; 0.00] | (proclitic) הכי פליגי [base; 0; 0.00]
וה״ג	rabbinic	109	REVIEW	ודוי הגדול [ben-yehuda-rt; 2; 0.00] | (proclitic) והכי גרסינן [base; 17; 0.08] | (proclitic) והלכה ג׳ [base; 0; 0.00] | (proclitic) והלכות גדולות [base; 30; 0.08] | (proclitic) והסגת גבול [base; 2; 0.00] | (proclitic) וה׳ גבורות [base; 0; 0.00] | (proclitic) והאי גברא [base; 11; 0.01] | (proclitic) והאי גונא [base; 0; 0.00]
חג״ת	rabbinic	109	REVIEW	חסד גבורה תפארת [ben-yehuda-rt; 79; 0.21]
טו״ב	kabbalah	109	AMBIGUOUS	טובל ושרץ בידו [ben-yehuda-rt; 5; 0.00] | טומאה בלועה [ben-yehuda-rt; 0; 0.00] | טור ברקת [ben-yehuda-rt; 0; 0.00]
יל״ד	kabbalah	108	AMBIGUOUS	יהודה ליב דוקעס [ben-yehuda-rt; 0; 0.00] | ילקוט דוד [ben-yehuda-rt; 2; 0.00] | יראה לעניות דעתי [ben-yehuda-rt; 1; 0.00] | יש לדקדק [ben-yehuda-rt; 952; 0.45] | יש לדרוש [ben-yehuda-rt; 5; 0.02]
מהרא״ש	rabbinic	108	AMBIGUOUS	מורינו הרב ר' אהרן ששון [ben-yehuda-rt; 0; 0.00] | מורינו הרב ר' אלכסנדר שמואל [ben-yehuda-rt; 0; 0.00] | (proclitic) מהרב רבינו אשר [base; 0; 0.00] | (proclitic) מהרב ר' אהרן ששון [base; 0; 0.00]
מי״ב	kabbalah	108	AMBIGUOUS	מיכה יוסף ברדיטשעווסקי [ben-yehuda-rt; 0; 0.00] | מעבר יבק [ben-yehuda-rt; 15; 0.01] | מצות יי ברא [ben-yehuda-rt; 0; 0.00] | (proclitic) מיבש ביבש [base; 0; 0.00] | (proclitic) מיגדל בתורה [base; 0; 0.00] | (proclitic) מיהודה בנימין [base; 0; 0.00] | (proclitic) מיודע בינה [base; 0; 0.00] | (proclitic) מיחוס בשר [base; 0; 0.00]
שכ״ו	rabbinic	108	REVIEW	שאר כסות ועונה [ben-yehuda-rt; 64; 0.00] | (proclitic) שכבדהו וחשדהו [base; 0; 0.00] | (proclitic) שכסות ועונה [base; 0; 0.00] | (proclitic) שכתוב וחתום [base; 0; 0.00]
שע״כ	rabbinic	108	AMBIGUOUS	שם עצם כללי [ben-yehuda-rt; 0; 0.00] | שעשני כרצונו [ben-yehuda-rt; 10; 0.00] | (proclitic) שעד כאן [base; 0; 0.00] | (proclitic) שעד כמה [base; 0; 0.00] | (proclitic) שעל כרחך [base; 0; 0.00] | (proclitic) שעבד כנעני [base; 0; 0.00] | (proclitic) שעבודת ככבים [base; 0; 0.00] | (proclitic) שעד כותי [base; 0; 0.00]
בחו״ב	kabbalah	107	REVIEW	בחורים ובתולות [ben-yehuda-rt; 0; 0.00] | (proclitic) בחריף ובקי [base; 0; 0.00] | (proclitic) בחכמה ובינה [base; 29; 0.04] | (proclitic) בחזק וברוך [base; 0; 0.00] | (proclitic) בחזק ואמץ בתורה [base; 0; 0.00] | (proclitic) בחכמים ובינה [base; 0; 0.00] | (proclitic) בחלב וביצים [base; 0; 0.00] | (proclitic) בחולה ובור [base; 0; 0.00]
חי״ד	rabbinic	107	AMBIGUOUS	חידושי יורה דעה [ben-yehuda-rt; 0; 0.00] | חלק יורה דעה [ben-yehuda-rt; 5; 0.11] | חסרון ידיעה [ben-yehuda-rt; 56; 0.00]
לאו״א	kabbalah	107	AMBIGUOUS	לאביו ואמו [ben-yehuda-rt; 5; 0.04] | לעולם אמן ואמן [ben-yehuda-rt; 106; 0.00] | (proclitic) לאב ואם [base; 4; 0.04] | (proclitic) לאלוהינו ואלוהי אבותינו [base; 0; 0.00] | (proclitic) לאם ורק אם [base; 0; 0.00] | (proclitic) לאב וארם [base; 0; 0.00] | (proclitic) לאבא ואמא [base; 18; 0.12] | (proclitic) לאבן ואבן [base; 0; 0.00]
לד׳	talmud	107	AMBIGUOUS	לדברי [ben-yehuda-rt; 781; 0.00] | לדוגמא [ben-yehuda-rt; 8; 0.00] | לדעת [ben-yehuda-rt; 497; 0.00] | (proclitic) לדא [base; 6; 0.00] | (proclitic) לדבר [base; 1378; 0.01] | (proclitic) לדגש [base; 0; 0.02] | (proclitic) לדין [base; 277; 0.01] | (proclitic) לדלת [base; 10; 0.20]
לי״ט	rabbinic	107	AMBIGUOUS	לאורך ימים טוים [ben-yehuda-rt; 0; 0.00] | לידי טהרה [ben-yehuda-rt; 34; 0.00] | (proclitic) ליום טוב [base; 152; 0.73] | (proclitic) לי' טפחים [base; 0; 0.00] | (proclitic) לימי טהרה [base; 4; 0.00] | (proclitic) ליצר טוב [base; 19; 0.00] | (proclitic) ליש טעם [base; 0; 0.00]
מהרי״ט	rabbinic	107	AMBIGUOUS	מורינו הרב ר' יהודה טיקטין [ben-yehuda-rt; 0; 0.00] | מורינו הרב ר' יוסף טראני [ben-yehuda-rt; 0; 0.00] | מורינו הרב ר' יצחק טייץ [ben-yehuda-rt; 0; 0.00]
שנ״ח	rabbinic	107	AMBIGUOUS	שוא נח [ben-yehuda-rt; 9; 0.00] | שנאת חנם [ben-yehuda-rt; 185; 0.00] | שנו חכמים [ben-yehuda-rt; 104; 0.00] | שנות חיים [ben-yehuda-rt; 44; 0.00] | (proclitic) שנדר חמור [base; 0; 0.00] | (proclitic) שנובלות חכמה [base; 0; 0.00] | (proclitic) שנס חנוכה [base; 0; 0.00] | (proclitic) שנפש חיה [base; 0; 0.00]
שר״ח	rabbinic	107	AMBIGUOUS	שבת ראש חדש [ben-yehuda-rt; 3; 0.02] | של ראש חדש [ben-yehuda-rt; 74; 0.00] | שרה רחל חנה [ben-yehuda-rt; 1; 0.00] | (proclitic) שראש חודש [base; 0; 0.00] | (proclitic) שר׳ חנינא [base; 0; 0.00] | (proclitic) שרב חסדא [base; 0; 0.00] | (proclitic) שראש חדש [base; 0; 0.00] | (proclitic) שראשית חכמה [base; 0; 0.00]
בט״ע	rabbinic	106	AMBIGUOUS	בטביעת עין [ben-yehuda-rt; 38; 0.09] | בטעם עליון [ben-yehuda-rt; 0; 0.00] | (proclitic) בטביעות עין [base; 80; 0.20] | (proclitic) בטהירו עילאה [base; 1; 0.03] | (proclitic) בטוב עלם [base; 0; 0.00] | (proclitic) בטובת עין [base; 4; 0.00] | (proclitic) בטעימת עכו"ם [base; 0; 0.00]
כב״ה	talmud	106	AMBIGUOUS	כבית הלל [ben-yehuda-rt; 87; 0.87] | כבנין הורדוס [ben-yehuda-rt; 0; 0.00] | כולהו בהדי הדדי [ben-yehuda-rt; 17; 0.00] | כותלי בית המדרש [ben-yehuda-rt; 2; 0.00] | כתלי בית הרחם [ben-yehuda-rt; 0; 0.00] | (proclitic) כברוך השם [base; 0; 0.00] | (proclitic) כבעזרת השם [base; 0; 0.00] | (proclitic) כבניין הורדוס [base; 0; 0.00]
פ״י	kabbalah	106	AMBIGUOUS	פורת יוסף [ben-yehuda-rt; 132; 0.00] | פושעי ישראל [ben-yehuda-rt; 134; 0.00] | פחד יצחק [ben-yehuda-rt; 216; 0.00] | פירוש יפה [ben-yehuda-rt; 1; 0.00] | פני יהושע [ben-yehuda-rt; 18; 0.00] | פני יצחק [ben-yehuda-rt; 5; 0.01] | פנים יפות [ben-yehuda-rt; 43; 0.00] | פנת יקרת [ben-yehuda-rt; 7; 0.00]
קמ״ג	kabbalah	106	REVIEW	קריאת מגילה [ben-yehuda-rt; 5; 0.01]
ר״כ	rabbinic	106	AMBIGUOUS	ראשית כל [ben-yehuda-rt; 21; 0.00] | רב כל [ben-yehuda-rt; 225; 0.04] | רבים כן [ben-yehuda-rt; 12; 0.00] | ר' כהנא [ben-yehuda-rt; 0; 0.00] | רוב כשרים [ben-yehuda-rt; 49; 0.00] | רובעל כסף [ben-yehuda-rt; 0; 0.00] | ריש כלה [ben-yehuda-rt; 6; 0.00]
שג׳	kabbalah	106	AMBIGUOUS	שגדלה [ben-yehuda-rt; 11; 0.07] | שגמרה [ben-yehuda-rt; 4; 0.02] | (proclitic) שגדולה [base; 0; 0.00] | (proclitic) שגבורה [base; 0; 0.00] | (proclitic) שגאולה [base; 0; 0.00] | (proclitic) שגלות [base; 0; 0.00] | (proclitic) שגזירה [base; 0; 0.00] | (proclitic) שגאון [base; 0; 0.00]
דו״נ	kabbalah	105	REVIEW	דוכרא ונוקבא [ben-yehuda-rt; 2; 0.00] | (proclitic) דו' נקודות [base; 0; 0.00]
ד״ד	kabbalah	105	AMBIGUOUS	דברי דוד [ben-yehuda-rt; 24; 0.00] | דברי דרוש [ben-yehuda-rt; 0; 0.00] | ד' דברים [ben-yehuda-rt; 0; 0.00] | דינא דגרמי [ben-yehuda-rt; 4; 0.00] | דינא דמלכותא [ben-yehuda-rt; 120; 0.01] | דף ד' [ben-yehuda-rt; 93; 0.84] | דרך דרוש [ben-yehuda-rt; 8; 0.00] | דררא דממונא [ben-yehuda-rt; 0; 0.01]
הפ״א	rabbinic	105	REVIEW	הלכות פרה אדומה [ben-yehuda-rt; 0; 0.00] | (proclitic) הפה אחד [base; 0; 0.00] | (proclitic) הפירוש אחר [base; 0; 0.00] | (proclitic) הפעם אחת [base; 0; 0.00] | (proclitic) הפרא אדם [base; 0; 0.00] | (proclitic) הפרה אדומה [base; 0; 0.00] | (proclitic) הפרוטה אחרונה [base; 0; 0.00] | (proclitic) הפרקי אבות [base; 0; 0.00]
לע״ה	rabbinic	105	REVIEW	לעולם הבא [ben-yehuda-rt; 2168; 0.17] | (proclitic) לעזרת השם [base; 1; 0.00] | (proclitic) לעליו השלום [base; 0; 0.00] | (proclitic) לעם הארץ [base; 159; 0.30] | (proclitic) לעליו הראיה [base; 0; 0.00] | (proclitic) לעבדים היינו [base; 1; 0.00] | (proclitic) לעבודת הבורא [base; 99; 0.00] | (proclitic) לעבודת הלוי [base; 0; 0.00]
ל״כ	rabbinic	105	AMBIGUOUS	לא כי [ben-yehuda-rt; 532; 0.00] | לא כן [ben-yehuda-rt; 2382; 0.09] | לא כתיב [ben-yehuda-rt; 651; 0.01] | ליל כפורים [ben-yehuda-rt; 0; 0.00] | לפי כבודו [ben-yehuda-rt; 204; 0.00] | לשון כללי [ben-yehuda-rt; 1; 0.00]
עד״ש	kabbalah	105	AMBIGUOUS	ערוב דבר שחין [krupnik-1927+ben-yehuda-rt; 0; 0.00] | על דבר שמך [ben-yehuda-rt; 0; 0.00] | על דבר שקר [ben-yehuda-rt; 1; 0.00] | על דרך שאמרו [ben-yehuda-rt; 76; 0.02] | על דרך שלום [ben-yehuda-rt; 0; 0.00]
ר״צ	rabbinic	105	AMBIGUOUS	ר' צבי [ben-yehuda-rt; 0; 0.00] | ר' צדוק [ben-yehuda-rt; 0; 0.00] | ר' צמח [ben-yehuda-rt; 0; 0.00] | רודף צדקה [ben-yehuda-rt; 51; 0.00] | רוח צפונית [ben-yehuda-rt; 88; 0.00]
בי״א	rabbinic	104	AMBIGUOUS	בידי אדם [ben-yehuda-rt; 393; 0.02] | במהרה יבא אלנו [ben-yehuda-rt; 0; 0.00] | בן יכבד אב [ben-yehuda-rt; 21; 0.00] | (proclitic) ביש אומרים [base; 1; 0.00] | (proclitic) בי' אדומים [base; 0; 0.00] | (proclitic) בי' אמות [base; 0; 0.00] | (proclitic) ביד אבשלום [base; 7; 0.00] | (proclitic) ביד אברהם [base; 8; 0.00]
בנא״י	rabbinic	104	AMBIGUOUS	בנוסחת ארץ ישראל [ben-yehuda-rt; 1; 0.06] | ברכי נפשי את יי [ben-yehuda-rt; 10; 0.00] | (proclitic) בנוסח ארץ ישראל [base; 0; 0.00] | (proclitic) בנוסח ארץ ישאל [base; 0; 0.00]
ומ״ד	kabbalah	104	REVIEW	ומאן דאמר [ben-yehuda-rt; 39; 0.18] | (proclitic) ומאי דכתיב [base; 5; 0.00] | (proclitic) ומהו דתימא [base; 0; 0.02] | (proclitic) ומאי דעתך [base; 1; 0.00] | (proclitic) ומאמר ד' [base; 0; 0.00] | (proclitic) ומאן דא [base; 0; 0.00] | (proclitic) ומאן דתני [base; 0; 0.00] | (proclitic) ומגדל דוד [base; 0; 0.00]
חו״נ	rabbinic	104	AMBIGUOUS	חובת נשים [ben-yehuda-rt; 2; 0.02] | חוזר ונראה [ben-yehuda-rt; 14; 0.51] | חוזר ונעור [ben-yehuda-rt; 18; 0.29] | חזק ונתחזק [ben-yehuda-rt; 15; 0.00] | חכם ונבון [ben-yehuda-rt; 93; 0.01] | חוטא נשכר [ben-yehuda-rt; 72; 0.00] | חלק ונחלה [ben-yehuda-rt; 121; 0.00]
תשב״כ	kabbalah	104	REVIEW	תורה שבכתב [ben-yehuda-rt; 905; 0.15]
אהו״ה	kabbalah	103	AMBIGUOUS	אחת הנה ואחת הנה [ben-yehuda-rt; 2; 0.00] | את השמים ואת הארץ [ben-yehuda-rt; 300; 0.01]
בי״ה	kabbalah	103	AMBIGUOUS	ביום ההוא [ben-yehuda-rt; 947; 0.01] | בית הלל [ben-yehuda-rt; 27; 0.00] | (proclitic) ביום הכפורים [base; 168; 0.11] | (proclitic) ביום הדין [base; 19; 0.03] | (proclitic) ביד החזקה [base; 3; 0.00] | (proclitic) ביחי המלך [base; 0; 0.00] | (proclitic) ביין המשומר [base; 0; 0.00] | (proclitic) בינאי המלך [base; 0; 0.01]
וכה״א	rabbinic	103	REVIEW	וכן הוא אומר [ben-yehuda-rt; 2443; 0.26] | (proclitic) וכל האומר [base; 34; 0.06] | (proclitic) וכל האוסרין [base; 0; 0.00] | (proclitic) וכל הארץ [base; 53; 0.01]
מ״צ	rabbinic	103	AMBIGUOUS	משטרה צבאית [he-wiktionary; 0; 0.00] | מעלות צלזיוס [he-wiktionary; 0; 0.00] | מאזני צדק [ben-yehuda-rt; 42; 0.00] | מאורעות צבי [ben-yehuda-rt; 0; 0.00] | מוכה צרעת [ben-yehuda-rt; 0; 0.00] | מורה צדק [ben-yehuda-rt; 154; 0.03] | מזל צומח [ben-yehuda-rt; 0; 0.00] | מזרחית צפונית [ben-yehuda-rt; 95; 0.00]
רע״מ	kabbalah	103	AMBIGUOUS	רעיא מהימנא [ben-yehuda-rt; 747; 0.02] | ר' עובדיה מברטנורא [ben-yehuda-rt; 0; 0.00] | ר' עזריה מפאנו [ben-yehuda-rt; 0; 0.00]
הרב״י	rabbinic	102	REVIEW	הרב בית יוסף [ben-yehuda-rt; 11; 0.03] | (proclitic) הראש בני ישראל [base; 0; 0.00] | (proclitic) הראשי בני ישראל [base; 0; 0.00]
הרמ״ז	rabbinic	102	AMBIGUOUS	הרב רבינו משה זכות [ben-yehuda-rt; 0; 0.00] | הרני מזמן [ben-yehuda-rt; 0; 0.00] | (proclitic) הרבי משה זכות [base; 0; 0.00] | (proclitic) הר׳ משה זיידל [base; 0; 0.00] | (proclitic) הר' מרדכי זאב [base; 0; 0.00] | (proclitic) הר' משה זאב [base; 0; 0.00] | (proclitic) הר' משה זכות [base; 0; 0.00]
ובה״א	rabbinic	102	REVIEW	ובית הלל אומרים [ben-yehuda-rt; 397; 0.39] | (proclitic) ובהעלם אחד [base; 2; 0.00]
מהרשד״מ	rabbinic	102	REVIEW	מורינו הרב ר' שלמה די מודינא [ben-yehuda-rt; 0; 0.00]
רצ״ו	rabbinic	102	REVIEW	רודף צדקה וחסד [ben-yehuda-rt; 41; 0.00]
ת״מ	rabbinic	102	AMBIGUOUS	תאכל מצות [ben-yehuda-rt; 71; 0.00] | תבורך מנשים [ben-yehuda-rt; 7; 0.00] | תביעת ממון [ben-yehuda-rt; 57; 0.01] | תוכחת מגולה [ben-yehuda-rt; 84; 0.00] | תוכחת מוסר [ben-yehuda-rt; 149; 0.01] | תורת משה [ben-yehuda-rt; 306; 0.00] | תזריע מצורע [ben-yehuda-rt; 0; 0.00] | תחת ממשלת [ben-yehuda-rt; 66; 0.00]
אבגית״צ	kabbalah	101	REVIEW	אנא בכח גדולת ימינך תתיר צרורה [ben-yehuda-rt; 6; 0.07]
במ״ט	kabbalah	101	AMBIGUOUS	במה טומנין [ben-yehuda-rt; 0; 0.00] | במעשים טובים [ben-yehuda-rt; 43; 0.00] | בר מן ט' [ben-yehuda-rt; 1; 0.00] | (proclitic) במאי טעמא [base; 0; 0.00] | (proclitic) במשנה טכני [base; 0; 0.00] | (proclitic) במכונת טיורינג [base; 0; 0.00] | (proclitic) במאי טעם [base; 0; 0.00] | (proclitic) במגלה טמירין [base; 0; 0.00]
בק׳	rabbinic	101	AMBIGUOUS	בקיצור [ben-yehuda-rt; 454; 0.02] | בקרא [ben-yehuda-rt; 600; 0.01] | בקריא [ben-yehuda-rt; 0; 0.00] | (proclitic) בקב [base; 104; 0.00] | (proclitic) בקבלה [base; 457; 0.02] | (proclitic) בקבר [base; 470; 0.01] | (proclitic) בקדוש [base; 166; 0.01] | (proclitic) בקדיש [base; 222; 0.00]
וב״ה	kabbalah	101	AMBIGUOUS	ובית הלל [ben-yehuda-rt; 58; 0.76] | ויהי בנסוע הארון [ben-yehuda-rt; 52; 0.00] | (proclitic) וברוך השם [base; 1; 0.00] | (proclitic) ובעזרת השם [base; 14; 0.00] | (proclitic) ובניין הורדוס [base; 0; 0.00] | (proclitic) ובעולם הבא [base; 47; 0.00] | (proclitic) וברוך הבא [base; 1; 0.00] | (proclitic) ובאור המלה [base; 0; 0.00]
שמ״מ	kabbalah	101	REVIEW	שמע מינה [ben-yehuda-rt; 155; 0.01] | (proclitic) שמכל מקום [base; 0; 0.00] | (proclitic) שממלא מקום [base; 0; 0.00] | (proclitic) שמקרא מגילה [base; 0; 0.00] | (proclitic) שמראה מקום [base; 0; 0.00] | (proclitic) שמגיד משנה [base; 0; 0.00] | (proclitic) שמאי משמע [base; 0; 0.00] | (proclitic) שמאזני משקל [base; 0; 0.00]
בחו״מ	rabbinic	100	REVIEW	בני חיי ומזוני [ben-yehuda-rt; 43; 0.00] | (proclitic) בחושן משפט [base; 55; 0.94] | (proclitic) בחומה ומגדל [base; 0; 0.00] | (proclitic) בחוץ מזה [base; 0; 0.00] | (proclitic) בחובל ומזיק [base; 1; 0.00] | (proclitic) בחובת מנא [base; 0; 0.00] | (proclitic) בחוזר ומברך [base; 0; 0.00] | (proclitic) בחוזר ומגיד [base; 0; 0.00]
בסה״ק	kabbalah	100	REVIEW	בספרים הקדושים [ben-yehuda-rt; 109; 0.19] | (proclitic) בספר הקודש [base; 0; 0.00] | (proclitic) בסדר הקריאה [base; 0; 0.00] | (proclitic) בספר הקנה [base; 17; 0.07] | (proclitic) בספרי הקבלה [base; 8; 0.04] | (proclitic) בספרי הקדש [base; 0; 0.00]
בע׳	kabbalah	100	AMBIGUOUS	בעולם [krupnik-1927+ben-yehuda-rt; 7872; 0.00] | בעונשין [krupnik-1927; 3; 0.01] | בעדים [ben-yehuda-rt; 5; 0.00] | בעונש [ben-yehuda-rt; 51; 0.08] | בעל [ben-yehuda-rt; 2130; 0.03] | בענין [ben-yehuda-rt; 5190; 0.01] | (proclitic) בעבירה [base; 174; 0.00] | (proclitic) בעד [base; 433; 0.01]
הגה״ט	rabbinic	100	REVIEW	הגהות טור [ben-yehuda-rt; 0; 0.00]
הג״ה	kabbalah	100	AMBIGUOUS	הגהות המחבר [ben-yehuda-rt; 0; 0.00] | הגהות הכותב [ben-yehuda-rt; 0; 0.00] | (proclitic) הגיד הנשה [base; 0; 0.00] | (proclitic) הגופי הלכות [base; 0; 0.00] | (proclitic) הגדול הדור [base; 0; 0.00] | (proclitic) הגזירת הכתוב [base; 0; 0.00] | (proclitic) הגזירת המלך [base; 0; 0.00] | (proclitic) הגבורת השם [base; 0; 0.00]
המ״ד	kabbalah	100	REVIEW	המיר דתו [ben-yehuda-rt; 1; 0.00] | (proclitic) המאי דכתיב [base; 0; 0.00] | (proclitic) המאן דאמר [base; 0; 0.00] | (proclitic) המהו דתימא [base; 0; 0.00] | (proclitic) המאי דעתך [base; 0; 0.00] | (proclitic) המאמר ד' [base; 0; 0.00] | (proclitic) המאן דא [base; 0; 0.00] | (proclitic) המאן דתני [base; 0; 0.00]
וא״ז	rabbinic	100	AMBIGUOUS	ואחד זה [ben-yehuda-rt; 85; 0.00] | ואחר זה [ben-yehuda-rt; 111; 0.06] | (proclitic) ואין זה [base; 1662; 0.01] | (proclitic) ואת זה [base; 35; 0.03] | (proclitic) ואדוני זקני [base; 0; 0.00] | (proclitic) ואדרא זוטא [base; 4; 0.00] | (proclitic) ואבי זקני [base; 0; 0.00] | (proclitic) ואבני זכרון [base; 0; 0.00]
וז״א	rabbinic	100	AMBIGUOUS	וזאת אומרת [ben-yehuda-rt; 22; 0.00] | וזה אינו [ben-yehuda-rt; 700; 0.04] | וזה אמרו [ben-yehuda-rt; 43; 0.00] | (proclitic) וז' אותיות [base; 0; 0.00] | (proclitic) וזה אומר [base; 405; 0.02] | (proclitic) וזוג אחד [base; 1; 0.00] | (proclitic) וזכות אבות [base; 10; 0.00] | (proclitic) וזכרון אברהם [base; 0; 0.00]
מי״ח	rabbinic	100	REVIEW	מעשה ידי חרש [ben-yehuda-rt; 3; 0.00] | (proclitic) מידי חובתו [base; 1; 0.00] | (proclitic) מיודעי חן [base; 0; 0.00] | (proclitic) מיאי חולקיה [base; 0; 0.00] | (proclitic) מיד חזקה [base; 1; 0.00] | (proclitic) מידיעת חשבון [base; 0; 0.00] | (proclitic) מיום חול [base; 1; 0.00] | (proclitic) מיוצאי חלציו [base; 14; 0.01]
נהי״מ	kabbalah	100	REVIEW	נצח הוד יסוד מלכות [ben-yehuda-rt; 19; 0.05]
ניה״ק	kabbalah	100	AMBIGUOUS	נר יין  הבדלה  קדוש [ben-yehuda-rt; 0; 0.00] | נשיקות ידיו הקדושות [ben-yehuda-rt; 0; 0.00]
שה״ג	rabbinic	100	AMBIGUOUS	שבת הגדול [ben-yehuda-rt; 167; 0.00] | שהזמן גרמא [ben-yehuda-rt; 199; 0.00] | שלטי הגבורים [ben-yehuda-rt; 44; 0.10] | שלמות הגוף [ben-yehuda-rt; 7; 0.00] | שם הגדולים [ben-yehuda-rt; 7; 0.00] | שם הגוף [ben-yehuda-rt; 0; 0.00] | שעבוד הגוף [ben-yehuda-rt; 6; 0.00] | (proclitic) שהכי גרסינן [base; 0; 0.00]
שכ״ב	rabbinic	100	REVIEW	שכתו בתורה [ben-yehuda-rt; 0; 0.00] | (proclitic) שכהני במות [base; 0; 0.00] | (proclitic) שכוס ב' [base; 0; 0.00] | (proclitic) שכופר בכל [base; 0; 0.00] | (proclitic) שכיצד בוצרין [base; 0; 0.00] | (proclitic) שכל בו [base; 0; 0.00] | (proclitic) שכלי ברזל [base; 0; 0.00] | (proclitic) שכתר בינה [base; 0; 0.00]
בה״ל	rabbinic	99	AMBIGUOUS	בהאי לישנא [ben-yehuda-rt; 33; 0.00] | בהרת לבנה [ben-yehuda-rt; 25; 0.00] | בזה הלשון [ben-yehuda-rt; 325; 0.00] | ביאור הלכה [ben-yehuda-rt; 19; 0.97] | בלע המות לנצח [ben-yehuda-rt; 61; 0.00] | בעל הלכה [ben-yehuda-rt; 1; 0.00] | ברכת הלבנה [ben-yehuda-rt; 71; 0.00] | ברכת הלוים [ben-yehuda-rt; 0; 0.00]
הי״א	kabbalah	99	AMBIGUOUS	היש אומרים [ben-yehuda-rt; 3; 0.76] | השם ישמרהו אמן [ben-yehuda-rt; 0; 0.00] | (proclitic) הי' אדומים [base; 0; 0.00] | (proclitic) הי' אמות [base; 0; 0.00] | (proclitic) היד אבשלום [base; 0; 0.00] | (proclitic) היד אברהם [base; 0; 0.00] | (proclitic) היד אהרן [base; 0; 0.00] | (proclitic) היד אליהו [base; 0; 0.00]
הנ״מ	rabbinic	99	AMBIGUOUS	הני מילי [jastrow-1903; 699; 0.42] | הכי נמי מסתברא [ben-yehuda-rt; 14; 0.05] | הנפקא מינה [ben-yehuda-rt; 1; 0.21] | (proclitic) הנגד מטוסים [base; 0; 0.00] | (proclitic) הנפקא מינא [base; 0; 0.00] | (proclitic) הנביא מהימנא [base; 0; 0.00] | (proclitic) הנזקי ממון [base; 0; 0.00] | (proclitic) הנכסי מלוג [base; 0; 0.00]
ה״ח	rabbinic	99	AMBIGUOUS	ה' חדים [ben-yehuda-rt; 0; 0.00] | ה' חסרים [ben-yehuda-rt; 0; 0.00] | הטבת חלום [ben-yehuda-rt; 9; 0.00] | הכל חייבין [ben-yehuda-rt; 47; 0.00] | הלכה ח' [ben-yehuda-rt; 71; 0.00] | הלכות חגיגה [ben-yehuda-rt; 3; 0.00] | הלכות חליצה [ben-yehuda-rt; 5; 0.01]
וא״ה	rabbinic	99	REVIEW	ואלו הן [ben-yehuda-rt; 1293; 0.02] | (proclitic) ואי הכי [base; 23; 0.09] | (proclitic) ואפילו הכי [base; 521; 0.36] | (proclitic) ואומות העולם [base; 59; 0.03] | (proclitic) ואוצר הברכות [base; 0; 0.00] | (proclitic) ואבן העזר [base; 4; 0.04] | (proclitic) ואומה העולם [base; 0; 0.00] | (proclitic) ואב הטומאה [base; 0; 0.00]
ול״ק	rabbinic	99	REVIEW	ולא קרירא [ben-yehuda-rt; 2; 0.00] | (proclitic) ולא קאמר [base; 239; 0.00] | (proclitic) ולא קני [base; 18; 0.01] | (proclitic) ולא קשיא [base; 150; 0.73] | (proclitic) ולימא קרא [base; 0; 0.00] | (proclitic) ולישנא קמא [base; 4; 0.00] | (proclitic) ולא קנסיגן [base; 0; 0.00] | (proclitic) ולא קרינן [base; 41; 0.00]
ער״ב	rabbinic	99	REVIEW	ערל בשר [ben-yehuda-rt; 3; 0.00]
רפ״א	rabbinic	99	REVIEW	ריש פרק א' [ben-yehuda-rt; 0; 0.04]
שב״ת	kabbalah	99	AMBIGUOUS	שבת ברית תפלין [ben-yehuda-rt; 0; 0.00] | שבת בשבת תגמור [ben-yehuda-rt; 0; 0.00] | שבת תתאה [ben-yehuda-rt; 82; 0.08] | שינה בשבת תענוג [ben-yehuda-rt; 3; 0.00] | שכרו ביומו תתן [ben-yehuda-rt; 0; 0.00] | שליש בתורה [ben-yehuda-rt; 0; 0.00] | שמואל בראשית תהלים [ben-yehuda-rt; 0; 0.00] | (proclitic) שבעל תשובה [base; 0; 0.00]
תכ״ב	rabbinic	99	REVIEW	תוכו כברו [ben-yehuda-rt; 77; 0.00]
בי״ב	kabbalah	98	REVIEW	בחכמה יבנה בית [ben-yehuda-rt; 87; 0.00] | (proclitic) ביבש ביבש [base; 0; 0.00] | (proclitic) ביגדל בתורה [base; 0; 0.00] | (proclitic) ביהודה בנימין [base; 0; 0.00] | (proclitic) ביודע בינה [base; 0; 0.00] | (proclitic) ביחוס בשר [base; 0; 0.00] | (proclitic) ביליד בית [base; 0; 0.00] | (proclitic) בימי בראשית [base; 11; 0.00]
בכ״ה	kabbalah	98	AMBIGUOUS	בכורי העתים [ben-yehuda-rt; 0; 0.00] | בכל הסדורים [ben-yehuda-rt; 0; 0.00] | בכל השנה [ben-yehuda-rt; 155; 0.00] | בכתבי הקודש [ben-yehuda-rt; 5; 0.00] | בן כבוד הרב [ben-yehuda-rt; 1; 0.00] | (proclitic) בכבוד הבריות [base; 0; 0.00] | (proclitic) בכד הקמח [base; 2; 0.00] | (proclitic) בכהן הדיוט [base; 0; 0.00]
הג״מ	rabbinic	98	AMBIGUOUS	הגאון מורינו [ben-yehuda-rt; 3; 0.11] | הגביר מורינו [ben-yehuda-rt; 0; 0.00] | הגהות מיימוני [ben-yehuda-rt; 35; 0.24] | הגהות מרדכי [ben-yehuda-rt; 173; 0.24] | (proclitic) הגובה מעות [base; 0; 0.00] | (proclitic) הגובה מדינה [base; 0; 0.00] | (proclitic) הגזרה מורכבת [base; 0; 0.00] | (proclitic) הגזרת מלכות [base; 0; 0.00]
רע״ה	kabbalah	98	AMBIGUOUS	ראשון עשה הוא [ben-yehuda-rt; 0; 0.00] | רבה עוקר הרים [ben-yehuda-rt; 2; 0.00] | רבינו עליו השלום [ben-yehuda-rt; 348; 0.97] | רוב עמי הארץ [ben-yehuda-rt; 0; 0.00]
בב״י	kabbalah	97	AMBIGUOUS	בבית יוסף [ben-yehuda-rt; 13; 0.60] | בבכורו ייסדנה [ben-yehuda-rt; 1; 0.00] | בבל ימצא [ben-yehuda-rt; 0; 0.06] | בבל יראה [ben-yehuda-rt; 10; 0.05] | במהרה בימינו [ben-yehuda-rt; 424; 0.03] | בתולת בת יהודה [ben-yehuda-rt; 0; 0.01] | (proclitic) בבן ישראל [base; 1; 0.00] | (proclitic) בבני ישראל [base; 73; 0.00]
בט׳	kabbalah	97	AMBIGUOUS	בטל [ben-yehuda-rt; 875; 0.00] | בטעות [ben-yehuda-rt; 77; 0.00] | בטעם [ben-yehuda-rt; 142; 0.00] | בטענה [ben-yehuda-rt; 68; 0.00] | (proclitic) בטבילה [base; 17; 0.01] | (proclitic) בטהור [base; 13; 0.01] | (proclitic) בטוב [base; 698; 0.00] | (proclitic) בטית [base; 0; 0.00]
וא״י	kabbalah	97	AMBIGUOUS	ואורך ימים [ben-yehuda-rt; 8; 0.00] | ואינו ידוע [ben-yehuda-rt; 4; 0.02] | ואינו יהודי [ben-yehuda-rt; 1; 0.08] | ואינו יודע [ben-yehuda-rt; 106; 0.12] | ואינו יכול [ben-yehuda-rt; 173; 0.42] | ואל יעבור [ben-yehuda-rt; 33; 0.08] | ואם ירדו [ben-yehuda-rt; 1; 0.00] | ואם יש [ben-yehuda-rt; 66; 0.00]
ז״ה	rabbinic	97	AMBIGUOUS	זה האות [ben-yehuda-rt; 26; 0.01] | זה האיש [ben-yehuda-rt; 248; 0.06] | זה הדבר [ben-yehuda-rt; 581; 0.08] | זה הדין [ben-yehuda-rt; 220; 0.01] | זה הדרך [ben-yehuda-rt; 800; 0.00] | זה הוא [ben-yehuda-rt; 3582; 0.08] | זהר הקדוש [ben-yehuda-rt; 4; 0.00] | זוכר הבית [ben-yehuda-rt; 0; 0.00]
לי״ג	rabbinic	97	AMBIGUOUS	לא יגאל [ben-yehuda-rt; 108; 0.00] | לא יגלה [ben-yehuda-rt; 52; 0.00] | לא יגלח [ben-yehuda-rt; 70; 0.00] | (proclitic) ליש גורסין [base; 0; 0.00] | (proclitic) ליין גפן [base; 0; 0.00] | (proclitic) לי' גדולים [base; 0; 0.00]
רל״ב	kabbalah	97	AMBIGUOUS	ראויה לבילה [ben-yehuda-rt; 0; 0.00] | רחמנא לבא בעי [ben-yehuda-rt; 39; 0.00]
ש״נ	rabbinic	97	AMBIGUOUS	שבת נחמו [ben-yehuda-rt; 14; 0.00] | שדה נפתלי [ben-yehuda-rt; 0; 0.00] | שוא נח [ben-yehuda-rt; 9; 0.00] | שוא נע [ben-yehuda-rt; 4; 0.00] | שטנא נצח [ben-yehuda-rt; 3; 0.12] | שיחיה נצח [ben-yehuda-rt; 0; 0.00] | שלמי נדבה [ben-yehuda-rt; 8; 0.00] | שמא נשרו [ben-yehuda-rt; 84; 0.00]
תר״י	rabbinic	97	AMBIGUOUS	תוספת ר"י [ben-yehuda-rt; 0; 0.00] | תלמידי ר' יונה [ben-yehuda-rt; 1; 0.00] | תרגום יונתן [ben-yehuda-rt; 68; 0.03] | תרגום ירושלמי [ben-yehuda-rt; 41; 0.00] | תשובת ר' יוסף [ben-yehuda-rt; 0; 0.00]
ד״ש	rabbinic	96	AMBIGUOUS	דיני שמים [he-wiktionary+ben-yehuda-rt; 3; 0.00] | דוד שמש [he-wiktionary; 1; 0.00] | דרישת שלום [he-wiktionary+ben-yehuda-rt; 5; 0.00] | דברי שלום [ben-yehuda-rt; 69; 0.02] | דברי שמואל [ben-yehuda-rt; 60; 0.00] | דבר שמואל [ben-yehuda-rt; 63; 0.00] | דבר שבקדושה [ben-yehuda-rt; 295; 0.00] | דוחה שבת [ben-yehuda-rt; 282; 0.00]
וי״ח	rabbinic	96	REVIEW	ויש חולקין [ben-yehuda-rt; 429; 0.20] | (proclitic) וידי חובתו [base; 3; 0.00] | (proclitic) ויודעי חן [base; 0; 0.00] | (proclitic) ויאי חולקיה [base; 0; 0.00] | (proclitic) ויד חזקה [base; 6; 0.00] | (proclitic) וידיעת חשבון [base; 0; 0.00] | (proclitic) ויום חול [base; 1; 0.00] | (proclitic) ויוצאי חלציו [base; 3; 0.00]
שע״ד	rabbinic	96	AMBIGUOUS	שעבודא דאורייתא [ben-yehuda-rt; 14; 0.00] | שערי דורא [ben-yehuda-rt; 43; 0.01] | שערי דמעה [ben-yehuda-rt; 25; 0.00] | שערי דעה [ben-yehuda-rt; 7; 0.01] | (proclitic) שעדת דבורים [base; 0; 0.00] | (proclitic) שעוברי דרך [base; 0; 0.00] | (proclitic) שעוקר דירתו [base; 0; 0.00] | (proclitic) שעיר דוד [base; 0; 0.00]
אצ״ל	rabbinic	95	AMBIGUOUS	אברהם צבי לוי [ben-yehuda-rt; 0; 0.00] | אברהם צבי לברך [ben-yehuda-rt; 0; 0.00] | אברהם צבי לגופו [ben-yehuda-rt; 0; 0.00] | אברהם צבי להדליק [ben-yehuda-rt; 0; 0.00] | אברהם צבי להוסיף [ben-yehuda-rt; 0; 0.00] | אברהם צבי להפוך [ben-yehuda-rt; 0; 0.00] | אברהם צבי להתענות [ben-yehuda-rt; 0; 0.00] | אברהם צבי לומר [ben-yehuda-rt; 0; 0.00]
המ״מ	kabbalah	95	AMBIGUOUS	המגיד משרים [ben-yehuda-rt; 4; 0.07] | המגיד משנה [ben-yehuda-rt; 4; 0.53] | המוציא מחברו [ben-yehuda-rt; 0; 0.00] | (proclitic) המכל מקום [base; 0; 0.00] | (proclitic) הממלא מקום [base; 0; 0.00] | (proclitic) המקרא מגילה [base; 0; 0.00] | (proclitic) המראה מקום [base; 0; 0.00] | (proclitic) המאי משמע [base; 0; 0.00]
כג׳	rabbinic	95	AMBIGUOUS	כגון [ben-yehuda-rt; 22901; 0.01] | כגונא [ben-yehuda-rt; 12; 0.00] | כגירסת [ben-yehuda-rt; 147; 0.01] | (proclitic) כגדולה [base; 22; 0.02] | (proclitic) כגבורה [base; 0; 0.00] | (proclitic) כגאולה [base; 26; 0.00] | (proclitic) כגלות [base; 5; 0.00] | (proclitic) כגזירה [base; 2; 0.03]
מג״ע	kabbalah	95	AMBIGUOUS	מגדל עוז [ben-yehuda-rt; 23; 0.03] | מגלה עמוקות [ben-yehuda-rt; 30; 0.07] | מגלה עפה [ben-yehuda-rt; 2; 0.00] | מגלה עריות [ben-yehuda-rt; 1; 0.00] | מנוחתו גן עדן [ben-yehuda-rt; 0; 0.00] | (proclitic) מגן עדן [base; 62; 0.39] | (proclitic) מגלוי עריות [base; 1; 0.00] | (proclitic) מגוזרין עליו [base; 0; 0.00]
מל״ח	rabbinic	95	AMBIGUOUS	מותרת לדבר חמור [ben-yehuda-rt; 0; 0.00] | מיעוטא לחזקא [ben-yehuda-rt; 0; 0.00] | מלכא לעלמא חיי [ben-yehuda-rt; 0; 0.00] | (proclitic) מלא חזי [base; 0; 0.00] | (proclitic) מלא חיישינן [base; 0; 0.00] | (proclitic) מלא חכים [base; 0; 0.00] | (proclitic) מלא חפץ [base; 0; 0.00] | (proclitic) מלא חשוב [base; 0; 0.00]
שא״י	rabbinic	95	AMBIGUOUS	שאינו ידוע [ben-yehuda-rt; 95; 0.05] | שאינו יודע [ben-yehuda-rt; 1167; 0.25] | שאינו יוצא [ben-yehuda-rt; 190; 0.05] | שאינו יכול [ben-yehuda-rt; 2018; 0.33] | שארית יוסף [ben-yehuda-rt; 45; 0.00] | שארית ישראל [ben-yehuda-rt; 77; 0.00] | שלומי אמוני ישראל [ben-yehuda-rt; 50; 0.00] | שער אהבת יי [ben-yehuda-rt; 0; 0.00]
תשוב״ה	rabbinic	95	REVIEW	תענית שק ואפר בכיה הספד [ben-yehuda-rt; 5; 0.01]
הגאב״ד	rabbinic	94	REVIEW	הגאון אב בית דין [ben-yehuda-rt; 0; 0.00]
ז״ה	kabbalah	94	AMBIGUOUS	זה האות [ben-yehuda-rt; 19; 0.01] | זה האיש [ben-yehuda-rt; 95; 0.06] | זה הדבר [ben-yehuda-rt; 320; 0.08] | זה הדין [ben-yehuda-rt; 16; 0.01] | זה הדרך [ben-yehuda-rt; 141; 0.00] | זה הוא [ben-yehuda-rt; 2223; 0.08] | זהר הקדוש [ben-yehuda-rt; 2; 0.00] | זוכר הבית [ben-yehuda-rt; 0; 0.00]
ז״ח	kabbalah	94	AMBIGUOUS	זאת חנוכה [ben-yehuda-rt; 23; 0.00] | זהר חדש [ben-yehuda-rt; 32; 0.19] | זהרי חמה [ben-yehuda-rt; 2; 0.01] | ז' חדשים [ben-yehuda-rt; 0; 0.00] | ז' חסרים [ben-yehuda-rt; 0; 0.00] | זכאה חולקיה [ben-yehuda-rt; 166; 0.00] | זמנא חדא [ben-yehuda-rt; 73; 0.00] | זמן חרותנו [ben-yehuda-rt; 6; 0.00]
כי״א	rabbinic	94	AMBIGUOUS	כה יעשה אלהים [ben-yehuda-rt; 8; 0.00] | כל ישראל אחים [ben-yehuda-rt; 0; 0.00] | (proclitic) כיש אומרים [base; 23; 0.50] | (proclitic) כי' אדומים [base; 0; 0.00] | (proclitic) כי' אמות [base; 0; 0.00] | (proclitic) כיד אבשלום [base; 0; 0.00] | (proclitic) כיד אברהם [base; 0; 0.00] | (proclitic) כיד אהרן [base; 1; 0.00]
לכה״ג	rabbinic	94	REVIEW	לכהן הגדול [ben-yehuda-rt; 3; 0.26] | (proclitic) לכהאי גוונא [base; 0; 0.00] | (proclitic) לכהן גדול [base; 260; 0.87] | (proclitic) לכנסת הגדולה [base; 1; 0.00] | (proclitic) לכי האי גוון [base; 0; 0.00] | (proclitic) לכהאי גונא [base; 0; 0.00] | (proclitic) לכל הגוים [base; 15; 0.00] | (proclitic) לכל הגט [base; 0; 0.00]
שבהמ״ק	kabbalah	94	REVIEW	שבית המקדש קיים [ben-yehuda-rt; 43; 0.74] | (proclitic) שבית המקדש [base; 87; 0.98] | (proclitic) שבהמה המקשה [base; 0; 0.00] | (proclitic) שברוך המקום [base; 0; 0.00]
שג׳	rabbinic	94	AMBIGUOUS	שגדלה [ben-yehuda-rt; 195; 0.07] | שגמרה [ben-yehuda-rt; 16; 0.02] | (proclitic) שגדולה [base; 0; 0.00] | (proclitic) שגבורה [base; 0; 0.00] | (proclitic) שגאולה [base; 0; 0.00] | (proclitic) שגלות [base; 0; 0.00] | (proclitic) שגזירה [base; 0; 0.00] | (proclitic) שגאון [base; 0; 0.00]
שליט״א	rabbinic	94	AMBIGUOUS	שיחיה לאורך ימים טובים אמן [he-wiktionary+ben-yehuda-rt; 0; 0.00] | שיזכה לחיים יותר טובים אמן [he-wiktionary; 0; 0.00] | (proclitic) שלאורך ימים טובים אמן [base; 0; 0.00]
שנ״ה	rabbinic	94	REVIEW	שבע נתיבות התורה [ben-yehuda-rt; 0; 0.00] | (proclitic) שנביאים הקדושים [base; 0; 0.00] | (proclitic) שנברא העולם [base; 246; 0.00] | (proclitic) שנגמר הדין [base; 0; 0.00] | (proclitic) שנוחה הימנו [base; 0; 0.00] | (proclitic) שנוסחא הישנה [base; 0; 0.00] | (proclitic) שנוסחא האמבורג [base; 0; 0.00] | (proclitic) שנחש הקדמוני [base; 0; 0.00]
ור״ח	kabbalah	93	REVIEW	ורב חסד [ben-yehuda-rt; 176; 0.00] | (proclitic) וראש חודש [base; 12; 0.32] | (proclitic) ור׳ חנינא [base; 0; 0.00] | (proclitic) ורב חסדא [base; 6; 0.07] | (proclitic) וראש חדש [base; 9; 0.43] | (proclitic) וראשית חכמה [base; 5; 0.01] | (proclitic) ור' חביבא [base; 0; 0.00] | (proclitic) ור' חייא [base; 0; 0.00]
לב״נ	rabbinic	93	AMBIGUOUS	לבן נח [ben-yehuda-rt; 42; 0.06] | לב' נתיבות [ben-yehuda-rt; 0; 0.00] | לבר נש [ben-yehuda-rt; 148; 0.27] | (proclitic) לבאור נכון [base; 0; 0.00] | (proclitic) לבגליון נכתב [base; 0; 0.00] | (proclitic) לבועל נדה [base; 1; 0.00] | (proclitic) לבורא נפשות [base; 1; 0.00] | (proclitic) לבישול נכרי [base; 0; 0.00]
מש״ס	rabbinic	93	AMBIGUOUS	מאי שנא סיפא [ben-yehuda-rt; 1; 0.00] | משום סכנה [ben-yehuda-rt; 98; 0.02] | (proclitic) משתא סדרי [base; 0; 0.00] | (proclitic) משישה סדרים [base; 0; 0.00] | (proclitic) משושן סודות [base; 0; 0.00] | (proclitic) משטה סתומה [base; 0; 0.00] | (proclitic) משכר סופרים [base; 1; 0.00] | (proclitic) משל סוכות [base; 0; 0.00]
ד״י	rabbinic	92	AMBIGUOUS	דברי יוסף [ben-yehuda-rt; 63; 0.01] | דברים ישרים [ben-yehuda-rt; 3; 0.00] | ד' ימים [ben-yehuda-rt; 0; 0.00] | דין יורשים [ben-yehuda-rt; 0; 0.00] | דיני ישראל [ben-yehuda-rt; 47; 0.00] | ד' יסודות [ben-yehuda-rt; 0; 0.00] | דן ידין [ben-yehuda-rt; 39; 0.00] | דפוס ישן [ben-yehuda-rt; 17; 0.11]
וא״י	rabbinic	92	AMBIGUOUS	ואורך ימים [ben-yehuda-rt; 16; 0.00] | ואינו ידוע [ben-yehuda-rt; 59; 0.02] | ואינו יהודי [ben-yehuda-rt; 7; 0.08] | ואינו יודע [ben-yehuda-rt; 733; 0.12] | ואינו יכול [ben-yehuda-rt; 1191; 0.42] | ואל יעבור [ben-yehuda-rt; 149; 0.08] | ואם ירדו [ben-yehuda-rt; 14; 0.00] | ואם יש [ben-yehuda-rt; 2499; 0.00]
לי״ג	kabbalah	92	AMBIGUOUS	לא יגאל [ben-yehuda-rt; 2; 0.00] | לא יגלה [ben-yehuda-rt; 2; 0.00] | לא יגלח [ben-yehuda-rt; 1; 0.00] | (proclitic) ליש גורסין [base; 0; 0.00] | (proclitic) ליין גפן [base; 0; 0.00] | (proclitic) לי' גדולים [base; 0; 0.00]
נמ״י	rabbinic	92	REVIEW	נמוקי יוסף [ben-yehuda-rt; 158; 0.69]
שכ״ה	kabbalah	92	AMBIGUOUS	שיורי כנסת הגדולה [ben-yehuda-rt; 0; 0.00] | שכן הוא [ben-yehuda-rt; 110; 0.12] | שמות כל הספרים [ben-yehuda-rt; 0; 0.00] | (proclitic) שכבוד הבריות [base; 0; 0.00] | (proclitic) שכד הקמח [base; 0; 0.00] | (proclitic) שכהן הדיוט [base; 0; 0.00] | (proclitic) שכולי האי [base; 0; 0.00] | (proclitic) שכונות האר"י [base; 0; 0.00]
דה״מ	talmud	91	AMBIGUOUS	דבור המתחיל [ben-yehuda-rt; 0; 0.02] | דבר הלמד מסופו [ben-yehuda-rt; 0; 0.00] | דבר הלמד מענינו [ben-yehuda-rt; 11; 0.00] | דברי המאסף [ben-yehuda-rt; 0; 0.00] | דברי המחבר [ben-yehuda-rt; 0; 0.02] | דברי המעתיק [ben-yehuda-rt; 0; 0.04] | דברי המת [ben-yehuda-rt; 77; 0.00] | דהוה מצי [ben-yehuda-rt; 205; 0.68]
ד״ג	rabbinic	91	AMBIGUOUS	ד' גאולות [ben-yehuda-rt; 0; 0.00] | ד' גברי [ben-yehuda-rt; 0; 0.00] | דבר גדול [ben-yehuda-rt; 372; 0.00] | דייני גולה [ben-yehuda-rt; 5; 0.00] | דייני גזרות [ben-yehuda-rt; 32; 0.00] | דף ג [ben-yehuda-rt; 63; 0.21] | דרך גדילתו [ben-yehuda-rt; 23; 0.01]
וכמש״ה	kabbalah	91	REVIEW	וכל מאמינים שהוא [ben-yehuda-rt; 5; 0.02] | (proclitic) וכמו שאמר הכתוב [base; 23; 0.31] | (proclitic) וכמו שאמרו החכמים [base; 0; 0.00]
שחז״ל	rabbinic	91	REVIEW	שאמרו חכמינו זכרונם לברכה [ben-yehuda-rt; 143; 0.04] | (proclitic) שחכמינו זכרונם לברכה [base; 0; 0.00] | (proclitic) שחכמינו זכרם לברכה [base; 0; 0.00] | (proclitic) שחזון למועד [base; 0; 0.00]
בס״פ	talmud	90	AMBIGUOUS	בסוף פסוק [ben-yehuda-rt; 1; 0.02] | בסוף פרשה [ben-yehuda-rt; 0; 0.01] | (proclitic) בסבה פועלת [base; 0; 0.00] | (proclitic) בסוד פסוק [base; 0; 0.06] | (proclitic) בסוף פרק [base; 137; 0.46] | (proclitic) בסעודת פורים [base; 2; 0.00] | (proclitic) בס' פעמים [base; 0; 0.00] | (proclitic) בספר פליאה [base; 0; 0.00]
בע״ז	talmud	90	AMBIGUOUS	בעבודה זרה [krupnik-1927+ben-yehuda-rt; 46; 0.21] | בעילת זנות [krupnik-1927; 135; 0.00] | בעלי עבודה זרה [krupnik-1927; 0; 0.00] | בעבור זה [ben-yehuda-rt; 6; 0.01] | בעדים זוממין [ben-yehuda-rt; 29; 0.03] | בעילת זכות [ben-yehuda-rt; 0; 0.00] | בעין זוכר [ben-yehuda-rt; 0; 0.00] | בעל זכרון [ben-yehuda-rt; 0; 0.00]
בר״י	rabbinic	90	AMBIGUOUS	ברבינו יונה [ben-yehuda-rt; 11; 0.04] | ברבינו ירוחם [ben-yehuda-rt; 35; 0.18] | ברבי יוסף [ben-yehuda-rt; 18; 0.14] | ברשות ישראל [ben-yehuda-rt; 89; 0.00] | (proclitic) בר׳ יהושע [base; 0; 0.00] | (proclitic) בר׳ יוחנן [base; 0; 0.00] | (proclitic) בר׳ יוסי [base; 0; 0.00] | (proclitic) בר׳ ישמעאל [base; 0; 0.00]
בשמ״ע	kabbalah	90	AMBIGUOUS	בשמחה עצומה [ben-yehuda-rt; 3; 0.04] | בשמיני עצרת [ben-yehuda-rt; 92; 0.15] | (proclitic) בשחרית מנחה ערבית [base; 0; 0.00] | (proclitic) בשאו מרום עיניכם [base; 0; 0.00] | (proclitic) בשדי מלך עולם [base; 0; 0.00] | (proclitic) בשדי מלך עליון [base; 0; 0.00] | (proclitic) בשל מעלה [base; 2; 0.00] | (proclitic) בשל מנין עולם [base; 0; 0.00]
הק״ש	rabbinic	90	REVIEW	הלכות קריאת שמע [ben-yehuda-rt; 5; 0.04] | (proclitic) הקריאת שמע [base; 0; 0.00] | (proclitic) הקדיש שלם [base; 0; 0.00] | (proclitic) הקבלת שבת [base; 0; 0.00] | (proclitic) הקהלת שלמה [base; 0; 0.00] | (proclitic) הקול שחל [base; 0; 0.00] | (proclitic) הקול שמחה [base; 0; 0.00] | (proclitic) הקול ששון [base; 0; 0.00]
וכ״א	rabbinic	90	AMBIGUOUS	וכל אחד [ben-yehuda-rt; 877; 0.32] | וכן איתא [ben-yehuda-rt; 186; 0.17] | וכן אמר [ben-yehuda-rt; 1228; 0.03] | (proclitic) וכבוד אב [base; 26; 0.01] | (proclitic) וכבוד אם [base; 1; 0.00] | (proclitic) וכבוד אלהים [base; 8; 0.00] | (proclitic) וכברת ארץ [base; 0; 0.00] | (proclitic) וכה אמר [base; 23; 0.00]
זי״ה	kabbalah	90	REVIEW	ז' ימי הבנין [ben-yehuda-rt; 0; 0.00]
חד״א	rabbinic	90	AMBIGUOUS	חד אמר [ben-yehuda-rt; 569; 0.00] | חדושי אגדות [ben-yehuda-rt; 2; 0.00] | חומש דפוס א' [ben-yehuda-rt; 0; 0.00] | חתיכה דאיסורא [ben-yehuda-rt; 153; 0.40]
מה״כ	rabbinic	90	AMBIGUOUS	מן הכלל [ben-yehuda-rt; 378; 0.00] | מן הכתוב [ben-yehuda-rt; 210; 0.00] | מקום הכולל [ben-yehuda-rt; 0; 0.00] | מקום הכתיבה [ben-yehuda-rt; 59; 0.02] | מקצת היום ככולו [ben-yehuda-rt; 102; 0.00] | מראה הכהן [ben-yehuda-rt; 1; 0.00] | (proclitic) מהכנסת כלה [base; 0; 0.00] | (proclitic) מהלכה כ׳ [base; 0; 0.00]
שה״ס	rabbinic	90	AMBIGUOUS	שומר הסף [ben-yehuda-rt; 1; 0.00] | שער הספק [ben-yehuda-rt; 0; 0.00] | (proclitic) שהוא סוד [base; 0; 0.00] | (proclitic) שהוי סימן [base; 0; 0.00] | (proclitic) שהלכות סוטה [base; 0; 0.00] | (proclitic) שהלכות סנהדרין [base; 0; 0.00] | (proclitic) שה' סלעים [base; 0; 0.00] | (proclitic) שה' ספירות [base; 0; 0.00]
אב״ג	rabbinic	89	AMBIGUOUS	אבא גוריון [he-wiktionary; 2; 0.00] | אברהם בר גוטלובר [he-wiktionary; 0; 0.00] | אברהם בער גאטטלאבער [ben-yehuda-rt; 0; 0.00] | אהובים ברורים גבורים [ben-yehuda-rt; 2; 0.00] | אין בגידין [ben-yehuda-rt; 33; 0.00]
בי״ח	rabbinic	89	AMBIGUOUS	ביד חזקה [ben-yehuda-rt; 241; 0.00] | ביוצא חלציו [ben-yehuda-rt; 6; 0.00] | בית חדש [ben-yehuda-rt; 113; 0.00] | בית חולים [ben-yehuda-rt; 0; 0.00] | (proclitic) בידי חובתו [base; 0; 0.00] | (proclitic) ביודעי חן [base; 0; 0.00] | (proclitic) ביאי חולקיה [base; 0; 0.00] | (proclitic) בידיעת חשבון [base; 1; 0.00]
ג״א	rabbinic	89	AMBIGUOUS	גירסא אחרינא [krupnik-1927; 1; 0.00] | ג׳ אמות [krupnik-1927+ben-yehuda-rt; 0; 0.00] | ג׳ אלפים [krupnik-1927+ben-yehuda-rt; 0; 0.00] | ג׳ ארצות [krupnik-1927+ben-yehuda-rt; 0; 0.00] | גירי אריות [krupnik-1927; 3; 0.01] | גאולה אחרונה [ben-yehuda-rt; 26; 0.01] | ג' אחרונות [ben-yehuda-rt; 0; 0.00] | ג' אמצעיות [ben-yehuda-rt; 0; 0.00]
המ׳	kabbalah	89	AMBIGUOUS	המאמר [ben-yehuda-rt; 839; 0.01] | המדרש [ben-yehuda-rt; 2160; 0.00] | המהולל [ben-yehuda-rt; 10; 0.00] | המלכות [ben-yehuda-rt; 2726; 0.04] | המצויין [ben-yehuda-rt; 4; 0.01] | המקום [ben-yehuda-rt; 2006; 0.02] | (proclitic) המה [base; 0; 0.00] | (proclitic) המחזור [base; 0; 0.00]
ז״כ	rabbinic	89	AMBIGUOUS	זה כונת [ben-yehuda-rt; 13; 0.04] | זה כפרתי [ben-yehuda-rt; 6; 0.00] | זה כתב [ben-yehuda-rt; 745; 0.04] | זוקף כפופים [ben-yehuda-rt; 91; 0.07] | זכרי כהונה [ben-yehuda-rt; 0; 0.02] | ז' כריכות [ben-yehuda-rt; 0; 0.00] | זרעו כלה [ben-yehuda-rt; 62; 0.00]
יא״צ	rabbinic	89	REVIEW	יתומי אנשי צבור [ben-yehuda-rt; 0; 0.00]
כמש״כ	kabbalah	89	AMBIGUOUS	כמו שכתוב [ben-yehuda-rt; 1442; 0.11] | כמשמעו של כתוב [ben-yehuda-rt; 0; 0.00] | (proclitic) כמה שכתב [base; 0; 0.18] | (proclitic) כמה שכתב כאן [base; 0; 0.00] | (proclitic) כמשום כך [base; 0; 0.00]
לת״ח	kabbalah	89	REVIEW	לא תאכל חמץ [ben-yehuda-rt; 0; 0.00] | (proclitic) לתלמיד חכם [base; 35; 0.68] | (proclitic) לתענית חלום [base; 0; 0.00] | (proclitic) לתא חזי [base; 0; 0.00] | (proclitic) לתוך חותם [base; 0; 0.00] | (proclitic) לתוספות חדשים [base; 0; 0.00] | (proclitic) לתוספות חיים [base; 0; 0.00] | (proclitic) לתוצאות חיים [base; 1; 0.00]
קפ״א	rabbinic	89	AMBIGUOUS	קפילא ארמאה [ben-yehuda-rt; 6; 0.00] | קפיצת ארץ [ben-yehuda-rt; 0; 0.00] | קצוצי פאה [ben-yehuda-rt; 6; 0.00]
שע״ז	rabbinic	89	REVIEW	של עובר זה [ben-yehuda-rt; 10; 0.00] | (proclitic) שעבודה זרה [base; 0; 0.00] | (proclitic) שעל זה [base; 0; 0.00] | (proclitic) שעבודה זאת [base; 0; 0.00] | (proclitic) שעבר זמנו [base; 0; 0.00] | (proclitic) שעד זומם [base; 0; 0.00] | (proclitic) שעטרת זהב [base; 0; 0.00] | (proclitic) שעטרת זקנים [base; 0; 0.00]
בע״ס	kabbalah	88	AMBIGUOUS	בעל סוד [ben-yehuda-rt; 0; 0.00] | בעל ספר [ben-yehuda-rt; 17; 0.00] | (proclitic) בעבודה סוציאלית [base; 0; 0.00] | (proclitic) בעל סך [base; 0; 0.00] | (proclitic) בעל סמך [base; 0; 0.00] | (proclitic) בעד סופו [base; 0; 0.00] | (proclitic) בעובדיה ספורני [base; 0; 0.00] | (proclitic) בעולם סתור [base; 0; 0.00]
ח״ש	rabbinic	88	AMBIGUOUS	חודר שריון [he-wiktionary; 0; 0.00] | חילול שבת [he-wiktionary; 146; 0.08] | חיי שרה [he-wiktionary+ben-yehuda-rt; 236; 0.00] | חיי שעה [he-wiktionary+ben-yehuda-rt; 66; 0.01] | חדש ששוני [ben-yehuda-rt; 3; 0.00] | חוט שני [ben-yehuda-rt; 0; 0.00] | חוט שער [ben-yehuda-rt; 1; 0.00] | חומץ שכר [ben-yehuda-rt; 1; 0.00]
מו״ס	kabbalah	88	AMBIGUOUS	מוחא סתימאה [ben-yehuda-rt; 87; 0.19] | מוכר ספרים [ben-yehuda-rt; 0; 0.00] | (proclitic) מו' ספירות [base; 0; 0.00]
נ״נ	rabbinic	88	AMBIGUOUS	נוחי נפש [ben-yehuda-rt; 18; 0.00] | נח נפשיה [ben-yehuda-rt; 132; 0.00] | נח נסתר [ben-yehuda-rt; 0; 0.00] | נח נראה [ben-yehuda-rt; 8; 0.00] | נחש נחשת [ben-yehuda-rt; 15; 0.01] | נטעי נאמנים [ben-yehuda-rt; 0; 0.00] | נעשה נבלה [ben-yehuda-rt; 36; 0.19] | נצח נצחים [ben-yehuda-rt; 3; 0.00]
ע״צ	rabbinic	88	AMBIGUOUS	עובדי צלמים [ben-yehuda-rt; 1; 0.00] | עושה צרכיו [ben-yehuda-rt; 28; 0.02] | עטרת צבי [ben-yehuda-rt; 6; 0.02] | עיט צבוע [ben-yehuda-rt; 0; 0.00] | עינו צרה [ben-yehuda-rt; 26; 0.01] | על צד [ben-yehuda-rt; 771; 0.50] | על צערו [ben-yehuda-rt; 56; 0.00] | עת צרה [ben-yehuda-rt; 100; 0.00]
תש״ע	rabbinic	88	AMBIGUOUS	תפלה של ערבית [ben-yehuda-rt; 5; 0.00] | תפלת שמנה עשרה [ben-yehuda-rt; 14; 0.00] | תנורו של עכנאי [ben-yehuda-rt; 4; 0.00]
אב״ד	kabbalah	87	AMBIGUOUS	אב בית דין [he-wiktionary+jastrow-1903+ben-yehuda-rt; 7; 0.03] | אבשלום בן דוד [ben-yehuda-rt; 0; 0.00] | אין בו דעת [ben-yehuda-rt; 12; 0.00] | אין בית דין [ben-yehuda-rt; 3; 0.00] | אמנון בן דוד [ben-yehuda-rt; 0; 0.00]
במז״ל	rabbinic	87	AMBIGUOUS	בן מיימון זכרונו לברכה [ben-yehuda-rt; 0; 0.00] | בעדן מנוחתו זכרונו לברכה [ben-yehuda-rt; 0; 0.00] | (proclitic) במוציא זרע לבטלה [base; 1; 0.00] | (proclitic) במורי זכרונו לברכה [base; 0; 0.00] | (proclitic) במזריע זרע למינהו [base; 0; 0.00]
בת״א	kabbalah	87	AMBIGUOUS	בית תינוק אשה [ben-yehuda-rt; 0; 0.00] | בשר תאוה [ben-yehuda-rt; 24; 0.00] | בתרגום אונקלס [ben-yehuda-rt; 3; 0.02] | (proclitic) בתרגום אונקלוס [base; 6; 0.05] | (proclitic) בתפוח אדמה [base; 0; 0.00] | (proclitic) בתכנית אימונים [base; 0; 0.00] | (proclitic) בתחום ארעא [base; 0; 0.00] | (proclitic) בתולדות אדם [base; 1; 0.08]
מבה״כ	rabbinic	87	AMBIGUOUS	מבית הכנסת [ben-yehuda-rt; 311; 0.57] | מבית הכסא [ben-yehuda-rt; 77; 0.36] | מברכין הכוס [ben-yehuda-rt; 0; 0.00] | (proclitic) מבית הכבוד [base; 2; 0.00] | (proclitic) מבית הכוסות [base; 11; 0.09] | (proclitic) מבנין הכבוד [base; 0; 0.00] | (proclitic) מברכת הכהנים [base; 0; 0.00] | (proclitic) מברכת הכוס [base; 0; 0.00]
מע״ח	kabbalah	87	AMBIGUOUS	מאיר עיני חכמים [ben-yehuda-rt; 7; 0.00] | מעין חכמה [ben-yehuda-rt; 1; 0.00] | מעין חתום [ben-yehuda-rt; 37; 0.01] | (proclitic) מעל חשבון [base; 0; 0.00] | (proclitic) מעץ חיים [base; 3; 0.09] | (proclitic) מעבירה חמורה [base; 0; 0.00] | (proclitic) מעד חמס [base; 0; 0.00] | (proclitic) מעד חצות [base; 0; 0.00]
עש״ה	kabbalah	87	AMBIGUOUS	עיין שם היטב [ben-yehuda-rt; 18; 0.00] | על שיר השירים [ben-yehuda-rt; 5; 0.00] | על שם הכתוב [ben-yehuda-rt; 11; 0.05] | עשרת הדברים [ben-yehuda-rt; 10; 0.05]
רנ״ו	rabbinic	87	REVIEW	רחמנא נטריא ופרקיה [ben-yehuda-rt; 0; 0.00]
ר״ס	kabbalah	87	AMBIGUOUS	ראש סימן [ben-yehuda-rt; 0; 0.00] | ר' סעדיה [ben-yehuda-rt; 0; 0.00] | ר' ספרא [ben-yehuda-rt; 0; 0.00] | רבנן סבוראי [ben-yehuda-rt; 4; 0.01] | רוח סערה [ben-yehuda-rt; 98; 0.00] | ריש סדרא [ben-yehuda-rt; 0; 0.00] | ריש ספרא [ben-yehuda-rt; 1; 0.00] | רשימת ספרים [ben-yehuda-rt; 0; 0.00]
בחו״ל	talmud	86	REVIEW	בחוץ לארץ [ben-yehuda-rt; 15; 0.62] | (proclitic) בחוץ למדינה [base; 0; 0.00] | (proclitic) בחוץ למחנה [base; 0; 0.00] | (proclitic) בחוץ לעיר [base; 0; 0.00] | (proclitic) בחוץ לתחום [base; 1; 0.03] | (proclitic) בחזק ויאמץ לבך [base; 0; 0.00]
בינ״ה	rabbinic	86	REVIEW	בשמים יין נר הבדלה [ben-yehuda-rt; 3; 0.00]
בשו״א	rabbinic	86	AMBIGUOUS	בשבועה ואלה [ben-yehuda-rt; 1; 0.00] | בשום אופן [ben-yehuda-rt; 236; 0.02] | (proclitic) בשכול ואלמון [base; 0; 0.00] | (proclitic) בשלום ואמת [base; 0; 0.00] | (proclitic) בשמים וארץ [base; 7; 0.00] | (proclitic) בשק ואפר [base; 6; 0.00]
ד״ג	kabbalah	86	AMBIGUOUS	ד' גאולות [ben-yehuda-rt; 0; 0.00] | ד' גברי [ben-yehuda-rt; 0; 0.00] | דבר גדול [ben-yehuda-rt; 228; 0.00] | דייני גולה [ben-yehuda-rt; 0; 0.00] | דייני גזרות [ben-yehuda-rt; 1; 0.00] | דף ג [ben-yehuda-rt; 4; 0.21] | דרך גדילתו [ben-yehuda-rt; 2; 0.01]
הס״ת	kabbalah	86	REVIEW	הלכות ספר תורה [ben-yehuda-rt; 0; 0.00] | (proclitic) הספר תורה [base; 0; 0.00] | (proclitic) הסופי תיבות [base; 0; 0.00] | (proclitic) הסדר תשליך [base; 0; 0.00] | (proclitic) הסדור תפלה [base; 0; 0.00] | (proclitic) הסופי תבות [base; 0; 0.00] | (proclitic) הסיבה תכלית [base; 0; 0.00] | (proclitic) הספרי תכונה [base; 0; 0.00]
מנה״י	kabbalah	86	REVIEW	מלכות נצח הוד יסוד [ben-yehuda-rt; 0; 0.00] | (proclitic) מנצח הוד יסוד [base; 15; 0.40]
רי״ט	rabbinic	86	AMBIGUOUS	ר' יום טוב [ben-yehuda-rt; 0; 0.00] | ר' יוסף טראני [ben-yehuda-rt; 0; 0.00]
ר״ד	kabbalah	86	AMBIGUOUS	ראש דבור [ben-yehuda-rt; 0; 0.00] | ראשית דבר [ben-yehuda-rt; 14; 0.00] | ראשית דעת [ben-yehuda-rt; 31; 0.02] | רב דימי [ben-yehuda-rt; 16; 0.01] | רבונא דעלמא [ben-yehuda-rt; 2; 0.00] | רבותינו דרשו [ben-yehuda-rt; 2; 0.00] | רביעית דם [ben-yehuda-rt; 10; 0.00] | ר' דוסא [ben-yehuda-rt; 0; 0.00]
לב׳	talmud	85	REVIEW	לבריאה [ben-yehuda-rt; 3; 0.01] | (proclitic) לבחור [base; 10; 0.00] | (proclitic) לבחינה [base; 0; 0.02] | (proclitic) לבינה [base; 242; 0.02] | (proclitic) לבית [base; 2165; 0.00] | (proclitic) לבן [base; 991; 0.03] | (proclitic) לבעל [base; 1051; 0.01] | (proclitic) לבקר [base; 89; 0.00]
רצ״ח	rabbinic	85	REVIEW	ר' צבי חיות [ben-yehuda-rt; 0; 0.00]
שה״ה	rabbinic	85	REVIEW	שער ה' החדש [ben-yehuda-rt; 1; 0.00] | (proclitic) שהוא הדין [base; 0; 0.00] | (proclitic) שהכי השתא [base; 0; 0.00] | (proclitic) שהאדונים הנכבדים [base; 0; 0.00] | (proclitic) שהאדון הנכבד [base; 0; 0.00] | (proclitic) שהגברת הנכבדה [base; 0; 0.00] | (proclitic) שהשם הטוב [base; 0; 0.00] | (proclitic) שהלכה ה׳ [base; 0; 0.00]
דפ״ק	talmud	84	AMBIGUOUS	דפה קהילתנו [ben-yehuda-rt; 0; 0.00] | דפה קדמון [ben-yehuda-rt; 0; 0.00] | דפה קראקויא [ben-yehuda-rt; 0; 0.00] | דפה קרימונא [ben-yehuda-rt; 0; 0.00] | (proclitic) דפרופיל קרבי [base; 0; 0.00] | (proclitic) דפקודת קבע [base; 0; 0.00] | (proclitic) דפה קדוש [base; 0; 0.00] | (proclitic) דפה קהלתינו [base; 0; 0.00]
הכ״ש	kabbalah	84	REVIEW	הכל שוחטין [ben-yehuda-rt; 2; 0.00] | (proclitic) הכל שכן [base; 0; 0.00] | (proclitic) הכלי שני [base; 0; 0.00] | (proclitic) הכך שמעתי [base; 0; 0.00] | (proclitic) הכל שהוא [base; 0; 0.00] | (proclitic) הכבוד שבת [base; 0; 0.00] | (proclitic) הכבוד שמו [base; 0; 0.00] | (proclitic) הכדי שחיטה [base; 0; 0.00]
המ׳	rabbinic	84	AMBIGUOUS	המאמר [ben-yehuda-rt; 1782; 0.01] | המדרש [ben-yehuda-rt; 2480; 0.00] | המהולל [ben-yehuda-rt; 15; 0.00] | המלכות [ben-yehuda-rt; 1692; 0.04] | המצויין [ben-yehuda-rt; 52; 0.01] | המקום [ben-yehuda-rt; 6680; 0.02] | (proclitic) המה [base; 0; 0.00] | (proclitic) המחזור [base; 0; 0.00]
ול״נ	talmud	84	AMBIGUOUS	ולא נברא [ben-yehuda-rt; 7; 0.00] | ולא נהירא [ben-yehuda-rt; 209; 0.35] | ולא נמסרה [ben-yehuda-rt; 0; 0.00] | ולי נראה [ben-yehuda-rt; 85; 0.70] | ולכך נאמר [ben-yehuda-rt; 6; 0.01] | (proclitic) ולא נגמר [base; 3; 0.00] | (proclitic) ולא נחלקו [base; 6; 0.00] | (proclitic) ולא נטמא [base; 3; 0.00]
כביכו״ל	kabbalah	84	REVIEW	כי באדם יאמר כן ולא לאלה [ben-yehuda-rt; 0; 0.00]
מחו״ב	kabbalah	84	REVIEW	מחוסר בגדים [ben-yehuda-rt; 3; 0.00] | (proclitic) מחריף ובקי [base; 0; 0.00] | (proclitic) מחכמה ובינה [base; 34; 0.22] | (proclitic) מחזק וברוך [base; 0; 0.00] | (proclitic) מחזק ואמץ בתורה [base; 0; 0.00] | (proclitic) מחכמים ובינה [base; 0; 0.00] | (proclitic) מחלב וביצים [base; 0; 0.00] | (proclitic) מחולה ובור [base; 0; 0.00]
מרה״י	talmud	84	REVIEW	מרשות היחיד [ben-yehuda-rt; 63; 0.20]
קי״ו	rabbinic	84	REVIEW	קידוש ידים ורגלים [ben-yehuda-rt; 17; 0.00]
ק״מ	kabbalah	84	AMBIGUOUS	קבלה מעשית [ben-yehuda-rt; 4; 0.00] | קבר מצבה [ben-yehuda-rt; 0; 0.00] | קדשי מזבח [ben-yehuda-rt; 0; 0.00] | קהלת משה [ben-yehuda-rt; 4; 0.02] | קול מבשר [ben-yehuda-rt; 1; 0.00] | קוץ מכאיב [ben-yehuda-rt; 0; 0.01] | קל מהרה [ben-yehuda-rt; 8; 0.00] | קצור מזרחי [ben-yehuda-rt; 0; 0.00]
שס״ח	rabbinic	84	REVIEW	שס חדש [ben-yehuda-rt; 0; 0.00] | (proclitic) שסבא חסידא [base; 0; 0.00] | (proclitic) שסבה חמרית [base; 0; 0.00] | (proclitic) שסדר חליצה [base; 0; 0.00] | (proclitic) שסימן ח' [base; 0; 0.00] | (proclitic) שסכינא חריפא [base; 0; 0.00] | (proclitic) שסליחת חטאים [base; 0; 0.00] | (proclitic) שסמיכת חכמים [base; 0; 0.00]
ת״נ	rabbinic	84	AMBIGUOUS	תבת נח [ben-yehuda-rt; 1; 0.07] | תהי נפשו [ben-yehuda-rt; 2; 0.00] | תולדות נח [ben-yehuda-rt; 87; 0.00] | תוקף נאמנות [ben-yehuda-rt; 0; 0.00] | תורת נביאים [ben-yehuda-rt; 0; 0.00] | תכשיטי נשים [ben-yehuda-rt; 19; 0.00] | תמיד נשחט [ben-yehuda-rt; 49; 0.00] | תנוח נפשו [ben-yehuda-rt; 14; 0.00]
בדה״ח	rabbinic	83	REVIEW	בדיקת החמץ [ben-yehuda-rt; 11; 0.00] | (proclitic) בדברי החכמים [base; 8; 0.00] | (proclitic) בדרך החיים [base; 31; 0.36]
בינ״ה	kabbalah	83	REVIEW	בשמים יין נר הבדלה [ben-yehuda-rt; 0; 0.00]
ב״ת	kabbalah	83	AMBIGUOUS	בעל תשובה [krupnik-1927+ben-yehuda-rt; 123; 0.05] | בל תוסיף [krupnik-1927+ben-yehuda-rt; 13; 0.12] | בל תשחית [krupnik-1927+ben-yehuda-rt; 7; 0.12] | בן תורה [krupnik-1927+ben-yehuda-rt; 19; 0.09] | בהם תעבודו [ben-yehuda-rt; 6; 0.00] | ביטול תורה [ben-yehuda-rt; 78; 0.02] | בית תבשיל [ben-yehuda-rt; 0; 0.00] | בית תפלה [ben-yehuda-rt; 20; 0.01]
הגרע״א	rabbinic	83	REVIEW	הגאון ר' עקיבא איגר [ben-yehuda-rt; 0; 0.00]
וה״ג	kabbalah	83	REVIEW	ודוי הגדול [ben-yehuda-rt; 0; 0.00] | (proclitic) והכי גרסינן [base; 1; 0.08] | (proclitic) והלכה ג׳ [base; 0; 0.00] | (proclitic) והלכות גדולות [base; 0; 0.08] | (proclitic) והסגת גבול [base; 2; 0.00] | (proclitic) וה׳ גבורות [base; 0; 0.00] | (proclitic) והאי גברא [base; 1; 0.01] | (proclitic) והאי גונא [base; 0; 0.00]
מש״פ	rabbinic	83	AMBIGUOUS	משא פנים [ben-yehuda-rt; 32; 0.00] | משום פרוטה [ben-yehuda-rt; 10; 0.14] | משום פנים [ben-yehuda-rt; 2; 0.00] | (proclitic) משוה פרוטה [base; 249; 0.92] | (proclitic) משם פרטי [base; 0; 0.00] | (proclitic) משושן פורים [base; 0; 0.00] | (proclitic) משבת פרשת [base; 0; 0.00] | (proclitic) משווה פרוטה [base; 0; 0.00]
שמ״ט	rabbinic	83	AMBIGUOUS	של מטה [ben-yehuda-rt; 469; 0.00] | שמירה משעת טחינה [ben-yehuda-rt; 2; 0.00] | (proclitic) שמאי טעמא [base; 0; 0.00] | (proclitic) שמשנה טכני [base; 0; 0.00] | (proclitic) שמכונת טיורינג [base; 0; 0.00] | (proclitic) שמאי טעם [base; 0; 0.00] | (proclitic) שמגלה טמירין [base; 0; 0.00] | (proclitic) שמדה טובה [base; 0; 0.00]
שע״ה	rabbinic	83	AMBIGUOUS	שלמה עליו השלום [ben-yehuda-rt; 22; 0.01] | שער השמים [ben-yehuda-rt; 116; 0.00] | שעת היתר [ben-yehuda-rt; 36; 0.00] | שעת הלואה [ben-yehuda-rt; 1; 0.00] | (proclitic) שעזרת השם [base; 0; 0.00] | (proclitic) שעליו השלום [base; 0; 0.00] | (proclitic) שעם הארץ [base; 0; 0.00] | (proclitic) שעליו הראיה [base; 0; 0.00]
בדו״ר	kabbalah	82	REVIEW	בדחילו ורחימו [ben-yehuda-rt; 224; 0.13]
בע״ז	kabbalah	82	AMBIGUOUS	בעבודה זרה [krupnik-1927+ben-yehuda-rt; 64; 0.21] | בעילת זנות [krupnik-1927; 0; 0.00] | בעלי עבודה זרה [krupnik-1927; 0; 0.00] | בעבור זה [ben-yehuda-rt; 130; 0.01] | בעדים זוממין [ben-yehuda-rt; 0; 0.03] | בעילת זכות [ben-yehuda-rt; 0; 0.00] | בעין זוכר [ben-yehuda-rt; 0; 0.00] | בעל זכרון [ben-yehuda-rt; 1; 0.00]
הה״ג	kabbalah	82	AMBIGUOUS	הגהות הגאון [ben-yehuda-rt; 0; 0.00] | הלל הגדול [ben-yehuda-rt; 24; 0.00] | הרב הגאון [ben-yehuda-rt; 64; 0.02] | הרב הגדול [ben-yehuda-rt; 64; 0.14] | (proclitic) ההכי גרסינן [base; 0; 0.00] | (proclitic) ההלכה ג׳ [base; 0; 0.00] | (proclitic) ההלכות גדולות [base; 0; 0.00] | (proclitic) ההסגת גבול [base; 0; 0.00]
והמ״י	rabbinic	82	REVIEW	והמבין יבין [ben-yehuda-rt; 13; 0.04] | (proclitic) והמקום ירחם [base; 1; 0.00] | (proclitic) והמשכיל יבין [base; 228; 0.15]
לב״נ	kabbalah	82	AMBIGUOUS	לבן נח [ben-yehuda-rt; 13; 0.06] | לב' נתיבות [ben-yehuda-rt; 0; 0.00] | לבר נש [ben-yehuda-rt; 441; 0.27] | (proclitic) לבאור נכון [base; 0; 0.00] | (proclitic) לבגליון נכתב [base; 0; 0.00] | (proclitic) לבועל נדה [base; 2; 0.00] | (proclitic) לבורא נפשות [base; 0; 0.00] | (proclitic) לבישול נכרי [base; 0; 0.00]
סא״ר	kabbalah	82	REVIEW	סדר אליהו רבה [ben-yehuda-rt; 2; 0.15]
צל״ע	rabbinic	82	AMBIGUOUS	צדקתו לעולם עומדת [ben-yehuda-rt; 0; 0.00] | צריך להמתין עד [ben-yehuda-rt; 100; 0.00] | צריך להתפלל ערבית [ben-yehuda-rt; 4; 0.00] | צריך לי עיון [ben-yehuda-rt; 12; 0.18] | צריך לעיין [ben-yehuda-rt; 50; 0.03]
קד״מ	kabbalah	82	AMBIGUOUS	קדושי ממון [ben-yehuda-rt; 0; 0.00] | קדושת מעשר [ben-yehuda-rt; 1; 0.00] | קדמה מזרחה [ben-yehuda-rt; 2; 0.00] | קדשי מזבח [ben-yehuda-rt; 0; 0.00] | קין דוד מנשה [ben-yehuda-rt; 0; 0.00]
שכ״ז	kabbalah	82	AMBIGUOUS	שכבת זכר [ben-yehuda-rt; 0; 0.00] | שכבת זרע [ben-yehuda-rt; 20; 0.02] | שכל זה [ben-yehuda-rt; 120; 0.28] | שכל זמן [ben-yehuda-rt; 90; 0.41] | (proclitic) שכבתה זקוק [base; 0; 0.00] | (proclitic) שכולו זכאי [base; 0; 0.00] | (proclitic) שכוס זהב [base; 0; 0.00] | (proclitic) שכי זה [base; 0; 0.00]
תמ״ד	rabbinic	82	AMBIGUOUS	תאומים  מאזנים  דלי [ben-yehuda-rt; 0; 0.00] | תמים דעים [ben-yehuda-rt; 105; 0.07]
לי״א	rabbinic	81	AMBIGUOUS	לא יחדל אביון [ben-yehuda-rt; 44; 0.00] | לאורך ימים אמן [ben-yehuda-rt; 1; 0.00] | לברכה יהיה אמן [ben-yehuda-rt; 0; 0.00] | לעולם יירש ארץ [ben-yehuda-rt; 0; 0.00] | לקץ יעמוד אמן [ben-yehuda-rt; 0; 0.00] | (proclitic) ליש אומרים [base; 9; 0.08] | (proclitic) לי' אדומים [base; 0; 0.00] | (proclitic) לי' אמות [base; 0; 0.00]
לע״ז	talmud	81	AMBIGUOUS	לבוש עטרת זהב [ben-yehuda-rt; 0; 0.00] | לעבודה זרה [ben-yehuda-rt; 73; 0.34] | לעת זקנה [ben-yehuda-rt; 3; 0.00] | לשון עם זה [ben-yehuda-rt; 0; 0.00] | לשון עם זר [ben-yehuda-rt; 0; 0.00] | (proclitic) לעל זה [base; 0; 0.00] | (proclitic) לעבודה זאת [base; 0; 0.06] | (proclitic) לעבר זמנו [base; 0; 0.04]
נצ״ב	rabbinic	81	REVIEW	נכסי צאן ברזל [ben-yehuda-rt; 137; 0.68]
קלי׳	kabbalah	81	REVIEW	קליפה [ben-yehuda-rt; 456; 0.01]
ת״ע	rabbinic	81	AMBIGUOUS	תבא עליו [ben-yehuda-rt; 176; 0.00] | תורת עדות [ben-yehuda-rt; 5; 0.00] | תורת עולה [ben-yehuda-rt; 5; 0.00] | תורת עיסקא [ben-yehuda-rt; 0; 0.00] | תל עולם [ben-yehuda-rt; 13; 0.00] | תמרות עשן [ben-yehuda-rt; 0; 0.00] | תנהו ענין [ben-yehuda-rt; 134; 0.00] | תני עלה [ben-yehuda-rt; 6; 0.00]
בק״א	rabbinic	80	AMBIGUOUS	בכל קצוי ארץ [ben-yehuda-rt; 6; 0.00] | בקונטרס אחרון [ben-yehuda-rt; 40; 0.04] | (proclitic) בק' אמה [base; 0; 0.00] | (proclitic) בקבלת אחריות [base; 3; 0.00] | (proclitic) בקבר אבות [base; 0; 0.00] | (proclitic) בקול אלהים [base; 0; 0.00] | (proclitic) בקול אריה [base; 0; 0.00] | (proclitic) בקטני אמונה [base; 0; 0.00]
וי״א	kabbalah	80	AMBIGUOUS	וזרעו יירש ארץ [ben-yehuda-rt; 0; 0.00] | וירא אלהים [ben-yehuda-rt; 244; 0.00] | ויש אומרים [ben-yehuda-rt; 42; 0.85] | ויש אוסרים [ben-yehuda-rt; 1; 0.59] | (proclitic) וי' אדומים [base; 0; 0.00] | (proclitic) וי' אמות [base; 0; 0.00] | (proclitic) ויד אבשלום [base; 0; 0.00] | (proclitic) ויד אברהם [base; 0; 0.00]
זר״א	rabbinic	80	AMBIGUOUS	זרע אברהם [ben-yehuda-rt; 201; 0.06] | זרע אמת [ben-yehuda-rt; 87; 0.10]
כמש״ה	rabbinic	80	AMBIGUOUS	כמו שאמר הכתוב [ben-yehuda-rt; 258; 0.33] | כמו שאמרו החכמים [ben-yehuda-rt; 7; 0.02] | (proclitic) כמשום הכי [base; 0; 0.00] | (proclitic) כמאי שנא התם [base; 0; 0.00] | (proclitic) כמדרש שיר השירים [base; 0; 0.00] | (proclitic) כמה שאחר הטבע [base; 0; 0.00] | (proclitic) כמה שאמר הכתוב [base; 2; 0.00] | (proclitic) כמהלך שבילי הדעת [base; 0; 0.00]
ממ״ח	rabbinic	80	AMBIGUOUS	מלח ממון חסד [ben-yehuda-rt; 4; 0.00] | מלח ממון חסר [ben-yehuda-rt; 19; 0.00] | (proclitic) ממאי חזית [base; 0; 0.00] | (proclitic) ממבין חידות [base; 0; 0.00] | (proclitic) ממגדל חננאל [base; 3; 0.00] | (proclitic) ממדת חסידות [base; 51; 0.01] | (proclitic) ממולדת חוץ [base; 0; 0.01] | (proclitic) ממוקפות חומה [base; 0; 0.00]
שפ״א	rabbinic	80	AMBIGUOUS	שפת אמת [ben-yehuda-rt; 74; 0.00] | שפה ארמית [ben-yehuda-rt; 0; 0.00] | שפת אשכנז [ben-yehuda-rt; 0; 0.00] | (proclitic) שפה אחד [base; 0; 0.00] | (proclitic) שפירוש אחר [base; 0; 0.00] | (proclitic) שפעם אחת [base; 0; 0.00] | (proclitic) שפרא אדם [base; 0; 0.00] | (proclitic) שפרה אדומה [base; 0; 0.00]
הר״י	talmud	79	REVIEW	המלך רם ישרון [ben-yehuda-rt; 0; 0.00] | (proclitic) הר׳ יהושע [base; 0; 0.00] | (proclitic) הר׳ יוחנן [base; 0; 0.00] | (proclitic) הר׳ יוסי [base; 0; 0.00] | (proclitic) הר׳ ישמעאל [base; 0; 0.00] | (proclitic) הרבי יהודה [base; 0; 0.00] | (proclitic) הרבי יוחנן [base; 0; 0.00] | (proclitic) הרבי יהושע [base; 0; 0.00]
ה״ס	kabbalah	79	AMBIGUOUS	הוא סוד [ben-yehuda-rt; 937; 0.12] | הוי סימן [ben-yehuda-rt; 1; 0.00] | הלכות סוטה [ben-yehuda-rt; 0; 0.00] | הלכות סנהדרין [ben-yehuda-rt; 0; 0.00] | ה' סלעים [ben-yehuda-rt; 0; 0.00] | ה' ספירות [ben-yehuda-rt; 0; 0.00] | הר סיני [ben-yehuda-rt; 581; 0.11] | התראת ספק [ben-yehuda-rt; 0; 0.00]
ומע״ט	rabbinic	79	REVIEW	ומעשים טובים [ben-yehuda-rt; 442; 0.80] | (proclitic) ומעלות טובות [base; 2; 0.00]
כב״ח	rabbinic	79	REVIEW	כתר בינה חכמה [ben-yehuda-rt; 0; 0.00] | (proclitic) כבעל חוב [base; 16; 0.16] | (proclitic) כבן חורים [base; 0; 0.00] | (proclitic) כב׳ חלקים [base; 0; 0.00]
כמ״ר	rabbinic	79	AMBIGUOUS	כבוד מורינו רבי [ben-yehuda-rt; 0; 0.00] | כבוד מעלת רבי [ben-yehuda-rt; 0; 0.00] | כל מום רע [ben-yehuda-rt; 18; 0.00] | (proclitic) כמדרש רבה [base; 0; 0.00] | (proclitic) כמאה רבנים [base; 0; 0.00] | (proclitic) כמדה רעה [base; 0; 0.00] | (proclitic) כמדרש רות [base; 0; 0.00] | (proclitic) כמדת רחמים [base; 0; 0.00]
במא״ה	rabbinic	78	REVIEW	במעמד אנשי העיר [ben-yehuda-rt; 140; 0.14] | (proclitic) במאדון השלום [base; 0; 0.00] | (proclitic) במאומות העולם [base; 0; 0.00] | (proclitic) במאור הגדול [base; 1; 0.00] | (proclitic) במאור הקטן [base; 0; 0.00] | (proclitic) במהולל אקרא השם [base; 0; 0.00] | (proclitic) במעשה אלהים הוא [base; 0; 0.00] | (proclitic) במשה אדון הנביאים [base; 0; 0.00]
דכ״מ	rabbinic	78	AMBIGUOUS	דכל מקום [ben-yehuda-rt; 125; 0.39] | דרך ככב מיעקב [ben-yehuda-rt; 1; 0.00] | (proclitic) דכל מה [base; 239; 0.03] | (proclitic) דכן משמע [base; 34; 0.53] | (proclitic) דכן מוכח [base; 21; 0.45] | (proclitic) דכבודו מחול [base; 0; 0.00] | (proclitic) דכבוד מלכותו [base; 0; 0.00] | (proclitic) דכבוד מנוחתו [base; 0; 0.00]
ואור״ת	talmud	78	REVIEW	ואומר רבנו תם [ben-yehuda-rt; 0; 0.00]
תנ״כ	rabbinic	78	AMBIGUOUS	תורה נביאים כתוים [ben-yehuda-rt; 0; 0.00] | תנאי כפול [ben-yehuda-rt; 114; 0.01] | תנאי כתובה [ben-yehuda-rt; 100; 0.00] | תניא כותיה [ben-yehuda-rt; 30; 0.00]
אד׳	rabbinic	77	AMBIGUOUS	אדון [ben-yehuda-rt; 1182; 0.01] | אדם [ben-yehuda-rt; 56431; 0.06] | אדר [ben-yehuda-rt; 883; 0.01]
במ״ס	rabbinic	77	AMBIGUOUS	בית מסחר ספרים [ben-yehuda-rt; 0; 0.00] | במגילת סתרים [ben-yehuda-rt; 13; 0.01] | במנהג ספרד [ben-yehuda-rt; 2; 0.00] | במסכת סופרים [ben-yehuda-rt; 121; 0.33] | במקום סכנה [ben-yehuda-rt; 182; 0.02] | במקום סעודה [ben-yehuda-rt; 274; 0.02] | (proclitic) במר סבר [base; 0; 0.00] | (proclitic) במגלת ספר [base; 28; 0.01]
בש׳	rabbinic	77	AMBIGUOUS	בשנה [ben-yehuda-rt; 2138; 0.01] | בשעה [ben-yehuda-rt; 6311; 0.01] | בשער [ben-yehuda-rt; 3264; 0.57] | בשורש [ben-yehuda-rt; 562; 0.00] | (proclitic) בשבועה [base; 1551; 0.00] | (proclitic) בשביל [base; 13102; 0.00] | (proclitic) בשבת [base; 23324; 0.00] | (proclitic) בשד [base; 3; 0.00]
הכ״ד	rabbinic	77	AMBIGUOUS	הלא כה דברי [ben-yehuda-rt; 59; 0.00] | הרהור כדבור דמי [ben-yehuda-rt; 5; 0.00] | (proclitic) הכדיבור דמי [base; 0; 0.00] | (proclitic) הכדי דיבור [base; 0; 0.00] | (proclitic) הכדי דמיהן [base; 0; 0.00] | (proclitic) הכה דברי [base; 0; 0.00] | (proclitic) הכורת דבורים [base; 0; 0.00] | (proclitic) הככבא דשביט [base; 0; 0.00]
המ״ע	kabbalah	77	REVIEW	הלכות מתנת עניים [ben-yehuda-rt; 0; 0.00] | (proclitic) המצות עשה [base; 0; 0.00] | (proclitic) המנוחתו עדן [base; 0; 0.00] | (proclitic) המאור עינים [base; 0; 0.00] | (proclitic) המאי עביד [base; 0; 0.00] | (proclitic) המאירת עינים [base; 0; 0.00] | (proclitic) המגדל עוז [base; 0; 0.00] | (proclitic) המגלה עמוקות [base; 0; 0.00]
ואב״א	talmud	77	REVIEW	ואי בעית אימא [ben-yehuda-rt; 213; 0.56] | (proclitic) ואבא בגבורות אדני [base; 0; 0.00] | (proclitic) ואבא בר אבא [base; 0; 0.00] | (proclitic) ואברהם בן אשר [base; 0; 0.00] | (proclitic) ואות באות [base; 0; 0.00] | (proclitic) ואחור באחור [base; 0; 0.00] | (proclitic) ואחותו בת אביו [base; 0; 0.00] | (proclitic) ואלישע בן אבויה [base; 0; 0.00]
יב״ק	rabbinic	77	AMBIGUOUS	יהודא בר קלונימוס [ben-yehuda-rt; 0; 0.00] | יהושע בן קרחה [ben-yehuda-rt; 235; 0.00] | יוחנן בן קרח [ben-yehuda-rt; 13; 0.01] | יחוד ברכה קדושה [ben-yehuda-rt; 7; 0.24] | יש בקרבנות [ben-yehuda-rt; 11; 0.00]
לח״ל	rabbinic	77	AMBIGUOUS	לב חכם לימינו [ben-yehuda-rt; 38; 0.00] | לחוץ לרץ [ben-yehuda-rt; 0; 0.00] | לשון חכמים לעצמן [ben-yehuda-rt; 1; 0.00] | (proclitic) לחוצה לארץ [base; 84; 0.36] | (proclitic) לחביבא ליה [base; 0; 0.00] | (proclitic) לחבלי לידה [base; 0; 0.00] | (proclitic) לחוזר לראש [base; 0; 0.00] | (proclitic) לחוץ לארץ [base; 43; 0.22]
ע״ק	rabbinic	77	AMBIGUOUS	עבור קצוב [ben-yehuda-rt; 0; 0.00] | עדי קדושין [ben-yehuda-rt; 4; 0.04] | עוד קשה [ben-yehuda-rt; 377; 0.10] | עולם קדמון [ben-yehuda-rt; 1; 0.00] | עולם קטן [ben-yehuda-rt; 89; 0.30] | עיין קונטרס [ben-yehuda-rt; 3; 0.00] | עיר קדשנו [ben-yehuda-rt; 21; 0.00] | על קבר [ben-yehuda-rt; 50; 0.02]
שט״נ	kabbalah	77	REVIEW	שגבנו טהרנו נורא [ben-yehuda-rt; 1; 0.00] | (proclitic) שטומאת נפש [base; 0; 0.00] | (proclitic) שטומאת נדה [base; 0; 0.00] | (proclitic) שטבילת נשים [base; 0; 0.00] | (proclitic) שטומאת נבלה [base; 0; 0.00] | (proclitic) שט' נקודות [base; 0; 0.00]
במ״ע	kabbalah	76	AMBIGUOUS	במאי עסקינן [ben-yehuda-rt; 6; 0.03] | במצות עשה [ben-yehuda-rt; 48; 0.14] | במקומה עומדת [ben-yehuda-rt; 37; 0.00] | במקום עדים [ben-yehuda-rt; 2; 0.01] | במקום עשירות [ben-yehuda-rt; 1; 0.00] | במקום עתיד [ben-yehuda-rt; 0; 0.00] | בני מעים [ben-yehuda-rt; 2; 0.00] | בעל מאור עינים [ben-yehuda-rt; 0; 0.00]
בס״ט	rabbinic	76	REVIEW	בסבי טעמא [ben-yehuda-rt; 11; 0.00] | (proclitic) בסימן טוב [base; 9; 0.00] | (proclitic) בספרדי טהור [base; 0; 0.00] | (proclitic) בסדר טהרות [base; 14; 0.01] | (proclitic) בסדרי טהרה [base; 14; 0.00] | (proclitic) בסופו טוב [base; 0; 0.00] | (proclitic) בסימן ט' [base; 15; 0.24] | (proclitic) בסימני טהרה [base; 7; 0.00]
בקו״א	rabbinic	76	REVIEW	בקונטרס אחרון [ben-yehuda-rt; 40; 0.05] | (proclitic) בקולף ואוכל [base; 0; 0.00] | (proclitic) בקידושא ואבדלתא [base; 5; 0.00]
ג״ד	rabbinic	76	AMBIGUOUS	גבאי דמתא [ben-yehuda-rt; 0; 0.00] | גדול דעה [ben-yehuda-rt; 18; 0.00] | גדולת דוד [ben-yehuda-rt; 3; 0.00] | ג' דברים [ben-yehuda-rt; 0; 0.00] | ג' דורות [ben-yehuda-rt; 0; 0.00] | גומל דלים [ben-yehuda-rt; 9; 0.06] | גזר דין [ben-yehuda-rt; 294; 0.00] | גילוי דעת [ben-yehuda-rt; 46; 0.01]
הכ״ח	kabbalah	76	REVIEW	הכל חייבין [ben-yehuda-rt; 4; 0.00] | (proclitic) הכבוד חכמים [base; 0; 0.00] | (proclitic) הכדי חייו [base; 0; 0.00] | (proclitic) הכדי חלוקה [base; 0; 0.00] | (proclitic) הכה חפץ [base; 0; 0.00] | (proclitic) הכלו חייב [base; 0; 0.00] | (proclitic) הכח חיונו [base; 0; 0.00] | (proclitic) הכל חד [base; 0; 0.00]
כנ״ד	rabbinic	76	AMBIGUOUS	כנטול דמי [ben-yehuda-rt; 62; 0.00] | כנקוב דמי [ben-yehuda-rt; 11; 0.00] | (proclitic) כנגמר דינו [base; 0; 0.00] | (proclitic) כנדון דידן [base; 24; 0.35] | (proclitic) כנדת דם [base; 0; 0.00] | (proclitic) כנהמא דכסיפא [base; 0; 0.00] | (proclitic) כנועל דלת [base; 0; 0.00] | (proclitic) כנחלת דוד [base; 0; 0.00]
לה״א	kabbalah	76	AMBIGUOUS	לבן הארמי [ben-yehuda-rt; 43; 0.00] | ליהודים היתה אורה [ben-yehuda-rt; 118; 0.01] | (proclitic) להוה אמינא [base; 0; 0.02] | (proclitic) לה' אותיות [base; 0; 0.00] | (proclitic) לה' אלפים [base; 0; 0.00] | (proclitic) להא אמרת [base; 0; 0.00] | (proclitic) להוא אומר [base; 0; 0.00] | (proclitic) להוא אלהים [base; 0; 0.00]
מט״ז	rabbinic	76	AMBIGUOUS	מטעם זה [ben-yehuda-rt; 682; 0.01] | מטה זהב [ben-yehuda-rt; 0; 0.00] | (proclitic) מטורי זהב [base; 0; 0.00] | (proclitic) מטומאת זב [base; 1; 0.00] | (proclitic) מטמא ז' [base; 0; 0.00] | (proclitic) מטעון זריקה [base; 0; 0.00] | (proclitic) מטעם זקנים [base; 0; 0.00]
