rank	tier	surface form	frequency (unresolved Aramaic tokens)	3 representative refs	dialect/corpus	candidate lemma(s)	reason code	reason unresolved	open-source evidence (Hebrew senses: k=Krupnik j=Jastrow h=Wiktionary r=reviewed)	Jastrow entry (PD English, as printed)	HeArukh/Meturgeman evidence	suggested SHORT Hebrew gloss (only a complete deterministic analysis)	status	confidence	needs human review
1	top-100	אלה	22	Daniel.2.18 Daniel.2.23 Daniel.2.28	Biblical Aramaic (Daniel, Ezra) (B)		EXCLUDED_REVIEW	excluded by review: the source gloss is wrong here — excluded	—	—	not available (no open digital HeArukh/Meturgeman text)			—	yes
2	top-100	מלכותא	14	Daniel.2.37 Daniel.2.42 Daniel.2.44	Biblical Aramaic (Daniel, Ezra) (B)	מלכותא מלכות	REVIEW_CANDIDATE	complete analysis below the review gate (fewer than 200 uses here) — REVIEW_GATE מלכותא/-/- "ממשלה" n=14	מלכותא: ממשלה [krupnik]	מלכותא: J(מַלְכוּתָא): kingdom, rulership; Pl. ;; מלכות: J(מַלְכוּת bh): kingdom, government; office.; a benediction invoking God as king; the references to the di	not available (no open digital HeArukh/Meturgeman text)	ממשלה	REVIEW	medium (~80% right in the sample)	yes
3	top-100	נהרה	13	Ezra.4.10 Ezra.4.11 Ezra.4.17	Biblical Aramaic (Daniel, Ezra) (B)	נהר נהרא הרא הרה	REVIEW_CANDIDATE	complete analysis below the review gate (fewer than 200 uses here) — REVIEW_GATE נהר/-/- "האיר · נזכר" n=13	נהר: האיר [krupnik] | נזכר [krupnik] | הואר [krupnik] | נהר [jastrow] | נהר [jastrow] ;; נהרא: נהר, נחל [krupnik] | אור [krupnik]	נהר: K: to enlighten | erleuchten || J(נָהַר bh): to break forth, shine; to enlighten || J(נְהַר I ch): to shine; Part. pass; bright, clear || J(נָהָר bh): river, stream, canal || J(נְהַר II ch): N’har Abba ;; נהרא: J(נַהֲרָא III): brightne	not available (no open digital HeArukh/Meturgeman text)	האיר · נזכר	REVIEW	low (~67%)	yes
4	top-100	ומנ	11	Daniel.2.41 Daniel.3.6 Daniel.3.11	Biblical Aramaic (Daniel, Ezra) (B)	מנ מאנ גלל	REVIEW_CANDIDATE	complete analysis below the review gate (fewer than 200 uses here) — REVIEW_GATE מנ/-/w "ומאין" n=11	מנ: מאין [jastrow] | מן [jastrow] | מן [jastrow] | מי [he] ;; מאנ: מי [krupnik] | קנקן [jastrow] ;; גלל: גַּלֵּל גלל [krupnik] | אבן לא מסותתה [krupnik] | גוש [krupnik] | לכן [krupnik] | מפני [krupnik] | למען [krupnik] | גלל [jastrow] | גלל [jastrow]	מנ: J(מִן bh): from, of; more; less; than || J(מִן ² ch): from me; from thee;; from him || J(מָן I bh): portion, food; man; the manna || J(מַן I ch): a day’s; support; man || J(מַן): who?, what? || J(מָן III): thing, vessel, garment; coulte	not available (no open digital HeArukh/Meturgeman text)	ומאין	REVIEW	medium (~80% right in the sample)	yes
5	top-100	אנתה	10	Daniel.2.29 Daniel.2.31 Daniel.2.37	Biblical Aramaic (Daniel, Ezra) (B)	אנת אנתא אנתתא	REVIEW_CANDIDATE	complete analysis below the review gate (fewer than 200 uses here) — REVIEW_GATE אנת/-/- "אתה" n=10	אנת: אתה [jastrow] ;; אנתא: לחם [krupnik] ;; אנתתא: אשה [krupnik]	אנת: J(אַנְתְּ): thou. ;; אנתא: J(*אִנְתָּא): essence, substance ;; אנתתא: J(אִנְתְּתָא): woman, wife	not available (no open digital HeArukh/Meturgeman text)	אתה	REVIEW	low (~67%)	yes
6	top-100	ודי	10	Daniel.2.41 Daniel.2.43 Daniel.4.5	Biblical Aramaic (Daniel, Ezra) (B)	די ודי הוא	SENSE_CHOICE	several Hebrew senses (or two lemmas) — a reviewer must choose — AMBIGUOUS_SENSE די: אשר, ש־ | כי | שאם	די: אשר, ש־ [krupnik] | כי [krupnik] | שאם [krupnik] | של [he] | אשר, ש־ [he] ;; הוא: היה [krupnik] | הוא [jastrow]	די: J(דִּי): who, which, where, whom; mine, thine; ḥazith || J(דִּי II): for if; for if not; for if not so || J(דַּי bh): sufficiency, plenty; enough for; enough for me || J(דִּי־): two, twice ;; הוא: K: supposed | vorausgesetzt || J(הוּא b	not available (no open digital HeArukh/Meturgeman text)			—	yes
7	top-100	ואמרינ	9	Daniel.2.7 Daniel.2.10 Daniel.3.9	Biblical Aramaic (Daniel, Ezra) (B)	אמר מרא נמר מרי	REVIEW_CANDIDATE	complete analysis below the review gate (fewer than 200 uses here) — REVIEW_GATE אמר/pe.ptcp.mp/w "ואומרים" n=9	אמר: הלעיט [krupnik] | אמר [jastrow] | טלה, כבש [he] ;; מרא: מעדר [krupnik] ;; נמר: עשה דבר נקוד וטלוא [krupnik] | נמר [jastrow] ;; מרי: מרי [jastrow]	אמר: J(אָמַר I bh): to join, knot; to be knotted, thick;; to heap up;; to join words, compose || J(אֲמַר ch): they say, it is said; Inf; does this mean to say? || J(אָמַר II bh): to be thick, strong; to thrive; to boast, vaunt, be oppressiv	not available (no open digital HeArukh/Meturgeman text)	ואומרים	REVIEW	medium (~85%)	yes
8	top-100	שימ	9	Daniel.3.29 Daniel.4.3 Daniel.6.27	Biblical Aramaic (Daniel, Ezra) (B)	שומ נשמ אשמ	REVIEW_CANDIDATE	complete analysis below the review gate (fewer than 200 uses here) — REVIEW_GATE שומ/-/- "שם" n=9	שומ: אמד, שיער, העריך [krupnik] | נערך [krupnik] | הערכה ואומד [krupnik] | שם [krupnik] | בשביל [krupnik] | כשם [krupnik] | בסבת, מפאת [krupnik] | מפני שׁ־ [krupnik] | שום [jastrow] | שום [jastrow] | שום [jastrow] ;; נשמ: נח [krupnik] | הבריא [krupnik] | נשם [jastrow]	שומ: J(שׂוּם bh): to place, put, appoint, make || J(שׂוּם ² ch): to be placed || J(שׁוּם I): to arrange;; to value, estimate; to mark, name; v’sam || J(שׁוּם ch): to tax, impose fine || J(שׁוּם II): valuation, estimate; the description and 	not available (no open digital HeArukh/Meturgeman text)	שם	REVIEW	low (~67%)	yes
9	top-100	ברא	8	Daniel.2.38 Daniel.4.9 Daniel.4.12	Biblical Aramaic (Daniel, Ezra) (B)	ברא ברי בר בור ברתא	REVIEW_CANDIDATE	complete analysis below the review gate (fewer than 200 uses here) — REVIEW_GATE ברא/-/- "ברא" n=8	ברא: יער, שדה [krupnik] | פרא, מדברי [krupnik] | ברא [krupnik] | נקב [krupnik] | ברא [krupnik] | היה בריא וחזק [krupnik] | נקב, חדר [krupnik] ;; ברי: ברא [krupnik] | היה בריא וחזק [krupnik] | נברא [krupnik] | חיזק [krupnik] | נקב [krupnik] | נקב, חדר [krupnik] | חזר לאיתנו [krupnik] | חזק [krupnik] 	ברא: J(בָּרָא I ch): outside, forest || J(בָּרָא II): to create || J(בְּרָא II): son ;; ברי: J(ברי I bh): to hollow out, perforate; to think out, plan; to create || J(ברי ch): to create; to get well, strong; to cut, shape || J(ברי II bh): t	not available (no open digital HeArukh/Meturgeman text)	ברא	REVIEW	medium (~80% right in the sample)	yes
10	top-100	אחרי	7	Daniel.2.29 Daniel.2.39 Daniel.2.45	Biblical Aramaic (Daniel, Ezra) (B)	אחורי אחר חרה חרי נחר	SENSE_CHOICE	several Hebrew senses (or two lemmas) — a reviewer must choose — AMBIGUOUS אחורי/ "אחרת" ~ אחר/n.sg "נהג בשגעון"	אחורי: אחרת [jastrow] ;; אחר: נהג בשגעון [krupnik] | אחר [jastrow] ;; חרה: הכעיס, גרם חרון [krupnik] ;; חרי: הדליק, הסיק [krupnik] | גללים [krupnik] | חרי [jastrow] ;; נחר: דקר [krupnik] | שתת דם [krupnik] | נדקר [krupnik] | השמיע קול נחרה [krupnik] | נחר [jastrow]	אחורי: J(אֲחוֹרִי): another, something else ;; אחר: J(אָחַר bh): to be behind; to cover; to tarry, hesitate; to set behind || J(אֲחַר ch): to be behind; to cover; be delayed || J(אַחַר bh): after, behind; aḥaré; in connection with || J(אַחֵ	not available (no open digital HeArukh/Meturgeman text)			—	yes
11	top-100	היכלא	7	Daniel.5.2 Daniel.5.3 Daniel.5.5	Biblical Aramaic (Daniel, Ezra) (B)	היכלא היכל	REVIEW_CANDIDATE	complete analysis below the review gate (fewer than 200 uses here) — REVIEW_GATE היכלא/-/- "היכל" n=7	היכלא: היכל [jastrow]	היכל: J(הֵיכָל bh): palace, the Temple;; the Holy	not available (no open digital HeArukh/Meturgeman text)	היכל	REVIEW	medium (~80% right in the sample)	yes
12	top-100	וכנ	7	Daniel.2.24 Daniel.2.25 Daniel.4.11	Biblical Aramaic (Daniel, Ezra) (B)	כנ	MORPHOLOGY	a known lemma with a Hebrew sense is reachable, but a precision rule blocks the analysis — NO_ANALYSIS	כנ: כן [jastrow] | מכאן ואילך [jastrow]	כנ: J(כַּן): here || J(כֵּן I bh): so, thus; for such a purpose || J(כֵּן ch): after this; therefore; it is so; is it so, indeed? || J(כֵּן II): base, stand, rest; social status; Pi.	not available (no open digital HeArukh/Meturgeman text)			—	yes
13	top-100	ומני	7	Daniel.2.49 Daniel.3.29 Daniel.4.3	Biblical Aramaic (Daniel, Ezra) (B)	מני מנו מנ אמנ אנה מנא	REVIEW_CANDIDATE	complete analysis below the review gate (fewer than 200 uses here) — REVIEW_GATE מני/-/w "ומנה וספר" n=7	מני: מנה וספר [krupnik] | קבע והפקיד [krupnik] | הכניס בחשבון המנויים [krupnik] | נמנה [krupnik] | נתמנה [krupnik] | נכנס בחשבון המשתתפים [krupnik] | מי היא [krupnik] | דעת מי היא [krupnik] | מני [jastrow] ;; מנו: מי הוא [krupnik] ;; מנ: מאין [jastrow] | מן [jastrow] | מן [jastrow] | מי [he] ;; אמנ:	מני: J(מָנֵי): a weight || J(מני bh): to divide, distribute; to count; counted || J(מְנֵי ch): to count; to appoint; to appoint, ordain ;; מנו: J(מַנּוּ): who is he?, who is it?; Fem; whose opinion is this? ;; מנ: J(מִן bh): from, of; more;	not available (no open digital HeArukh/Meturgeman text)	ומנה וספר	REVIEW	medium (~80% right in the sample)	yes
14	top-100	אנת	6	Daniel.3.10 Daniel.4.19 Daniel.5.13	Biblical Aramaic (Daniel, Ezra) (B)	אנת אינ אנה אנתא אני	REVIEW_CANDIDATE	complete analysis below the review gate (fewer than 200 uses here) — REVIEW_GATE אנת/-/- "אתה" n=6	אנת: אתה [jastrow] ;; אינ: אם [krupnik] ;; אנה: ציער והקניט [krupnik] ;; אנתא: לחם [krupnik] ;; אני: ינה [jastrow]	אנת: J(אַנְתְּ): thou. ;; אינ: K: yes | ja || J(אָיַן): to look upon, investigate || J(אַיִן I): naught; something rounded, decorative || J(אַיִן II bh): where?; whither?; whence || J(אֵין bh): nothing, not; not I; so much the more || J(אִי	not available (no open digital HeArukh/Meturgeman text)	אתה	REVIEW	medium (~80% right in the sample)	yes
15	top-100	ולשניא	6	Daniel.3.4 Daniel.3.7 Daniel.3.31	Biblical Aramaic (Daniel, Ezra) (B)	שניא שנ שנא שנה שני	MORPHOLOGY	a known lemma with a Hebrew sense is reachable, but a precision rule blocks the analysis — NO_ANALYSIS	שנ: שן [jastrow] ;; שנא: שנא [jastrow] | שנה [jastrow] ;; שני: חזר, כפל [krupnik] | היה משונה, שונה [krupnik] | שינה והחליף [krupnik] | השיב [krupnik] | שינה והחליף [krupnik] | נשתנה ונתחלף [krupnik] | שני [jastrow]	שניא: J(שַׁנְיָא): different, a different thing; strange thing, folly ;; שנ: J(שֵׁן): tooth, tooth-like projection; the damage done by an animal’s eating; ubhiʿer || J(שֵׁן ² ch): the Cliff of Dor ;; שנא: J(שָׂנֵא bh): to hate; to be hated;	not available (no open digital HeArukh/Meturgeman text)			—	yes
16	top-100	ופשרא	6	Daniel.2.4 Daniel.2.16 Daniel.2.24	Biblical Aramaic (Daniel, Ezra) (B)	פישרא פשר	SENSE_CHOICE	several Hebrew senses (or two lemmas) — a reviewer must choose — AMBIGUOUS_SENSE פישרא: פתרון | גרה שהבהמה מעלה	פישרא: פתרון [krupnik] | גרה שהבהמה מעלה [krupnik] | שלג נמס [krupnik] ;; פשר: נמס [krupnik] | עשה פשרה וחוזה [krupnik] | נעשה קצת חם [krupnik] | התיר ונתק [krupnik] | תיווך [krupnik] | עשה את המים פושרים [krupnik] | עשה פשרה, השלים [krupnik] | פשר [jastrow]	פישרא: J(פִּישְׁרָא): solution, interpretation; dissolved food, cud; thawing snow ;; פשר: K: to be tepid | lauwarm sein || J(פָּשַׁר): to divide, to spread; to melt, dissolve; to be stale, tepid || J(פְּשַׁר I ch): to melt, be dissolved; to	not available (no open digital HeArukh/Meturgeman text)			—	yes
17	top-100	מני	6	Daniel.2.5 Daniel.2.8 Daniel.2.24	Biblical Aramaic (Daniel, Ezra) (B)		EXCLUDED_REVIEW	excluded by review: the source gloss is wrong here — excluded	—	—	not available (no open digital HeArukh/Meturgeman text)			—	yes
18	top-100	קל	6	Daniel.3.5 Daniel.3.7 Daniel.3.10	Biblical Aramaic (Daniel, Ezra) (B)	קל קלל	SENSE_CHOICE	several Hebrew senses (or two lemmas) — a reviewer must choose — AMBIGUOUS_SENSE קל: קול | בת קול	קל: קול [jastrow] | בת קול [jastrow] ;; קלל: קלל [jastrow] | קלל [jastrow]	קל: J(קַל I): to be light || J(קַל II bh): light; unimportant, of minor value; easy to achieve; lowly, poor. || J(קַל III): voice, sound; rumor; divine voice ;; קלל: K: to be cursed | verflucht werden || J(קָלָל): a vessel; the pitcher cont	not available (no open digital HeArukh/Meturgeman text)			—	yes
19	top-100	אל	5	Daniel.2.24 Daniel.4.16 Daniel.5.10	Biblical Aramaic (Daniel, Ezra) (B)	אל	MISSING_HEBREW_GLOSS	the dictionaries have the word, but no Hebrew sense (English only / Krupnik without Hebrew) — NO_ANALYSIS	—	אל: J(אַל־): appointed over treasures || J(אַל bh): not, no || J(אֶל bh): to turn; to, toward.; of itself, of my || J(אֵל bh): God	not available (no open digital HeArukh/Meturgeman text)			—	yes
20	top-100	במלכות	5	Daniel.4.14 Daniel.4.22 Daniel.4.29	Biblical Aramaic (Daniel, Ezra) (B)	מלכות מלכותא	MORPHOLOGY	a known lemma with a Hebrew sense is reachable, but a precision rule blocks the analysis — NO_ANALYSIS	מלכותא: ממשלה [krupnik]	מלכות: J(מַלְכוּת bh): kingdom, government; office.; a benediction invoking God as king; the references to the di ;; מלכותא: J(מַלְכוּתָא): kingdom, rulership; Pl.	not available (no open digital HeArukh/Meturgeman text)			—	yes
21	top-100	הקימ	5	Daniel.3.2 Daniel.3.3 Daniel.3.5	Biblical Aramaic (Daniel, Ezra) (B)	קומ	SENSE_CHOICE	several Hebrew senses (or two lemmas) — a reviewer must choose — AMBIGUOUS_SENSE קומ: העמיד	קומ: עמד, היה קיים [krupnik] | מי חלב [krupnik] | קום [jastrow] | העמיד [reviewed]	קומ: J(קוּם bh): to stand up, rise; to stand, exist; a transgression of a prohibitive law which you must re || J(קוּם ² ch): ḥălitsah; to ascertain; to bargain for || J(קוֹם): curdled milk, curd; whey; ḳom?	not available (no open digital HeArukh/Meturgeman text)			—	yes
22	top-100	וארו	5	Daniel.7.2 Daniel.7.5 Daniel.7.6	Biblical Aramaic (Daniel, Ezra) (B)	ארו אור ארא ארי ארוא	MORPHOLOGY	a known lemma with a Hebrew sense is reachable, but a precision rule blocks the analysis — NO_ANALYSIS	אור: אש [krupnik] | ערב [krupnik] | אור [jastrow] ;; ארא: עוף־ציד [krupnik] | שאל [krupnik] ;; ארי: כי [krupnik]	ארו: J(אֲרוּ): lo!, behold. ;; אור: J(אוֹר I bh): to perforate, break through, shine; to be broken through, grow light; to break through, sh || J(אוֹר ch): clear || J(אוֹר II bh): breaking forth; break of day, light, day; fire;; rise, glory	not available (no open digital HeArukh/Meturgeman text)			—	yes
23	top-100	וחזוי	5	Daniel.2.28 Daniel.4.2 Daniel.4.7	Biblical Aramaic (Daniel, Ezra) (B)	חזוי חזוא חזו חזויא	MORPHOLOGY	a known lemma with a Hebrew sense is reachable, but a precision rule blocks the analysis — NO_ANALYSIS	חזוי: מישור [krupnik] ;; חזוא: מראה [krupnik] ;; חזו: מראה [krupnik]	חזוא: J(חֶזְוָא): looks, appearance; vision; look-out, crossroad ;; חזויא: J(חֶזְוָיָא): seer	not available (no open digital HeArukh/Meturgeman text)			—	yes
24	top-100	ומלכותה	5	Daniel.2.44 Daniel.4.31 Daniel.6.27	Biblical Aramaic (Daniel, Ezra) (B)	מלכותא מלכות	MORPHOLOGY	a known lemma with a Hebrew sense is reachable, but a precision rule blocks the analysis — NO_ANALYSIS	מלכותא: ממשלה [krupnik]	מלכותא: J(מַלְכוּתָא): kingdom, rulership; Pl. ;; מלכות: J(מַלְכוּת bh): kingdom, government; office.; a benediction invoking God as king; the references to the di	not available (no open digital HeArukh/Meturgeman text)			—	yes
25	top-100	חיי	5	Daniel.2.4 Daniel.3.9 Daniel.5.10	Biblical Aramaic (Daniel, Ezra) (B)	חיי חיינ חייא חייתא חי	MISSING_HEBREW_GLOSS	the dictionaries have the word, but no Hebrew sense (English only / Krupnik without Hebrew) — NO_HEBREW_SENSE חיי	חיי: חיי [jastrow] ;; חיינ: חיים [jastrow] ;; חייא: מילדת [krupnik] ;; חייתא: יולדת [krupnik] | מילדת [krupnik] | כפר [krupnik] | שק [krupnik] | חיה [jastrow] ;; חי: חי [jastrow]	חיי: J(חיי bh): to live; Part.; to heal; to recover, regain health || J(חֲיִי ch): Part. || J(חַיֵּי): life; the living ;; חייא: J(חַיָּיא): midwife || J(חַיַּיָּא): life; the living ;; חייתא: J(חַיְיתָא I): living creature || J(חַיְיתָא II	not available (no open digital HeArukh/Meturgeman text)			—	yes
26	top-100	יתעבד	5	Daniel.3.29 Ezra.6.11 Ezra.6.12	Biblical Aramaic (Daniel, Ezra) (B)	עבד	MORPHOLOGY	a known lemma with a Hebrew sense is reachable, but a precision rule blocks the analysis — NO_ANALYSIS	עבד: תיקן והכשיר [krupnik] | עבד [jastrow] | עבד [jastrow] | עשה [reviewed]	עבד: K: to tan | gerben || J(עָבַד bh): to work; to serve, work for.; to do priestly service || J(עֲבַד I ch): to do, labor; to make; to act; to do, fare, prosper; to spend time || J(עֶבֶד bh): slave; servant || J(עֲבַד ch): worshipper	not available (no open digital HeArukh/Meturgeman text)			—	yes
27	top-100	להחויה	5	Daniel.2.10 Daniel.2.16 Daniel.2.27	Biblical Aramaic (Daniel, Ezra) (B)		TRUE_LEXICAL_GAP	no lexicon entry the form could belong to — NO_ANALYSIS	—	—	not available (no open digital HeArukh/Meturgeman text)			—	yes
28	top-100	להמ	5	Ezra.5.3 Ezra.5.4 Ezra.5.9	Biblical Aramaic (Daniel, Ezra) (B)	להמ המ הוא	MORPHOLOGY	a known lemma with a Hebrew sense is reachable, but a precision rule blocks the analysis — NO_ANALYSIS	הוא: היה [krupnik] | הוא [jastrow]	להמ: J(לָהַם): Hithpa. ;; הוא: K: supposed | vorausgesetzt || J(הוּא bh): he, it; she; it is; whosoever, whatsoever; whatever it may be, a minimum || J(הוּא ² ch): myself, thyself	not available (no open digital HeArukh/Meturgeman text)			—	yes
29	top-100	לשדרכ	5	Daniel.2.49 Daniel.3.13 Daniel.3.20	Biblical Aramaic (Daniel, Ezra) (B)	שדרא	MORPHOLOGY	a known lemma with a Hebrew sense is reachable, but a precision rule blocks the analysis — NO_ANALYSIS	שדרא: גבשושית [krupnik] | שדרה [jastrow]	שדרא: J(שִׁדְרָא): twisted rope; spinal column; pl.	not available (no open digital HeArukh/Meturgeman text)			—	yes
30	top-100	מלכו	5	Daniel.2.39 Daniel.2.41 Daniel.2.44	Biblical Aramaic (Daniel, Ezra) (B)	מלכו מלכותא מל מלכ	SENSE_CHOICE	several Hebrew senses (or two lemmas) — a reviewer must choose — AMBIGUOUS pron:לכו/fixed "מלכם" ~ מלכו/ "עצה · מלכות, ממשלה"	מלכו: עצה [krupnik] | מלכות, ממשלה [krupnik] ;; מלכותא: ממשלה [krupnik] ;; מל: נוח לימלל [krupnik] ;; מלכ: יעץ [krupnik] | מלך, משל [krupnik] | המשיל [krupnik] | נתיעץ [krupnik] | מלך [jastrow] | מלך [jastrow]	מלכו: J(מִלְכוּ): consultation ;; מלכותא: J(מַלְכוּתָא): kingdom, rulership; Pl. ;; מל: J(מַל): brittle, easily crushed ;; מלכ: K: to take counsel | sich beraten || J(*מַלָּךְ): what is it to thee?; of no practical value || J(מָלַךְ bh): to	not available (no open digital HeArukh/Meturgeman text)			—	yes
31	top-100	מלכותה	5	Daniel.3.33 Daniel.4.28 Daniel.5.20	Biblical Aramaic (Daniel, Ezra) (B)	מלכותא מלכות	MORPHOLOGY	a known lemma with a Hebrew sense is reachable, but a precision rule blocks the analysis — NO_ANALYSIS	מלכותא: ממשלה [krupnik]	מלכותא: J(מַלְכוּתָא): kingdom, rulership; Pl. ;; מלכות: J(מַלְכוּת bh): kingdom, government; office.; a benediction invoking God as king; the references to the di	not available (no open digital HeArukh/Meturgeman text)			—	yes
32	top-100	ענו	5	Daniel.2.7 Daniel.2.10 Daniel.3.9	Biblical Aramaic (Daniel, Ezra) (B)	עניו עני עונ ענוא	MORPHOLOGY	a known lemma with a Hebrew sense is reachable, but a precision rule blocks the analysis — NO_ANALYSIS	עני: השיב, ענה [krupnik] | זימר במקהלה [krupnik] | איחר [krupnik] | עינה, גרם יסורים [krupnik] | אנס אשה [krupnik] | התענה [krupnik] | נעשה עני [krupnik] | עני [jastrow] | עני [jastrow]	עניו: J(עָנָיו bh): submissive, meek, kind, patient; ʿanan ;; עני: J(עני bh): to turn, come out in turn; to begin to speak; to respond; to speak; sing in chorus; to ans || J(עֲנֵי): to speak; sing in chorus; to respond; to be answered || J(	not available (no open digital HeArukh/Meturgeman text)			—	yes
33	top-100	פחת	5	Ezra.5.3 Ezra.5.6 Ezra.6.6	Biblical Aramaic (Daniel, Ezra) (B)	פחת פוח פחתא פחי	SENSE_CHOICE	several Hebrew senses (or two lemmas) — a reviewer must choose — AMBIGUOUS_SENSE פחת: ניקר וחיטט | מיעט | נתמעט | מיעט, החסיר | נשבר | כלי שבור | גרעון	פחת: ניקר וחיטט [krupnik] | מיעט [krupnik] | נשבר קצתו [krupnik] | נתמעט [krupnik] | מיעט [krupnik] | נתמעט [krupnik] | מיעט, החסיר [krupnik] | נשבר [krupnik] | נתמעט [krupnik] | כלי שבור [krupnik] | גרעון [krupnik] | פחת [jastrow] | פחת [jastrow] ;; פוח: צייר [krupnik] | עורר [krupnik] | הוציא אדי 	פחת: J(פָּחַת): to hollow out, dig; to diminish, lessen, decrease; to diminish, lessen. || J(פְּחַת ch): to diminish; to become defective, be broken; to become defective, be broken, damaged || J(פַּחַת): cavity, pit.; defective spot, breach	not available (no open digital HeArukh/Meturgeman text)			—	yes
34	top-100	פשרא	5	Daniel.2.25 Daniel.2.30 Daniel.4.15	Biblical Aramaic (Daniel, Ezra) (B)	פישרא פשר	SENSE_CHOICE	several Hebrew senses (or two lemmas) — a reviewer must choose — AMBIGUOUS_SENSE פישרא: פתרון | גרה שהבהמה מעלה	פישרא: פתרון [krupnik] | גרה שהבהמה מעלה [krupnik] | שלג נמס [krupnik] ;; פשר: נמס [krupnik] | עשה פשרה וחוזה [krupnik] | נעשה קצת חם [krupnik] | התיר ונתק [krupnik] | תיווך [krupnik] | עשה את המים פושרים [krupnik] | עשה פשרה, השלים [krupnik] | פשר [jastrow]	פישרא: J(פִּישְׁרָא): solution, interpretation; dissolved food, cud; thawing snow ;; פשר: K: to be tepid | lauwarm sein || J(פָּשַׁר): to divide, to spread; to melt, dissolve; to be stale, tepid || J(פְּשַׁר I ch): to melt, be dissolved; to	not available (no open digital HeArukh/Meturgeman text)			—	yes
35	top-100	צלמא	5	Daniel.2.31 Daniel.2.32 Daniel.3.2	Biblical Aramaic (Daniel, Ezra) (B)	צלמ	MISSING_HEBREW_GLOSS	the dictionaries have the word, but no Hebrew sense (English only / Krupnik without Hebrew) — NO_HEBREW_SENSE צלמ	צלמ: צייר [krupnik] | צלם [jastrow]	צלמ: J(צְלַם): to paint; dark || J(צֶלֶם bh): shadow, picture, image; ur’du; yerʾdu	not available (no open digital HeArukh/Meturgeman text)			—	yes
36	top-100	קרנא	5	Daniel.3.5 Daniel.3.7 Daniel.3.10	Biblical Aramaic (Daniel, Ezra) (B)	קרנ קרא דנא רני	MISSING_HEBREW_GLOSS	the dictionaries have the word, but no Hebrew sense (English only / Krupnik without Hebrew) — NO_HEBREW_SENSE קרנ	קרנ: קרן [jastrow] ;; קרא: קשוא בצורת בקבוק [krupnik] | בקי במקרא [krupnik] | קרא [jastrow] | מקרא [jastrow] | דלעת [he] ;; דנא: זה [krupnik] | חבית גדולה [krupnik] | הגה, דיבר [krupnik]	קרנ: J(קָרַן bh): to emit horns; rays; to be horned. || J(קְרַן I): ḳaran; to join, harness, put to || J(קֶרֶן): joint, attachment; roundness, fulness; horn; shofars || J(קְרַן II ch): horn; strength; beam, ray; projection; corner ;; קרא: K	not available (no open digital HeArukh/Meturgeman text)			—	yes
37	top-100	רברבנ	5	Daniel.2.48 Daniel.7.3 Daniel.7.7	Biblical Aramaic (Daniel, Ezra) (B)	רברבא רברב רברבנא	MISSING_HEBREW_GLOSS	the dictionaries have the word, but no Hebrew sense (English only / Krupnik without Hebrew) — NO_HEBREW_SENSE רברבא	רברב: התגדל והתנשא [krupnik] | רברב [jastrow]	רברבא: J(רַבְרְבָא): great; great man; prince, officer.; Pl.; Fem. ;; רברב: J(רִבְרֵב): to raise, make great; to assume superiority || J(רַבְרֵב ch): to be chief; to lead; to be great; to claim superiority; to boast ;; רברבנא: J(רַבְרְבָנָא	not available (no open digital HeArukh/Meturgeman text)			—	yes
38	top-100	שלטנ	5	Daniel.4.23 Daniel.4.31 Daniel.6.27	Biblical Aramaic (Daniel, Ezra) (B)	שלטנ שלט שלטא	MORPHOLOGY	a known lemma with a Hebrew sense is reachable, but a precision rule blocks the analysis — NO_ANALYSIS	שלט: משל [krupnik] | נעשה שליט, נתיפה כחו [krupnik] | שלט [jastrow] ;; שלטא: שלט [jastrow]	שלט: J(שָׁלַט bh): to handle; to rule, have power over; zohăma || J(שְׁלַט ch): to handle; to give power, appoint; to be made || J(שֶׁלֶט bh): armor, shields;; arm-bearers; the righteous as the protectors of their generation ;; שלטא: J(שִׁל	not available (no open digital HeArukh/Meturgeman text)			—	yes
39	top-100	אבוכ	4	Daniel.5.11 Daniel.5.18	Biblical Aramaic (Daniel, Ezra) (B)	אבו אבכ בוכ	MISSING_HEBREW_GLOSS	the dictionaries have the word, but no Hebrew sense (English only / Krupnik without Hebrew) — NO_ANALYSIS	—	אבו: J(אִבּוּ): Ibbu ;; אבכ: J(אָבַךְ bh): to entangle.; Hithp; to blend ;; בוכ: J(בּוּךְ ch): to run to and fro, be agitated	not available (no open digital HeArukh/Meturgeman text)			—	yes
40	top-100	אלהה	4	Daniel.6.6 Daniel.6.11 Daniel.6.12	Biblical Aramaic (Daniel, Ezra) (B)	להי	MISSING_HEBREW_GLOSS	the dictionaries have the word, but no Hebrew sense (English only / Krupnik without Hebrew) — NO_ANALYSIS	—	להי: J(לְהִי): to be bent;; to be tired; to tire, annoy	not available (no open digital HeArukh/Meturgeman text)			—	yes
41	top-100	אסר	4	Daniel.6.8 Daniel.6.13 Daniel.6.16	Biblical Aramaic (Daniel, Ezra) (B)	אסר איסר איסור אסיר אסרה יסר	MISSING_HEBREW_GLOSS	the dictionaries have the word, but no Hebrew sense (English only / Krupnik without Hebrew) — NO_HEBREW_SENSE אסר	אסר: אסר [jastrow] ;; איסר: מטבע־נחושת רומי [krupnik] | איסר [jastrow] ;; איסור: מצות לא תעשה [krupnik] | תוספת [krupnik] | תפיסה [krupnik] | תפוס [krupnik] ;; אסרה: רתימה [krupnik] ;; יסר: יסר [jastrow]	אסר: J(אָסַר bh): to surround, enclose; to chain, imprison; to sentence to prison; to harness, put the horse || J(אֲסַר ch): to chain, imprison; to bind by spell, charm; to tie up, put on ;; איסר: J(אִיסָר): Italian As; coin; Chald. || J(אִ	not available (no open digital HeArukh/Meturgeman text)			—	yes
42	top-100	ארבע	4	Daniel.7.2 Daniel.7.6 Daniel.7.17	Biblical Aramaic (Daniel, Ezra) (B)	ארבעה ארבע רבע ארבעא	MISSING_HEBREW_GLOSS	the dictionaries have the word, but no Hebrew sense (English only / Krupnik without Hebrew) — NO_HEBREW_SENSE ארבעה	ארבעה: ארבעה [jastrow] ;; רבע: השקה [krupnik] | עשה בפעם הרביעית [krupnik] | עשה בצורת מרובע [krupnik] | רבע [jastrow]	ארבעה: J(אַרְבָּעָה I): four; forty || J(אַרְבְּעָה ch): the fourth; forty; fourteen, fourteenth || J(*אַרְבָּעָה II): couching ;; ארבע: J(אַרְבַּע): four ;; רבע: J(רָבַע bh): to lie with, copulate with, cover; to have connection with a bea	not available (no open digital HeArukh/Meturgeman text)			—	yes
43	top-100	בגוה	4	Daniel.4.34 Ezra.4.15 Ezra.5.7	Biblical Aramaic (Daniel, Ezra) (B)	גו גוהא גוא גוי	MORPHOLOGY	a known lemma with a Hebrew sense is reachable, but a precision rule blocks the analysis — NO_ANALYSIS	גו: יש דברים בענין הזה [krupnik] | גו [jastrow] | קרב [jastrow] | מתוך [jastrow] ;; גוהא: רעם ורעש [krupnik] ;; גוא: תוך, קרב [krupnik] ;; גוי: העמיק [krupnik]	גו: K: belly, innermost | Inneres, Mitte || J(גֵּו bh): belly, body;; within, among || J(גֵּו ² ch): belly; innermost; among, amid; in, into; because, in consequence of ;; גוהא: J(גּוּהָא): an abrupt sound, a subterranean thunder, earthquak	not available (no open digital HeArukh/Meturgeman text)			—	yes
44	top-100	בחזוי	4	Daniel.4.10 Daniel.7.2 Daniel.7.7	Biblical Aramaic (Daniel, Ezra) (B)	חזוי חזוא חזו חזויא	MORPHOLOGY	a known lemma with a Hebrew sense is reachable, but a precision rule blocks the analysis — NO_ANALYSIS	חזוי: מישור [krupnik] ;; חזוא: מראה [krupnik] ;; חזו: מראה [krupnik]	חזוא: J(חֶזְוָא): looks, appearance; vision; look-out, crossroad ;; חזויא: J(חֶזְוָיָא): seer	not available (no open digital HeArukh/Meturgeman text)			—	yes
45	top-100	בחיל	4	Daniel.3.4 Daniel.4.11 Daniel.4.32	Biblical Aramaic (Daniel, Ezra) (B)	בחל חיל חייל חילא יחל נחל	MORPHOLOGY	a known lemma with a Hebrew sense is reachable, but a precision rule blocks the analysis — NO_ANALYSIS	בחל: סייע לבישול הפרי [krupnik] ;; חיל: ערך למלחמה [krupnik] | אימץ וחיזק [krupnik] | נתחזק [krupnik] | התגודד [krupnik] ;; חייל: המתיק [krupnik] | מחל [krupnik] ;; נחל: נחל [jastrow]	בחל: K: to ripen | reifen || J(בָּחַל I bh): to be disordered, sick;; to be in that stage of ripening when the fig is called boḥal; || J(בָּחַל II): to hasten.; Pi.; to come early ;; חיל: J(חֵיל I): surrounding; Ḥel || J(חִיל): Pa.; to stre	not available (no open digital HeArukh/Meturgeman text)			—	yes
46	top-100	בכ	4	Daniel.4.6 Daniel.4.15 Daniel.5.14	Biblical Aramaic (Daniel, Ezra) (B)		TRUE_LEXICAL_GAP	no lexicon entry the form could belong to — NO_ANALYSIS	—	—	not available (no open digital HeArukh/Meturgeman text)			—	yes
47	top-100	גבא	4	Daniel.6.18 Daniel.6.24 Daniel.6.25	Biblical Aramaic (Daniel, Ezra) (B)	גבא גב גוב גבי גבה גיב	REVIEW_CANDIDATE	complete analysis below the review gate (fewer than 200 uses here) — REVIEW_GATE גבא/-/- "גב, הצד העליון · אצל, אל" n=4	גבא: גב, הצד העליון [krupnik] | אצל, אל [krupnik] | ממעל ל־ [krupnik] | הוקיר [krupnik] ;; גב: גב [jastrow] ;; גוב: השיב, ענה [krupnik] | בור [krupnik] | מקום גבוה, גובה [krupnik] | גוף, חתיכה [krupnik] | גוב [jastrow] ;; גבי: גבא, מקום מקוה מים [krupnik] | גבי [jastrow] ;; גבה: תבע ולקח דמי פרעון [	גבא: K: to collect, to tax | einfordern, Steuern, Tribut, Strafe erheben || K: to fine, to confiscate, to gain | eintreiben, Vorteil ziehen || K: to be fined | erhoben werden (Strafe) || J(גֶּבֶא): cavity for collecting water, pond, cistern	not available (no open digital HeArukh/Meturgeman text)	גב, הצד העליון · אצל, אל	REVIEW	medium (~80% right in the sample)	yes
48	top-100	גברינ	4	Daniel.3.8 Daniel.3.12 Daniel.3.24	Biblical Aramaic (Daniel, Ezra) (B)	גבר גברא	REVIEW_CANDIDATE	complete analysis below the review gate (fewer than 200 uses here) — REVIEW_GATE גבר/n.pl/- "היה חזק, הלך וגדול" n=4	גבר: היה חזק, הלך וגדול [krupnik] | חיזק [krupnik] | עשה שיתגבר [krupnik] | איש [krupnik] | גבר [jastrow] | גבר [jastrow] ;; גברא: איש [krupnik] | גבור [krupnik]	גבר: K: a certain man, euphem: I, thou | ein gewisser Mann, (euphem): ich, du || J(גָּבַר bh): to be uppermost, prevail; to be strong; to make strong, strengthen, sustain; to grow stron || J(גְּבַר I ch): Pi.; growing, swelling; to make str	not available (no open digital HeArukh/Meturgeman text)	היה חזק, הלך וגדול	REVIEW	low (~74%)	yes
49	top-100	גלותא	4	Daniel.2.25 Daniel.5.13 Daniel.6.14	Biblical Aramaic (Daniel, Ezra) (B)	גלותא גולה גלות	REVIEW_CANDIDATE	complete analysis below the review gate (fewer than 200 uses here) — REVIEW_GATE גלותא/-/- "גלות" n=4	גלותא: גלות [krupnik] | ראש הגולים בבבל [krupnik] | גלות [jastrow]	גלותא: J(גָּלוּתָא ch): Resh-Galutha; exiles ;; גולה: J(גּוֹלָה bh): exile; the diaspora, Jews living abroad; Babylonians || J(גּוּלָּה bh): cup, bowl ;; גלות: J(גָּלוּת bh): exile;; the exiled community, diaspora.; banishment to the city o	not available (no open digital HeArukh/Meturgeman text)	גלות	REVIEW	medium (~80% right in the sample)	yes
50	top-100	דתא	4	Daniel.2.15 Ezra.7.12 Ezra.7.21	Biblical Aramaic (Daniel, Ezra) (B)	דת תא אתא	MISSING_HEBREW_GLOSS	the dictionaries have the word, but no Hebrew sense (English only / Krupnik without Hebrew) — NO_HEBREW_SENSE דת	דת: דת [jastrow] ;; אתא: סימן [krupnik] | בא [krupnik] | הביא [reviewed]	דת: J(דָּת bh): dîn; custom, law; judgment, punishment; religion ;; תא: J(תָּא I bh): cell; compartment back of the Holy of Holies; yatsiʿa, tselʿa, ta.— ;; אתא: J(אָתָא I): letter, sign || J(אֲתָא ch): to join; to come, to arrive; to occur	not available (no open digital HeArukh/Meturgeman text)			—	yes
51	top-100	הנפק	4	Daniel.5.2 Ezra.5.14 Ezra.6.5	Biblical Aramaic (Daniel, Ezra) (B)	הנפק	MISSING_HEBREW_GLOSS	the dictionaries have the word, but no Hebrew sense (English only / Krupnik without Hebrew) — NO_ANALYSIS	—	הנפק: K: legalization | gerichtliche Bestätigung || J(הֶנְפֵּק): producing; the legal endorsement of a note, stating that it has been produced in court and	not available (no open digital HeArukh/Meturgeman text)			—	yes
52	top-100	הקימת	4	Daniel.3.12 Daniel.3.14 Daniel.3.18	Biblical Aramaic (Daniel, Ezra) (B)		TRUE_LEXICAL_GAP	no lexicon entry the form could belong to — NO_ANALYSIS	—	—	not available (no open digital HeArukh/Meturgeman text)			—	yes
53	top-100	ואחשדרפניא	4	Daniel.6.4 Daniel.6.5 Daniel.6.7	Biblical Aramaic (Daniel, Ezra) (B)	אחשדרפניא	MISSING_HEBREW_GLOSS	the dictionaries have the word, but no Hebrew sense (English only / Krupnik without Hebrew) — NO_ANALYSIS	—	אחשדרפניא: J(אֲחַשְׁדַּרְפְּנַיָּא): satraps, Persian governors.	not available (no open digital HeArukh/Meturgeman text)			—	yes
54	top-100	ואנתה	4	Daniel.4.15 Daniel.5.22 Daniel.5.23	Biblical Aramaic (Daniel, Ezra) (B)	אנת אנתא אנתתא	REVIEW_CANDIDATE	complete analysis below the review gate (fewer than 200 uses here) — REVIEW_GATE אנת/-/w "ואתה" n=4	אנת: אתה [jastrow] ;; אנתא: לחם [krupnik] ;; אנתתא: אשה [krupnik]	אנת: J(אַנְתְּ): thou. ;; אנתא: J(*אִנְתָּא): essence, substance ;; אנתתא: J(אִנְתְּתָא): woman, wife	not available (no open digital HeArukh/Meturgeman text)	ואתה	REVIEW	low (~67%)	yes
55	top-100	וכנותהונ	4	Ezra.4.23 Ezra.5.3 Ezra.6.6	Biblical Aramaic (Daniel, Ezra) (B)		TRUE_LEXICAL_GAP	no lexicon entry the form could belong to — NO_ANALYSIS	—	—	not available (no open digital HeArukh/Meturgeman text)			—	yes
56	top-100	וכספא	4	Daniel.5.2 Daniel.5.4 Ezra.5.14	Biblical Aramaic (Daniel, Ezra) (B)	כספא כספ כספתא ספא ספי סופ	MORPHOLOGY	a known lemma with a Hebrew sense is reachable, but a precision rule blocks the analysis — NO_ANALYSIS	כספ: צורף כסף [krupnik] | נעשה חוור [krupnik] | ירד מערכו [krupnik] | בייש [krupnik] | התבייש [krupnik] | בייש [krupnik] | גרם ירידת הערך [krupnik] | נתבייש [krupnik] | כסף [jastrow] | כסף [jastrow] ;; כספתא: ארגז לשמירת כסף [krupnik] ;; ספא: סוף [krupnik] ;; ספי: גרף [krupnik] | האכיל [krupnik] | י	כספ: J(כָּסַף bh): to peel, whiten; bright; to grow pale, fade, wither || J(כְּסַף I ch): to feel ashamed, frightened; Ithpe.; to frighten; to put to shame || J(כֶּסֶף bh): silver; a silver piece, M’ah; money, value || J(כַּסָּף): silver-sm	not available (no open digital HeArukh/Meturgeman text)			—	yes
57	top-100	ולויא	4	Ezra.6.16 Ezra.6.18 Ezra.7.13	Biblical Aramaic (Daniel, Ezra) (B)	לויא לוה לוי ויא וי	MORPHOLOGY	a known lemma with a Hebrew sense is reachable, but a precision rule blocks the analysis — NO_ANALYSIS	לויא: לוי [jastrow] ;; לוה: הלך יחד עם־, שילח [krupnik] | נצטרף, נטפל [krupnik] ;; לוי: התחבר [krupnik] | אַלְוֵי הלך ביחד [krupnik] | לוי [jastrow] ;; ויא: הוי [krupnik] ;; וי: הוי [krupnik]	לויא: J(לֵוָיָא ch): Levite ;; לוה: K: to follow a funeral procession | einem Toten das Geleit geben ;; לוי: J(לוי bh): to join, be connected; Piel; to assume an obligation; to borrow || J(לְוִי ch): to join, cling to; to join a caravan, tr	not available (no open digital HeArukh/Meturgeman text)			—	yes
58	top-100	ולמנ	4	Daniel.4.14 Daniel.4.22 Daniel.4.29	Biblical Aramaic (Daniel, Ezra) (B)	מנ לימינ למינ למא מאנ גלל	REVIEW_CANDIDATE	complete analysis below the review gate (fewer than 200 uses here) — REVIEW_GATE מנ/-/wl "ולמאין" n=4	מנ: מאין [jastrow] | מן [jastrow] | מן [jastrow] | מי [he] ;; לימינ: נמל [krupnik] ;; מאנ: מי [krupnik] | קנקן [jastrow] ;; גלל: גַּלֵּל גלל [krupnik] | אבן לא מסותתה [krupnik] | גוש [krupnik] | לכן [krupnik] | מפני [krupnik] | למען [krupnik] | גלל [jastrow] | גלל [jastrow]	מנ: J(מִן bh): from, of; more; less; than || J(מִן ² ch): from me; from thee;; from him || J(מָן I bh): portion, food; man; the manna || J(מַן I ch): a day’s; support; man || J(מַן): who?, what? || J(מָן III): thing, vessel, garment; coulte	not available (no open digital HeArukh/Meturgeman text)	ולמאין	REVIEW	medium (~80% right in the sample)	yes
59	top-100	ופחותא	4	Daniel.3.2 Daniel.3.3 Daniel.3.27	Biblical Aramaic (Daniel, Ezra) (B)	פחותא פחות	MORPHOLOGY	a known lemma with a Hebrew sense is reachable, but a precision rule blocks the analysis — NO_ANALYSIS	פחותא: פחת, פסולת [krupnik] ;; פחות: מעט מן [krupnik] | גרוע, ירוד [krupnik] | מין כלי לפיסול [krupnik]	פחותא: J(*פְּחוּתָא): broken ware ;; פחות: J(פָּחוּת): diminished; a small quantity; lesser, less	not available (no open digital HeArukh/Meturgeman text)			—	yes
60	top-100	ופרס	4	Daniel.5.28 Daniel.6.9 Daniel.6.13	Biblical Aramaic (Daniel, Ezra) (B)	פרס פרוס פרסה פרסי פרסא	MORPHOLOGY	a known lemma with a Hebrew sense is reachable, but a precision rule blocks the analysis — NO_ANALYSIS	פרס: שבר, בצע [krupnik] | התפרסם [krupnik] | חתיכה, פרוסה [krupnik] | מזון [krupnik] | חצי מנה [krupnik] | מסך [krupnik] | רשת [krupnik] | פרס [jastrow] | העריך [jastrow] | פרס [jastrow] ;; פרסה: מדת השטח, מיל [krupnik] ;; פרסי: פרסי [jastrow] ;; פרסא: מסך [krupnik] | רשת [krupnik] | פרס [jastrow] |	פרס: J(פָּרַס I bh): to split, break; to break bread and say grace; to break through || J(פְּרַס I ch): to split, divide, break; to break bread and say grace; Af. || J(פְּרָס): part, half; a piece; a certain quantity of bread || J(פְּרַס II	not available (no open digital HeArukh/Meturgeman text)			—	yes
61	top-100	ורברבנוהי	4	Daniel.5.2 Daniel.5.3 Daniel.5.9	Biblical Aramaic (Daniel, Ezra) (B)	רברבנא	MISSING_HEBREW_GLOSS	the dictionaries have the word, but no Hebrew sense (English only / Krupnik without Hebrew) — NO_ANALYSIS	—	רברבנא: J(רַבְרְבָנָא): great man, prince	not available (no open digital HeArukh/Meturgeman text)			—	yes
62	top-100	ושמשי	4	Ezra.4.8 Ezra.4.9 Ezra.4.17	Biblical Aramaic (Daniel, Ezra) (B)	שמשי שמשא שמש	MORPHOLOGY	a known lemma with a Hebrew sense is reachable, but a precision rule blocks the analysis — NO_ANALYSIS	שמשא: חמה, שמש [krupnik] | קדחת [krupnik] | שמש [jastrow] | שמש [jastrow] ;; שמש: שרת [krupnik] | מלא תפקיד [krupnik] | משרת [krupnik] | אבר הזכרות [krupnik]	שמשי: J(שִׁמְשַׁי): Shimshai ;; שמשא: J(שִׁמְשָׁא ch): Pl.; at twilight; Friday evening, Sabbath eve || J(שַׁמָּשָׁא): prostitute ;; שמש: K: to attend upon scholars | bei Gelehrten assistieren || J(שָׁמַשׁ): to handle, be busy,; to minister	not available (no open digital HeArukh/Meturgeman text)			—	yes
63	top-100	זמרא	4	Daniel.3.5 Daniel.3.7 Daniel.3.10	Biblical Aramaic (Daniel, Ezra) (B)	זמרא זמר	REVIEW_CANDIDATE	complete analysis below the review gate (fewer than 200 uses here) — REVIEW_GATE זמרא/-/- "זמר" n=4	זמרא: שירה ונגינה [krupnik] | זמר [jastrow] ;; זמר: שיר, נגון [krupnik] | זמרת הארץ, פירות [krupnik]	זמרא: J(זַמָּרָא ch): Pl. || J(זְמָרָא I ch): musical instruments. || J(זִמְרָא): song, music ;; זמר: J(זָמַר I bh): to nip; to prune; to cut; to be pruned; to be checked, unnerved, defeated || J(זְמַר ch): Af. || J(זָמַר II bh): to tingle,	not available (no open digital HeArukh/Meturgeman text)	זמר	REVIEW	medium (~80% right in the sample)	yes
64	top-100	זני	4	Daniel.3.5 Daniel.3.7 Daniel.3.10	Biblical Aramaic (Daniel, Ezra) (B)	זנ זני אזנ זונ זינ זנה	MISSING_HEBREW_GLOSS	the dictionaries have the word, but no Hebrew sense (English only / Krupnik without Hebrew) — NO_HEBREW_SENSE זנ	אזנ: הזדיין [krupnik] ;; זונ: הֵזִין פרנס וכלכל [krupnik] | אזור [krupnik] | זון [jastrow] ;; זינ: נתן כלי נשק [krupnik] | נשק [krupnik] | זיין [jastrow]	זנ: J(זַן bh): quality, nature; kind, species ;; זני: J(זני bh): to run to and fro, wander;; to run after; to run away from; || J(זְנֵי): a runner; after men ;; אזנ: J(אֹזֶן bh): to be pointed, cut; ear; handle ;; זונ: J(זוּן): to provide, 	not available (no open digital HeArukh/Meturgeman text)			—	yes
65	top-100	חמרא	4	Daniel.5.1 Daniel.5.2 Daniel.5.4	Biblical Aramaic (Daniel, Ezra) (B)	חמרא חמר חימרא חורי חמרתא	SENSE_CHOICE	several Hebrew senses (or two lemmas) — a reviewer must choose — AMBIGUOUS_SENSE חמרא: חמוד	חמרא: חמוד [krupnik] ;; חמר: גדש [krupnik] | היה חמור וקשה [krupnik] | שרף [krupnik] | נשרף [krupnik] | הכביד [krupnik] | דלק [krupnik] | נעשה לתל מפלה [krupnik] | מנהיג החמור [krupnik] | חמור [krupnik] | חַמְרָא זי, יין [krupnik] | חמר [jastrow] | חמר [jastrow] | חמור [jastrow] | חמר [jastrow] ;; ח	חמרא: J(חַמְרָא): wine || J(חֲמָרָא): ass ;; חמר: K: to drive a beast | ein Tier treiben || J(חָמַר I): to join; to pile up, to load.; to be weighty, stringent.; to put a load on || J(חֲמַר ch): Hif.; Part. pass; piled up, ruins; || J(חָמַר	not available (no open digital HeArukh/Meturgeman text)			—	yes
66	top-100	ידיע	4	Daniel.3.18 Ezra.4.12 Ezra.4.13	Biblical Aramaic (Daniel, Ezra) (B)	ידע	MORPHOLOGY	a known lemma with a Hebrew sense is reachable, but a precision rule blocks the analysis — NO_ANALYSIS	ידע: ידע [jastrow] | הודיע [reviewed]	ידע: J(יָדַע bh): to point out, select, love; to recognize, know; to find out; Part. pass || J(יְדַע ch): Hif.; Part. pass; friend	not available (no open digital HeArukh/Meturgeman text)			—	yes
67	top-100	יחלפונ	4	Daniel.4.13 Daniel.4.20 Daniel.4.22	Biblical Aramaic (Daniel, Ezra) (B)	חלפ	MORPHOLOGY	a known lemma with a Hebrew sense is reachable, but a precision rule blocks the analysis — NO_ANALYSIS	חלפ: חלף ועבר [krupnik] | החליף, המיר [krupnik] | השתנה והתהפך [krupnik] | נצר [krupnik] | גומא [krupnik] | הפך [krupnik] | במקום [krupnik] | חלף [jastrow]	חלפ: J(חָלַף bh): to be smooth, glistening, sharp-edged; to cut; to pass by, be gone || J(חֲלַף I ch): to pass by, be gone; to pass repeatedly, promenade; to exchange || J(חִלֶף I): shoot; rush || J(חֵלֶף II): reversion || J(חֲלַף II): in p	not available (no open digital HeArukh/Meturgeman text)			—	yes
68	top-100	יפל	4	Daniel.3.6 Daniel.3.10 Daniel.3.11	Biblical Aramaic (Daniel, Ezra) (B)	נפל	MORPHOLOGY	a known lemma with a Hebrew sense is reachable, but a precision rule blocks the analysis — NO_ANALYSIS	נפל: נתפורר [krupnik] | נפל [jastrow]	נפל: J(נָפַל bh): to fall, lie down; to be dropped; to occur; to cause to fall; to throw down; to miscarry || J(נְפַל ch): Hif.; to be upset, fall in || J(נֵפֶל): capacity for seed; abortion; premature, not viable birth	not available (no open digital HeArukh/Meturgeman text)			—	yes
69	top-100	יצטבע	4	Daniel.4.12 Daniel.4.20 Daniel.4.30	Biblical Aramaic (Daniel, Ezra) (B)	צבע	MORPHOLOGY	a known lemma with a Hebrew sense is reachable, but a precision rule blocks the analysis — NO_ANALYSIS	צבע: משח בצבע [krupnik] | טבל [krupnik] | הגריל [krupnik] | נטבל [krupnik] | אומן לצביעה [krupnik] | צבע [jastrow] | צבע [jastrow] | צבע [jastrow]	צבע: J(צָבַע I): to seize, handle; to raise one or more fingers || J(צְבַע ch): Pa.; Hif.; to cast lots || J(צָבַע II): to dip; to dye; Orlah || J(צְבַע ² ch): to dip; to dye; to dip, immerse; Pe. || J(צֶבַע bh): dye, color; dyed material |	not available (no open digital HeArukh/Meturgeman text)			—	yes
70	top-100	יתירה	4	Daniel.4.33 Daniel.5.12 Daniel.5.14	Biblical Aramaic (Daniel, Ezra) (B)	יתירה יתור יתיר יתירא יתירתא יתר	MORPHOLOGY	a known lemma with a Hebrew sense is reachable, but a precision rule blocks the analysis — NO_ANALYSIS	יתור: תוספת [krupnik] | יותר מדאי [jastrow] ;; יתיר: מרובה, מיותר [krupnik] ;; יתירא: יתר, חבל [krupnik] ;; יתירתא: אונא יתרה בריאה [krupnik] ;; יתר: הוסיף [krupnik] | היה יותר [krupnik] | השאיר [krupnik] | השפיע רוב טובה [krupnik] | גדול בשנים [krupnik] | יתר [jastrow]	יתירה: J(יְתֵירָה): superfluity ;; יתור: J(יִתּוּר): addition || J(יַתִּור I): remaining over, too much, too many; extraordinary, especial; an additional lobe of the lun ;; יתיר: K: too much, too many | übrig, zu viel || K: more | mehr ;; י	not available (no open digital HeArukh/Meturgeman text)			—	yes
71	top-100	יתרמא	4	Daniel.3.6 Daniel.3.11 Daniel.6.8	Biblical Aramaic (Daniel, Ezra) (B)		TRUE_LEXICAL_GAP	no lexicon entry the form could belong to — NO_ANALYSIS	—	—	not available (no open digital HeArukh/Meturgeman text)			—	yes
72	top-100	כדי	4	Daniel.2.43 Daniel.3.7 Daniel.6.11	Biblical Aramaic (Daniel, Ezra) (B)	כדי כדיי דיבור די כד כדא	REVIEW_CANDIDATE	complete analysis below the review gate (fewer than 200 uses here) — REVIEW_GATE כדי/-/- "סתם · בלבד" n=4	כדי: סתם [krupnik] | בלבד [krupnik] | בחנם, לחנם [krupnik] | אלא מעתה [krupnik] ;; דיבור: הוצאת דברים מן הפה [krupnik] | דבר אלהים [krupnik] | כשיעור דיבור קל [krupnik] ;; די: אשר, ש־ [krupnik] | כי [krupnik] | שאם [krupnik] | של [he] | אשר, ש־ [he] ;; כד: כאשר [krupnik] | מעוגל [krupnik] | כלי חרס 	כדי: K: when | als || K: name of an Amora | Name eines Amoräers || J(כְּדִי I): when; now; that; as it is || J(*כְּדִי II): K’di; as the case may be ;; כדיי: J(כְּדָיי): adequate, worthy, competent, deserving; Fem || J(כְּדָיי ²): sufficien	not available (no open digital HeArukh/Meturgeman text)	סתם · בלבד	REVIEW	medium (~80% right in the sample)	yes
73	top-100	כנמא	4	Ezra.4.8 Ezra.5.4 Ezra.5.9	Biblical Aramaic (Daniel, Ezra) (B)	נמא אמא נומ נמה נימ	MORPHOLOGY	a known lemma with a Hebrew sense is reachable, but a precision rule blocks the analysis — NO_ANALYSIS	נמא: נאם, אמר [krupnik] ;; אמא: אמר [krupnik] | אם, אמי [krupnik] | אמה [jastrow] ;; נומ: היה ישן ונרדם [krupnik] | נום [jastrow] ;; נמה: נאם, אמר [krupnik]	נמא: J(נָמָא): Pi. ;; אמא: J(אַמָּא): cubit || J(אֲמָא II): to join; to say, speak, think; does it mean to say? ;; נומ: J(נוּם I): to speak, say; Pi. || J(נוּם II bh): to slumber; Nithpalp; to be drowsy; to nap || J(נוּם ch): to be drowsy; 	not available (no open digital HeArukh/Meturgeman text)			—	yes
74	top-100	כספ	4	Daniel.2.32 Ezra.7.15 Ezra.7.16	Biblical Aramaic (Daniel, Ezra) (B)	כספ כספא ספ	SENSE_CHOICE	several Hebrew senses (or two lemmas) — a reviewer must choose — AMBIGUOUS_SENSE כספ: צורף כסף | התבייש | בייש | גרם ירידת הערך	כספ: צורף כסף [krupnik] | נעשה חוור [krupnik] | ירד מערכו [krupnik] | בייש [krupnik] | התבייש [krupnik] | בייש [krupnik] | גרם ירידת הערך [krupnik] | נתבייש [krupnik] | כסף [jastrow] | כסף [jastrow]	כספ: J(כָּסַף bh): to peel, whiten; bright; to grow pale, fade, wither || J(כְּסַף I ch): to feel ashamed, frightened; Ithpe.; to frighten; to put to shame || J(כֶּסֶף bh): silver; a silver piece, M’ah; money, value || J(כַּסָּף): silver-sm	not available (no open digital HeArukh/Meturgeman text)			—	yes
75	top-100	כספא	4	Daniel.2.35 Daniel.2.45 Daniel.5.23	Biblical Aramaic (Daniel, Ezra) (B)	כספ כספא כספתא ספא ספי סופ	SENSE_CHOICE	several Hebrew senses (or two lemmas) — a reviewer must choose — AMBIGUOUS_SENSE כספ: צורף כסף | התבייש | בייש | גרם ירידת הערך	כספ: צורף כסף [krupnik] | נעשה חוור [krupnik] | ירד מערכו [krupnik] | בייש [krupnik] | התבייש [krupnik] | בייש [krupnik] | גרם ירידת הערך [krupnik] | נתבייש [krupnik] | כסף [jastrow] | כסף [jastrow] ;; כספתא: ארגז לשמירת כסף [krupnik] ;; ספא: סוף [krupnik] ;; ספי: גרף [krupnik] | האכיל [krupnik] | י	כספ: J(כָּסַף bh): to peel, whiten; bright; to grow pale, fade, wither || J(כְּסַף I ch): to feel ashamed, frightened; Ithpe.; to frighten; to put to shame || J(כֶּסֶף bh): silver; a silver piece, M’ah; money, value || J(כַּסָּף): silver-sm	not available (no open digital HeArukh/Meturgeman text)			—	yes
76	top-100	כשדיא	4	Daniel.2.10 Daniel.4.4 Daniel.5.7	Biblical Aramaic (Daniel, Ezra) (B)	כשדי שדיא שדא שדי שד	MISSING_HEBREW_GLOSS	the dictionaries have the word, but no Hebrew sense (English only / Krupnik without Hebrew) — NO_HEBREW_SENSE כשדי	שדיא: רוח קדים [krupnik] | שידה [jastrow] ;; שדא: שד [jastrow] ;; שדי: זרק, השליך [krupnik] | טוה [krupnik] | שפך [krupnik] | נזרק, הושלך [krupnik] | נשפך [krupnik]	כשדי: J(כַּשְׂדִּי bh): pl.; Chaldean; Pl. ;; שדיא: J(שַׁדְיָא I): yarn || J(שַׁדְיָא II): arrow; hot, destructive east-wind; shadya ;; שדי: J(שַׁדַּי bh): Almighty || J(שְׁדֵי): to swing, throw, cast, shoot; to sprinkle, pour; to cast the 	not available (no open digital HeArukh/Meturgeman text)			—	yes
77	top-100	כתורינ	4	Daniel.4.22 Daniel.4.29 Daniel.4.30	Biblical Aramaic (Daniel, Ezra) (B)	תור תורא	MORPHOLOGY	a known lemma with a Hebrew sense is reachable, but a precision rule blocks the analysis — NO_ANALYSIS	תור: שוור, נוהג בשוורים [krupnik] | שור [jastrow] ;; תורא: תור [jastrow]	תור: J(תּוּר I bh): to go around; to espy || J(תּוּר II ch): to be awake; to awaken || J(תּוֹר I bh): turn, order.; string, twist.; —Pl. || J(תּוֹר II bh): turtle-dove || J(תּוֹר): aurochs; tor; dove ;; תורא: J(תּוֹרָא II): row, line, order	not available (no open digital HeArukh/Meturgeman text)			—	yes
78	top-100	להודעתני	4	Daniel.2.26 Daniel.4.15 Daniel.5.15	Biblical Aramaic (Daniel, Ezra) (B)		TRUE_LEXICAL_GAP	no lexicon entry the form could belong to — NO_ANALYSIS	—	—	not available (no open digital HeArukh/Meturgeman text)			—	yes
79	top-100	להשניה	4	Daniel.6.9 Daniel.6.16 Daniel.7.25	Biblical Aramaic (Daniel, Ezra) (B)		TRUE_LEXICAL_GAP	no lexicon entry the form could belong to — NO_ANALYSIS	—	—	not available (no open digital HeArukh/Meturgeman text)			—	yes
80	top-100	לחכימי	4	Daniel.2.14 Daniel.2.24 Daniel.5.7	Biblical Aramaic (Daniel, Ezra) (B)	חכמ חכימ חכימא	MORPHOLOGY	a known lemma with a Hebrew sense is reachable, but a precision rule blocks the analysis — NO_ANALYSIS	חכמ: ידע [jastrow] ;; חכימ: חכם [krupnik] | חכם [jastrow] ;; חכימא: חכם [krupnik]	חכמ: J(חָכַם bh): to be wise, to know; to meet for deliberation; to grow wise, to become a scholar || J(חֲכַם): to be wise, shrewd; to be learned; to recognize, to know, remember; Pa. || J(חָכָם bh): retentive; one who knows; wise man, scho	not available (no open digital HeArukh/Meturgeman text)			—	yes
81	top-100	מדינת	4	Daniel.2.48 Daniel.2.49 Daniel.3.12	Biblical Aramaic (Daniel, Ezra) (B)	דינ מדינתא יני	MORPHOLOGY	a known lemma with a Hebrew sense is reachable, but a precision rule blocks the analysis — NO_ANALYSIS	דינ: חקר ודרש [krupnik] | הוציא מסקנא [krupnik] | נשפט [krupnik] | נחשב [krupnik] | התוכח, ריב [krupnik] | שפט [krupnik] | הוציא מסקנא [krupnik] | בא בדין [krupnik] | הוציא דין [krupnik] | בא בדין [krupnik] | נשפט [krupnik] | נשפט, נענש [krupnik] | סברא הגיונית [krupnik] | קל וחומר [krupnik] | זה [k	דינ: J(*דֵּין): faintness, trouble, sickness; Oh! Ah!; Thou || J(דִּין I bh): to rule; to hold court, pass sentence, punish; to argue, conclude || J(דִּין ch): Part; to dispute, quarrel; to decide || J(דִּין II bh): law-suit, claim; judgmen	not available (no open digital HeArukh/Meturgeman text)			—	yes
82	top-100	מלכות	4	Daniel.3.33 Daniel.7.27 Ezra.7.23	Biblical Aramaic (Daniel, Ezra) (B)	מלכות מלכותא	MORPHOLOGY	a known lemma with a Hebrew sense is reachable, but a precision rule blocks the analysis — NO_ANALYSIS	מלכותא: ממשלה [krupnik]	מלכות: J(מַלְכוּת bh): kingdom, government; office.; a benediction invoking God as king; the references to the di ;; מלכותא: J(מַלְכוּתָא): kingdom, rulership; Pl.	not available (no open digital HeArukh/Meturgeman text)			—	yes
83	top-100	מלכותי	4	Daniel.4.15 Daniel.4.33 Daniel.6.27	Biblical Aramaic (Daniel, Ezra) (B)	מלכותא מלכות	MORPHOLOGY	a known lemma with a Hebrew sense is reachable, but a precision rule blocks the analysis — NO_ANALYSIS	מלכותא: ממשלה [krupnik]	מלכותא: J(מַלְכוּתָא): kingdom, rulership; Pl. ;; מלכות: J(מַלְכוּת bh): kingdom, government; office.; a benediction invoking God as king; the references to the di	not available (no open digital HeArukh/Meturgeman text)			—	yes
84	top-100	נור	4	Daniel.3.27 Daniel.7.9 Daniel.7.10	Biblical Aramaic (Daniel, Ezra) (B)	ניר נור נייר	FOREIGN_LOAN	a Greek/Latin/Persian loanword with no Hebrew sense — NO_HEBREW_SENSE ניר	ניר: ניר [jastrow] | ניר [jastrow] | ניר [jastrow] ;; נייר: גליון עשוי מקני גומא [krupnik]	ניר: J(נִיר I bh): to conquer; to break ground, clear; to plough over repeatedly || J(נִיר II bh): clearing, ploughing over; newly broken land. || J(נִיר III ch): nîru; yoke; servitude || J(נִיר IV): cross-beam of the loom; the cross-rod; t	not available (no open digital HeArukh/Meturgeman text)			—	yes
85	top-100	סגניא	4	Daniel.3.2 Daniel.3.3 Daniel.3.27	Biblical Aramaic (Daniel, Ezra) (B)	סגנ סגנא	MISSING_HEBREW_GLOSS	the dictionaries have the word, but no Hebrew sense (English only / Krupnik without Hebrew) — NO_HEBREW_SENSE סגנ	סגנ: סגן [jastrow]	סגנ: J(סָגָן bh): grandee, chief, viceroy; the chief of the priests, adjutant high priest. || J(סְגַן ch): pl.; Pl.	not available (no open digital HeArukh/Meturgeman text)			—	yes
86	top-100	עדנינ	4	Daniel.4.13 Daniel.4.20 Daniel.4.22	Biblical Aramaic (Daniel, Ezra) (B)	עידונ עדנ	MORPHOLOGY	a known lemma with a Hebrew sense is reachable, but a precision rule blocks the analysis — NO_ANALYSIS	עידונ: התפנקות יתירה [krupnik] ;; עדנ: התפתל [krupnik] | גרם עונג [krupnik] | הֵרך ופינק [krupnik] | עדן [jastrow]	עידונ: J(עִידּוּן): delicacies, indulgenceindelicacies; to indulge one’s self || J(עִידּוֹן): period; menses; ʿednah ;; עדנ: J(עָדַן bh): to turn; to be round, smooth, pliant; Pi. || J(עֵדֶן bh): refreshment; pleasure; the garden of Eden; p	not available (no open digital HeArukh/Meturgeman text)			—	yes
87	top-100	עלי	4	Daniel.4.31 Daniel.4.33 Daniel.7.28	Biblical Aramaic (Daniel, Ezra) (B)	עלי על עלה עליה נעל עיל	MISSING_HEBREW_GLOSS	the dictionaries have the word, but no Hebrew sense (English only / Krupnik without Hebrew) — NO_HEBREW_SENSE עלי	עלי: עלי [jastrow] ;; על: על [jastrow] ;; עלה: שיבח [krupnik] | ביטל [krupnik] | הביא בחשבון [krupnik] | התרומם [krupnik] ;; נעל: נעל [jastrow] ;; עיל: הביא, הכניס [krupnik] | גדל וצמח [krupnik] | נכנס [krupnik] | למעלה [krupnik] | על [jastrow]	עלי: J(עלי bh): to go up, rise; to come up, arrive; ‘ăle ‘ayin; ‘ole ‘ayin || J(עֲלֵי ch): Hif.; to balance; to estimate, value; to be elevated, exalted || J(עֱלִי bh): pestle ;; על: J(עַל bh): height; upon, above; about || J(*עָל): plan ;;	not available (no open digital HeArukh/Meturgeman text)			—	yes
88	top-100	עליונינ	4	Daniel.7.18 Daniel.7.22 Daniel.7.25	Biblical Aramaic (Daniel, Ezra) (B)	עליונ	MISSING_HEBREW_GLOSS	the dictionaries have the word, but no Hebrew sense (English only / Krupnik without Hebrew) — NO_HEBREW_SENSE עליונ	—	עליונ: J(עֶלְיוֹן bh): uppermost, highest; most high; lof; Fem	not available (no open digital HeArukh/Meturgeman text)			—	yes
89	top-100	צבא	4	Daniel.5.19	Biblical Aramaic (Daniel, Ezra) (B)	צבי צבא ציבא צבה צבתא צב	SENSE_CHOICE	several Hebrew senses (or two lemmas) — a reviewer must choose — AMBIGUOUS צבי/ "חפץ, רצה" ~ ציבא/ "צב"	צבי: חפץ, רצה [krupnik] ;; ציבא: אפריון [krupnik] | צב [jastrow] ;; צבתא: סיב [krupnik] | תיווך [krupnik] | צבת [jastrow]	צבי: J(צבי bh): to swell; to cause to swell; to cause the appearance of being swollen || J(צְבֵי): to seize; to bend; to find pleasure in, to choose, desire || J(צְבִי bh): desirable thing, beauty; deer, gazelle || J(צְבִי ² ch): desire ;; 	not available (no open digital HeArukh/Meturgeman text)			—	yes
90	top-100	קרא	4	Daniel.3.4 Daniel.4.11 Daniel.5.7	Biblical Aramaic (Daniel, Ezra) (B)	קרא קרי קרתא	REVIEW_CANDIDATE	complete analysis below the review gate (fewer than 200 uses here) — REVIEW_GATE קרא/-/- "מקרא" n=4	קרא: קשוא בצורת בקבוק [krupnik] | בקי במקרא [krupnik] | קרא [jastrow] | מקרא [jastrow] | דלעת [he] ;; קרי: עיר, קריה [krupnik] | קרי [jastrow] | קרי [jastrow] ;; קרתא: קור [krupnik] | עיר, קריה [krupnik] | קרת [jastrow]	קרא: K: Biblical verse | Bibelvers || J(קָרָא I): pumpkin, gourd; all kinds of gourds || J(קָרָא II): to call || J(קְרָא II): Biblical verse; babboḳer || J(קַרָא): a Biblical scholar, Bible teacher; Pl.; Karaites ;; קרי: J(קרי ² bh): to cal	not available (no open digital HeArukh/Meturgeman text)	מקרא	REVIEW	medium (~80% right in the sample)	yes
91	top-100	ראשה	4	Daniel.2.32 Daniel.2.38 Daniel.7.1	Biblical Aramaic (Daniel, Ezra) (B)	ריש ראש	SENSE_CHOICE	several Hebrew senses (or two lemmas) — a reviewer must choose — AMBIGUOUS_SENSE ריש: עומד בראש, נשיא | התחלה | החלק העליון | ארס	ריש: ראש, גלגולת [krupnik] | עומד בראש, נשיא [krupnik] | התחלה [krupnik] | החלק העליון [krupnik] | ארס [krupnik] | ראש [jastrow] | ראש [jastrow]	ריש: J(רִישׁ bh): poverty, misery || J(רֵישׁ II): head, chief; beginning, first thing, firstling; at first, formerly || J(רֵישׁ III): drop; poison; pl. ;; ראש: J(רָאשׁ): poor || J(רֹאשׁ bh): head, point; beginning, heading; main thing, prin	not available (no open digital HeArukh/Meturgeman text)			—	yes
92	top-100	ראשי	4	Daniel.4.2 Daniel.4.7 Daniel.4.10	Biblical Aramaic (Daniel, Ezra) (B)	ראש ריש	MORPHOLOGY	a known lemma with a Hebrew sense is reachable, but a precision rule blocks the analysis — NO_ANALYSIS	ריש: ראש, גלגולת [krupnik] | עומד בראש, נשיא [krupnik] | התחלה [krupnik] | החלק העליון [krupnik] | ארס [krupnik] | ראש [jastrow] | ראש [jastrow]	ראש: J(רָאשׁ): poor || J(רֹאשׁ bh): head, point; beginning, heading; main thing, principal; over again; chief, magistrate, lea ;; ריש: J(רִישׁ bh): poverty, misery || J(רֵישׁ II): head, chief; beginning, first thing, firstling; at first, fo	not available (no open digital HeArukh/Meturgeman text)			—	yes
93	top-100	רזה	4	Daniel.2.18 Daniel.2.19 Daniel.2.27	Biblical Aramaic (Daniel, Ezra) (B)	רזה רוז רזי רז	MORPHOLOGY	a known lemma with a Hebrew sense is reachable, but a precision rule blocks the analysis — NO_ANALYSIS	רוז: עלץ [krupnik] ;; רזי: עורר [krupnik] ;; רז: רז [jastrow]	רזה: J(רָזֶה bh): hard, lean. ;; רוז: J(רְוַז): to sprout forth; to be glad, bright || J(*רוֹז): joy ;; רזי: J(רזֵי): to be strong, hard; to be lean; to come with vehemence upon, stir up, irritate ;; רז: J(רָז): strength, foundation; secret	not available (no open digital HeArukh/Meturgeman text)			—	yes
94	top-100	רחומ	4	Ezra.4.8 Ezra.4.9 Ezra.4.17	Biblical Aramaic (Daniel, Ezra) (B)	רחומ רחמ	MORPHOLOGY	a known lemma with a Hebrew sense is reachable, but a precision rule blocks the analysis — NO_ANALYSIS	רחמ: חס וריחם [krupnik] | אהב [krupnik] | נאהב [krupnik] | היה מרוחם [krupnik] | ידיד ואוהב [krupnik] | רחם [jastrow]	רחומ: J(רַחוּם bh): merciful ;; רחמ: J(רָחַם bh): to love; to have compassion on, pity; to befriend; to give suck to a strange animal || J(רְחֵם ch): to love; Pa.; to have compassion on, pity || J(רָחָם bh): raḥam; giereagle; vulture || J(ר	not available (no open digital HeArukh/Meturgeman text)			—	yes
95	top-100	שלו	4	Daniel.3.29 Daniel.6.5 Ezra.4.22	Biblical Aramaic (Daniel, Ezra) (B)	שלו שליו שלותא של נשל שיל	REVIEW_CANDIDATE	complete analysis below the review gate (fewer than 200 uses here) — REVIEW_GATE שלו/-/- "טעות" n=4	שלו: טעות [krupnik] ;; שליו: שלו [jastrow] ;; שלותא: שגגה [krupnik] ;; נשל: השיר והפיל [krupnik] ;; שיל: השאיל [krupnik] | בא בבקשה [krupnik] | נחקר, באו אליו בשאלות [krupnik]	שלו: J(שָׁלֵו bh): to be lax,; to rest, be at ease, careless || J(שָׁלֵו ² bh): at ease, secure ;; שליו: J(שְׂלָיו bh): quail || J(שְׁלֵיו): secure, unconcerned; Fem. ;; שלותא: J(שָׁלוּתָא): neglect, error, forgetfulness ;; של: K: belonging	not available (no open digital HeArukh/Meturgeman text)	טעות	REVIEW	medium (~80% right in the sample)	yes
96	top-100	תהוא	4	Daniel.2.40 Daniel.4.24 Daniel.7.23	Biblical Aramaic (Daniel, Ezra) (B)		TRUE_LEXICAL_GAP	no lexicon entry the form could belong to — NO_ANALYSIS	—	—	not available (no open digital HeArukh/Meturgeman text)			—	yes
97	top-100	תמה	4	Ezra.5.17 Ezra.6.1 Ezra.6.6	Biblical Aramaic (Daniel, Ezra) (B)	תמה תימה תמ אמא תמהא תמא	MISSING_HEBREW_GLOSS	the dictionaries have the word, but no Hebrew sense (English only / Krupnik without Hebrew) — NO_HEBREW_SENSE תמה	תמה: תמה והשתומם [krupnik] | עורר תמהון [krupnik] | תמה [jastrow] ;; תימה: תמהון [krupnik] | אות ומופת [krupnik] ;; תמ: שם [jastrow] ;; אמא: אמר [krupnik] | אם, אמי [krupnik] | אמה [jastrow] ;; תמהא: תמהון, מופת [krupnik]	תמה: J(תָּמַהּ bh): to stand still,; to be astonished, amazed; to wonder; to be undecided; to create astonishm || J(תְּמַהּ ch): to wonder; to be astonishing; Ithpe. ;; תימה: J(תֵּימַהּ): astonishment; wonder, miracle, sign; desolation, pov	not available (no open digital HeArukh/Meturgeman text)			—	yes
98	top-100	תנדע	4	Daniel.2.30 Daniel.4.22 Daniel.4.23	Biblical Aramaic (Daniel, Ezra) (B)		TRUE_LEXICAL_GAP	no lexicon entry the form could belong to — NO_ANALYSIS	—	—	not available (no open digital HeArukh/Meturgeman text)			—	yes
99	top-100	אחשדרפניא	3	Daniel.3.3 Daniel.3.27 Daniel.6.3	Biblical Aramaic (Daniel, Ezra) (B)	אחשדרפניא	MISSING_HEBREW_GLOSS	the dictionaries have the word, but no Hebrew sense (English only / Krupnik without Hebrew) — NO_ANALYSIS	—	אחשדרפניא: J(אֲחַשְׁדַּרְפְּנַיָּא): satraps, Persian governors.	not available (no open digital HeArukh/Meturgeman text)			—	yes
100	top-100	ארגונא	3	Daniel.5.7 Daniel.5.16 Daniel.5.29	Biblical Aramaic (Daniel, Ezra) (B)		TRUE_LEXICAL_GAP	no lexicon entry the form could belong to — NO_ANALYSIS	—	—	not available (no open digital HeArukh/Meturgeman text)			—	yes
101	top-500	בבית	3	Ezra.5.17 Ezra.6.1 Ezra.6.5	Biblical Aramaic (Daniel, Ezra) (B)	ביתא בביתא בית בת פגוז פרס	SENSE_CHOICE	several Hebrew senses (or two lemmas) — a reviewer must choose — AMBIGUOUS ביתא/ "בבית" ~ פרס/n.pl "בהעריך"	ביתא: בית [krupnik] | בת, מדת הלח [krupnik] | בית [jastrow] | בת [jastrow] ;; בביתא: בבה [jastrow] ;; בית: לן לינת לילה [krupnik] ;; פרס: שבר, בצע [krupnik] | התפרסם [krupnik] | חתיכה, פרוסה [krupnik] | מזון [krupnik] | חצי מנה [krupnik] | מסך [krupnik] | רשת [krupnik] | פרס [jastrow] | העריך [jastr	ביתא: J(בֵּיתָא I ch): Pi.; the case of T’fillin; night-lodging || J(בֵּיתָא II): bath || J(בַּיְתָא): night-bird ;; בביתא: K: pupil of the eye | Augapfel || J(בָּבִיתָא I): the innermost; pupil of the eye; their || J(*בָּבִיתָא II): gutter	not available (no open digital HeArukh/Meturgeman text)			—	yes
102	top-500	בגוא	3	Daniel.3.25 Daniel.4.7 Daniel.7.15	Biblical Aramaic (Daniel, Ezra) (B)	גוא גו גוי	MORPHOLOGY	a known lemma with a Hebrew sense is reachable, but a precision rule blocks the analysis — NO_ANALYSIS	גוא: תוך, קרב [krupnik] ;; גו: יש דברים בענין הזה [krupnik] | גו [jastrow] | קרב [jastrow] | מתוך [jastrow] ;; גוי: העמיק [krupnik]	גו: K: belly, innermost | Inneres, Mitte || J(גֵּו bh): belly, body;; within, among || J(גֵּו ² ch): belly; innermost; among, amid; in, into; because, in consequence of ;; גוי: J(גּוֹי bh): crowd, people, nation;; gentiles; gentile, idolato	not available (no open digital HeArukh/Meturgeman text)			—	yes
103	top-500	בידה	3	Daniel.4.32 Daniel.5.23 Daniel.7.25	Biblical Aramaic (Daniel, Ezra) (B)	בדה בידא ידי אדי ידא יד	REVIEW_CANDIDATE	complete analysis below the review gate (fewer than 200 uses here) — REVIEW_GATE בדה/-/- "המציא מלבו · הפריש, בחר" n=3	בדה: המציא מלבו [krupnik] | הפריש, בחר [krupnik] | שיקר [krupnik] | נתפס בדברי שקר [krupnik] ;; בידא: עלילת שוא [krupnik] ;; ידי: הודה על האמת, התודה [krupnik] | הביע את תודתו [krupnik] ;; אדי: זרק [krupnik] ;; ידא: עף, פרח [krupnik] | יד [krupnik] | על ידי [krupnik] ;; יד: יד [jastrow] | על ידי [ja	בידא: J(בִּידָּא ²): fiction, false report, information ;; ידי: J(ידי bh): to point, move; to raise hands; to thank, acknowledge; to give praise || J(יְדִי ch): Ithpa.; to confess; Hif. ;; אדי: J(אֲדִי): to swing, throw, pitch ;; יד: J(יָד)	not available (no open digital HeArukh/Meturgeman text)	המציא מלבו · הפריש, בחר	REVIEW	low (~67%)	yes
104	top-500	בידכ	3	Daniel.2.38 Ezra.7.14 Ezra.7.25	Biblical Aramaic (Daniel, Ezra) (B)	בידא יד	MORPHOLOGY	a known lemma with a Hebrew sense is reachable, but a precision rule blocks the analysis — NO_ANALYSIS	בידא: עלילת שוא [krupnik] ;; יד: יד [jastrow] | על ידי [jastrow] | ע"י ש [jastrow]	בידא: J(בִּידָּא ²): fiction, false report, information ;; יד: J(יָד): hand; forefoot; handle; liberality	not available (no open digital HeArukh/Meturgeman text)			—	yes
105	top-500	ביתה	3	Daniel.5.23 Ezra.6.11 Ezra.6.15	Biblical Aramaic (Daniel, Ezra) (B)		EXCLUDED_REVIEW	excluded by review: the source gloss is wrong here — excluded	—	—	not available (no open digital HeArukh/Meturgeman text)			—	yes
106	top-500	בלו	3	Ezra.4.13 Ezra.4.20 Ezra.7.24	Biblical Aramaic (Daniel, Ezra) (B)	בלו בול בלא בלי יבל נבל	REVIEW_CANDIDATE	complete analysis below the review gate (fewer than 200 uses here) — REVIEW_GATE בלו/-/- "מס האוכל" n=3	בלו: מס האוכל [krupnik] ;; בול: בלל [krupnik] ;; בלא: סמרטוט [krupnik] | בלה [krupnik] | מחריב [krupnik] ;; בלי: השחית [krupnik] | הרבה [krupnik] | אלף [krupnik] | בטח [krupnik] | היה נשחת, נרקב [krupnik] | שחק, קילקל [krupnik] | נתקלקל [krupnik] | בלי [jastrow] ;; יבל: הביא, נשא [krupnik] | מוליך ו	בלו: J(בְּלוֹ): a tax; biltu; capitation tax; ;; בול: J(בּוּל I): to mix || J(בּוּל II): something kneaded together, a handful, ball, lump; clods; fodder || J(בּוּל III): Bul; bul ;; בלא: K: without | ohne || J(בַּלָּא): destroyer || J(בְּל	not available (no open digital HeArukh/Meturgeman text)	מס האוכל	REVIEW	medium (~80% right in the sample)	yes
107	top-500	במלכותא	3	Daniel.5.7 Daniel.5.16 Daniel.5.29	Biblical Aramaic (Daniel, Ezra) (B)	מלכותא מלכות	REVIEW_CANDIDATE	complete analysis below the review gate (fewer than 200 uses here) — REVIEW_GATE מלכותא/-/b "בממשלה" n=3	מלכותא: ממשלה [krupnik]	מלכותא: J(מַלְכוּתָא): kingdom, rulership; Pl. ;; מלכות: J(מַלְכוּת bh): kingdom, government; office.; a benediction invoking God as king; the references to the di	not available (no open digital HeArukh/Meturgeman text)	בממשלה	REVIEW	medium (~80% right in the sample)	yes
108	top-500	בעל	3	Ezra.4.8 Ezra.4.9 Ezra.4.17	Biblical Aramaic (Daniel, Ezra) (B)	בעל בעלא על עול עיל גביימ	REVIEW_CANDIDATE	complete analysis below the review gate (fewer than 200 uses here) — REVIEW_GATE בעל/-/- "שכב אשה" n=3	בעל: שכב אשה [krupnik] | בעל [jastrow] ;; בעלא: מטר בתור מוליד הצמחים [krupnik] ;; על: על [jastrow] ;; עיל: הביא, הכניס [krupnik] | גדל וצמח [krupnik] | נכנס [krupnik] | למעלה [krupnik] | על [jastrow] ;; גביימ: אחורי הכלים [krupnik] | גַּבֵּי על [krupnik] | בפנים [krupnik] | שומר [krupnik] | עדיף ממ	בעל: J(בָּעַל bh): to enter into, take possession; to be master, protect;; to have sexual intercourse || J(בְּעַל ch): married, having had intercourse || J(בַּעַל bh): husband; the idol Baal; the fructifier ;; בעלא: K: husband | Ehemann || 	not available (no open digital HeArukh/Meturgeman text)	שכב אשה	REVIEW	medium (~80% right in the sample)	yes
109	top-500	בשנת	3	Daniel.7.1 Ezra.5.13 Ezra.6.3	Biblical Aramaic (Daniel, Ezra) (B)	שינה שנא שנה שני	MORPHOLOGY	a known lemma with a Hebrew sense is reachable, but a precision rule blocks the analysis — NO_ANALYSIS	שנא: שנא [jastrow] | שנה [jastrow] ;; שני: חזר, כפל [krupnik] | היה משונה, שונה [krupnik] | שינה והחליף [krupnik] | השיב [krupnik] | שינה והחליף [krupnik] | נשתנה ונתחלף [krupnik] | שני [jastrow]	שינה: J(שֵׁינָה bh): sleep ;; שנא: J(שָׂנֵא bh): to hate; to be hated; y’shunne || J(שְׁנָא I): to change || J(שְׁנָא II ch): year ;; שנה: K: to repeat | wiederholen || J(שָׁנָה II bh): year; birkhath hash-shanim ;; שני: J(שָׁנִי bh): scarl	not available (no open digital HeArukh/Meturgeman text)			—	yes
110	top-500	גשמה	3	Daniel.4.30 Daniel.5.21 Daniel.7.11	Biblical Aramaic (Daniel, Ezra) (B)	גשמה גשמ	REVIEW_CANDIDATE	complete analysis below the review gate (fewer than 200 uses here) — REVIEW_GATE גשמה/-/- "בריח" n=3	גשמה: בריח [krupnik]	גשמה: J(גְּשָׁמָה): frame, door-stop ;; גשמ: K: rain season | der Winterregen, Regenzeit || K: a field naturally watered by rain | natürlich bewässertes Feld || J(גָּשַׁם bh): to make the earth cloddy; Part. pass; cloddy || J(גֶּשֶׁם I bh):	not available (no open digital HeArukh/Meturgeman text)	בריח	REVIEW	medium (~80% right in the sample)	yes
111	top-500	דארינ	3	Daniel.2.38 Daniel.3.31 Daniel.6.26	Biblical Aramaic (Daniel, Ezra) (B)	דאר דארא ארא ארי אריא אריתא	MORPHOLOGY	a known lemma with a Hebrew sense is reachable, but a precision rule blocks the analysis — NO_ANALYSIS	דאר: חרש [krupnik] ;; ארא: עוף־ציד [krupnik] | שאל [krupnik] ;; ארי: כי [krupnik] ;; אריא: ארי [krupnik] ;; אריתא: תעלה [krupnik]	דאר: J(*דְּאַר): to turn, circle ;; דארא: J(*דַּארָא): turner ;; ארא: K: a species of fish | eine Fischart || J(אֲרָא): to treat, argue || J(ארא): fowler || J(*ארא): fish; fish-brine;; Raia ;; ארי: J(אֲרֵי): behold; that, so that, because, 	not available (no open digital HeArukh/Meturgeman text)			—	yes
112	top-500	דירינ	3	Daniel.2.38 Daniel.3.31 Daniel.6.26	Biblical Aramaic (Daniel, Ezra) (B)	דירא דיר ארא ארי ירה ירי	REVIEW_CANDIDATE	complete analysis below the review gate (fewer than 200 uses here) — REVIEW_GATE דירא/n.pl/- "רפת" n=3	דירא: אכסניא [krupnik] | אכסניא [krupnik] | רפת [krupnik] | רפת [krupnik] ;; דיר: ערך בשורה [krupnik] | זֵר [krupnik] | רפת [krupnik] | רפת [krupnik] | דירה [krupnik] | דירה [krupnik] ;; ארא: עוף־ציד [krupnik] | שאל [krupnik] ;; ארי: כי [krupnik] ;; ירי: הורה ולימד [krupnik] | תיבה בנוסח של לחש [kru	דירא: J(דִּירָא): shed; tent ;; דיר: J(דֵּיר I): crown, rim || J(דֵּיר II): tent || J(דִּיר): Pi. || J(דִּיר ²): shed; stable, store-house; Du. ;; ארא: K: a species of fish | eine Fischart || J(אֲרָא): to treat, argue || J(ארא): fowler || J	not available (no open digital HeArukh/Meturgeman text)	רפת	REVIEW	low (~74%)	yes
113	top-500	דכנ	3	Daniel.2.31 Daniel.7.20 Daniel.7.21	Biblical Aramaic (Daniel, Ezra) (B)	דכנ דוכנה דכונ דכי כנ דוכ	MISSING_HEBREW_GLOSS	the dictionaries have the word, but no Hebrew sense (English only / Krupnik without Hebrew) — NO_HEBREW_SENSE דכנ	דכנ: כתת [krupnik] | דכן [jastrow] ;; דכונ: מקום גבוה בכירה [krupnik] | מקום גבוה בכירה [krupnik] ;; דכי: זכה [krupnik] | היה טהור [krupnik] | טיהר [krupnik] | התנהג בטהרה [krupnik] | חנך [krupnik] | נטהר [krupnik] | נפנה והלך [krupnik] | טהור [krupnik] | זכה [jastrow] ;; כנ: כן [jastrow] | מכאן ואי	דכנ: J(דָּכַן): Pi.; to pound || J(דְּכַן ch): to crush ;; דוכנה: J(דּוֹכְנָה): pounding, pounded dish ;; דכונ: J(דָּכוֹן): an elevated spot; stand ;; דכי: J(דכי): Pi.; to declare clean || J(דְּכִי): to be clear; to be clean, pure; to be cl	not available (no open digital HeArukh/Meturgeman text)			—	yes
114	top-500	הודע	3	Daniel.2.15 Daniel.2.17 Daniel.2.45	Biblical Aramaic (Daniel, Ezra) (B)	ידע הודע	REVIEW_CANDIDATE	complete analysis below the review gate (fewer than 200 uses here) — REVIEW_GATE ידע/af.perf.3ms/- "הודיע" n=3	ידע: ידע [jastrow] | הודיע [reviewed]	ידע: J(יָדַע bh): to point out, select, love; to recognize, know; to find out; Part. pass || J(יְדַע ch): Hif.; Part. pass; friend ;; הודע: J(הוֹדַע): Af.	not available (no open digital HeArukh/Meturgeman text)	הודיע	REVIEW	low (~74%)	yes
115	top-500	היתיו	3	Daniel.3.13 Daniel.5.3 Daniel.5.23	Biblical Aramaic (Daniel, Ezra) (B)	אתא	REVIEW_CANDIDATE	complete analysis below the review gate (fewer than 200 uses here) — REVIEW_GATE אתא/af.perf.3mp/- "באו" n=3	אתא: סימן [krupnik] | בא [krupnik] | הביא [reviewed]	אתא: J(אָתָא I): letter, sign || J(אֲתָא ch): to join; to come, to arrive; to occur to; surely, indeed || J(*אָתָא III): Great Bear, Ursa Major	not available (no open digital HeArukh/Meturgeman text)	באו	REVIEW	medium (~85%)	yes
116	top-500	הלא	3	Daniel.3.24 Daniel.4.27 Daniel.6.13	Biblical Aramaic (Daniel, Ezra) (B)	הול הלא הלי	MISSING_HEBREW_GLOSS	the dictionaries have the word, but no Hebrew sense (English only / Krupnik without Hebrew) — NO_HEBREW_SENSE הול	—	הול: J(הוּל): to be merry.; —Polel; to deride, laugh at ;; הלא: J(הָלָא bh): further on ;; הלי: J(הֲלִי): to be faint, to labor; to fatigue	not available (no open digital HeArukh/Meturgeman text)			—	yes
117	top-500	המונ	3	Daniel.2.34 Daniel.2.35 Daniel.3.22	Biblical Aramaic (Daniel, Ezra) (B)	המונ המה נהמ המי	MISSING_HEBREW_GLOSS	the dictionaries have the word, but no Hebrew sense (English only / Krupnik without Hebrew) — NO_HEBREW_SENSE המונ	המונ: המון [jastrow] ;; המה: היה בהול אחרי־ [krupnik] ;; נהמ: המה כיונה [krupnik] | נהם [jastrow] ;; המי: המי [jastrow]	המונ: J(הָמוֹן bh): noise, tumult; multitude || J(הָמוֹן ² ch): multitude ;; נהמ: J(נָהַם bh): to be agitated; to make a noise; to cco ;; המי: J(המי bh): to be noisy, excited,; to rush after, be greedy, envious; to covet || J(המי ² ch): to 	not available (no open digital HeArukh/Meturgeman text)			—	yes
118	top-500	הרגשו	3	Daniel.6.7 Daniel.6.12 Daniel.6.16	Biblical Aramaic (Daniel, Ezra) (B)	רגש	MORPHOLOGY	a known lemma with a Hebrew sense is reachable, but a precision rule blocks the analysis — NO_ANALYSIS	רגש: המה ורעש [krupnik] | עורר [krupnik] | חש [krupnik] | התרחש, קרה פתאום [krupnik] | היה נרגז [krupnik] | הרגיז [krupnik] | נרגז ונסער [krupnik] | רגש [jastrow]	רגש: K: to notice | merken || J(רָגַשׁ bh): to tremble, shake; to rage; to stir up, gather in a crowd; to be affected, feel, perceive || J(רְגַשׁ ch): to tremble, shake, be agitated; to moan; Part. pass.; affected; felt || J(רֶגֶשׁ bh): com	not available (no open digital HeArukh/Meturgeman text)			—	yes
119	top-500	ואבנא	3	Daniel.2.35 Daniel.5.4 Daniel.5.23	Biblical Aramaic (Daniel, Ezra) (B)	אבנ אב אבא אבנתא בנא בני	MORPHOLOGY	a known lemma with a Hebrew sense is reachable, but a precision rule blocks the analysis — NO_ANALYSIS	אבנ: אבן [jastrow] ;; אב: ראש ועיקר [krupnik] | החודש החמישי מניסן [krupnik] ;; אבא: אב, אבי [krupnik] | יער [krupnik] | אב [jastrow] ;; אבנתא: הבנה [krupnik] ;; בנא: עשה בנין [krupnik] | נבנה כמקדם [krupnik] ;; בני: עשה בנין [krupnik] | בנה [jastrow]	אבנ: J(אֶבֶן bh): stone; jewel; Stone Chamber || J(אֶבֶן ² ch): weight-stones; black marble stone || J(אֹבֶן): the potter’s turning implement; the passage of the embryo, vagina ;; אב: J(אָב I): Ab, || J(אָב II bh): father, ancestor, progeni	not available (no open digital HeArukh/Meturgeman text)			—	yes
120	top-500	וביתה	3	Daniel.3.29 Ezra.5.12 Ezra.6.11	Biblical Aramaic (Daniel, Ezra) (B)	בית יתה	REVIEW_CANDIDATE	complete analysis below the review gate (fewer than 200 uses here) — REVIEW_GATE pron:יתה/fixed/wb "ובאותה" n=3	בית: לן לינת לילה [krupnik] ;; יתה: אותה [krupnik]	בית: K: second letter of the alphabet | zweiter Buchstabe des Alphabets || J(בִּית): to go in, lodge, pass the night.; to keep over night, postpone burial || J(בַּיִת bh): house, household, home; bayith; owner, landlord; host; private man	not available (no open digital HeArukh/Meturgeman text)	ובאותה	REVIEW	high (~94%)	yes
121	top-500	והוא	3	Daniel.2.21 Daniel.7.24 Ezra.5.8	Biblical Aramaic (Daniel, Ezra) (B)	הוא הוי הוה	SENSE_CHOICE	several Hebrew senses (or two lemmas) — a reviewer must choose — AMBIGUOUS rev:הוא/ "והוא" ~ הוא/ "והיה"	הוא: היה [krupnik] | הוא [jastrow] ;; הוי: שאל, הקשה [krupnik] ;; הוה: היה [reviewed]	הוא: K: supposed | vorausgesetzt || J(הוּא bh): he, it; she; it is; whosoever, whatsoever; whatever it may be, a minimum || J(הוּא ² ch): myself, thyself ;; הוי: J(הוֹי bh): woe!, ah! || J(הוי bh): to exist; to be, become; to occur, come to	not available (no open digital HeArukh/Meturgeman text)			—	yes
122	top-500	והלכ	3	Ezra.4.13 Ezra.4.20 Ezra.7.24	Biblical Aramaic (Daniel, Ezra) (B)	הלכ הילכ הכ הלכה הלכא הלא	MORPHOLOGY	a known lemma with a Hebrew sense is reachable, but a precision rule blocks the analysis — NO_ANALYSIS	הלכ: הלך [jastrow] ;; הילכ: הרכבה מן הֵא לָךְ [krupnik] ;; הכ: זה, זאת [krupnik] ;; הלכה: חוק [krupnik] ;; הלכא: לכאן [krupnik] | הילך [jastrow]	הלכ: K: to cause opening of the bowels | Durchfall verursachen || J(הָלַךְ bh): to go, go away; to walk; Pi.; to walk, tread upon || J(הֲלַךְ ch): to walk || J(הֲלָךְ): atax; sustenance of marching troops || J(הֵלֶךְ bh): traveller ;; הכ: J	not available (no open digital HeArukh/Meturgeman text)			—	yes
123	top-500	והמונכא	3	Daniel.5.7 Daniel.5.16 Daniel.5.29	Biblical Aramaic (Daniel, Ezra) (B)		TRUE_LEXICAL_GAP	no lexicon entry the form could belong to — NO_ANALYSIS	—	—	not available (no open digital HeArukh/Meturgeman text)			—	yes
124	top-500	והמניכא	3	Daniel.5.7 Daniel.5.16 Daniel.5.29	Biblical Aramaic (Daniel, Ezra) (B)	המניכא	MISSING_HEBREW_GLOSS	the dictionaries have the word, but no Hebrew sense (English only / Krupnik without Hebrew) — NO_ANALYSIS	—	המניכא: J(הַמְנִיכָא): emblem of appointment to office; necklace.	not available (no open digital HeArukh/Meturgeman text)			—	yes
125	top-500	והנ	3	Daniel.2.6 Daniel.3.15 Daniel.3.18	Biblical Aramaic (Daniel, Ezra) (B)	הנ הינ וה הוא	SENSE_CHOICE	several Hebrew senses (or two lemmas) — a reviewer must choose — AMBIGUOUS_SENSE הנ: זה, ההוא	הנ: זה, ההוא [krupnik] ;; הינ: הֵן, כן [krupnik] | הן [jastrow] ;; הוא: היה [krupnik] | הוא [jastrow]	הנ: K: here | hier || J(הֵן): they || J(הֵן ² ch): here is, behold; behold, they are; how?, indeed! || J(הָן): he who; this one, that one; what? ;; הינ: K: if | wenn || J(הֵין): yes; behold!, now || J(הִין II bh): Hin; hin; hin ;; וה: J(וָה	not available (no open digital HeArukh/Meturgeman text)			—	yes
126	top-500	ויסגד	3	Daniel.3.6 Daniel.3.10 Daniel.3.11	Biblical Aramaic (Daniel, Ezra) (B)	סגד	MISSING_HEBREW_GLOSS	the dictionaries have the word, but no Hebrew sense (English only / Krupnik without Hebrew) — NO_ANALYSIS	—	סגד: J(סְגַד bh): to bend, bow; to worship	not available (no open digital HeArukh/Meturgeman text)			—	yes
127	top-500	וכענת	3	Ezra.4.10 Ezra.4.11 Ezra.7.12	Biblical Aramaic (Daniel, Ezra) (B)	כענת עני ענתא עונ	MORPHOLOGY	a known lemma with a Hebrew sense is reachable, but a precision rule blocks the analysis — NO_ANALYSIS	עני: השיב, ענה [krupnik] | זימר במקהלה [krupnik] | איחר [krupnik] | עינה, גרם יסורים [krupnik] | אנס אשה [krupnik] | התענה [krupnik] | נעשה עני [krupnik] | עני [jastrow] | עני [jastrow] ;; ענתא: זמן [krupnik] | עונה [jastrow]	כענת: J(כְּעֶנֶת): correspondingly; and so forth ;; עני: J(עני bh): to turn, come out in turn; to begin to speak; to respond; to speak; sing in chorus; to ans || J(עֲנֵי): to speak; sing in chorus; to respond; to be answered || J(עני ² bh):	not available (no open digital HeArukh/Meturgeman text)			—	yes
128	top-500	ולצלמ	3	Daniel.3.12 Daniel.3.14 Daniel.3.18	Biblical Aramaic (Daniel, Ezra) (B)	צלמ	MORPHOLOGY	a known lemma with a Hebrew sense is reachable, but a precision rule blocks the analysis — NO_ANALYSIS	צלמ: צייר [krupnik] | צלם [jastrow]	צלמ: J(צְלַם): to paint; dark || J(צֶלֶם bh): shadow, picture, image; ur’du; yerʾdu	not available (no open digital HeArukh/Meturgeman text)			—	yes
129	top-500	ומטל	3	Daniel.4.22 Daniel.4.30 Daniel.5.21	Biblical Aramaic (Daniel, Ezra) (B)	מטל מטלא נטל טל	MORPHOLOGY	a known lemma with a Hebrew sense is reachable, but a precision rule blocks the analysis — NO_ANALYSIS	מטל: מטיל מתכת [krupnik] | נבואה [krupnik] ;; מטלא: סוכה [krupnik] ;; נטל: נלקח ביד [krupnik] | הופרש והורם [krupnik] | הוסר ולוקח [krupnik] | הוציא לאויר העולם [krupnik] | המליטה התרנגולת ביצה [krupnik] | יצק מים [krupnik] | השתין [krupnik] | עשה שלום [krupnik] | לקח [krupnik] | נסע [krupnik] | רחץ	מטל: J(מְטָל): javelin ;; מטלא: J(מַטְּלָא): imposed destiny, burden of prophecy ;; נטל: K: to put | legen || J(נָטַל bh): to move, carry off; to receive, take; removed; to pour water over one’s hands || J(נְטַל ch): to take, lift, move, ca	not available (no open digital HeArukh/Meturgeman text)			—	yes
130	top-500	ומלכו	3	Daniel.2.39 Daniel.2.40 Daniel.7.14	Biblical Aramaic (Daniel, Ezra) (B)	מלכו מלכותא מל מלכ	SENSE_CHOICE	several Hebrew senses (or two lemmas) — a reviewer must choose — AMBIGUOUS pron:לכו/fixed "ומלכם" ~ מלכו/ "ועצה · ומלכות, ממשלה"	מלכו: עצה [krupnik] | מלכות, ממשלה [krupnik] ;; מלכותא: ממשלה [krupnik] ;; מל: נוח לימלל [krupnik] ;; מלכ: יעץ [krupnik] | מלך, משל [krupnik] | המשיל [krupnik] | נתיעץ [krupnik] | מלך [jastrow] | מלך [jastrow]	מלכו: J(מִלְכוּ): consultation ;; מלכותא: J(מַלְכוּתָא): kingdom, rulership; Pl. ;; מל: J(מַל): brittle, easily crushed ;; מלכ: K: to take counsel | sich beraten || J(*מַלָּךְ): what is it to thee?; of no practical value || J(מָלַךְ bh): to	not available (no open digital HeArukh/Meturgeman text)			—	yes
131	top-500	ומנהונ	3	Daniel.2.33 Daniel.2.41 Daniel.2.42	Biblical Aramaic (Daniel, Ezra) (B)	מנ נהי	REVIEW_CANDIDATE	complete analysis below the review gate (fewer than 200 uses here) — REVIEW_GATE pron:מנהונ/fixed/w "ומהם" n=3	מנ: מאין [jastrow] | מן [jastrow] | מן [jastrow] | מי [he] ;; נהי: התאסף [krupnik] | נניח [krupnik]	מנ: J(מִן bh): from, of; more; less; than || J(מִן ² ch): from me; from thee;; from him || J(מָן I bh): portion, food; man; the manna || J(מַן I ch): a day’s; support; man || J(מַן): who?, what? || J(מָן III): thing, vessel, garment; coulte	not available (no open digital HeArukh/Meturgeman text)	ומהם	REVIEW	high (~94%)	yes
132	top-500	ומנהינ	3	Daniel.2.33 Daniel.2.41 Daniel.2.42	Biblical Aramaic (Daniel, Ezra) (B)	נהי מנ	MORPHOLOGY	a known lemma with a Hebrew sense is reachable, but a precision rule blocks the analysis — NO_ANALYSIS	נהי: התאסף [krupnik] | נניח [krupnik] ;; מנ: מאין [jastrow] | מן [jastrow] | מן [jastrow] | מי [he]	נהי: J(נְהֵי I bh): to move; to be in commotion; to follow eagerly || J(נְהִי II bh): commotion; lamentation, elegy || J(נְהֵי): let it be, granted, admitted ;; מנ: J(מִן bh): from, of; more; less; than || J(מִן ² ch): from me; from thee;; 	not available (no open digital HeArukh/Meturgeman text)			—	yes
133	top-500	ורומה	3	Daniel.4.7 Daniel.4.8 Daniel.4.17	Biblical Aramaic (Daniel, Ezra) (B)	רומ רומא	MORPHOLOGY	a known lemma with a Hebrew sense is reachable, but a precision rule blocks the analysis — NO_ANALYSIS	רומ: רום [jastrow] | רום [jastrow] ;; רומא: גובה, רום [he]	רומ: J(רוּם bh): to swing; to be high, lifted up; to rise; to lift up, raise || J(רוּם ² ch): to be high; to lift; to remove; to swing; to wave an offering; to uplift || J(רוּם II bh): height || J(רוּם ³ ch): height; haughtiness ;; רומא: J(	not available (no open digital HeArukh/Meturgeman text)			—	yes
134	top-500	ושבעה	3	Daniel.4.13 Daniel.4.22 Daniel.4.29	Biblical Aramaic (Daniel, Ezra) (B)	שבע שבעתא	MORPHOLOGY	a known lemma with a Hebrew sense is reachable, but a precision rule blocks the analysis — NO_ANALYSIS	שבע: נשבע [krupnik] | שבע [jastrow] | שבע [jastrow] ;; שבעתא: שבוע [krupnik]	שבע: J(שֶׁבַע bh): seven; Shib ah, the seven days of mourning for a near relative; seventy || J(שְׁבַע ch): seventy || J(שָׁבַע): Nif.; to be sworn, to swear; to adjure; to impose, administer an oath || J(שְׁבַע II ch): Ithpa.; Ithpe.; Nif.	not available (no open digital HeArukh/Meturgeman text)			—	yes
135	top-500	ושחיתה	3	Daniel.2.9 Daniel.6.5	Biblical Aramaic (Daniel, Ezra) (B)	שחיתה שחיתא שחת	MORPHOLOGY	a known lemma with a Hebrew sense is reachable, but a precision rule blocks the analysis — NO_ANALYSIS	שחת: שחת [jastrow]	שחיתה: J(שְׁחִיתָה): pits ;; שחיתא: J(שְׁחִיתָא): perversion, fault ;; שחת: J(שָׁחַת bh): to be low, bent; to pervert, ruin, do harm; the law forbidding to ruin anything wantonly || J(שְׁחַת ch): part. pass; mutilated || J(שַׁחַת I bh): pit	not available (no open digital HeArukh/Meturgeman text)			—	yes
136	top-500	ושכלתנו	3	Daniel.5.11 Daniel.5.12 Daniel.5.14	Biblical Aramaic (Daniel, Ezra) (B)		TRUE_LEXICAL_GAP	no lexicon entry the form could belong to — NO_ANALYSIS	—	—	not available (no open digital HeArukh/Meturgeman text)			—	yes
137	top-500	ושלטנה	3	Daniel.3.33 Daniel.6.27 Daniel.7.26	Biblical Aramaic (Daniel, Ezra) (B)		TRUE_LEXICAL_GAP	no lexicon entry the form could belong to — NO_ANALYSIS	—	—	not available (no open digital HeArukh/Meturgeman text)			—	yes
138	top-500	חיוה	3	Daniel.4.13 Daniel.7.5 Daniel.7.7	Biblical Aramaic (Daniel, Ezra) (B)	חיוא חי	MORPHOLOGY	a known lemma with a Hebrew sense is reachable, but a precision rule blocks the analysis — NO_ANALYSIS	חיוא: חיה [krupnik] | חיה [jastrow] ;; חי: חי [jastrow]	חיוא: J(חֵיוָא): animal; beasts ;; חי: J(חַי bh): living, alive; living creature; healthy; in natural condition, raw; unmixed || J(חַי ² ch): Fem.; strong	not available (no open digital HeArukh/Meturgeman text)			—	yes
139	top-500	חספ	3	Daniel.2.33 Daniel.2.41 Daniel.2.42	Biblical Aramaic (Daniel, Ezra) (B)	חספ חספא	REVIEW_CANDIDATE	complete analysis below the review gate (fewer than 200 uses here) — REVIEW_GATE חספ/-/- "חרש" n=3	חספ: כתש [krupnik] | הלבין, החויר [krupnik] | חרש [jastrow] ;; חספא: חרס [krupnik] | טיט [krupnik]	חספ: J(חֲסַף I): to peel off; to be scaly, rough; to pound grain || J(חֲסַף II): rough clay; clay vessel; something with which to peel or scrape ;; חספא: J(חַסְפָּא): shame;; idol; ḥeres	not available (no open digital HeArukh/Meturgeman text)	חרש	REVIEW	medium (~80% right in the sample)	yes
140	top-500	חספא	3	Daniel.2.35 Daniel.2.43 Daniel.2.45	Biblical Aramaic (Daniel, Ezra) (B)	חספא חספ	REVIEW_CANDIDATE	complete analysis below the review gate (fewer than 200 uses here) — REVIEW_GATE חספא/-/- "טיט" n=3	חספא: חרס [krupnik] | טיט [krupnik] ;; חספ: כתש [krupnik] | הלבין, החויר [krupnik] | חרש [jastrow]	חספא: J(חַסְפָּא): shame;; idol; ḥeres ;; חספ: J(חֲסַף I): to peel off; to be scaly, rough; to pound grain || J(חֲסַף II): rough clay; clay vessel; something with which to peel or scrape	not available (no open digital HeArukh/Meturgeman text)	טיט	REVIEW	medium (~80% right in the sample)	yes
141	top-500	טעמא	3	Daniel.6.3 Ezra.4.21 Ezra.5.5	Biblical Aramaic (Daniel, Ezra) (B)	טעמא טעמ טמא מאי	REVIEW_CANDIDATE	complete analysis below the review gate (fewer than 200 uses here) — REVIEW_GATE טעמא/-/- "סבה · טעם" n=3	טעמא: סבה [krupnik] | טעם [krupnik] ;; טעמ: סבה [krupnik] | סימן ההפסק במקרא, נגינה [krupnik] | טעם [jastrow] | צו, פקודה [he] ;; טמא: נחמה [krupnik] | טמא [jastrow] | ט׳ למת [jastrow] | טמא [jastrow] ;; מאי: מה [krupnik]	טעמא: J(טָעֲמָא): pleader.; pleaders ;; טעמ: J(טָעַם bh): to be bright, wise; to examine, to taste, test, try, experience; to give to taste || J(טְעַם): to give to taste; to taste; tasted, touched || J(טַעַם bh): pleasure, will; sense, wisd	not available (no open digital HeArukh/Meturgeman text)	סבה · טעם	REVIEW	medium (~80% right in the sample)	yes
142	top-500	יבהלנני	3	Daniel.4.2 Daniel.7.15 Daniel.7.28	Biblical Aramaic (Daniel, Ezra) (B)		TRUE_LEXICAL_GAP	no lexicon entry the form could belong to — NO_ANALYSIS	—	—	not available (no open digital HeArukh/Meturgeman text)			—	yes
143	top-500	יהיב	3	Daniel.7.4 Daniel.7.6 Daniel.7.14	Biblical Aramaic (Daniel, Ezra) (B)	יהב	MISSING_HEBREW_GLOSS	the dictionaries have the word, but no Hebrew sense (English only / Krupnik without Hebrew) — NO_HEBREW_SENSE יהב	—	יהב: J(יְהַב): to give; to deal; to put, place	not available (no open digital HeArukh/Meturgeman text)			—	yes
144	top-500	יומיא	3	Daniel.2.28 Daniel.7.13 Daniel.7.22	Biblical Aramaic (Daniel, Ezra) (B)	יומ יומא	MISSING_HEBREW_GLOSS	the dictionaries have the word, but no Hebrew sense (English only / Krupnik without Hebrew) — NO_HEBREW_SENSE יומ	יומ: יום [jastrow] ;; יומא: יום [krupnik] | שמש [krupnik]	יומ: J(יוֹם bh): light, day; astronomical; day; || J(יוֹם ² ch): at once; of the same day, one day old, used the same day; Yoma ;; יומא: K: name of a treatise of the Talmud on the order of exercises of the Day of Atonement | Name eines Talm	not available (no open digital HeArukh/Meturgeman text)			—	yes
145	top-500	יכל	3	Daniel.3.17 Daniel.3.29 Daniel.4.34	Biblical Aramaic (Daniel, Ezra) (B)	יכול כול	REVIEW_CANDIDATE	complete analysis below the review gate (fewer than 200 uses here) — REVIEW_GATE יכול/-/- "שמא תאמר" n=3	יכול: שמא תאמר [krupnik] | כאילו [krupnik] ;; כול: מדד [krupnik] | כול [jastrow] | כל [jastrow] | כל שכן [jastrow]	יכול: J(יָכוֹל bh): capable, able to sustain, enduring;; to be capable, able; one can, may; it is possible; yo ;; כול: J(כּוּל bh): to enclose; to measure. || J(כּוּל ² ch): kor; kab; kab || J(כּוֹל ch): all, every one; any; all of thee, of	not available (no open digital HeArukh/Meturgeman text)	שמא תאמר	REVIEW	low (~67%)	yes
146	top-500	יכלינ	3	Daniel.2.27 Daniel.4.15 Daniel.6.5	Biblical Aramaic (Daniel, Ezra) (B)	כלי	MORPHOLOGY	a known lemma with a Hebrew sense is reachable, but a precision rule blocks the analysis — NO_ANALYSIS	כלי: נגמר [krupnik] | איבד [krupnik] | שאג [krupnik] | עצר [krupnik] | נעצר [krupnik] | כְּלִי רִאשׁוֹן [krupnik] | כלי [jastrow]	כלי: J(כְּלִי bh): vessel, receptacle; bag; outfit, apparel, garment, tool, weapon.; Pl. || J(כלי bh): to enclose; to restrain, keep back; iron points; to be full, to be finished, to cease || J(כְּלֵי ch): to keep enclosed, to withhold, res	not available (no open digital HeArukh/Meturgeman text)			—	yes
147	top-500	יפלחונ	3	Daniel.3.28 Daniel.7.14 Daniel.7.27	Biblical Aramaic (Daniel, Ezra) (B)	פלח	MORPHOLOGY	a known lemma with a Hebrew sense is reachable, but a precision rule blocks the analysis — NO_ANALYSIS	פלח: עבד [krupnik] | עבד לאלהות [krupnik] | עשה, פעל [krupnik] | העביד [krupnik] | נעבד [krupnik] | פלח [jastrow]	פלח: J(פָּלַח bh): to split; to dig, till; to cut out; to work for, serve; to worship || J(פְּלַח ch): to till, work; Pa.; to serve || J(פֶּלַח): segment, slice; millstone	not available (no open digital HeArukh/Meturgeman text)			—	yes
148	top-500	יצבא	3	Daniel.4.14 Daniel.4.22 Daniel.4.29	Biblical Aramaic (Daniel, Ezra) (B)	יצב צבה צבי	SENSE_CHOICE	several Hebrew senses (or two lemmas) — a reviewer must choose — AMBIGUOUS יצב/pe.ptcp.fs "פַּעל, ביסס" ~ צבי/pe.impf.3ms "חפץ, רצה"	יצב: פַּעל, ביסס [krupnik] | יצב [jastrow] ;; צבי: חפץ, רצה [krupnik]	יצב: J(יָצַב bh): to stand, be erect; to place one’s self; to be firm || J(יְצַב ch): to establish; to ascertain ;; צבה: K: to swell | anschwellen || K: to cause the appearance of being swollen | tun, als ob man geschwollen ist ;; צבי: J(צב	not available (no open digital HeArukh/Meturgeman text)			—	yes
149	top-500	ישגא	3	Daniel.3.31 Daniel.6.26 Ezra.4.22	Biblical Aramaic (Daniel, Ezra) (B)	שגי	SENSE_CHOICE	several Hebrew senses (or two lemmas) — a reviewer must choose — AMBIGUOUS_SENSE שגי: נבוך | נפקד, נעדר	שגי: נבוך [krupnik] | טעה [krupnik] | נפקד, נעדר [krupnik] | שגי [jastrow]	שגי: J(שגי bh): to be confused; to reel; to err; to cause to reel; to lead astray || J(שְׁגֵי ch): to reel, be intoxicated; to err, deviate; to be lost, missed	not available (no open digital HeArukh/Meturgeman text)			—	yes
150	top-500	יתוב	3	Daniel.4.31 Daniel.4.33	Biblical Aramaic (Daniel, Ezra) (B)	תוב יתובא	MORPHOLOGY	a known lemma with a Hebrew sense is reachable, but a precision rule blocks the analysis — NO_ANALYSIS	תוב: שב, חזר [krupnik] | השיב [krupnik] | הקשה, פירך [krupnik] | הושב [krupnik] | הופרך [krupnik] | שוב [jastrow] | שוב [jastrow] ;; יתובא: מי שבא לגור [krupnik] | ישוב, מקום נושב [krupnik]	תוב: J(תּוּב I): to go back, return, do again; to restore; to go back on, || J(תּוּב II): again, furthermore ;; יתובא: J(יָתוֹבָא): dweller, sojourner || J(יִתּוּבָא): dwelling place	not available (no open digital HeArukh/Meturgeman text)			—	yes
151	top-500	יתירא	3	Daniel.3.22 Daniel.6.4 Daniel.7.7	Biblical Aramaic (Daniel, Ezra) (B)	יתירא יתור יתיר יתירתא יתר	REVIEW_CANDIDATE	complete analysis below the review gate (fewer than 200 uses here) — REVIEW_GATE יתירא/-/- "יתר, חבל" n=3	יתירא: יתר, חבל [krupnik] ;; יתור: תוספת [krupnik] | יותר מדאי [jastrow] ;; יתיר: מרובה, מיותר [krupnik] ;; יתירתא: אונא יתרה בריאה [krupnik] ;; יתר: הוסיף [krupnik] | היה יותר [krupnik] | השאיר [krupnik] | השפיע רוב טובה [krupnik] | גדול בשנים [krupnik] | יתר [jastrow]	יתירא: J(יְתֵירָא): cord ;; יתור: J(יִתּוּר): addition || J(יַתִּור I): remaining over, too much, too many; extraordinary, especial; an additional lobe of the lun ;; יתיר: K: too much, too many | übrig, zu viel || K: more | mehr ;; יתר: K: 	not available (no open digital HeArukh/Meturgeman text)	יתר, חבל	REVIEW	medium (~80% right in the sample)	yes
152	top-500	יתננה	3	Daniel.4.14 Daniel.4.22 Daniel.4.29	Biblical Aramaic (Daniel, Ezra) (B)		TRUE_LEXICAL_GAP	no lexicon entry the form could belong to — NO_ANALYSIS	—	—	not available (no open digital HeArukh/Meturgeman text)			—	yes
153	top-500	כדנה	3	Daniel.2.10 Daniel.3.29 Jeremiah.10.11	Biblical Aramaic (Daniel, Ezra) (B)	כדנ כדנא דנה דנ דינ דנא	REVIEW_CANDIDATE	complete analysis below the review gate (fewer than 200 uses here) — REVIEW_GATE rev:דנה/-/k "כזה" n=3	כדנ: קשר אל־ [krupnik] ;; כדנא: כד [krupnik] ;; דנ: פה [jastrow] | מהזה [jastrow] | איזהו [jastrow] ;; דינ: חקר ודרש [krupnik] | הוציא מסקנא [krupnik] | נשפט [krupnik] | נחשב [krupnik] | התוכח, ריב [krupnik] | שפט [krupnik] | הוציא מסקנא [krupnik] | בא בדין [krupnik] | הוציא דין [krupnik] | בא בדין 	כדנ: J(כָּדַן): kidînu; to bend; to yoke, put to work ;; כדנא: J(*כַּדְנָא): jug || J(כְּדֵנָא): thus ;; דנה: J(דְּנָה): which I ;; דנ: J(דָּן bh): Dan; Dan; Paneas; || J(דֵּן): this, that; here; like this, thus ;; דינ: J(*דֵּין): faintness	not available (no open digital HeArukh/Meturgeman text)	כזה	REVIEW	medium (not yet sampled)	yes
154	top-500	כשדאי	3	Daniel.2.10 Daniel.4.4 Daniel.5.7	Biblical Aramaic (Daniel, Ezra) (B)	כשדאה שדי שד שדא	REVIEW_CANDIDATE	complete analysis below the review gate (fewer than 200 uses here) — REVIEW_GATE כשדאה/n.pl/- "כשדי" n=3	כשדאה: כשדי [krupnik] ;; שדי: זרק, השליך [krupnik] | טוה [krupnik] | שפך [krupnik] | נזרק, הושלך [krupnik] | נשפך [krupnik] ;; שדא: שד [jastrow]	שדי: J(שַׁדַּי bh): Almighty || J(שְׁדֵי): to swing, throw, cast, shoot; to sprinkle, pour; to cast the spindle, to spin; to cast, po ;; שד: J(שַׂד): furrow.; siddim || J(שַׁד bh): female breast; Du. || J(שֵׁד bh): demon; s’‘irim; shedim	not available (no open digital HeArukh/Meturgeman text)	כשדי	REVIEW	low (~74%)	yes
155	top-500	כתב	3	Daniel.6.26 Daniel.7.1 Ezra.7.22	Biblical Aramaic (Daniel, Ezra) (B)	כתב כתיב תב	REVIEW_CANDIDATE	complete analysis below the review gate (fewer than 200 uses here) — REVIEW_GATE כתב/-/- "כתב" n=3	כתב: כתב ורשם [krupnik] | נכתב ונרשם [krupnik] | כתב [jastrow] | כתב [jastrow]	כתב: J(כָּתַב): to join sign to sign; to compose, write; to promise in writing, to will, assign, consign;  || J(כְּתַב I ch): the text reads; evening; it is written, it reads || J(כְּתָב bh): writing, writ; character.; signature ;; כתיב: K:	not available (no open digital HeArukh/Meturgeman text)	כתב	REVIEW	medium (~80% right in the sample)	yes
156	top-500	כתבה	3	Daniel.5.5 Daniel.5.7 Daniel.5.15	Biblical Aramaic (Daniel, Ezra) (B)	כתבה כתב תבה תבא תוב אבי	MORPHOLOGY	a known lemma with a Hebrew sense is reachable, but a precision rule blocks the analysis — NO_ANALYSIS	כתב: כתב ורשם [krupnik] | נכתב ונרשם [krupnik] | כתב [jastrow] | כתב [jastrow] ;; תבא: מדד [krupnik] ;; תוב: שב, חזר [krupnik] | השיב [krupnik] | הקשה, פירך [krupnik] | הושב [krupnik] | הופרך [krupnik] | שוב [jastrow] | שוב [jastrow]	כתבה: K: a man’s name | männlicher Name ;; כתב: J(כָּתַב): to join sign to sign; to compose, write; to promise in writing, to will, assign, consign;  || J(כְּתַב I ch): the text reads; evening; it is written, it reads || J(כְּתָב bh): writi	not available (no open digital HeArukh/Meturgeman text)			—	yes
157	top-500	לגבא	3	Daniel.6.17 Daniel.6.20 Daniel.6.21	Biblical Aramaic (Daniel, Ezra) (B)	גבא גבה גבי גב גוב	MORPHOLOGY	a known lemma with a Hebrew sense is reachable, but a precision rule blocks the analysis — NO_ANALYSIS	גבא: גב, הצד העליון [krupnik] | אצל, אל [krupnik] | ממעל ל־ [krupnik] | הוקיר [krupnik] ;; גבה: תבע ולקח דמי פרעון [krupnik] | נשתלם [krupnik] | התרומם [krupnik] | היה רם וגבוה, התגאה [krupnik] | התרומם [krupnik] | גבה [jastrow] ;; גבי: גבא, מקום מקוה מים [krupnik] | גבי [jastrow] ;; גב: גב [jastrow	גבא: K: to collect, to tax | einfordern, Steuern, Tribut, Strafe erheben || K: to fine, to confiscate, to gain | eintreiben, Vorteil ziehen || K: to be fined | erhoben werden (Strafe) || J(גֶּבֶא): cavity for collecting water, pond, cistern	not available (no open digital HeArukh/Meturgeman text)			—	yes
158	top-500	לחנכת	3	Daniel.3.2 Daniel.3.3 Ezra.6.17	Biblical Aramaic (Daniel, Ezra) (B)	חנכ חנכתא	MORPHOLOGY	a known lemma with a Hebrew sense is reachable, but a precision rule blocks the analysis — NO_ANALYSIS	חנכ: שכלל [krupnik] | התחיל להשתמש בדבר [krupnik] | הרגיל [krupnik] | גידל ולימד [krupnik] | נתחדש ונתקדש [krupnik] | חנך [jastrow]	חנכ: J(חָנַךְ bh): to rub, polish, finish;; to train; to dedicate; to train, initiate	not available (no open digital HeArukh/Meturgeman text)			—	yes
159	top-500	למבנא	3	Ezra.5.2 Ezra.5.17 Ezra.6.8	Biblical Aramaic (Daniel, Ezra) (B)	מבנא בנא בני	MORPHOLOGY	a known lemma with a Hebrew sense is reachable, but a precision rule blocks the analysis — NO_ANALYSIS	מבנא: מטאטא [krupnik] ;; בנא: עשה בנין [krupnik] | נבנה כמקדם [krupnik] ;; בני: עשה בנין [krupnik] | בנה [jastrow]	בני: J(בני bh): to combine; to build; to educate, train	not available (no open digital HeArukh/Meturgeman text)			—	yes
160	top-500	לצלמ	3	Daniel.3.5 Daniel.3.7 Daniel.3.10	Biblical Aramaic (Daniel, Ezra) (B)	צלמ	MORPHOLOGY	a known lemma with a Hebrew sense is reachable, but a precision rule blocks the analysis — NO_ANALYSIS	צלמ: צייר [krupnik] | צלם [jastrow]	צלמ: J(צְלַם): to paint; dark || J(צֶלֶם bh): shadow, picture, image; ur’du; yerʾdu	not available (no open digital HeArukh/Meturgeman text)			—	yes
161	top-500	לצלמא	3	Daniel.2.34 Daniel.2.35 Daniel.3.15	Biblical Aramaic (Daniel, Ezra) (B)	צלמ	MORPHOLOGY	a known lemma with a Hebrew sense is reachable, but a precision rule blocks the analysis — NO_ANALYSIS	צלמ: צייר [krupnik] | צלם [jastrow]	צלמ: J(צְלַם): to paint; dark || J(צֶלֶם bh): shadow, picture, image; ur’du; yerʾdu	not available (no open digital HeArukh/Meturgeman text)			—	yes
162	top-500	מדינתא	3	Daniel.3.2 Daniel.3.3 Ezra.5.8	Biblical Aramaic (Daniel, Ezra) (B)	מדינתא דינ	REVIEW_CANDIDATE	complete analysis below the review gate (fewer than 200 uses here) — REVIEW_GATE מדינתא/-/- "מדינה" n=3	מדינתא: כרך [krupnik] | מדינה [jastrow] ;; דינ: חקר ודרש [krupnik] | הוציא מסקנא [krupnik] | נשפט [krupnik] | נחשב [krupnik] | התוכח, ריב [krupnik] | שפט [krupnik] | הוציא מסקנא [krupnik] | בא בדין [krupnik] | הוציא דין [krupnik] | בא בדין [krupnik] | נשפט [krupnik] | נשפט, נענש [krupnik] | סברא הגי	דינ: J(*דֵּין): faintness, trouble, sickness; Oh! Ah!; Thou || J(דִּין I bh): to rule; to hold court, pass sentence, punish; to argue, conclude || J(דִּין ch): Part; to dispute, quarrel; to decide || J(דִּין II bh): law-suit, claim; judgmen	not available (no open digital HeArukh/Meturgeman text)	מדינה	REVIEW	medium (~80% right in the sample)	yes
163	top-500	מהודעינ	3	Daniel.4.4 Ezra.4.16 Ezra.7.24	Biblical Aramaic (Daniel, Ezra) (B)		TRUE_LEXICAL_GAP	no lexicon entry the form could belong to — NO_ANALYSIS	—	—	not available (no open digital HeArukh/Meturgeman text)			—	yes
164	top-500	מלכותכ	3	Daniel.4.23 Daniel.5.26 Daniel.5.28	Biblical Aramaic (Daniel, Ezra) (B)	מלכותא מלכות	MORPHOLOGY	a known lemma with a Hebrew sense is reachable, but a precision rule blocks the analysis — NO_ANALYSIS	מלכותא: ממשלה [krupnik]	מלכותא: J(מַלְכוּתָא): kingdom, rulership; Pl. ;; מלכות: J(מַלְכוּת bh): kingdom, government; office.; a benediction invoking God as king; the references to the di	not available (no open digital HeArukh/Meturgeman text)			—	yes
165	top-500	מלכיא	3	Daniel.2.37 Daniel.2.44 Ezra.7.12	Biblical Aramaic (Daniel, Ezra) (B)	מלכיא מלכ לכא	REVIEW_CANDIDATE	complete analysis below the review gate (fewer than 200 uses here) — REVIEW_GATE מלכיא/-/- "מחלה" n=3	מלכיא: מחלה [krupnik] ;; מלכ: יעץ [krupnik] | מלך, משל [krupnik] | המשיל [krupnik] | נתיעץ [krupnik] | מלך [jastrow] | מלך [jastrow] ;; לכא: עסיס צמח המשמש לצבע [krupnik]	מלכיא: J(*מַלַכְיָא): want of appetite, nausea ;; מלכ: K: to take counsel | sich beraten || J(*מַלָּךְ): what is it to thee?; of no practical value || J(מָלַךְ bh): to lead in council; to preside; to officiate; to be ruler || J(מְלַךְ ch): 	not available (no open digital HeArukh/Meturgeman text)	מחלה	REVIEW	medium (~80% right in the sample)	yes
166	top-500	מלת	3	Daniel.2.10 Daniel.2.23 Daniel.3.22	Biblical Aramaic (Daniel, Ezra) (B)	מלת מילת מילא מלא מלה מול	REVIEW_CANDIDATE	complete analysis below the review gate (fewer than 200 uses here) — REVIEW_GATE מלת/-/- "תנוך האוזן" n=3	מלת: נהג בספינה [krupnik] | נמלח [krupnik] | תנוך האוזן [krupnik] ;; מילת: צמר דק [krupnik] | תנוך האוזן [krupnik] | מילת [jastrow] ;; מילא: מלה, דבר [krupnik] | דבר, ענין [krupnik] | מיל [jastrow] | מלה [jastrow] ;; מלא: מלה, דיבור [krupnik] | מלא [jastrow] ;; מלה: מילא [krupnik]	מילת: J(מִילַּת): oak || J(מֵילַת): something soft and thick; lock of wool, wool, down; ear-lap || J(מֵילַת ² ch): fine wool; a cloak of fine wool; ear-lap ;; מילא: K: a sort of wool | eine Art Wolle || J(מֵילָא I): a lock of wool, woolly s	not available (no open digital HeArukh/Meturgeman text)	תנוך האוזן	REVIEW	medium (~80% right in the sample)	yes
167	top-500	מנא	3	Daniel.5.25 Daniel.5.26	Biblical Aramaic (Daniel, Ezra) (B)	מנא מני מאנ מנ אנה מנתא	REVIEW_CANDIDATE	complete analysis below the review gate (fewer than 200 uses here) — REVIEW_GATE מנא/-/- "מנין" n=3	מנא: כלי [krupnik] | מנין [krupnik] | מנין [jastrow] ;; מני: מנה וספר [krupnik] | קבע והפקיד [krupnik] | הכניס בחשבון המנויים [krupnik] | נמנה [krupnik] | נתמנה [krupnik] | נכנס בחשבון המשתתפים [krupnik] | מי היא [krupnik] | דעת מי היא [krupnik] | מני [jastrow] ;; מאנ: מי [krupnik] | קנקן [jastrow] 	מנא: K: name of an Amora | Name eines Amoräers || J(מְנָא I): who?, what? || J(מְנָא II): whence?; whence is it proven?; whence do we have this?, how do we know? || J(מַנָּא): manna || J(מְנֵא): to count || J(מָנָא III): Mana; Mona || J(מָנ	not available (no open digital HeArukh/Meturgeman text)	מנין	REVIEW	medium (~80% right in the sample)	yes
168	top-500	משרוקיתא	3	Daniel.3.5 Daniel.3.7 Daniel.3.15	Biblical Aramaic (Daniel, Ezra) (B)		TRUE_LEXICAL_GAP	no lexicon entry the form could belong to — NO_ANALYSIS	—	—	not available (no open digital HeArukh/Meturgeman text)			—	yes
169	top-500	נשתונא	3	Ezra.4.18 Ezra.4.23 Ezra.5.5	Biblical Aramaic (Daniel, Ezra) (B)		TRUE_LEXICAL_GAP	no lexicon entry the form could belong to — NO_ANALYSIS	—	—	not available (no open digital HeArukh/Meturgeman text)			—	yes
170	top-500	סגדינ	3	Daniel.3.7 Daniel.3.12 Daniel.3.14	Biblical Aramaic (Daniel, Ezra) (B)	סגדא סגד	MISSING_HEBREW_GLOSS	the dictionaries have the word, but no Hebrew sense (English only / Krupnik without Hebrew) — NO_ANALYSIS	—	סגדא: J(סִגְדָּא): kneeling, worship ;; סגד: J(סְגַד bh): to bend, bow; to worship	not available (no open digital HeArukh/Meturgeman text)			—	yes
171	top-500	סופא	3	Daniel.6.27 Daniel.7.26 Daniel.7.28	Biblical Aramaic (Daniel, Ezra) (B)	סופ	MISSING_HEBREW_GLOSS	the dictionaries have the word, but no Hebrew sense (English only / Krupnik without Hebrew) — NO_HEBREW_SENSE סופ	סופ: סוף [jastrow] | סוף [jastrow] | סוף [jastrow]	סופ: J(סוּף I bh): reed, bulrush.; the sea of Suf; ăgam || J(סוּף II bh): to cut; to be cut off; to end; to cut, diminish; to exterminate; Part. pass || J(סוּף ² ch): to finish; to destroy; to cease; to finish; to consume, ruin || J(סוֹף bh	not available (no open digital HeArukh/Meturgeman text)			—	yes
172	top-500	ספר	3	Ezra.6.18 Ezra.7.12 Ezra.7.21	Biblical Aramaic (Daniel, Ezra) (B)	ספר סופר ספירה ספרא	REVIEW_CANDIDATE	complete analysis below the review gate (fewer than 200 uses here) — REVIEW_GATE ספר/-/- "שפת הים" n=3	ספר: ספירה [krupnik] | גבול [krupnik] | שפת הים [krupnik] | גלב [krupnik] | מלמד מקרא [krupnik] | ספר [jastrow] | ספר [jastrow] | סופר [jastrow] ;; ספירה: כדור [krupnik] | מנין [krupnik] | הרצאה וספור דברים [krupnik] ;; ספרא: ספר [krupnik] | סופר [krupnik] | מלמד [krupnik] | ספר [jastrow]	ספר: J(סָפַר bh): to cut; to mark; to write; to count; Pi. || J(סְפַר ch): to count, mark, write; to shear; to cut, shear, shave || J(סַפָּר): Bible teacher; ṭebel; hair-cutter, barber || J(סַפָּר ² ch): hair-cutter || J(סְפָר): mark; march	not available (no open digital HeArukh/Meturgeman text)	שפת הים	REVIEW	medium (~80% right in the sample)	yes
173	top-500	סרכיא	3	Daniel.6.4 Daniel.6.5 Daniel.6.7	Biblical Aramaic (Daniel, Ezra) (B)	סרכא	REVIEW_CANDIDATE	complete analysis below the review gate (fewer than 200 uses here) — REVIEW_GATE סרכא/n.pl/- "מנהג · ענף, שריג" n=3	סרכא: מנהג [krupnik] | ענף, שריג [krupnik] | סרך [jastrow]	סרכא: J(סִרְכָא ch): adhesion; cohesion; an adhesion || J(סָרְכָא): Saf.; manager; commander	not available (no open digital HeArukh/Meturgeman text)	מנהג · ענף, שריג	REVIEW	low (~74%)	yes
174	top-500	עבדת	3	Daniel.3.15 Daniel.4.32 Daniel.6.23	Biblical Aramaic (Daniel, Ezra) (B)	עבד	MORPHOLOGY	a known lemma with a Hebrew sense is reachable, but a precision rule blocks the analysis — NO_ANALYSIS	עבד: תיקן והכשיר [krupnik] | עבד [jastrow] | עבד [jastrow] | עשה [reviewed]	עבד: K: to tan | gerben || J(עָבַד bh): to work; to serve, work for.; to do priestly service || J(עֲבַד I ch): to do, labor; to make; to act; to do, fare, prosper; to spend time || J(עֶבֶד bh): slave; servant || J(עֲבַד ch): worshipper	not available (no open digital HeArukh/Meturgeman text)			—	yes
175	top-500	עבידת	3	Daniel.3.12 Ezra.4.24 Ezra.6.18	Biblical Aramaic (Daniel, Ezra) (B)	עבד עבידתא	MORPHOLOGY	a known lemma with a Hebrew sense is reachable, but a precision rule blocks the analysis — NO_ANALYSIS	עבד: תיקן והכשיר [krupnik] | עבד [jastrow] | עבד [jastrow] | עשה [reviewed] ;; עבידתא: עכודה [krupnik]	עבד: K: to tan | gerben || J(עָבַד bh): to work; to serve, work for.; to do priestly service || J(עֲבַד I ch): to do, labor; to make; to act; to do, fare, prosper; to spend time || J(עֶבֶד bh): slave; servant || J(עֲבַד ch): worshipper	not available (no open digital HeArukh/Meturgeman text)			—	yes
176	top-500	עלינא	3	Ezra.4.12 Ezra.4.18 Ezra.5.17	Biblical Aramaic (Daniel, Ezra) (B)	עלי עלה	MISSING_HEBREW_GLOSS	the dictionaries have the word, but no Hebrew sense (English only / Krupnik without Hebrew) — NO_HEBREW_SENSE עלי	עלי: עלי [jastrow] ;; עלה: שיבח [krupnik] | ביטל [krupnik] | הביא בחשבון [krupnik] | התרומם [krupnik]	עלי: J(עלי bh): to go up, rise; to come up, arrive; ‘ăle ‘ayin; ‘ole ‘ayin || J(עֲלֵי ch): Hif.; to balance; to estimate, value; to be elevated, exalted || J(עֱלִי bh): pestle ;; עלה: J(עָלֶה bh): cover; foliage, leaf	not available (no open digital HeArukh/Meturgeman text)			—	yes
177	top-500	עקר	3	Daniel.4.12 Daniel.4.20 Daniel.4.23	Biblical Aramaic (Daniel, Ezra) (B)	עקר עיקר עקרא	MISSING_HEBREW_GLOSS	the dictionaries have the word, but no Hebrew sense (English only / Krupnik without Hebrew) — NO_HEBREW_SENSE עקר	עקר: עשה לָעקר [krupnik] | נעשה עקר [krupnik] | עקר [jastrow] ;; עיקר: שורש [krupnik] | תוך, עצמות [krupnik] | עיקר [jastrow]	עקר: K: to uproot | entwurzeln || J(עָקַר bh): to be curved, bent; root; to uproot, tear loose, detach, remove; to eradicate, undo, aboli || J(עֲקַר I ch): to uproot; to uproot, destroy; to mutilate, hamstring; Pe. || J(עָקָר bh): rootless;	not available (no open digital HeArukh/Meturgeman text)			—	yes
178	top-500	פסנתרינ	3	Daniel.3.5 Daniel.3.10 Daniel.3.15	Biblical Aramaic (Daniel, Ezra) (B)		TRUE_LEXICAL_GAP	no lexicon entry the form could belong to — NO_ANALYSIS	—	—	not available (no open digital HeArukh/Meturgeman text)			—	yes
179	top-500	פרס	3	Daniel.5.28 Ezra.4.24 Ezra.6.14	Biblical Aramaic (Daniel, Ezra) (B)	פרס פרוס פרסה פרסי פרסא	REVIEW_CANDIDATE	complete analysis below the review gate (fewer than 200 uses here) — REVIEW_GATE פרס/-/- "העריך" n=3	פרס: שבר, בצע [krupnik] | התפרסם [krupnik] | חתיכה, פרוסה [krupnik] | מזון [krupnik] | חצי מנה [krupnik] | מסך [krupnik] | רשת [krupnik] | פרס [jastrow] | העריך [jastrow] | פרס [jastrow] ;; פרסה: מדת השטח, מיל [krupnik] ;; פרסי: פרסי [jastrow] ;; פרסא: מסך [krupnik] | רשת [krupnik] | פרס [jastrow] |	פרס: J(פָּרַס I bh): to split, break; to break bread and say grace; to break through || J(פְּרַס I ch): to split, divide, break; to break bread and say grace; Af. || J(פְּרָס): part, half; a piece; a certain quantity of bread || J(פְּרַס II	not available (no open digital HeArukh/Meturgeman text)	העריך	REVIEW	medium (~80% right in the sample)	yes
180	top-500	פרשגנ	3	Ezra.4.11 Ezra.4.23 Ezra.5.6	Biblical Aramaic (Daniel, Ezra) (B)	פתשגנ	MISSING_HEBREW_GLOSS	the dictionaries have the word, but no Hebrew sense (English only / Krupnik without Hebrew) — NO_ANALYSIS	—	פתשגנ: J(פַּתְשֶׁגֶן): repetition, copy, abstract; ordinance	not available (no open digital HeArukh/Meturgeman text)			—	yes
181	top-500	פשר	3	Daniel.4.3 Daniel.5.15 Daniel.5.26	Biblical Aramaic (Daniel, Ezra) (B)	פשר	SENSE_CHOICE	several Hebrew senses (or two lemmas) — a reviewer must choose — AMBIGUOUS_SENSE פשר: נמס | עשה פשרה וחוזה | התיר ונתק | תיווך	פשר: נמס [krupnik] | עשה פשרה וחוזה [krupnik] | נעשה קצת חם [krupnik] | התיר ונתק [krupnik] | תיווך [krupnik] | עשה את המים פושרים [krupnik] | עשה פשרה, השלים [krupnik] | פשר [jastrow]	פשר: K: to be tepid | lauwarm sein || J(פָּשַׁר): to divide, to spread; to melt, dissolve; to be stale, tepid || J(פְּשַׁר I ch): to melt, be dissolved; to vanish, be broken; to dissolve || J(פַּשַּׁר): interpreter || J(פְּשַׁר II): interpr	not available (no open digital HeArukh/Meturgeman text)			—	yes
182	top-500	קדמיה	3	Daniel.7.7 Daniel.7.8 Daniel.7.20	Biblical Aramaic (Daniel, Ezra) (B)	קדמי קדמיתא דמ	MISSING_HEBREW_GLOSS	the dictionaries have the word, but no Hebrew sense (English only / Krupnik without Hebrew) — NO_HEBREW_SENSE קדמי	קדמיתא: רוח קדים [krupnik] ;; דמ: דם [jastrow]	קדמי: J(קַדְמַי): first, former, previous; Fem.; in ancient times ;; דמ: K: money, value, equivalent | Geld, Preis, Entgelt || J(דָּם): liquid; blood; life; fluid; murder || J(דָּם ² ch): blood; life; M’ah; congestion	not available (no open digital HeArukh/Meturgeman text)			—	yes
183	top-500	קיתרס	3	Daniel.3.7 Daniel.3.10 Daniel.3.15	Biblical Aramaic (Daniel, Ezra) (B)	קתרוס ארס תרס	SENSE_CHOICE	several Hebrew senses (or two lemmas) — a reviewer must choose — AMBIGUOUS_SENSE קתרוס: ארז	קתרוס: ארז [krupnik] ;; ארס: עשה אירוסין [krupnik] | רעל [krupnik] | מין אבן טובה [krupnik] | ארס [jastrow] | ארס [jastrow] ;; תרס: הגן [krupnik] | טען, התווכח [krupnik]	קתרוס: K: name of a family | Familienname || J(קַתְרוֹס I): cedar || J(קַתְרוֹס III): lute; lyre ;; ארס: J(אֶרֶס): virus; drop, fluid; poison || J(אָרַס bh): to bind, join; to betroth; betrothed, engaged; to betroth to one’s self, engage in	not available (no open digital HeArukh/Meturgeman text)			—	yes
184	top-500	קתרוס	3	Daniel.3.5 Daniel.3.7 Daniel.3.10	Biblical Aramaic (Daniel, Ezra) (B)	קתרוס תרס	SENSE_CHOICE	several Hebrew senses (or two lemmas) — a reviewer must choose — AMBIGUOUS_SENSE קתרוס: ארז	קתרוס: ארז [krupnik] ;; תרס: הגן [krupnik] | טען, התווכח [krupnik]	קתרוס: K: name of a family | Familienname || J(קַתְרוֹס I): cedar || J(קַתְרוֹס III): lute; lyre ;; תרס: J(תָּרַס): Hif.; to shield, protect; to resist, fight, wrestle in debate || J(תְּרַס ch): Af.; Pa.; to shield	not available (no open digital HeArukh/Meturgeman text)			—	yes
185	top-500	רבה	3	Daniel.4.8 Daniel.4.17 Daniel.4.30	Biblical Aramaic (Daniel, Ezra) (B)	רבה רבי רובה רב רבתא ריב	REVIEW_CANDIDATE	complete analysis below the review gate (fewer than 200 uses here) — REVIEW_GATE רבה/-/- "לקח רבית · הכניס בכלל" n=3	רבה: לקח רבית [krupnik] | הכניס בכלל [krupnik] | נתוסף [krupnik] ;; רבי: נער [krupnik] | רבי [jastrow] | רבה [jastrow] ;; רובה: מקפה, רוטב [krupnik] ;; רב: רב [jastrow]	רבה: K: great | groß || K: teacher | Lehrer || K: name of Amoraim | Name von Amoräern || K: lady | Herrin || J(רָבֶה): moist, saturated with liquid || J(רַבָּה I): large, great; senior; teacher; Fem. ;; רבי: K: title of the Tannaim and of t	not available (no open digital HeArukh/Meturgeman text)	לקח רבית · הכניס בכלל	REVIEW	medium (~80% right in the sample)	yes
186	top-500	רשימ	3	Daniel.5.24 Daniel.5.25 Daniel.6.11	Biblical Aramaic (Daniel, Ezra) (B)	רש רשמ	MISSING_HEBREW_GLOSS	the dictionaries have the word, but no Hebrew sense (English only / Krupnik without Hebrew) — NO_HEBREW_SENSE רש	רשמ: רשם וסימן [krupnik] | רשם [jastrow]	רש: J(רָשׁ bh): dispossessed; poor; râsh ;; רשמ: J(רָשַׁם): to mark, draw; those who interpret the Law metaphorically; to be marked, engraven || J(רְשַׁם I ch): to mark; to record; to make incisions; to be wrinkled || J(רְשַׁם II): incision	not available (no open digital HeArukh/Meturgeman text)			—	yes
187	top-500	שאל	3	Daniel.2.10 Daniel.2.11 Daniel.2.27	Biblical Aramaic (Daniel, Ezra) (B)	שאל שאלה	REVIEW_CANDIDATE	complete analysis below the review gate (fewer than 200 uses here) — REVIEW_GATE שאל/-/- "דרש, בקש" n=3	שאל: ניתן בתורת שאילה [krupnik] | חקר ודרש [krupnik] | דרש, בקש [krupnik] | חקר דבר מפי אחרים [krupnik] | שאל [jastrow]	שאל: K: to borrow | entleihen || J(שָׁאַל bh): to ask, beg; to inquire, question; Nif.; to salute || J(שְׁאַל ch): to ask, inquire, beg.; to borrow; to ask, borrow ;; שאלה: K: prayer for rain, inserted in the ninth section of the Prayer of 	not available (no open digital HeArukh/Meturgeman text)	דרש, בקש	REVIEW	medium (~80% right in the sample)	yes
188	top-500	שבכא	3	Daniel.3.7 Daniel.3.10 Daniel.3.15	Biblical Aramaic (Daniel, Ezra) (B)		TRUE_LEXICAL_GAP	no lexicon entry the form could belong to — NO_ANALYSIS	—	—	not available (no open digital HeArukh/Meturgeman text)			—	yes
189	top-500	שבקו	3	Daniel.4.12 Daniel.4.20 Ezra.6.7	Biblical Aramaic (Daniel, Ezra) (B)	שבק	MORPHOLOGY	a known lemma with a Hebrew sense is reachable, but a precision rule blocks the analysis — NO_ANALYSIS	שבק: עזב, הניח [krupnik] | מחל וסלח [krupnik] | גירש את אשתו [krupnik] | נעזב, הונח לבדו [krupnik] | נסלח [krupnik] | התגרש [krupnik] | עזב [he]	שבק: J(שְׁבַק): to leave, let go; to forsake, abandon; to leave behind; to bequeath; to remit, pardon, for	not available (no open digital HeArukh/Meturgeman text)			—	yes
190	top-500	שניה	3	Daniel.7.5 Daniel.7.19	Biblical Aramaic (Daniel, Ezra) (B)	שניא שניה שני	MISSING_HEBREW_GLOSS	the dictionaries have the word, but no Hebrew sense (English only / Krupnik without Hebrew) — NO_HEBREW_SENSE שניא	שני: חזר, כפל [krupnik] | היה משונה, שונה [krupnik] | שינה והחליף [krupnik] | השיב [krupnik] | שינה והחליף [krupnik] | נשתנה ונתחלף [krupnik] | שני [jastrow]	שניא: J(שַׁנְיָא): different, a different thing; strange thing, folly ;; שניה: K: incest of second degree | zweiter Grad des Eheverbotes ;; שני: J(שָׁנִי bh): scarlet; kasshanim?; kasshani || J(שני bh): to repeat, do a second time; to study	not available (no open digital HeArukh/Meturgeman text)			—	yes
191	top-500	שרשוהי	3	Daniel.4.12 Daniel.4.20 Daniel.4.23	Biblical Aramaic (Daniel, Ezra) (B)		TRUE_LEXICAL_GAP	no lexicon entry the form could belong to — NO_ANALYSIS	—	—	not available (no open digital HeArukh/Meturgeman text)			—	yes
192	top-500	תהוה	3	Daniel.2.41 Daniel.2.42	Biblical Aramaic (Daniel, Ezra) (B)		TRUE_LEXICAL_GAP	no lexicon entry the form could belong to — NO_ANALYSIS	—	—	not available (no open digital HeArukh/Meturgeman text)			—	yes
193	top-500	תורינ	3	Ezra.6.9 Ezra.6.17 Ezra.7.17	Biblical Aramaic (Daniel, Ezra) (B)	תור תורא	REVIEW_CANDIDATE	complete analysis below the review gate (fewer than 200 uses here) — REVIEW_GATE תור/n.pl/- "שור" n=3	תור: שוור, נוהג בשוורים [krupnik] | שור [jastrow] ;; תורא: תור [jastrow]	תור: J(תּוּר I bh): to go around; to espy || J(תּוּר II ch): to be awake; to awaken || J(תּוֹר I bh): turn, order.; string, twist.; —Pl. || J(תּוֹר II bh): turtle-dove || J(תּוֹר): aurochs; tor; dove ;; תורא: J(תּוֹרָא II): row, line, order	not available (no open digital HeArukh/Meturgeman text)	שור	REVIEW	low (~74%)	yes
194	top-500	תחתוהי	3	Daniel.4.9 Daniel.4.11 Daniel.4.18	Biblical Aramaic (Daniel, Ezra) (B)		TRUE_LEXICAL_GAP	no lexicon entry the form could belong to — NO_ANALYSIS	—	—	not available (no open digital HeArukh/Meturgeman text)			—	yes
195	top-500	תלתה	3	Daniel.6.11 Daniel.6.14 Ezra.6.15	Biblical Aramaic (Daniel, Ezra) (B)	תלת תלתא	REVIEW_CANDIDATE	complete analysis below the review gate (fewer than 200 uses here) — REVIEW_GATE תלת/-/- "שלש" n=3	תלת: חילק לשלשה חלקים [krupnik] | עשה בפעם השלישית [krupnik] | נעשה בפעם השלישית [krupnik] | שלש [jastrow] ;; תלתא: שליש [krupnik]	תלת: J(תַּלֵּת): to divide into three parts; to do a third time; Part. pass || J(תְּלַת): three; on the third; thirteen ;; תלתא: J(תִּלְתָּא): a third part; having reached one-third of the full growth; a third-grown calf	not available (no open digital HeArukh/Meturgeman text)	שלש	REVIEW	low (~67%)	yes
196	top-500	תתבנא	3	Ezra.4.13 Ezra.4.16 Ezra.4.21	Biblical Aramaic (Daniel, Ezra) (B)		TRUE_LEXICAL_GAP	no lexicon entry the form could belong to — NO_ANALYSIS	—	—	not available (no open digital HeArukh/Meturgeman text)			—	yes
197	top-500	תתחבל	3	Daniel.2.44 Daniel.6.27 Daniel.7.14	Biblical Aramaic (Daniel, Ezra) (B)	חבל	MORPHOLOGY	a known lemma with a Hebrew sense is reachable, but a precision rule blocks the analysis — NO_ANALYSIS	חבל: הכה, פצע [krupnik] | הוכה, נפצע [krupnik] | ניטל למשכון [krupnik] | נתקלקל [krupnik] | הוי ואבוי [krupnik]	חבל: J(חָבַל bh): to seize, to take a pledge; to twist; to do violence, unshape; to inflict a wound, to hurt || J(חֲבַל I): to wrong, be violent; to injure; to ruin, destroy; Part. pass || J(חֲבַל II): injury; woe!, Oh!; to ruin || J(חֶבֶל 	not available (no open digital HeArukh/Meturgeman text)			—	yes
198	top-500	אגרתא	2	Ezra.4.11 Ezra.5.6	Biblical Aramaic (Daniel, Ezra) (B)	אגרתא אגר	MORPHOLOGY	a known lemma with a Hebrew sense is reachable, but a precision rule blocks the analysis — RARE_UNREVIEWED אגרתא// "אגרת"	אגרתא: אגרת [jastrow] ;; אגר: שכר [krupnik] | שכר [krupnik] | אגר [jastrow]	אגר: K: gird | gürten || J(אָגַר I bh): to gather, collect; ăgartlé; to store up thoughts, arguments || J(אֲגַר I ch): to heap up || J(אָגַר II): to gird, arm; to halt; to occupy space || J(אֲגַר II): to tie; to hire, employ, rent; to rent 	not available (no open digital HeArukh/Meturgeman text)			—	yes
199	top-500	אדרגזריא	2	Daniel.3.2 Daniel.3.3	Biblical Aramaic (Daniel, Ezra) (B)	אדרגזריא	MISSING_HEBREW_GLOSS	the dictionaries have the word, but no Hebrew sense (English only / Krupnik without Hebrew) — NO_ANALYSIS	—	אדרגזריא: J(אֲדַרְגָּזְרַיָּא): title of high officers.; adarg; governors	not available (no open digital HeArukh/Meturgeman text)			—	yes
200	top-500	אזדא	2	Daniel.2.5 Daniel.2.8	Biblical Aramaic (Daniel, Ezra) (B)	אזד אזדא	MISSING_HEBREW_GLOSS	the dictionaries have the word, but no Hebrew sense (English only / Krupnik without Hebrew) — NO_HEBREW_SENSE אזד	—	אזד: J(אֲזַד): to be cut off; to go apart, be gone ;; אזדא: J(אַזְדָּא): it is; decreed; this	not available (no open digital HeArukh/Meturgeman text)			—	yes
201	top-500	אחרנ	2	Daniel.2.44 Daniel.3.29	Biblical Aramaic (Daniel, Ezra) (B)	אחרנ אוחרנ אחר אחרנא נחר	REVIEW_CANDIDATE	complete analysis below the review gate (fewer than 200 uses here) — REVIEW_GATE אחרנ/-/- "אחרון" n=2	אחרנ: אחרון [jastrow] ;; אוחרנ: אחר [krupnik] ;; אחר: נהג בשגעון [krupnik] | אחר [jastrow] ;; אחרנא: קנין ורכוש [krupnik] ;; נחר: דקר [krupnik] | שתת דם [krupnik] | נדקר [krupnik] | השמיע קול נחרה [krupnik] | נחר [jastrow]	אחר: J(אָחַר bh): to be behind; to cover; to tarry, hesitate; to set behind || J(אֲחַר ch): to be behind; to cover; be delayed || J(אַחַר bh): after, behind; aḥaré; in connection with || J(אַחֵר bh): another, the other, stranger; another th	not available (no open digital HeArukh/Meturgeman text)	אחרון	REVIEW	medium (~80% right in the sample)	yes
202	top-500	איתיכונ	2	Daniel.3.14 Daniel.3.15	Biblical Aramaic (Daniel, Ezra) (B)	נתכ	MORPHOLOGY	a known lemma with a Hebrew sense is reachable, but a precision rule blocks the analysis — RARE_UNREVIEWED נתכ/pe.impf.3mp/ "יענשו"	נתכ: ענש [krupnik] | אַתֵּךְ המס והתיך באש [krupnik] | נתך [jastrow]	נתכ: J(נָתַךְ bh): to cut, reduce, smelt; to be smelted, reduced to slags; to smelt, cast, pour || J(נְתַךְ I ch): to melt, cast, pour; Hof || J(*נְתַךְ II): Pi.; to distrain, fine	not available (no open digital HeArukh/Meturgeman text)			—	yes
203	top-500	אכלה	2	Daniel.7.7 Daniel.7.19	Biblical Aramaic (Daniel, Ezra) (B)	אכלה אכילה אכלא כלי אכל	MORPHOLOGY	a known lemma with a Hebrew sense is reachable, but a precision rule blocks the analysis — NO_ANALYSIS	אכלא: האוכל [krupnik] | תולעת [krupnik] ;; כלי: נגמר [krupnik] | איבד [krupnik] | שאג [krupnik] | עצר [krupnik] | נעצר [krupnik] | כְּלִי רִאשׁוֹן [krupnik] | כלי [jastrow] ;; אכל: אכל [jastrow]	אכלה: J(אָכְלָה I): mud-eater || J(אָכְלָה II): occupied space. ;; אכילה: J(אֲכִילָה bh): eating, food, meal, dish; third done; purveyances ;; אכלא: J(אַכָּלָא): eater ;; כלי: J(כְּלִי bh): vessel, receptacle; bag; outfit, apparel, garment,	not available (no open digital HeArukh/Meturgeman text)			—	yes
204	top-500	אלההונ	2	Daniel.3.28 Daniel.3.29	Biblical Aramaic (Daniel, Ezra) (B)	אלה	MORPHOLOGY	a known lemma with a Hebrew sense is reachable, but a precision rule blocks the analysis — NO_ANALYSIS	אלה: מקל שראשו מעובה [krupnik] | קלשון [krupnik] | אלוה [jastrow]	אלה: J(אָלָה): to curse || J(אָלָה ² bh): to point; imprecation, curse || J(אֵלֶּה): these, those; v’elleh; elleh || J(אֵלָה bh): terebinth. || J(אַלָּה bh): lance, fork.; sign-pole || J(אֱלָהּ ch): God.; Pl.; gods.	not available (no open digital HeArukh/Meturgeman text)			—	yes
205	top-500	אלההמ	2	Ezra.5.5 Ezra.7.16	Biblical Aramaic (Daniel, Ezra) (B)		TRUE_LEXICAL_GAP	no lexicon entry the form could belong to — NO_ANALYSIS	—	—	not available (no open digital HeArukh/Meturgeman text)			—	yes
206	top-500	אלהי	2	Daniel.4.5 Daniel.6.23	Biblical Aramaic (Daniel, Ezra) (B)	להי אלה	MISSING_HEBREW_GLOSS	the dictionaries have the word, but no Hebrew sense (English only / Krupnik without Hebrew) — NO_HEBREW_SENSE להי	אלה: מקל שראשו מעובה [krupnik] | קלשון [krupnik] | אלוה [jastrow]	להי: J(לְהִי): to be bent;; to be tired; to tire, annoy ;; אלה: J(אָלָה): to curse || J(אָלָה ² bh): to point; imprecation, curse || J(אֵלֶּה): these, those; v’elleh; elleh || J(אֵלָה bh): terebinth. || J(אַלָּה bh): lance, fork.; sign-pole	not available (no open digital HeArukh/Meturgeman text)			—	yes
207	top-500	אלהכמ	2	Ezra.7.17 Ezra.7.18	Biblical Aramaic (Daniel, Ezra) (B)		TRUE_LEXICAL_GAP	no lexicon entry the form could belong to — NO_ANALYSIS	—	—	not available (no open digital HeArukh/Meturgeman text)			—	yes
208	top-500	אלפ	2	Daniel.5.1 Daniel.7.10	Biblical Aramaic (Daniel, Ezra) (B)	אלפ אל״פ אפא ילפ אלפ״א אלפא	MISSING_HEBREW_GLOSS	the dictionaries have the word, but no Hebrew sense (English only / Krupnik without Hebrew) — NO_HEBREW_SENSE אלפ	אלפ: אלף [jastrow] ;; אפא: אפעה, נחש [krupnik] | פנים [krupnik] | אופן, סוג [krupnik] | אף [jastrow] | אף [jastrow] ;; ילפ: למד [krupnik] | אוֹלֵף לימד [krupnik]	אלפ: K: the first letter of the alphabet | der erste Buchstabe des Alphabets || J(אֶלֶף bh): thousand.; Du.; a million || J(אֲלַף II): to join, be joined; to become used; to learn, study, train one’s self; accustomed, used to ;; אל״פ: J(אל"	not available (no open digital HeArukh/Meturgeman text)			—	yes
209	top-500	אמרנא	2	Ezra.5.4 Ezra.5.9	Biblical Aramaic (Daniel, Ezra) (B)	אמר אימרנא	REVIEW_CANDIDATE	complete analysis below the review gate (fewer than 200 uses here) — REVIEW_GATE אמר/pe.ptcp.1s/- "אני אומר" n=2	אמר: הלעיט [krupnik] | אמר [jastrow] | טלה, כבש [he] ;; אימרנא: מרון [jastrow]	אמר: J(אָמַר I bh): to join, knot; to be knotted, thick;; to heap up;; to join words, compose || J(אֲמַר ch): they say, it is said; Inf; does this mean to say? || J(אָמַר II bh): to be thick, strong; to thrive; to boast, vaunt, be oppressiv	not available (no open digital HeArukh/Meturgeman text)	אני אומר	REVIEW	medium (~85%)	yes
210	top-500	אנושא	2	Daniel.4.13 Daniel.4.14	Biblical Aramaic (Daniel, Ezra) (B)	אנוש	MISSING_HEBREW_GLOSS	the dictionaries have the word, but no Hebrew sense (English only / Krupnik without Hebrew) — NO_HEBREW_SENSE אנוש	—	אנוש: J(אֱנוֹשׁ bh): man.; the Men. of the Great Assembly, Synagoga Magna || J(*אָנוּשׁ): strong, severe, overwhelming; anush; strong;	not available (no open digital HeArukh/Meturgeman text)			—	yes
211	top-500	אנחנה	2	Daniel.3.16 Ezra.4.16	Biblical Aramaic (Daniel, Ezra) (B)	אנחנא	MISSING_HEBREW_GLOSS	the dictionaries have the word, but no Hebrew sense (English only / Krupnik without Hebrew) — NO_ANALYSIS	—	—	not available (no open digital HeArukh/Meturgeman text)			—	yes
212	top-500	אנפוהי	2	Daniel.2.46 Daniel.3.19	Biblical Aramaic (Daniel, Ezra) (B)	אנפא	MORPHOLOGY	a known lemma with a Hebrew sense is reachable, but a precision rule blocks the analysis — NO_ANALYSIS	אנפא: בפני עצמו [jastrow]	אנפא: J(אַנְפָּא): face, front;; in sight of, before; for itself, singly	not available (no open digital HeArukh/Meturgeman text)			—	yes
213	top-500	אסרא	2	Daniel.6.9 Daniel.6.14	Biblical Aramaic (Daniel, Ezra) (B)	אסר אסרא איסרא סרה סרי	MISSING_HEBREW_GLOSS	the dictionaries have the word, but no Hebrew sense (English only / Krupnik without Hebrew) — NO_HEBREW_SENSE אסר	אסר: אסר [jastrow] ;; איסרא: אגודה, חבילה [krupnik] | שר של מעלה, מלאך [krupnik] ;; סרה: פסל [krupnik] ;; סרי: הבאיש [krupnik] | קלקל [krupnik] | גרם ריח רע [krupnik] | התקלקל [krupnik] | ריח רע [krupnik]	אסר: J(אָסַר bh): to surround, enclose; to chain, imprison; to sentence to prison; to harness, put the horse || J(אֲסַר ch): to chain, imprison; to bind by spell, charm; to tie up, put on ;; אסרא: J(אָסְרָא): one who forbids ;; איסרא: J(אִי	not available (no open digital HeArukh/Meturgeman text)			—	yes
214	top-500	אע	2	Ezra.6.4 Ezra.6.11	Biblical Aramaic (Daniel, Ezra) (B)	אע	MISSING_HEBREW_GLOSS	the dictionaries have the word, but no Hebrew sense (English only / Krupnik without Hebrew) — NO_ANALYSIS	—	אע: J(אָע ch): wood, woods;; wooden handle.; Hebr.	not available (no open digital HeArukh/Meturgeman text)			—	yes
215	top-500	אעא	2	Daniel.5.4 Daniel.5.23	Biblical Aramaic (Daniel, Ezra) (B)	אע	MISSING_HEBREW_GLOSS	the dictionaries have the word, but no Hebrew sense (English only / Krupnik without Hebrew) — NO_HEBREW_SENSE אע	—	אע: J(אָע ch): wood, woods;; wooden handle.; Hebr.	not available (no open digital HeArukh/Meturgeman text)			—	yes
216	top-500	אפרסכיא	2	Ezra.5.6 Ezra.6.6	Biblical Aramaic (Daniel, Ezra) (B)		TRUE_LEXICAL_GAP	no lexicon entry the form could belong to — NO_ANALYSIS	—	—	not available (no open digital HeArukh/Meturgeman text)			—	yes
217	top-500	ארבעה	2	Daniel.3.25 Daniel.7.17	Biblical Aramaic (Daniel, Ezra) (B)	ארבעה ארבעא ארבעתא רבע	MISSING_HEBREW_GLOSS	the dictionaries have the word, but no Hebrew sense (English only / Krupnik without Hebrew) — NO_HEBREW_SENSE ארבעה	ארבעה: ארבעה [jastrow] ;; ארבעתא: ארבעה [krupnik] ;; רבע: השקה [krupnik] | עשה בפעם הרביעית [krupnik] | עשה בצורת מרובע [krupnik] | רבע [jastrow]	ארבעה: J(אַרְבָּעָה I): four; forty || J(אַרְבְּעָה ch): the fourth; forty; fourteen, fourteenth || J(*אַרְבָּעָה II): couching ;; ארבעא: J(אַרְבְּעָא): couching ;; רבע: J(רָבַע bh): to lie with, copulate with, cover; to have connection wit	not available (no open digital HeArukh/Meturgeman text)			—	yes
218	top-500	אשפיא	2	Daniel.4.4 Daniel.5.15	Biblical Aramaic (Daniel, Ezra) (B)	אשפ אשפא	MISSING_HEBREW_GLOSS	the dictionaries have the word, but no Hebrew sense (English only / Krupnik without Hebrew) — NO_HEBREW_SENSE אשפ	אשפ: אשף [jastrow] ;; אשפא: עור [krupnik]	אשפ: J(אַשָּׁף bh): enchanter; astrologer; Ashshafim ;; אשפא: J(*אַשְׁפָּא): dressed skin	not available (no open digital HeArukh/Meturgeman text)			—	yes
219	top-500	אשפינ	2	Daniel.2.27 Daniel.5.11	Biblical Aramaic (Daniel, Ezra) (B)	אשפ אשפא ישפ נשפ שפה שפי	MISSING_HEBREW_GLOSS	the dictionaries have the word, but no Hebrew sense (English only / Krupnik without Hebrew) — NO_HEBREW_SENSE אשפ	אשפ: אשף [jastrow] ;; אשפא: עור [krupnik] ;; ישפ: הדליק [krupnik] ;; נשפ: נשב [krupnik] | העתיק, הזיז [krupnik] | נשף [jastrow] ;; שפה: מזג, מכר יין [krupnik] | נח [krupnik] | החליק [krupnik] | הבריא [krupnik] ;; שפי: שבר ודיכא [krupnik] | החליק [krupnik] | מרח [krupnik] | שפך, מזג [krupnik] | השקיט	אשפ: J(אַשָּׁף bh): enchanter; astrologer; Ashshafim ;; אשפא: J(*אַשְׁפָּא): dressed skin ;; ישפ: J(*יְשַׁף): to blow, kindle ;; נשפ: J(נָשַׁף bh): to blow, breathe; to make the leaven swell, to stir up passion, hatred; Nif. || J(נְשַׁף I c	not available (no open digital HeArukh/Meturgeman text)			—	yes
220	top-500	אתה	2	Daniel.7.13 Daniel.7.22	Biblical Aramaic (Daniel, Ezra) (B)	אתא אתה את אות	REVIEW_CANDIDATE	complete analysis below the review gate (fewer than 200 uses here) — REVIEW_GATE אתא/pe.perf.3ms/- "בא" n=2	אתא: סימן [krupnik] | בא [krupnik] | הביא [reviewed] ;; את: סימן [krupnik] | אות [jastrow] ;; אות: נהנה [krupnik] | ציון של כתב [krupnik]	אתא: J(אָתָא I): letter, sign || J(אֲתָא ch): to join; to come, to arrive; to occur to; surely, indeed || J(*אָתָא III): Great Bear, Ursa Major ;; אתה: J(אַתָּה): thou; attem ;; את: K: letter | Buchstabe || J(אַתְּ): thou; thou sayest; thou	not available (no open digital HeArukh/Meturgeman text)	בא	REVIEW	medium (~85%)	yes
221	top-500	אתר	2	Daniel.2.35 Ezra.6.3	Biblical Aramaic (Daniel, Ezra) (B)	אתר נתר אתרא יתר	MORPHOLOGY	a known lemma with a Hebrew sense is reachable, but a precision rule blocks the analysis — RARE_UNREVIEWED אתר// "מקום"	אתר: מקום [krupnik] ;; נתר: נפרד ונעתק ממקומו [krupnik] | נגאל ונפדה [krupnik] | ניטל ממנו האיסור [krupnik] | ביטל את האיסור [krupnik] | הפקיר [krupnik] | נשר ונפל [krupnik] | נתפורר ונפל [krupnik] | השיר, הפיל [krupnik] | נשר [jastrow] ;; אתרא: מקום [krupnik] ;; יתר: הוסיף [krupnik] | היה יותר [kru	אתר: J(אָתַר): place, town; our; local custom ;; נתר: J(נָתַר I bh): to sever, loosen; to be torn loose, be released; to be untied, released from an obligation || J(נָתַר II): Pi.; to move; to leap || J(נְתַר ch): to fall off, drop; to fall	not available (no open digital HeArukh/Meturgeman text)			—	yes
222	top-500	אתרה	2	Ezra.5.15 Ezra.6.7	Biblical Aramaic (Daniel, Ezra) (B)	נתר אתר אתרא תרה תרי	SENSE_CHOICE	several Hebrew senses (or two lemmas) — a reviewer must choose — AMBIGUOUS_SENSE נתר: השיר, הפיל	נתר: נפרד ונעתק ממקומו [krupnik] | נגאל ונפדה [krupnik] | ניטל ממנו האיסור [krupnik] | ביטל את האיסור [krupnik] | הפקיר [krupnik] | נשר ונפל [krupnik] | נתפורר ונפל [krupnik] | השיר, הפיל [krupnik] | נשר [jastrow] ;; אתר: מקום [krupnik] ;; אתרא: מקום [krupnik] ;; תרה: הזהיר והעיד [krupnik] ;; תרי: ש	נתר: J(נָתַר I bh): to sever, loosen; to be torn loose, be released; to be untied, released from an obligation || J(נָתַר II): Pi.; to move; to leap || J(נְתַר ch): to fall off, drop; to fall apart, decay; to become wearied, faint; to drop,	not available (no open digital HeArukh/Meturgeman text)			—	yes
223	top-500	באתר	2	Daniel.7.6 Daniel.7.7	Biblical Aramaic (Daniel, Ezra) (B)	בתר אתר נתר אתרא יתר	MORPHOLOGY	a known lemma with a Hebrew sense is reachable, but a precision rule blocks the analysis — NO_ANALYSIS	אתר: מקום [krupnik] ;; נתר: נפרד ונעתק ממקומו [krupnik] | נגאל ונפדה [krupnik] | ניטל ממנו האיסור [krupnik] | ביטל את האיסור [krupnik] | הפקיר [krupnik] | נשר ונפל [krupnik] | נתפורר ונפל [krupnik] | השיר, הפיל [krupnik] | נשר [jastrow] ;; אתרא: מקום [krupnik] ;; יתר: הוסיף [krupnik] | היה יותר [kru	בתר: J(בֶּתֶר ch): to cut; piece, decree, allotment || J(בָּתַר): after, behind. ;; אתר: J(אָתַר): place, town; our; local custom ;; נתר: J(נָתַר I bh): to sever, loosen; to be torn loose, be released; to be untied, released from an obligat	not available (no open digital HeArukh/Meturgeman text)			—	yes
224	top-500	בבבל	2	Ezra.5.17 Ezra.6.1	Biblical Aramaic (Daniel, Ezra) (B)	בל	MORPHOLOGY	a known lemma with a Hebrew sense is reachable, but a precision rule blocks the analysis — NO_ANALYSIS	בל: אליל הבבלים [krupnik]	בל: J(בַּל bh): not; a prohibitive law || J(*בָּל): care, anxiety.	not available (no open digital HeArukh/Meturgeman text)			—	yes
225	top-500	בדת	2	Daniel.6.6 Ezra.7.14	Biblical Aramaic (Daniel, Ezra) (B)	בדא בדה בדי דת את	MORPHOLOGY	a known lemma with a Hebrew sense is reachable, but a precision rule blocks the analysis — NO_ANALYSIS	בדא: המציא ובדה [krupnik] | ביזא [krupnik] | בד [jastrow] | בד [jastrow] ;; בדה: המציא מלבו [krupnik] | הפריש, בחר [krupnik] | שיקר [krupnik] | נתפס בדברי שקר [krupnik] ;; בדי: בדי [jastrow] ;; דת: דת [jastrow] ;; את: סימן [krupnik] | אות [jastrow]	בדא: J(בַּדָּא II): fine linen woof || J(בְּדָא): in this case ;; בדי: J(בדי bh): to dig out; to take out; shape, to form || J(בְּדִי I ch): to invent; to be declared wrong, to be mistaken || J(בְּדִי II): to despise ;; דת: J(דָּת bh): dîn;	not available (no open digital HeArukh/Meturgeman text)			—	yes
226	top-500	בדתאא	2	Daniel.4.12 Daniel.4.20	Biblical Aramaic (Daniel, Ezra) (B)		TRUE_LEXICAL_GAP	no lexicon entry the form could belong to — NO_ANALYSIS	—	—	not available (no open digital HeArukh/Meturgeman text)			—	yes
227	top-500	בהתבהלה	2	Daniel.2.25 Daniel.3.24	Biblical Aramaic (Daniel, Ezra) (B)		TRUE_LEXICAL_GAP	no lexicon entry the form could belong to — NO_ANALYSIS	—	—	not available (no open digital HeArukh/Meturgeman text)			—	yes
228	top-500	בחספ	2	Daniel.2.41 Daniel.2.43	Biblical Aramaic (Daniel, Ezra) (B)	חספ חספא	MORPHOLOGY	a known lemma with a Hebrew sense is reachable, but a precision rule blocks the analysis — NO_ANALYSIS	חספ: כתש [krupnik] | הלבין, החויר [krupnik] | חרש [jastrow] ;; חספא: חרס [krupnik] | טיט [krupnik]	חספ: J(חֲסַף I): to peel off; to be scaly, rough; to pound grain || J(חֲסַף II): rough clay; clay vessel; something with which to peel or scrape ;; חספא: J(חַסְפָּא): shame;; idol; ḥeres	not available (no open digital HeArukh/Meturgeman text)			—	yes
229	top-500	בידינ	2	Daniel.2.34 Daniel.2.45	Biblical Aramaic (Daniel, Ezra) (B)	בידינ בדינ בידא דינ יד אדי	MORPHOLOGY	a known lemma with a Hebrew sense is reachable, but a precision rule blocks the analysis — RARE_UNREVIEWED בידינ// "אובות"	בידינ: אובות [krupnik] ;; בדינ: על פי דין [krupnik] ;; בידא: עלילת שוא [krupnik] ;; דינ: חקר ודרש [krupnik] | הוציא מסקנא [krupnik] | נשפט [krupnik] | נחשב [krupnik] | התוכח, ריב [krupnik] | שפט [krupnik] | הוציא מסקנא [krupnik] | בא בדין [krupnik] | הוציא דין [krupnik] | בא בדין [krupnik] | נשפט [k	בדינ: J(בְּדִין): by right || J(בִּדִּין): fictions; lying oracles;; conjurers ;; בידא: J(בִּידָּא ²): fiction, false report, information ;; דינ: J(*דֵּין): faintness, trouble, sickness; Oh! Ah!; Thou || J(דִּין I bh): to rule; to hold cour	not available (no open digital HeArukh/Meturgeman text)			—	yes
230	top-500	ביומא	2	Daniel.6.11 Daniel.6.14	Biblical Aramaic (Daniel, Ezra) (B)	יומא יומ	MORPHOLOGY	a known lemma with a Hebrew sense is reachable, but a precision rule blocks the analysis — NO_ANALYSIS	יומא: יום [krupnik] | שמש [krupnik] ;; יומ: יום [jastrow]	יומא: K: name of a treatise of the Talmud on the order of exercises of the Day of Atonement | Name eines Talmudtraktates über den Versöhnungstag ;; יומ: J(יוֹם bh): light, day; astronomical; day; || J(יוֹם ² ch): at once; of the same day, o	not available (no open digital HeArukh/Meturgeman text)			—	yes
231	top-500	במדינת	2	Daniel.3.1 Daniel.3.30	Biblical Aramaic (Daniel, Ezra) (B)	דינ מדינתא	MORPHOLOGY	a known lemma with a Hebrew sense is reachable, but a precision rule blocks the analysis — NO_ANALYSIS	דינ: חקר ודרש [krupnik] | הוציא מסקנא [krupnik] | נשפט [krupnik] | נחשב [krupnik] | התוכח, ריב [krupnik] | שפט [krupnik] | הוציא מסקנא [krupnik] | בא בדין [krupnik] | הוציא דין [krupnik] | בא בדין [krupnik] | נשפט [krupnik] | נשפט, נענש [krupnik] | סברא הגיונית [krupnik] | קל וחומר [krupnik] | זה [k	דינ: J(*דֵּין): faintness, trouble, sickness; Oh! Ah!; Thou || J(דִּין I bh): to rule; to hold court, pass sentence, punish; to argue, conclude || J(דִּין ch): Part; to dispute, quarrel; to decide || J(דִּין II bh): law-suit, claim; judgmen	not available (no open digital HeArukh/Meturgeman text)			—	yes
232	top-500	בספר	2	Ezra.4.15	Biblical Aramaic (Daniel, Ezra) (B)	ספר סופר ספירה ספרא	MORPHOLOGY	a known lemma with a Hebrew sense is reachable, but a precision rule blocks the analysis — NO_ANALYSIS	ספר: ספירה [krupnik] | גבול [krupnik] | שפת הים [krupnik] | גלב [krupnik] | מלמד מקרא [krupnik] | ספר [jastrow] | ספר [jastrow] | סופר [jastrow] ;; ספירה: כדור [krupnik] | מנין [krupnik] | הרצאה וספור דברים [krupnik] ;; ספרא: ספר [krupnik] | סופר [krupnik] | מלמד [krupnik] | ספר [jastrow]	ספר: J(סָפַר bh): to cut; to mark; to write; to count; Pi. || J(סְפַר ch): to count, mark, write; to shear; to cut, shear, shave || J(סַפָּר): Bible teacher; ṭebel; hair-cutter, barber || J(סַפָּר ² ch): hair-cutter || J(סְפָר): mark; march	not available (no open digital HeArukh/Meturgeman text)			—	yes
233	top-500	בעדנא	2	Daniel.3.5 Daniel.3.15	Biblical Aramaic (Daniel, Ezra) (B)	בעד עדנ עד עוד	MORPHOLOGY	a known lemma with a Hebrew sense is reachable, but a precision rule blocks the analysis — RARE_UNREVIEWED בעד/pe.ptcp.1s/ "הרחיק"	בעד: הרחיק [krupnik] ;; עדנ: התפתל [krupnik] | גרם עונג [krupnik] | הֵרך ופינק [krupnik] | עדן [jastrow] ;; עד: עד [jastrow]	בעד: J(בעד): to keep off ;; עדנ: J(עָדַן bh): to turn; to be round, smooth, pliant; Pi. || J(עֵדֶן bh): refreshment; pleasure; the garden of Eden; paradise ;; עד: J(עַד bh): turn; continuation;; up to, until, during, while; in place of || J	not available (no open digital HeArukh/Meturgeman text)			—	yes
234	top-500	ברגליה	2	Daniel.7.7 Daniel.7.19	Biblical Aramaic (Daniel, Ezra) (B)	רגל רגלי	MORPHOLOGY	a known lemma with a Hebrew sense is reachable, but a precision rule blocks the analysis — NO_ANALYSIS	רגל: רגל [jastrow] | רגל [jastrow]	רגל: J(רָגַל bh): to move on, run; to be wont to; to flay an animal from its feet upward || J(רְגַל ch): to move, run; used; to cause to run || J(רֶגֶל bh): foot; leg;; hindleg; the damage done by an animal’s foot, treading, stamping || J(ר	not available (no open digital HeArukh/Meturgeman text)			—	yes
235	top-500	ברכ	2	Daniel.2.19 Daniel.6.11	Biblical Aramaic (Daniel, Ezra) (B)	ברכ בורכא ברוכ בריכה ברכה ברכא	SENSE_CHOICE	several Hebrew senses (or two lemmas) — a reviewer must choose — AMBIGUOUS_SENSE ברכ: ברך | בריכה	ברכ: ברך [jastrow] | ברך [jastrow] | בריכה [jastrow] ;; בריכה: נפילה על הברכים [krupnik] | נצר יוצא משורש עץ [krupnik] ;; ברכא: ברך [krupnik] | ברכה, די [krupnik]	ברכ: J(בָּרַךְ bh): to cave out; to select, point out; to bless || J(בְּרַךְ ch): blessed; to bless; to say grace after meal || J(בֶּרֶךְ): knee; a knee-shaped pole; Du. || J(בֶּרֶךְ ² ch): knee; shoots, branches ;; בורכא: J(בּוּרְכָּא): so	not available (no open digital HeArukh/Meturgeman text)			—	yes
236	top-500	בשמיא	2	Daniel.2.28 Daniel.6.28	Biblical Aramaic (Daniel, Ezra) (B)	שמיא בשמ שמא שמ שמיתא	MORPHOLOGY	a known lemma with a Hebrew sense is reachable, but a precision rule blocks the analysis — RARE_UNREVIEWED שמיא//b "בשמים"	שמיא: שמים [jastrow] ;; בשמ: עושה או מוכר בשמים [krupnik] ;; שמ: שם [jastrow]	שמיא: J(שְׁמַיָּא): heaven; God.; arch, ceiling ;; בשמ: J(בֹּשֶׂם): spices, perfumes ;; שמא: K: perhaps | vielleicht || K: doubt | Zweifel || J(שֶׁמָּא): for why; lest, perhaps; apprehension, doubt, possibility ;; שמ: J(שָׁם bh): there, thi	not available (no open digital HeArukh/Meturgeman text)			—	yes
237	top-500	בתדירא	2	Daniel.6.17 Daniel.6.21	Biblical Aramaic (Daniel, Ezra) (B)	תדירא תדיר	MORPHOLOGY	a known lemma with a Hebrew sense is reachable, but a precision rule blocks the analysis — NO_ANALYSIS	תדירא: תדיר [jastrow] ;; תדיר: תמידי, קבוע ועומד [krupnik]	תדירא: J(תְּדִירָא ch): permanency; steadily, constantly ;; תדיר: J(תָּדִיר): stationary, constant, regular; steadily	not available (no open digital HeArukh/Meturgeman text)			—	yes
238	top-500	בתינ	2	Ezra.7.22	Biblical Aramaic (Daniel, Ezra) (B)	ביתא נתנ	MORPHOLOGY	a known lemma with a Hebrew sense is reachable, but a precision rule blocks the analysis — RARE_UNREVIEWED ביתא/n.pl/ "בית"	ביתא: בית [krupnik] | בת, מדת הלח [krupnik] | בית [jastrow] | בת [jastrow] ;; נתנ: נתן [jastrow]	ביתא: J(בֵּיתָא I ch): Pi.; the case of T’fillin; night-lodging || J(בֵּיתָא II): bath || J(בַּיְתָא): night-bird ;; נתנ: J(נָתַן bh): to give; to place, put.; to intend; to desire, think of	not available (no open digital HeArukh/Meturgeman text)			—	yes
239	top-500	גדבריא	2	Daniel.3.2 Daniel.3.3	Biblical Aramaic (Daniel, Ezra) (B)	גדברא	MORPHOLOGY	a known lemma with a Hebrew sense is reachable, but a precision rule blocks the analysis — RARE_UNREVIEWED גדברא/n.pl/ "גזבר"	גדברא: גזבר [krupnik]	—	not available (no open digital HeArukh/Meturgeman text)			—	yes
240	top-500	גדו	2	Daniel.4.11 Daniel.4.20	Biblical Aramaic (Daniel, Ezra) (B)	אגד גדי נגד	MORPHOLOGY	a known lemma with a Hebrew sense is reachable, but a precision rule blocks the analysis — NO_ANALYSIS	אגד: קשור [krupnik] | תחבושת [krupnik] | אגודה [krupnik] | אגד [jastrow] | אגד [jastrow] | אגד [jastrow] ;; גדי: כרת, החרים [krupnik] | תבואה שלא בשלה [krupnik] | גדי [jastrow] ;; נגד: התנגד [krupnik] | משך, מנע [krupnik] | הכה [krupnik] | הלקה [krupnik] | נמשך ונתארך [krupnik] | נלקה [krupnik] | מת	אגד: K: to bind together | zusammenbinden || K: occupy (space) | (Raum) einnehmen || J(אָגַד I): to twine around, tie up; to close, forbid; to form a union; faction || J(אֲגַד I ch): to tie; must || J(אָגַד II): to stretch, prolong, postpon	not available (no open digital HeArukh/Meturgeman text)			—	yes
241	top-500	גזרינ	2	Daniel.2.27 Daniel.5.11	Biblical Aramaic (Daniel, Ezra) (B)	גזר גזרא	MORPHOLOGY	a known lemma with a Hebrew sense is reachable, but a precision rule blocks the analysis — RARE_UNREVIEWED גזר/n.pl/ "גזר"	גזר: חתך, גזר [krupnik] | גְּזַר דִּין משפט חרוץ [krupnik] | גזר [jastrow] ;; גזרא: נתח, חתיכה [krupnik] | עדר צאן [krupnik] | גזר [jastrow]	גזר: J(גָּזַר bh): to cut;; to cut off, to guard;; to institute a precautionary measure || J(גְּזַר ch): to cut, split; to make a covenant; to circumcise, have one’s self circumcised || J(גָּזָר): decree; sentence, legal decision, divine di	not available (no open digital HeArukh/Meturgeman text)			—	yes
242	top-500	גלא	2	Daniel.2.22 Daniel.2.28	Biblical Aramaic (Daniel, Ezra) (B)	גלא גלי גילא גול גיל גלה	REVIEW_CANDIDATE	complete analysis below the review gate (fewer than 200 uses here) — REVIEW_GATE גלא/-/- "חשף" n=2	גלא: גל, ערֵמה [krupnik] | נחשול [krupnik] | צואה [krupnik] | קש [krupnik] | חשף [krupnik] | חשף [krupnik] | יצא ממקומו, הלך בשבי [krupnik] | יצא ממקומו, הלך בשבי [krupnik] | גל [jastrow] ;; גלי: חשף [krupnik] | יצא ממקומו, הלך בשבי [krupnik] | גילה סוד, הודיע בפומבי [krupnik] | נתגלה [krupnik] | הָ	גלא: J(גַּלָּא ch): heap.; wave; revolving door ;; גלי: K: to banish | ins Exil führen || K: an odoriferous) plant | eine Pflanze (Weidenart) || J(גלי bh): to be uncovered; Part. pass; open, revealed || J(גְּלֵי ch): to reveal, uncover; to 	not available (no open digital HeArukh/Meturgeman text)	חשף	REVIEW	medium (~80% right in the sample)	yes
243	top-500	גלי	2	Daniel.2.19 Daniel.2.30	Biblical Aramaic (Daniel, Ezra) (B)	גלי גלא גול גיל גלה גליא	REVIEW_CANDIDATE	complete analysis below the review gate (fewer than 200 uses here) — REVIEW_GATE גלי/-/- "חשף" n=2	גלי: חשף [krupnik] | יצא ממקומו, הלך בשבי [krupnik] | גילה סוד, הודיע בפומבי [krupnik] | נתגלה [krupnik] | הָגלה [krupnik] | גלי [jastrow] ;; גלא: גל, ערֵמה [krupnik] | נחשול [krupnik] | צואה [krupnik] | קש [krupnik] | חשף [krupnik] | חשף [krupnik] | יצא ממקומו, הלך בשבי [krupnik] | יצא ממקומו, הלך 	גלי: K: to banish | ins Exil führen || K: an odoriferous) plant | eine Pflanze (Weidenart) || J(גלי bh): to be uncovered; Part. pass; open, revealed || J(גְּלֵי ch): to reveal, uncover; to go into exile, go away, disappear; exiles || J(גְּל	not available (no open digital HeArukh/Meturgeman text)	חשף	REVIEW	medium (~80% right in the sample)	yes
244	top-500	גלל	2	Ezra.5.8 Ezra.6.4	Biblical Aramaic (Daniel, Ezra) (B)	גלל גולה גולילא גולל גילא גל	MORPHOLOGY	a known lemma with a Hebrew sense is reachable, but a precision rule blocks the analysis — RARE_UNREVIEWED גלל// "אבן לא מסותתה · גוש"	גלל: גַּלֵּל גלל [krupnik] | אבן לא מסותתה [krupnik] | גוש [krupnik] | לכן [krupnik] | מפני [krupnik] | למען [krupnik] | גלל [jastrow] | גלל [jastrow] ;; גולילא: מורג [krupnik] ;; גילא: שנולד בזמן אחד [krupnik] | קנה, סוף, בד נבוב [krupnik]	גלל: J(גָּלַל bh): to roll, unfold, fold; to roll off; disregard || J(גְּלַל ch): to roll, unfold; unfolded, visible; to roll off || J(גָּלָל bh): rolling along with, appendage; in consequence of, on account of; something rolled, rounded ||	not available (no open digital HeArukh/Meturgeman text)			—	yes
245	top-500	גנזיא	2	Ezra.5.17 Ezra.6.1	Biblical Aramaic (Daniel, Ezra) (B)	גנזא	MORPHOLOGY	a known lemma with a Hebrew sense is reachable, but a precision rule blocks the analysis — RARE_UNREVIEWED גנזא/n.pl/ "אוצר"	גנזא: אוצר [krupnik] | גנז [jastrow]	גנזא: J(גִּנְזָא ch): garments kept in the royal treasury	not available (no open digital HeArukh/Meturgeman text)			—	yes
246	top-500	דבחינ	2	Ezra.6.3	Biblical Aramaic (Daniel, Ezra) (B)	דבח דבחא בחי בחנ חנ חינא	MORPHOLOGY	a known lemma with a Hebrew sense is reachable, but a precision rule blocks the analysis — RARE_UNREVIEWED דבח/n.pl/ "זבח"	דבח: זבח [jastrow] | זבח [jastrow] ;; דבחא: קרבן [krupnik] | חג הפסח [krupnik] ;; בחנ: בחן [jastrow] ;; חינא: חן [krupnik] | חיק [krupnik]	דבח: K: to slaughter, to sacrifice | schlachten, opfern || K: sacrifice | Opfer || J(דְּבַח I ch): to slaughter, to sacrifice, feast || J(דְּבַח II ch): slaughtering, sacrifice, feast; the feast of Passover ;; בחי: J(*בְּחִי): to look out, 	not available (no open digital HeArukh/Meturgeman text)			—	yes
247	top-500	דברת	2	Daniel.2.30 Daniel.4.14	Biblical Aramaic (Daniel, Ezra) (B)	דבר דברתא ברת בור ברא ברי	MORPHOLOGY	a known lemma with a Hebrew sense is reachable, but a precision rule blocks the analysis — NO_ANALYSIS	דבר: נלקח [krupnik] | התנהל [krupnik] | מנהיג [krupnik] | דבר [jastrow] ;; דברתא: שלל, מלקוח [krupnik] | מגפה, דבר [krupnik] | דבורה, צרעה [krupnik] | מלקוח [jastrow] | דבר [jastrow] | דבורה [jastrow] ;; ברת: בת, נצר [krupnik] ;; בור: שדה שלא נעבד [krupnik] | בער, עם הארץ [krupnik] | הניח בלי חרישה 	דבר: K: to lead, to drive | führen, leiten || K: to conduct one's self | sich führen, leben || K: to take | nehmen || J(דָּבַר bh): to join, arrange, lead; to converse, speak; ḥērēsh || J(דְּבַר ch): to seize, take, lead, drive; to conduct 	not available (no open digital HeArukh/Meturgeman text)			—	yes
248	top-500	דהבה	2	Ezra.5.14 Ezra.6.5	Biblical Aramaic (Daniel, Ezra) (B)	דהב דהבא	MORPHOLOGY	a known lemma with a Hebrew sense is reachable, but a precision rule blocks the analysis — NO_ANALYSIS	דהב: הרגיז והאדים [krupnik] | זהב [krupnik] | מטבע של זהב [krupnik] | זהב [jastrow] ;; דהבא: זהב [krupnik] | מטבע של זהב [krupnik]	דהב: J(דָּהַב): to be red; yellow; Hif. || J(דְּהַב ch): gold	not available (no open digital HeArukh/Meturgeman text)			—	yes
249	top-500	דחילה	2	Daniel.7.7 Daniel.7.19	Biblical Aramaic (Daniel, Ezra) (B)	דחיל דחילא דחל חילה חייל חילתא	MORPHOLOGY	a known lemma with a Hebrew sense is reachable, but a precision rule blocks the analysis — NO_ANALYSIS	דחיל: נורא [krupnik] ;; דחילא: נורא [krupnik] | מורא ופחד [krupnik] ;; דחל: ירא ופחד [krupnik] | הפחיד [krupnik] | נבהל [krupnik] ;; חייל: המתיק [krupnik] | מחל [krupnik] ;; חילתא: עמק [krupnik]	דחיל: J(דּחֵיל): daḥala; to be depressed, bent; to fear, be afraid of, shun; to worship, revere || J(דּחִיל): fearing; fearful, terrible, awe-inspiring ;; דחילא: J(דְּחִילָא): fear, reverence ;; חילה: J(חֵילָה): dance, song; rejoicing; l’ḥe	not available (no open digital HeArukh/Meturgeman text)			—	yes
250	top-500	דכרינ	2	Ezra.6.17 Ezra.7.17	Biblical Aramaic (Daniel, Ezra) (B)	דכר כרה דכרא כר כרי	MORPHOLOGY	a known lemma with a Hebrew sense is reachable, but a precision rule blocks the analysis — RARE_UNREVIEWED דכר/n.pl/ "זכר"	דכר: זכר, פקד [krupnik] | הזכיר [krupnik] | העלה בזכרונו [krupnik] | נזכר [krupnik] | זכר [krupnik] | איל [krupnik] | בעל תאוה [krupnik] | תרנגול [krupnik] | יחור זכר [krupnik] | זכר [jastrow] | זכר [jastrow] ;; כרה: התכווץ [krupnik] ;; דכרא: זכר [krupnik] | איל [krupnik] | בעל תאוה [krupnik] | תרנג	דכר: J(דְּכַר I): to mark; to remember; remembering, reminded || J(דְּכַר II): marked; male, man; the male of the flock, ram ;; כרה: J(כְּרַהּ): to shrink, be narrow; to be ill-tempered; to be ill ;; כר: J(כַּר bh): bolster, mattress.; roun	not available (no open digital HeArukh/Meturgeman text)			—	yes
251	top-500	דכרניא	2	Ezra.4.15	Biblical Aramaic (Daniel, Ezra) (B)	דכרנ דכרנא דכרני כרנ רני	MORPHOLOGY	a known lemma with a Hebrew sense is reachable, but a precision rule blocks the analysis — RARE_UNREVIEWED דכרנ/n.pl/ "זכרון"	דכרנ: זכרון [krupnik] | זכרון [jastrow] ;; דכרנא: זכרון [krupnik]	דכרנ: J(דָּכְרָן): memorial, record ;; דכרני: J(דִּכְרָנִי): ram-like, lewd, unchaste ;; כרנ: J(כְּרָן): roundness, fullness, essence; the very day ;; רני: J(רְנֵי): to think, meditate.	not available (no open digital HeArukh/Meturgeman text)			—	yes
252	top-500	דר	2	Daniel.3.33 Daniel.4.31	Biblical Aramaic (Daniel, Ezra) (B)	דר דור	SENSE_CHOICE	several Hebrew senses (or two lemmas) — a reviewer must choose — AMBIGUOUS_SENSE דר: דור | שורה | מדורה	דר: דור [krupnik] | שורה [krupnik] | מדורה [krupnik] | דר [jastrow] ;; דור: הכניס [krupnik] | נזבל [krupnik] | גר, שכן [krupnik] | זר, מסגרת [krupnik] | עור ממולא [krupnik] | שורה [krupnik] | דור [jastrow]	דר: J(דָּר ²): row || J(דָּר ³ ch): row, range, order; a range of wood, pyre; period, generation ;; דור: K: to manure | düngen || J(דּוּר I bh): to form a circle or enclosure; to reside, dwell; hadar || J(דּוּר ch): to dwell; to go around, 	not available (no open digital HeArukh/Meturgeman text)			—	yes
253	top-500	דתבריא	2	Daniel.3.2 Daniel.3.3	Biblical Aramaic (Daniel, Ezra) (B)	דתבריא תברא	MORPHOLOGY	a known lemma with a Hebrew sense is reachable, but a precision rule blocks the analysis — NO_ANALYSIS	תברא: שבר [krupnik] | אסון [krupnik] | שובר [krupnik] | סתירה [krupnik]	דתבריא: J(דְּתָבְרַיָּא): judges. ;; תברא: J(תָּבְרָא): breaking; butcher’s block	not available (no open digital HeArukh/Meturgeman text)			—	yes
254	top-500	הגלי	2	Ezra.4.10 Ezra.5.12	Biblical Aramaic (Daniel, Ezra) (B)	גלי	MORPHOLOGY	a known lemma with a Hebrew sense is reachable, but a precision rule blocks the analysis — NO_ANALYSIS	גלי: חשף [krupnik] | יצא ממקומו, הלך בשבי [krupnik] | גילה סוד, הודיע בפומבי [krupnik] | נתגלה [krupnik] | הָגלה [krupnik] | גלי [jastrow]	גלי: K: to banish | ins Exil führen || K: an odoriferous) plant | eine Pflanze (Weidenart) || J(גלי bh): to be uncovered; Part. pass; open, revealed || J(גְּלֵי ch): to reveal, uncover; to go into exile, go away, disappear; exiles || J(גְּל	not available (no open digital HeArukh/Meturgeman text)			—	yes
255	top-500	הדמינ	2	Daniel.2.5 Daniel.3.29	Biblical Aramaic (Daniel, Ezra) (B)	הדמ	SENSE_CHOICE	several Hebrew senses (or two lemmas) — a reviewer must choose — AMBIGUOUS_SENSE הדמ: גזר לגזרים	הדמ: גזר לגזרים [krupnik]	הדמ: J(הֲדַם): to dissect, dismember, tear to pieces; red; to arrange the parts of an animal || J(הַדָּם): part, member	not available (no open digital HeArukh/Meturgeman text)			—	yes
256	top-500	הדרי	2	Daniel.4.27 Daniel.4.33	Biblical Aramaic (Daniel, Ezra) (B)	הדר הדרא נדר הדרתא	MORPHOLOGY	a known lemma with a Hebrew sense is reachable, but a precision rule blocks the analysis — NO_ANALYSIS	הדר: קישט וכיבד [krupnik] | הקפיד ודקדק [krupnik] | חזר [krupnik] | שב מדעתו [krupnik] | חזר אחרי־, בקש [krupnik] | החזיר [krupnik] | שנה [krupnik] | השיב [krupnik] | סבב [krupnik] | הדר [jastrow] ;; הדרא: קרביים [krupnik] | הדר [jastrow] ;; נדר: חייב ואסר בתורת נדר [krupnik] | נדר [jastrow] | נדר [	הדר: J(הָדַר bh): to enclose, go around.; Part. pass; rounded || J(הֲדַר ch): to go around, come back, return; Pi.; to honor, distinguish. || J(הָדָר bh): adornment, crown, beauty, glory; haddar; Hadar ;; נדר: K: to be made subject of a vow	not available (no open digital HeArukh/Meturgeman text)			—	yes
257	top-500	היכל	2	Daniel.4.26 Daniel.6.21	Biblical Aramaic (Daniel, Ezra) (B)	היכל היכלא	MORPHOLOGY	a known lemma with a Hebrew sense is reachable, but a precision rule blocks the analysis — NO_ANALYSIS	היכלא: היכל [jastrow]	היכל: J(הֵיכָל bh): palace, the Temple;; the Holy	not available (no open digital HeArukh/Meturgeman text)			—	yes
258	top-500	הנעל	2	Daniel.2.25 Daniel.6.19	Biblical Aramaic (Daniel, Ezra) (B)	עלל נעל	REVIEW_CANDIDATE	complete analysis below the review gate (fewer than 200 uses here) — REVIEW_GATE עלל/af.perf.3ms/- "הביא" n=2	עלל: טיפל, עסק [krupnik] | נכנס [krupnik] | בא [krupnik] | הביא [krupnik] | הובא והושם [krupnik] | עלל [jastrow] | הכניס [reviewed] ;; נעל: נעל [jastrow]	עלל: J(עָלַל bh): Pol. to bring about; to go about; to superintend, be busy || J(עֲלַל I ch): to enter a town, a house; to come in; to set || J(עֲלַל II): that which is brought in; harvest, provision; income; ʿălalta ;; נעל: K: to be closed	not available (no open digital HeArukh/Meturgeman text)	הביא	REVIEW	medium (~85%)	yes
259	top-500	העדיו	2	Daniel.5.20 Daniel.7.12	Biblical Aramaic (Daniel, Ezra) (B)		TRUE_LEXICAL_GAP	no lexicon entry the form could belong to — NO_ANALYSIS	—	—	not available (no open digital HeArukh/Meturgeman text)			—	yes
260	top-500	הצלח	2	Daniel.3.30 Daniel.6.29	Biblical Aramaic (Daniel, Ezra) (B)	צלח	MORPHOLOGY	a known lemma with a Hebrew sense is reachable, but a precision rule blocks the analysis — NO_ANALYSIS	צלח: בקע [krupnik] | הצליח, עשה חיל [krupnik] | גרם הצלחה [krupnik] | צלח [jastrow]	צלח: J(צָלַח bh): to split, pass through; to succeed, prosper; to cause to prosper || J(צְלַח ch): to split, pass through; to be successful, prosper; to become fit; to split	not available (no open digital HeArukh/Meturgeman text)			—	yes
261	top-500	השתכח	2	Daniel.2.35 Daniel.6.24	Biblical Aramaic (Daniel, Ezra) (B)		TRUE_LEXICAL_GAP	no lexicon entry the form could belong to — NO_ANALYSIS	—	—	not available (no open digital HeArukh/Meturgeman text)			—	yes
262	top-500	ואחרנ	2	Daniel.2.11 Daniel.7.24	Biblical Aramaic (Daniel, Ezra) (B)	אחרנ אוחרנ אחר אחרנא נחר	MORPHOLOGY	a known lemma with a Hebrew sense is reachable, but a precision rule blocks the analysis — NO_ANALYSIS	אחרנ: אחרון [jastrow] ;; אוחרנ: אחר [krupnik] ;; אחר: נהג בשגעון [krupnik] | אחר [jastrow] ;; אחרנא: קנין ורכוש [krupnik] ;; נחר: דקר [krupnik] | שתת דם [krupnik] | נדקר [krupnik] | השמיע קול נחרה [krupnik] | נחר [jastrow]	אחר: J(אָחַר bh): to be behind; to cover; to tarry, hesitate; to set behind || J(אֲחַר ch): to be behind; to cover; be delayed || J(אַחַר bh): after, behind; aḥaré; in connection with || J(אַחֵר bh): another, the other, stranger; another th	not available (no open digital HeArukh/Meturgeman text)			—	yes
263	top-500	ואנבה	2	Daniel.4.9 Daniel.4.18	Biblical Aramaic (Daniel, Ezra) (B)	אנבא נבי	MORPHOLOGY	a known lemma with a Hebrew sense is reachable, but a precision rule blocks the analysis — NO_ANALYSIS	אנבא: ביצי כנים [krupnik]	אנבא: J(אִנְבָּא I): fruit, produce. || J(אִנְבָּא II): eggs of lice, nits ;; נבי: J(נבי I): Pi.; to blow ablaze || J(נבי II bh): to burst forth, blow; to be inspired, to prophesy || J(נְבֵי ch): Ithpa.	not available (no open digital HeArukh/Meturgeman text)			—	yes
264	top-500	ואנה	2	Daniel.2.30 Daniel.5.16	Biblical Aramaic (Daniel, Ezra) (B)	אנה אני אינ אנא אנתא	MORPHOLOGY	a known lemma with a Hebrew sense is reachable, but a precision rule blocks the analysis — RARE_UNREVIEWED rev:אנה//w "ואני"	אנה: ציער והקניט [krupnik] ;; אני: ינה [jastrow] ;; אינ: אם [krupnik] ;; אנא: אנכי [krupnik] | אני [jastrow] ;; אנתא: לחם [krupnik]	אני: J(אני): Pi.; to press, wrong, oppress; to impose, overreach in dealing; to be overreached ;; אינ: K: yes | ja || J(אָיַן): to look upon, investigate || J(אַיִן I): naught; something rounded, decorative || J(אַיִן II bh): where?; whithe	not available (no open digital HeArukh/Meturgeman text)			—	yes
265	top-500	ואנש	2	Daniel.6.8 Daniel.6.13	Biblical Aramaic (Daniel, Ezra) (B)	אינש	MORPHOLOGY	a known lemma with a Hebrew sense is reachable, but a precision rule blocks the analysis — RARE_UNREVIEWED rev:אנש//w "ואיש"	אינש: אדם [krupnik]	אינש: J(אֱינָשׁ): being; human being; people	not available (no open digital HeArukh/Meturgeman text)			—	yes
266	top-500	ואשרנא	2	Ezra.5.3 Ezra.5.9	Biblical Aramaic (Daniel, Ezra) (B)	אשרנא אשר נשר	MORPHOLOGY	a known lemma with a Hebrew sense is reachable, but a precision rule blocks the analysis — NO_ANALYSIS	אשר: קיים והעיד [krupnik] | חיזק [krupnik] | האמין [krupnik] | אשר [jastrow] ;; נשר: נפל, ניתק ממקום חיבורו [krupnik] | עקר ומרט [krupnik] | הפיל [krupnik] | נשר [jastrow]	אשרנא: J(אֻשַּׁרְנָא): wall. ;; אשר: J(אֲשֶׁר bh): being; who, which || J(אָשַׁר bh): to exist, be strong, happy;; to exalt, praise, declare happy; to substantiate; to verify,  || J(אֲשַׁר ch): Ithpe.; to be strengthened; to make strong || 	not available (no open digital HeArukh/Meturgeman text)			—	yes
267	top-500	ואשתדור	2	Ezra.4.15 Ezra.4.19	Biblical Aramaic (Daniel, Ezra) (B)	אשתדור	MISSING_HEBREW_GLOSS	the dictionaries have the word, but no Hebrew sense (English only / Krupnik without Hebrew) — NO_ANALYSIS	—	אשתדור: J(אֶשְׁתַּדּוּר): resistance, rebellion.	not available (no open digital HeArukh/Meturgeman text)			—	yes
268	top-500	ובאסור	2	Daniel.4.12 Daniel.4.20	Biblical Aramaic (Daniel, Ezra) (B)	אסור איסור אסר סור יסר נסר	MORPHOLOGY	a known lemma with a Hebrew sense is reachable, but a precision rule blocks the analysis — NO_ANALYSIS	איסור: מצות לא תעשה [krupnik] | תוספת [krupnik] | תפיסה [krupnik] | תפוס [krupnik] ;; אסר: אסר [jastrow] ;; סור: בדק [krupnik] | תר, התהלך [krupnik] | יצר, טיב, אופי [krupnik] | סור [jastrow] ;; יסר: יסר [jastrow] ;; נסר: נִסֵּר גזר עצים במשור [krupnik] | קרש [krupnik] | נסר [jastrow]	אסור: J(אָסוּר bh): prisoner.; prison; forbidden || J(אֱסוּר ch): tie, chain. ;; איסור: K: a man’s name | männlicher Name || J(אֵיסוּר): imprisonment; prisoners || J(אִיסּוּר II): band, chain;; social circle; addition ;; אסר: J(אָסַר bh): t	not available (no open digital HeArukh/Meturgeman text)			—	yes
269	top-500	ובטל	2	Daniel.4.12 Daniel.4.20	Biblical Aramaic (Daniel, Ezra) (B)	בטל בטיל טול טל	MORPHOLOGY	a known lemma with a Hebrew sense is reachable, but a precision rule blocks the analysis — NO_ANALYSIS	בטל: העביר, השבית [krupnik] | גרם בטלה [krupnik] | אינו קיים [krupnik] | מחוסר עבודה [krupnik] | בטל [jastrow] ;; טול: שש ושמח [krupnik] | טול [jastrow] | צל [jastrow] ;; טל: טל [jastrow]	בטל: J(בָּטֵל I bh): to be hollow; to be void, abolished, suspended; to cease to exist; Scroll of Fasts || J(בְּטֵל ch): annulled; neutralized; to be abolished, removed, undone; to be disturbed, to be forced to  || J(בָּטֵל II): null, void;	not available (no open digital HeArukh/Meturgeman text)			—	yes
270	top-500	ובנוהי	2	Ezra.6.10 Ezra.7.23	Biblical Aramaic (Daniel, Ezra) (B)		TRUE_LEXICAL_GAP	no lexicon entry the form could belong to — NO_ANALYSIS	—	—	not available (no open digital HeArukh/Meturgeman text)			—	yes
271	top-500	ובענפוהי	2	Daniel.4.9 Daniel.4.18	Biblical Aramaic (Daniel, Ezra) (B)		TRUE_LEXICAL_GAP	no lexicon entry the form could belong to — NO_ANALYSIS	—	—	not available (no open digital HeArukh/Meturgeman text)			—	yes
272	top-500	ובקרו	2	Ezra.4.19 Ezra.6.1	Biblical Aramaic (Daniel, Ezra) (B)	בקר בקרותא קרי יקר נקר קרא	MORPHOLOGY	a known lemma with a Hebrew sense is reachable, but a precision rule blocks the analysis — NO_ANALYSIS	בקר: פֻעל נבדק [krupnik] | הפקיר [krupnik] | נבדק [krupnik] | נשאל מה שלומו [krupnik] | היה להפקר [krupnik] | בדק [krupnik] | בדק [krupnik] | שאל בשלום החולה [krupnik] | שאל בשלום החולה [krupnik] | הפקיר [krupnik] | הפקיר [krupnik] | רועה בקר [krupnik] | בקר [jastrow] ;; בקרותא: עדר בקר, רפת הבקר [k	בקר: K: to glean | Nachlese halten || K: to let the herd graze | weiden lassen || J(בָּקַר bh): to enter into, to clear, split;; to eat up; to break forth, shine || J(בְּקַר ch): Pa.; to search, examine; to clear, glean || J(בֹּקֶר bh): mor	not available (no open digital HeArukh/Meturgeman text)			—	yes
273	top-500	וגבורתא	2	Daniel.2.20 Daniel.2.23	Biblical Aramaic (Daniel, Ezra) (B)	גבורתא גבורא	MORPHOLOGY	a known lemma with a Hebrew sense is reachable, but a precision rule blocks the analysis — NO_ANALYSIS	גבורתא: גבורה [krupnik] | גבורה [jastrow] ;; גבורא: גבורה [krupnik]	—	not available (no open digital HeArukh/Meturgeman text)			—	yes
274	top-500	וגזריא	2	Daniel.4.4 Daniel.5.7	Biblical Aramaic (Daniel, Ezra) (B)	גזרא	MORPHOLOGY	a known lemma with a Hebrew sense is reachable, but a precision rule blocks the analysis — NO_ANALYSIS	גזרא: נתח, חתיכה [krupnik] | עדר צאן [krupnik] | גזר [jastrow]	גזרא: J(גִּזְרָא ch): piece; club; what is to be cut; a guard || J(גִּזְרָא ²): sheep in folds, fold, flock	not available (no open digital HeArukh/Meturgeman text)			—	yes
275	top-500	ודהב	2	Ezra.7.15 Ezra.7.16	Biblical Aramaic (Daniel, Ezra) (B)	דהב דהבא הב יהב	MORPHOLOGY	a known lemma with a Hebrew sense is reachable, but a precision rule blocks the analysis — NO_ANALYSIS	דהב: הרגיז והאדים [krupnik] | זהב [krupnik] | מטבע של זהב [krupnik] | זהב [jastrow] ;; דהבא: זהב [krupnik] | מטבע של זהב [krupnik]	דהב: J(דָּהַב): to be red; yellow; Hif. || J(דְּהַב ch): gold ;; יהב: J(יְהַב): to give; to deal; to put, place	not available (no open digital HeArukh/Meturgeman text)			—	yes
276	top-500	ודחלינ	2	Daniel.5.19 Daniel.6.27	Biblical Aramaic (Daniel, Ezra) (B)	דחל דחלא חול חלי חל חלא	MORPHOLOGY	a known lemma with a Hebrew sense is reachable, but a precision rule blocks the analysis — NO_ANALYSIS	דחל: ירא ופחד [krupnik] | הפחיד [krupnik] | נבהל [krupnik] ;; דחלא: ירא [krupnik] | מורא ופחד [krupnik] | מורא ופחד [krupnik] | אלהות, יראה [krupnik] | אלהות, יראה [krupnik] ;; חול: חול [jastrow] | חול [jastrow] ;; חלי: היה מתוק [krupnik] | היה מיצר [krupnik] | הנעים [krupnik] | נעשה מתוק [krupnik] 	דחלא: J(דַּחֲלָא I): fearer, worshipper; God-fearing || J(דַּחֲלָא II): fear; deity ;; חול: J(חוּל bh): to turn around, circle; to dance; to come in turn, to occur || J(חוּל ² ch): to dance.; Part.; to take effect || J(חוּל II): to be smoot	not available (no open digital HeArukh/Meturgeman text)			—	yes
277	top-500	ודינא	2	Daniel.7.22 Daniel.7.26	Biblical Aramaic (Daniel, Ezra) (B)	דינא דינ די יני אנה אני	MORPHOLOGY	a known lemma with a Hebrew sense is reachable, but a precision rule blocks the analysis — NO_ANALYSIS	דינא: דין ומשפט [krupnik] | ריב [krupnik] | שופט [krupnik] ;; דינ: חקר ודרש [krupnik] | הוציא מסקנא [krupnik] | נשפט [krupnik] | נחשב [krupnik] | התוכח, ריב [krupnik] | שפט [krupnik] | הוציא מסקנא [krupnik] | בא בדין [krupnik] | הוציא דין [krupnik] | בא בדין [krupnik] | נשפט [krupnik] | נשפט, נענש [	דינ: J(*דֵּין): faintness, trouble, sickness; Oh! Ah!; Thou || J(דִּין I bh): to rule; to hold court, pass sentence, punish; to argue, conclude || J(דִּין ch): Part; to dispute, quarrel; to decide || J(דִּין II bh): law-suit, claim; judgmen	not available (no open digital HeArukh/Meturgeman text)			—	yes
278	top-500	ודר	2	Daniel.3.33 Daniel.4.31	Biblical Aramaic (Daniel, Ezra) (B)	דר דור	MORPHOLOGY	a known lemma with a Hebrew sense is reachable, but a precision rule blocks the analysis — NO_ANALYSIS	דר: דור [krupnik] | שורה [krupnik] | מדורה [krupnik] | דר [jastrow] ;; דור: הכניס [krupnik] | נזבל [krupnik] | גר, שכן [krupnik] | זר, מסגרת [krupnik] | עור ממולא [krupnik] | שורה [krupnik] | דור [jastrow]	דר: J(דָּר ²): row || J(דָּר ³ ch): row, range, order; a range of wood, pyre; period, generation ;; דור: K: to manure | düngen || J(דּוּר I bh): to form a circle or enclosure; to reside, dwell; hadar || J(דּוּר ch): to dwell; to go around, 	not available (no open digital HeArukh/Meturgeman text)			—	yes
279	top-500	ודתא	2	Daniel.2.13 Ezra.7.26	Biblical Aramaic (Daniel, Ezra) (B)	דת תא אתא	MORPHOLOGY	a known lemma with a Hebrew sense is reachable, but a precision rule blocks the analysis — NO_ANALYSIS	דת: דת [jastrow] ;; אתא: סימן [krupnik] | בא [krupnik] | הביא [reviewed]	דת: J(דָּת bh): dîn; custom, law; judgment, punishment; religion ;; תא: J(תָּא I bh): cell; compartment back of the Holy of Holies; yatsiʿa, tselʿa, ta.— ;; אתא: J(אָתָא I): letter, sign || J(אֲתָא ch): to join; to come, to arrive; to occur	not available (no open digital HeArukh/Meturgeman text)			—	yes
280	top-500	והדקת	2	Daniel.2.34 Daniel.2.45	Biblical Aramaic (Daniel, Ezra) (B)	הדק	MORPHOLOGY	a known lemma with a Hebrew sense is reachable, but a precision rule blocks the analysis — NO_ANALYSIS	הדק: חיזק ואדק [krupnik] | הדק [jastrow]	הדק: J(הָדַק): Pi.; to squeeze || J(הֲדַק ch): Part. pass; to be squeezed in, rabbeted	not available (no open digital HeArukh/Meturgeman text)			—	yes
281	top-500	והיא	2	Daniel.2.44 Daniel.7.7	Biblical Aramaic (Daniel, Ezra) (B)	וה היא הא הוא הי	MORPHOLOGY	a known lemma with a Hebrew sense is reachable, but a precision rule blocks the analysis — RARE_UNREVIEWED rev:היא//w "והיא"	הא: זה [krupnik] | כאן [krupnik] | הלא [krupnik] ;; הוא: היה [krupnik] | הוא [jastrow] ;; הי: איה, היכן [krupnik]	וה: J(וָהּ): vah; hăvah; ah! ;; הא: K: this means to say) but.. | aber, dagegen || K: oh! (interjection) | o! || J(הָא I): this; both; of this || J(הָא II): Oh!; korban; ha-korban || J(הִא III): a worm ;; הוא: K: supposed | vorausgesetzt ||	not available (no open digital HeArukh/Meturgeman text)			—	yes
282	top-500	והיבל	2	Ezra.5.14 Ezra.6.5	Biblical Aramaic (Daniel, Ezra) (B)		TRUE_LEXICAL_GAP	no lexicon entry the form could belong to — NO_ANALYSIS	—	—	not available (no open digital HeArukh/Meturgeman text)			—	yes
283	top-500	והיתיו	2	Daniel.6.17 Daniel.6.25	Biblical Aramaic (Daniel, Ezra) (B)	אתא	MORPHOLOGY	a known lemma with a Hebrew sense is reachable, but a precision rule blocks the analysis — NO_ANALYSIS	אתא: סימן [krupnik] | בא [krupnik] | הביא [reviewed]	אתא: J(אָתָא I): letter, sign || J(אֲתָא ch): to join; to come, to arrive; to occur to; surely, indeed || J(*אָתָא III): Great Bear, Ursa Major	not available (no open digital HeArukh/Meturgeman text)			—	yes
284	top-500	והשכחו	2	Daniel.6.12 Ezra.4.19	Biblical Aramaic (Daniel, Ezra) (B)	שכח	MORPHOLOGY	a known lemma with a Hebrew sense is reachable, but a precision rule blocks the analysis — NO_ANALYSIS	שכח: שכח, נשמט מזכרונו [krupnik] | מצא [krupnik] | נמצא [krupnik] | נשכח [krupnik] | שכח [jastrow] | נמצא [jastrow] | נמצא [jastrow] | מצא [reviewed]	שכח: J(שָׁכַח bh): to sink,; to forget, discard; forgetting || J(שְׁכַח ch): to be forgotten || J(שְׁכַח II): Af.; to uncover,; to find	not available (no open digital HeArukh/Meturgeman text)			—	yes
285	top-500	וזמנינ	2	Daniel.6.11 Daniel.6.14	Biblical Aramaic (Daniel, Ezra) (B)	זמנינ זמנ זמנא	MORPHOLOGY	a known lemma with a Hebrew sense is reachable, but a precision rule blocks the analysis — NO_ANALYSIS	זמנינ: לפעמים [krupnik] ;; זמנ: הכין [krupnik] | קרא לסעודה וכדומה [krupnik] | בירך ברכת הזימון [krupnik] | נקרה [krupnik] | הוזמן [krupnik] | זמן [jastrow] | זמן [jastrow] | אהל מועד [jastrow] ;; זמנא: עת [krupnik] | פעם [krupnik]	זמנ: J(זָמַן bh): to arrange, designate; to invite; to a meal || J(זְמַן I ch): Part. pass; ready, prepared; to invite; to appoint; to summon; to prepare || J(זְמָן bh): appointed time, term, time; in the case of, when, if; in its prescribe	not available (no open digital HeArukh/Meturgeman text)			—	yes
286	top-500	וחברוהי	2	Daniel.2.13 Daniel.2.18	Biblical Aramaic (Daniel, Ezra) (B)	חברא	MORPHOLOGY	a known lemma with a Hebrew sense is reachable, but a precision rule blocks the analysis — NO_ANALYSIS	חברא: מכשף [krupnik] | כהן פרסי עובד האש [krupnik] | חבר, ידיד ועמית [krupnik] | חבר [jastrow]	חברא: J(חַבְרָא): friend, neighbor, fellow-being; Ḥaber; scholar	not available (no open digital HeArukh/Meturgeman text)			—	yes
287	top-500	וחזותה	2	Daniel.4.8 Daniel.4.17	Biblical Aramaic (Daniel, Ezra) (B)	חזותא חזות	MORPHOLOGY	a known lemma with a Hebrew sense is reachable, but a precision rule blocks the analysis — NO_ANALYSIS	חזותא: חזיון [krupnik] | מצפה [krupnik] | חזות [jastrow]	חזותא: J(חָזוּתָא ch): vision; watch-tower; appearance, color ;; חזות: J(חָזוּת): polish, lustre, beauty	not available (no open digital HeArukh/Meturgeman text)			—	yes
288	top-500	וחכמה	2	Daniel.5.11 Daniel.5.14	Biblical Aramaic (Daniel, Ezra) (B)	חכמה חכמתא חכמ	MORPHOLOGY	a known lemma with a Hebrew sense is reachable, but a precision rule blocks the analysis — NO_ANALYSIS	חכמתא: חכמה [krupnik] ;; חכמ: ידע [jastrow]	חכמה: J(חֲכָמָה): female physician, midwife || J(חָכְמָה bh): wisdom, learning, art; enigmatical speech ;; חכמ: J(חָכַם bh): to be wise, to know; to meet for deliberation; to grow wise, to become a scholar || J(חֲכַם): to be wise, shrewd; t	not available (no open digital HeArukh/Meturgeman text)			—	yes
289	top-500	וחלמא	2	Daniel.4.4 Daniel.4.5	Biblical Aramaic (Daniel, Ezra) (B)	חלמא חלמ	MORPHOLOGY	a known lemma with a Hebrew sense is reachable, but a precision rule blocks the analysis — RARE_UNREVIEWED חלמא//w "וחלום"	חלמא: חלום [krupnik] | חלום [jastrow] ;; חלמ: ראה חלום [krupnik] | סגר, עצם [krupnik] | חלם [jastrow] | חלם [jastrow]	חלמא: J(חָלְמָא): dreamer, or interpreter of dreams || J(חֲלָמָא): a sort of cement ;; חלמ: J(חָלַם I bh): to be soft, moist, viscous; to have good humors, to be well; sane || J(חֲלַם ch): to join closely || J(חָלַם II bh): to gather humors	not available (no open digital HeArukh/Meturgeman text)			—	yes
290	top-500	ויהיבת	2	Daniel.5.28 Daniel.7.11	Biblical Aramaic (Daniel, Ezra) (B)		TRUE_LEXICAL_GAP	no lexicon entry the form could belong to — NO_ANALYSIS	—	—	not available (no open digital HeArukh/Meturgeman text)			—	yes
291	top-500	ויקר	2	Daniel.2.6 Daniel.7.14	Biblical Aramaic (Daniel, Ezra) (B)	קרי ויקרא יקר יקיר	MORPHOLOGY	a known lemma with a Hebrew sense is reachable, but a precision rule blocks the analysis — NO_ANALYSIS	קרי: עיר, קריה [krupnik] | קרי [jastrow] | קרי [jastrow] ;; יקר: כיבד [krupnik] | התגאה [krupnik] | נעשה יקר [krupnik] | היה כבד [krupnik] | היה יקר [krupnik] | הכביד [krupnik] | כיבד [krupnik] | נתן במתנה [krupnik] | נעשה כבד [krupnik] | היה נכבד [krupnik] | נתיקר במחירו [krupnik] | יקר [jastrow] |	קרי: J(קרי ² bh): to call, name; to invite; yeraëh; those called up to read from the Torah || J(קְרֵי I ch): to call, name, invite; to read; evil || J(קרי ³): to join; to meet; to meet, join || J(קְרֵי II ch): to join; to do something by ac	not available (no open digital HeArukh/Meturgeman text)			—	yes
292	top-500	ולבב	2	Daniel.4.13 Daniel.7.4	Biblical Aramaic (Daniel, Ezra) (B)	לבב לבוב בב	MORPHOLOGY	a known lemma with a Hebrew sense is reachable, but a precision rule blocks the analysis — NO_ANALYSIS	לבוב: מקושר [krupnik] | מנוקב [krupnik] ;; בב: פתח [krupnik]	לבב: K: to encourage | ermutigen || J(לֵבָב bh): heart; double heart, seat of two opposite inclinations; l’bab || J(לָבַב bh): join closely; to tie; l’bubin; a hide showing a hole in the place corresponding to the hea ;; בב: K: a river in B	not available (no open digital HeArukh/Meturgeman text)			—	yes
293	top-500	ולה	2	Daniel.7.6 Daniel.7.14	Biblical Aramaic (Daniel, Ezra) (B)	ולא ספקולא	MISSING_HEBREW_GLOSS	the dictionaries have the word, but no Hebrew sense (English only / Krupnik without Hebrew) — NO_ANALYSIS	—	ולא: J(וָלָא): it is; becoming	not available (no open digital HeArukh/Meturgeman text)			—	yes
294	top-500	ולחנתה	2	Daniel.5.2 Daniel.5.3	Biblical Aramaic (Daniel, Ezra) (B)		TRUE_LEXICAL_GAP	no lexicon entry the form could belong to — NO_ANALYSIS	—	—	not available (no open digital HeArukh/Meturgeman text)			—	yes
295	top-500	וליקר	2	Daniel.4.27 Daniel.4.33	Biblical Aramaic (Daniel, Ezra) (B)	יקר נקר יקיר	MORPHOLOGY	a known lemma with a Hebrew sense is reachable, but a precision rule blocks the analysis — NO_ANALYSIS	יקר: כיבד [krupnik] | התגאה [krupnik] | נעשה יקר [krupnik] | היה כבד [krupnik] | היה יקר [krupnik] | הכביד [krupnik] | כיבד [krupnik] | נתן במתנה [krupnik] | נעשה כבד [krupnik] | היה נכבד [krupnik] | נתיקר במחירו [krupnik] | יקר [jastrow] | יקר [jastrow] ;; נקר: נשיכה, חטיטה [krupnik] | נקר [jastrow	יקר: J(יָקַר bh): to be heavy;; to be weighty, important, honored; to be dear, precious; to hold dear || J(יְקַר ch): to be heavy; to be dear, precious; to make heavy || J(יָקָר bh): heavy; dear, precious, worthy; honored; Pl.; Fem. || J(יְ	not available (no open digital HeArukh/Meturgeman text)			—	yes
296	top-500	ומה	2	Ezra.6.9 Ezra.7.18	Biblical Aramaic (Daniel, Ezra) (B)	מה אגטרגטא	MORPHOLOGY	a known lemma with a Hebrew sense is reachable, but a precision rule blocks the analysis — RARE_UNREVIEWED מה//w "ומה"	מה: כמו [krupnik] | אִם [krupnik] | מה [jastrow] ;; אגטרגטא: מפל מים [krupnik]	מה: J(מָה bh): something; anything; what? which?; as … so ;; אגטרגטא: J(אַגְטְרַגְטָא): cataracta; cataract, cascade	not available (no open digital HeArukh/Meturgeman text)			—	yes
297	top-500	ומזונ	2	Daniel.4.9 Daniel.4.18	Biblical Aramaic (Daniel, Ezra) (B)	מזונ מזג אזנ זונ זינ יזנ	MORPHOLOGY	a known lemma with a Hebrew sense is reachable, but a precision rule blocks the analysis — NO_ANALYSIS	מזונ: מזון [jastrow] ;; מזג: מילא את הכוס [krupnik] | נתערב היין במים [krupnik] | בירר וזיקק [krupnik] | מילא את הכוס [krupnik] | רקח [krupnik] | אופי, טבע האדם [krupnik] | מזג [jastrow] ;; אזנ: הזדיין [krupnik] ;; זונ: הֵזִין פרנס וכלכל [krupnik] | אזור [krupnik] | זון [jastrow] ;; זינ: נתן כלי נשק	מזונ: J(מָזוֹן bh): food, sustenance; meal; alimentation; mazon || J(מָזוֹן ² ch): ḥok ;; מזג: K: to mix (wine with water) | mischen || K: to mix | mischen || J(מָזַג): to mix wine with water, spices; to temper; to fill the cups, to offer d	not available (no open digital HeArukh/Meturgeman text)			—	yes
298	top-500	ומלת	2	Daniel.2.35 Daniel.3.28	Biblical Aramaic (Daniel, Ezra) (B)	מלת מילת מילא מלא מלה מול	MORPHOLOGY	a known lemma with a Hebrew sense is reachable, but a precision rule blocks the analysis — NO_ANALYSIS	מלת: נהג בספינה [krupnik] | נמלח [krupnik] | תנוך האוזן [krupnik] ;; מילת: צמר דק [krupnik] | תנוך האוזן [krupnik] | מילת [jastrow] ;; מילא: מלה, דבר [krupnik] | דבר, ענין [krupnik] | מיל [jastrow] | מלה [jastrow] ;; מלא: מלה, דיבור [krupnik] | מלא [jastrow] ;; מלה: מילא [krupnik]	מילת: J(מִילַּת): oak || J(מֵילַת): something soft and thick; lock of wool, wool, down; ear-lap || J(מֵילַת ² ch): fine wool; a cloak of fine wool; ear-lap ;; מילא: K: a sort of wool | eine Art Wolle || J(מֵילָא I): a lock of wool, woolly s	not available (no open digital HeArukh/Meturgeman text)			—	yes
299	top-500	ומלתא	2	Daniel.2.11 Daniel.7.28	Biblical Aramaic (Daniel, Ezra) (B)	מלתא מילתא מלויתא מלת מול לתא	MORPHOLOGY	a known lemma with a Hebrew sense is reachable, but a precision rule blocks the analysis — RARE_UNREVIEWED rev:מלתא//w "והדבר"	מילתא: מלה [krupnik] | דבר [krupnik] ;; מלויתא: מקום שאיבת המים [krupnik] ;; מלת: נהג בספינה [krupnik] | נמלח [krupnik] | תנוך האוזן [krupnik] ;; לתא: מזל [krupnik]	מלתא: J(מִלֵּתָא): mound || J(מְלָתָא): place for drawing water ;; מילתא: J(מִילְּתָא): word; thing, affair; to let blood; to be bled ;; מלויתא: J(מְלוֹיְתָא): place for drawing water, well ;; מול: J(מוֹל bh): border, front, in sight of; bo	not available (no open digital HeArukh/Meturgeman text)			—	yes
300	top-500	ומנה	2	Daniel.2.42 Daniel.4.9	Biblical Aramaic (Daniel, Ezra) (B)	מנה מני מנא מנתא מנ	REVIEW_CANDIDATE	complete analysis below the review gate (fewer than 200 uses here) — REVIEW_GATE pron:מנה/fixed/w "וממנה" n=2	מני: מנה וספר [krupnik] | קבע והפקיד [krupnik] | הכניס בחשבון המנויים [krupnik] | נמנה [krupnik] | נתמנה [krupnik] | נכנס בחשבון המשתתפים [krupnik] | מי היא [krupnik] | דעת מי היא [krupnik] | מני [jastrow] ;; מנא: כלי [krupnik] | מנין [krupnik] | מנין [jastrow] ;; מנתא: מנה, חלק [krupnik] ;; מנ: מאי	מנה: J(מָנֶה bh): one hundred; Maneh; Maneh || J(מָנָה I bh): share, portion || J(מָנָה II): to count ;; מני: J(מָנֵי): a weight || J(מני bh): to divide, distribute; to count; counted || J(מְנֵי ch): to count; to appoint; to appoint, ordain	not available (no open digital HeArukh/Meturgeman text)	וממנה	REVIEW	high (~94%)	yes
301	top-500	ונחש	2	Daniel.4.12 Daniel.4.20	Biblical Aramaic (Daniel, Ezra) (B)	נחש נחשא	MORPHOLOGY	a known lemma with a Hebrew sense is reachable, but a precision rule blocks the analysis — NO_ANALYSIS	נחש: עשה מעשה ניחוש וכישוף [krupnik] | ציפה נחושת בכסף [krupnik] | נחושת [krupnik] | נחש [jastrow] | נחושת [jastrow] ;; נחשא: נחושת [krupnik] | נחש, כשוף [krupnik]	נחש: J(נָחַשׁ bh): to whisper; to divine, to make action dependent on an omen, to augur || J(נְחַשׁ II): to use copper; to plate || J(נַחַשׁ bh): divination from omen, superstition || J(נָחָשׁ bh): the hissing; serpent; a pungent ;; נחשא: K	not available (no open digital HeArukh/Meturgeman text)			—	yes
302	top-500	ועשבא	2	Daniel.4.22 Daniel.4.30	Biblical Aramaic (Daniel, Ezra) (B)	עשב	MORPHOLOGY	a known lemma with a Hebrew sense is reachable, but a precision rule blocks the analysis — NO_ANALYSIS	עשב: עשב [jastrow]	עשב: J(עֵשֶׂב bh): herb, plant, grass	not available (no open digital HeArukh/Meturgeman text)			—	yes
303	top-500	ופמ	2	Daniel.7.8 Daniel.7.20	Biblical Aramaic (Daniel, Ezra) (B)	פומ	MORPHOLOGY	a known lemma with a Hebrew sense is reachable, but a precision rule blocks the analysis — NO_ANALYSIS	פומ: פה [krupnik] | פה [jastrow] | כפי [jastrow] | לפיכך [jastrow] | פֶּה [he]	פומ: J(פּוּם): according to; because; therefore	not available (no open digital HeArukh/Meturgeman text)			—	yes
304	top-500	וקדיש	2	Daniel.4.10 Daniel.4.20	Biblical Aramaic (Daniel, Ezra) (B)	קדיש קדש קדישא דיש דישא	MORPHOLOGY	a known lemma with a Hebrew sense is reachable, but a precision rule blocks the analysis — NO_ANALYSIS	קדיש: קדוש [jastrow] ;; קדש: קדש [jastrow] ;; דיש: דרס ודרך [krupnik] | דיש [jastrow] ;; דישא: דיש, תבואה נדושה [krupnik]	קדיש: J(קַדִּישׁ): holy, sacred, pure; Ḳaddish ;; קדש: J(קָדַשׁ bh): to be cut off, separated; to be, become pure, sacred, holy; to sanctify || J(קְדַשׁ ch): to be sanctified, sacred; Ithpa.; Pi., to sanctify; to proclaim; to betroth || J(ק	not available (no open digital HeArukh/Meturgeman text)			—	yes
305	top-500	וקימ	2	Daniel.6.16 Daniel.6.27	Biblical Aramaic (Daniel, Ezra) (B)	קימ קיימ קומ נקמ ימ	MORPHOLOGY	a known lemma with a Hebrew sense is reachable, but a precision rule blocks the analysis — NO_ANALYSIS	קימ: אישר [krupnik] | הקים, העמיד [krupnik] | קבע, הניח [krupnik] | הוקם [krupnik] | חוק [krupnik] | ברית [krupnik] | שבועה [krupnik] ;; קיימ: הי, נמצא [krupnik] | כשר, יש לו תוקף [krupnik] | קיים [jastrow] ;; קומ: עמד, היה קיים [krupnik] | מי חלב [krupnik] | קום [jastrow] | העמיד [reviewed] ;; נקמ:	קימ: J(קִים): standing;; it is; established, certain ;; קיימ: J(קְיֵים): live! || J(קַיָּים): existing, enduring, lasting; valid || J(קְיָים): that which is established; law, statute; covenant; oath, vow ;; קומ: J(קוּם bh): to stand up, ris	not available (no open digital HeArukh/Meturgeman text)			—	yes
306	top-500	וקרנא	2	Daniel.7.20 Daniel.7.21	Biblical Aramaic (Daniel, Ezra) (B)	קרנ קרא דנא רני	MISSING_HEBREW_GLOSS	the dictionaries have the word, but no Hebrew sense (English only / Krupnik without Hebrew) — NO_HEBREW_SENSE קרנ	קרנ: קרן [jastrow] ;; קרא: קשוא בצורת בקבוק [krupnik] | בקי במקרא [krupnik] | קרא [jastrow] | מקרא [jastrow] | דלעת [he] ;; דנא: זה [krupnik] | חבית גדולה [krupnik] | הגה, דיבר [krupnik]	קרנ: J(קָרַן bh): to emit horns; rays; to be horned. || J(קְרַן I): ḳaran; to join, harness, put to || J(קֶרֶן): joint, attachment; roundness, fulness; horn; shofars || J(קְרַן II ch): horn; strength; beam, ray; projection; corner ;; קרא: K	not available (no open digital HeArukh/Meturgeman text)			—	yes
307	top-500	ורבו	2	Daniel.4.33 Daniel.7.10	Biblical Aramaic (Daniel, Ezra) (B)	רבותא רב רבי רוב רבה ארב	MORPHOLOGY	a known lemma with a Hebrew sense is reachable, but a precision rule blocks the analysis — NO_ANALYSIS	רבותא: יתרון [krupnik] | חדוש, דבר פלא [krupnik] ;; רב: רב [jastrow] ;; רבי: נער [krupnik] | רבי [jastrow] | רבה [jastrow] ;; רבה: לקח רבית [krupnik] | הכניס בכלל [krupnik] | נתוסף [krupnik] ;; ארב: ארב [jastrow]	רבותא: J(רְבוּתָא): greatness, dignity, office; anointment; a great thing, something remarkable || J(רַבּוּתָא): seniority; superiority ;; רב: J(רַב I bh): large, great; much; community, public; in public || J(רַב II): superior, master; tea	not available (no open digital HeArukh/Meturgeman text)			—	yes
308	top-500	ורבותא	2	Daniel.5.18 Daniel.7.27	Biblical Aramaic (Daniel, Ezra) (B)	רבותא	MORPHOLOGY	a known lemma with a Hebrew sense is reachable, but a precision rule blocks the analysis — NO_ANALYSIS	רבותא: יתרון [krupnik] | חדוש, דבר פלא [krupnik]	רבותא: J(רְבוּתָא): greatness, dignity, office; anointment; a great thing, something remarkable || J(רַבּוּתָא): seniority; superiority	not available (no open digital HeArukh/Meturgeman text)			—	yes
309	top-500	ורוה	2	Daniel.2.31 Daniel.3.25	Biblical Aramaic (Daniel, Ezra) (B)	רוי	MISSING_HEBREW_GLOSS	the dictionaries have the word, but no Hebrew sense (English only / Krupnik without Hebrew) — NO_ANALYSIS	—	רוי: J(רוי bh): to be moist, be saturated, drip; to saturate; to refresh || J(רְוֵי): to be filled with wine, be drunken; Pa.; Pa. || J(רַוֵּי): drunk; drunkard	not available (no open digital HeArukh/Meturgeman text)			—	yes
310	top-500	ורעינהי	2	Daniel.4.16 Daniel.5.6	Biblical Aramaic (Daniel, Ezra) (B)		TRUE_LEXICAL_GAP	no lexicon entry the form could belong to — NO_ANALYSIS	—	—	not available (no open digital HeArukh/Meturgeman text)			—	yes
311	top-500	ושארא	2	Daniel.7.7 Daniel.7.19	Biblical Aramaic (Daniel, Ezra) (B)	שאר	MORPHOLOGY	a known lemma with a Hebrew sense is reachable, but a precision rule blocks the analysis — NO_ANALYSIS	שאר: השאיר, שייר [krupnik] | שאר [jastrow] | שאר [jastrow]	שאר: J(שָׁאַר bh): to swell, rise; to run over;; to remain over; to be left over, reserved, preserved, spared || J(שְׁאַר I ch): to leave over; Ithpa.; to leave over, spare || J(שְׁאַר II): Pa.; to plant in beds || J(שְׁאֵר bh): preservatio	not available (no open digital HeArukh/Meturgeman text)			—	yes
312	top-500	ושוריה	2	Ezra.4.13 Ezra.4.16	Biblical Aramaic (Daniel, Ezra) (B)	שורא	MORPHOLOGY	a known lemma with a Hebrew sense is reachable, but a precision rule blocks the analysis — NO_ANALYSIS	שורא: שור [jastrow]	שורא: J(שׁוֹרָא ch): joist, beam.	not available (no open digital HeArukh/Meturgeman text)			—	yes
313	top-500	ושער	2	Daniel.3.27 Daniel.7.9	Biblical Aramaic (Daniel, Ezra) (B)	שער שערא שוער שיעור	MORPHOLOGY	a known lemma with a Hebrew sense is reachable, but a precision rule blocks the analysis — NO_ANALYSIS	שער: אמד והעריך [krupnik] | שמר על השער [krupnik] | נערך ונאמד [krupnik] | היה שעיר [krupnik] ;; שערא: נשך, רבית [krupnik] | שער [jastrow] | שער [jastrow] | שער [jastrow]	שער: J(שָׁעַר I bh): to keep the gate || J(שָׁעַר II bh): to divide, distribute; to apportion, estimate, measure, calculate; to superintend the mark || J(שְׁעַר ch): Pa.; to measure, calculate || J(שָׂעַר bh): to be rough; to shudder, fear;	not available (no open digital HeArukh/Meturgeman text)			—	yes
314	top-500	ושתר	2	Ezra.5.3 Ezra.5.6	Biblical Aramaic (Daniel, Ezra) (B)	שתר	MORPHOLOGY	a known lemma with a Hebrew sense is reachable, but a precision rule blocks the analysis — NO_ANALYSIS	שתר: נשאר [krupnik]	שתר: J(שְׁתַר): Ithpa.; to be left over; to escape	not available (no open digital HeArukh/Meturgeman text)			—	yes
315	top-500	ותלת	2	Daniel.7.5 Daniel.7.8	Biblical Aramaic (Daniel, Ezra) (B)	תלת תלי תלא תלתא	MORPHOLOGY	a known lemma with a Hebrew sense is reachable, but a precision rule blocks the analysis — NO_ANALYSIS	תלת: חילק לשלשה חלקים [krupnik] | עשה בפעם השלישית [krupnik] | נעשה בפעם השלישית [krupnik] | שלש [jastrow] ;; תלי: תלי [jastrow] ;; תלא: עיכס ברגליו [krupnik] ;; תלתא: שליש [krupnik]	תלת: J(תַּלֵּת): to divide into three parts; to do a third time; Part. pass || J(תְּלַת): three; on the third; thirteen ;; תלי: J(תלי bh): to swing, raise; to suspend, hang; to hang on; to attach, assign; to hold in suspense, lea || J(תְּלֵ	not available (no open digital HeArukh/Meturgeman text)			—	yes
316	top-500	ותסגדונ	2	Daniel.3.5 Daniel.3.15	Biblical Aramaic (Daniel, Ezra) (B)	סגד	MISSING_HEBREW_GLOSS	the dictionaries have the word, but no Hebrew sense (English only / Krupnik without Hebrew) — NO_ANALYSIS	—	סגד: J(סְגַד bh): to bend, bow; to worship	not available (no open digital HeArukh/Meturgeman text)			—	yes
317	top-500	ותקפ	2	Daniel.4.8 Daniel.4.17	Biblical Aramaic (Daniel, Ezra) (B)	תקפ תוקפ נקפ תקפא	MORPHOLOGY	a known lemma with a Hebrew sense is reachable, but a precision rule blocks the analysis — NO_ANALYSIS	תקפ: היה חזק [krupnik] | התגבר [krupnik] | החמיץ [krupnik] | התגבר [krupnik] | חיזק [krupnik] | החזיק, אחז [krupnik] | חיזק [krupnik] | הקשה קושיא [krupnik] | תקף [jastrow] ;; נקפ: חבט זיתים [krupnik] | הסמיך והדביק, השוה [krupnik] | סיבב [krupnik] | הלוה [krupnik] | התנגף, נפצע [krupnik] | פצע וחבו	תקפ: J(תָּקַף bh): to seize, overpower; to rest heavily upon, be hard || J(תְּקַף ch): to seize, hold firmly; Ittof.; to be strong, become powerful ;; תוקפ: J(תּוֹקֶף bh): strength, power; ethans ;; נקפ: K: to sell on terms | Kredit gewähre	not available (no open digital HeArukh/Meturgeman text)			—	yes
318	top-500	זאעינ	2	Daniel.5.19 Daniel.6.27	Biblical Aramaic (Daniel, Ezra) (B)		TRUE_LEXICAL_GAP	no lexicon entry the form could belong to — NO_ANALYSIS	—	—	not available (no open digital HeArukh/Meturgeman text)			—	yes
319	top-500	זיעינ	2	Daniel.5.19 Daniel.6.27	Biblical Aramaic (Daniel, Ezra) (B)	זיע זיעא	MORPHOLOGY	a known lemma with a Hebrew sense is reachable, but a precision rule blocks the analysis — NO_ANALYSIS	זיע: פחד והזדעזעות [krupnik] | זיע [jastrow] ;; זיעא: זיעה [krupnik]	זיע: J(זֵיעַ): trembling, agitation || J(זִיעַ ch): earthquake; tempest; sweat	not available (no open digital HeArukh/Meturgeman text)			—	yes
320	top-500	זמנ	2	Daniel.2.16 Daniel.7.12	Biblical Aramaic (Daniel, Ezra) (B)	זמנ זימנא זומ זמי זמנא	MORPHOLOGY	a known lemma with a Hebrew sense is reachable, but a precision rule blocks the analysis — RARE_UNREVIEWED זמנ// "אהל מועד"	זמנ: הכין [krupnik] | קרא לסעודה וכדומה [krupnik] | בירך ברכת הזימון [krupnik] | נקרה [krupnik] | הוזמן [krupnik] | זמן [jastrow] | זמן [jastrow] | אהל מועד [jastrow] ;; זימנא: זמן [krupnik] ;; זומ: מרק [krupnik] ;; זמי: קנס [krupnik] ;; זמנא: עת [krupnik] | פעם [krupnik]	זמנ: J(זָמַן bh): to arrange, designate; to invite; to a meal || J(זְמַן I ch): Part. pass; ready, prepared; to invite; to appoint; to summon; to prepare || J(זְמָן bh): appointed time, term, time; in the case of, when, if; in its prescribe	not available (no open digital HeArukh/Meturgeman text)			—	yes
321	top-500	חזינ	2	Daniel.3.27 Daniel.5.23	Biblical Aramaic (Daniel, Ezra) (B)	חזיא חזי חזינא חזיתא	MORPHOLOGY	a known lemma with a Hebrew sense is reachable, but a precision rule blocks the analysis — RARE_UNREVIEWED חזיא// "ראי"	חזיא: ראי [krupnik] ;; חזי: ראה [krupnik] | הראה [krupnik] | נראה [krupnik] | היה ראוי [krupnik] | הָראה [krupnik] | ראוי [krupnik] | חזי [jastrow]	חזיא: J(חַזְיָא): fit || J(חֶזְיָא II): mirror ;; חזי: J(חזי bh): to divide; to discern, see; to distribute kindled chips between logs of wood || J(חֲזִי ch): to see, recognize, to decide; Part. pass; pointed out, fit for, prepared; ;; חזינ	not available (no open digital HeArukh/Meturgeman text)			—	yes
322	top-500	חזיתה	2	Daniel.2.41	Biblical Aramaic (Daniel, Ezra) (B)	חזית חזיתא	MORPHOLOGY	a known lemma with a Hebrew sense is reachable, but a precision rule blocks the analysis — NO_ANALYSIS	חזית: בליטה בכותל לנוי [krupnik] | פני הבית [krupnik]	חזית: J(חָזִית): cutting; rough, unfinished side; the rough side of a fence or wall; border-mark ;; חזיתא: J(חָזִיתָא): contusion	not available (no open digital HeArukh/Meturgeman text)			—	yes
323	top-500	חיא	2	Daniel.6.21 Daniel.6.27	Biblical Aramaic (Daniel, Ezra) (B)	חי חיי	MISSING_HEBREW_GLOSS	the dictionaries have the word, but no Hebrew sense (English only / Krupnik without Hebrew) — NO_HEBREW_SENSE חי	חי: חי [jastrow] ;; חיי: חיי [jastrow]	חי: J(חַי bh): living, alive; living creature; healthy; in natural condition, raw; unmixed || J(חַי ² ch): Fem.; strong ;; חיי: J(חיי bh): to live; Part.; to heal; to recover, regain health || J(חֲיִי ch): Part. || J(חַיֵּי): life; the livi	not available (no open digital HeArukh/Meturgeman text)			—	yes
324	top-500	חייא	2	Daniel.2.30 Daniel.4.14	Biblical Aramaic (Daniel, Ezra) (B)	חייא חי חיינ חייתא חיי	SENSE_CHOICE	several Hebrew senses (or two lemmas) — a reviewer must choose — AMBIGUOUS_SENSE חייא: מילדת	חייא: מילדת [krupnik] ;; חי: חי [jastrow] ;; חיינ: חיים [jastrow] ;; חייתא: יולדת [krupnik] | מילדת [krupnik] | כפר [krupnik] | שק [krupnik] | חיה [jastrow] ;; חיי: חיי [jastrow]	חייא: J(חַיָּיא): midwife || J(חַיַּיָּא): life; the living ;; חי: J(חַי bh): living, alive; living creature; healthy; in natural condition, raw; unmixed || J(חַי ² ch): Fem.; strong ;; חייתא: J(חַיְיתָא I): living creature || J(חַיְיתָא II	not available (no open digital HeArukh/Meturgeman text)			—	yes
325	top-500	חלמ	2	Daniel.4.2 Daniel.7.1	Biblical Aramaic (Daniel, Ezra) (B)	חלמ חלומ חלימ חלמא	MORPHOLOGY	a known lemma with a Hebrew sense is reachable, but a precision rule blocks the analysis — RARE_UNREVIEWED חלמ// "ראה חלום"	חלמ: ראה חלום [krupnik] | סגר, עצם [krupnik] | חלם [jastrow] | חלם [jastrow] ;; חלומ: בריא [krupnik] ;; חלימ: חזק [krupnik] | בריא [krupnik] ;; חלמא: חלום [krupnik] | חלום [jastrow]	חלמ: J(חָלַם I bh): to be soft, moist, viscous; to have good humors, to be well; sane || J(חֲלַם ch): to join closely || J(חָלַם II bh): to gather humors, to sleep well; dream;; to dream || J(חֲלַם ² ch): to consult an interpreter of dreams	not available (no open digital HeArukh/Meturgeman text)			—	yes
326	top-500	חלקה	2	Daniel.4.12 Daniel.4.20	Biblical Aramaic (Daniel, Ezra) (B)	חלק חלוקה חלקא	MORPHOLOGY	a known lemma with a Hebrew sense is reachable, but a precision rule blocks the analysis — RARE_UNREVIEWED חלק/n.sg/ "שדה, אחוזה"	חלק: שדה, אחוזה [krupnik] ;; חלוקה: הפרדת דבר לחלקים [krupnik] ;; חלקא: שדה, אחוזה [krupnik] | קליפה [krupnik]	חלק: J(חָלַק bh): to be smooth, to be viscous; to assign, allot; to honor, pay regards || J(חָלָק): smooth, blank; empty; to go out without having effected anything || J(חֵלֶק bh): smooth stone; lot, share, portion || J(חֲלַק ch): lot, fiel	not available (no open digital HeArukh/Meturgeman text)			—	yes
327	top-500	חמר	2	Ezra.6.9 Ezra.7.22	Biblical Aramaic (Daniel, Ezra) (B)	חמר חומרא חיור חמור חמרא	REVIEW_CANDIDATE	complete analysis below the review gate (fewer than 200 uses here) — REVIEW_GATE חמר/-/- "חמור" n=2	חמר: גדש [krupnik] | היה חמור וקשה [krupnik] | שרף [krupnik] | נשרף [krupnik] | הכביד [krupnik] | דלק [krupnik] | נעשה לתל מפלה [krupnik] | מנהיג החמור [krupnik] | חמור [krupnik] | חַמְרָא זי, יין [krupnik] | חמר [jastrow] | חמר [jastrow] | חמור [jastrow] | חמר [jastrow] ;; חומרא: צרור [krupnik] | ח	חמר: K: to drive a beast | ein Tier treiben || J(חָמַר I): to join; to pile up, to load.; to be weighty, stringent.; to put a load on || J(חֲמַר ch): Hif.; Part. pass; piled up, ruins; || J(חָמַר II bh): to be hot; to glow, to parch; to be 	not available (no open digital HeArukh/Meturgeman text)	חמור	REVIEW	medium (~80% right in the sample)	yes
328	top-500	חנטינ	2	Ezra.6.9 Ezra.7.22	Biblical Aramaic (Daniel, Ezra) (B)	חנטא חנט	MORPHOLOGY	a known lemma with a Hebrew sense is reachable, but a precision rule blocks the analysis — RARE_UNREVIEWED חנטא/n.pl/ "חטה"	חנטא: חונט גופות המתים [krupnik] | חטה [krupnik] ;; חנט: הוצאת פקעים [krupnik] | חנט [jastrow]	חנטא: J(חַנָּטָא): embalmer ;; חנט: J(חָנַט bh): to assume shape, form a texture;; to show a distinct shape of fruits, to form fruits;; to  || J(חֲנַט ch): to embalm || J(חֶנֶט): formation of fruits; leaves	not available (no open digital HeArukh/Meturgeman text)			—	yes
329	top-500	טב	2	Daniel.2.32 Ezra.5.17	Biblical Aramaic (Daniel, Ezra) (B)	טב	MORPHOLOGY	a known lemma with a Hebrew sense is reachable, but a precision rule blocks the analysis — RARE_UNREVIEWED טב// "היה טוב"	טב: היה טוב [krupnik] | היטיב [krupnik] | טוב [krupnik] | שוה [krupnik] | ראש ונשיא [krupnik] | יותר [krupnik] | טוב [jastrow] | טוב [he]	טב: J(טַב I): to be good, well; to feel well, be satisfied, fare well; to do good || J(טַב II): good, precious; worth, valued; best man, elder, officer	not available (no open digital HeArukh/Meturgeman text)			—	yes
330	top-500	טינא	2	Daniel.2.41 Daniel.2.43	Biblical Aramaic (Daniel, Ezra) (B)	טינא טינ טינתא	MORPHOLOGY	a known lemma with a Hebrew sense is reachable, but a precision rule blocks the analysis — RARE_UNREVIEWED טינא// "קנאה · תאוה"	טינא: קנאה [krupnik] | תאוה [krupnik] ;; טינ: טיט [krupnik]	טינא: K: a worm | ein Wurm || J(טִינָּא): moist muddy ground, clay; impure thought, lust ;; טינ: J(טִין): to moisten || J(טִין ² ch): mud, clay ;; טינתא: J(טִינָתָא): moist, muddy soil	not available (no open digital HeArukh/Meturgeman text)			—	yes
331	top-500	טרדינ	2	Daniel.4.22 Daniel.4.29	Biblical Aramaic (Daniel, Ezra) (B)	טרדינ טרד טרדא	MORPHOLOGY	a known lemma with a Hebrew sense is reachable, but a precision rule blocks the analysis — NO_ANALYSIS	טרד: גירש [krupnik] | בלל, שכשך [krupnik] | בלבל [krupnik] | הוגלה [krupnik] | נתבלבל [krupnik] | סגר [krupnik] | הציק [krupnik] | גירש [krupnik] | גורש [krupnik] | התקוטט [krupnik] | נסגר [krupnik] | טרד [jastrow]	טרד: J(טָרַד bh): to move, shake; to be running, to drip; restless, constantly twinkling; || J(טְרַד I ch): to trouble, stir up, keep in commotion; to banish, expel; to be banished || J(טְרַד II): to guard, lock up, bolt; to be locked ;; טר	not available (no open digital HeArukh/Meturgeman text)			—	yes
332	top-500	טריד	2	Daniel.4.30 Daniel.5.21	Biblical Aramaic (Daniel, Ezra) (B)	טרד	MORPHOLOGY	a known lemma with a Hebrew sense is reachable, but a precision rule blocks the analysis — RARE_UNREVIEWED טרד// "גירש"	טרד: גירש [krupnik] | בלל, שכשך [krupnik] | בלבל [krupnik] | הוגלה [krupnik] | נתבלבל [krupnik] | סגר [krupnik] | הציק [krupnik] | גירש [krupnik] | גורש [krupnik] | התקוטט [krupnik] | נסגר [krupnik] | טרד [jastrow]	טרד: J(טָרַד bh): to move, shake; to be running, to drip; restless, constantly twinkling; || J(טְרַד I ch): to trouble, stir up, keep in commotion; to banish, expel; to be banished || J(טְרַד II): to guard, lock up, bolt; to be locked	not available (no open digital HeArukh/Meturgeman text)			—	yes
333	top-500	יאמר	2	Daniel.2.7 Daniel.3.29	Biblical Aramaic (Daniel, Ezra) (B)		TRUE_LEXICAL_GAP	no lexicon entry the form could belong to — NO_ANALYSIS	—	—	not available (no open digital HeArukh/Meturgeman text)			—	yes
334	top-500	יבעה	2	Daniel.6.8 Daniel.6.13	Biblical Aramaic (Daniel, Ezra) (B)	בעה בעי	MORPHOLOGY	a known lemma with a Hebrew sense is reachable, but a precision rule blocks the analysis — NO_ANALYSIS	בעה: שאל, ביקש [he] ;; בעי: שאל [krupnik] | התפלל, בקש רחמים [krupnik] | היה צריך [krupnik] | נתבקש [krupnik] | נבהל ללכת [krupnik] | נשאל [krupnik] | צריך להיות [krupnik] | פיהק [krupnik] | בעי [jastrow]	בעה: K: to destroy the crop | abweiden ;; בעי: K: not only … but | nicht nur … sondern auch || J(בעי bh): to enter into, split;; to be empty, bare; to lay bare, destroy the crop || J(בְּעֵי I ch): to search, inquire, ask, examine; uba hash-	not available (no open digital HeArukh/Meturgeman text)			—	yes
335	top-500	יד	2	Daniel.5.5 Daniel.6.28	Biblical Aramaic (Daniel, Ezra) (B)	יד	SENSE_CHOICE	several Hebrew senses (or two lemmas) — a reviewer must choose — AMBIGUOUS_SENSE יד: על ידי | ע"י ש	יד: יד [jastrow] | על ידי [jastrow] | ע"י ש [jastrow]	יד: J(יָד): hand; forefoot; handle; liberality	not available (no open digital HeArukh/Meturgeman text)			—	yes
336	top-500	ידעת	2	Daniel.4.6 Daniel.5.22	Biblical Aramaic (Daniel, Ezra) (B)	ידע	MORPHOLOGY	a known lemma with a Hebrew sense is reachable, but a precision rule blocks the analysis — NO_ANALYSIS	ידע: ידע [jastrow] | הודיע [reviewed]	ידע: J(יָדַע bh): to point out, select, love; to recognize, know; to find out; Part. pass || J(יְדַע ch): Hif.; Part. pass; friend	not available (no open digital HeArukh/Meturgeman text)			—	yes
337	top-500	יהודענני	2	Daniel.4.3 Daniel.7.16	Biblical Aramaic (Daniel, Ezra) (B)		TRUE_LEXICAL_GAP	no lexicon entry the form could belong to — NO_ANALYSIS	—	—	not available (no open digital HeArukh/Meturgeman text)			—	yes
338	top-500	יהיבת	2	Daniel.7.12 Daniel.7.27	Biblical Aramaic (Daniel, Ezra) (B)		TRUE_LEXICAL_GAP	no lexicon entry the form could belong to — NO_ANALYSIS	—	—	not available (no open digital HeArukh/Meturgeman text)			—	yes
339	top-500	יהכ	2	Ezra.5.5 Ezra.7.13	Biblical Aramaic (Daniel, Ezra) (B)	הכ יה	MORPHOLOGY	a known lemma with a Hebrew sense is reachable, but a precision rule blocks the analysis — NO_ANALYSIS	הכ: זה, זאת [krupnik]	הכ: J(הַךְ): to go.; Part. Af. || J(הָךְ): this, that ;; יה: J(יָהּ bh): Yah || J(יָהּ II): Oh!	not available (no open digital HeArukh/Meturgeman text)			—	yes
340	top-500	יהקימ	2	Daniel.5.21 Daniel.6.16	Biblical Aramaic (Daniel, Ezra) (B)		TRUE_LEXICAL_GAP	no lexicon entry the form could belong to — NO_ANALYSIS	—	—	not available (no open digital HeArukh/Meturgeman text)			—	yes
341	top-500	יומ	2	Ezra.6.9 Ezra.6.15	Biblical Aramaic (Daniel, Ezra) (B)	יומ יומא	MISSING_HEBREW_GLOSS	the dictionaries have the word, but no Hebrew sense (English only / Krupnik without Hebrew) — NO_HEBREW_SENSE יומ	יומ: יום [jastrow] ;; יומא: יום [krupnik] | שמש [krupnik]	יומ: J(יוֹם bh): light, day; astronomical; day; || J(יוֹם ² ch): at once; of the same day, one day old, used the same day; Yoma ;; יומא: K: name of a treatise of the Talmud on the order of exercises of the Day of Atonement | Name eines Talm	not available (no open digital HeArukh/Meturgeman text)			—	yes
342	top-500	יומת	2	Ezra.4.15 Ezra.4.19	Biblical Aramaic (Daniel, Ezra) (B)	מית	MORPHOLOGY	a known lemma with a Hebrew sense is reachable, but a precision rule blocks the analysis — NO_ANALYSIS	מית: מות [jastrow]	מית: J(מִית I ch): to die, be dead; Part.; to cause death, slay || J(מִית II): dead; corpse	not available (no open digital HeArukh/Meturgeman text)			—	yes
343	top-500	יטעמונ	2	Daniel.4.22 Daniel.4.29	Biblical Aramaic (Daniel, Ezra) (B)	טעמ	MORPHOLOGY	a known lemma with a Hebrew sense is reachable, but a precision rule blocks the analysis — NO_ANALYSIS	טעמ: סבה [krupnik] | סימן ההפסק במקרא, נגינה [krupnik] | טעם [jastrow] | צו, פקודה [he]	טעמ: J(טָעַם bh): to be bright, wise; to examine, to taste, test, try, experience; to give to taste || J(טְעַם): to give to taste; to taste; tasted, touched || J(טַעַם bh): pleasure, will; sense, wisdom, sound reasoning; reason, cause, grou	not available (no open digital HeArukh/Meturgeman text)			—	yes
344	top-500	ימטא	2	Daniel.4.8 Daniel.4.17	Biblical Aramaic (Daniel, Ezra) (B)	מטי	MORPHOLOGY	a known lemma with a Hebrew sense is reachable, but a precision rule blocks the analysis — RARE_UNREVIEWED מטי/pe.impf.3ms/ "הגיע ובא"	מטי: הגיע ובא [krupnik] | נתבכר [krupnik] | הביא [krupnik] | הלך [krupnik] | מצא [jastrow] | הוליך והביא [jastrow]	מטי: J(מְטֵי): to stretch, reach; to arrive at; to obtain; to happen to; to be ripe, ready	not available (no open digital HeArukh/Meturgeman text)			—	yes
345	top-500	יציבא	2	Daniel.3.24 Daniel.6.13	Biblical Aramaic (Daniel, Ezra) (B)	יציב יצב	MISSING_HEBREW_GLOSS	the dictionaries have the word, but no Hebrew sense (English only / Krupnik without Hebrew) — NO_HEBREW_SENSE יציב	יציב: יציב [jastrow] ;; יצב: פַּעל, ביסס [krupnik] | יצב [jastrow]	יציב: J(יַצִּיב): firm, irrefutable.; true and irrefutable; vayomer || J(יַצִּיב ² ch): firmly planted; native, citizen ;; יצב: J(יָצַב bh): to stand, be erect; to place one’s self; to be firm || J(יְצַב ch): to establish; to ascertain	not available (no open digital HeArukh/Meturgeman text)			—	yes
346	top-500	יקימ	2	Daniel.2.44 Daniel.4.14	Biblical Aramaic (Daniel, Ezra) (B)	קומ יקימ	SENSE_CHOICE	several Hebrew senses (or two lemmas) — a reviewer must choose — AMBIGUOUS_SENSE קומ: העמיד	קומ: עמד, היה קיים [krupnik] | מי חלב [krupnik] | קום [jastrow] | העמיד [reviewed]	קומ: J(קוּם bh): to stand up, rise; to stand, exist; a transgression of a prohibitive law which you must re || J(קוּם ² ch): ḥălitsah; to ascertain; to bargain for || J(קוֹם): curdled milk, curd; whey; ḳom? ;; יקימ: J(יָקִים): Jakim	not available (no open digital HeArukh/Meturgeman text)			—	yes
347	top-500	ישלח	2	Ezra.5.17 Ezra.6.12	Biblical Aramaic (Daniel, Ezra) (B)	שלח	MORPHOLOGY	a known lemma with a Hebrew sense is reachable, but a precision rule blocks the analysis — NO_ANALYSIS	שלח: שלח [krupnik] | הפשיט, פשט [krupnik] | הוסר מעל־ [krupnik] | נפשט עורו [krupnik] | שלח [jastrow]	שלח: J(שָׁלַח bh): to draw out; to stretch forth; to send; to stretch out a hand against,; to make illegitima || J(שְׁלַח ch): to send, send off; to throw off, undress, flay; to send; to send off, dismiss || J(שֶׁלַח I): hide, fresh skin ||	not available (no open digital HeArukh/Meturgeman text)			—	yes
348	top-500	ישתכללונ	2	Ezra.4.13 Ezra.4.16	Biblical Aramaic (Daniel, Ezra) (B)		TRUE_LEXICAL_GAP	no lexicon entry the form could belong to — NO_ANALYSIS	—	—	not available (no open digital HeArukh/Meturgeman text)			—	yes
349	top-500	יתבנא	2	Ezra.5.15 Ezra.6.3	Biblical Aramaic (Daniel, Ezra) (B)	יתב יתבא	MORPHOLOGY	a known lemma with a Hebrew sense is reachable, but a precision rule blocks the analysis — RARE_UNREVIEWED יתב/pe.ptcp.1s/ "אני יושב"	יתב: ישב [krupnik] | נתן [krupnik] | הושיב [krupnik] | הרגיע [krupnik] | הושיב [krupnik] | הקשה, שאל [krupnik] | נח [krupnik] | ישב [jastrow] | הושיב [reviewed] ;; יתבא: ישוב, מקום מושב [krupnik]	יתב: K: i>to dwell | sich aufhalten || J(יתֵב ch): to sit, dwell; to be inhabited, settled; inhabited || J(יְתֵב II): to give; to place; to give || J(יָתֵב): inhabitant ;; יתבא: J(יָתְבָא): dwelling places	not available (no open digital HeArukh/Meturgeman text)			—	yes
350	top-500	כבר	2	Daniel.6.1 Daniel.7.13	Biblical Aramaic (Daniel, Ezra) (B)	כבר ברי כברה בר סמכא בור	SENSE_CHOICE	several Hebrew senses (or two lemmas) — a reviewer must choose — AMBIGUOUS_SENSE כבר: ניפה בכברה	כבר: ניפה בכברה [krupnik] | היה מנופה [krupnik] | עישן בגפרות [krupnik] | כבר [jastrow] ;; ברי: ברא [krupnik] | היה בריא וחזק [krupnik] | נברא [krupnik] | חיזק [krupnik] | נקב [krupnik] | נקב, חדר [krupnik] | חזר לאיתנו [krupnik] | חזק [krupnik] | ודאי, ברור [krupnik] | ברי [jastrow] | ברי [jastrow]	כבר: J(כְּבָר II bh): to be thick, strong, round; a long time since; long ago, already; once; retroactively || J(כָּבַר): to sift; to be sifted || J(כְּבַר II): to fumigate with sulphur, to bleach || J(*כְּבַר III): to be heavy, to grieve; 	not available (no open digital HeArukh/Meturgeman text)			—	yes
351	top-500	כדת	2	Daniel.6.9 Daniel.6.13	Biblical Aramaic (Daniel, Ezra) (B)	דת כדי את	MORPHOLOGY	a known lemma with a Hebrew sense is reachable, but a precision rule blocks the analysis — NO_ANALYSIS	דת: דת [jastrow] ;; כדי: סתם [krupnik] | בלבד [krupnik] | בחנם, לחנם [krupnik] | אלא מעתה [krupnik] ;; את: סימן [krupnik] | אות [jastrow]	דת: J(דָּת bh): dîn; custom, law; judgment, punishment; religion ;; כדי: K: when | als || K: name of an Amora | Name eines Amoräers || J(כְּדִי I): when; now; that; as it is || J(*כְּדִי II): K’di; as the case may be ;; את: K: letter | Buch	not available (no open digital HeArukh/Meturgeman text)			—	yes
352	top-500	כהל	2	Daniel.2.26 Daniel.4.15	Biblical Aramaic (Daniel, Ezra) (B)	כהיל הל	MISSING_HEBREW_GLOSS	the dictionaries have the word, but no Hebrew sense (English only / Krupnik without Hebrew) — NO_ANALYSIS	—	—	not available (no open digital HeArukh/Meturgeman text)			—	yes
353	top-500	כהלינ	2	Daniel.5.8 Daniel.5.15	Biblical Aramaic (Daniel, Ezra) (B)	הלינ הלא הלי	MORPHOLOGY	a known lemma with a Hebrew sense is reachable, but a precision rule blocks the analysis — NO_ANALYSIS	הלינ: הללו [krupnik]	הלינ: J(הָלֵין): these, those, these things || J(הִלֵּין): which? what? ;; הלא: J(הָלָא bh): further on ;; הלי: J(הֲלִי): to be faint, to labor; to fatigue	not available (no open digital HeArukh/Meturgeman text)			—	yes
354	top-500	כחכמת	2	Daniel.5.11 Ezra.7.25	Biblical Aramaic (Daniel, Ezra) (B)	חכמה חכמתא חכמ	MORPHOLOGY	a known lemma with a Hebrew sense is reachable, but a precision rule blocks the analysis — NO_ANALYSIS	חכמתא: חכמה [krupnik] ;; חכמ: ידע [jastrow]	חכמה: J(חֲכָמָה): female physician, midwife || J(חָכְמָה bh): wisdom, learning, art; enigmatical speech ;; חכמ: J(חָכַם bh): to be wise, to know; to meet for deliberation; to grow wise, to become a scholar || J(חֲכַם): to be wise, shrewd; t	not available (no open digital HeArukh/Meturgeman text)			—	yes
355	top-500	כמה	2	Daniel.3.33	Biblical Aramaic (Daniel, Ezra) (B)	מה כמה כמא אגטרגטא	MORPHOLOGY	a known lemma with a Hebrew sense is reachable, but a precision rule blocks the analysis — RARE_UNREVIEWED מה//k "כמה"	מה: כמו [krupnik] | אִם [krupnik] | מה [jastrow] ;; כמא: כמו [krupnik] ;; אגטרגטא: מפל מים [krupnik]	מה: J(מָה bh): something; anything; what? which?; as … so ;; כמה: J(כַּמֶּה): how much?, how many?; how!, how many!, how much!; how many, many ;; כמא: K: how! | o, wie || J(כְּמָא): like that which; how! how many!, how much!, how long!; how	not available (no open digital HeArukh/Meturgeman text)			—	yes
356	top-500	כנותהונ	2	Ezra.4.9 Ezra.4.17	Biblical Aramaic (Daniel, Ezra) (B)		TRUE_LEXICAL_GAP	no lexicon entry the form could belong to — NO_ANALYSIS	—	—	not available (no open digital HeArukh/Meturgeman text)			—	yes
357	top-500	כשדאינ	2	Daniel.3.8 Daniel.5.11	Biblical Aramaic (Daniel, Ezra) (B)		TRUE_LEXICAL_GAP	no lexicon entry the form could belong to — NO_ANALYSIS	—	—	not available (no open digital HeArukh/Meturgeman text)			—	yes
358	top-500	לאחשדרפניא	2	Daniel.3.2 Daniel.6.2	Biblical Aramaic (Daniel, Ezra) (B)	אחשדרפניא	MISSING_HEBREW_GLOSS	the dictionaries have the word, but no Hebrew sense (English only / Krupnik without Hebrew) — NO_ANALYSIS	—	אחשדרפניא: J(אֲחַשְׁדַּרְפְּנַיָּא): satraps, Persian governors.	not available (no open digital HeArukh/Meturgeman text)			—	yes
359	top-500	לאלהי	2	Daniel.3.14 Daniel.5.4	Biblical Aramaic (Daniel, Ezra) (B)	אלה להי	MORPHOLOGY	a known lemma with a Hebrew sense is reachable, but a precision rule blocks the analysis — NO_ANALYSIS	אלה: מקל שראשו מעובה [krupnik] | קלשון [krupnik] | אלוה [jastrow]	אלה: J(אָלָה): to curse || J(אָלָה ² bh): to point; imprecation, curse || J(אֵלֶּה): these, those; v’elleh; elleh || J(אֵלָה bh): terebinth. || J(אַלָּה bh): lance, fork.; sign-pole || J(אֱלָהּ ch): God.; Pl.; gods. ;; להי: J(לְהִי): to be 	not available (no open digital HeArukh/Meturgeman text)			—	yes
360	top-500	לאלהיכ	2	Daniel.3.12 Daniel.3.18	Biblical Aramaic (Daniel, Ezra) (B)		TRUE_LEXICAL_GAP	no lexicon entry the form could belong to — NO_ANALYSIS	—	—	not available (no open digital HeArukh/Meturgeman text)			—	yes
361	top-500	לאלהכ	2	Daniel.3.12 Daniel.3.18	Biblical Aramaic (Daniel, Ezra) (B)		TRUE_LEXICAL_GAP	no lexicon entry the form could belong to — NO_ANALYSIS	—	—	not available (no open digital HeArukh/Meturgeman text)			—	yes
362	top-500	לבבה	2	Daniel.4.13 Daniel.5.20	Biblical Aramaic (Daniel, Ezra) (B)	לבב בבה בב בבא	MORPHOLOGY	a known lemma with a Hebrew sense is reachable, but a precision rule blocks the analysis — NO_ANALYSIS	בב: פתח [krupnik] ;; בבא: חלק [krupnik]	לבב: K: to encourage | ermutigen || J(לֵבָב bh): heart; double heart, seat of two opposite inclinations; l’bab || J(לָבַב bh): join closely; to tie; l’bubin; a hide showing a hole in the place corresponding to the hea ;; בב: K: a river in B	not available (no open digital HeArukh/Meturgeman text)			—	yes
363	top-500	לבבכ	2	Daniel.2.30 Daniel.5.22	Biblical Aramaic (Daniel, Ezra) (B)	בב בבא	MORPHOLOGY	a known lemma with a Hebrew sense is reachable, but a precision rule blocks the analysis — NO_ANALYSIS	בב: פתח [krupnik] ;; בבא: חלק [krupnik]	בב: K: a river in Babylonia | Fluss in Babylonien || J(בָּב): entrance, door, gate; section, clause; Baba Kamma, Baba Metsia, Baba Bathra ;; בבא: K: name of an Amora | Name eines Amoräers	not available (no open digital HeArukh/Meturgeman text)			—	yes
364	top-500	לבבל	2	Ezra.5.12 Ezra.6.5	Biblical Aramaic (Daniel, Ezra) (B)	בל	MORPHOLOGY	a known lemma with a Hebrew sense is reachable, but a precision rule blocks the analysis — NO_ANALYSIS	בל: אליל הבבלים [krupnik]	בל: J(בַּל bh): not; a prohibitive law || J(*בָּל): care, anxiety.	not available (no open digital HeArukh/Meturgeman text)			—	yes
365	top-500	לבטלא	2	Ezra.4.21 Ezra.6.8	Biblical Aramaic (Daniel, Ezra) (B)	בטל	MORPHOLOGY	a known lemma with a Hebrew sense is reachable, but a precision rule blocks the analysis — NO_ANALYSIS	בטל: העביר, השבית [krupnik] | גרם בטלה [krupnik] | אינו קיים [krupnik] | מחוסר עבודה [krupnik] | בטל [jastrow]	בטל: J(בָּטֵל I bh): to be hollow; to be void, abolished, suspended; to cease to exist; Scroll of Fasts || J(בְּטֵל ch): annulled; neutralized; to be abolished, removed, undone; to be disturbed, to be forced to  || J(בָּטֵל II): null, void;	not available (no open digital HeArukh/Meturgeman text)			—	yes
366	top-500	לביתה	2	Daniel.2.17 Daniel.6.11	Biblical Aramaic (Daniel, Ezra) (B)	בית	MORPHOLOGY	a known lemma with a Hebrew sense is reachable, but a precision rule blocks the analysis — NO_ANALYSIS	בית: לן לינת לילה [krupnik]	בית: K: second letter of the alphabet | zweiter Buchstabe des Alphabets || J(בִּית): to go in, lodge, pass the night.; to keep over night, postpone burial || J(בַּיִת bh): house, household, home; bayith; owner, landlord; host; private man	not available (no open digital HeArukh/Meturgeman text)			—	yes
367	top-500	לבנא	2	Ezra.5.3 Ezra.5.13	Biblical Aramaic (Daniel, Ezra) (B)	לבנ לבנא בנא בני לב	MORPHOLOGY	a known lemma with a Hebrew sense is reachable, but a precision rule blocks the analysis — RARE_UNREVIEWED לבנ/pe.ptcp.fs/ "לבנה"	לבנ: עשה לבן [krupnik] | קלה באש [krupnik] | בייש והלעיב [krupnik] | היה קלוי ומלובן באש [krupnik] | לבן [jastrow] | לבנה [jastrow] ;; בנא: עשה בנין [krupnik] | נבנה כמקדם [krupnik] ;; בני: עשה בנין [krupnik] | בנה [jastrow] ;; לב: לב [jastrow]	לבנ: J(לָבַן I bh): to make; pile bricks || J(לָבַן II): to glisten; to polish, brighten; to finish. || J(לְבַן ch): to have a strong rest; to be well balanced; falsehood; truth || J(לָבָן II bh): white; white color, white substance; Fem ||	not available (no open digital HeArukh/Meturgeman text)			—	yes
368	top-500	לגבריא	2	Daniel.3.27 Ezra.6.8	Biblical Aramaic (Daniel, Ezra) (B)	גברא	MORPHOLOGY	a known lemma with a Hebrew sense is reachable, but a precision rule blocks the analysis — RARE_UNREVIEWED rev:גבריא/n.pl/l "לאנשים"	גברא: איש [krupnik] | גבור [krupnik]	—	not available (no open digital HeArukh/Meturgeman text)			—	yes
369	top-500	להובדה	2	Daniel.2.12 Daniel.2.24	Biblical Aramaic (Daniel, Ezra) (B)	הובדא יבד אבד	MORPHOLOGY	a known lemma with a Hebrew sense is reachable, but a precision rule blocks the analysis — NO_ANALYSIS	הובדא: איבוד [krupnik] ;; יבד: הלך לאיבוד [krupnik]	יבד: J(יְבַד): to ruin ;; אבד: J(אָבַד bh): to be pressed, go around in despair; to be given up; to be lost, perish; to be beyond reco || J(אֲבַּד ch): to be lost; to destroy; Pa. || J(אָבֵד): perishable, irretrievable	not available (no open digital HeArukh/Meturgeman text)			—	yes
370	top-500	להיכלא	2	Ezra.5.14 Ezra.6.5	Biblical Aramaic (Daniel, Ezra) (B)	היכלא היכל	MORPHOLOGY	a known lemma with a Hebrew sense is reachable, but a precision rule blocks the analysis — RARE_UNREVIEWED היכלא//l "להיכל"	היכלא: היכל [jastrow]	היכל: J(הֵיכָל bh): palace, the Temple;; the Holy	not available (no open digital HeArukh/Meturgeman text)			—	yes
371	top-500	להיתיה	2	Daniel.3.13 Daniel.5.2	Biblical Aramaic (Daniel, Ezra) (B)		TRUE_LEXICAL_GAP	no lexicon entry the form could belong to — NO_ANALYSIS	—	—	not available (no open digital HeArukh/Meturgeman text)			—	yes
372	top-500	להשכחה	2	Daniel.6.5	Biblical Aramaic (Daniel, Ezra) (B)	שכח	MORPHOLOGY	a known lemma with a Hebrew sense is reachable, but a precision rule blocks the analysis — NO_ANALYSIS	שכח: שכח, נשמט מזכרונו [krupnik] | מצא [krupnik] | נמצא [krupnik] | נשכח [krupnik] | שכח [jastrow] | נמצא [jastrow] | נמצא [jastrow] | מצא [reviewed]	שכח: J(שָׁכַח bh): to sink,; to forget, discard; forgetting || J(שְׁכַח ch): to be forgotten || J(שְׁכַח II): Af.; to uncover,; to find	not available (no open digital HeArukh/Meturgeman text)			—	yes
373	top-500	לו	2	Genesis.31.47	Biblical Aramaic (Daniel, Ezra) (B)	לו	MISSING_HEBREW_GLOSS	the dictionaries have the word, but no Hebrew sense (English only / Krupnik without Hebrew) — NO_ANALYSIS	—	לו: J(לוֹ): unto him || J(לוּ): hen, lu	not available (no open digital HeArukh/Meturgeman text)			—	yes
374	top-500	לכורש	2	Ezra.5.13 Ezra.6.3	Biblical Aramaic (Daniel, Ezra) (B)		TRUE_LEXICAL_GAP	no lexicon entry the form could belong to — NO_ANALYSIS	—	—	not available (no open digital HeArukh/Meturgeman text)			—	yes
375	top-500	לכלא	2	Daniel.4.9 Daniel.4.18	Biblical Aramaic (Daniel, Ezra) (B)		EXCLUDED_REVIEW	excluded by review: the source gloss is wrong here — excluded	—	—	not available (no open digital HeArukh/Meturgeman text)			—	yes
376	top-500	לכמ	2	Ezra.5.3 Ezra.5.9	Biblical Aramaic (Daniel, Ezra) (B)		TRUE_LEXICAL_GAP	no lexicon entry the form could belong to — NO_ANALYSIS	—	—	not available (no open digital HeArukh/Meturgeman text)			—	yes
377	top-500	למדי	2	Daniel.5.28 Daniel.6.16	Biblical Aramaic (Daniel, Ezra) (B)	למד אדי אמד מוד מדא מדיא	MORPHOLOGY	a known lemma with a Hebrew sense is reachable, but a precision rule blocks the analysis — NO_ANALYSIS	אדי: זרק [krupnik] ;; אמד: הֶאֱמִיד העריך [krupnik] | אמד [jastrow] ;; מוד: שחה במים [krupnik] ;; מדיא: מדי [jastrow]	למד: J(לָמֵד I bh): to be joined, affixed to; Pi.; to accustom, train || J(לָמֵד II): accustomed; learning, arguing; having light thrown upon, defined ;; אדי: J(אֲדִי): to swing, throw, pitch ;; אמד: J(אָמַד): to form an approximate estimat	not available (no open digital HeArukh/Meturgeman text)			—	yes
378	top-500	למלכ	2	Daniel.2.4 Daniel.4.34	Biblical Aramaic (Daniel, Ezra) (B)	מלכ כיפה מל	MORPHOLOGY	a known lemma with a Hebrew sense is reachable, but a precision rule blocks the analysis — NO_ANALYSIS	מלכ: יעץ [krupnik] | מלך, משל [krupnik] | המשיל [krupnik] | נתיעץ [krupnik] | מלך [jastrow] | מלך [jastrow] ;; כיפה: השתחויה [krupnik] | בנין בצורת קשת, קמרון [krupnik] | בית האסורים [krupnik] | גל [krupnik] | משל בכל העולם כולו [krupnik] ;; מל: נוח לימלל [krupnik]	מלכ: K: to take counsel | sich beraten || J(*מַלָּךְ): what is it to thee?; of no practical value || J(מָלַךְ bh): to lead in council; to preside; to officiate; to be ruler || J(מְלַךְ ch): to rule; to decide; to advise || J(מֶלֶךְ bh): lea	not available (no open digital HeArukh/Meturgeman text)			—	yes
379	top-500	למלכות	2	Ezra.4.24 Ezra.6.15	Biblical Aramaic (Daniel, Ezra) (B)	מלכות מלכותא	MORPHOLOGY	a known lemma with a Hebrew sense is reachable, but a precision rule blocks the analysis — NO_ANALYSIS	מלכותא: ממשלה [krupnik]	מלכות: J(מַלְכוּת bh): kingdom, government; office.; a benediction invoking God as king; the references to the di ;; מלכותא: J(מַלְכוּתָא): kingdom, rulership; Pl.	not available (no open digital HeArukh/Meturgeman text)			—	yes
380	top-500	למקרא	2	Daniel.5.8 Daniel.5.16	Biblical Aramaic (Daniel, Ezra) (B)	קרי יקר מקר מקרתא נקר קרא	MORPHOLOGY	a known lemma with a Hebrew sense is reachable, but a precision rule blocks the analysis — NO_ANALYSIS	קרי: עיר, קריה [krupnik] | קרי [jastrow] | קרי [jastrow] ;; יקר: כיבד [krupnik] | התגאה [krupnik] | נעשה יקר [krupnik] | היה כבד [krupnik] | היה יקר [krupnik] | הכביד [krupnik] | כיבד [krupnik] | נתן במתנה [krupnik] | נעשה כבד [krupnik] | היה נכבד [krupnik] | נתיקר במחירו [krupnik] | יקר [jastrow] |	קרי: J(קרי ² bh): to call, name; to invite; yeraëh; those called up to read from the Torah || J(קְרֵי I ch): to call, name, invite; to read; evil || J(קרי ³): to join; to meet; to meet, join || J(קְרֵי II ch): to join; to do something by ac	not available (no open digital HeArukh/Meturgeman text)			—	yes
381	top-500	למרמא	2	Daniel.3.20 Ezra.7.24	Biblical Aramaic (Daniel, Ezra) (B)	רמי	MORPHOLOGY	a known lemma with a Hebrew sense is reachable, but a precision rule blocks the analysis — NO_ANALYSIS	רמי: זרק, השליך [krupnik] | שם, הוסיף [krupnik] | היה מוטל בתורת חובה [krupnik] | שאל, הראה סתירה [krupnik] | הרים [krupnik] | הטף [krupnik] | הושלך, נזרק [krupnik] | הזדמן [krupnik] | רמי [jastrow]	רמי: J(רַמִּי): Rammi; Rami || J(רמי bh): to move; to throw, swing; ramah || J(רְמֵי ch): to throw, swing; to put on; to impose; Part. pass; thrown down, lying	not available (no open digital HeArukh/Meturgeman text)			—	yes
382	top-500	לסופ	2	Daniel.4.8 Daniel.4.19	Biblical Aramaic (Daniel, Ezra) (B)	סופ יספ אספ	MORPHOLOGY	a known lemma with a Hebrew sense is reachable, but a precision rule blocks the analysis — NO_ANALYSIS	סופ: סוף [jastrow] | סוף [jastrow] | סוף [jastrow] ;; יספ: נוסף, נתחבר ונצטרף [krupnik] | הרבה והוסיף [krupnik] ;; אספ: אסף [jastrow]	סופ: J(סוּף I bh): reed, bulrush.; the sea of Suf; ăgam || J(סוּף II bh): to cut; to be cut off; to end; to cut, diminish; to exterminate; Part. pass || J(סוּף ² ch): to finish; to destroy; to cease; to finish; to consume, ruin || J(סוֹף bh	not available (no open digital HeArukh/Meturgeman text)			—	yes
383	top-500	לעבדוהי	2	Daniel.2.7 Daniel.3.28	Biblical Aramaic (Daniel, Ezra) (B)		TRUE_LEXICAL_GAP	no lexicon entry the form could belong to — NO_ANALYSIS	—	—	not available (no open digital HeArukh/Meturgeman text)			—	yes
384	top-500	לעמ	2	Daniel.2.44 Daniel.7.27	Biblical Aramaic (Daniel, Ezra) (B)	עמ	MORPHOLOGY	a known lemma with a Hebrew sense is reachable, but a precision rule blocks the analysis — RARE_UNREVIEWED עמ//l "לעם"	עמ: עם [jastrow] | עם [jastrow]	עמ: J(עִם bh): junction; with, near || J(עַם bh): to press, crowd, join; gathering, crowd, people; gentiles	not available (no open digital HeArukh/Meturgeman text)			—	yes
385	top-500	לשכללה	2	Ezra.5.3 Ezra.5.9	Biblical Aramaic (Daniel, Ezra) (B)	שכלל	MORPHOLOGY	a known lemma with a Hebrew sense is reachable, but a precision rule blocks the analysis — NO_ANALYSIS	שכלל: שכלל [jastrow]	שכלל: J(שִׁכְלֵל): to finish, decorate; to be finished, decorated; to be founded || J(שַׁכְלֵל ch): to finish, decorate; Part. pass; perfect	not available (no open digital HeArukh/Meturgeman text)			—	yes
386	top-500	מאני	2	Daniel.5.3 Ezra.6.5	Biblical Aramaic (Daniel, Ezra) (B)	מאנ מאנא אני כפרה איני אינ	MORPHOLOGY	a known lemma with a Hebrew sense is reachable, but a precision rule blocks the analysis — RARE_UNREVIEWED מאנ/n.pl/ "מי"	מאנ: מי [krupnik] | קנקן [jastrow] ;; מאנא: כלי [krupnik] | בגד [krupnik] ;; אני: ינה [jastrow] ;; כפרה: כסוי חטא וביטולו [krupnik] | קרבן של כפרה [krupnik] | דיבור של חבה וכבוד [krupnik] ;; איני: וכי כן הוא [krupnik] ;; אינ: אם [krupnik]	מאנ: J(מָאַן): Pi.; to deny, refuse; to protest against, to annul one’s marriage || J(מַאן): who?, what?, which?;; who, which || J(מָאן): thing; vessel, utensil; garment, dress ;; אני: J(אני): Pi.; to press, wrong, oppress; to impose, overr	not available (no open digital HeArukh/Meturgeman text)			—	yes
387	top-500	מאניא	2	Ezra.5.14 Ezra.5.15	Biblical Aramaic (Daniel, Ezra) (B)	מאנ מאנא אוניא אנא אנה ניה	MORPHOLOGY	a known lemma with a Hebrew sense is reachable, but a precision rule blocks the analysis — RARE_UNREVIEWED מאנ/n.pl/ "מי"	מאנ: מי [krupnik] | קנקן [jastrow] ;; מאנא: כלי [krupnik] | בגד [krupnik] ;; אוניא: מעיר אוני [krupnik] ;; אנא: אנכי [krupnik] | אני [jastrow] ;; אנה: ציער והקניט [krupnik] ;; ניה: קישט ופאר [krupnik]	מאנ: J(מָאַן): Pi.; to deny, refuse; to protest against, to annul one’s marriage || J(מַאן): who?, what?, which?;; who, which || J(מָאן): thing; vessel, utensil; garment, dress ;; אוניא: J(אוֹנְיָא): of Oni; Onya ;; אנא: J(אָנָּא bh): oh! I	not available (no open digital HeArukh/Meturgeman text)			—	yes
388	top-500	מדי	2	Daniel.6.9 Daniel.6.13	Biblical Aramaic (Daniel, Ezra) (B)	די אדי אמד מוד מדא מדיא	SENSE_CHOICE	several Hebrew senses (or two lemmas) — a reviewer must choose — AMBIGUOUS_SENSE די: אשר, ש־ | כי | שאם	די: אשר, ש־ [krupnik] | כי [krupnik] | שאם [krupnik] | של [he] | אשר, ש־ [he] ;; אדי: זרק [krupnik] ;; אמד: הֶאֱמִיד העריך [krupnik] | אמד [jastrow] ;; מוד: שחה במים [krupnik] ;; מדיא: מדי [jastrow]	די: J(דִּי): who, which, where, whom; mine, thine; ḥazith || J(דִּי II): for if; for if not; for if not so || J(דַּי bh): sufficiency, plenty; enough for; enough for me || J(דִּי־): two, twice ;; אדי: J(אֲדִי): to swing, throw, pitch ;; אמד	not available (no open digital HeArukh/Meturgeman text)			—	yes
389	top-500	מדרכ	2	Daniel.4.22 Daniel.4.29	Biblical Aramaic (Daniel, Ezra) (B)	דרכ מדר מדרא דורכא דריכה	MORPHOLOGY	a known lemma with a Hebrew sense is reachable, but a precision rule blocks the analysis — NO_ANALYSIS	דרכ: דרך ופסע [krupnik] | התהלך [krupnik] | דש [krupnik] | הדריך [krupnik] | השיג [krupnik] | דרך [jastrow] ;; מדר: רפש [krupnik] ;; מדרא: שוט להלקות בו [krupnik] ;; דורכא: דישה [krupnik]	דרכ: J(דָּרַךְ bh): to tread, stamp, walk.; to be trodden, pressed.; to lead, rear, train || J(דְּרַךְ ch): to overtake; to thresh; to lead || J(דֶּרֶךְ): way, road; method, manner; derekh; good manners; ;; מדר: J(מֶדֶר): fallings; ordure |	not available (no open digital HeArukh/Meturgeman text)			—	yes
390	top-500	מהלכינ	2	Daniel.3.25 Daniel.4.34	Biblical Aramaic (Daniel, Ezra) (B)	הכ הלכ מהלכ הלכא	MORPHOLOGY	a known lemma with a Hebrew sense is reachable, but a precision rule blocks the analysis — NO_ANALYSIS	הכ: זה, זאת [krupnik] ;; הלכ: הלך [jastrow] ;; הלכא: לכאן [krupnik] | הילך [jastrow]	הכ: J(הַךְ): to go.; Part. Af. || J(הָךְ): this, that ;; הלכ: K: to cause opening of the bowels | Durchfall verursachen || J(הָלַךְ bh): to go, go away; to walk; Pi.; to walk, tread upon || J(הֲלַךְ ch): to walk || J(הֲלָךְ): atax; sustenan	not available (no open digital HeArukh/Meturgeman text)			—	yes
391	top-500	מטה	2	Daniel.7.13 Daniel.7.22	Biblical Aramaic (Daniel, Ezra) (B)	מטה מוטה מטי מוט מט סופיסטא	MORPHOLOGY	a known lemma with a Hebrew sense is reachable, but a precision rule blocks the analysis — RARE_UNREVIEWED מטה// "משכב המת · צאצאים"	מטה: משכב המת [krupnik] | צאצאים [krupnik] ;; מוטה: כפוף [krupnik] ;; מטי: הגיע ובא [krupnik] | נתבכר [krupnik] | הביא [krupnik] | הלך [krupnik] | מצא [jastrow] | הוליך והביא [jastrow] ;; מוט: נטה ומעד [krupnik] | שקל [krupnik] | נשקל [krupnik] | מוט [jastrow] ;; סופיסטא: מלומד, בעל חשבון [krupnik]	מטה: J(מִטָּה bh): couch, bed, frame, bier; family, offspring || J(מַטֶּה bh): staff.; tribe || J(מַטָּה bh): downward; below ;; מוטה: J(מוֹטָה bh): a small barrow; bands of a yoke; yoke; balances || J(מוּטָּה bh): bend; the radial bone; pl	not available (no open digital HeArukh/Meturgeman text)			—	yes
392	top-500	מכפתינ	2	Daniel.3.23 Daniel.3.24	Biblical Aramaic (Daniel, Ezra) (B)	כפת כפתא	MORPHOLOGY	a known lemma with a Hebrew sense is reachable, but a precision rule blocks the analysis — NO_ANALYSIS	כפת: קשר ואסר [krupnik] | נקשר ונאסר [krupnik] | כפת [jastrow] ;; כפתא: קשור [krupnik]	כפת: J(כָּפַת): to twist, tie; to be tied || J(כְּפַת ch): put in stocks; knotting; to produce knots, to mature fruits ;; כפתא: J(כְּפָתָא): tie, knot	not available (no open digital HeArukh/Meturgeman text)			—	yes
393	top-500	מלאכה	2	Daniel.3.28 Daniel.6.23	Biblical Aramaic (Daniel, Ezra) (B)	מלאכה מלאכ	MORPHOLOGY	a known lemma with a Hebrew sense is reachable, but a precision rule blocks the analysis — NO_ANALYSIS	מלאכ: מלאך [jastrow]	מלאכה: J(מְלָאכָה bh): work, trade, vocation; task.; employer ;; מלאכ: J(מַלְאָךְ bh): to work; messenger; angel	not available (no open digital HeArukh/Meturgeman text)			—	yes
394	top-500	מלח	2	Ezra.4.14 Ezra.6.9	Biblical Aramaic (Daniel, Ezra) (B)	מלח מליחא מלחא לח	SENSE_CHOICE	several Hebrew senses (or two lemmas) — a reviewer must choose — AMBIGUOUS_SENSE מלח: מלח	מלח: מלח [krupnik] | מלח [jastrow] | מלח [jastrow] ;; מליחא: מליח [jastrow] ;; מלחא: מַלח [krupnik] | סוחר מלח [krupnik] | מלח [jastrow] ;; לח: נוזלים [krupnik]	מלח: K: to be salted | (ein-)gesalzen werden || J(מָלַח bh): to salt, brine; to strew salt on raw meat; to be strewn with salt || J(מְלַח I ch): to be strewn with salt, be salted || J(מְלַח II): to row; to balance || J(מֶלַח): brittle; salt	not available (no open digital HeArukh/Meturgeman text)			—	yes
395	top-500	מלכתא	2	Daniel.5.10	Biblical Aramaic (Daniel, Ezra) (B)	מלכתא מלכ לכתא	REVIEW_CANDIDATE	complete analysis below the review gate (fewer than 200 uses here) — REVIEW_GATE מלכתא/-/- "עצה" n=2	מלכתא: מלכה [krupnik] | עצה [krupnik] | מלכה [jastrow] ;; מלכ: יעץ [krupnik] | מלך, משל [krupnik] | המשיל [krupnik] | נתיעץ [krupnik] | מלך [jastrow] | מלך [jastrow]	מלכתא: J(מִלְכְּתָא): counsel ;; מלכ: K: to take counsel | sich beraten || J(*מַלָּךְ): what is it to thee?; of no practical value || J(מָלַךְ bh): to lead in council; to preside; to officiate; to be ruler || J(מְלַךְ ch): to rule; to decid	not available (no open digital HeArukh/Meturgeman text)	עצה	REVIEW	medium (~80% right in the sample)	yes
396	top-500	ממלל	2	Daniel.7.8 Daniel.7.20	Biblical Aramaic (Daniel, Ezra) (B)	ממלל מלל מול מילא מילול	MORPHOLOGY	a known lemma with a Hebrew sense is reachable, but a precision rule blocks the analysis — RARE_UNREVIEWED ממלל// "דיבור"	ממלל: דיבור [krupnik] ;; מלל: פירר וריסק [krupnik] | עשה שולים [krupnik] | דיבר [krupnik] | היה מדובר [krupnik] | שפה, שולים [krupnik] | מלל [jastrow] ;; מילא: מלה, דבר [krupnik] | דבר, ענין [krupnik] | מיל [jastrow] | מלה [jastrow]	ממלל: J(מַמְלָל): speech ;; מלל: J(מָלָל): border, hem. || J(מָלַל I): to hem, edge || J(מָלַל II bh): to crush, squeeze; to rub ears; to stir a mush, make a pulp || J(מָלַל III): Pi.; to present, show; to proclaim, utter, speak || J(מְלַל 	not available (no open digital HeArukh/Meturgeman text)			—	yes
397	top-500	מנדה	2	Ezra.4.13 Ezra.7.24	Biblical Aramaic (Daniel, Ezra) (B)	מנדה נדה נדי אדי נוד נדא	MORPHOLOGY	a known lemma with a Hebrew sense is reachable, but a precision rule blocks the analysis — NO_ANALYSIS	נדי: היה משומת ומנודה [krupnik] | הזה, זרק [krupnik] | זרק והשליך [krupnik] | נדי [jastrow] | נזה [jastrow] ;; אדי: זרק [krupnik] ;; נוד: היה נע ונד [krupnik] | הניע [krupnik] | נוד [jastrow]	מנדה: J(מִנְדָּה): land-tax; mindah ;; נדה: K: to excommunicate | in den Bann tun || J(נִדָּה bh): isolation, condition of uncleanness; period of menstruation; a woman during menstruation,  ;; נדי: J(נדי bh): to be restless, flee; to banish	not available (no open digital HeArukh/Meturgeman text)			—	yes
398	top-500	מנהינ	2	Daniel.2.33 Daniel.2.42	Biblical Aramaic (Daniel, Ezra) (B)	נהי מנ	MORPHOLOGY	a known lemma with a Hebrew sense is reachable, but a precision rule blocks the analysis — NO_ANALYSIS	נהי: התאסף [krupnik] | נניח [krupnik] ;; מנ: מאין [jastrow] | מן [jastrow] | מן [jastrow] | מי [he]	נהי: J(נְהֵי I bh): to move; to be in commotion; to follow eagerly || J(נְהִי II bh): commotion; lamentation, elegy || J(נְהֵי): let it be, granted, admitted ;; מנ: J(מִן bh): from, of; more; less; than || J(מִן ² ch): from me; from thee;; 	not available (no open digital HeArukh/Meturgeman text)			—	yes
399	top-500	מערב	2	Daniel.2.41 Daniel.2.43	Biblical Aramaic (Daniel, Ezra) (B)	ערב מערב מערבא עורב ערבא	SENSE_CHOICE	several Hebrew senses (or two lemmas) — a reviewer must choose — AMBIGUOUS_SENSE ערב: תיקן עירוב	ערב: תיקן עירוב [krupnik] | המתיק [krupnik] | ערב [jastrow] ;; מערבא: מערב [krupnik] | ארץ ישראל [krupnik] | מערב [jastrow] ;; ערבא: החוט של רוחב הארג [krupnik] | ערב [jastrow] | ערב [jastrow] | ערבה [jastrow]	ערב: K: bondsman | Bürge || J(עָרַב I bh): to insert, press into, interweave; to mix, confuse; Pi. || J(עֲרַב ch): to vouch for, be surety for; to mix; to combine || J(עָרַב II bh): to go in; to go in; to set || J(עֲרַב ² ch): Ithpe.; to se	not available (no open digital HeArukh/Meturgeman text)			—	yes
400	top-500	מראי	2	Daniel.4.16 Daniel.4.21	Biblical Aramaic (Daniel, Ezra) (B)	מרא מרי ראי ארא ארי	MORPHOLOGY	a known lemma with a Hebrew sense is reachable, but a precision rule blocks the analysis — NO_ANALYSIS	מרא: מעדר [krupnik] ;; מרי: מרי [jastrow] ;; ארא: עוף־ציד [krupnik] | שאל [krupnik] ;; ארי: כי [krupnik]	מרא: J(מָרָא): to be strong ;; מרי: J(מרי I bh): to be strong, fat; to fatten, stuff || J(מרי II bh): to rebel against; the rebellious son; sorer umoreh? || J(מְרֵי ch): to provoke; to get angry; to quarrel, rebel ;; ראי: J(ראי bh): to meet	not available (no open digital HeArukh/Meturgeman text)			—	yes
401	top-500	מרי	2	Daniel.4.16 Daniel.4.21	Biblical Aramaic (Daniel, Ezra) (B)	מרי מר מור מרה ארא ארי	MISSING_HEBREW_GLOSS	the dictionaries have the word, but no Hebrew sense (English only / Krupnik without Hebrew) — NO_HEBREW_SENSE מרי	מרי: מרי [jastrow] ;; מור: אמר [krupnik] ;; ארא: עוף־ציד [krupnik] | שאל [krupnik] ;; ארי: כי [krupnik]	מרי: J(מרי I bh): to be strong, fat; to fatten, stuff || J(מרי II bh): to rebel against; the rebellious son; sorer umoreh? || J(מְרֵי ch): to provoke; to get angry; to quarrel, rebel ;; מר: J(מֹר): myrrh || J(מַר I): to speak, say || J(מַר 	not available (no open digital HeArukh/Meturgeman text)			—	yes
402	top-500	משכבכ	2	Daniel.2.28 Daniel.2.29	Biblical Aramaic (Daniel, Ezra) (B)	משכב משכבא שכבא	MORPHOLOGY	a known lemma with a Hebrew sense is reachable, but a precision rule blocks the analysis — NO_ANALYSIS	משכבא: משכב [jastrow] ;; שכבא: ישן, נרדם [krupnik] | מת [krupnik]	משכב: J(מִשְׁכָּב bh): couch, bed; grave; the uncleanness caused by an unclean person lying on an object; sexual  ;; שכבא: J(שִׁכְבָּא): asleep; dead body, corpse	not available (no open digital HeArukh/Meturgeman text)			—	yes
403	top-500	מתבנא	2	Ezra.5.8 Ezra.5.16	Biblical Aramaic (Daniel, Ezra) (B)	נתב תבנ מתבנ תבנא בנא בני	SENSE_CHOICE	several Hebrew senses (or two lemmas) — a reviewer must choose — AMBIGUOUS נתב/af.ptcp.1s "הִשיב והפיח" ~ תבנ/pe.inf "מעורב בתבן"	נתב: נשב [krupnik] | הִשיב והפיח [krupnik] ;; תבנ: ערבב בתבן [krupnik] | נזבל בתבן [krupnik] | מעורב בתבן [krupnik] | מוציא תבן לשדה לזבל [krupnik] ;; תבנא: תבן [jastrow] ;; בנא: עשה בנין [krupnik] | נבנה כמקדם [krupnik] ;; בני: עשה בנין [krupnik] | בנה [jastrow]	נתב: J(נְתַב): to blow; Ithpe:; to cause to blow ;; תבנ: J(תָּבַן): to mix with straw, knead; to dung with straw || J(תְּבַן): Pa.; to be dunged with straw || J(תָּבָן): mixed with straw || J(תַּבָּן): carrier of straw for dung. || J(תֶּבֶן	not available (no open digital HeArukh/Meturgeman text)			—	yes
404	top-500	מתיהב	2	Ezra.4.20 Ezra.6.9	Biblical Aramaic (Daniel, Ezra) (B)	יהב אהב	MISSING_HEBREW_GLOSS	the dictionaries have the word, but no Hebrew sense (English only / Krupnik without Hebrew) — NO_HEBREW_SENSE יהב	—	יהב: J(יְהַב): to give; to deal; to put, place ;; אהב: J(אָהַב bh): to love; philanthropist.; Hithpa	not available (no open digital HeArukh/Meturgeman text)			—	yes
405	top-500	מתעבד	2	Ezra.4.19 Ezra.7.26	Biblical Aramaic (Daniel, Ezra) (B)	עבד	MORPHOLOGY	a known lemma with a Hebrew sense is reachable, but a precision rule blocks the analysis — NO_ANALYSIS	עבד: תיקן והכשיר [krupnik] | עבד [jastrow] | עבד [jastrow] | עשה [reviewed]	עבד: K: to tan | gerben || J(עָבַד bh): to work; to serve, work for.; to do priestly service || J(עֲבַד I ch): to do, labor; to make; to act; to do, fare, prosper; to spend time || J(עֶבֶד bh): slave; servant || J(עֲבַד ch): worshipper	not available (no open digital HeArukh/Meturgeman text)			—	yes
406	top-500	נביא	2	Ezra.5.1 Ezra.6.14	Biblical Aramaic (Daniel, Ezra) (B)	נביא נבא נבי	MISSING_HEBREW_GLOSS	the dictionaries have the word, but no Hebrew sense (English only / Krupnik without Hebrew) — NO_HEBREW_SENSE נביא	נביא: נביא [jastrow]	נביא: J(נָבִיא bh): prophet; N’biim, Prophets; Fem ;; נבא: J(*נִבָּא): eggs of lice ;; נבי: J(נבי I): Pi.; to blow ablaze || J(נבי II bh): to burst forth, blow; to be inspired, to prophesy || J(נְבֵי ch): Ithpa.	not available (no open digital HeArukh/Meturgeman text)			—	yes
407	top-500	נביאה	2	Ezra.5.1 Ezra.6.14	Biblical Aramaic (Daniel, Ezra) (B)		TRUE_LEXICAL_GAP	no lexicon entry the form could belong to — NO_ANALYSIS	—	—	not available (no open digital HeArukh/Meturgeman text)			—	yes
408	top-500	נביאיא	2	Ezra.5.1 Ezra.5.2	Biblical Aramaic (Daniel, Ezra) (B)	נביא	MISSING_HEBREW_GLOSS	the dictionaries have the word, but no Hebrew sense (English only / Krupnik without Hebrew) — NO_HEBREW_SENSE נביא	נביא: נביא [jastrow]	נביא: J(נָבִיא bh): prophet; N’biim, Prophets; Fem	not available (no open digital HeArukh/Meturgeman text)			—	yes
409	top-500	נבייא	2	Ezra.5.1 Ezra.5.2	Biblical Aramaic (Daniel, Ezra) (B)	נביא נביה נבייה נבא	MISSING_HEBREW_GLOSS	the dictionaries have the word, but no Hebrew sense (English only / Krupnik without Hebrew) — NO_HEBREW_SENSE נביא	נביא: נביא [jastrow] ;; נביה: עלי האילן [krupnik]	נביא: J(נָבִיא bh): prophet; N’biim, Prophets; Fem ;; נבייה: J(נְבָיָיה): sproutings, leaves and flowers. ;; נבא: J(*נִבָּא): eggs of lice	not available (no open digital HeArukh/Meturgeman text)			—	yes
410	top-500	נגד	2	Daniel.6.11 Daniel.7.10	Biblical Aramaic (Daniel, Ezra) (B)	נגד נגדא	MORPHOLOGY	a known lemma with a Hebrew sense is reachable, but a precision rule blocks the analysis — RARE_UNREVIEWED נגד// "משך, מנע · הכה"	נגד: התנגד [krupnik] | משך, מנע [krupnik] | הכה [krupnik] | הלקה [krupnik] | נמשך ונתארך [krupnik] | נלקה [krupnik] | מת [krupnik] ;; נגדא: אורך [krupnik] | מרחק [krupnik] | זרם [krupnik] | מלקות [krupnik] | מנהיג [krupnik] | סוחב האניה [krupnik] | משך [jastrow]	נגד: J(נָגַד bh): to draw; to show; to announce, tell; to testify; to be told, proclaimed || J(נְגַד ch): to stretch; to draw, pull, spread; to lash; to guide, rule || J(נֶגֶד bh): line, direction; towards, opposite, corresponding to; alav 	not available (no open digital HeArukh/Meturgeman text)			—	yes
411	top-500	נולי	2	Daniel.2.5 Daniel.3.29	Biblical Aramaic (Daniel, Ezra) (B)	נולו נול	MORPHOLOGY	a known lemma with a Hebrew sense is reachable, but a precision rule blocks the analysis — NO_ANALYSIS	נול: נעשה מנוול, התנוון [krupnik] | גינה והכעיר [krupnik] | ארג [krupnik] | ארג [krupnik]	נולו: J(נְוָלוּ): offensiveness; dunghill, cesspool.	not available (no open digital HeArukh/Meturgeman text)			—	yes
412	top-500	נחש	2	Daniel.2.32 Daniel.7.19	Biblical Aramaic (Daniel, Ezra) (B)	נחש נחשא	MORPHOLOGY	a known lemma with a Hebrew sense is reachable, but a precision rule blocks the analysis — RARE_UNREVIEWED נחש// "נחושת"	נחש: עשה מעשה ניחוש וכישוף [krupnik] | ציפה נחושת בכסף [krupnik] | נחושת [krupnik] | נחש [jastrow] | נחושת [jastrow] ;; נחשא: נחושת [krupnik] | נחש, כשוף [krupnik]	נחש: J(נָחַשׁ bh): to whisper; to divine, to make action dependent on an omen, to augur || J(נְחַשׁ II): to use copper; to plate || J(נַחַשׁ bh): divination from omen, superstition || J(נָחָשׁ bh): the hissing; serpent; a pungent ;; נחשא: K	not available (no open digital HeArukh/Meturgeman text)			—	yes
413	top-500	נחת	2	Daniel.4.10 Daniel.4.20	Biblical Aramaic (Daniel, Ezra) (B)	נחת חתי נוח נחתא נחי	MORPHOLOGY	a known lemma with a Hebrew sense is reachable, but a precision rule blocks the analysis — RARE_UNREVIEWED נחת// "ירד"	נחת: ירד [krupnik] | הוריד [krupnik] | הרגיע [krupnik] | הורד [krupnik] | נחת [jastrow] ;; חתי: הניח [krupnik] | חתי [jastrow] | חתי [jastrow] ;; נוח: היה שרוי במנוחה [krupnik] | מת [krupnik] | הרגיע [krupnik] | הניח [krupnik] | הונח [krupnik] | היה רצוי [krupnik] | נוח [jastrow] ;; נחתא: שכבה [krup	נחת: J(נַחַת bh): rest, tray, stand; ease; gentleness; comfort; gratification, pleasure || J(נָחַת bh): to be put down, to go down; to be humbled, bow || J(נְחַת ch): to go down; to put down; to lower, remove ;; חתי: J(חתי): Hif.; to put do	not available (no open digital HeArukh/Meturgeman text)			—	yes
414	top-500	נפל	2	Daniel.2.46 Daniel.4.28	Biblical Aramaic (Daniel, Ezra) (B)	נפל נפיל נפלא	MORPHOLOGY	a known lemma with a Hebrew sense is reachable, but a precision rule blocks the analysis — RARE_UNREVIEWED נפל// "נפל"	נפל: נתפורר [krupnik] | נפל [jastrow] ;; נפיל: נפיל [jastrow] | נפל [jastrow]	נפל: J(נָפַל bh): to fall, lie down; to be dropped; to occur; to cause to fall; to throw down; to miscarry || J(נְפַל ch): Hif.; to be upset, fall in || J(נֵפֶל): capacity for seed; abortion; premature, not viable birth ;; נפיל: J(נָפִיל bh	not available (no open digital HeArukh/Meturgeman text)			—	yes
415	top-500	סלקו	2	Daniel.2.29 Ezra.4.12	Biblical Aramaic (Daniel, Ezra) (B)	סלק סלקותא	REVIEW_CANDIDATE	complete analysis below the review gate (fewer than 200 uses here) — REVIEW_GATE סלק/pe.perf.3mp/- "הסיר והעביר · הרים" n=2	סלק: הסיר והעביר [krupnik] | הרים [krupnik] | התרחק [krupnik] | מת [krupnik] | סלק [jastrow] | עָלָה [he] | העלה [reviewed] ;; סלקותא: תרמיל [krupnik]	סלק: J(סָלַק): to go up, go away; to pile up; to remove; to cause cessation, suspend || J(סְלֵק ch): to rise, go up; to go away; to occur; to stop, hush, keep silence || J(סְלַק): to boil down ;; סלקותא: J(סַלָּקוּתָא): beggar’s bag contain	not available (no open digital HeArukh/Meturgeman text)	הסיר והעביר · הרים	REVIEW	medium (~85%)	yes
416	top-500	סלקת	2	Daniel.7.8 Daniel.7.20	Biblical Aramaic (Daniel, Ezra) (B)	סלק	REVIEW_CANDIDATE	complete analysis below the review gate (fewer than 200 uses here) — REVIEW_GATE סלק/pe.perf.3fs/- "הסיר והעביר · הרים" n=2	סלק: הסיר והעביר [krupnik] | הרים [krupnik] | התרחק [krupnik] | מת [krupnik] | סלק [jastrow] | עָלָה [he] | העלה [reviewed]	סלק: J(סָלַק): to go up, go away; to pile up; to remove; to cause cessation, suspend || J(סְלֵק ch): to rise, go up; to go away; to occur; to stop, hush, keep silence || J(סְלַק): to boil down	not available (no open digital HeArukh/Meturgeman text)	הסיר והעביר · הרים	REVIEW	medium (~85%)	yes
417	top-500	עבדו	2	Ezra.6.13 Jeremiah.10.11	Biblical Aramaic (Daniel, Ezra) (B)	עבדו עבדותא עבד	MORPHOLOGY	a known lemma with a Hebrew sense is reachable, but a precision rule blocks the analysis — RARE_UNREVIEWED עבדו// "מצב העבד"	עבדו: מצב העבד [krupnik] ;; עבדותא: מצב העבד [krupnik] | עבדות [jastrow] ;; עבד: תיקן והכשיר [krupnik] | עבד [jastrow] | עבד [jastrow] | עשה [reviewed]	עבד: K: to tan | gerben || J(עָבַד bh): to work; to serve, work for.; to do priestly service || J(עֲבַד I ch): to do, labor; to make; to act; to do, fare, prosper; to spend time || J(עֶבֶד bh): slave; servant || J(עֲבַד ch): worshipper	not available (no open digital HeArukh/Meturgeman text)			—	yes
418	top-500	עבדוהי	2	Daniel.3.26 Ezra.5.11	Biblical Aramaic (Daniel, Ezra) (B)		TRUE_LEXICAL_GAP	no lexicon entry the form could belong to — NO_ANALYSIS	—	—	not available (no open digital HeArukh/Meturgeman text)			—	yes
419	top-500	עדוא	2	Ezra.5.1 Ezra.6.14	Biblical Aramaic (Daniel, Ezra) (B)		TRUE_LEXICAL_GAP	no lexicon entry the form could belong to — NO_ANALYSIS	—	—	not available (no open digital HeArukh/Meturgeman text)			—	yes
420	top-500	עדנ	2	Daniel.7.25	Biblical Aramaic (Daniel, Ezra) (B)	עדנ עידנ עד עדי עדא עוד	SENSE_CHOICE	several Hebrew senses (or two lemmas) — a reviewer must choose — AMBIGUOUS_SENSE עדנ: התפתל | גרם עונג | הֵרך ופינק	עדנ: התפתל [krupnik] | גרם עונג [krupnik] | הֵרך ופינק [krupnik] | עדן [jastrow] ;; עד: עד [jastrow] ;; עדי: עדי [jastrow] | עדי [jastrow] ;; עדא: שובב [krupnik]	עדנ: J(עָדַן bh): to turn; to be round, smooth, pliant; Pi. || J(עֵדֶן bh): refreshment; pleasure; the garden of Eden; paradise ;; עידנ: J(עִידָּן): period, time. || J(עִידָּן ² ch): until now; the time appointed for the study of the Law, l	not available (no open digital HeArukh/Meturgeman text)			—	yes
421	top-500	עדת	2	Daniel.3.27 Daniel.4.28	Biblical Aramaic (Daniel, Ezra) (B)	עת עדא עדי עוד	MORPHOLOGY	a known lemma with a Hebrew sense is reachable, but a precision rule blocks the analysis — NO_ANALYSIS	עדא: שובב [krupnik] ;; עדי: עדי [jastrow] | עדי [jastrow]	עת: J(עֵת bh): duration, turn; ʿEth; ʿonah ;; עדא: K: to capture | erbeuten || K: this | dies || J(עָדָא II): plunderer ;; עדי: K: cold | Kälte || K: this is | das ist || K: a man’s name | männlicher Name || J(עדי bh): to turn, pass; to pas	not available (no open digital HeArukh/Meturgeman text)			—	yes
422	top-500	עיר	2	Daniel.4.10 Daniel.4.20	Biblical Aramaic (Daniel, Ezra) (B)	עיר עור נער	MORPHOLOGY	a known lemma with a Hebrew sense is reachable, but a precision rule blocks the analysis — RARE_UNREVIEWED עיר// "עיר"	עיר: עיר [jastrow] | שליח האל, מלאך [he] ;; עור: מוץ [krupnik] | עור [jastrow] | עור [jastrow] ;; נער: נער [jastrow]	עיר: J(*עַיִר ch): foal || J(עִיר I): guardian, angel; ʿir; awake || J(עִיר II bh): watch-tower, fort; town, city ;; עור: J(עוּר I bh): to be stirred up; to wake; to be awake, wake up; to be stirred up, become active || J(עוּר ch): to stir 	not available (no open digital HeArukh/Meturgeman text)			—	yes
423	top-500	עליה	2	Daniel.4.14 Daniel.5.21	Biblical Aramaic (Daniel, Ezra) (B)	עליה עילויא עלא עליתא על	REVIEW_CANDIDATE	complete analysis below the review gate (fewer than 200 uses here) — REVIEW_GATE pron:עליה/fixed/- "עליו" n=2	עילויא: ערך, הערכה [krupnik] | עילוי [jastrow] ;; עלא: עלה [jastrow] ;; עליתא: מין חיה אגדית [krupnik] ;; על: על [jastrow]	עליה: J(עֲלִיָּה): upper chamber, upper story; sons of heaven, those enjoying the Divine Presence in the here ;; עילויא: J(עִילּוּיָא ch): rise, improved stage; valuation; the best thing ;; עלא: J(עֲלָא): leaf ;; עליתא: K: upper story | Obe	not available (no open digital HeArukh/Meturgeman text)	עליו	REVIEW	high (~94%)	yes
424	top-500	עלינ	2	Daniel.4.4 Daniel.5.8	Biblical Aramaic (Daniel, Ezra) (B)	עלה עליתא על עלא עלי	MISSING_HEBREW_GLOSS	the dictionaries have the word, but no Hebrew sense (English only / Krupnik without Hebrew) — NO_HEBREW_SENSE עלה	עלה: שיבח [krupnik] | ביטל [krupnik] | הביא בחשבון [krupnik] | התרומם [krupnik] ;; עליתא: מין חיה אגדית [krupnik] ;; על: על [jastrow] ;; עלא: עלה [jastrow] ;; עלי: עלי [jastrow]	עלה: J(עָלֶה bh): cover; foliage, leaf ;; עליתא: K: upper story | Oberstock ;; על: J(עַל bh): height; upon, above; about || J(*עָל): plan ;; עלא: J(עֲלָא): leaf ;; עלי: J(עלי bh): to go up, rise; to come up, arrive; ‘ăle ‘ayin; ‘ole ‘ayin |	not available (no open digital HeArukh/Meturgeman text)			—	yes
425	top-500	עללינ	2	Daniel.4.4 Daniel.5.8	Biblical Aramaic (Daniel, Ezra) (B)	עלל עללא	REVIEW_CANDIDATE	complete analysis below the review gate (fewer than 200 uses here) — REVIEW_GATE עלל/pe.ptcp.mp/- "באים" n=2	עלל: טיפל, עסק [krupnik] | נכנס [krupnik] | בא [krupnik] | הביא [krupnik] | הובא והושם [krupnik] | עלל [jastrow] | הכניס [reviewed] ;; עללא: תבואה [krupnik]	עלל: J(עָלַל bh): Pol. to bring about; to go about; to superintend, be busy || J(עֲלַל I ch): to enter a town, a house; to come in; to set || J(עֲלַל II): that which is brought in; harvest, provision; income; ʿălalta	not available (no open digital HeArukh/Meturgeman text)	באים	REVIEW	medium (~85%)	yes
426	top-500	עלמיא	2	Daniel.7.18 Ezra.4.9	Biblical Aramaic (Daniel, Ezra) (B)	עלמא	MORPHOLOGY	a known lemma with a Hebrew sense is reachable, but a precision rule blocks the analysis — RARE_UNREVIEWED עלמא/n.pl/ "עולם"	עלמא: עולם [krupnik]	—	not available (no open digital HeArukh/Meturgeman text)			—	yes
427	top-500	ענינ	2	Daniel.3.24 Daniel.4.24	Biblical Aramaic (Daniel, Ezra) (B)	עננ ענינ ענ ענא עני עניא	MISSING_HEBREW_GLOSS	the dictionaries have the word, but no Hebrew sense (English only / Krupnik without Hebrew) — NO_HEBREW_SENSE עננ	עננ: ענן [jastrow] | ענן [jastrow] ;; ענ: צאן [krupnik] ;; ענא: צאן [krupnik] ;; עני: השיב, ענה [krupnik] | זימר במקהלה [krupnik] | איחר [krupnik] | עינה, גרם יסורים [krupnik] | אנס אשה [krupnik] | התענה [krupnik] | נעשה עני [krupnik] | עני [jastrow] | עני [jastrow] ;; עניא: עני [krupnik] | עני [jas	עננ: J(עָנַן bh): Pi.; to make cloudy; Polel || J(עֲנַן I ch): gather clouds; to augur from clouds; Pol || J(עָנָן II bh): cloud; cover protection ;; ענינ: J(עִנְיָן bh): answer, corresponding affair; correspondence, relation; subject, obje	not available (no open digital HeArukh/Meturgeman text)			—	yes
428	top-500	ענפוהי	2	Daniel.4.11	Biblical Aramaic (Daniel, Ezra) (B)		TRUE_LEXICAL_GAP	no lexicon entry the form could belong to — NO_ANALYSIS	—	—	not available (no open digital HeArukh/Meturgeman text)			—	yes
429	top-500	עפיה	2	Daniel.4.9 Daniel.4.11	Biblical Aramaic (Daniel, Ezra) (B)	עפיא	MORPHOLOGY	a known lemma with a Hebrew sense is reachable, but a precision rule blocks the analysis — RARE_UNREVIEWED עפיא/n.sg/ "נוף האילן"	עפיא: נוף האילן [krupnik]	—	not available (no open digital HeArukh/Meturgeman text)			—	yes
430	top-500	עשבא	2	Daniel.4.29 Daniel.5.21	Biblical Aramaic (Daniel, Ezra) (B)	עשב	MISSING_HEBREW_GLOSS	the dictionaries have the word, but no Hebrew sense (English only / Krupnik without Hebrew) — NO_HEBREW_SENSE עשב	עשב: עשב [jastrow]	עשב: J(עֵשֶׂב bh): herb, plant, grass	not available (no open digital HeArukh/Meturgeman text)			—	yes
431	top-500	עתיק	2	Daniel.7.13 Daniel.7.22	Biblical Aramaic (Daniel, Ezra) (B)	עתיק עתק עתיקא	MISSING_HEBREW_GLOSS	the dictionaries have the word, but no Hebrew sense (English only / Krupnik without Hebrew) — NO_HEBREW_SENSE עתיק	עתיק: עתיק [jastrow] ;; עתק: נטלטל ממקום למקום [krupnik] | בלה מזוקן [krupnik] | נושן, האריך ימים [krupnik] | עתק [jastrow]	עתיק: J(עַתִּיק): old, ancient; Hif.; remote || J(עַתִּיק ² ch): enduring, strong, old ;; עתק: J(עָתַק I bh): to move; to remove, transfer; hʿetiḳu || J(עָתַק II): to be substantial, strong; to be old; Nithpa. || J(עֲתַק ch): to be old, wor	not available (no open digital HeArukh/Meturgeman text)			—	yes
432	top-500	פלח	2	Daniel.6.17 Daniel.6.21	Biblical Aramaic (Daniel, Ezra) (B)	פלח פלחא	MORPHOLOGY	a known lemma with a Hebrew sense is reachable, but a precision rule blocks the analysis — RARE_UNREVIEWED פלח// "עבד"	פלח: עבד [krupnik] | עבד לאלהות [krupnik] | עשה, פעל [krupnik] | העביד [krupnik] | נעבד [krupnik] | פלח [jastrow] ;; פלחא: עובד עבודה זרה [krupnik] | פלח [jastrow]	פלח: J(פָּלַח bh): to split; to dig, till; to cut out; to work for, serve; to worship || J(פְּלַח ch): to till, work; Pa.; to serve || J(פֶּלַח): segment, slice; millstone ;; פלחא: J(פִּלְחָא ch): millstone; slice, portion || J(פָּלְחָא): w	not available (no open digital HeArukh/Meturgeman text)			—	yes
433	top-500	פמ	2	Daniel.6.18 Daniel.6.23	Biblical Aramaic (Daniel, Ezra) (B)	פומ	MORPHOLOGY	a known lemma with a Hebrew sense is reachable, but a precision rule blocks the analysis — RARE_UNREVIEWED פומ// "פה"	פומ: פה [krupnik] | פה [jastrow] | כפי [jastrow] | לפיכך [jastrow] | פֶּה [he]	פומ: J(פּוּם): according to; because; therefore	not available (no open digital HeArukh/Meturgeman text)			—	yes
434	top-500	פשרה	2	Daniel.2.9 Daniel.2.45	Biblical Aramaic (Daniel, Ezra) (B)	פשרה פשר	MORPHOLOGY	a known lemma with a Hebrew sense is reachable, but a precision rule blocks the analysis — RARE_UNREVIEWED פשרה// "מיצוע הדין"	פשרה: מיצוע הדין [krupnik] ;; פשר: נמס [krupnik] | עשה פשרה וחוזה [krupnik] | נעשה קצת חם [krupnik] | התיר ונתק [krupnik] | תיווך [krupnik] | עשה את המים פושרים [krupnik] | עשה פשרה, השלים [krupnik] | פשר [jastrow]	פשרה: J(פְּשָׁרָה): division; compromise, settlement ;; פשר: K: to be tepid | lauwarm sein || J(פָּשַׁר): to divide, to spread; to melt, dissolve; to be stale, tepid || J(פְּשַׁר I ch): to melt, be dissolved; to vanish, be broken; to dissol	not available (no open digital HeArukh/Meturgeman text)			—	yes
435	top-500	פתיה	2	Daniel.3.1 Ezra.6.3	Biblical Aramaic (Daniel, Ezra) (B)	פתיא פת	MORPHOLOGY	a known lemma with a Hebrew sense is reachable, but a precision rule blocks the analysis — RARE_UNREVIEWED פתיא// "פתי"	פתיא: פתי [jastrow] ;; פת: נִיפּוּלָה [krupnik]	פתיא: K: i>Kind | || K: a vessel | ein Gefäß || J(פַּתְיָא I ch): inexperienced, child, lad; p’thaim; pathia || J(פַּתְיָא II): a wide earthen vessel, pot; open place, street; drinking vessel ;; פת: J(פת): two; pth || J(פַּת): a piece of br	not available (no open digital HeArukh/Meturgeman text)			—	yes
436	top-500	צוארה	2	Daniel.5.7 Daniel.5.29	Biblical Aramaic (Daniel, Ezra) (B)	צואר	MISSING_HEBREW_GLOSS	the dictionaries have the word, but no Hebrew sense (English only / Krupnik without Hebrew) — NO_ANALYSIS	—	צואר: J(צַוָּאר): pile; neck; the front of the neck, throat	not available (no open digital HeArukh/Meturgeman text)			—	yes
437	top-500	צלמ	2	Daniel.2.31 Daniel.3.1	Biblical Aramaic (Daniel, Ezra) (B)	צלמ	MISSING_HEBREW_GLOSS	the dictionaries have the word, but no Hebrew sense (English only / Krupnik without Hebrew) — NO_HEBREW_SENSE צלמ	צלמ: צייר [krupnik] | צלם [jastrow]	צלמ: J(צְלַם): to paint; dark || J(צֶלֶם bh): shadow, picture, image; ur’du; yerʾdu	not available (no open digital HeArukh/Meturgeman text)			—	yes
438	top-500	צפרי	2	Daniel.4.9 Daniel.4.18	Biblical Aramaic (Daniel, Ezra) (B)	צפור צפר צפרא צפרתא	MORPHOLOGY	a known lemma with a Hebrew sense is reachable, but a precision rule blocks the analysis — NO_ANALYSIS	צפר: שרק [krupnik] | קלע [krupnik] | שריקה [krupnik] | בוקר [krupnik] | צפר [jastrow] ;; צפרא: שריקה [krupnik] | בוקר [krupnik] ;; צפרתא: צפורת כרמים [jastrow]	צפור: J(צִפּוֹר): bird; tsipporin; the cartilage at the end of the sternum ;; צפר: J(צָפַר bh): to circle || J(צְפַר I): to be bright; to be swift; to be shrill || J(צְפַר II bh): to circle; to plait one round || J(צְפַר III): circle, garla	not available (no open digital HeArukh/Meturgeman text)			—	yes
439	top-500	קדישי	2	Daniel.7.18 Daniel.7.27	Biblical Aramaic (Daniel, Ezra) (B)	קדיש קדישא קדש דישא	MORPHOLOGY	a known lemma with a Hebrew sense is reachable, but a precision rule blocks the analysis — RARE_UNREVIEWED קדיש/n.pl/ "קדוש"	קדיש: קדוש [jastrow] ;; קדש: קדש [jastrow] ;; דישא: דיש, תבואה נדושה [krupnik]	קדיש: J(קַדִּישׁ): holy, sacred, pure; Ḳaddish ;; קדישא: J(קַדִּישָׁא II): ring ;; קדש: J(קָדַשׁ bh): to be cut off, separated; to be, become pure, sacred, holy; to sanctify || J(קְדַשׁ ch): to be sanctified, sacred; Ithpa.; Pi., to sanctif	not available (no open digital HeArukh/Meturgeman text)			—	yes
440	top-500	קדמה	2	Daniel.7.8 Daniel.7.20	Biblical Aramaic (Daniel, Ezra) (B)	קדימה קדמ קדמתא דמי דומ דמ	MORPHOLOGY	a known lemma with a Hebrew sense is reachable, but a precision rule blocks the analysis — NO_ANALYSIS	קדימה: תקופה קודמת [krupnik] ;; קדמ: קדם [jastrow] | קדם [jastrow] ;; דמי: היה דומה [krupnik] | צייר לעצמו [krupnik] | שתק [krupnik] | השוה [krupnik] | דימה בנפשו [krupnik] | נשתוה [krupnik] | נדמה [krupnik] | כסף, מחיר [krupnik] | דמי [jastrow] ;; דומ: היה חשוד [krupnik] ;; דמ: דם [jastrow]	קדימה: J(קְדִימָה): antecedent, early period; ḳedem, meaz ;; קדמ: K: to advance, to precede | vorangehen || J(קָדַם bh): to bend, go forward; to advance, precede; to anticipate; Hif. || J(קְדַם ch): Pa.; to precede; to do early, be early, f	not available (no open digital HeArukh/Meturgeman text)			—	yes
441	top-500	קדמיכ	2	Daniel.5.23 Daniel.6.23	Biblical Aramaic (Daniel, Ezra) (B)	קדמ קדמי דמכ דמ	MORPHOLOGY	a known lemma with a Hebrew sense is reachable, but a precision rule blocks the analysis — NO_ANALYSIS	קדמ: קדם [jastrow] | קדם [jastrow] ;; דמכ: ישן ונרדם [krupnik] | מת [krupnik] | כבה [krupnik] ;; דמ: דם [jastrow]	קדמ: K: to advance, to precede | vorangehen || J(קָדַם bh): to bend, go forward; to advance, precede; to anticipate; Hif. || J(קְדַם ch): Pa.; to precede; to do early, be early, first; to go before, come to meet || J(קֶדֶם bh): olden time; 	not available (no open digital HeArukh/Meturgeman text)			—	yes
442	top-500	קדמיתא	2	Daniel.7.4 Daniel.7.8	Biblical Aramaic (Daniel, Ezra) (B)	קדמיתא קדימתא קמא דמא דמי	MORPHOLOGY	a known lemma with a Hebrew sense is reachable, but a precision rule blocks the analysis — RARE_UNREVIEWED קדמיתא// "רוח קדים"	קדמיתא: רוח קדים [krupnik] ;; קדימתא: קדים [jastrow] ;; קמא: ראשון [krupnik] | קמה [jastrow] | הקודם, הראשון [he] ;; דמא: דם [krupnik] ;; דמי: היה דומה [krupnik] | צייר לעצמו [krupnik] | שתק [krupnik] | השוה [krupnik] | דימה בנפשו [krupnik] | נשתוה [krupnik] | נדמה [krupnik] | כסף, מחיר [krupnik] | 	קדימתא: J(קְדִימְתָּא): east wind ;; קמא: J(קָמָא I): he says || J(קָמָא II): standing grain; pillar, statue || J(קַמָּא): first, former, previous; Fem; before, in presence of ;; דמא: K: a man’s name | männlicher Name || J(דְּמָא): to resem	not available (no open digital HeArukh/Meturgeman text)			—	yes
443	top-500	קטל	2	Daniel.3.22 Daniel.5.19	Biblical Aramaic (Daniel, Ezra) (B)	קטל קטלא טל	MORPHOLOGY	a known lemma with a Hebrew sense is reachable, but a precision rule blocks the analysis — NO_ANALYSIS	קטלא: שרשרת [krupnik] | קטלא [jastrow] ;; טל: טל [jastrow]	קטל: J(קְטַל): to cut; to kill; ṭarof ;; קטלא: K: killing, death-penalty | Tötung, Todesstrafe || J(קְטָלָא): killing, death-penalty; makkeh || J(קַטְלָא): chain, necklace ;; טל: J(טַל): hanging drop; dew	not available (no open digital HeArukh/Meturgeman text)			—	yes
444	top-500	קרב	2	Daniel.3.26 Daniel.7.21	Biblical Aramaic (Daniel, Ezra) (B)	קרב קריב קריבה רב	MORPHOLOGY	a known lemma with a Hebrew sense is reachable, but a precision rule blocks the analysis — RARE_UNREVIEWED קרב// "קרב"	קרב: נעשה קרוב [krupnik] | קרב, נגע [krupnik] | הגין [krupnik] | קרב [jastrow] | קרב [jastrow] ;; קריבה: גישה והתקרבות [krupnik] ;; רב: רב [jastrow]	קרב: K: to do in near intervals | häufen, in kurzen Intervallen tun || J(קָרֵב bh): to join, come near, be near; to be offered as; to come before court; to sue, complain; to  || J(קְרֵב ch): to be near, come near, touch; to intercede, prote	not available (no open digital HeArukh/Meturgeman text)			—	yes
445	top-500	קרי	2	Ezra.4.18 Ezra.4.23	Biblical Aramaic (Daniel, Ezra) (B)	קרי קירי קרא קריא יקר נקר	MORPHOLOGY	a known lemma with a Hebrew sense is reachable, but a precision rule blocks the analysis — RARE_UNREVIEWED קרי// "עיר, קריה"	קרי: עיר, קריה [krupnik] | קרי [jastrow] | קרי [jastrow] ;; קירי: אדון, אדוני [krupnik] | לזמן מסויים [krupnik] ;; קרא: קשוא בצורת בקבוק [krupnik] | בקי במקרא [krupnik] | קרא [jastrow] | מקרא [jastrow] | דלעת [he] ;; קריא: מקרא, כתוב [krupnik] | תולעת [krupnik] | עיר, קריה [krupnik] | קרי [jastrow] 	קרי: J(קרי ² bh): to call, name; to invite; yeraëh; those called up to read from the Torah || J(קְרֵי I ch): to call, name, invite; to read; evil || J(קרי ³): to join; to meet; to meet, join || J(קְרֵי II ch): to join; to do something by ac	not available (no open digital HeArukh/Meturgeman text)			—	yes
446	top-500	קרניא	2	Daniel.7.8 Daniel.7.20	Biblical Aramaic (Daniel, Ezra) (B)	רני	MISSING_HEBREW_GLOSS	the dictionaries have the word, but no Hebrew sense (English only / Krupnik without Hebrew) — NO_ANALYSIS	—	רני: J(רְנֵי): to think, meditate.	not available (no open digital HeArukh/Meturgeman text)			—	yes
447	top-500	קשט	2	Daniel.2.47 Daniel.4.34	Biblical Aramaic (Daniel, Ezra) (B)	קשט קושט שוט	MORPHOLOGY	a known lemma with a Hebrew sense is reachable, but a precision rule blocks the analysis — RARE_UNREVIEWED קשט// "יישר"	קשט: ירה בקשת [krupnik] | תיקן והידר [krupnik] | קלח [krupnik] | הכין [krupnik] | התהדר [krupnik] | התאמת והתאשר [krupnik] | יישר [krupnik] | תוקן [krupnik] | התהדר [krupnik] | התכונן [krupnik] | נזרק ביריה [krupnik] | רובה קשת [krupnik] | קשט [jastrow] ;; שוט: שוט [jastrow] | שוט [jastrow] | שוט [j	קשט: J(קָשַׁט bh): to be straight, strong; to go in a straight line, to shoot forth; Hif. || J(קְשַׁט ch): Pa.; to straighten, correct; to go in a straight line, to shoot forth || J(קַשָּׁט): shooter, archer. ;; שוט: J(שׁוּט I bh): to swing	not available (no open digital HeArukh/Meturgeman text)			—	yes
448	top-500	רביעיא	2	Daniel.3.25 Daniel.7.23	Biblical Aramaic (Daniel, Ezra) (B)	רביע רביעי	MORPHOLOGY	a known lemma with a Hebrew sense is reachable, but a precision rule blocks the analysis — RARE_UNREVIEWED רביע/n.pl/ "רבע, אחד מארבעה · חתיכה מרובעה"	רביע: רבע, אחד מארבעה [krupnik] | חתיכה מרובעה [krupnik]	רביע: J(רָבִיעַ): one fourth; square; blocks ;; רביעי: J(רְבִיעִי bh): fourth; fourth grade of uncleanness; Fem	not available (no open digital HeArukh/Meturgeman text)			—	yes
449	top-500	רביעיה	2	Daniel.2.40 Daniel.7.7	Biblical Aramaic (Daniel, Ezra) (B)	רביעי רביע	MISSING_HEBREW_GLOSS	the dictionaries have the word, but no Hebrew sense (English only / Krupnik without Hebrew) — NO_HEBREW_SENSE רביעי	רביע: רבע, אחד מארבעה [krupnik] | חתיכה מרובעה [krupnik]	רביעי: J(רְבִיעִי bh): fourth; fourth grade of uncleanness; Fem ;; רביע: J(רָבִיעַ): one fourth; square; blocks	not available (no open digital HeArukh/Meturgeman text)			—	yes
450	top-500	רביעיתא	2	Daniel.7.19 Daniel.7.23	Biblical Aramaic (Daniel, Ezra) (B)	רביעית	MISSING_HEBREW_GLOSS	the dictionaries have the word, but no Hebrew sense (English only / Krupnik without Hebrew) — NO_HEBREW_SENSE רביעית	—	רביעית: J(רְבִיעִית): square block	not available (no open digital HeArukh/Meturgeman text)			—	yes
451	top-500	רברבתא	2	Daniel.7.11 Daniel.7.17	Biblical Aramaic (Daniel, Ezra) (B)	רברב	MISSING_HEBREW_GLOSS	the dictionaries have the word, but no Hebrew sense (English only / Krupnik without Hebrew) — NO_HEBREW_SENSE רברב	רברב: התגדל והתנשא [krupnik] | רברב [jastrow]	רברב: J(רִבְרֵב): to raise, make great; to assume superiority || J(רַבְרֵב ch): to be chief; to lead; to be great; to claim superiority; to boast	not available (no open digital HeArukh/Meturgeman text)			—	yes
452	top-500	רגלוהי	2	Daniel.2.33 Daniel.2.34	Biblical Aramaic (Daniel, Ezra) (B)	רגל	MORPHOLOGY	a known lemma with a Hebrew sense is reachable, but a precision rule blocks the analysis — NO_ANALYSIS	רגל: רגל [jastrow] | רגל [jastrow]	רגל: J(רָגַל bh): to move on, run; to be wont to; to flay an animal from its feet upward || J(רְגַל ch): to move, run; used; to cause to run || J(רֶגֶל bh): foot; leg;; hindleg; the damage done by an animal’s foot, treading, stamping || J(ר	not available (no open digital HeArukh/Meturgeman text)			—	yes
453	top-500	רגליא	2	Daniel.2.41 Daniel.2.42	Biblical Aramaic (Daniel, Ezra) (B)	רגלי רגל	MISSING_HEBREW_GLOSS	the dictionaries have the word, but no Hebrew sense (English only / Krupnik without Hebrew) — NO_HEBREW_SENSE רגלי	רגל: רגל [jastrow] | רגל [jastrow]	רגלי: J(רַגְלִי bh): footman, runner ;; רגל: J(רָגַל bh): to move on, run; to be wont to; to flay an animal from its feet upward || J(רְגַל ch): to move, run; used; to cause to run || J(רֶגֶל bh): foot; leg;; hindleg; the damage done by an 	not available (no open digital HeArukh/Meturgeman text)			—	yes
454	top-500	רוחי	2	Daniel.7.2 Daniel.7.15	Biblical Aramaic (Daniel, Ezra) (B)	רוחא ארח רוח ריח	SENSE_CHOICE	several Hebrew senses (or two lemmas) — a reviewer must choose — AMBIGUOUS_SENSE רוחא: רוח | רוח הקדש	רוחא: רוח [jastrow] | רוח הקדש [jastrow] ;; ארח: הכניס אורח [krupnik] | התאכסן [krupnik] | ארח [jastrow] ;; ריח: ריח [jastrow]	ארח: J(אָרַח bh): to go through;; to go outside, to travel; path || J(אֲרַח ch): to take lodging; to dwell as a stranger, sojourn ;; רוח: J(רוּחַ I): to smell || J(רוּחַ II bh): wind, air; direction, side; mind, disposition, spirit; spirit,	not available (no open digital HeArukh/Meturgeman text)			—	yes
455	top-500	רומה	2	Daniel.3.1 Ezra.6.3	Biblical Aramaic (Daniel, Ezra) (B)	רומ רומא	MORPHOLOGY	a known lemma with a Hebrew sense is reachable, but a precision rule blocks the analysis — NO_ANALYSIS	רומ: רום [jastrow] | רום [jastrow] ;; רומא: גובה, רום [he]	רומ: J(רוּם bh): to swing; to be high, lifted up; to rise; to lift up, raise || J(רוּם ² ch): to be high; to lift; to remove; to swing; to wave an offering; to uplift || J(רוּם II bh): height || J(רוּם ³ ch): height; haughtiness ;; רומא: J(	not available (no open digital HeArukh/Meturgeman text)			—	yes
456	top-500	רעיונכ	2	Daniel.2.29 Daniel.5.10	Biblical Aramaic (Daniel, Ezra) (B)	רעיונ רעיונא	MORPHOLOGY	a known lemma with a Hebrew sense is reachable, but a precision rule blocks the analysis — NO_ANALYSIS	רעיונא: רעיון [jastrow]	רעיונ: J(רַעְיוֹן bh): desire, ambition, greed ;; רעיונא: J(רַעְיוֹנָא ch): desire, thought; greedy	not available (no open digital HeArukh/Meturgeman text)			—	yes
457	top-500	רפסה	2	Daniel.7.7 Daniel.7.19	Biblical Aramaic (Daniel, Ezra) (B)	רפס רפסתא רפסא	MORPHOLOGY	a known lemma with a Hebrew sense is reachable, but a precision rule blocks the analysis — NO_ANALYSIS	רפס: הרעיד [krupnik] | רצץ [krupnik] | רפס [jastrow] ;; רפסתא: נענוע וטלטול [krupnik]	רפס: J(רָפַס bh): to stamp, beat; to be trodden, stamped upon; to cause to be trodden upon, to humiliate || J(רְפַס ch): to shake, shatter; to tremble ;; רפסא: J(רִפְסָא): stamping; shaking; pl.	not available (no open digital HeArukh/Meturgeman text)			—	yes
458	top-500	רשמת	2	Daniel.6.13 Daniel.6.14	Biblical Aramaic (Daniel, Ezra) (B)	רשמ	MORPHOLOGY	a known lemma with a Hebrew sense is reachable, but a precision rule blocks the analysis — NO_ANALYSIS	רשמ: רשם וסימן [krupnik] | רשם [jastrow]	רשמ: J(רָשַׁם): to mark, draw; those who interpret the Law metaphorically; to be marked, engraven || J(רְשַׁם I ch): to mark; to record; to make incisions; to be wrinkled || J(רְשַׁם II): incision, wound	not available (no open digital HeArukh/Meturgeman text)			—	yes
459	top-500	שאלנא	2	Ezra.5.9 Ezra.5.10	Biblical Aramaic (Daniel, Ezra) (B)	שאל	MORPHOLOGY	a known lemma with a Hebrew sense is reachable, but a precision rule blocks the analysis — RARE_UNREVIEWED שאל/pe.ptcp.1s/ "דרש, בקש"	שאל: ניתן בתורת שאילה [krupnik] | חקר ודרש [krupnik] | דרש, בקש [krupnik] | חקר דבר מפי אחרים [krupnik] | שאל [jastrow]	שאל: K: to borrow | entleihen || J(שָׁאַל bh): to ask, beg; to inquire, question; Nif.; to salute || J(שְׁאַל ch): to ask, inquire, beg.; to borrow; to ask, borrow	not available (no open digital HeArukh/Meturgeman text)			—	yes
460	top-500	שבחת	2	Daniel.4.31 Daniel.5.23	Biblical Aramaic (Daniel, Ezra) (B)	שבח שבחתא	MORPHOLOGY	a known lemma with a Hebrew sense is reachable, but a precision rule blocks the analysis — NO_ANALYSIS	שבח: הוטב [krupnik] | היטיב ותיקן, טייב [krupnik] | תהלה והודאה [krupnik] | הטבה, עלית הערך [krupnik] | שבח [jastrow] | שבח [jastrow]	שבח: J(שָׁבַח bh): to grow, spread; to improve, grow in value; to improve, ameliorate || J(שְׁבַח I ch): to improve, rise in value; to make profit; to praise.; Part. pass. || J(שֶׁבַח): improvement, gain; ăsherah; excellency, superiority, p	not available (no open digital HeArukh/Meturgeman text)			—	yes
461	top-500	שבי	2	Ezra.5.5 Ezra.6.8	Biblical Aramaic (Daniel, Ezra) (B)	שבי שב ישב נשב שבא שביא	MORPHOLOGY	a known lemma with a Hebrew sense is reachable, but a precision rule blocks the analysis — RARE_UNREVIEWED שבי// "לקח בשבי"	שבי: לקח בשבי [krupnik] | נשבה [krupnik] | שבי [jastrow] | שבי [jastrow] ;; שב: שבעה [krupnik] | שבת [krupnik] | שבוע [krupnik] | שבע [jastrow] | שבוע [jastrow] ;; ישב: קבע [krupnik] | הניח את הדעת [krupnik] | נתן לו מקום לשבת [krupnik] | נח [krupnik] | נושב [krupnik] | נתחזק [krupnik] | נחה דעתו [k	שבי: J(שבי bh): to capture, carry off; to be captured || J(שְׁבֵי ch): to be taken captive, be carried off || J(שְׁבִי bh): captivity, prison || J(שְׁבִי ² ch): captivity; captives || J(שָׁבֵי): captor, marauder. ;; שב: J(שַׁב): seven; seve	not available (no open digital HeArukh/Meturgeman text)			—	yes
462	top-500	שבעה	2	Daniel.3.19 Daniel.4.20	Biblical Aramaic (Daniel, Ezra) (B)	שבע שבעתא	MISSING_HEBREW_GLOSS	the dictionaries have the word, but no Hebrew sense (English only / Krupnik without Hebrew) — NO_HEBREW_SENSE שבע	שבע: נשבע [krupnik] | שבע [jastrow] | שבע [jastrow] ;; שבעתא: שבוע [krupnik]	שבע: J(שֶׁבַע bh): seven; Shib ah, the seven days of mourning for a near relative; seventy || J(שְׁבַע ch): seventy || J(שָׁבַע): Nif.; to be sworn, to swear; to adjure; to impose, administer an oath || J(שְׁבַע II ch): Ithpa.; Ithpe.; Nif.	not available (no open digital HeArukh/Meturgeman text)			—	yes
463	top-500	שגיאנ	2	Daniel.2.48 Ezra.5.11	Biblical Aramaic (Daniel, Ezra) (B)	שגי	MORPHOLOGY	a known lemma with a Hebrew sense is reachable, but a precision rule blocks the analysis — NO_ANALYSIS	שגי: נבוך [krupnik] | טעה [krupnik] | נפקד, נעדר [krupnik] | שגי [jastrow]	שגי: J(שגי bh): to be confused; to reel; to err; to cause to reel; to lead astray || J(שְׁגֵי ch): to reel, be intoxicated; to err, deviate; to be lost, missed	not available (no open digital HeArukh/Meturgeman text)			—	yes
464	top-500	שגלתה	2	Daniel.5.2 Daniel.5.3	Biblical Aramaic (Daniel, Ezra) (B)		TRUE_LEXICAL_GAP	no lexicon entry the form could belong to — NO_ANALYSIS	—	—	not available (no open digital HeArukh/Meturgeman text)			—	yes
465	top-500	שלחו	2	Ezra.4.11 Ezra.5.7	Biblical Aramaic (Daniel, Ezra) (B)	שלח	MORPHOLOGY	a known lemma with a Hebrew sense is reachable, but a precision rule blocks the analysis — NO_ANALYSIS	שלח: שלח [krupnik] | הפשיט, פשט [krupnik] | הוסר מעל־ [krupnik] | נפשט עורו [krupnik] | שלח [jastrow]	שלח: J(שָׁלַח bh): to draw out; to stretch forth; to send; to stretch out a hand against,; to make illegitima || J(שְׁלַח ch): to send, send off; to throw off, undress, flay; to send; to send off, dismiss || J(שֶׁלַח I): hide, fresh skin ||	not available (no open digital HeArukh/Meturgeman text)			—	yes
466	top-500	שלטנה	2	Daniel.4.31 Daniel.7.14	Biblical Aramaic (Daniel, Ezra) (B)		TRUE_LEXICAL_GAP	no lexicon entry the form could belong to — NO_ANALYSIS	—	—	not available (no open digital HeArukh/Meturgeman text)			—	yes
467	top-500	שלטני	2	Daniel.3.2 Daniel.3.3	Biblical Aramaic (Daniel, Ezra) (B)		TRUE_LEXICAL_GAP	no lexicon entry the form could belong to — NO_ANALYSIS	—	—	not available (no open digital HeArukh/Meturgeman text)			—	yes
468	top-500	שליח	2	Daniel.5.24 Ezra.7.14	Biblical Aramaic (Daniel, Ezra) (B)	שליח שלוח שלח	MISSING_HEBREW_GLOSS	the dictionaries have the word, but no Hebrew sense (English only / Krupnik without Hebrew) — NO_HEBREW_SENSE שליח	שליח: שליח [jastrow] ;; שלח: שלח [krupnik] | הפשיט, פשט [krupnik] | הוסר מעל־ [krupnik] | נפשט עורו [krupnik] | שלח [jastrow]	שליח: J(שָׁלִיחַ): deputy, agent ;; שלוח: J(שָׁלוּחַ): messenger, agent, deputy; pressed olive; ditch ;; שלח: J(שָׁלַח bh): to draw out; to stretch forth; to send; to stretch out a hand against,; to make illegitima || J(שְׁלַח ch): to send,	not available (no open digital HeArukh/Meturgeman text)			—	yes
469	top-500	שלמ	2	Ezra.4.17 Ezra.5.16	Biblical Aramaic (Daniel, Ezra) (B)	שלמ	MORPHOLOGY	a known lemma with a Hebrew sense is reachable, but a precision rule blocks the analysis — RARE_UNREVIEWED שלמ// "שלום"	שלמ: כלה ונגמר [krupnik] | נפרע הכסף [krupnik] | שלם [jastrow] | שלום [jastrow]	שלמ: K: to end | zu Ende sein || J(שָׁלֵם bh): to be whole, complete; to end, cease; to complete, finish; to finish the fast-day || J(שִׁלֵם ch): to be perfect, complete, finished, spent; to be peaceful, sincere, friendly; to complete,  || 	not available (no open digital HeArukh/Meturgeman text)			—	yes
470	top-500	שלמכונ	2	Daniel.3.31 Daniel.6.26	Biblical Aramaic (Daniel, Ezra) (B)		TRUE_LEXICAL_GAP	no lexicon entry the form could belong to — NO_ANALYSIS	—	—	not available (no open digital HeArukh/Meturgeman text)			—	yes
471	top-500	שמעינ	2	Daniel.3.7 Daniel.5.23	Biblical Aramaic (Daniel, Ezra) (B)	שמע שמעא	MORPHOLOGY	a known lemma with a Hebrew sense is reachable, but a precision rule blocks the analysis — NO_ANALYSIS	שמע: שמע והקשיב [krupnik] | הבין [krupnik] | שרת [krupnik] | השמיע [krupnik] | הורה, הודיע [krupnik] | נשמע [krupnik] | נכנע [krupnik] | שמע [jastrow] | שמע [jastrow] | השמיע [reviewed] ;; שמעא: משרת, שמש [krupnik]	שמע: K: recitation of the Sh'ma (Deut. 6, 4-9) | zweimal täglich zu rezitierender Abschnitt des Pentateuchs || J(שָׁמַע bh): to be still,; to hear, listen, obey; to understand; m’ḳuddash || J(שְׁמַע I ch): he knows of; to understand from, t	not available (no open digital HeArukh/Meturgeman text)			—	yes
472	top-500	שמת	2	Daniel.3.10 Ezra.6.12	Biblical Aramaic (Daniel, Ezra) (B)	שמת שומ שמתא	MISSING_HEBREW_GLOSS	the dictionaries have the word, but no Hebrew sense (English only / Krupnik without Hebrew) — NO_HEBREW_SENSE שמת	שמת: החרים ונידה [krupnik] ;; שומ: אמד, שיער, העריך [krupnik] | נערך [krupnik] | הערכה ואומד [krupnik] | שם [krupnik] | בשביל [krupnik] | כשם [krupnik] | בסבת, מפאת [krupnik] | מפני שׁ־ [krupnik] | שום [jastrow] | שום [jastrow] | שום [jastrow] ;; שמתא: נידוי וחרם [krupnik] | דבר מוחרם [krupnik] | חר	שמת: J(שְׁמַת): to be still, desolate; to excommunicate, accurse ;; שומ: J(שׂוּם bh): to place, put, appoint, make || J(שׂוּם ² ch): to be placed || J(שׁוּם I): to arrange;; to value, estimate; to mark, name; v’sam || J(שׁוּם ch): to tax, i	not available (no open digital HeArukh/Meturgeman text)			—	yes
473	top-500	שנה	2	Daniel.7.5 Daniel.7.19	Biblical Aramaic (Daniel, Ezra) (B)	שני שנה שינה שנא	SENSE_CHOICE	several Hebrew senses (or two lemmas) — a reviewer must choose — AMBIGUOUS_SENSE שני: חזר, כפל | היה משונה, שונה | שינה והחליף | השיב	שני: חזר, כפל [krupnik] | היה משונה, שונה [krupnik] | שינה והחליף [krupnik] | השיב [krupnik] | שינה והחליף [krupnik] | נשתנה ונתחלף [krupnik] | שני [jastrow] ;; שנא: שנא [jastrow] | שנה [jastrow]	שני: J(שָׁנִי bh): scarlet; kasshanim?; kasshani || J(שני bh): to repeat, do a second time; to study the Mishnah; to study; to teach || J(שְׁנֵי ch): to repeat; to change; to be different; Part || J(שְׁנֵי ²): two || J(שְׂנֵי): to hate || J	not available (no open digital HeArukh/Meturgeman text)			—	yes
474	top-500	שנת	2	Ezra.4.24 Ezra.6.15	Biblical Aramaic (Daniel, Ezra) (B)	שינה שנא שנה שני	MORPHOLOGY	a known lemma with a Hebrew sense is reachable, but a precision rule blocks the analysis — NO_ANALYSIS	שנא: שנא [jastrow] | שנה [jastrow] ;; שני: חזר, כפל [krupnik] | היה משונה, שונה [krupnik] | שינה והחליף [krupnik] | השיב [krupnik] | שינה והחליף [krupnik] | נשתנה ונתחלף [krupnik] | שני [jastrow]	שינה: J(שֵׁינָה bh): sleep ;; שנא: J(שָׂנֵא bh): to hate; to be hated; y’shunne || J(שְׁנָא I): to change || J(שְׁנָא II ch): year ;; שנה: K: to repeat | wiederholen || J(שָׁנָה II bh): year; birkhath hash-shanim ;; שני: J(שָׁנִי bh): scarl	not available (no open digital HeArukh/Meturgeman text)			—	yes
475	top-500	שעתא	2	Daniel.3.6 Daniel.4.30	Biblical Aramaic (Daniel, Ezra) (B)	שעתא שוע שיע	MORPHOLOGY	a known lemma with a Hebrew sense is reachable, but a precision rule blocks the analysis — RARE_UNREVIEWED שעתא// "שעה"	שעתא: שעה [jastrow] ;; שוע: חָלק [krupnik] | החליק [krupnik] | ניטוח [krupnik] | שוע [jastrow] ;; שיע: מלט [krupnik]	שעתא: J(שַׁעְתָּא): while, time; hour ;; שוע: K: to become a smooth mass | platt geschlagen werden || J(שׁוּעַ): to be smooth, soft;; to be discouraged, to despair; al tishtʿa || J(שׁוּעַ ² ch): to smooth over; to plaster; Part. pass. || J(	not available (no open digital HeArukh/Meturgeman text)			—	yes
476	top-500	שעתה	2	Daniel.3.15 Daniel.5.5	Biblical Aramaic (Daniel, Ezra) (B)	שעתא	MORPHOLOGY	a known lemma with a Hebrew sense is reachable, but a precision rule blocks the analysis — NO_ANALYSIS	שעתא: שעה [jastrow]	שעתא: J(שַׁעְתָּא): while, time; hour	not available (no open digital HeArukh/Meturgeman text)			—	yes
477	top-500	שפר	2	Daniel.3.32 Daniel.6.2	Biblical Aramaic (Daniel, Ezra) (B)	שפר שפיר	MORPHOLOGY	a known lemma with a Hebrew sense is reachable, but a precision rule blocks the analysis — RARE_UNREVIEWED שפר// "מבחר, מיטב"	שפר: הידר [krupnik] | היה יפה [krupnik] | התיפה [krupnik] | מבחר, מיטב [krupnik] | שפר [jastrow] | שפר [jastrow] ;; שפיר: שפיר [jastrow]	שפר: K: to be adorned | sich schmücken || J(שָׁפַר bh): to be smooth, rounded; to be pleasing, good, cheerful; to cleanse, make pleasing; to conci || J(שְׁפַר ch): to cleanse, make handsome, pleasant; Pa.; to make one’s self fair, adorn one	not available (no open digital HeArukh/Meturgeman text)			—	yes
478	top-500	שת	2	Daniel.3.1 Ezra.6.15	Biblical Aramaic (Daniel, Ezra) (B)		TRUE_LEXICAL_GAP	no lexicon entry the form could belong to — NO_ANALYSIS	—	—	not available (no open digital HeArukh/Meturgeman text)			—	yes
479	top-500	תדק	2	Daniel.2.40 Daniel.2.44	Biblical Aramaic (Daniel, Ezra) (B)		TRUE_LEXICAL_GAP	no lexicon entry the form could belong to — NO_ANALYSIS	—	—	not available (no open digital HeArukh/Meturgeman text)			—	yes
480	top-500	תוכל	2	Daniel.5.16	Biblical Aramaic (Daniel, Ezra) (B)	כול אכל	MORPHOLOGY	a known lemma with a Hebrew sense is reachable, but a precision rule blocks the analysis — NO_ANALYSIS	כול: מדד [krupnik] | כול [jastrow] | כל [jastrow] | כל שכן [jastrow] ;; אכל: אכל [jastrow]	כול: J(כּוּל bh): to enclose; to measure. || J(כּוּל ² ch): kor; kab; kab || J(כּוֹל ch): all, every one; any; all of thee, of him; entire ;; אכל: J(אָכַל bh): to rub; to gnaw, eat, consume; to absorb, occupy, take away || J(אֲכַל ch): to e	not available (no open digital HeArukh/Meturgeman text)			—	yes
481	top-500	תחות	2	Daniel.7.27 Jeremiah.10.11	Biblical Aramaic (Daniel, Ezra) (B)	תחות חות	MORPHOLOGY	a known lemma with a Hebrew sense is reachable, but a precision rule blocks the analysis — RARE_UNREVIEWED תחות// "תחת"	תחות: תחת [jastrow]	תחות: J(תְּחוֹת): under, beneath, in place of ;; חות: J(חוּת): to shrink from, to loathe; Part.; to create aversion	not available (no open digital HeArukh/Meturgeman text)			—	yes
482	top-500	תלתינ	2	Daniel.6.8 Daniel.6.13	Biblical Aramaic (Daniel, Ezra) (B)	תלת תלתי	MORPHOLOGY	a known lemma with a Hebrew sense is reachable, but a precision rule blocks the analysis — RARE_UNREVIEWED תלת/n.pl/ "שלש"	תלת: חילק לשלשה חלקים [krupnik] | עשה בפעם השלישית [krupnik] | נעשה בפעם השלישית [krupnik] | שלש [jastrow]	תלת: J(תַּלֵּת): to divide into three parts; to do a third time; Part. pass || J(תְּלַת): three; on the third; thirteen ;; תלתי: J(תִּלְתָּי): by the; tierce, large measure	not available (no open digital HeArukh/Meturgeman text)			—	yes
483	top-500	תעדא	2	Daniel.6.9 Daniel.6.13	Biblical Aramaic (Daniel, Ezra) (B)	עדא עדי	MORPHOLOGY	a known lemma with a Hebrew sense is reachable, but a precision rule blocks the analysis — RARE_UNREVIEWED עדא/pe.impf.2ms/ "שובב"	עדא: שובב [krupnik] ;; עדי: עדי [jastrow] | עדי [jastrow]	עדא: K: to capture | erbeuten || K: this | dies || J(עָדָא II): plunderer ;; עדי: K: cold | Kälte || K: this is | das ist || K: a man’s name | männlicher Name || J(עדי bh): to turn, pass; to pass by; to pass away; to be passed, be caught in	not available (no open digital HeArukh/Meturgeman text)			—	yes
484	top-500	תפלונ	2	Daniel.3.5 Daniel.3.15	Biblical Aramaic (Daniel, Ezra) (B)	נפל פלה פלי תפל	MORPHOLOGY	a known lemma with a Hebrew sense is reachable, but a precision rule blocks the analysis — NO_ANALYSIS	נפל: נתפורר [krupnik] | נפל [jastrow] ;; פלה: פִּלָּה בדק [krupnik] ;; פלי: בקע [krupnik] | פלי [jastrow] ;; תפל: טח ומרח [krupnik] | הוציא לעז [krupnik] | תפל [jastrow]	נפל: J(נָפַל bh): to fall, lie down; to be dropped; to occur; to cause to fall; to throw down; to miscarry || J(נְפַל ch): Hif.; to be upset, fall in || J(נֵפֶל): capacity for seed; abortion; premature, not viable birth ;; פלי: J(*פָּלִי): 	not available (no open digital HeArukh/Meturgeman text)			—	yes
485	top-500	תפתיא	2	Daniel.3.2 Daniel.3.3	Biblical Aramaic (Daniel, Ezra) (B)		TRUE_LEXICAL_GAP	no lexicon entry the form could belong to — NO_ANALYSIS	—	—	not available (no open digital HeArukh/Meturgeman text)			—	yes
486	top-500	תקיפה	2	Daniel.2.40 Daniel.2.42	Biblical Aramaic (Daniel, Ezra) (B)	תקפ תקיפ	MORPHOLOGY	a known lemma with a Hebrew sense is reachable, but a precision rule blocks the analysis — NO_ANALYSIS	תקפ: היה חזק [krupnik] | התגבר [krupnik] | החמיץ [krupnik] | התגבר [krupnik] | חיזק [krupnik] | החזיק, אחז [krupnik] | חיזק [krupnik] | הקשה קושיא [krupnik] | תקף [jastrow] ;; תקיפ: תקיף [jastrow]	תקפ: J(תָּקַף bh): to seize, overpower; to rest heavily upon, be hard || J(תְּקַף ch): to seize, hold firmly; Ittof.; to be strong, become powerful ;; תקיפ: J(תַּקִּיף bh): strong, powerful; Fem. || J(תַּקִּיף ² ch): strong, mighty; protect	not available (no open digital HeArukh/Meturgeman text)			—	yes
487	top-500	תקיפינ	2	Daniel.3.33 Ezra.4.20	Biblical Aramaic (Daniel, Ezra) (B)	תקיפ נקפ תקפ	MISSING_HEBREW_GLOSS	the dictionaries have the word, but no Hebrew sense (English only / Krupnik without Hebrew) — NO_HEBREW_SENSE תקיפ	תקיפ: תקיף [jastrow] ;; נקפ: חבט זיתים [krupnik] | הסמיך והדביק, השוה [krupnik] | סיבב [krupnik] | הלוה [krupnik] | התנגף, נפצע [krupnik] | פצע וחבורה [krupnik] | פקפוק, חשש [krupnik] | נקף [jastrow] | נקף [jastrow] | מוקף [jastrow] ;; תקפ: היה חזק [krupnik] | התגבר [krupnik] | החמיץ [krupnik] | התג	תקיפ: J(תַּקִּיף bh): strong, powerful; Fem. || J(תַּקִּיף ² ch): strong, mighty; protector; hard, stern, severe; Fem. ;; נקפ: K: to sell on terms | Kredit gewähren || J(נָקַף I bh): to bring in close contact; to knock, strike against, woun	not available (no open digital HeArukh/Meturgeman text)			—	yes
488	top-500	תקל	2	Daniel.5.25 Daniel.5.27	Biblical Aramaic (Daniel, Ezra) (B)	תקל תקלא	SENSE_CHOICE	several Hebrew senses (or two lemmas) — a reviewer must choose — AMBIGUOUS_SENSE תקל: שקל | נכשל	תקל: הִתְקִיל נכשל [krupnik] | שקל [krupnik] | נכשל [krupnik] | הכשיל [krupnik] | סיקל מאבנים [krupnik] | נשקל [krupnik] | נכשל [krupnik] | שקל [jastrow] | תקל [jastrow] ;; תקלא: שקל [krupnik] | מכשול ומוקש [krupnik]	תקל: J(תְּקַל I): to weigh; Ithpe.; to be weighed || J(תָּקַל): to strike, knock; to strike against, stumble || J(תְּקַל II ch): to stumble, fail; to clear; Ithpe. ;; תקלא: J(תִּקְלָא): weight; half a; Shekel || J(תַּקְלָא): stumbling, stum	not available (no open digital HeArukh/Meturgeman text)			—	yes
489	top-500	תשלט	2	Daniel.2.39 Daniel.5.16	Biblical Aramaic (Daniel, Ezra) (B)	שלט	MORPHOLOGY	a known lemma with a Hebrew sense is reachable, but a precision rule blocks the analysis — NO_ANALYSIS	שלט: משל [krupnik] | נעשה שליט, נתיפה כחו [krupnik] | שלט [jastrow]	שלט: J(שָׁלַט bh): to handle; to rule, have power over; zohăma || J(שְׁלַט ch): to handle; to give power, appoint; to be made || J(שֶׁלֶט bh): armor, shields;; arm-bearers; the righteous as the protectors of their generation	not available (no open digital HeArukh/Meturgeman text)			—	yes
490	top-500	תשמעונ	2	Daniel.3.5 Daniel.3.15	Biblical Aramaic (Daniel, Ezra) (B)	שמע	MORPHOLOGY	a known lemma with a Hebrew sense is reachable, but a precision rule blocks the analysis — NO_ANALYSIS	שמע: שמע והקשיב [krupnik] | הבין [krupnik] | שרת [krupnik] | השמיע [krupnik] | הורה, הודיע [krupnik] | נשמע [krupnik] | נכנע [krupnik] | שמע [jastrow] | שמע [jastrow] | השמיע [reviewed]	שמע: K: recitation of the Sh'ma (Deut. 6, 4-9) | zweimal täglich zu rezitierender Abschnitt des Pentateuchs || J(שָׁמַע bh): to be still,; to hear, listen, obey; to understand; m’ḳuddash || J(שְׁמַע I ch): he knows of; to understand from, t	not available (no open digital HeArukh/Meturgeman text)			—	yes
491	top-500	תשנא	2	Daniel.6.18 Daniel.7.23	Biblical Aramaic (Daniel, Ezra) (B)	שנא שנה שני תש	MORPHOLOGY	a known lemma with a Hebrew sense is reachable, but a precision rule blocks the analysis — RARE_UNREVIEWED שנא/pe.impf.2ms/ "תשנה"	שנא: שנא [jastrow] | שנה [jastrow] ;; שני: חזר, כפל [krupnik] | היה משונה, שונה [krupnik] | שינה והחליף [krupnik] | השיב [krupnik] | שינה והחליף [krupnik] | נשתנה ונתחלף [krupnik] | שני [jastrow] ;; תש: רפה [krupnik]	שנא: J(שָׂנֵא bh): to hate; to be hated; y’shunne || J(שְׁנָא I): to change || J(שְׁנָא II ch): year ;; שנה: K: to repeat | wiederholen || J(שָׁנָה II bh): year; birkhath hash-shanim ;; שני: J(שָׁנִי bh): scarlet; kasshanim?; kasshani || J(	not available (no open digital HeArukh/Meturgeman text)			—	yes
492	top-500	אבהתי	1	Daniel.2.23	Biblical Aramaic (Daniel, Ezra) (B)	בהת אבהתא	MORPHOLOGY	a known lemma with a Hebrew sense is reachable, but a precision rule blocks the analysis — NO_ANALYSIS	בהת: התבייש [krupnik] | נבהל [krupnik] | בייש [krupnik] | הפחיד [krupnik] | בוש [jastrow]	בהת: J(בְּהַת): to be confounded, abashed, ashamed; to be bewildered; to put to shame	not available (no open digital HeArukh/Meturgeman text)			—	yes
493	top-500	אבהתכ	1	Ezra.4.15	Biblical Aramaic (Daniel, Ezra) (B)	אבהתא	MISSING_HEBREW_GLOSS	the dictionaries have the word, but no Hebrew sense (English only / Krupnik without Hebrew) — NO_ANALYSIS	—	—	not available (no open digital HeArukh/Meturgeman text)			—	yes
494	top-500	אבהתנא	1	Ezra.5.12	Biblical Aramaic (Daniel, Ezra) (B)	בהת אבהתא	MISSING_HEBREW_GLOSS	the dictionaries have the word, but no Hebrew sense (English only / Krupnik without Hebrew) — NO_HEBREW_SENSE בהת	בהת: התבייש [krupnik] | נבהל [krupnik] | בייש [krupnik] | הפחיד [krupnik] | בוש [jastrow]	בהת: J(בְּהַת): to be confounded, abashed, ashamed; to be bewildered; to put to shame	not available (no open digital HeArukh/Meturgeman text)			—	yes
495	top-500	אבי	1	Daniel.5.13	Biblical Aramaic (Daniel, Ezra) (B)	אבי אב אבא	MORPHOLOGY	a known lemma with a Hebrew sense is reachable, but a precision rule blocks the analysis — NO_ANALYSIS	אב: ראש ועיקר [krupnik] | החודש החמישי מניסן [krupnik] ;; אבא: אב, אבי [krupnik] | יער [krupnik] | אב [jastrow]	אבי: J(אָבֵי): to press, surround, embrace; to be willing ;; אב: J(אָב I): Ab, || J(אָב II bh): father, ancestor, progenitor; teacher; chief, leader; author, originator; Nassi; origin, c || J(אֵב): swelling, spreading; the young shoots of a	not available (no open digital HeArukh/Meturgeman text)			—	yes
496	top-500	אבעא	1	Daniel.7.16	Biblical Aramaic (Daniel, Ezra) (B)	נבע בעה בעי	MISSING_HEBREW_GLOSS	the dictionaries have the word, but no Hebrew sense (English only / Krupnik without Hebrew) — NO_HEBREW_SENSE נבע	נבע: נבע [jastrow] ;; בעה: שאל, ביקש [he] ;; בעי: שאל [krupnik] | התפלל, בקש רחמים [krupnik] | היה צריך [krupnik] | נתבקש [krupnik] | נבהל ללכת [krupnik] | נשאל [krupnik] | צריך להיות [krupnik] | פיהק [krupnik] | בעי [jastrow]	נבע: J(נָבַע bh): to burst forth; to flow, gush; to give forth, utter; to cause bubbling, fermenting || J(נְבַע ch): Hif. ;; בעה: K: to destroy the crop | abweiden ;; בעי: K: not only … but | nicht nur … sondern auch || J(בעי bh): to enter 	not available (no open digital HeArukh/Meturgeman text)			—	yes
497	top-500	אגרה	1	Ezra.4.8	Biblical Aramaic (Daniel, Ezra) (B)	אגר אגרא גרי אגרתא	MORPHOLOGY	a known lemma with a Hebrew sense is reachable, but a precision rule blocks the analysis — NO_ANALYSIS	אגר: שכר [krupnik] | שכר [krupnik] | אגר [jastrow] ;; אגרא: שכר [krupnik] | אסל [he] | שכר, תשלום [he] | גג [he] ;; גרי: השליך למרחוק [krupnik] | השליך למרחוק [krupnik] | משך [krupnik] | משך [krupnik] | התחיל בריב [krupnik] | התחמם [krupnik] | גרי [jastrow] ;; אגרתא: אגרת [jastrow]	אגר: K: gird | gürten || J(אָגַר I bh): to gather, collect; ăgartlé; to store up thoughts, arguments || J(אֲגַר I ch): to heap up || J(אָגַר II): to gird, arm; to halt; to occupy space || J(אֲגַר II): to tie; to hire, employ, rent; to rent 	not available (no open digital HeArukh/Meturgeman text)			—	yes
498	top-500	אדר	1	Ezra.6.15	Biblical Aramaic (Daniel, Ezra) (B)	אדר אורא דור נדר אדרא	SENSE_CHOICE	several Hebrew senses (or two lemmas) — a reviewer must choose — AMBIGUOUS_SENSE אדר: כבד והדר | עור | גורן	אדר: כבד והדר [krupnik] | עור [krupnik] | אדר [jastrow] | גורן [he] ;; דור: הכניס [krupnik] | נזבל [krupnik] | גר, שכן [krupnik] | זר, מסגרת [krupnik] | עור ממולא [krupnik] | שורה [krupnik] | דור [jastrow] ;; נדר: חייב ואסר בתורת נדר [krupnik] | נדר [jastrow] | נדר [jastrow] ;; אדרא: עור [krupnik] |	אדר: K: holm-oak | Steineiche || J(אָדַר bh): to cut off, surround, isolate;; distinguish.; to darken || J(אֲדַר ch): to distinguish || J(אֲדָר): the cloudy; Adar; First Adar || J(אִדַּר): a place cut off, circle; threshing place, barn;; th	not available (no open digital HeArukh/Meturgeman text)			—	yes
499	top-500	אדרזדא	1	Ezra.7.23	Biblical Aramaic (Daniel, Ezra) (B)	אדרזדא	MISSING_HEBREW_GLOSS	the dictionaries have the word, but no Hebrew sense (English only / Krupnik without Hebrew) — NO_ANALYSIS	—	אדרזדא: J(*אַדְרַזְדָּא): diligently, quickly.	not available (no open digital HeArukh/Meturgeman text)			—	yes
500	top-500	אדרי	1	Daniel.2.35	Biblical Aramaic (Daniel, Ezra) (B)	אדר דרי אדרא דרא נדר	SENSE_CHOICE	several Hebrew senses (or two lemmas) — a reviewer must choose — AMBIGUOUS_SENSE אדר: כבד והדר | עור | גורן	אדר: כבד והדר [krupnik] | עור [krupnik] | אדר [jastrow] | גורן [he] ;; דרי: נשא, סבל [krupnik] | קפץ אל־ [krupnik] | זרה [jastrow] ;; אדרא: עור [krupnik] | נס ודגל [krupnik] | עצם של דג [krupnik] ;; דרא: דור [krupnik] | שורה [krupnik] | מדורה [krupnik] | מין אבן טובה [krupnik] | נשא [krupnik] | זרה 	אדר: K: holm-oak | Steineiche || J(אָדַר bh): to cut off, surround, isolate;; distinguish.; to darken || J(אֲדַר ch): to distinguish || J(אֲדָר): the cloudy; Adar; First Adar || J(אִדַּר): a place cut off, circle; threshing place, barn;; th	not available (no open digital HeArukh/Meturgeman text)			—	yes
501	top-1000	אהודענה	1	Daniel.5.17	Biblical Aramaic (Daniel, Ezra) (B)		TRUE_LEXICAL_GAP	no lexicon entry the form could belong to — NO_ANALYSIS	—	—	not available (no open digital HeArukh/Meturgeman text)			—	yes
502	top-1000	אזה	1	Daniel.3.22	Biblical Aramaic (Daniel, Ezra) (B)	אזי אזא	MORPHOLOGY	a known lemma with a Hebrew sense is reachable, but a precision rule blocks the analysis — NO_ANALYSIS	אזי: הסיק [krupnik]	אזי: J(אֲזִי): to heat; make steam; to be heated ;; אזא: J(אֲזָא): to kindle || J(*אָזָא): sea-eagle	not available (no open digital HeArukh/Meturgeman text)			—	yes
503	top-1000	אזלו	1	Ezra.4.23	Biblical Aramaic (Daniel, Ezra) (B)	אזל נזל זלי	MORPHOLOGY	a known lemma with a Hebrew sense is reachable, but a precision rule blocks the analysis — NO_ANALYSIS	אזל: הלך [krupnik] | טוה [krupnik] ;; נזל: טפטף, הזיב [krupnik] | נזל [jastrow]	אזל: J(אֲזַל I bh): to be gone, to leave; to go; Imper; to depart life, die || J(אֲזַל II): to spin, weave ;; נזל: J(נָזַל bh): to run, melt, be distilled; running waters; to cause to flow; to distill || J(נְזַל ch): part.; adj.; running wa	not available (no open digital HeArukh/Meturgeman text)			—	yes
504	top-1000	אזלנא	1	Ezra.5.8	Biblical Aramaic (Daniel, Ezra) (B)	אזל	MORPHOLOGY	a known lemma with a Hebrew sense is reachable, but a precision rule blocks the analysis — RARE_UNREVIEWED אזל/pe.ptcp.1s/ "אני הולך"	אזל: הלך [krupnik] | טוה [krupnik]	אזל: J(אֲזַל I bh): to be gone, to leave; to go; Imper; to depart life, die || J(אֲזַל II): to spin, weave	not available (no open digital HeArukh/Meturgeman text)			—	yes
505	top-1000	אחוא	1	Daniel.2.24	Biblical Aramaic (Daniel, Ezra) (B)	אחוא חוי	MORPHOLOGY	a known lemma with a Hebrew sense is reachable, but a precision rule blocks the analysis — RARE_UNREVIEWED אחוא// "אחו"	אחוא: אחו [jastrow] ;; חוי: אַחֲוֵי הראה [krupnik]	אחוא: J(אַחְוָא): meadow-grass, reed ;; חוי: J(חוי): to point; to show, teach, tell || J(חוי ² ch): Pa.; to show;to tell; to be announced; to be told	not available (no open digital HeArukh/Meturgeman text)			—	yes
506	top-1000	אחידנ	1	Daniel.5.12	Biblical Aramaic (Daniel, Ezra) (B)	אחידה אחד יחד	MISSING_HEBREW_GLOSS	the dictionaries have the word, but no Hebrew sense (English only / Krupnik without Hebrew) — NO_HEBREW_SENSE אחידה	אחד: אחז, תפס [krupnik] | סגר [krupnik] ;; יחד: ריכז, צמצם [krupnik] | התחבר והתאחד [krupnik] | מיוחד [jastrow]	אחידה: K: conquering, conquest | Eroberung || J(אֲחִידָה I): taking possession, capture || J(אֲחִידָה II): enigma. ;; אחד: K: both … and | sowohl … als auch || J(אֶחָד): one; simultaneously; how much the more || J(אָחַד): to join, close.; P	not available (no open digital HeArukh/Meturgeman text)			—	yes
507	top-1000	אחיכ	1	Ezra.7.18	Biblical Aramaic (Daniel, Ezra) (B)	חוכ אחיכ אח	MISSING_HEBREW_GLOSS	the dictionaries have the word, but no Hebrew sense (English only / Krupnik without Hebrew) — NO_HEBREW_SENSE חוכ	חוכ: חכך [krupnik] | צחוק, לעג [krupnik] | חוך [jastrow] ;; אח: לצער [krupnik] | לשמחה [krupnik] | אח [jastrow]	חוכ: J(חוֹךְ): to rub, scratch || J(חוּךְ II): to hawk; to laugh; to jest with, caress; to laugh at || J(חוֹךְ I): scab || J(חוֹךְ II): laughter, gladness, object of derision ;; אחיכ: J(אֲחִיךְ): to laugh ;; אח: J(אָח I bh): brother, kinsma	not available (no open digital HeArukh/Meturgeman text)			—	yes
508	top-1000	אחכ	1	Ezra.7.18	Biblical Aramaic (Daniel, Ezra) (B)	אח	MORPHOLOGY	a known lemma with a Hebrew sense is reachable, but a precision rule blocks the analysis — NO_ANALYSIS	אח: לצער [krupnik] | לשמחה [krupnik] | אח [jastrow]	אח: J(אָח I bh): brother, kinsman; fellow, equal, fellow-believer; ăhashverosh; āḥu || J(אַח ch): our brothers || J(אָח II): Oh!; ăhashverosh;; Ahab	not available (no open digital HeArukh/Meturgeman text)			—	yes
509	top-1000	אחריהונ	1	Daniel.7.24	Biblical Aramaic (Daniel, Ezra) (B)		TRUE_LEXICAL_GAP	no lexicon entry the form could belong to — NO_ANALYSIS	—	—	not available (no open digital HeArukh/Meturgeman text)			—	yes
510	top-1000	אחרינ	1	Daniel.4.5	Biblical Aramaic (Daniel, Ezra) (B)	אחר אחרינא חרה חרי נחר	MORPHOLOGY	a known lemma with a Hebrew sense is reachable, but a precision rule blocks the analysis — NO_ANALYSIS	אחר: נהג בשגעון [krupnik] | אחר [jastrow] ;; אחרינא: אחר [krupnik] ;; חרה: הכעיס, גרם חרון [krupnik] ;; חרי: הדליק, הסיק [krupnik] | גללים [krupnik] | חרי [jastrow] ;; נחר: דקר [krupnik] | שתת דם [krupnik] | נדקר [krupnik] | השמיע קול נחרה [krupnik] | נחר [jastrow]	אחר: J(אָחַר bh): to be behind; to cover; to tarry, hesitate; to set behind || J(אֲחַר ch): to be behind; to cover; be delayed || J(אַחַר bh): after, behind; aḥaré; in connection with || J(אַחֵר bh): another, the other, stranger; another th	not available (no open digital HeArukh/Meturgeman text)			—	yes
511	top-1000	אחת	1	Ezra.5.15	Biblical Aramaic (Daniel, Ezra) (B)	אחת נחת אות את אחה אחי	MORPHOLOGY	a known lemma with a Hebrew sense is reachable, but a precision rule blocks the analysis — RARE_UNREVIEWED אחת// "אחות"	אחת: אחות [jastrow] ;; נחת: ירד [krupnik] | הוריד [krupnik] | הרגיע [krupnik] | הורד [krupnik] | נחת [jastrow] ;; אות: נהנה [krupnik] | ציון של כתב [krupnik] ;; את: סימן [krupnik] | אות [jastrow] ;; אחה: איחד, חיבר [krupnik] | תפר [krupnik] | התאחד [krupnik]	אחת: J(אֲחָת): twin sisters ;; נחת: J(נַחַת bh): rest, tray, stand; ease; gentleness; comfort; gratification, pleasure || J(נָחַת bh): to be put down, to go down; to be humbled, bow || J(נְחַת ch): to go down; to put down; to lower, remove 	not available (no open digital HeArukh/Meturgeman text)			—	yes
512	top-1000	אילנ	1	Daniel.4.7	Biblical Aramaic (Daniel, Ezra) (B)	אילנ אילינ אילא איל אילתא	MORPHOLOGY	a known lemma with a Hebrew sense is reachable, but a precision rule blocks the analysis — RARE_UNREVIEWED אילנ// "עץ"	אילנ: עץ [krupnik] | אילן [jastrow] ;; אילינ: אותם ש־ [krupnik] ;; אילא: תולעת [krupnik] | איל [jastrow] | איל [jastrow]	אילנ: J(אִילָּן): oak; tree. ;; אילינ: J(אִילֵּין): these, those ;; אילא: K: name of a Tanna and an Amora | Name eines Tannaiten und eines Amoräers || J(אֵילָא ch): beak of a ship; prow; projection from a lateral wall, buttress ;; איל: J(*א	not available (no open digital HeArukh/Meturgeman text)			—	yes
513	top-1000	איתוהי	1	Daniel.2.11	Biblical Aramaic (Daniel, Ezra) (B)		TRUE_LEXICAL_GAP	no lexicon entry the form could belong to — NO_ANALYSIS	—	—	not available (no open digital HeArukh/Meturgeman text)			—	yes
514	top-1000	איתינא	1	Daniel.3.18	Biblical Aramaic (Daniel, Ezra) (B)		TRUE_LEXICAL_GAP	no lexicon entry the form could belong to — NO_ANALYSIS	—	—	not available (no open digital HeArukh/Meturgeman text)			—	yes
515	top-1000	איתנא	1	Daniel.3.18	Biblical Aramaic (Daniel, Ezra) (B)	תני תנה איתנ	MORPHOLOGY	a known lemma with a Hebrew sense is reachable, but a precision rule blocks the analysis — RARE_UNREVIEWED תני/itpa.perf.3ms/ "נשנה"	תני: חזר ועשה [krupnik] | לימד [krupnik] | קיבל ומסר הלכה [krupnik] | שינה [krupnik] | דיבר, סיפר [krupnik] | לימד [krupnik] | נכפל [krupnik] | הוגד [krupnik] | הוחד [krupnik] | תני [jastrow] | שנה [reviewed]	תני: J(תני bh): to repeat; to tell; to stipulate, agree, make a condition || J(תְּנֵי ch): to repeat, do a second time; Pa.; to tell, relate; to teach || J(תְּנֵי II): to be pointed, sharp; to sharpen, to speak sharp words; to be sharpened 	not available (no open digital HeArukh/Meturgeman text)			—	yes
516	top-1000	אכלו	1	Daniel.6.25	Biblical Aramaic (Daniel, Ezra) (B)	כלי אכל	MORPHOLOGY	a known lemma with a Hebrew sense is reachable, but a precision rule blocks the analysis — NO_ANALYSIS	כלי: נגמר [krupnik] | איבד [krupnik] | שאג [krupnik] | עצר [krupnik] | נעצר [krupnik] | כְּלִי רִאשׁוֹן [krupnik] | כלי [jastrow] ;; אכל: אכל [jastrow]	כלי: J(כְּלִי bh): vessel, receptacle; bag; outfit, apparel, garment, tool, weapon.; Pl. || J(כלי bh): to enclose; to restrain, keep back; iron points; to be full, to be finished, to cease || J(כְּלֵי ch): to keep enclosed, to withhold, res	not available (no open digital HeArukh/Meturgeman text)			—	yes
517	top-1000	אכלי	1	Daniel.7.5	Biblical Aramaic (Daniel, Ezra) (B)	כלי אכלי אכלא אכל	SENSE_CHOICE	several Hebrew senses (or two lemmas) — a reviewer must choose — AMBIGUOUS_SENSE כלי: שאג | עצר	כלי: נגמר [krupnik] | איבד [krupnik] | שאג [krupnik] | עצר [krupnik] | נעצר [krupnik] | כְּלִי רִאשׁוֹן [krupnik] | כלי [jastrow] ;; אכלא: האוכל [krupnik] | תולעת [krupnik] ;; אכל: אכל [jastrow]	כלי: J(כְּלִי bh): vessel, receptacle; bag; outfit, apparel, garment, tool, weapon.; Pl. || J(כלי bh): to enclose; to restrain, keep back; iron points; to be full, to be finished, to cease || J(כְּלֵי ch): to keep enclosed, to withhold, res	not available (no open digital HeArukh/Meturgeman text)			—	yes
518	top-1000	אלהיא	1	Jeremiah.10.11	Biblical Aramaic (Daniel, Ezra) (B)	להי אלה	MISSING_HEBREW_GLOSS	the dictionaries have the word, but no Hebrew sense (English only / Krupnik without Hebrew) — NO_HEBREW_SENSE להי	אלה: מקל שראשו מעובה [krupnik] | קלשון [krupnik] | אלוה [jastrow]	להי: J(לְהִי): to be bent;; to be tired; to tire, annoy ;; אלה: J(אָלָה): to curse || J(אָלָה ² bh): to point; imprecation, curse || J(אֵלֶּה): these, those; v’elleh; elleh || J(אֵלָה bh): terebinth. || J(אַלָּה bh): lance, fork.; sign-pole	not available (no open digital HeArukh/Meturgeman text)			—	yes
519	top-1000	אלהנא	1	Daniel.3.17	Biblical Aramaic (Daniel, Ezra) (B)		TRUE_LEXICAL_GAP	no lexicon entry the form could belong to — NO_ANALYSIS	—	—	not available (no open digital HeArukh/Meturgeman text)			—	yes
520	top-1000	אלנ	1	Daniel.6.7	Biblical Aramaic (Daniel, Ezra) (B)	אלא אלה אלי אלתא	MORPHOLOGY	a known lemma with a Hebrew sense is reachable, but a precision rule blocks the analysis — NO_ANALYSIS	אלא: כי אם, בלתי אם [krupnik] | חוץ מן, מלבד [krupnik] | אבל, אולם [krupnik] | קונן [krupnik] ;; אלה: מקל שראשו מעובה [krupnik] | קלשון [krupnik] | אלוה [jastrow] ;; אלתא: אלה [jastrow]	אלא: J(אֵלָא): buttress || J(אֲלָא I): to lament || J(אֲלָא II): club, bat. || J(אֶלָּא): if not, except, but, only; th’lamm’dennu; th’lamm’dēnu ;; אלה: J(אָלָה): to curse || J(אָלָה ² bh): to point; imprecation, curse || J(אֵלֶּה): these, 	not available (no open digital HeArukh/Meturgeman text)			—	yes
521	top-1000	אלפא	1	Daniel.5.1	Biblical Aramaic (Daniel, Ezra) (B)	אלפ אלפא אילפא לפי	MISSING_HEBREW_GLOSS	the dictionaries have the word, but no Hebrew sense (English only / Krupnik without Hebrew) — NO_HEBREW_SENSE אלפ	אלפ: אלף [jastrow] ;; אילפא: ספינה [krupnik]	אלפ: K: the first letter of the alphabet | der erste Buchstabe des Alphabets || J(אֶלֶף bh): thousand.; Du.; a million || J(אֲלַף II): to join, be joined; to become used; to learn, study, train one’s self; accustomed, used to ;; אלפא: J(אִל	not available (no open digital HeArukh/Meturgeman text)			—	yes
522	top-1000	אלפימ	1	Daniel.7.10	Biblical Aramaic (Daniel, Ezra) (B)	אלפ	MISSING_HEBREW_GLOSS	the dictionaries have the word, but no Hebrew sense (English only / Krupnik without Hebrew) — NO_HEBREW_SENSE אלפ	אלפ: אלף [jastrow]	אלפ: K: the first letter of the alphabet | der erste Buchstabe des Alphabets || J(אֶלֶף bh): thousand.; Du.; a million || J(אֲלַף II): to join, be joined; to become used; to learn, study, train one’s self; accustomed, used to	not available (no open digital HeArukh/Meturgeman text)			—	yes
523	top-1000	אמה	1	Daniel.3.29	Biblical Aramaic (Daniel, Ezra) (B)	אמא אמה אימה אמ אימ אמתא	MORPHOLOGY	a known lemma with a Hebrew sense is reachable, but a precision rule blocks the analysis — RARE_UNREVIEWED אמא// "אמה"	אמא: אמר [krupnik] | אם, אמי [krupnik] | אמה [jastrow] ;; אימה: פלך לטויה [krupnik] ;; אימ: הטיל פחד [krupnik] ;; אמתא: אמה [krupnik] | שפחה [krupnik] | אמה [jastrow]	אמא: J(אַמָּא): cubit || J(אֲמָא II): to join; to say, speak, think; does it mean to say? ;; אמה: J(אַמָּה bh): fore-arm, arm; arm-pit; cubit || J(אָמָה bh): hand-maid ;; אימה: J(אִימָּה I): mother || J(אִימָּה II): to gather; distaff. || J	not available (no open digital HeArukh/Meturgeman text)			—	yes
524	top-1000	אנבה	1	Daniel.4.11	Biblical Aramaic (Daniel, Ezra) (B)	אנבא נבי	MORPHOLOGY	a known lemma with a Hebrew sense is reachable, but a precision rule blocks the analysis — NO_ANALYSIS	אנבא: ביצי כנים [krupnik]	אנבא: J(אִנְבָּא I): fruit, produce. || J(אִנְבָּא II): eggs of lice, nits ;; נבי: J(נבי I): Pi.; to blow ablaze || J(נבי II bh): to burst forth, blow; to be inspired, to prophesy || J(נְבֵי ch): Ithpa.	not available (no open digital HeArukh/Meturgeman text)			—	yes
525	top-1000	אנינ	1	Daniel.7.17	Biblical Aramaic (Daniel, Ezra) (B)	אנינ אננ איהו אנא אנה אני	MORPHOLOGY	a known lemma with a Hebrew sense is reachable, but a precision rule blocks the analysis — RARE_UNREVIEWED אנינ// "בעל הרגשה יתרה"	אנינ: בעל הרגשה יתרה [krupnik] ;; אננ: אנחנו [krupnik] | אנין [jastrow] ;; איהו: הוא [krupnik] ;; אנא: אנכי [krupnik] | אני [jastrow] ;; אנה: ציער והקניט [krupnik] ;; אני: ינה [jastrow]	אננ: J(אָנַן bh): to press, oppress, wrong; one who feels grieved, mourner; Onan || J(אֲנַן ch): to be grieved, to mourn ;; איהו: J(אִיהוּ): he, himself; she, herself ;; אנא: J(אָנָּא bh): oh! I pray || J(אִנָּא): if I ;; אני: J(אני): Pi.; 	not available (no open digital HeArukh/Meturgeman text)			—	yes
526	top-1000	אנס	1	Daniel.4.6	Biblical Aramaic (Daniel, Ezra) (B)	אנס אוניס אניסא אסי ניסא	SENSE_CHOICE	several Hebrew senses (or two lemmas) — a reviewer must choose — AMBIGUOUS_SENSE אנס: בעל זרוע	אנס: נוצח [krupnik] | נבעלה בעל כרחה [krupnik] | אבד [krupnik] | בעל זרוע [krupnik] ;; אסי: ריפא [krupnik] | רופא [krupnik] ;; ניסא: נס, פלא [krupnik] | אי [krupnik]	אנס: K: to violate | notzüchtigen || J(אָנַס bh): to bend, force; to do violence; to outrage; an outraged woman; the victim of an accident,  || J(אֲנַס ch): to take by force, snatch, rob; to oppress, rob; to distrain, fine || J(אַנָּס): one	not available (no open digital HeArukh/Meturgeman text)			—	yes
527	top-1000	אנשימ	1	Daniel.4.14	Biblical Aramaic (Daniel, Ezra) (B)	איש	MISSING_HEBREW_GLOSS	the dictionaries have the word, but no Hebrew sense (English only / Krupnik without Hebrew) — NO_HEBREW_SENSE איש	—	איש: J(אִישׁ bh): being, man; husband; lord	not available (no open digital HeArukh/Meturgeman text)			—	yes
528	top-1000	אנתונ	1	Daniel.2.8	Biblical Aramaic (Daniel, Ezra) (B)	אנתו אינ	MISSING_HEBREW_GLOSS	the dictionaries have the word, but no Hebrew sense (English only / Krupnik without Hebrew) — NO_HEBREW_SENSE אנתו	אינ: אם [krupnik]	אינ: K: yes | ja || J(אָיַן): to look upon, investigate || J(אַיִן I): naught; something rounded, decorative || J(אַיִן II bh): where?; whither?; whence || J(אֵין bh): nothing, not; not I; so much the more || J(אִין I): yes, indeed; is it r	not available (no open digital HeArukh/Meturgeman text)			—	yes
529	top-1000	אפרסיא	1	Ezra.4.9	Biblical Aramaic (Daniel, Ezra) (B)		TRUE_LEXICAL_GAP	no lexicon entry the form could belong to — NO_ANALYSIS	—	—	not available (no open digital HeArukh/Meturgeman text)			—	yes
530	top-1000	אצבענ	1	Daniel.5.5	Biblical Aramaic (Daniel, Ezra) (B)	צבע אצבע אצבעא	MORPHOLOGY	a known lemma with a Hebrew sense is reachable, but a precision rule blocks the analysis — NO_ANALYSIS	צבע: משח בצבע [krupnik] | טבל [krupnik] | הגריל [krupnik] | נטבל [krupnik] | אומן לצביעה [krupnik] | צבע [jastrow] | צבע [jastrow] | צבע [jastrow] ;; אצבעא: אצבע [jastrow]	צבע: J(צָבַע I): to seize, handle; to raise one or more fingers || J(צְבַע ch): Pa.; Hif.; to cast lots || J(צָבַע II): to dip; to dye; Orlah || J(צְבַע ² ch): to dip; to dye; to dip, immerse; Pe. || J(צֶבַע bh): dye, color; dyed material |	not available (no open digital HeArukh/Meturgeman text)			—	yes
531	top-1000	אקימה	1	Daniel.3.1	Biblical Aramaic (Daniel, Ezra) (B)		TRUE_LEXICAL_GAP	no lexicon entry the form could belong to — NO_ANALYSIS	—	—	not available (no open digital HeArukh/Meturgeman text)			—	yes
532	top-1000	אקרא	1	Daniel.5.17	Biblical Aramaic (Daniel, Ezra) (B)	אקרא קאי קרא קרי	MORPHOLOGY	a known lemma with a Hebrew sense is reachable, but a precision rule blocks the analysis — RARE_UNREVIEWED אקרא// "מבצר"	אקרא: מבצר [krupnik] ;; קרא: קשוא בצורת בקבוק [krupnik] | בקי במקרא [krupnik] | קרא [jastrow] | מקרא [jastrow] | דלעת [he] ;; קרי: עיר, קריה [krupnik] | קרי [jastrow] | קרי [jastrow]	אקרא: J(אַקְרָא): fort; fortified ford; summit ;; קאי: J(קָאֵי): standing ;; קרא: K: Biblical verse | Bibelvers || J(קָרָא I): pumpkin, gourd; all kinds of gourds || J(קָרָא II): to call || J(קְרָא II): Biblical verse; babboḳer || J(קַרָא):	not available (no open digital HeArukh/Meturgeman text)			—	yes
533	top-1000	ארחתכ	1	Daniel.5.23	Biblical Aramaic (Daniel, Ezra) (B)		TRUE_LEXICAL_GAP	no lexicon entry the form could belong to — NO_ANALYSIS	—	—	not available (no open digital HeArukh/Meturgeman text)			—	yes
534	top-1000	אריכ	1	Ezra.4.14	Biblical Aramaic (Daniel, Ezra) (B)	אריכ אריכא ארכ אריא	MORPHOLOGY	a known lemma with a Hebrew sense is reachable, but a precision rule blocks the analysis — NO_ANALYSIS	ארכ: נעשה ארוך [krupnik] | תקן, הכין [krupnik] | נקה [krupnik] ;; אריא: ארי [krupnik]	אריכ: J(אֲרִיךְ I bh): to be long, to project; to be prolonged; to lengthen; to be tall || J(אֲרִיךְ II): long; to arrange; right, befitting. || J(אָרִיךְ): prolonging, retarding || J(אָרֵיךְ): preparing, dressing ;; אריכא: K: long | lang |	not available (no open digital HeArukh/Meturgeman text)			—	yes
535	top-1000	ארכה	1	Daniel.4.24	Biblical Aramaic (Daniel, Ezra) (B)	ארכה ארכא ארוכה ארכ	MORPHOLOGY	a known lemma with a Hebrew sense is reachable, but a precision rule blocks the analysis — RARE_UNREVIEWED ארכה// "מועד"	ארכה: מועד [krupnik] ;; ארכא: ארוכה [jastrow] ;; ארוכה: לוח שבין כרעי המטה [krupnik] | מועד, ארכא [krupnik] ;; ארכ: נעשה ארוך [krupnik] | תקן, הכין [krupnik] | נקה [krupnik]	ארכה: J(אַרְכָה): extension, a certain time ;; ארכא: J(אַרְכָא I): meshes, ranges, intervals || J(אַרְכָא II): duration, term, limit; extension of time. || J(אַרְכָא III): healing, restoration ;; ארוכה: J(אֲרוּכָה I): long board, longside o	not available (no open digital HeArukh/Meturgeman text)			—	yes
536	top-1000	ארכוי	1	Ezra.4.9	Biblical Aramaic (Daniel, Ezra) (B)		TRUE_LEXICAL_GAP	no lexicon entry the form could belong to — NO_ANALYSIS	—	—	not available (no open digital HeArukh/Meturgeman text)			—	yes
537	top-1000	ארכויא	1	Ezra.4.9	Biblical Aramaic (Daniel, Ezra) (B)		TRUE_LEXICAL_GAP	no lexicon entry the form could belong to — NO_ANALYSIS	—	—	not available (no open digital HeArukh/Meturgeman text)			—	yes
538	top-1000	ארמית	1	Daniel.2.4	Biblical Aramaic (Daniel, Ezra) (B)	ארמי רמי	MORPHOLOGY	a known lemma with a Hebrew sense is reachable, but a precision rule blocks the analysis — NO_ANALYSIS	רמי: זרק, השליך [krupnik] | שם, הוסיף [krupnik] | היה מוטל בתורת חובה [krupnik] | שאל, הראה סתירה [krupnik] | הרים [krupnik] | הטף [krupnik] | הושלך, נזרק [krupnik] | הזדמן [krupnik] | רמי [jastrow]	ארמי: K: heathen | Heide || J(אֲרַמִּי): Aramaean, Aramaic, Chaldaic; Chaldaic; Romish, Roman, heathen ;; רמי: J(רַמִּי): Rammi; Rami || J(רמי bh): to move; to throw, swing; ramah || J(רְמֵי ch): to throw, swing; to put on; to impose; Part.	not available (no open digital HeArukh/Meturgeman text)			—	yes
539	top-1000	ארע	1	Daniel.2.39	Biblical Aramaic (Daniel, Ezra) (B)	ארע רעי רעע ארעא	MORPHOLOGY	a known lemma with a Hebrew sense is reachable, but a precision rule blocks the analysis — RARE_UNREVIEWED ארע// "אדמה, ארץ"	ארע: קרה [krupnik] | הגיע, בא [krupnik] | אדמה, ארץ [krupnik] | ארץ, אדמה [he] ;; רעי: רעה את הצאן [krupnik] | רצה [krupnik] | נרצה [krupnik] | רצה ב־ [krupnik] | בחר [krupnik] | רעי [jastrow] | רצה [jastrow] | רעי [jastrow] ;; רעע: רצץ [krupnik] | הורע [krupnik] | רעע [jastrow] ;; ארעא: אדמה, ארץ [	ארע: J(אָרַע): to strike against.; Nif.; to come in contact with || J(אֲרַע I ch): to join, meet, find; to attack, visit; to be met; to meet; to be shaken, weakened || J(*אָרַע II): Hif.; to proclaim a festival; to be proclaimed || J(אַרַע)	not available (no open digital HeArukh/Meturgeman text)			—	yes
540	top-1000	אשא	1	Daniel.7.11	Biblical Aramaic (Daniel, Ezra) (B)	אשא אושא אוש אשתא	MORPHOLOGY	a known lemma with a Hebrew sense is reachable, but a precision rule blocks the analysis — RARE_UNREVIEWED אשא// "אש"	אשא: אש [krupnik] | אש [jastrow] ;; אושא: יסוד [krupnik] ;; אוש: יסוד [krupnik] ;; אשתא: קדחת [krupnik] | ששה [krupnik]	אשא: J(אֶשָּׁא ch): fire; torches; fever || J(אָשָׁא): old ;; אושא: J(אוּשָּׁא): fortification ;; אוש: J(אֲוַשׁ): to blow vehemently, make noise, shout; ‘bar’khu’; to swell, to be large, fulsome, lengthy || J(אוּשׁ I): to be strong, exist.;	not available (no open digital HeArukh/Meturgeman text)			—	yes
541	top-1000	אשיא	1	Ezra.5.16	Biblical Aramaic (Daniel, Ezra) (B)	אשא אשיתא	SENSE_CHOICE	several Hebrew senses (or two lemmas) — a reviewer must choose — AMBIGUOUS אשא/n.pl "אש" ~ אשיתא/n.sg "אשיה"	אשא: אש [krupnik] | אש [jastrow] ;; אשיתא: כותל [krupnik] | ששה [krupnik] | אשיה [jastrow]	אשא: J(אֶשָּׁא ch): fire; torches; fever || J(אָשָׁא): old ;; אשיתא: J(אַשְׁיְתָא): meshes, layers; frame-wall; foundation || J(אֲשִׁיתָּא): six; sixty	not available (no open digital HeArukh/Meturgeman text)			—	yes
542	top-1000	אשכללו	1	Ezra.4.12	Biblical Aramaic (Daniel, Ezra) (B)	שכלל	MORPHOLOGY	a known lemma with a Hebrew sense is reachable, but a precision rule blocks the analysis — NO_ANALYSIS	שכלל: שכלל [jastrow]	שכלל: J(שִׁכְלֵל): to finish, decorate; to be finished, decorated; to be founded || J(שַׁכְלֵל ch): to finish, decorate; Part. pass; perfect	not available (no open digital HeArukh/Meturgeman text)			—	yes
543	top-1000	אשתוממ	1	Daniel.4.16	Biblical Aramaic (Daniel, Ezra) (B)	שממ אשתוממ	MISSING_HEBREW_GLOSS	the dictionaries have the word, but no Hebrew sense (English only / Krupnik without Hebrew) — NO_HEBREW_SENSE שממ	שממ: משוגע, מוכה שממון [krupnik] | שמם [jastrow]	שממ: J(שָׁמֵם bh): to stand still,; to be astonished; to be waste; to lay waste, ruin; to confound || J(שְׁמַם ch): to be desolate; to be confounded, mad; to be perplexed || J(שַׁמָּם): confounded, demented ;; אשתוממ: J(אֶשְׁתּוֹמַם): he wa	not available (no open digital HeArukh/Meturgeman text)			—	yes
544	top-1000	אשתיו	1	Daniel.5.4	Biblical Aramaic (Daniel, Ezra) (B)		TRUE_LEXICAL_GAP	no lexicon entry the form could belong to — NO_ANALYSIS	—	—	not available (no open digital HeArukh/Meturgeman text)			—	yes
545	top-1000	אשתנו	1	Daniel.3.19	Biblical Aramaic (Daniel, Ezra) (B)	שני	MISSING_HEBREW_GLOSS	the dictionaries have the word, but no Hebrew sense (English only / Krupnik without Hebrew) — NO_HEBREW_SENSE שני	שני: חזר, כפל [krupnik] | היה משונה, שונה [krupnik] | שינה והחליף [krupnik] | השיב [krupnik] | שינה והחליף [krupnik] | נשתנה ונתחלף [krupnik] | שני [jastrow]	שני: J(שָׁנִי bh): scarlet; kasshanim?; kasshani || J(שני bh): to repeat, do a second time; to study the Mishnah; to study; to teach || J(שְׁנֵי ch): to repeat; to change; to be different; Part || J(שְׁנֵי ²): two || J(שְׂנֵי): to hate || J	not available (no open digital HeArukh/Meturgeman text)			—	yes
546	top-1000	אשתני	1	Daniel.3.19	Biblical Aramaic (Daniel, Ezra) (B)	שני	MISSING_HEBREW_GLOSS	the dictionaries have the word, but no Hebrew sense (English only / Krupnik without Hebrew) — NO_HEBREW_SENSE שני	שני: חזר, כפל [krupnik] | היה משונה, שונה [krupnik] | שינה והחליף [krupnik] | השיב [krupnik] | שינה והחליף [krupnik] | נשתנה ונתחלף [krupnik] | שני [jastrow]	שני: J(שָׁנִי bh): scarlet; kasshanim?; kasshani || J(שני bh): to repeat, do a second time; to study the Mishnah; to study; to teach || J(שְׁנֵי ch): to repeat; to change; to be different; Part || J(שְׁנֵי ²): two || J(שְׂנֵי): to hate || J	not available (no open digital HeArukh/Meturgeman text)			—	yes
547	top-1000	אתגזרת	1	Daniel.2.45	Biblical Aramaic (Daniel, Ezra) (B)	גזר	MORPHOLOGY	a known lemma with a Hebrew sense is reachable, but a precision rule blocks the analysis — RARE_UNREVIEWED גזר/itpe.perf.3fs/ "נגזרה"	גזר: חתך, גזר [krupnik] | גְּזַר דִּין משפט חרוץ [krupnik] | גזר [jastrow]	גזר: J(גָּזַר bh): to cut;; to cut off, to guard;; to institute a precautionary measure || J(גְּזַר ch): to cut, split; to make a covenant; to circumcise, have one’s self circumcised || J(גָּזָר): decree; sentence, legal decision, divine di	not available (no open digital HeArukh/Meturgeman text)			—	yes
548	top-1000	אתו	1	Ezra.4.12	Biblical Aramaic (Daniel, Ezra) (B)	אתא אתו איתו אות אתוא	REVIEW_CANDIDATE	complete analysis below the review gate (fewer than 200 uses here) — REVIEW_GATE אתא/pe.ptcp.mp/- "באים" n=1	אתא: סימן [krupnik] | בא [krupnik] | הביא [reviewed] ;; איתו: אשה [krupnik] | אישות [jastrow] ;; אות: נהנה [krupnik] | ציון של כתב [krupnik]	אתא: J(אָתָא I): letter, sign || J(אֲתָא ch): to join; to come, to arrive; to occur to; surely, indeed || J(*אָתָא III): Great Bear, Ursa Major ;; איתו: J(אִיתּוּ): matrimony;; in matrimony, as wife || J(אִיתוּ): come ye! ;; אות: K: sign | 	not available (no open digital HeArukh/Meturgeman text)	באים	REVIEW	medium (~85%)	yes
549	top-1000	אתוהי	1	Daniel.3.33	Biblical Aramaic (Daniel, Ezra) (B)	את	MORPHOLOGY	a known lemma with a Hebrew sense is reachable, but a precision rule blocks the analysis — NO_ANALYSIS	את: סימן [krupnik] | אות [jastrow]	את: K: letter | Buchstabe || J(אַתְּ): thou; thou sayest; thou callest it || J(אָת): sign, type; letter || J(אֵת bh): essence; the thing; which	not available (no open digital HeArukh/Meturgeman text)			—	yes
550	top-1000	אתיא	1	Daniel.3.32	Biblical Aramaic (Daniel, Ezra) (B)	אתא את	REVIEW_CANDIDATE	complete analysis below the review gate (fewer than 200 uses here) — REVIEW_GATE אתא/pe.ptcp.fs/- "באה" n=1	אתא: סימן [krupnik] | בא [krupnik] | הביא [reviewed] ;; את: סימן [krupnik] | אות [jastrow]	אתא: J(אָתָא I): letter, sign || J(אֲתָא ch): to join; to come, to arrive; to occur to; surely, indeed || J(*אָתָא III): Great Bear, Ursa Major ;; את: K: letter | Buchstabe || J(אַתְּ): thou; thou sayest; thou callest it || J(אָת): sign, ty	not available (no open digital HeArukh/Meturgeman text)	באה	REVIEW	medium (~85%)	yes
551	top-1000	אתינ	1	Daniel.6.28	Biblical Aramaic (Daniel, Ezra) (B)	אתא את קורקסא נתנ	REVIEW_CANDIDATE	complete analysis below the review gate (fewer than 200 uses here) — REVIEW_GATE אתא/pe.ptcp.mp/- "באים" n=1	אתא: סימן [krupnik] | בא [krupnik] | הביא [reviewed] ;; את: סימן [krupnik] | אות [jastrow] ;; קורקסא: שק של עור [krupnik] | קורקס [jastrow] ;; נתנ: נתן [jastrow]	אתא: J(אָתָא I): letter, sign || J(אֲתָא ch): to join; to come, to arrive; to occur to; surely, indeed || J(*אָתָא III): Great Bear, Ursa Major ;; את: K: letter | Buchstabe || J(אַתְּ): thou; thou sayest; thou callest it || J(אָת): sign, ty	not available (no open digital HeArukh/Meturgeman text)	באים	REVIEW	medium (~85%)	yes
552	top-1000	אתיעטו	1	Daniel.6.8	Biblical Aramaic (Daniel, Ezra) (B)	יעט	MORPHOLOGY	a known lemma with a Hebrew sense is reachable, but a precision rule blocks the analysis — RARE_UNREVIEWED יעט/itpe.perf.3mp/ "נמלך ונתיעץ"	יעט: נתן עצה, יעץ [krupnik] | נמלך ונתיעץ [krupnik]	יעט: J(יְעַט): to counsel; to take counsel, to deliberate, plan.	not available (no open digital HeArukh/Meturgeman text)			—	yes
553	top-1000	אתכרית	1	Daniel.7.15	Biblical Aramaic (Daniel, Ezra) (B)	כרה	MISSING_HEBREW_GLOSS	the dictionaries have the word, but no Hebrew sense (English only / Krupnik without Hebrew) — NO_HEBREW_SENSE כרה	כרה: התכווץ [krupnik]	כרה: J(כְּרַהּ): to shrink, be narrow; to be ill-tempered; to be ill	not available (no open digital HeArukh/Meturgeman text)			—	yes
554	top-1000	אתעקרה	1	Daniel.7.8	Biblical Aramaic (Daniel, Ezra) (B)	עקר	MORPHOLOGY	a known lemma with a Hebrew sense is reachable, but a precision rule blocks the analysis — RARE_UNREVIEWED עקר/itpa.perf.3fs/ "נעשה עקר"	עקר: עשה לָעקר [krupnik] | נעשה עקר [krupnik] | עקר [jastrow]	עקר: K: to uproot | entwurzeln || J(עָקַר bh): to be curved, bent; root; to uproot, tear loose, detach, remove; to eradicate, undo, aboli || J(עֲקַר I ch): to uproot; to uproot, destroy; to mutilate, hamstring; Pe. || J(עָקָר bh): rootless;	not available (no open digital HeArukh/Meturgeman text)			—	yes
555	top-1000	אתעקרו	1	Daniel.7.8	Biblical Aramaic (Daniel, Ezra) (B)	עקר	MORPHOLOGY	a known lemma with a Hebrew sense is reachable, but a precision rule blocks the analysis — RARE_UNREVIEWED עקר/itpa.perf.3mp/ "נעשה עקר"	עקר: עשה לָעקר [krupnik] | נעשה עקר [krupnik] | עקר [jastrow]	עקר: K: to uproot | entwurzeln || J(עָקַר bh): to be curved, bent; root; to uproot, tear loose, detach, remove; to eradicate, undo, aboli || J(עֲקַר I ch): to uproot; to uproot, destroy; to mutilate, hamstring; Pe. || J(עָקָר bh): rootless;	not available (no open digital HeArukh/Meturgeman text)			—	yes
556	top-1000	אתרו	1	Daniel.4.11	Biblical Aramaic (Daniel, Ezra) (B)	נתר תרי יתר תרה אתרותא	SENSE_CHOICE	several Hebrew senses (or two lemmas) — a reviewer must choose — AMBIGUOUS נתר/pe.impf.3mp "נשר" ~ תרי/af.perf.3mp "שנים"	נתר: נפרד ונעתק ממקומו [krupnik] | נגאל ונפדה [krupnik] | ניטל ממנו האיסור [krupnik] | ביטל את האיסור [krupnik] | הפקיר [krupnik] | נשר ונפל [krupnik] | נתפורר ונפל [krupnik] | השיר, הפיל [krupnik] | נשר [jastrow] ;; תרי: שרה במים [krupnik] | התרה והזהיר [krupnik] | נשרה [krupnik] | שנים [krupnik] |	נתר: J(נָתַר I bh): to sever, loosen; to be torn loose, be released; to be untied, released from an obligation || J(נָתַר II): Pi.; to move; to leap || J(נְתַר ch): to fall off, drop; to fall apart, decay; to become wearied, faint; to drop,	not available (no open digital HeArukh/Meturgeman text)			—	yes
557	top-1000	באדרע	1	Ezra.4.23	Biblical Aramaic (Daniel, Ezra) (B)	אדרע אדרועא דרע	MORPHOLOGY	a known lemma with a Hebrew sense is reachable, but a precision rule blocks the analysis — NO_ANALYSIS	אדרע: אזרוע [jastrow] ;; אדרועא: זרוע [krupnik] ;; דרע: זרע [krupnik] | זרע, מזרע [krupnik] | צאצאים [krupnik]	אדרע: J(אֶדְרַע): arm ;; דרע: J(דְּרַע I): to sow || J(דְּרַע II): seed, produce; offspring || J(דְּרַע III): arm; shoulder	not available (no open digital HeArukh/Meturgeman text)			—	yes
558	top-1000	באחרית	1	Daniel.2.28	Biblical Aramaic (Daniel, Ezra) (B)	אחרית אחר	MORPHOLOGY	a known lemma with a Hebrew sense is reachable, but a precision rule blocks the analysis — NO_ANALYSIS	אחר: נהג בשגעון [krupnik] | אחר [jastrow]	אחרית: J(אַחֲרִית bh): future, end ;; אחר: J(אָחַר bh): to be behind; to cover; to tarry, hesitate; to set behind || J(אֲחַר ch): to be behind; to cover; be delayed || J(אַחַר bh): after, behind; aḥaré; in connection with || J(אַחֵר bh): an	not available (no open digital HeArukh/Meturgeman text)			—	yes
559	top-1000	באלהה	1	Daniel.6.24	Biblical Aramaic (Daniel, Ezra) (B)	להי	MISSING_HEBREW_GLOSS	the dictionaries have the word, but no Hebrew sense (English only / Krupnik without Hebrew) — NO_ANALYSIS	—	להי: J(לְהִי): to be bent;; to be tired; to tire, annoy	not available (no open digital HeArukh/Meturgeman text)			—	yes
560	top-1000	באש	1	Daniel.6.15	Biblical Aramaic (Daniel, Ezra) (B)	באש באיש אש	SENSE_CHOICE	several Hebrew senses (or two lemmas) — a reviewer must choose — AMBIGUOUS_SENSE באש: חרה | חלה | התמרמר	באש: חרה [krupnik] | חלה [krupnik] | התמרמר [krupnik]	באש: J(בָּאַשׁ bh): to be disordered, bad; to cause decay, to make smell badly; to use insulting language ;; באיש: J(בְּאֵישׁ ch): to be bad, displeasing; to be ill, grow sick; to be displeased, angry, troubled ;; אש: J(אֵשׁ): fire; fever	not available (no open digital HeArukh/Meturgeman text)			—	yes
561	top-1000	בבהילו	1	Ezra.4.23	Biblical Aramaic (Daniel, Ezra) (B)	בהילו	MISSING_HEBREW_GLOSS	the dictionaries have the word, but no Hebrew sense (English only / Krupnik without Hebrew) — NO_ANALYSIS	—	בהילו: J(בְּהִילוּ): haste.	not available (no open digital HeArukh/Meturgeman text)			—	yes
562	top-1000	בבירתא	1	Ezra.6.2	Biblical Aramaic (Daniel, Ezra) (B)	בירתא	MORPHOLOGY	a known lemma with a Hebrew sense is reachable, but a precision rule blocks the analysis — NO_ANALYSIS	בירתא: בירה [jastrow]	בירתא: J(בֵּירְתָא): well || J(בִּירְתָא ch): Fort; Messene; streets	not available (no open digital HeArukh/Meturgeman text)			—	yes
563	top-1000	בביתי	1	Daniel.4.1	Biblical Aramaic (Daniel, Ezra) (B)	בביתא ביתי בית	MORPHOLOGY	a known lemma with a Hebrew sense is reachable, but a precision rule blocks the analysis — NO_ANALYSIS	בביתא: בבה [jastrow] ;; ביתי: של הבית [krupnik] ;; בית: לן לינת לילה [krupnik]	בביתא: K: pupil of the eye | Augapfel || J(בָּבִיתָא I): the innermost; pupil of the eye; their || J(*בָּבִיתָא II): gutter, outlet ;; בית: K: second letter of the alphabet | zweiter Buchstabe des Alphabets || J(בִּית): to go in, lodge, pas	not available (no open digital HeArukh/Meturgeman text)			—	yes
564	top-1000	בבליא	1	Ezra.4.9	Biblical Aramaic (Daniel, Ezra) (B)	בבלאה בבלי בל בלא בלי בליתא	MORPHOLOGY	a known lemma with a Hebrew sense is reachable, but a precision rule blocks the analysis — RARE_UNREVIEWED בבלאה// "בבלי"	בבלאה: בבלי [jastrow] ;; בל: אליל הבבלים [krupnik] ;; בלא: סמרטוט [krupnik] | בלה [krupnik] | מחריב [krupnik] ;; בלי: השחית [krupnik] | הרבה [krupnik] | אלף [krupnik] | בטח [krupnik] | היה נשחת, נרקב [krupnik] | שחק, קילקל [krupnik] | נתקלקל [krupnik] | בלי [jastrow] ;; בליתא: חתיכת בגד נשחת [krupni	בבלאה: J(בַּבְלָאָה ch): Babylonian ;; בבלי: J(בַּבְלִי): Babylonian ;; בל: J(בַּל bh): not; a prohibitive law || J(*בָּל): care, anxiety. ;; בלא: K: without | ohne || J(בַּלָּא): destroyer || J(בְּלָא): to be worn out || J(בְּלֹא): without	not available (no open digital HeArukh/Meturgeman text)			—	yes
565	top-1000	בבקעת	1	Daniel.3.1	Biblical Aramaic (Daniel, Ezra) (B)	בקעת בקעתא בקע	MORPHOLOGY	a known lemma with a Hebrew sense is reachable, but a precision rule blocks the analysis — NO_ANALYSIS	בקעת: שבר עץ [krupnik] ;; בקעתא: עמק [krupnik] | עמק [krupnik] | בקעת [jastrow] | בקעה [jastrow]	בקעת: J(בְּקַעַת): chip, piece of wood; log to be chopped ;; בקעתא: J(בַּקְעֲתָא ch): Valley of ;; בקע: J(בָּקַע bh): to split, chop; to break through; to cross, make a short cut, pass over; to break through  || J(בֶּקַע bh): a split; beka;	not available (no open digital HeArukh/Meturgeman text)			—	yes
566	top-1000	בגזרת	1	Daniel.4.14	Biblical Aramaic (Daniel, Ezra) (B)	גזרה גזר	MORPHOLOGY	a known lemma with a Hebrew sense is reachable, but a precision rule blocks the analysis — NO_ANALYSIS	גזר: חתך, גזר [krupnik] | גְּזַר דִּין משפט חרוץ [krupnik] | גזר [jastrow]	גזרה: J(גִּזְרָה bh): enclosure; balcony.; hewn stone block || J(גְּזֵרָה bh): a secluded and narrow place, dale, precipice; g’zerah; decree, edict, divine dispensation ;; גזר: J(גָּזַר bh): to cut;; to cut off, to guard;; to institute a pr	not available (no open digital HeArukh/Meturgeman text)			—	yes
567	top-1000	בגשמהונ	1	Daniel.3.27	Biblical Aramaic (Daniel, Ezra) (B)		TRUE_LEXICAL_GAP	no lexicon entry the form could belong to — NO_ANALYSIS	—	—	not available (no open digital HeArukh/Meturgeman text)			—	yes
568	top-1000	בהיכלא	1	Ezra.5.15	Biblical Aramaic (Daniel, Ezra) (B)	היכלא היכל	MORPHOLOGY	a known lemma with a Hebrew sense is reachable, but a precision rule blocks the analysis — RARE_UNREVIEWED היכלא//b "בהיכל"	היכלא: היכל [jastrow]	היכל: J(הֵיכָל bh): palace, the Temple;; the Holy	not available (no open digital HeArukh/Meturgeman text)			—	yes
569	top-1000	בהיכלי	1	Daniel.4.1	Biblical Aramaic (Daniel, Ezra) (B)	היכל היכלא	MORPHOLOGY	a known lemma with a Hebrew sense is reachable, but a precision rule blocks the analysis — NO_ANALYSIS	היכלא: היכל [jastrow]	היכל: J(הֵיכָל bh): palace, the Temple;; the Holy	not available (no open digital HeArukh/Meturgeman text)			—	yes
570	top-1000	בזרע	1	Daniel.2.43	Biblical Aramaic (Daniel, Ezra) (B)	זרע זיר	MORPHOLOGY	a known lemma with a Hebrew sense is reachable, but a precision rule blocks the analysis — NO_ANALYSIS	זרע: נטע [krupnik] | נזרע [krupnik] | זרע [jastrow] | זרע [jastrow] ;; זיר: עיכב [krupnik] | זֵר, מסגרת [krupnik] | קנה, גבעול [krupnik] | מדת הלח [krupnik] | חבילה [krupnik] | זיר [jastrow]	זרע: K: to sow | säen || J(זָרַע bh): to strew, sow.; to be sown, to be stocked with seed; to emit semen || J(זְרַע I ch): Nif.; Hif. || J(זֶרַע bh): seed;; semen; issue, descent || J(זְרַע II ch): seed-capsule ;; זיר: J(זֵיר bh): crown, wr	not available (no open digital HeArukh/Meturgeman text)			—	yes
571	top-1000	בחדוה	1	Ezra.6.16	Biblical Aramaic (Daniel, Ezra) (B)	חדוה חדוא חדו	MORPHOLOGY	a known lemma with a Hebrew sense is reachable, but a precision rule blocks the analysis — NO_ANALYSIS	חדוא: שמחה [krupnik]	חדוה: J(חֶדְוָה bh): joy, rejoicing ;; חדוא: J(חֶדְוָא): aha!; enigma, allegory; ;; חדו: J(חֵדוּ): joy	not available (no open digital HeArukh/Meturgeman text)			—	yes
572	top-1000	בחזוא	1	Daniel.2.19	Biblical Aramaic (Daniel, Ezra) (B)	חזוא חזו חזוזא	MORPHOLOGY	a known lemma with a Hebrew sense is reachable, but a precision rule blocks the analysis — NO_ANALYSIS	חזוא: מראה [krupnik] ;; חזו: מראה [krupnik]	חזוא: J(חֶזְוָא): looks, appearance; vision; look-out, crossroad	not available (no open digital HeArukh/Meturgeman text)			—	yes
573	top-1000	בחיינ	1	Daniel.7.12	Biblical Aramaic (Daniel, Ezra) (B)	בחי חיינ חי חיי חייא חייתא	MORPHOLOGY	a known lemma with a Hebrew sense is reachable, but a precision rule blocks the analysis — NO_ANALYSIS	חיינ: חיים [jastrow] ;; חי: חי [jastrow] ;; חיי: חיי [jastrow] ;; חייא: מילדת [krupnik] ;; חייתא: יולדת [krupnik] | מילדת [krupnik] | כפר [krupnik] | שק [krupnik] | חיה [jastrow]	בחי: J(*בְּחִי): to look out, be cautious ;; חי: J(חַי bh): living, alive; living creature; healthy; in natural condition, raw; unmixed || J(חַי ² ch): Fem.; strong ;; חיי: J(חיי bh): to live; Part.; to heal; to recover, regain health || J(	not available (no open digital HeArukh/Meturgeman text)			—	yes
574	top-1000	בחילה	1	Daniel.3.20	Biblical Aramaic (Daniel, Ezra) (B)	בחל חילה חייל חילתא חילא	MORPHOLOGY	a known lemma with a Hebrew sense is reachable, but a precision rule blocks the analysis — NO_ANALYSIS	בחל: סייע לבישול הפרי [krupnik] ;; חייל: המתיק [krupnik] | מחל [krupnik] ;; חילתא: עמק [krupnik]	בחל: K: to ripen | reifen || J(בָּחַל I bh): to be disordered, sick;; to be in that stage of ripening when the fig is called boḥal; || J(בָּחַל II): to hasten.; Pi.; to come early ;; חילה: J(חֵילָה): dance, song; rejoicing; l’ḥelah ;; חייל:	not available (no open digital HeArukh/Meturgeman text)			—	yes
575	top-1000	בחכמה	1	Daniel.2.30	Biblical Aramaic (Daniel, Ezra) (B)	חכמה חכמתא חכמ	MORPHOLOGY	a known lemma with a Hebrew sense is reachable, but a precision rule blocks the analysis — NO_ANALYSIS	חכמתא: חכמה [krupnik] ;; חכמ: ידע [jastrow]	חכמה: J(חֲכָמָה): female physician, midwife || J(חָכְמָה bh): wisdom, learning, art; enigmatical speech ;; חכמ: J(חָכַם bh): to be wise, to know; to meet for deliberation; to grow wise, to become a scholar || J(חֲכַם): to be wise, shrewd; t	not available (no open digital HeArukh/Meturgeman text)			—	yes
576	top-1000	בחשוכא	1	Daniel.2.22	Biblical Aramaic (Daniel, Ezra) (B)	חשוכא חשוכ	MORPHOLOGY	a known lemma with a Hebrew sense is reachable, but a precision rule blocks the analysis — NO_ANALYSIS	חשוכא: דל ורזה [krupnik] | עני [krupnik] ;; חשוכ: כהה [krupnik] | סר וזעף [krupnik] | דל ורזה [krupnik] | עני [krupnik] | חשוך [jastrow]	חשוכ: K: darkness | Finsternis || K: dark | finster || J(חָשׁוּךְ bh): dark, black; obscured, benighted; Pl. || J(חֲשׁוֹךְ ch): dark; lean, reduced, poor || J(חֲשׁוֹךְ ²): darkness; charred wick, snuff	not available (no open digital HeArukh/Meturgeman text)			—	yes
577	top-1000	בטלא	1	Ezra.4.24	Biblical Aramaic (Daniel, Ezra) (B)	בטל טלא טל טלי טול טיל	MORPHOLOGY	a known lemma with a Hebrew sense is reachable, but a precision rule blocks the analysis — RARE_UNREVIEWED בטל/pe.ptcp.fs/ "אינו קיים · מחוסר עבודה"	בטל: העביר, השבית [krupnik] | גרם בטלה [krupnik] | אינו קיים [krupnik] | מחוסר עבודה [krupnik] | בטל [jastrow] ;; טלא: צעיר [krupnik] ;; טל: טל [jastrow] ;; טלי: הרים [krupnik] | שה [krupnik] | מפה [krupnik] | צעיר [krupnik] | צעיר [krupnik] | טלי [jastrow] | טלה [jastrow] ;; טול: שש ושמח [krupnik] 	בטל: J(בָּטֵל I bh): to be hollow; to be void, abolished, suspended; to cease to exist; Scroll of Fasts || J(בְּטֵל ch): annulled; neutralized; to be abolished, removed, undone; to be disturbed, to be forced to  || J(בָּטֵל II): null, void;	not available (no open digital HeArukh/Meturgeman text)			—	yes
578	top-1000	בטלו	1	Ezra.5.5	Biblical Aramaic (Daniel, Ezra) (B)	בטל טול טיל טלה טלותא טלי	MORPHOLOGY	a known lemma with a Hebrew sense is reachable, but a precision rule blocks the analysis — NO_ANALYSIS	בטל: העביר, השבית [krupnik] | גרם בטלה [krupnik] | אינו קיים [krupnik] | מחוסר עבודה [krupnik] | בטל [jastrow] ;; טול: שש ושמח [krupnik] | טול [jastrow] | צל [jastrow] ;; טיל: הלך [krupnik] | התהלך [krupnik] | שילח [krupnik] | נהג, נהל [krupnik] ;; טלה: עשה טלאי [krupnik] | צעיר [krupnik] ;; טלותא: 	בטל: J(בָּטֵל I bh): to be hollow; to be void, abolished, suspended; to cease to exist; Scroll of Fasts || J(בְּטֵל ch): annulled; neutralized; to be abolished, removed, undone; to be disturbed, to be forced to  || J(בָּטֵל II): null, void;	not available (no open digital HeArukh/Meturgeman text)			—	yes
579	top-1000	בטלת	1	Ezra.4.24	Biblical Aramaic (Daniel, Ezra) (B)	בטל טלית טול טיל טלה טלי	MORPHOLOGY	a known lemma with a Hebrew sense is reachable, but a precision rule blocks the analysis — NO_ANALYSIS	בטל: העביר, השבית [krupnik] | גרם בטלה [krupnik] | אינו קיים [krupnik] | מחוסר עבודה [krupnik] | בטל [jastrow] ;; טלית: עטיפה [krupnik] | בגד מצוייץ לתפלה [krupnik] | טלית [jastrow] ;; טול: שש ושמח [krupnik] | טול [jastrow] | צל [jastrow] ;; טיל: הלך [krupnik] | התהלך [krupnik] | שילח [krupnik] | נה	בטל: J(בָּטֵל I bh): to be hollow; to be void, abolished, suspended; to cease to exist; Scroll of Fasts || J(בְּטֵל ch): annulled; neutralized; to be abolished, removed, undone; to be disturbed, to be forced to  || J(בָּטֵל II): null, void;	not available (no open digital HeArukh/Meturgeman text)			—	yes
580	top-1000	בטעמ	1	Daniel.5.2	Biblical Aramaic (Daniel, Ezra) (B)	טעמ טעמא	MORPHOLOGY	a known lemma with a Hebrew sense is reachable, but a precision rule blocks the analysis — NO_ANALYSIS	טעמ: סבה [krupnik] | סימן ההפסק במקרא, נגינה [krupnik] | טעם [jastrow] | צו, פקודה [he] ;; טעמא: סבה [krupnik] | טעם [krupnik]	טעמ: J(טָעַם bh): to be bright, wise; to examine, to taste, test, try, experience; to give to taste || J(טְעַם): to give to taste; to taste; tasted, touched || J(טַעַם bh): pleasure, will; sense, wisdom, sound reasoning; reason, cause, grou	not available (no open digital HeArukh/Meturgeman text)			—	yes
581	top-1000	בי	1	Daniel.2.30	Biblical Aramaic (Daniel, Ezra) (B)	בי בזיונא שמשא	MORPHOLOGY	a known lemma with a Hebrew sense is reachable, but a precision rule blocks the analysis — RARE_UNREVIEWED בי// "בין השמשות"	בי: בית [krupnik] | מקום [krupnik] | בין השמשות [jastrow] ;; בזיונא: בזיון [jastrow] ;; שמשא: חמה, שמש [krupnik] | קדחת [krupnik] | שמש [jastrow] | שמש [jastrow]	בי: K: son | Sohn || K: between | zwischen || J(בֵּי): in, with, at; between, among; son of; ;; בזיונא: J(בִּזְיוּנָא I): place; means of detention; prison || J(בִּזְיוּנָא , II): slit.—; mittah ;; שמשא: J(שִׁמְשָׁא ch): Pl.; at twilight; F	not available (no open digital HeArukh/Meturgeman text)			—	yes
582	top-1000	ביד	1	Ezra.5.12	Biblical Aramaic (Daniel, Ezra) (B)	בד ביד יד בידא יבד אבד	MORPHOLOGY	a known lemma with a Hebrew sense is reachable, but a precision rule blocks the analysis — RARE_UNREVIEWED בד// "אבד וכלה"	בד: אבד וכלה [krupnik] | נעלם ואבד [krupnik] | בש [jastrow] ;; יד: יד [jastrow] | על ידי [jastrow] | ע"י ש [jastrow] ;; בידא: עלילת שוא [krupnik] ;; יבד: הלך לאיבוד [krupnik]	בד: K: olive press | Kelter || J(בִּדְּ־): concerning that; those; of; at the time of; treating of what refers to || J(בַּד II): olive press; tank.; the building containing the tank || J(בַּד III bh): single, separate; baddim; alone, only |	not available (no open digital HeArukh/Meturgeman text)			—	yes
583	top-1000	בידהמ	1	Ezra.5.8	Biblical Aramaic (Daniel, Ezra) (B)		TRUE_LEXICAL_GAP	no lexicon entry the form could belong to — NO_ANALYSIS	—	—	not available (no open digital HeArukh/Meturgeman text)			—	yes
584	top-1000	ביהוד	1	Ezra.5.1	Biblical Aramaic (Daniel, Ezra) (B)	יהודא	MISSING_HEBREW_GLOSS	the dictionaries have the word, but no Hebrew sense (English only / Krupnik without Hebrew) — NO_ANALYSIS	—	—	not available (no open digital HeArukh/Meturgeman text)			—	yes
585	top-1000	ביומ	1	Ezra.6.9	Biblical Aramaic (Daniel, Ezra) (B)	יומ יומא	MORPHOLOGY	a known lemma with a Hebrew sense is reachable, but a precision rule blocks the analysis — NO_ANALYSIS	יומ: יום [jastrow] ;; יומא: יום [krupnik] | שמש [krupnik]	יומ: J(יוֹם bh): light, day; astronomical; day; || J(יוֹם ² ch): at once; of the same day, one day old, used the same day; Yoma ;; יומא: K: name of a treatise of the Talmud on the order of exercises of the Day of Atonement | Name eines Talm	not available (no open digital HeArukh/Meturgeman text)			—	yes
586	top-1000	בינה	1	Daniel.2.21	Biblical Aramaic (Daniel, Ezra) (B)	בינה בינא בינתא יני אנה אני	MISSING_HEBREW_GLOSS	the dictionaries have the word, but no Hebrew sense (English only / Krupnik without Hebrew) — NO_HEBREW_SENSE בינה	בינה: ערך בנין העיר במדה [krupnik] | נתאזרח, נחשב ליליד הארץ [krupnik] ;; בינא: שערה [krupnik] | בינה [krupnik] | בינה [jastrow] ;; בינתא: גרעין [krupnik] | שערה [krupnik] ;; יני: הונה ורמה [krupnik] | הניא, הסיר [krupnik] ;; אנה: ציער והקניט [krupnik] ;; אני: ינה [jastrow]	בינה: J(בִּינָה bh): intelligence, wisdom ;; בינא: K: tamarisk | Tamariske || K: name of an Amora | Name eines Amoräers || J(*בִּינָא II): tamarisk; willow || J(בִּינָא III): a thin thing, hair;; leech. ;; בינתא: J(בִּינָתָא): understanding	not available (no open digital HeArukh/Meturgeman text)			—	yes
587	top-1000	ביניהנ	1	Daniel.7.8	Biblical Aramaic (Daniel, Ezra) (B)	בינה	MORPHOLOGY	a known lemma with a Hebrew sense is reachable, but a precision rule blocks the analysis — NO_ANALYSIS	בינה: ערך בנין העיר במדה [krupnik] | נתאזרח, נחשב ליליד הארץ [krupnik]	בינה: J(בִּינָה bh): intelligence, wisdom	not available (no open digital HeArukh/Meturgeman text)			—	yes
588	top-1000	בכלהונ	1	Daniel.2.38	Biblical Aramaic (Daniel, Ezra) (B)		REVIEW_CANDIDATE	complete analysis below the review gate (fewer than 200 uses here) — REVIEW_GATE pron:כלהונ/fixed/b "בכולם" n=1	—	—	not available (no open digital HeArukh/Meturgeman text)	בכולם	REVIEW	high (~94%)	yes
589	top-1000	בכספא	1	Ezra.7.17	Biblical Aramaic (Daniel, Ezra) (B)	כספא כספ כספתא	MORPHOLOGY	a known lemma with a Hebrew sense is reachable, but a precision rule blocks the analysis — NO_ANALYSIS	כספ: צורף כסף [krupnik] | נעשה חוור [krupnik] | ירד מערכו [krupnik] | בייש [krupnik] | התבייש [krupnik] | בייש [krupnik] | גרם ירידת הערך [krupnik] | נתבייש [krupnik] | כסף [jastrow] | כסף [jastrow] ;; כספתא: ארגז לשמירת כסף [krupnik]	כספ: J(כָּסַף bh): to peel, whiten; bright; to grow pale, fade, wither || J(כְּסַף I ch): to feel ashamed, frightened; Ithpe.; to frighten; to put to shame || J(כֶּסֶף bh): silver; a silver piece, M’ah; money, value || J(כַּסָּף): silver-sm	not available (no open digital HeArukh/Meturgeman text)			—	yes
590	top-1000	בכתליא	1	Ezra.5.8	Biblical Aramaic (Daniel, Ezra) (B)	כתלא	MORPHOLOGY	a known lemma with a Hebrew sense is reachable, but a precision rule blocks the analysis — NO_ANALYSIS	כתלא: קיר, כותל [krupnik]	—	not available (no open digital HeArukh/Meturgeman text)			—	yes
591	top-1000	בל	1	Daniel.6.15	Biblical Aramaic (Daniel, Ezra) (B)	בל	MORPHOLOGY	a known lemma with a Hebrew sense is reachable, but a precision rule blocks the analysis — RARE_UNREVIEWED בל// "אליל הבבלים"	בל: אליל הבבלים [krupnik]	בל: J(בַּל bh): not; a prohibitive law || J(*בָּל): care, anxiety.	not available (no open digital HeArukh/Meturgeman text)			—	yes
592	top-1000	בלבי	1	Daniel.7.28	Biblical Aramaic (Daniel, Ezra) (B)	לבי לבא לב לבה אבי	MORPHOLOGY	a known lemma with a Hebrew sense is reachable, but a precision rule blocks the analysis — NO_ANALYSIS	לבא: לב [krupnik] ;; לב: לב [jastrow] ;; לבה: נשב והעלה אש [krupnik] | נתלהט [krupnik]	לבי: J(לבי): to be bright; Pi.; to blow ablaze, enkindle ;; לבא: J(*לַבָּא): flame || J(*לְבָא): to grow white;; to be dried up; to lay dry ;; לב: J(לֵב bh): innermost; heart, bosom; thought, inclination, mind; the marrow of trees, the sap-	not available (no open digital HeArukh/Meturgeman text)			—	yes
593	top-1000	בליליא	1	Daniel.5.30	Biblical Aramaic (Daniel, Ezra) (B)	לילא ליל לילי ליליתא	MORPHOLOGY	a known lemma with a Hebrew sense is reachable, but a precision rule blocks the analysis — NO_ANALYSIS	ליל: יללה [krupnik] ;; לילי: ליליות, רוחות הלילה [krupnik] ;; ליליתא: לילית [jastrow]	ליל: J(לַיִל bh): night, evening; darkness; suffering, misery	not available (no open digital HeArukh/Meturgeman text)			—	yes
594	top-1000	במאזניא	1	Daniel.5.27	Biblical Aramaic (Daniel, Ezra) (B)		TRUE_LEXICAL_GAP	no lexicon entry the form could belong to — NO_ANALYSIS	—	—	not available (no open digital HeArukh/Meturgeman text)			—	yes
595	top-1000	במדי	1	Ezra.6.2	Biblical Aramaic (Daniel, Ezra) (B)	אדי אמד מוד מדא מדיא	MORPHOLOGY	a known lemma with a Hebrew sense is reachable, but a precision rule blocks the analysis — NO_ANALYSIS	אדי: זרק [krupnik] ;; אמד: הֶאֱמִיד העריך [krupnik] | אמד [jastrow] ;; מוד: שחה במים [krupnik] ;; מדיא: מדי [jastrow]	אדי: J(אֲדִי): to swing, throw, pitch ;; אמד: J(אָמַד): to form an approximate estimate, to guess; to appraise, judge, deliver an expert’s opinion || J(אֲמַד ch): Part. pass; believed to be wealthy ;; מוד: J(מוּד): to stretch one’s self; to	not available (no open digital HeArukh/Meturgeman text)			—	yes
596	top-1000	במחלקתהונ	1	Ezra.6.18	Biblical Aramaic (Daniel, Ezra) (B)		TRUE_LEXICAL_GAP	no lexicon entry the form could belong to — NO_ANALYSIS	—	—	not available (no open digital HeArukh/Meturgeman text)			—	yes
597	top-1000	במחנ	1	Daniel.4.24	Biblical Aramaic (Daniel, Ezra) (B)	מחא מחי מחתא מחה	MORPHOLOGY	a known lemma with a Hebrew sense is reachable, but a precision rule blocks the analysis — NO_ANALYSIS	מחי: הכה [krupnik] | ארג, טוה [krupnik] | מחה ומחק [krupnik] | התנגד וערער [krupnik] | הוכרז למומחה ומנוסה [krupnik] | הוכה [krupnik] | נמחה [krupnik] | נתמזמז [krupnik] ;; מחתא: מדרון, מורד [krupnik] | פסולת [krupnik] | מום [krupnik] | מכה, הכאה [krupnik] ;; מחה: קנח וניקה [krupnik] | המיס [krupnik	מחא: J(מָחָא I): her water || J(מָחָא II): stroke, plague || J(מְחָא II): whip ;; מחי: J(מחי): to rub, wipe out; to wear out, destroy; to strike out, annul; to protest against || J(מְחִי): to dissolve, mash; to wipe off, blot out; to protes	not available (no open digital HeArukh/Meturgeman text)			—	yes
598	top-1000	במלכותי	1	Ezra.7.13	Biblical Aramaic (Daniel, Ezra) (B)	מלכותא מלכות	MORPHOLOGY	a known lemma with a Hebrew sense is reachable, but a precision rule blocks the analysis — NO_ANALYSIS	מלכותא: ממשלה [krupnik]	מלכותא: J(מַלְכוּתָא): kingdom, rulership; Pl. ;; מלכות: J(מַלְכוּת bh): kingdom, government; office.; a benediction invoking God as king; the references to the di	not available (no open digital HeArukh/Meturgeman text)			—	yes
599	top-1000	במלכותכ	1	Daniel.5.11	Biblical Aramaic (Daniel, Ezra) (B)	מלכותא מלכות	MORPHOLOGY	a known lemma with a Hebrew sense is reachable, but a precision rule blocks the analysis — NO_ANALYSIS	מלכותא: ממשלה [krupnik]	מלכותא: J(מַלְכוּתָא): kingdom, rulership; Pl. ;; מלכות: J(מַלְכוּת bh): kingdom, government; office.; a benediction invoking God as king; the references to the di	not available (no open digital HeArukh/Meturgeman text)			—	yes
600	top-1000	בנבואת	1	Ezra.6.14	Biblical Aramaic (Daniel, Ezra) (B)		TRUE_LEXICAL_GAP	no lexicon entry the form could belong to — NO_ANALYSIS	—	—	not available (no open digital HeArukh/Meturgeman text)			—	yes
601	top-1000	בנגהא	1	Daniel.6.20	Biblical Aramaic (Daniel, Ezra) (B)	נגהא גהה	MORPHOLOGY	a known lemma with a Hebrew sense is reachable, but a precision rule blocks the analysis — NO_ANALYSIS	גהה: עמד נטוי [krupnik]	נגהא: J(נָגְהָא): light, morning.; naghé; the breaking in of the night, the beginning of the calendar day, e ;; גהה: J(גָּהָה): to swell, bulge; to hang over; bending over me, protecting	not available (no open digital HeArukh/Meturgeman text)			—	yes
602	top-1000	בנה	1	Ezra.5.11	Biblical Aramaic (Daniel, Ezra) (B)	בני בנא בנתא בינ נא	MORPHOLOGY	a known lemma with a Hebrew sense is reachable, but a precision rule blocks the analysis — RARE_UNREVIEWED בני// "עשה בנין"	בני: עשה בנין [krupnik] | בנה [jastrow] ;; בנא: עשה בנין [krupnik] | נבנה כמקדם [krupnik] ;; בנתא: בנות [krupnik] ;; בינ: בין [jastrow] ;; נא: אני [krupnik]	בני: J(בני bh): to combine; to build; to educate, train ;; בינ: J(בִּין bh): to pierce, split, penetrate;; to discern, understand;; to cause to penetrate, to saturate || J(בִּין ² ch): Pa.; to teach, make wise; understand || J(בַּיִן): some	not available (no open digital HeArukh/Meturgeman text)			—	yes
603	top-1000	בניהונ	1	Daniel.6.25	Biblical Aramaic (Daniel, Ezra) (B)	בניא ניא ניהו	MORPHOLOGY	a known lemma with a Hebrew sense is reachable, but a precision rule blocks the analysis — NO_ANALYSIS	בניא: בלן [krupnik] ;; ניא: מזג האויר [krupnik] ;; ניהו: הוא [krupnik]	ניא: J(*נִיא): climate ;; ניהו: J(נִיהוּ): he, himself; it, it is; Fem; myself, thyself, himself	not available (no open digital HeArukh/Meturgeman text)			—	yes
604	top-1000	בנינא	1	Ezra.5.4	Biblical Aramaic (Daniel, Ezra) (B)	בנינא בנא בני בניא בנינ אנה	MORPHOLOGY	a known lemma with a Hebrew sense is reachable, but a precision rule blocks the analysis — RARE_UNREVIEWED בנינא// "בנין"	בנינא: בנין [jastrow] ;; בנא: עשה בנין [krupnik] | נבנה כמקדם [krupnik] ;; בני: עשה בנין [krupnik] | בנה [jastrow] ;; בניא: בלן [krupnik] ;; אנה: ציער והקניט [krupnik]	בני: J(בני bh): to combine; to build; to educate, train ;; בנינ: J(בִּנְיָן bh): building, structure; erection; standard rule; human frame, skeleton.	not available (no open digital HeArukh/Meturgeman text)			—	yes
605	top-1000	בניתה	1	Daniel.4.27	Biblical Aramaic (Daniel, Ezra) (B)		TRUE_LEXICAL_GAP	no lexicon entry the form could belong to — NO_ANALYSIS	—	—	not available (no open digital HeArukh/Meturgeman text)			—	yes
606	top-1000	בנס	1	Daniel.2.12	Biblical Aramaic (Daniel, Ezra) (B)	בנס נס בנסא	MORPHOLOGY	a known lemma with a Hebrew sense is reachable, but a precision rule blocks the analysis — RARE_UNREVIEWED בנס// "קצף"	בנס: קצף [krupnik] ;; נס: נס [jastrow] ;; בנסא: חרון אף [krupnik]	בנס: J(בְּנַס): to ferment, get sour;; to be angry, agitated. ;; נס: J(נֵס I bh): to lift up; flag; sign, wonder, providential event || J(*נֵס II): island || J(נֵס ch): flag, sign, miraculous event; trial.; Pl. ;; בנסא: J(בְּנָסָא): anger, 	not available (no open digital HeArukh/Meturgeman text)			—	yes
607	top-1000	בסרבליהונ	1	Daniel.3.21	Biblical Aramaic (Daniel, Ezra) (B)	סרבלא	MORPHOLOGY	a known lemma with a Hebrew sense is reachable, but a precision rule blocks the analysis — NO_ANALYSIS	סרבלא: סרבל [jastrow]	—	not available (no open digital HeArukh/Meturgeman text)			—	yes
608	top-1000	בעו	1	Daniel.6.8	Biblical Aramaic (Daniel, Ezra) (B)	בעו בוע בעה בעותא בעי נבע	MORPHOLOGY	a known lemma with a Hebrew sense is reachable, but a precision rule blocks the analysis — RARE_UNREVIEWED בעו// "בקשה"	בעו: בקשה [krupnik] ;; בוע: שמח [krupnik] ;; בעה: שאל, ביקש [he] ;; בעותא: בקשה [krupnik] ;; בעי: שאל [krupnik] | התפלל, בקש רחמים [krupnik] | היה צריך [krupnik] | נתבקש [krupnik] | נבהל ללכת [krupnik] | נשאל [krupnik] | צריך להיות [krupnik] | פיהק [krupnik] | בעי [jastrow] ;; נבע: נבע [jastrow]	בעו: J(בָּעוּ): prayer; I pray ;; בוע: J(בּוּעַ): to swell, burst forth; to shout, rejoice ;; בעה: K: to destroy the crop | abweiden ;; בעי: K: not only … but | nicht nur … sondern auch || J(בעי bh): to enter into, split;; to be empty, bare	not available (no open digital HeArukh/Meturgeman text)			—	yes
609	top-1000	בעותה	1	Daniel.6.14	Biblical Aramaic (Daniel, Ezra) (B)	בעותא בעת עות	MORPHOLOGY	a known lemma with a Hebrew sense is reachable, but a precision rule blocks the analysis — NO_ANALYSIS	בעותא: בקשה [krupnik] ;; בעת: הפחיד [krupnik] | היה נדכא מפני פחד [krupnik] | נבהל [krupnik] | הפחיד [krupnik] | נבהל [krupnik] | בעת [jastrow] ;; עות: עות [jastrow]	בעת: J(בָּעַת bh): to startle; to be startled, frightened, confounded; to frighten, bewilder. || J(בְּעֵת ch): to be excited; to frighten; to be afraid; to be agitated, anxious, in haste ;; עות: K: a man’s name | männlicher Name || J(עוּת):	not available (no open digital HeArukh/Meturgeman text)			—	yes
610	top-1000	בעזקתה	1	Daniel.6.18	Biblical Aramaic (Daniel, Ezra) (B)	עזקתא	MORPHOLOGY	a known lemma with a Hebrew sense is reachable, but a precision rule blocks the analysis — NO_ANALYSIS	עזקתא: טבעת [he]	—	not available (no open digital HeArukh/Meturgeman text)			—	yes
611	top-1000	בעינ	1	Daniel.6.5	Biblical Aramaic (Daniel, Ezra) (B)	עונ בעה בעי בעיא עינ	MORPHOLOGY	a known lemma with a Hebrew sense is reachable, but a precision rule blocks the analysis — NO_ANALYSIS	בעה: שאל, ביקש [he] ;; בעי: שאל [krupnik] | התפלל, בקש רחמים [krupnik] | היה צריך [krupnik] | נתבקש [krupnik] | נבהל ללכת [krupnik] | נשאל [krupnik] | צריך להיות [krupnik] | פיהק [krupnik] | בעי [jastrow] ;; בעיא: שאלה למודית [krupnik] ;; עינ: קרא בספר [krupnik] | חקר ודרש [krupnik] | הרהר [krupnik]	עונ: J(עָוֹן bh): perversion, wrong; penalty; a punishment for, in consequence of. || J(עוּן): to be round, curved;; to look in, read; to look carefully; to search, investigate || J(עוּן ² ch): Pa.; to watch, guard; Paeli ;; בעה: K: to dest	not available (no open digital HeArukh/Meturgeman text)			—	yes
612	top-1000	בעינא	1	Daniel.2.23	Biblical Aramaic (Daniel, Ezra) (B)	בעי בעה בעיא עינא עינ	SENSE_CHOICE	several Hebrew senses (or two lemmas) — a reviewer must choose — AMBIGUOUS_SENSE בעי: שאל | התפלל, בקש רחמים | היה צריך | פיהק	בעי: שאל [krupnik] | התפלל, בקש רחמים [krupnik] | היה צריך [krupnik] | נתבקש [krupnik] | נבהל ללכת [krupnik] | נשאל [krupnik] | צריך להיות [krupnik] | פיהק [krupnik] | בעי [jastrow] ;; בעה: שאל, ביקש [he] ;; בעיא: שאלה למודית [krupnik] ;; עינא: עין [krupnik] ;; עינ: קרא בספר [krupnik] | חקר ודרש [kr	בעי: K: not only … but | nicht nur … sondern auch || J(בעי bh): to enter into, split;; to be empty, bare; to lay bare, destroy the crop || J(בְּעֵי I ch): to search, inquire, ask, examine; uba hash-shemesh; to ask, pray || J(בְּעֵי II): to 	not available (no open digital HeArukh/Meturgeman text)			—	yes
613	top-1000	בעליתה	1	Daniel.6.11	Biblical Aramaic (Daniel, Ezra) (B)	עליתא	MORPHOLOGY	a known lemma with a Hebrew sense is reachable, but a precision rule blocks the analysis — NO_ANALYSIS	עליתא: מין חיה אגדית [krupnik]	עליתא: K: upper story | Oberstock	not available (no open digital HeArukh/Meturgeman text)			—	yes
614	top-1000	בעשב	1	Daniel.4.12	Biblical Aramaic (Daniel, Ezra) (B)	עשב	MORPHOLOGY	a known lemma with a Hebrew sense is reachable, but a precision rule blocks the analysis — NO_ANALYSIS	עשב: עשב [jastrow]	עשב: J(עֵשֶׂב bh): herb, plant, grass	not available (no open digital HeArukh/Meturgeman text)			—	yes
615	top-1000	בפלגתהונ	1	Ezra.6.18	Biblical Aramaic (Daniel, Ezra) (B)		TRUE_LEXICAL_GAP	no lexicon entry the form could belong to — NO_ANALYSIS	—	—	not available (no open digital HeArukh/Meturgeman text)			—	yes
616	top-1000	בפמ	1	Daniel.4.28	Biblical Aramaic (Daniel, Ezra) (B)	פומ	MORPHOLOGY	a known lemma with a Hebrew sense is reachable, but a precision rule blocks the analysis — NO_ANALYSIS	פומ: פה [krupnik] | פה [jastrow] | כפי [jastrow] | לפיכך [jastrow] | פֶּה [he]	פומ: J(פּוּם): according to; because; therefore	not available (no open digital HeArukh/Meturgeman text)			—	yes
617	top-1000	בפמה	1	Daniel.7.5	Biblical Aramaic (Daniel, Ezra) (B)		TRUE_LEXICAL_GAP	no lexicon entry the form could belong to — NO_ANALYSIS	—	—	not available (no open digital HeArukh/Meturgeman text)			—	yes
618	top-1000	בצדקה	1	Daniel.4.24	Biblical Aramaic (Daniel, Ezra) (B)	צדקה צדק צדקא צדקתא	MORPHOLOGY	a known lemma with a Hebrew sense is reachable, but a precision rule blocks the analysis — NO_ANALYSIS	צדק: צדק [jastrow] ;; צדקא: צדק [jastrow] ;; צדקתא: צדקה [jastrow]	צדקה: J(צְדָקָה bh): purity, righteousness, equity, liberality; almsgiving ;; צדק: K: to balance | ausgleichen || J(צָדַק bh): to be clear, pure, sincere; to be right, true, just; to be cleared; to act in favor of a p || J(צְדַק ch): to be 	not available (no open digital HeArukh/Meturgeman text)			—	yes
619	top-1000	בקל	1	Daniel.6.21	Biblical Aramaic (Daniel, Ezra) (B)	קל קלל	MORPHOLOGY	a known lemma with a Hebrew sense is reachable, but a precision rule blocks the analysis — NO_ANALYSIS	קל: קול [jastrow] | בת קול [jastrow] ;; קלל: קלל [jastrow] | קלל [jastrow]	קל: J(קַל I): to be light || J(קַל II bh): light; unimportant, of minor value; easy to achieve; lowly, poor. || J(קַל III): voice, sound; rumor; divine voice ;; קלל: K: to be cursed | verflucht werden || J(קָלָל): a vessel; the pitcher cont	not available (no open digital HeArukh/Meturgeman text)			—	yes
620	top-1000	בקריה	1	Ezra.4.10	Biblical Aramaic (Daniel, Ezra) (B)	בקרא קריה קריא קריתא	MORPHOLOGY	a known lemma with a Hebrew sense is reachable, but a precision rule blocks the analysis — NO_ANALYSIS	בקרא: בער, ריק [krupnik] | עדר [krupnik] | בקר [jastrow] ;; קריה: קריאה [krupnik] ;; קריא: מקרא, כתוב [krupnik] | תולעת [krupnik] | עיר, קריה [krupnik] | קרי [jastrow] ;; קריתא: עיר, קריה [krupnik] | עגלת צב [krupnik]	בקרא: J(*בַּקָּרָא II): empty; light-minded, thoughtless || J(בַּקְרָא): herd ;; קריה: J(קִרְיָה I bh): town, settlement, fort. || J(קִרְיָה II ch): townsman, villager ;; קריא: J(קַרְיָא I ch): accident, mishap; pollution || J(קַרְיָא II): 	not available (no open digital HeArukh/Meturgeman text)			—	yes
621	top-1000	בקרנא	1	Daniel.7.8	Biblical Aramaic (Daniel, Ezra) (B)	בקר בקרא קרנ קרא	MORPHOLOGY	a known lemma with a Hebrew sense is reachable, but a precision rule blocks the analysis — RARE_UNREVIEWED בקר/pe.ptcp.1s/ "אני בודק"	בקר: פֻעל נבדק [krupnik] | הפקיר [krupnik] | נבדק [krupnik] | נשאל מה שלומו [krupnik] | היה להפקר [krupnik] | בדק [krupnik] | בדק [krupnik] | שאל בשלום החולה [krupnik] | שאל בשלום החולה [krupnik] | הפקיר [krupnik] | הפקיר [krupnik] | רועה בקר [krupnik] | בקר [jastrow] ;; בקרא: בער, ריק [krupnik] | ע	בקר: K: to glean | Nachlese halten || K: to let the herd graze | weiden lassen || J(בָּקַר bh): to enter into, to clear, split;; to eat up; to break forth, shine || J(בְּקַר ch): Pa.; to search, examine; to clear, glean || J(בֹּקֶר bh): mor	not available (no open digital HeArukh/Meturgeman text)			—	yes
622	top-1000	בקרניא	1	Daniel.7.8	Biblical Aramaic (Daniel, Ezra) (B)		TRUE_LEXICAL_GAP	no lexicon entry the form could belong to — NO_ANALYSIS	—	—	not available (no open digital HeArukh/Meturgeman text)			—	yes
623	top-1000	בראשה	1	Daniel.7.20	Biblical Aramaic (Daniel, Ezra) (B)	ראש ריש	MORPHOLOGY	a known lemma with a Hebrew sense is reachable, but a precision rule blocks the analysis — NO_ANALYSIS	ריש: ראש, גלגולת [krupnik] | עומד בראש, נשיא [krupnik] | התחלה [krupnik] | החלק העליון [krupnik] | ארס [krupnik] | ראש [jastrow] | ראש [jastrow]	ראש: J(רָאשׁ): poor || J(רֹאשׁ bh): head, point; beginning, heading; main thing, principal; over again; chief, magistrate, lea ;; ריש: J(רִישׁ bh): poverty, misery || J(רֵישׁ II): head, chief; beginning, first thing, firstling; at first, fo	not available (no open digital HeArukh/Meturgeman text)			—	yes
624	top-1000	בראשיהמ	1	Ezra.5.10	Biblical Aramaic (Daniel, Ezra) (B)		TRUE_LEXICAL_GAP	no lexicon entry the form could belong to — NO_ANALYSIS	—	—	not available (no open digital HeArukh/Meturgeman text)			—	yes
625	top-1000	ברגז	1	Daniel.3.13	Biblical Aramaic (Daniel, Ezra) (B)	רגז רוגז רגיז	MORPHOLOGY	a known lemma with a Hebrew sense is reachable, but a precision rule blocks the analysis — NO_ANALYSIS	רגז: כעס, קצף [krupnik] | רגז [jastrow]	רגז: J(רָגַז bh): to be unsteady, restless; to be agitated; to stir, excite, incite to anger; to be excited, || J(רְגַז I ch): to tremble; to be agitated, angry; to be shaken; to be excited; to shake; to excite; to sc || J(רְגַז II): anger,	not available (no open digital HeArukh/Meturgeman text)			—	yes
626	top-1000	ברגלה	1	Daniel.7.7	Biblical Aramaic (Daniel, Ezra) (B)	רגל	MORPHOLOGY	a known lemma with a Hebrew sense is reachable, but a precision rule blocks the analysis — NO_ANALYSIS	רגל: רגל [jastrow] | רגל [jastrow]	רגל: J(רָגַל bh): to move on, run; to be wont to; to flay an animal from its feet upward || J(רְגַל ch): to move, run; used; to cause to run || J(רֶגֶל bh): foot; leg;; hindleg; the damage done by an animal’s foot, treading, stamping || J(ר	not available (no open digital HeArukh/Meturgeman text)			—	yes
627	top-1000	ברה	1	Daniel.5.22	Biblical Aramaic (Daniel, Ezra) (B)	ברי ברה בור בר ברא ברתא	MORPHOLOGY	a known lemma with a Hebrew sense is reachable, but a precision rule blocks the analysis — RARE_UNREVIEWED ברי// "ברא"	ברי: ברא [krupnik] | היה בריא וחזק [krupnik] | נברא [krupnik] | חיזק [krupnik] | נקב [krupnik] | נקב, חדר [krupnik] | חזר לאיתנו [krupnik] | חזק [krupnik] | ודאי, ברור [krupnik] | ברי [jastrow] | ברי [jastrow] ;; בור: שדה שלא נעבד [krupnik] | בער, עם הארץ [krupnik] | הניח בלי חרישה וכדומה [krupnik] 	ברי: J(ברי I bh): to hollow out, perforate; to think out, plan; to create || J(ברי ch): to create; to get well, strong; to cut, shape || J(ברי II bh): to cut out; hollowed out; to strengthen, to offer refreshment || J(בָּרִי bh): in natural	not available (no open digital HeArukh/Meturgeman text)			—	yes
628	top-1000	ברכוהי	1	Daniel.6.11	Biblical Aramaic (Daniel, Ezra) (B)	ברכא רכא	MORPHOLOGY	a known lemma with a Hebrew sense is reachable, but a precision rule blocks the analysis — NO_ANALYSIS	ברכא: ברך [krupnik] | ברכה, די [krupnik] ;; רכא: מלך [krupnik]	ברכא: J(בִּרְכָא ch): blessing, plenty; we have enough with	not available (no open digital HeArukh/Meturgeman text)			—	yes
629	top-1000	ברכת	1	Daniel.4.31	Biblical Aramaic (Daniel, Ezra) (B)	ברכת ברכתא ברכ	MORPHOLOGY	a known lemma with a Hebrew sense is reachable, but a precision rule blocks the analysis — NO_ANALYSIS	ברכתא: ברכה [krupnik] | ברכה [jastrow] ;; ברכ: ברך [jastrow] | ברך [jastrow] | בריכה [jastrow]	ברכ: J(בָּרַךְ bh): to cave out; to select, point out; to bless || J(בְּרַךְ ch): blessed; to bless; to say grace after meal || J(בֶּרֶךְ): knee; a knee-shaped pole; Du. || J(בֶּרֶךְ ² ch): knee; shoots, branches	not available (no open digital HeArukh/Meturgeman text)			—	yes
630	top-1000	בשאר	1	Ezra.7.18	Biblical Aramaic (Daniel, Ezra) (B)	שאר	MORPHOLOGY	a known lemma with a Hebrew sense is reachable, but a precision rule blocks the analysis — NO_ANALYSIS	שאר: השאיר, שייר [krupnik] | שאר [jastrow] | שאר [jastrow]	שאר: J(שָׁאַר bh): to swell, rise; to run over;; to remain over; to be left over, reserved, preserved, spared || J(שְׁאַר I ch): to leave over; Ithpa.; to leave over, spare || J(שְׁאַר II): Pa.; to plant in beds || J(שְׁאֵר bh): preservatio	not available (no open digital HeArukh/Meturgeman text)			—	yes
631	top-1000	בשמ	1	Ezra.5.1	Biblical Aramaic (Daniel, Ezra) (B)	בשמ בסמ בשומ שמ	MORPHOLOGY	a known lemma with a Hebrew sense is reachable, but a precision rule blocks the analysis — RARE_UNREVIEWED בשמ// "עושה או מוכר בשמים"	בשמ: עושה או מוכר בשמים [krupnik] ;; בסמ: היה מתוק, נעים [krupnik] | נתן לדבר ריח טוב [krupnik] | פֻעל מתוקן בבשמים [krupnik] | התקין עצמו בבשמים [krupnik] | נעשה רך, נעים [krupnik] | שתה והחל לשכר [krupnik] | המתיק, שִמח [krupnik] | חנט [krupnik] | היה מתוק [krupnik] | היה חנוט [krupnik] | הטיב לבו	בשמ: J(בֹּשֶׂם): spices, perfumes ;; בסמ: K: dealer in spices | Gewürzhändler || J(בָּסֵם): to boil, ripen, be warm, ferment; to be sweet, pleasant, pleasing; to make a person look w || J(בְּסַם ch): Part. pass; to sweeten, season;; to make	not available (no open digital HeArukh/Meturgeman text)			—	yes
632	top-1000	בשפרפרא	1	Daniel.6.20	Biblical Aramaic (Daniel, Ezra) (B)	שפרפרא	MORPHOLOGY	a known lemma with a Hebrew sense is reachable, but a precision rule blocks the analysis — NO_ANALYSIS	שפרפרא: שחר [krupnik]	שפרפרא: J(שְׁפַרְפָּרָא): brightness; early morning, morning light	not available (no open digital HeArukh/Meturgeman text)			—	yes
633	top-1000	בשר	1	Daniel.7.5	Biblical Aramaic (Daniel, Ezra) (B)	בשר בשרא בשורה	MISSING_HEBREW_GLOSS	the dictionaries have the word, but no Hebrew sense (English only / Krupnik without Hebrew) — NO_HEBREW_SENSE בשר	בשר: פַעֵל [krupnik] | נתבשר [krupnik] | בשר [jastrow] ;; בשרא: בשר, גוף [krupnik] | אדם [krupnik] | בשורה [krupnik] | בשר [jastrow]	בשר: J(בָּשַׂר): to be sweet, pleasant; to gladden, to bring good tidings to;; to announce || J(בְּשַׂר ch): to be glad;; Pa.; Pi. || J(בָּשָׂר bh): ripe, warm, sweet, well-looking;; body; flesh, meat ;; בשרא: J(בִּשְׂרָא ch): body, flesh, 	not available (no open digital HeArukh/Meturgeman text)			—	yes
634	top-1000	בתקפ	1	Daniel.4.27	Biblical Aramaic (Daniel, Ezra) (B)	תקפ תוקפ נקפ תקפא	MORPHOLOGY	a known lemma with a Hebrew sense is reachable, but a precision rule blocks the analysis — NO_ANALYSIS	תקפ: היה חזק [krupnik] | התגבר [krupnik] | החמיץ [krupnik] | התגבר [krupnik] | חיזק [krupnik] | החזיק, אחז [krupnik] | חיזק [krupnik] | הקשה קושיא [krupnik] | תקף [jastrow] ;; נקפ: חבט זיתים [krupnik] | הסמיך והדביק, השוה [krupnik] | סיבב [krupnik] | הלוה [krupnik] | התנגף, נפצע [krupnik] | פצע וחבו	תקפ: J(תָּקַף bh): to seize, overpower; to rest heavily upon, be hard || J(תְּקַף ch): to seize, hold firmly; Ittof.; to be strong, become powerful ;; תוקפ: J(תּוֹקֶף bh): strength, power; ethans ;; נקפ: K: to sell on terms | Kredit gewähre	not available (no open digital HeArukh/Meturgeman text)			—	yes
635	top-1000	בתרע	1	Daniel.2.49	Biblical Aramaic (Daniel, Ezra) (B)	תרע תרעא	MORPHOLOGY	a known lemma with a Hebrew sense is reachable, but a precision rule blocks the analysis — NO_ANALYSIS	תרע: תקע בשופר בעת צרה [krupnik] | פרץ ושיבר [krupnik] | שער [krupnik] | מקח, מחיר [krupnik] | שער [jastrow] ;; תרעא: שער [krupnik] | מקח, מחיר [krupnik]	תרע: K: to be shattered | zerschmettert werden || J(תָּרַע): Hif.; to sound alarm; to blow the Shofar at public services || J(תְּרַע I): Tafel; to break, shatter, make a breach; Part. pass || J(תְּרַע): opening; door, gate; market, market p	not available (no open digital HeArukh/Meturgeman text)			—	yes
636	top-1000	גבה	1	Daniel.7.6	Biblical Aramaic (Daniel, Ezra) (B)	גבה גבי גובה גבוה גהה גבא	SENSE_CHOICE	several Hebrew senses (or two lemmas) — a reviewer must choose — AMBIGUOUS pron:גבה/fixed "אצלה" ~ גבה/ "התרומם"	גבה: תבע ולקח דמי פרעון [krupnik] | נשתלם [krupnik] | התרומם [krupnik] | היה רם וגבוה, התגאה [krupnik] | התרומם [krupnik] | גבה [jastrow] ;; גבי: גבא, מקום מקוה מים [krupnik] | גבי [jastrow] ;; גובה: רום, מקום גבוה [krupnik] ;; גהה: עמד נטוי [krupnik] ;; גבא: גב, הצד העליון [krupnik] | אצל, אל [krup	גבה: K: to cause to be collected | einkassieren lassen || K: to raise, to take up | aufheben || J(גָּבַהּ bh): to be high; to be elated; to raise, elevate; to make elated; to take up || J(גְּבַהּ ch): to be high, elated; to raise; to take u	not available (no open digital HeArukh/Meturgeman text)			—	yes
637	top-1000	גביה	1	Daniel.7.6	Biblical Aramaic (Daniel, Ezra) (B)	גביה גבה גב גביא	SENSE_CHOICE	several Hebrew senses (or two lemmas) — a reviewer must choose — AMBIGUOUS pron:גביה/fixed "אצלו" ~ גביה/ "גבוה"	גביה: גבוה [jastrow] ;; גבה: תבע ולקח דמי פרעון [krupnik] | נשתלם [krupnik] | התרומם [krupnik] | היה רם וגבוה, התגאה [krupnik] | התרומם [krupnik] | גבה [jastrow] ;; גב: גב [jastrow] ;; גביא: גבוה [krupnik] | נבחר [krupnik]	גבה: K: to cause to be collected | einkassieren lassen || K: to raise, to take up | aufheben || J(גָּבַהּ bh): to be high; to be elated; to raise, elevate; to make elated; to take up || J(גְּבַהּ ch): to be high, elated; to raise; to take u	not available (no open digital HeArukh/Meturgeman text)			—	yes
638	top-1000	גברי	1	Daniel.3.20	Biblical Aramaic (Daniel, Ezra) (B)	גבר גיבר גברא	MORPHOLOGY	a known lemma with a Hebrew sense is reachable, but a precision rule blocks the analysis — RARE_UNREVIEWED גבר/n.pl/ "היה חזק, הלך וגדול"	גבר: היה חזק, הלך וגדול [krupnik] | חיזק [krupnik] | עשה שיתגבר [krupnik] | איש [krupnik] | גבר [jastrow] | גבר [jastrow] ;; גיבר: גבור [krupnik] | גבור [jastrow] ;; גברא: איש [krupnik] | גבור [krupnik]	גבר: K: a certain man, euphem: I, thou | ein gewisser Mann, (euphem): ich, du || J(גָּבַר bh): to be uppermost, prevail; to be strong; to make strong, strengthen, sustain; to grow stron || J(גְּבַר I ch): Pi.; growing, swelling; to make str	not available (no open digital HeArukh/Meturgeman text)			—	yes
639	top-1000	גוא	1	Daniel.3.26	Biblical Aramaic (Daniel, Ezra) (B)	גוא גו גוי	MORPHOLOGY	a known lemma with a Hebrew sense is reachable, but a precision rule blocks the analysis — RARE_UNREVIEWED גוא// "תוך, קרב"	גוא: תוך, קרב [krupnik] ;; גו: יש דברים בענין הזה [krupnik] | גו [jastrow] | קרב [jastrow] | מתוך [jastrow] ;; גוי: העמיק [krupnik]	גו: K: belly, innermost | Inneres, Mitte || J(גֵּו bh): belly, body;; within, among || J(גֵּו ² ch): belly; innermost; among, amid; in, into; because, in consequence of ;; גוי: J(גּוֹי bh): crowd, people, nation;; gentiles; gentile, idolato	not available (no open digital HeArukh/Meturgeman text)			—	yes
640	top-1000	גזבריא	1	Ezra.7.21	Biblical Aramaic (Daniel, Ezra) (B)	גזבר גזברא	MORPHOLOGY	a known lemma with a Hebrew sense is reachable, but a precision rule blocks the analysis — RARE_UNREVIEWED גזבר/n.pl/ "ממונה על קופת כסף"	גזבר: ממונה על קופת כסף [krupnik] ;; גזברא: ממונה על קופת כסף [krupnik] | גזבר [jastrow]	גזבר: J(גִּזְבָּר): manager, treasurer; Amarkhal; Gizbar;	not available (no open digital HeArukh/Meturgeman text)			—	yes
641	top-1000	גירא	1	Daniel.5.5	Biblical Aramaic (Daniel, Ezra) (B)	גירא גיר גרה גור גיראה גרי	SENSE_CHOICE	several Hebrew senses (or two lemmas) — a reviewer must choose — AMBIGUOUS_SENSE גירא: חץ | שתיל | גר	גירא: חץ [krupnik] | שתיל [krupnik] | גר [krupnik] | גר [jastrow] ;; גיר: כי, מפני [krupnik] | סיד [krupnik] | מין קרקע המשחיר [krupnik] | חץ [krupnik] | גיר [jastrow] ;; גרה: אשה שנתיהדה [krupnik] ;; גור: נאף [krupnik] | גור [jastrow] | גור [jastrow] ;; גיראה: רובה, עושה חצים [krupnik] ;; גרי: השלי	גירא: K: direct consequence of an act | direkte Folge || J(גִּירָא III): direct consequence; his arrows ;; גיר: K: froth | Schaum || J(*גִּיר I): as a consequence, for || J(גִּיר II bh): to boil, effervesce; lime; to plaster || J(גִּיר ch):	not available (no open digital HeArukh/Meturgeman text)			—	yes
642	top-1000	גלגלוהי	1	Daniel.7.9	Biblical Aramaic (Daniel, Ezra) (B)	גלגלא	MORPHOLOGY	a known lemma with a Hebrew sense is reachable, but a precision rule blocks the analysis — NO_ANALYSIS	גלגלא: אופן [krupnik] | קש, מוץ [krupnik]	—	not available (no open digital HeArukh/Meturgeman text)			—	yes
643	top-1000	גמיר	1	Ezra.7.12	Biblical Aramaic (Daniel, Ezra) (B)	גמיר גמרא גמירא גמר	SENSE_CHOICE	several Hebrew senses (or two lemmas) — a reviewer must choose — AMBIGUOUS_SENSE גמיר: שלם | כליל	גמיר: שלם [krupnik] | כליל [krupnik] | כליל [jastrow] | כלה [jastrow] ;; גמירא: שלם [krupnik] | כליל [krupnik] | כלייה [krupnik] | כלייה [krupnik] | החלט [krupnik] | החלט [krupnik] ;; גמר: התבשם [krupnik] | השמיד, איבד [krupnik] | גמר [krupnik] | אִכל, איבד [krupnik] | תם, הגיע לסופו [krupnik] | ידע	גמיר: J(גְּמִיר): finished, perfect; holocaust, entirely burnt; entire destruction, extermination ;; גמרא: K: memorizing of verbal teachings, tradition | überlieferte Lehre, Tradition || K: that part of the Talmud containing those discussio	not available (no open digital HeArukh/Meturgeman text)			—	yes
644	top-1000	גנזי	1	Ezra.7.20	Biblical Aramaic (Daniel, Ezra) (B)	גנז גנזא	SENSE_CHOICE	several Hebrew senses (or two lemmas) — a reviewer must choose — AMBIGUOUS_SENSE גנז: הטמין, הסתיר, קבע באדמה	גנז: הטמין, הסתיר, קבע באדמה [krupnik] | גנז [jastrow] ;; גנזא: אוצר [krupnik] | גנז [jastrow]	גנז: K: to be hidden | verborgen werden || J(גָּנַז): to cut off, set aside; to save, hoard up, reserve; Part. pass || J(גְּנַז ch): to save; hidden, stored up, reserved; to disappear || J(גֵּנֶז bh): store, treasure ;; גנזא: J(גִּנְזָא ch)	not available (no open digital HeArukh/Meturgeman text)			—	yes
645	top-1000	גפיה	1	Daniel.7.4	Biblical Aramaic (Daniel, Ezra) (B)	גפ גפא	MORPHOLOGY	a known lemma with a Hebrew sense is reachable, but a precision rule blocks the analysis — NO_ANALYSIS	גפ: זרוע [krupnik] | אזן כלי [krupnik] | מלא החופן [krupnik] ;; גפא: סולם [krupnik] | שער העיר [krupnik] | גף [jastrow]	גפ: K: the long portion of the) wing | Flügel || J(גַּף I bh): body; alone || J(גַּף II): bent, joint; the long portion of the wing; Du. ;; גפא: J(גַּפָּא I ch): wing, also winged animal; a pole with a hook; a ladder hooked || J(גַּפָּא II)	not available (no open digital HeArukh/Meturgeman text)			—	yes
646	top-1000	גפינ	1	Daniel.7.6	Biblical Aramaic (Daniel, Ezra) (B)	גפא גפ	MORPHOLOGY	a known lemma with a Hebrew sense is reachable, but a precision rule blocks the analysis — RARE_UNREVIEWED גפא/n.pl/ "גף"	גפא: סולם [krupnik] | שער העיר [krupnik] | גף [jastrow] ;; גפ: זרוע [krupnik] | אזן כלי [krupnik] | מלא החופן [krupnik]	גפא: J(גַּפָּא I ch): wing, also winged animal; a pole with a hook; a ladder hooked || J(גַּפָּא II): city-gate ;; גפ: K: the long portion of the) wing | Flügel || J(גַּף I bh): body; alone || J(גַּף II): bent, joint; the long portion of th	not available (no open digital HeArukh/Meturgeman text)			—	yes
647	top-1000	גרמיהונ	1	Daniel.6.25	Biblical Aramaic (Daniel, Ezra) (B)	גרמא	MORPHOLOGY	a known lemma with a Hebrew sense is reachable, but a precision rule blocks the analysis — NO_ANALYSIS	גרמא: עצם [krupnik] | גוף, עצם [krupnik] | גרם [jastrow]	גרמא: K: a bare twig | ein entblösster Zweig || K: with suffixes used as a refl. | Umschreibung des rückbezügl. Fürwortes || J(גַּרְמָא ch): a bare twig; bone; an animal || J(גְּרָמָא ch): cause; indirect effect	not available (no open digital HeArukh/Meturgeman text)			—	yes
648	top-1000	גשמהונ	1	Daniel.3.28	Biblical Aramaic (Daniel, Ezra) (B)		TRUE_LEXICAL_GAP	no lexicon entry the form could belong to — NO_ANALYSIS	—	—	not available (no open digital HeArukh/Meturgeman text)			—	yes
649	top-1000	גשמיהונ	1	Daniel.3.28	Biblical Aramaic (Daniel, Ezra) (B)	גשמ	MISSING_HEBREW_GLOSS	the dictionaries have the word, but no Hebrew sense (English only / Krupnik without Hebrew) — NO_ANALYSIS	—	גשמ: K: rain season | der Winterregen, Regenzeit || K: a field naturally watered by rain | natürlich bewässertes Feld || J(גָּשַׁם bh): to make the earth cloddy; Part. pass; cloddy || J(גֶּשֶׁם I bh): heavy, continuous rain; rainy season, a	not available (no open digital HeArukh/Meturgeman text)			—	yes
650	top-1000	דאינינ	1	Ezra.7.25	Biblical Aramaic (Daniel, Ezra) (B)	דינ אינינ אינונ איהו אינא אנה	REVIEW_CANDIDATE	complete analysis below the review gate (fewer than 200 uses here) — REVIEW_GATE pron:אינינ/fixed/d "שהן" n=1	דינ: חקר ודרש [krupnik] | הוציא מסקנא [krupnik] | נשפט [krupnik] | נחשב [krupnik] | התוכח, ריב [krupnik] | שפט [krupnik] | הוציא מסקנא [krupnik] | בא בדין [krupnik] | הוציא דין [krupnik] | בא בדין [krupnik] | נשפט [krupnik] | נשפט, נענש [krupnik] | סברא הגיונית [krupnik] | קל וחומר [krupnik] | זה [k	דינ: J(*דֵּין): faintness, trouble, sickness; Oh! Ah!; Thou || J(דִּין I bh): to rule; to hold court, pass sentence, punish; to argue, conclude || J(דִּין ch): Part; to dispute, quarrel; to decide || J(דִּין II bh): law-suit, claim; judgmen	not available (no open digital HeArukh/Meturgeman text)	שהן	REVIEW	high (~94%)	yes
651	top-1000	דאנינ	1	Ezra.7.25	Biblical Aramaic (Daniel, Ezra) (B)	דאני אנינ אננ איהו אנא אנה	MORPHOLOGY	a known lemma with a Hebrew sense is reachable, but a precision rule blocks the analysis — NO_ANALYSIS	דאני: הגה וזמם [krupnik] ;; אנינ: בעל הרגשה יתרה [krupnik] ;; אננ: אנחנו [krupnik] | אנין [jastrow] ;; איהו: הוא [krupnik] ;; אנא: אנכי [krupnik] | אני [jastrow] ;; אנה: ציער והקניט [krupnik]	אננ: J(אָנַן bh): to press, oppress, wrong; one who feels grieved, mourner; Onan || J(אֲנַן ch): to be grieved, to mourn ;; איהו: J(אִיהוּ): he, himself; she, herself ;; אנא: J(אָנָּא bh): oh! I pray || J(אִנָּא): if I	not available (no open digital HeArukh/Meturgeman text)			—	yes
652	top-1000	דארי	1	Daniel.4.32	Biblical Aramaic (Daniel, Ezra) (B)	דאר דארא ארי אור ארא אריא	MORPHOLOGY	a known lemma with a Hebrew sense is reachable, but a precision rule blocks the analysis — NO_ANALYSIS	דאר: חרש [krupnik] ;; ארי: כי [krupnik] ;; אור: אש [krupnik] | ערב [krupnik] | אור [jastrow] ;; ארא: עוף־ציד [krupnik] | שאל [krupnik] ;; אריא: ארי [krupnik]	דאר: J(*דְּאַר): to turn, circle ;; דארא: J(*דַּארָא): turner ;; ארי: J(אֲרֵי): behold; that, so that, because, if; but || J(אֲרִי I): to point, throw; to argue, question, discuss, treat || J(ארי bh): to create a gap; to pluck; arah || J(אֲ	not available (no open digital HeArukh/Meturgeman text)			—	yes
653	top-1000	דבקינ	1	Daniel.2.43	Biblical Aramaic (Daniel, Ezra) (B)	דבק בקא בקי בקיא גלוסקא קונ	MORPHOLOGY	a known lemma with a Hebrew sense is reachable, but a precision rule blocks the analysis — NO_ANALYSIS	דבק: התחבר [krupnik] | הִתְדַּבֵּק התחבר והתאחד [krupnik] | נאחז ונתחבר [krupnik] | דיבק וחיבר [krupnik] | היה דבוק וקשור [krupnik] | השיג והגיע [krupnik] | רדף והשיג [krupnik] | היה ביכלתו [krupnik] | התחבר אל־ [krupnik] | היה מדובק ומחובר ביחד [krupnik] | חומר המדביק [krupnik] | חיבור [krupnik] | 	דבק: J(דָּבֵק bh): to cleave, adhere, stick; to join, glue, affix; Part. pass || J(דְּבֵק ch): to adhere; to paste, glue; to be attached, join || J(דֶּבֶק bh): glue, paste; junction; followers ;; בקא: J(בַּקָּא): to enter into, search; gnat	not available (no open digital HeArukh/Meturgeman text)			—	yes
654	top-1000	דהוא	1	Ezra.4.9	Biblical Aramaic (Daniel, Ezra) (B)	הוא הוי הוה	MORPHOLOGY	a known lemma with a Hebrew sense is reachable, but a precision rule blocks the analysis — RARE_UNREVIEWED הוא//d "שהיה"	הוא: היה [krupnik] | הוא [jastrow] ;; הוי: שאל, הקשה [krupnik] ;; הוה: היה [reviewed]	הוא: K: supposed | vorausgesetzt || J(הוּא bh): he, it; she; it is; whosoever, whatsoever; whatever it may be, a minimum || J(הוּא ² ch): myself, thyself ;; הוי: J(הוֹי bh): woe!, ah! || J(הוי bh): to exist; to be, become; to occur, come to	not available (no open digital HeArukh/Meturgeman text)			—	yes
655	top-1000	דהיא	1	Ezra.4.9	Biblical Aramaic (Daniel, Ezra) (B)	הוא דה דהה היא הא הי	MORPHOLOGY	a known lemma with a Hebrew sense is reachable, but a precision rule blocks the analysis — RARE_UNREVIEWED הוא//d "שהיה"	הוא: היה [krupnik] | הוא [jastrow] ;; דה: זה, זאת [krupnik] ;; דהה: הכהה, עשה דיהה [krupnik] ;; הא: זה [krupnik] | כאן [krupnik] | הלא [krupnik] ;; הי: איה, היכן [krupnik]	הוא: K: supposed | vorausgesetzt || J(הוּא bh): he, it; she; it is; whosoever, whatsoever; whatever it may be, a minimum || J(הוּא ² ch): myself, thyself ;; דהה: J(דָּהָה): to be faint ;; הא: K: this means to say) but.. | aber, dagegen || K	not available (no open digital HeArukh/Meturgeman text)			—	yes
656	top-1000	דורא	1	Daniel.3.1	Biblical Aramaic (Daniel, Ezra) (B)	דורא דור	SENSE_CHOICE	several Hebrew senses (or two lemmas) — a reviewer must choose — AMBIGUOUS_SENSE דורא: משא | מין אבן טובה | כפר	דורא: משא [krupnik] | מין אבן טובה [krupnik] | כפר [krupnik] ;; דור: הכניס [krupnik] | נזבל [krupnik] | גר, שכן [krupnik] | זר, מסגרת [krupnik] | עור ממולא [krupnik] | שורה [krupnik] | דור [jastrow]	דורא: J(דּוּרָא I): district, settlement, village; Shephardville || J(דּוּרָא II bh): dura; a jewel, mother of pearl; durah; || J(דּוּרָא III): parasite worm || J(דּוּרָא IV): burden, load || J(*דּוּרָא IV): Be-Dura; Davvara ;; דור: K: to m	not available (no open digital HeArukh/Meturgeman text)			—	yes
657	top-1000	דחיל	1	Daniel.2.31	Biblical Aramaic (Daniel, Ezra) (B)	דחיל דחילא דחל חיל חייל חילא	MORPHOLOGY	a known lemma with a Hebrew sense is reachable, but a precision rule blocks the analysis — RARE_UNREVIEWED דחיל// "נורא"	דחיל: נורא [krupnik] ;; דחילא: נורא [krupnik] | מורא ופחד [krupnik] ;; דחל: ירא ופחד [krupnik] | הפחיד [krupnik] | נבהל [krupnik] ;; חיל: ערך למלחמה [krupnik] | אימץ וחיזק [krupnik] | נתחזק [krupnik] | התגודד [krupnik] ;; חייל: המתיק [krupnik] | מחל [krupnik]	דחיל: J(דּחֵיל): daḥala; to be depressed, bent; to fear, be afraid of, shun; to worship, revere || J(דּחִיל): fearing; fearful, terrible, awe-inspiring ;; דחילא: J(דְּחִילָא): fear, reverence ;; חיל: J(חֵיל I): surrounding; Ḥel || J(חִיל): 	not available (no open digital HeArukh/Meturgeman text)			—	yes
658	top-1000	דינא	1	Daniel.7.10	Biblical Aramaic (Daniel, Ezra) (B)	דינא דינ די יני אנה אני	REVIEW_CANDIDATE	complete analysis below the review gate (fewer than 200 uses here) — REVIEW_GATE דינא/-/- "דין ומשפט" n=1	דינא: דין ומשפט [krupnik] | ריב [krupnik] | שופט [krupnik] ;; דינ: חקר ודרש [krupnik] | הוציא מסקנא [krupnik] | נשפט [krupnik] | נחשב [krupnik] | התוכח, ריב [krupnik] | שפט [krupnik] | הוציא מסקנא [krupnik] | בא בדין [krupnik] | הוציא דין [krupnik] | בא בדין [krupnik] | נשפט [krupnik] | נשפט, נענש [	דינ: J(*דֵּין): faintness, trouble, sickness; Oh! Ah!; Thou || J(דִּין I bh): to rule; to hold court, pass sentence, punish; to argue, conclude || J(דִּין ch): Part; to dispute, quarrel; to decide || J(דִּין II bh): law-suit, claim; judgmen	not available (no open digital HeArukh/Meturgeman text)	דין ומשפט	REVIEW	medium (~80% right in the sample)	yes
659	top-1000	דיניא	1	Ezra.4.9	Biblical Aramaic (Daniel, Ezra) (B)	דינא יני ניה	MORPHOLOGY	a known lemma with a Hebrew sense is reachable, but a precision rule blocks the analysis — RARE_UNREVIEWED דינא/n.pl/ "דין ומשפט"	דינא: דין ומשפט [krupnik] | ריב [krupnik] | שופט [krupnik] ;; יני: הונה ורמה [krupnik] | הניא, הסיר [krupnik] ;; ניה: קישט ופאר [krupnik]	יני: J(יני): Hif.; to oppress, treat overbearingly, vex, taunt || J(יְנִי II): to be undecided, waver; to cause to waver, discourage ;; ניה: K: name of a place | Ortsname || J(*נָיָה): Nayah	not available (no open digital HeArukh/Meturgeman text)			—	yes
660	top-1000	דירי	1	Daniel.4.32	Biblical Aramaic (Daniel, Ezra) (B)	אדר דיר דירא נדר דירתא ירי	MORPHOLOGY	a known lemma with a Hebrew sense is reachable, but a precision rule blocks the analysis — NO_ANALYSIS	אדר: כבד והדר [krupnik] | עור [krupnik] | אדר [jastrow] | גורן [he] ;; דיר: ערך בשורה [krupnik] | זֵר [krupnik] | רפת [krupnik] | רפת [krupnik] | דירה [krupnik] | דירה [krupnik] ;; דירא: אכסניא [krupnik] | אכסניא [krupnik] | רפת [krupnik] | רפת [krupnik] ;; נדר: חייב ואסר בתורת נדר [krupnik] | נדר [	אדר: K: holm-oak | Steineiche || J(אָדַר bh): to cut off, surround, isolate;; distinguish.; to darken || J(אֲדַר ch): to distinguish || J(אֲדָר): the cloudy; Adar; First Adar || J(אִדַּר): a place cut off, circle; threshing place, barn;; th	not available (no open digital HeArukh/Meturgeman text)			—	yes
661	top-1000	דכרונה	1	Ezra.6.2	Biblical Aramaic (Daniel, Ezra) (B)	דכרונ	MISSING_HEBREW_GLOSS	the dictionaries have the word, but no Hebrew sense (English only / Krupnik without Hebrew) — NO_ANALYSIS	—	—	not available (no open digital HeArukh/Meturgeman text)			—	yes
662	top-1000	דלק	1	Daniel.7.9	Biblical Aramaic (Daniel, Ezra) (B)	דלק דליקה לק	SENSE_CHOICE	several Hebrew senses (or two lemmas) — a reviewer must choose — AMBIGUOUS_SENSE דלק: בער | רדף	דלק: בער [krupnik] | רדף [krupnik] | הדליק והבעיר [krupnik] | חומר לשריפה [krupnik] | דלק [jastrow] ;; דליקה: בערה [krupnik]	דלק: K: to be burnt | verbrannt werden || J(דָּלַק bh): to burn; to be illumined; enkindled, burning; to pursue eagerly || J(דְּלַק ch): to burn; to pursue; to kindle a light, start a fire || J(דֶּלֶק): light, burning material, wick, wood ;	not available (no open digital HeArukh/Meturgeman text)			—	yes
663	top-1000	דמה	1	Daniel.3.25	Biblical Aramaic (Daniel, Ezra) (B)	מה דמי דומ דמ דמא אגטרגטא	MORPHOLOGY	a known lemma with a Hebrew sense is reachable, but a precision rule blocks the analysis — D_UNKNOWN_POS מה "של מה"	מה: כמו [krupnik] | אִם [krupnik] | מה [jastrow] ;; דמי: היה דומה [krupnik] | צייר לעצמו [krupnik] | שתק [krupnik] | השוה [krupnik] | דימה בנפשו [krupnik] | נשתוה [krupnik] | נדמה [krupnik] | כסף, מחיר [krupnik] | דמי [jastrow] ;; דומ: היה חשוד [krupnik] ;; דמ: דם [jastrow] ;; דמא: דם [krupnik] ;; א	מה: J(מָה bh): something; anything; what? which?; as … so ;; דמי: J(דמי bh): to mumble, think; to be silent; to imagine, compare || J(דְּמֵי I ch): to be dumb; to imagine, suspect, consider; suspected, considered; resembling, like || J(דְּמ	not available (no open digital HeArukh/Meturgeman text)			—	yes
664	top-1000	דמיה	1	Daniel.7.5	Biblical Aramaic (Daniel, Ezra) (B)	דמ מיה מיא מיהא יה	MORPHOLOGY	a known lemma with a Hebrew sense is reachable, but a precision rule blocks the analysis — NO_ANALYSIS	דמ: דם [jastrow] ;; מיה: מאה [krupnik] ;; מיא: מים [krupnik] ;; מיהא: לפחות, על כל פנים [krupnik]	דמ: K: money, value, equivalent | Geld, Preis, Entgelt || J(דָּם): liquid; blood; life; fluid; murder || J(דָּם ² ch): blood; life; M’ah; congestion ;; מיא: J(מַיָּא ch): water ;; מיהא: J(מִיהָא): whatever it be, be it as it may; however, a	not available (no open digital HeArukh/Meturgeman text)			—	yes
665	top-1000	דע	1	Daniel.6.16	Biblical Aramaic (Daniel, Ezra) (B)		TRUE_LEXICAL_GAP	no lexicon entry the form could belong to — NO_ANALYSIS	—	—	not available (no open digital HeArukh/Meturgeman text)			—	yes
666	top-1000	דקו	1	Daniel.2.35	Biblical Aramaic (Daniel, Ezra) (B)	אדק דוק דיק	MORPHOLOGY	a known lemma with a Hebrew sense is reachable, but a precision rule blocks the analysis — NO_ANALYSIS	אדק: החזק [krupnik] | אדק [jastrow] ;; דוק: מין חולי בעין [krupnik] ;; דיק: כתת [krupnik] | עשה בדיוק [krupnik] | הוציא מסקנא [krupnik] | כיוון בדיוק [krupnik]	אדק: J(אָדַק): to squeeze into, fasten; fastened to; holding fast || J(אֲדַק ch): to be fastened, stick to; Part. pass; attached, cleaving to || J(אֲדָק): clepsydra ;; דוק: J(דּוֹק): a withered spot in the eye || J(דּוּק): to pound, beat; t	not available (no open digital HeArukh/Meturgeman text)			—	yes
667	top-1000	דת	1	Daniel.6.16	Biblical Aramaic (Daniel, Ezra) (B)	דת את	MISSING_HEBREW_GLOSS	the dictionaries have the word, but no Hebrew sense (English only / Krupnik without Hebrew) — NO_HEBREW_SENSE דת	דת: דת [jastrow] ;; את: סימן [krupnik] | אות [jastrow]	דת: J(דָּת bh): dîn; custom, law; judgment, punishment; religion ;; את: K: letter | Buchstabe || J(אַתְּ): thou; thou sayest; thou callest it || J(אָת): sign, type; letter || J(אֵת bh): essence; the thing; which	not available (no open digital HeArukh/Meturgeman text)			—	yes
668	top-1000	דתי	1	Ezra.7.25	Biblical Aramaic (Daniel, Ezra) (B)	דת תי אתא	MISSING_HEBREW_GLOSS	the dictionaries have the word, but no Hebrew sense (English only / Krupnik without Hebrew) — NO_HEBREW_SENSE דת	דת: דת [jastrow] ;; אתא: סימן [krupnik] | בא [krupnik] | הביא [reviewed]	דת: J(דָּת bh): dîn; custom, law; judgment, punishment; religion ;; תי: J(תֵּי): thou shalt be, be thou ;; אתא: J(אָתָא I): letter, sign || J(אֲתָא ch): to join; to come, to arrive; to occur to; surely, indeed || J(*אָתָא III): Great Bear, 	not available (no open digital HeArukh/Meturgeman text)			—	yes
669	top-1000	דתכונ	1	Daniel.2.9	Biblical Aramaic (Daniel, Ezra) (B)	דת כונ נתכ תוכ תכנ	MORPHOLOGY	a known lemma with a Hebrew sense is reachable, but a precision rule blocks the analysis — NO_ANALYSIS	דת: דת [jastrow] ;; כונ: עשה ישר ומכוון [krupnik] | עשה ישר [krupnik] | הסב, הפנה [krupnik] | פנה [krupnik] | כון [jastrow] ;; נתכ: ענש [krupnik] | אַתֵּךְ המס והתיך באש [krupnik] | נתך [jastrow] ;; תוכ: היה באמצע, חצה [krupnik] ;; תכנ: תכן [jastrow]	דת: J(דָּת bh): dîn; custom, law; judgment, punishment; religion ;; כונ: J(כּוּן bh): to stand, exist, be firm; to straighten; to place in a line, direct || J(כּוּן ² ch): to direct, aim, draw a direct line; to draw a parallel, compare; to 	not available (no open digital HeArukh/Meturgeman text)			—	yes
670	top-1000	האיתיכ	1	Daniel.2.26	Biblical Aramaic (Daniel, Ezra) (B)	האיתא	MISSING_HEBREW_GLOSS	the dictionaries have the word, but no Hebrew sense (English only / Krupnik without Hebrew) — NO_ANALYSIS	—	האיתא: J(הַאיְתָא): cream	not available (no open digital HeArukh/Meturgeman text)			—	yes
671	top-1000	האיתכ	1	Daniel.2.26	Biblical Aramaic (Daniel, Ezra) (B)	האיתא	MISSING_HEBREW_GLOSS	the dictionaries have the word, but no Hebrew sense (English only / Krupnik without Hebrew) — NO_ANALYSIS	—	האיתא: J(הַאיְתָא): cream	not available (no open digital HeArukh/Meturgeman text)			—	yes
672	top-1000	הב	1	Daniel.5.17	Biblical Aramaic (Daniel, Ezra) (B)	יהב הב	MISSING_HEBREW_GLOSS	the dictionaries have the word, but no Hebrew sense (English only / Krupnik without Hebrew) — NO_HEBREW_SENSE יהב	—	יהב: J(יְהַב): to give; to deal; to put, place	not available (no open digital HeArukh/Meturgeman text)			—	yes
673	top-1000	הדברי	1	Daniel.4.33	Biblical Aramaic (Daniel, Ezra) (B)	דבר	MORPHOLOGY	a known lemma with a Hebrew sense is reachable, but a precision rule blocks the analysis — NO_ANALYSIS	דבר: נלקח [krupnik] | התנהל [krupnik] | מנהיג [krupnik] | דבר [jastrow]	דבר: K: to lead, to drive | führen, leiten || K: to conduct one's self | sich führen, leben || K: to take | nehmen || J(דָּבַר bh): to join, arrange, lead; to converse, speak; ḥērēsh || J(דְּבַר ch): to seize, take, lead, drive; to conduct 	not available (no open digital HeArukh/Meturgeman text)			—	yes
674	top-1000	הדבריא	1	Daniel.6.8	Biblical Aramaic (Daniel, Ezra) (B)		TRUE_LEXICAL_GAP	no lexicon entry the form could belong to — NO_ANALYSIS	—	—	not available (no open digital HeArukh/Meturgeman text)			—	yes
675	top-1000	הדקו	1	Daniel.6.25	Biblical Aramaic (Daniel, Ezra) (B)	הדק	MORPHOLOGY	a known lemma with a Hebrew sense is reachable, but a precision rule blocks the analysis — NO_ANALYSIS	הדק: חיזק ואדק [krupnik] | הדק [jastrow]	הדק: J(הָדַק): Pi.; to squeeze || J(הֲדַק ch): Part. pass; to be squeezed in, rabbeted	not available (no open digital HeArukh/Meturgeman text)			—	yes
676	top-1000	הדרת	1	Daniel.5.23	Biblical Aramaic (Daniel, Ezra) (B)	הדרה הדר הדרתא נדר	MISSING_HEBREW_GLOSS	the dictionaries have the word, but no Hebrew sense (English only / Krupnik without Hebrew) — NO_HEBREW_SENSE הדרה	הדר: קישט וכיבד [krupnik] | הקפיד ודקדק [krupnik] | חזר [krupnik] | שב מדעתו [krupnik] | חזר אחרי־, בקש [krupnik] | החזיר [krupnik] | שנה [krupnik] | השיב [krupnik] | סבב [krupnik] | הדר [jastrow] ;; נדר: חייב ואסר בתורת נדר [krupnik] | נדר [jastrow] | נדר [jastrow]	הדרה: J(הֲדָרָה): beauty, dignity ;; הדר: J(הָדַר bh): to enclose, go around.; Part. pass; rounded || J(הֲדַר ch): to go around, come back, return; Pi.; to honor, distinguish. || J(הָדָר bh): adornment, crown, beauty, glory; haddar; Hadar ;	not available (no open digital HeArukh/Meturgeman text)			—	yes
677	top-1000	הודעכ	1	Daniel.2.29	Biblical Aramaic (Daniel, Ezra) (B)		TRUE_LEXICAL_GAP	no lexicon entry the form could belong to — NO_ANALYSIS	—	—	not available (no open digital HeArukh/Meturgeman text)			—	yes
678	top-1000	הודעתנא	1	Daniel.2.23	Biblical Aramaic (Daniel, Ezra) (B)		TRUE_LEXICAL_GAP	no lexicon entry the form could belong to — NO_ANALYSIS	—	—	not available (no open digital HeArukh/Meturgeman text)			—	yes
679	top-1000	הודעתני	1	Daniel.2.23	Biblical Aramaic (Daniel, Ezra) (B)		TRUE_LEXICAL_GAP	no lexicon entry the form could belong to — NO_ANALYSIS	—	—	not available (no open digital HeArukh/Meturgeman text)			—	yes
680	top-1000	הוספת	1	Daniel.4.33	Biblical Aramaic (Daniel, Ezra) (B)	יספ סופ	MORPHOLOGY	a known lemma with a Hebrew sense is reachable, but a precision rule blocks the analysis — NO_ANALYSIS	יספ: נוסף, נתחבר ונצטרף [krupnik] | הרבה והוסיף [krupnik] ;; סופ: סוף [jastrow] | סוף [jastrow] | סוף [jastrow]	יספ: J(יָסַף bh): Hif.; to heap up, to add; Hithpa || J(יְסַף ch): to add, increase; to do again; to be added ;; סופ: J(סוּף I bh): reed, bulrush.; the sea of Suf; ăgam || J(סוּף II bh): to cut; to be cut off; to end; to cut, diminish; to e	not available (no open digital HeArukh/Meturgeman text)			—	yes
681	top-1000	הזדמנתונ	1	Daniel.2.9	Biblical Aramaic (Daniel, Ezra) (B)		TRUE_LEXICAL_GAP	no lexicon entry the form could belong to — NO_ANALYSIS	—	—	not available (no open digital HeArukh/Meturgeman text)			—	yes
682	top-1000	הזמנתונ	1	Daniel.2.9	Biblical Aramaic (Daniel, Ezra) (B)	זמנ	MISSING_HEBREW_GLOSS	the dictionaries have the word, but no Hebrew sense (English only / Krupnik without Hebrew) — NO_HEBREW_SENSE זמנ	זמנ: הכין [krupnik] | קרא לסעודה וכדומה [krupnik] | בירך ברכת הזימון [krupnik] | נקרה [krupnik] | הוזמן [krupnik] | זמן [jastrow] | זמן [jastrow] | אהל מועד [jastrow]	זמנ: J(זָמַן bh): to arrange, designate; to invite; to a meal || J(זְמַן I ch): Part. pass; ready, prepared; to invite; to appoint; to summon; to prepare || J(זְמָן bh): appointed time, term, time; in the case of, when, if; in its prescribe	not available (no open digital HeArukh/Meturgeman text)			—	yes
683	top-1000	החוני	1	Daniel.2.6	Biblical Aramaic (Daniel, Ezra) (B)		TRUE_LEXICAL_GAP	no lexicon entry the form could belong to — NO_ANALYSIS	—	—	not available (no open digital HeArukh/Meturgeman text)			—	yes
684	top-1000	החסנו	1	Daniel.7.22	Biblical Aramaic (Daniel, Ezra) (B)	חסנ	MORPHOLOGY	a known lemma with a Hebrew sense is reachable, but a precision rule blocks the analysis — NO_ANALYSIS	חסנ: היה חזק [krupnik] | החזיק בדבר [krupnik]	חסנ: J(חֲסַן I): to be strong; Ithpa.; to take possession || J(חֲסַן II): Af.; to wean; to be weaned	not available (no open digital HeArukh/Meturgeman text)			—	yes
685	top-1000	החרבת	1	Ezra.4.15	Biblical Aramaic (Daniel, Ezra) (B)	חרב	MORPHOLOGY	a known lemma with a Hebrew sense is reachable, but a precision rule blocks the analysis — NO_ANALYSIS	חרב: קרבן יבש, בלי שמן [krupnik] | חרב [jastrow]	חרב: J(חָרִב I bh): to be burned, dried up, ruined, waste; to be destroyed; to destroy, lay waste || J(חֲרֵב ch): to destroy, lay waste; to be destroyed || J(חָרֵב II bh): ruined; dry || J(חֶרֶב bh): sword; the sword-shaped handle of a plou	not available (no open digital HeArukh/Meturgeman text)			—	yes
686	top-1000	היתי	1	Daniel.5.13	Biblical Aramaic (Daniel, Ezra) (B)	אתא	REVIEW_CANDIDATE	complete analysis below the review gate (fewer than 200 uses here) — REVIEW_GATE אתא/af.perf.3ms/- "בא" n=1	אתא: סימן [krupnik] | בא [krupnik] | הביא [reviewed]	אתא: J(אָתָא I): letter, sign || J(אֲתָא ch): to join; to come, to arrive; to occur to; surely, indeed || J(*אָתָא III): Great Bear, Ursa Major	not available (no open digital HeArukh/Meturgeman text)	בא	REVIEW	medium (~85%)	yes
687	top-1000	הכשדימ	1	Daniel.2.4	Biblical Aramaic (Daniel, Ezra) (B)		TRUE_LEXICAL_GAP	no lexicon entry the form could belong to — NO_ANALYSIS	—	—	not available (no open digital HeArukh/Meturgeman text)			—	yes
688	top-1000	הנחת	1	Daniel.5.20	Biblical Aramaic (Daniel, Ezra) (B)	הנחה	MORPHOLOGY	a known lemma with a Hebrew sense is reachable, but a precision rule blocks the analysis — NO_ANALYSIS	הנחה: שימה [krupnik]	הנחה: J(הֲנָחָה bh): rest, ease, relief; peace of mind, appeasement || J(הַנָּחָה): Hif.; putting down, depositing, laying down	not available (no open digital HeArukh/Meturgeman text)			—	yes
689	top-1000	הנפקו	1	Daniel.5.3	Biblical Aramaic (Daniel, Ezra) (B)		TRUE_LEXICAL_GAP	no lexicon entry the form could belong to — NO_ANALYSIS	—	—	not available (no open digital HeArukh/Meturgeman text)			—	yes
690	top-1000	הסקו	1	Daniel.3.22	Biblical Aramaic (Daniel, Ezra) (B)	נסק	MORPHOLOGY	a known lemma with a Hebrew sense is reachable, but a precision rule blocks the analysis — NO_ANALYSIS	נסק: הבעיר אש בתנור [krupnik] | עלה [krupnik] | הקריב קרבן [krupnik] | העלה [krupnik] | גמר [krupnik] | קרא בשם [krupnik] | תבע [krupnik] | הוקרב לקרבן [krupnik] | הובער [krupnik] | נסק [jastrow]	נסק: J(נָסַק bh): to go up, ascend; to impose a tax, to assess; to bring to a conclusion || J(נְסַק ch): to go up; to cause to rise, to bring up, offer; tributaries	not available (no open digital HeArukh/Meturgeman text)			—	yes
691	top-1000	העל	1	Daniel.5.13	Biblical Aramaic (Daniel, Ezra) (B)	נעל	MORPHOLOGY	a known lemma with a Hebrew sense is reachable, but a precision rule blocks the analysis — NO_ANALYSIS	נעל: נעל [jastrow]	נעל: K: to be closed | zugeschlossen werden || J(נָעַל bh): to tie; to lock up, close; to tie a sandal, to put shoes on || J(נְעַל ch): to tie; to provide with shoes; to bring up || J(נַעַל bh): tied under the foot; shoe; lock, locking up	not available (no open digital HeArukh/Meturgeman text)			—	yes
692	top-1000	העלו	1	Daniel.5.15	Biblical Aramaic (Daniel, Ezra) (B)	נעל עלי	MORPHOLOGY	a known lemma with a Hebrew sense is reachable, but a precision rule blocks the analysis — NO_ANALYSIS	נעל: נעל [jastrow] ;; עלי: עלי [jastrow]	נעל: K: to be closed | zugeschlossen werden || J(נָעַל bh): to tie; to lock up, close; to tie a sandal, to put shoes on || J(נְעַל ch): to tie; to provide with shoes; to bring up || J(נַעַל bh): tied under the foot; shoe; lock, locking up ;	not available (no open digital HeArukh/Meturgeman text)			—	yes
693	top-1000	העלני	1	Daniel.2.24	Biblical Aramaic (Daniel, Ezra) (B)		TRUE_LEXICAL_GAP	no lexicon entry the form could belong to — NO_ANALYSIS	—	—	not available (no open digital HeArukh/Meturgeman text)			—	yes
694	top-1000	הצדא	1	Daniel.3.14	Biblical Aramaic (Daniel, Ezra) (B)		TRUE_LEXICAL_GAP	no lexicon entry the form could belong to — NO_ANALYSIS	—	—	not available (no open digital HeArukh/Meturgeman text)			—	yes
695	top-1000	הקימה	1	Daniel.5.11	Biblical Aramaic (Daniel, Ezra) (B)		TRUE_LEXICAL_GAP	no lexicon entry the form could belong to — NO_ANALYSIS	—	—	not available (no open digital HeArukh/Meturgeman text)			—	yes
696	top-1000	הקמת	1	Daniel.7.5	Biblical Aramaic (Daniel, Ezra) (B)		TRUE_LEXICAL_GAP	no lexicon entry the form could belong to — NO_ANALYSIS	—	—	not available (no open digital HeArukh/Meturgeman text)			—	yes
697	top-1000	הקרבוהי	1	Daniel.7.13	Biblical Aramaic (Daniel, Ezra) (B)		TRUE_LEXICAL_GAP	no lexicon entry the form could belong to — NO_ANALYSIS	—	—	not available (no open digital HeArukh/Meturgeman text)			—	yes
698	top-1000	הרגזו	1	Ezra.5.12	Biblical Aramaic (Daniel, Ezra) (B)	רגז	MORPHOLOGY	a known lemma with a Hebrew sense is reachable, but a precision rule blocks the analysis — NO_ANALYSIS	רגז: כעס, קצף [krupnik] | רגז [jastrow]	רגז: J(רָגַז bh): to be unsteady, restless; to be agitated; to stir, excite, incite to anger; to be excited, || J(רְגַז I ch): to tremble; to be agitated, angry; to be shaken; to be excited; to shake; to excite; to sc || J(רְגַז II): anger,	not available (no open digital HeArukh/Meturgeman text)			—	yes
699	top-1000	השכחנה	1	Daniel.6.6	Biblical Aramaic (Daniel, Ezra) (B)		TRUE_LEXICAL_GAP	no lexicon entry the form could belong to — NO_ANALYSIS	—	—	not available (no open digital HeArukh/Meturgeman text)			—	yes
700	top-1000	השכחת	1	Daniel.2.25	Biblical Aramaic (Daniel, Ezra) (B)	שכח	MORPHOLOGY	a known lemma with a Hebrew sense is reachable, but a precision rule blocks the analysis — NO_ANALYSIS	שכח: שכח, נשמט מזכרונו [krupnik] | מצא [krupnik] | נמצא [krupnik] | נשכח [krupnik] | שכח [jastrow] | נמצא [jastrow] | נמצא [jastrow] | מצא [reviewed]	שכח: J(שָׁכַח bh): to sink,; to forget, discard; forgetting || J(שְׁכַח ch): to be forgotten || J(שְׁכַח II): Af.; to uncover,; to find	not available (no open digital HeArukh/Meturgeman text)			—	yes
701	top-1000	השלמ	1	Ezra.7.19	Biblical Aramaic (Daniel, Ezra) (B)	שלמ	MORPHOLOGY	a known lemma with a Hebrew sense is reachable, but a precision rule blocks the analysis — NO_ANALYSIS	שלמ: כלה ונגמר [krupnik] | נפרע הכסף [krupnik] | שלם [jastrow] | שלום [jastrow]	שלמ: K: to end | zu Ende sein || J(שָׁלֵם bh): to be whole, complete; to end, cease; to complete, finish; to finish the fast-day || J(שִׁלֵם ch): to be perfect, complete, finished, spent; to be peaceful, sincere, friendly; to complete,  || 	not available (no open digital HeArukh/Meturgeman text)			—	yes
702	top-1000	השפלת	1	Daniel.5.22	Biblical Aramaic (Daniel, Ezra) (B)	שפל	MORPHOLOGY	a known lemma with a Hebrew sense is reachable, but a precision rule blocks the analysis — NO_ANALYSIS	שפל: נרפה, נתעצל [krupnik] | ירד [krupnik] | הרכין את ראשו [krupnik] | השפיל, הוריד [krupnik] | כרע ברך [krupnik] | שפל [jastrow] | שפל [jastrow]	שפל: K: to be lowered | erniedrigt werden || J(שָׁפֵל I bh): to be low; to lower, humble; to be lowered || J(שְׁפַל ch): to fall down, go down; to lower; to carry down, carry along || J(שָׁפָל bh): low, humble; polite; Hithpa. || J(שְׁפַל I	not available (no open digital HeArukh/Meturgeman text)			—	yes
703	top-1000	התגזרת	1	Daniel.2.34	Biblical Aramaic (Daniel, Ezra) (B)		TRUE_LEXICAL_GAP	no lexicon entry the form could belong to — NO_ANALYSIS	—	—	not available (no open digital HeArukh/Meturgeman text)			—	yes
704	top-1000	התחרכ	1	Daniel.3.27	Biblical Aramaic (Daniel, Ezra) (B)		TRUE_LEXICAL_GAP	no lexicon entry the form could belong to — NO_ANALYSIS	—	—	not available (no open digital HeArukh/Meturgeman text)			—	yes
705	top-1000	התיב	1	Daniel.2.14	Biblical Aramaic (Daniel, Ezra) (B)	תוב נתב	MORPHOLOGY	a known lemma with a Hebrew sense is reachable, but a precision rule blocks the analysis — NO_ANALYSIS	תוב: שב, חזר [krupnik] | השיב [krupnik] | הקשה, פירך [krupnik] | הושב [krupnik] | הופרך [krupnik] | שוב [jastrow] | שוב [jastrow] ;; נתב: נשב [krupnik] | הִשיב והפיח [krupnik]	תוב: J(תּוּב I): to go back, return, do again; to restore; to go back on, || J(תּוּב II): again, furthermore ;; נתב: J(נְתַב): to blow; Ithpe:; to cause to blow	not available (no open digital HeArukh/Meturgeman text)			—	yes
706	top-1000	התיבונא	1	Ezra.5.11	Biblical Aramaic (Daniel, Ezra) (B)		TRUE_LEXICAL_GAP	no lexicon entry the form could belong to — NO_ANALYSIS	—	—	not available (no open digital HeArukh/Meturgeman text)			—	yes
707	top-1000	התמלי	1	Daniel.3.19	Biblical Aramaic (Daniel, Ezra) (B)		TRUE_LEXICAL_GAP	no lexicon entry the form could belong to — NO_ANALYSIS	—	—	not available (no open digital HeArukh/Meturgeman text)			—	yes
708	top-1000	התנדבו	1	Ezra.7.15	Biblical Aramaic (Daniel, Ezra) (B)		TRUE_LEXICAL_GAP	no lexicon entry the form could belong to — NO_ANALYSIS	—	—	not available (no open digital HeArukh/Meturgeman text)			—	yes
709	top-1000	התנדבות	1	Ezra.7.16	Biblical Aramaic (Daniel, Ezra) (B)		TRUE_LEXICAL_GAP	no lexicon entry the form could belong to — NO_ANALYSIS	—	—	not available (no open digital HeArukh/Meturgeman text)			—	yes
710	top-1000	התקנת	1	Daniel.4.33	Biblical Aramaic (Daniel, Ezra) (B)	תקנ	MORPHOLOGY	a known lemma with a Hebrew sense is reachable, but a precision rule blocks the analysis — NO_ANALYSIS	תקנ: תקן [jastrow]	תקנ: J(תָּקַן bh): to make straight, firm, right; to straighten, mend, repair, set in order, prepare; to make || J(תְּקֵן ch): to be firm, stand; Ithpa.; Ithpa.	not available (no open digital HeArukh/Meturgeman text)			—	yes
711	top-1000	התרוממת	1	Daniel.5.23	Biblical Aramaic (Daniel, Ezra) (B)		TRUE_LEXICAL_GAP	no lexicon entry the form could belong to — NO_ANALYSIS	—	—	not available (no open digital HeArukh/Meturgeman text)			—	yes
712	top-1000	התרחצו	1	Daniel.3.28	Biblical Aramaic (Daniel, Ezra) (B)		TRUE_LEXICAL_GAP	no lexicon entry the form could belong to — NO_ANALYSIS	—	—	not available (no open digital HeArukh/Meturgeman text)			—	yes
713	top-1000	ואדינ	1	Ezra.5.5	Biblical Aramaic (Daniel, Ezra) (B)	אדינ אדיינ אדי דינ אד אדיא	MORPHOLOGY	a known lemma with a Hebrew sense is reachable, but a precision rule blocks the analysis — RARE_UNREVIEWED rev:אדינ//w "ואז"	אדינ: אזי [jastrow] | ז [jastrow] ;; אדיינ: עדיין [krupnik] ;; אדי: זרק [krupnik] ;; דינ: חקר ודרש [krupnik] | הוציא מסקנא [krupnik] | נשפט [krupnik] | נחשב [krupnik] | התוכח, ריב [krupnik] | שפט [krupnik] | הוציא מסקנא [krupnik] | בא בדין [krupnik] | הוציא דין [krupnik] | בא בדין [krupnik] | נשפט [	אדינ: J(אֱדַיִן ch): at that time, thereupon.; at the same time, forthwith; from that time. ;; אדיינ: J(אֲדַיִין): until now; still, yet; as yet ;; אדי: J(אֲדִי): to swing, throw, pitch ;; דינ: J(*דֵּין): faintness, trouble, sickness; Oh! A	not available (no open digital HeArukh/Meturgeman text)			—	yes
714	top-1000	ואחוית	1	Daniel.5.12	Biblical Aramaic (Daniel, Ezra) (B)	אחויתא חוי	MORPHOLOGY	a known lemma with a Hebrew sense is reachable, but a precision rule blocks the analysis — NO_ANALYSIS	אחויתא: לקח, תורה [krupnik] ;; חוי: אַחֲוֵי הראה [krupnik]	אחויתא: J(אַחֲוֵיתָא): instruction ;; חוי: J(חוי): to point; to show, teach, tell || J(חוי ² ch): Pa.; to show;to tell; to be announced; to be told	not available (no open digital HeArukh/Meturgeman text)			—	yes
715	top-1000	ואחרי	1	Daniel.7.20	Biblical Aramaic (Daniel, Ezra) (B)	אחורי אחר חרה חרי נחר	SENSE_CHOICE	several Hebrew senses (or two lemmas) — a reviewer must choose — AMBIGUOUS אחורי/ "ואחרת" ~ אחר/n.sg "ונהג בשגעון"	אחורי: אחרת [jastrow] ;; אחר: נהג בשגעון [krupnik] | אחר [jastrow] ;; חרה: הכעיס, גרם חרון [krupnik] ;; חרי: הדליק, הסיק [krupnik] | גללים [krupnik] | חרי [jastrow] ;; נחר: דקר [krupnik] | שתת דם [krupnik] | נדקר [krupnik] | השמיע קול נחרה [krupnik] | נחר [jastrow]	אחורי: J(אֲחוֹרִי): another, something else ;; אחר: J(אָחַר bh): to be behind; to cover; to tarry, hesitate; to set behind || J(אֲחַר ch): to be behind; to cover; be delayed || J(אַחַר bh): after, behind; aḥaré; in connection with || J(אַחֵ	not available (no open digital HeArukh/Meturgeman text)			—	yes
716	top-1000	ואימתני	1	Daniel.7.7	Biblical Aramaic (Daniel, Ezra) (B)	אימתנ אמתני מתנ	MORPHOLOGY	a known lemma with a Hebrew sense is reachable, but a precision rule blocks the analysis — NO_ANALYSIS	אימתנ: איום [krupnik] ;; אמתני: אמתן [jastrow] ;; מתנ: היה מונח זמן רב [krupnik] | חכה [krupnik] | היה מתון [krupnik] | מתן [jastrow]	אימתנ: J(אֵימְתָן): fear-inspiring, powerful; timid ;; אמתני: J(אֶמְתָנִי ch): fear-inspiring, powerful.; to be strong; ;; מתנ: J(מָתַן): to stretch; to be long, slow; to wait; to lie over for complete ripening. || J(מְתַן ch): to cause del	not available (no open digital HeArukh/Meturgeman text)			—	yes
717	top-1000	ואכלו	1	Daniel.3.8	Biblical Aramaic (Daniel, Ezra) (B)	כלי אכל	MORPHOLOGY	a known lemma with a Hebrew sense is reachable, but a precision rule blocks the analysis — NO_ANALYSIS	כלי: נגמר [krupnik] | איבד [krupnik] | שאג [krupnik] | עצר [krupnik] | נעצר [krupnik] | כְּלִי רִאשׁוֹן [krupnik] | כלי [jastrow] ;; אכל: אכל [jastrow]	כלי: J(כְּלִי bh): vessel, receptacle; bag; outfit, apparel, garment, tool, weapon.; Pl. || J(כלי bh): to enclose; to restrain, keep back; iron points; to be full, to be finished, to cease || J(כְּלֵי ch): to keep enclosed, to withhold, res	not available (no open digital HeArukh/Meturgeman text)			—	yes
718	top-1000	ואלהא	1	Ezra.6.12	Biblical Aramaic (Daniel, Ezra) (B)	אלה ואלה להי	MORPHOLOGY	a known lemma with a Hebrew sense is reachable, but a precision rule blocks the analysis — RARE_UNREVIEWED אלה//w "ואלוה"	אלה: מקל שראשו מעובה [krupnik] | קלשון [krupnik] | אלוה [jastrow]	אלה: J(אָלָה): to curse || J(אָלָה ² bh): to point; imprecation, curse || J(אֵלֶּה): these, those; v’elleh; elleh || J(אֵלָה bh): terebinth. || J(אַלָּה bh): lance, fork.; sign-pole || J(אֱלָהּ ch): God.; Pl.; gods. ;; ואלה: J(וְאֵלֶּה): V’	not available (no open digital HeArukh/Meturgeman text)			—	yes
719	top-1000	ואמרת	1	Daniel.5.10	Biblical Aramaic (Daniel, Ezra) (B)	את מר אמר	MORPHOLOGY	a known lemma with a Hebrew sense is reachable, but a precision rule blocks the analysis — NO_ANALYSIS	את: סימן [krupnik] | אות [jastrow] ;; אמר: הלעיט [krupnik] | אמר [jastrow] | טלה, כבש [he]	את: K: letter | Buchstabe || J(אַתְּ): thou; thou sayest; thou callest it || J(אָת): sign, type; letter || J(אֵת bh): essence; the thing; which ;; מר: J(מֹר): myrrh || J(מַר I): to speak, say || J(מַר II bh): bitter; corrosive substance; ca	not available (no open digital HeArukh/Meturgeman text)			—	yes
720	top-1000	ואנדע	1	Daniel.2.9	Biblical Aramaic (Daniel, Ezra) (B)		TRUE_LEXICAL_GAP	no lexicon entry the form could belong to — NO_ANALYSIS	—	—	not available (no open digital HeArukh/Meturgeman text)			—	yes
721	top-1000	ואסרא	1	Daniel.6.10	Biblical Aramaic (Daniel, Ezra) (B)	אסרא איסרא אסר סרה סרי	MORPHOLOGY	a known lemma with a Hebrew sense is reachable, but a precision rule blocks the analysis — NO_ANALYSIS	איסרא: אגודה, חבילה [krupnik] | שר של מעלה, מלאך [krupnik] ;; אסר: אסר [jastrow] ;; סרה: פסל [krupnik] ;; סרי: הבאיש [krupnik] | קלקל [krupnik] | גרם ריח רע [krupnik] | התקלקל [krupnik] | ריח רע [krupnik]	אסרא: J(אָסְרָא): one who forbids ;; איסרא: J(אִיסְרָא I): bundle, bunch, sheaf; chains; || J(אִיסְרָא II): prince, angel, genius; Cleanliness; Filth ;; אסר: J(אָסַר bh): to surround, enclose; to chain, imprison; to sentence to prison; to h	not available (no open digital HeArukh/Meturgeman text)			—	yes
722	top-1000	ואע	1	Ezra.5.8	Biblical Aramaic (Daniel, Ezra) (B)	אע	MISSING_HEBREW_GLOSS	the dictionaries have the word, but no Hebrew sense (English only / Krupnik without Hebrew) — NO_ANALYSIS	—	אע: J(אָע ch): wood, woods;; wooden handle.; Hebr.	not available (no open digital HeArukh/Meturgeman text)			—	yes
723	top-1000	ואפרסתכיא	1	Ezra.4.9	Biblical Aramaic (Daniel, Ezra) (B)		TRUE_LEXICAL_GAP	no lexicon entry the form could belong to — NO_ANALYSIS	—	—	not available (no open digital HeArukh/Meturgeman text)			—	yes
724	top-1000	ואפתמ	1	Ezra.4.13	Biblical Aramaic (Daniel, Ezra) (B)		TRUE_LEXICAL_GAP	no lexicon entry the form could belong to — NO_ANALYSIS	—	—	not available (no open digital HeArukh/Meturgeman text)			—	yes
725	top-1000	ואצבעת	1	Daniel.2.42	Biblical Aramaic (Daniel, Ezra) (B)		TRUE_LEXICAL_GAP	no lexicon entry the form could belong to — NO_ANALYSIS	—	—	not available (no open digital HeArukh/Meturgeman text)			—	yes
726	top-1000	ואצבעתא	1	Daniel.2.41	Biblical Aramaic (Daniel, Ezra) (B)	אצבעא	MORPHOLOGY	a known lemma with a Hebrew sense is reachable, but a precision rule blocks the analysis — NO_ANALYSIS	אצבעא: אצבע [jastrow]	—	not available (no open digital HeArukh/Meturgeman text)			—	yes
727	top-1000	וארבע	1	Daniel.7.3	Biblical Aramaic (Daniel, Ezra) (B)	ארבע ארבעה רבע ארבעא	MORPHOLOGY	a known lemma with a Hebrew sense is reachable, but a precision rule blocks the analysis — NO_ANALYSIS	ארבעה: ארבעה [jastrow] ;; רבע: השקה [krupnik] | עשה בפעם הרביעית [krupnik] | עשה בצורת מרובע [krupnik] | רבע [jastrow]	ארבע: J(אַרְבַּע): four ;; ארבעה: J(אַרְבָּעָה I): four; forty || J(אַרְבְּעָה ch): the fourth; forty; fourteen, fourteenth || J(*אַרְבָּעָה II): couching ;; רבע: J(רָבַע bh): to lie with, copulate with, cover; to have connection with a bea	not available (no open digital HeArukh/Meturgeman text)			—	yes
728	top-1000	וארבעה	1	Daniel.7.6	Biblical Aramaic (Daniel, Ezra) (B)	ארבעה ארבעא ארבעתא רבע	MORPHOLOGY	a known lemma with a Hebrew sense is reachable, but a precision rule blocks the analysis — NO_ANALYSIS	ארבעה: ארבעה [jastrow] ;; ארבעתא: ארבעה [krupnik] ;; רבע: השקה [krupnik] | עשה בפעם הרביעית [krupnik] | עשה בצורת מרובע [krupnik] | רבע [jastrow]	ארבעה: J(אַרְבָּעָה I): four; forty || J(אַרְבְּעָה ch): the fourth; forty; fourteen, fourteenth || J(*אַרְבָּעָה II): couching ;; ארבעא: J(אַרְבְּעָא): couching ;; רבע: J(רָבַע bh): to lie with, copulate with, cover; to have connection wit	not available (no open digital HeArukh/Meturgeman text)			—	yes
729	top-1000	וארחתה	1	Daniel.4.34	Biblical Aramaic (Daniel, Ezra) (B)		TRUE_LEXICAL_GAP	no lexicon entry the form could belong to — NO_ANALYSIS	—	—	not available (no open digital HeArukh/Meturgeman text)			—	yes
730	top-1000	וארכבתה	1	Daniel.5.6	Biblical Aramaic (Daniel, Ezra) (B)	ארכבתא	MORPHOLOGY	a known lemma with a Hebrew sense is reachable, but a precision rule blocks the analysis — NO_ANALYSIS	ארכבתא: שכבה העליונה [krupnik]	ארכבתא: J(*אַרְכַּבְתָּא): the uppermost layer of a clay dam around a field	not available (no open digital HeArukh/Meturgeman text)			—	yes
731	top-1000	וארכה	1	Daniel.7.12	Biblical Aramaic (Daniel, Ezra) (B)	ארכה ארכא ארוכה ארכ	MORPHOLOGY	a known lemma with a Hebrew sense is reachable, but a precision rule blocks the analysis — NO_ANALYSIS	ארכה: מועד [krupnik] ;; ארכא: ארוכה [jastrow] ;; ארוכה: לוח שבין כרעי המטה [krupnik] | מועד, ארכא [krupnik] ;; ארכ: נעשה ארוך [krupnik] | תקן, הכין [krupnik] | נקה [krupnik]	ארכה: J(אַרְכָה): extension, a certain time ;; ארכא: J(אַרְכָא I): meshes, ranges, intervals || J(אַרְכָא II): duration, term, limit; extension of time. || J(אַרְכָא III): healing, restoration ;; ארוכה: J(אֲרוּכָה I): long board, longside o	not available (no open digital HeArukh/Meturgeman text)			—	yes
732	top-1000	וארעא	1	Ezra.5.11	Biblical Aramaic (Daniel, Ezra) (B)	ארעא ארע רעי רעה	MORPHOLOGY	a known lemma with a Hebrew sense is reachable, but a precision rule blocks the analysis — RARE_UNREVIEWED ארעא//w "ואדמה, ארץ"	ארעא: אדמה, ארץ [krupnik] | מקרה [krupnik] | פגע [krupnik] ;; ארע: קרה [krupnik] | הגיע, בא [krupnik] | אדמה, ארץ [krupnik] | ארץ, אדמה [he] ;; רעי: רעה את הצאן [krupnik] | רצה [krupnik] | נרצה [krupnik] | רצה ב־ [krupnik] | בחר [krupnik] | רעי [jastrow] | רצה [jastrow] | רעי [jastrow]	ארעא: J(אִרְעָא): accident, occurrence; evils, diseases || J(אַרְעָא): land, earth, ground, field; gout, sore on the toes; fields ;; ארע: J(אָרַע): to strike against.; Nif.; to come in contact with || J(אֲרַע I ch): to join, meet, find; to 	not available (no open digital HeArukh/Meturgeman text)			—	yes
733	top-1000	וארקא	1	Jeremiah.10.11	Biblical Aramaic (Daniel, Ezra) (B)	ארק ארקתא	MORPHOLOGY	a known lemma with a Hebrew sense is reachable, but a precision rule blocks the analysis — NO_ANALYSIS	ארק: מין כלי מנוקב להזאה [krupnik] ;; ארקתא: רצועה [krupnik] | מין תולעת שבמעים [krupnik] | ירקון [jastrow]	ארק: J(אֲרָק): a perforated vessel ;; ארקתא: J(אַרְקְתָא I): beaten, wrought metal || J(אַרְקְתָא II): shoe-thong || J(*אַרְקְתָא III): fluke-worm; jaundice;	not available (no open digital HeArukh/Meturgeman text)			—	yes
734	top-1000	ואשוהי	1	Ezra.6.3	Biblical Aramaic (Daniel, Ezra) (B)	אשא אשוה	MORPHOLOGY	a known lemma with a Hebrew sense is reachable, but a precision rule blocks the analysis — NO_ANALYSIS	אשא: אש [krupnik] | אש [jastrow]	אשא: J(אֶשָּׁא ch): fire; torches; fever || J(אָשָׁא): old ;; אשוה: J(אַשְׁוָה): skein, reel, clue; staff around which the wool is put, spool.	not available (no open digital HeArukh/Meturgeman text)			—	yes
735	top-1000	ואשיא	1	Ezra.4.12	Biblical Aramaic (Daniel, Ezra) (B)	אשא אשיתא	MORPHOLOGY	a known lemma with a Hebrew sense is reachable, but a precision rule blocks the analysis — NO_ANALYSIS	אשא: אש [krupnik] | אש [jastrow] ;; אשיתא: כותל [krupnik] | ששה [krupnik] | אשיה [jastrow]	אשא: J(אֶשָּׁא ch): fire; torches; fever || J(אָשָׁא): old ;; אשיתא: J(אַשְׁיְתָא): meshes, layers; frame-wall; foundation || J(אֲשִׁיתָּא): six; sixty	not available (no open digital HeArukh/Meturgeman text)			—	yes
736	top-1000	ואשפ	1	Daniel.2.10	Biblical Aramaic (Daniel, Ezra) (B)	אשפ אשפא ישפ נשפ	MORPHOLOGY	a known lemma with a Hebrew sense is reachable, but a precision rule blocks the analysis — NO_ANALYSIS	אשפ: אשף [jastrow] ;; אשפא: עור [krupnik] ;; ישפ: הדליק [krupnik] ;; נשפ: נשב [krupnik] | העתיק, הזיז [krupnik] | נשף [jastrow]	אשפ: J(אַשָּׁף bh): enchanter; astrologer; Ashshafim ;; אשפא: J(*אַשְׁפָּא): dressed skin ;; ישפ: J(*יְשַׁף): to blow, kindle ;; נשפ: J(נָשַׁף bh): to blow, breathe; to make the leaven swell, to stir up passion, hatred; Nif. || J(נְשַׁף I c	not available (no open digital HeArukh/Meturgeman text)			—	yes
737	top-1000	ואשתיו	1	Daniel.5.3	Biblical Aramaic (Daniel, Ezra) (B)		TRUE_LEXICAL_GAP	no lexicon entry the form could belong to — NO_ANALYSIS	—	—	not available (no open digital HeArukh/Meturgeman text)			—	yes
738	top-1000	ואתו	1	Daniel.3.26	Biblical Aramaic (Daniel, Ezra) (B)	אתו איתו אות אתא אתוא	MORPHOLOGY	a known lemma with a Hebrew sense is reachable, but a precision rule blocks the analysis — NO_ANALYSIS	איתו: אשה [krupnik] | אישות [jastrow] ;; אות: נהנה [krupnik] | ציון של כתב [krupnik] ;; אתא: סימן [krupnik] | בא [krupnik] | הביא [reviewed]	איתו: J(אִיתּוּ): matrimony;; in matrimony, as wife || J(אִיתוּ): come ye! ;; אות: K: sign | Abzeichen || J(אוֹת I bh): to join, fit; to be suited, pleased; to be gratified, to enjoy || J(אוֹת II): mark, sign, emblem; test, signal, military	not available (no open digital HeArukh/Meturgeman text)			—	yes
739	top-1000	ואתונא	1	Daniel.3.22	Biblical Aramaic (Daniel, Ezra) (B)	אתונא אתוא	MORPHOLOGY	a known lemma with a Hebrew sense is reachable, but a precision rule blocks the analysis — NO_ANALYSIS	אתונא: עיר ביון [krupnik] | אישון [jastrow]	אתונא: K: stove | Ofen || J(אַתּוּנָא I): Athens || J(אַתּוּנָא II): fire-place, stove || J(אֱתוּנָא): density, intensiveness, essence ;; אתוא: J(אַתְוָא): sign	not available (no open digital HeArukh/Meturgeman text)			—	yes
740	top-1000	ובאישתא	1	Ezra.4.12	Biblical Aramaic (Daniel, Ezra) (B)	באיש אישתא אשא אשתא אישתתא שתה	MORPHOLOGY	a known lemma with a Hebrew sense is reachable, but a precision rule blocks the analysis — NO_ANALYSIS	אשא: אש [krupnik] | אש [jastrow] ;; אשתא: קדחת [krupnik] | ששה [krupnik] ;; שתה: ארג [krupnik]	באיש: J(בְּאֵישׁ ch): to be bad, displeasing; to be ill, grow sick; to be displeased, angry, troubled ;; אישתא: K: fever | Fieber || K: six | sechs || J(אֶישְׁתָּא): six; one sixth; sixty ;; אשא: J(אֶשָּׁא ch): fire; torches; fever || J(אָש	not available (no open digital HeArukh/Meturgeman text)			—	yes
741	top-1000	ובארעא	1	Daniel.6.28	Biblical Aramaic (Daniel, Ezra) (B)	ארעא ארע רעי רעה	MORPHOLOGY	a known lemma with a Hebrew sense is reachable, but a precision rule blocks the analysis — RARE_UNREVIEWED ארעא//wb "ובאדמה, ארץ"	ארעא: אדמה, ארץ [krupnik] | מקרה [krupnik] | פגע [krupnik] ;; ארע: קרה [krupnik] | הגיע, בא [krupnik] | אדמה, ארץ [krupnik] | ארץ, אדמה [he] ;; רעי: רעה את הצאן [krupnik] | רצה [krupnik] | נרצה [krupnik] | רצה ב־ [krupnik] | בחר [krupnik] | רעי [jastrow] | רצה [jastrow] | רעי [jastrow]	ארעא: J(אִרְעָא): accident, occurrence; evils, diseases || J(אַרְעָא): land, earth, ground, field; gout, sore on the toes; fields ;; ארע: J(אָרַע): to strike against.; Nif.; to come in contact with || J(אֲרַע I ch): to join, meet, find; to 	not available (no open digital HeArukh/Meturgeman text)			—	yes
742	top-1000	ובדרו	1	Daniel.4.11	Biblical Aramaic (Daniel, Ezra) (B)	בדר אדר דור דרא דרי	MORPHOLOGY	a known lemma with a Hebrew sense is reachable, but a precision rule blocks the analysis — NO_ANALYSIS	בדר: זרה, הפיץ [krupnik] | פיזר [krupnik] | נתפזר [krupnik] ;; אדר: כבד והדר [krupnik] | עור [krupnik] | אדר [jastrow] | גורן [he] ;; דור: הכניס [krupnik] | נזבל [krupnik] | גר, שכן [krupnik] | זר, מסגרת [krupnik] | עור ממולא [krupnik] | שורה [krupnik] | דור [jastrow] ;; דרא: דור [krupnik] | שורה [k	בדר: J(בְּדַר): to scatter, strew; to distribute freely; scattered ;; אדר: K: holm-oak | Steineiche || J(אָדַר bh): to cut off, surround, isolate;; distinguish.; to darken || J(אֲדַר ch): to distinguish || J(אֲדָר): the cloudy; Adar; First 	not available (no open digital HeArukh/Meturgeman text)			—	yes
743	top-1000	ובהתבהלה	1	Daniel.6.20	Biblical Aramaic (Daniel, Ezra) (B)		TRUE_LEXICAL_GAP	no lexicon entry the form could belong to — NO_ANALYSIS	—	—	not available (no open digital HeArukh/Meturgeman text)			—	yes
744	top-1000	ובטלו	1	Ezra.4.23	Biblical Aramaic (Daniel, Ezra) (B)	בטל טול טיל טלה טלותא	MORPHOLOGY	a known lemma with a Hebrew sense is reachable, but a precision rule blocks the analysis — NO_ANALYSIS	בטל: העביר, השבית [krupnik] | גרם בטלה [krupnik] | אינו קיים [krupnik] | מחוסר עבודה [krupnik] | בטל [jastrow] ;; טול: שש ושמח [krupnik] | טול [jastrow] | צל [jastrow] ;; טיל: הלך [krupnik] | התהלך [krupnik] | שילח [krupnik] | נהג, נהל [krupnik] ;; טלה: עשה טלאי [krupnik] | צעיר [krupnik] ;; טלותא: 	בטל: J(בָּטֵל I bh): to be hollow; to be void, abolished, suspended; to cease to exist; Scroll of Fasts || J(בְּטֵל ch): annulled; neutralized; to be abolished, removed, undone; to be disturbed, to be forced to  || J(בָּטֵל II): null, void;	not available (no open digital HeArukh/Meturgeman text)			—	yes
745	top-1000	וביומי	1	Daniel.5.11	Biblical Aramaic (Daniel, Ezra) (B)	יומ יומא	MORPHOLOGY	a known lemma with a Hebrew sense is reachable, but a precision rule blocks the analysis — NO_ANALYSIS	יומ: יום [jastrow] ;; יומא: יום [krupnik] | שמש [krupnik]	יומ: J(יוֹם bh): light, day; astronomical; day; || J(יוֹם ² ch): at once; of the same day, one day old, used the same day; Yoma ;; יומא: K: name of a treatise of the Talmud on the order of exercises of the Day of Atonement | Name eines Talm	not available (no open digital HeArukh/Meturgeman text)			—	yes
746	top-1000	וביומיהונ	1	Daniel.2.44	Biblical Aramaic (Daniel, Ezra) (B)	יומא	MORPHOLOGY	a known lemma with a Hebrew sense is reachable, but a precision rule blocks the analysis — NO_ANALYSIS	יומא: יום [krupnik] | שמש [krupnik]	יומא: K: name of a treatise of the Talmud on the order of exercises of the Day of Atonement | Name eines Talmudtraktates über den Versöhnungstag	not available (no open digital HeArukh/Meturgeman text)			—	yes
747	top-1000	ובישתא	1	Ezra.4.12	Biblical Aramaic (Daniel, Ezra) (B)	בישתא ביש שתה שתי	MORPHOLOGY	a known lemma with a Hebrew sense is reachable, but a precision rule blocks the analysis — NO_ANALYSIS	בישתא: כאב [krupnik] ;; ביש: רע [krupnik] | חולה [krupnik] | רַע [he] ;; שתה: ארג [krupnik] ;; שתי: שתה [krupnik] | ארג [krupnik] | נשתה [krupnik] | שתי [jastrow] | שתי [jastrow]	ביש: J(בִּישׁ I): bad, wrong; ill, sick; the sick ;; שתי: J(שתי bh): to be settled, satisfied,; to drink; Part. pass || J(שְׁתֵי ch): imperative; to be drunk || J(שתי ²): to settle,; to lay the foundation of;; to fix the warp, start the loo	not available (no open digital HeArukh/Meturgeman text)			—	yes
748	top-1000	ובית	1	Ezra.5.15	Biblical Aramaic (Daniel, Ezra) (B)	בית ביתא בת פגוז פרס ית	MORPHOLOGY	a known lemma with a Hebrew sense is reachable, but a precision rule blocks the analysis — RARE_UNREVIEWED rev:בית//w "ובית"	בית: לן לינת לילה [krupnik] ;; ביתא: בית [krupnik] | בת, מדת הלח [krupnik] | בית [jastrow] | בת [jastrow] ;; פרס: שבר, בצע [krupnik] | התפרסם [krupnik] | חתיכה, פרוסה [krupnik] | מזון [krupnik] | חצי מנה [krupnik] | מסך [krupnik] | רשת [krupnik] | פרס [jastrow] | העריך [jastrow] | פרס [jastrow] ;; י	בית: K: second letter of the alphabet | zweiter Buchstabe des Alphabets || J(בִּית): to go in, lodge, pass the night.; to keep over night, postpone burial || J(בַּיִת bh): house, household, home; bayith; owner, landlord; host; private man ;	not available (no open digital HeArukh/Meturgeman text)			—	yes
749	top-1000	ובכל	1	Daniel.2.38	Biblical Aramaic (Daniel, Ezra) (B)	כל	MORPHOLOGY	a known lemma with a Hebrew sense is reachable, but a precision rule blocks the analysis — RARE_UNREVIEWED rev:בכל//w "ובכל"	—	כל: J(כֹּל): all, every one; it is; the unanimous opinion, all agree	not available (no open digital HeArukh/Meturgeman text)			—	yes
750	top-1000	ובמלכות	1	Daniel.6.29	Biblical Aramaic (Daniel, Ezra) (B)	מלכות מלכותא	MORPHOLOGY	a known lemma with a Hebrew sense is reachable, but a precision rule blocks the analysis — NO_ANALYSIS	מלכותא: ממשלה [krupnik]	מלכות: J(מַלְכוּת bh): kingdom, government; office.; a benediction invoking God as king; the references to the di ;; מלכותא: J(מַלְכוּתָא): kingdom, rulership; Pl.	not available (no open digital HeArukh/Meturgeman text)			—	yes
751	top-1000	ובנו	1	Ezra.6.14	Biblical Aramaic (Daniel, Ezra) (B)	בנ בנא בני בינ נו	MORPHOLOGY	a known lemma with a Hebrew sense is reachable, but a precision rule blocks the analysis — NO_ANALYSIS	בנא: עשה בנין [krupnik] | נבנה כמקדם [krupnik] ;; בני: עשה בנין [krupnik] | בנה [jastrow] ;; בינ: בין [jastrow] ;; נו: הוא, היא [krupnik]	בני: J(בני bh): to combine; to build; to educate, train ;; בינ: J(בִּין bh): to pierce, split, penetrate;; to discern, understand;; to cause to penetrate, to saturate || J(בִּין ² ch): Pa.; to teach, make wise; understand || J(בַּיִן): some	not available (no open digital HeArukh/Meturgeman text)			—	yes
752	top-1000	ובנינ	1	Ezra.5.11	Biblical Aramaic (Daniel, Ezra) (B)	בנינ בנא בני בניא בנינא נינ	MORPHOLOGY	a known lemma with a Hebrew sense is reachable, but a precision rule blocks the analysis — NO_ANALYSIS	בנא: עשה בנין [krupnik] | נבנה כמקדם [krupnik] ;; בני: עשה בנין [krupnik] | בנה [jastrow] ;; בניא: בלן [krupnik] ;; בנינא: בנין [jastrow]	בנינ: J(בִּנְיָן bh): building, structure; erection; standard rule; human frame, skeleton. ;; בני: J(בני bh): to combine; to build; to educate, train ;; נינ: J(נִין bh): tender; child, offspring	not available (no open digital HeArukh/Meturgeman text)			—	yes
753	top-1000	ובעה	1	Daniel.2.16	Biblical Aramaic (Daniel, Ezra) (B)	בעה בעי בוע בעתא	MORPHOLOGY	a known lemma with a Hebrew sense is reachable, but a precision rule blocks the analysis — NO_ANALYSIS	בעה: שאל, ביקש [he] ;; בעי: שאל [krupnik] | התפלל, בקש רחמים [krupnik] | היה צריך [krupnik] | נתבקש [krupnik] | נבהל ללכת [krupnik] | נשאל [krupnik] | צריך להיות [krupnik] | פיהק [krupnik] | בעי [jastrow] ;; בוע: שמח [krupnik] ;; בעתא: פחד, גערה [krupnik]	בעה: K: to destroy the crop | abweiden ;; בעי: K: not only … but | nicht nur … sondern auch || J(בעי bh): to enter into, split;; to be empty, bare; to lay bare, destroy the crop || J(בְּעֵי I ch): to search, inquire, ask, examine; uba hash-	not available (no open digital HeArukh/Meturgeman text)			—	yes
754	top-1000	ובעו	1	Daniel.2.13	Biblical Aramaic (Daniel, Ezra) (B)	בעי בעו בוע בעה בעותא	MORPHOLOGY	a known lemma with a Hebrew sense is reachable, but a precision rule blocks the analysis — NO_ANALYSIS	בעי: שאל [krupnik] | התפלל, בקש רחמים [krupnik] | היה צריך [krupnik] | נתבקש [krupnik] | נבהל ללכת [krupnik] | נשאל [krupnik] | צריך להיות [krupnik] | פיהק [krupnik] | בעי [jastrow] ;; בעו: בקשה [krupnik] ;; בוע: שמח [krupnik] ;; בעה: שאל, ביקש [he] ;; בעותא: בקשה [krupnik]	בעי: K: not only … but | nicht nur … sondern auch || J(בעי bh): to enter into, split;; to be empty, bare; to lay bare, destroy the crop || J(בְּעֵי I ch): to search, inquire, ask, examine; uba hash-shemesh; to ask, pray || J(בְּעֵי II): to 	not available (no open digital HeArukh/Meturgeman text)			—	yes
755	top-1000	ובעזקת	1	Daniel.6.18	Biblical Aramaic (Daniel, Ezra) (B)	עזק עזקתא	MORPHOLOGY	a known lemma with a Hebrew sense is reachable, but a precision rule blocks the analysis — NO_ANALYSIS	עזק: חפר חפירה מסביב לנטיעה [krupnik] | אחז, החזיק [krupnik] | תחבושת [krupnik] ;; עזקתא: טבעת [he]	עזק: J(עָזַק bh): Pi.; to press; to break clods and level the ground; to break ground; to till || J(עֲזָק): compress	not available (no open digital HeArukh/Meturgeman text)			—	yes
756	top-1000	ובת	1	Daniel.6.19	Biblical Aramaic (Daniel, Ezra) (B)	בית	MORPHOLOGY	a known lemma with a Hebrew sense is reachable, but a precision rule blocks the analysis — NO_ANALYSIS	בית: לן לינת לילה [krupnik]	בית: K: second letter of the alphabet | zweiter Buchstabe des Alphabets || J(בִּית): to go in, lodge, pass the night.; to keep over night, postpone burial || J(בַּיִת bh): house, household, home; bayith; owner, landlord; host; private man	not available (no open digital HeArukh/Meturgeman text)			—	yes
757	top-1000	ובתיכונ	1	Daniel.2.5	Biblical Aramaic (Daniel, Ezra) (B)	כונ נתכ	MORPHOLOGY	a known lemma with a Hebrew sense is reachable, but a precision rule blocks the analysis — NO_ANALYSIS	כונ: עשה ישר ומכוון [krupnik] | עשה ישר [krupnik] | הסב, הפנה [krupnik] | פנה [krupnik] | כון [jastrow] ;; נתכ: ענש [krupnik] | אַתֵּךְ המס והתיך באש [krupnik] | נתך [jastrow]	כונ: J(כּוּן bh): to stand, exist, be firm; to straighten; to place in a line, direct || J(כּוּן ² ch): to direct, aim, draw a direct line; to draw a parallel, compare; to direct the mind, to pa ;; נתכ: J(נָתַךְ bh): to cut, reduce, smelt; 	not available (no open digital HeArukh/Meturgeman text)			—	yes
758	top-1000	ובתרכ	1	Daniel.2.39	Biblical Aramaic (Daniel, Ezra) (B)	בתרי בתרא בתר תרכ תרא	REVIEW_CANDIDATE	complete analysis below the review gate (fewer than 200 uses here) — REVIEW_GATE pron:בתרכ/fixed/w "ואחריך" n=1	בתרא: אחרון [krupnik] | אחרונים מים [jastrow] ;; תרכ: גירש [krupnik] | קלל [krupnik] | גורש [krupnik] | נתקלל [krupnik] ;; תרא: שור [krupnik]	בתרא: J(בַּתְרָא): the last, latest; in the last place, last ;; בתר: J(בֶּתֶר ch): to cut; piece, decree, allotment || J(בָּתַר): after, behind. ;; תרכ: J(תְּרַךְ): to run about, be excited; to drive out, divorce, banish; to ban, imprecate 	not available (no open digital HeArukh/Meturgeman text)	ואחריך	REVIEW	high (~94%)	yes
759	top-1000	וגבריא	1	Daniel.3.23	Biblical Aramaic (Daniel, Ezra) (B)	גברא	MORPHOLOGY	a known lemma with a Hebrew sense is reachable, but a precision rule blocks the analysis — RARE_UNREVIEWED rev:גבריא/n.pl/w "והאנשים"	גברא: איש [krupnik] | גבור [krupnik]	—	not available (no open digital HeArukh/Meturgeman text)			—	yes
760	top-1000	וגזרת	1	Daniel.4.21	Biblical Aramaic (Daniel, Ezra) (B)	גזרה גזר	MORPHOLOGY	a known lemma with a Hebrew sense is reachable, but a precision rule blocks the analysis — NO_ANALYSIS	גזר: חתך, גזר [krupnik] | גְּזַר דִּין משפט חרוץ [krupnik] | גזר [jastrow]	גזרה: J(גִּזְרָה bh): enclosure; balcony.; hewn stone block || J(גְּזֵרָה bh): a secluded and narrow place, dale, precipice; g’zerah; decree, edict, divine dispensation ;; גזר: J(גָּזַר bh): to cut;; to cut off, to guard;; to institute a pr	not available (no open digital HeArukh/Meturgeman text)			—	yes
761	top-1000	וגלא	1	Daniel.2.29	Biblical Aramaic (Daniel, Ezra) (B)	גלא גלי גילא גול גיל גלה	MORPHOLOGY	a known lemma with a Hebrew sense is reachable, but a precision rule blocks the analysis — NO_ANALYSIS	גלא: גל, ערֵמה [krupnik] | נחשול [krupnik] | צואה [krupnik] | קש [krupnik] | חשף [krupnik] | חשף [krupnik] | יצא ממקומו, הלך בשבי [krupnik] | יצא ממקומו, הלך בשבי [krupnik] | גל [jastrow] ;; גלי: חשף [krupnik] | יצא ממקומו, הלך בשבי [krupnik] | גילה סוד, הודיע בפומבי [krupnik] | נתגלה [krupnik] | הָ	גלא: J(גַּלָּא ch): heap.; wave; revolving door ;; גלי: K: to banish | ins Exil führen || K: an odoriferous) plant | eine Pflanze (Weidenart) || J(גלי bh): to be uncovered; Part. pass; open, revealed || J(גְּלֵי ch): to reveal, uncover; to 	not available (no open digital HeArukh/Meturgeman text)			—	yes
762	top-1000	וגלה	1	Daniel.2.47	Biblical Aramaic (Daniel, Ezra) (B)	גלה גולה גלי גול גיל גלא	MORPHOLOGY	a known lemma with a Hebrew sense is reachable, but a precision rule blocks the analysis — NO_ANALYSIS	גלי: חשף [krupnik] | יצא ממקומו, הלך בשבי [krupnik] | גילה סוד, הודיע בפומבי [krupnik] | נתגלה [krupnik] | הָגלה [krupnik] | גלי [jastrow] ;; גול: לשון הפעמון [krupnik] | גול [jastrow] ;; גיל: לשון הפעמון [krupnik] ;; גלא: גל, ערֵמה [krupnik] | נחשול [krupnik] | צואה [krupnik] | קש [krupnik] | חשף [	גלה: K: to misinterpret | entblössen, misdeuten || K: to be revealed | übertr. bekannt werden || J(גִּלָּה): a valve, folding ;; גולה: J(גּוֹלָה bh): exile; the diaspora, Jews living abroad; Babylonians || J(גּוּלָּה bh): cup, bowl ;; גלי: 	not available (no open digital HeArukh/Meturgeman text)			—	yes
763	top-1000	וגפינ	1	Daniel.7.4	Biblical Aramaic (Daniel, Ezra) (B)	גפא גפ	MORPHOLOGY	a known lemma with a Hebrew sense is reachable, but a precision rule blocks the analysis — NO_ANALYSIS	גפא: סולם [krupnik] | שער העיר [krupnik] | גף [jastrow] ;; גפ: זרוע [krupnik] | אזן כלי [krupnik] | מלא החופן [krupnik]	גפא: J(גַּפָּא I ch): wing, also winged animal; a pole with a hook; a ladder hooked || J(גַּפָּא II): city-gate ;; גפ: K: the long portion of the) wing | Flügel || J(גַּף I bh): body; alone || J(גַּף II): bent, joint; the long portion of th	not available (no open digital HeArukh/Meturgeman text)			—	yes
764	top-1000	ודארי	1	Daniel.4.32	Biblical Aramaic (Daniel, Ezra) (B)	דאר דארא ארי אור ארא אריא	MORPHOLOGY	a known lemma with a Hebrew sense is reachable, but a precision rule blocks the analysis — NO_ANALYSIS	דאר: חרש [krupnik] ;; ארי: כי [krupnik] ;; אור: אש [krupnik] | ערב [krupnik] | אור [jastrow] ;; ארא: עוף־ציד [krupnik] | שאל [krupnik] ;; אריא: ארי [krupnik]	דאר: J(*דְּאַר): to turn, circle ;; דארא: J(*דַּארָא): turner ;; ארי: J(אֲרֵי): behold; that, so that, because, if; but || J(אֲרִי I): to point, throw; to argue, question, discuss, treat || J(ארי bh): to create a gap; to pluck; arah || J(אֲ	not available (no open digital HeArukh/Meturgeman text)			—	yes
765	top-1000	ודהבה	1	Ezra.7.18	Biblical Aramaic (Daniel, Ezra) (B)	דהב דהבא	MORPHOLOGY	a known lemma with a Hebrew sense is reachable, but a precision rule blocks the analysis — NO_ANALYSIS	דהב: הרגיז והאדים [krupnik] | זהב [krupnik] | מטבע של זהב [krupnik] | זהב [jastrow] ;; דהבא: זהב [krupnik] | מטבע של זהב [krupnik]	דהב: J(דָּהַב): to be red; yellow; Hif. || J(דְּהַב ch): gold	not available (no open digital HeArukh/Meturgeman text)			—	yes
766	top-1000	ודחונ	1	Daniel.6.19	Biblical Aramaic (Daniel, Ezra) (B)	דחוא דחה דחי דוח נדח חננ	MORPHOLOGY	a known lemma with a Hebrew sense is reachable, but a precision rule blocks the analysis — NO_ANALYSIS	דחה: השיב תשובה קלושה [krupnik] | סילק וביטל [krupnik] | העביר לזמן אחר [krupnik] | דחף [krupnik] | פינה וביער [krupnik] ;; דחי: דחף, הדף [krupnik] | סילק וביטל [krupnik] | נדחף ונהדף [krupnik] | נקבע לזמן אחר [krupnik] | דחי [jastrow] ;; דוח: דוח [jastrow] ;; נדח: נדח [jastrow] ;; חננ: אנחנו [krupn	דחוא: J(*דַּחֲוָא): jester, dancer ;; דחה: K: to be suspended | aufgehoben werden || J(דְּחַהּ): to be merry, wanton ;; דחי: J(דחי bh): to push away, thrust; to dismiss with a vague or paltry reply; to expel || J(דְּחִי ch): to thrust, push	not available (no open digital HeArukh/Meturgeman text)			—	yes
767	top-1000	ודינינ	1	Ezra.7.25	Biblical Aramaic (Daniel, Ezra) (B)	דיינ גזר דינ דינא אנה יני	MORPHOLOGY	a known lemma with a Hebrew sense is reachable, but a precision rule blocks the analysis — NO_ANALYSIS	דיינ: שופט [krupnik] | דיין [jastrow] ;; גזר: חתך, גזר [krupnik] | גְּזַר דִּין משפט חרוץ [krupnik] | גזר [jastrow] ;; דינ: חקר ודרש [krupnik] | הוציא מסקנא [krupnik] | נשפט [krupnik] | נחשב [krupnik] | התוכח, ריב [krupnik] | שפט [krupnik] | הוציא מסקנא [krupnik] | בא בדין [krupnik] | הוציא דין [kru	דיינ: J(דַּיָּין bh): judge; lecturer, spiritual leader; Fem. ;; גזר: J(גָּזַר bh): to cut;; to cut off, to guard;; to institute a precautionary measure || J(גְּזַר ch): to cut, split; to make a covenant; to circumcise, have one’s self circ	not available (no open digital HeArukh/Meturgeman text)			—	yes
768	top-1000	ודירי	1	Daniel.4.32	Biblical Aramaic (Daniel, Ezra) (B)	אדר דיר דירא נדר דירתא ירי	MORPHOLOGY	a known lemma with a Hebrew sense is reachable, but a precision rule blocks the analysis — NO_ANALYSIS	אדר: כבד והדר [krupnik] | עור [krupnik] | אדר [jastrow] | גורן [he] ;; דיר: ערך בשורה [krupnik] | זֵר [krupnik] | רפת [krupnik] | רפת [krupnik] | דירה [krupnik] | דירה [krupnik] ;; דירא: אכסניא [krupnik] | אכסניא [krupnik] | רפת [krupnik] | רפת [krupnik] ;; נדר: חייב ואסר בתורת נדר [krupnik] | נדר [	אדר: K: holm-oak | Steineiche || J(אָדַר bh): to cut off, surround, isolate;; distinguish.; to darken || J(אֲדַר ch): to distinguish || J(אֲדָר): the cloudy; Adar; First Adar || J(אִדַּר): a place cut off, circle; threshing place, barn;; th	not available (no open digital HeArukh/Meturgeman text)			—	yes
769	top-1000	ודכרינ	1	Ezra.6.9	Biblical Aramaic (Daniel, Ezra) (B)	דכר כרה דכרא כר כרי	MORPHOLOGY	a known lemma with a Hebrew sense is reachable, but a precision rule blocks the analysis — NO_ANALYSIS	דכר: זכר, פקד [krupnik] | הזכיר [krupnik] | העלה בזכרונו [krupnik] | נזכר [krupnik] | זכר [krupnik] | איל [krupnik] | בעל תאוה [krupnik] | תרנגול [krupnik] | יחור זכר [krupnik] | זכר [jastrow] | זכר [jastrow] ;; כרה: התכווץ [krupnik] ;; דכרא: זכר [krupnik] | איל [krupnik] | בעל תאוה [krupnik] | תרנג	דכר: J(דְּכַר I): to mark; to remember; remembering, reminded || J(דְּכַר II): marked; male, man; the male of the flock, ram ;; כרה: J(כְּרַהּ): to shrink, be narrow; to be ill-tempered; to be ill ;; כר: J(כַּר bh): bolster, mattress.; roun	not available (no open digital HeArukh/Meturgeman text)			—	yes
770	top-1000	ודנה	1	Daniel.5.25	Biblical Aramaic (Daniel, Ezra) (B)	דנה דנ דינ דנא נא	MORPHOLOGY	a known lemma with a Hebrew sense is reachable, but a precision rule blocks the analysis — RARE_UNREVIEWED rev:דנה//w "וזה"	דנ: פה [jastrow] | מהזה [jastrow] | איזהו [jastrow] ;; דינ: חקר ודרש [krupnik] | הוציא מסקנא [krupnik] | נשפט [krupnik] | נחשב [krupnik] | התוכח, ריב [krupnik] | שפט [krupnik] | הוציא מסקנא [krupnik] | בא בדין [krupnik] | הוציא דין [krupnik] | בא בדין [krupnik] | נשפט [krupnik] | נשפט, נענש [krupnik	דנה: J(דְּנָה): which I ;; דנ: J(דָּן bh): Dan; Dan; Paneas; || J(דֵּן): this, that; here; like this, thus ;; דינ: J(*דֵּין): faintness, trouble, sickness; Oh! Ah!; Thou || J(דִּין I bh): to rule; to hold court, pass sentence, punish; to ar	not available (no open digital HeArukh/Meturgeman text)			—	yes
771	top-1000	ודרעוהי	1	Daniel.2.32	Biblical Aramaic (Daniel, Ezra) (B)		TRUE_LEXICAL_GAP	no lexicon entry the form could belong to — NO_ANALYSIS	—	—	not available (no open digital HeArukh/Meturgeman text)			—	yes
772	top-1000	ודת	1	Daniel.7.25	Biblical Aramaic (Daniel, Ezra) (B)	דת את	MORPHOLOGY	a known lemma with a Hebrew sense is reachable, but a precision rule blocks the analysis — NO_ANALYSIS	דת: דת [jastrow] ;; את: סימן [krupnik] | אות [jastrow]	דת: J(דָּת bh): dîn; custom, law; judgment, punishment; religion ;; את: K: letter | Buchstabe || J(אַתְּ): thou; thou sayest; thou callest it || J(אָת): sign, type; letter || J(אֵת bh): essence; the thing; which	not available (no open digital HeArukh/Meturgeman text)			—	yes
773	top-1000	והדברי	1	Daniel.3.27	Biblical Aramaic (Daniel, Ezra) (B)	דבר	MORPHOLOGY	a known lemma with a Hebrew sense is reachable, but a precision rule blocks the analysis — NO_ANALYSIS	דבר: נלקח [krupnik] | התנהל [krupnik] | מנהיג [krupnik] | דבר [jastrow]	דבר: K: to lead, to drive | führen, leiten || K: to conduct one's self | sich führen, leben || K: to take | nehmen || J(דָּבַר bh): to join, arrange, lead; to converse, speak; ḥērēsh || J(דְּבַר ch): to seize, take, lead, drive; to conduct 	not available (no open digital HeArukh/Meturgeman text)			—	yes
774	top-1000	והדרה	1	Daniel.5.18	Biblical Aramaic (Daniel, Ezra) (B)	הדרה הדרא הדר נדר הדרתא	MORPHOLOGY	a known lemma with a Hebrew sense is reachable, but a precision rule blocks the analysis — NO_ANALYSIS	הדרא: קרביים [krupnik] | הדר [jastrow] ;; הדר: קישט וכיבד [krupnik] | הקפיד ודקדק [krupnik] | חזר [krupnik] | שב מדעתו [krupnik] | חזר אחרי־, בקש [krupnik] | החזיר [krupnik] | שנה [krupnik] | השיב [krupnik] | סבב [krupnik] | הדר [jastrow] ;; נדר: חייב ואסר בתורת נדר [krupnik] | נדר [jastrow] | נדר [	הדרה: J(הֲדָרָה): beauty, dignity ;; הדר: J(הָדַר bh): to enclose, go around.; Part. pass; rounded || J(הֲדַר ch): to go around, come back, return; Pi.; to honor, distinguish. || J(הָדָר bh): adornment, crown, beauty, glory; haddar; Hadar ;	not available (no open digital HeArukh/Meturgeman text)			—	yes
775	top-1000	והדרת	1	Daniel.4.31	Biblical Aramaic (Daniel, Ezra) (B)	הדר הדרה הדרתא נדר	MORPHOLOGY	a known lemma with a Hebrew sense is reachable, but a precision rule blocks the analysis — NO_ANALYSIS	הדר: קישט וכיבד [krupnik] | הקפיד ודקדק [krupnik] | חזר [krupnik] | שב מדעתו [krupnik] | חזר אחרי־, בקש [krupnik] | החזיר [krupnik] | שנה [krupnik] | השיב [krupnik] | סבב [krupnik] | הדר [jastrow] ;; נדר: חייב ואסר בתורת נדר [krupnik] | נדר [jastrow] | נדר [jastrow]	הדר: J(הָדַר bh): to enclose, go around.; Part. pass; rounded || J(הֲדַר ch): to go around, come back, return; Pi.; to honor, distinguish. || J(הָדָר bh): adornment, crown, beauty, glory; haddar; Hadar ;; הדרה: J(הֲדָרָה): beauty, dignity ;	not available (no open digital HeArukh/Meturgeman text)			—	yes
776	top-1000	והובד	1	Daniel.7.11	Biblical Aramaic (Daniel, Ezra) (B)	הוברא הובדא יבד אבד	MORPHOLOGY	a known lemma with a Hebrew sense is reachable, but a precision rule blocks the analysis — NO_ANALYSIS	הובדא: איבוד [krupnik] ;; יבד: הלך לאיבוד [krupnik]	הוברא: J(הוֹבָרָא): destruction ;; יבד: J(יְבַד): to ruin ;; אבד: J(אָבַד bh): to be pressed, go around in despair; to be given up; to be lost, perish; to be beyond reco || J(אֲבַּד ch): to be lost; to destroy; Pa. || J(אָבֵד): perishable, 	not available (no open digital HeArukh/Meturgeman text)			—	yes
777	top-1000	והודע	1	Daniel.2.28	Biblical Aramaic (Daniel, Ezra) (B)	הודע ידע	MORPHOLOGY	a known lemma with a Hebrew sense is reachable, but a precision rule blocks the analysis — NO_ANALYSIS	ידע: ידע [jastrow] | הודיע [reviewed]	הודע: J(הוֹדַע): Af. ;; ידע: J(יָדַע bh): to point out, select, love; to recognize, know; to find out; Part. pass || J(יְדַע ch): Hif.; Part. pass; friend	not available (no open digital HeArukh/Meturgeman text)			—	yes
778	top-1000	והודענא	1	Ezra.4.14	Biblical Aramaic (Daniel, Ezra) (B)	ידע	MORPHOLOGY	a known lemma with a Hebrew sense is reachable, but a precision rule blocks the analysis — NO_ANALYSIS	ידע: ידע [jastrow] | הודיע [reviewed]	ידע: J(יָדַע bh): to point out, select, love; to recognize, know; to find out; Part. pass || J(יְדַע ch): Hif.; Part. pass; friend	not available (no open digital HeArukh/Meturgeman text)			—	yes
779	top-1000	והות	1	Ezra.4.24	Biblical Aramaic (Daniel, Ezra) (B)	הוה	MORPHOLOGY	a known lemma with a Hebrew sense is reachable, but a precision rule blocks the analysis — NO_ANALYSIS	הוה: היה [reviewed]	הוה: J(הַוָּה bh): change; misfortune || J(*הֵוָה): Ḥevah || J(הֲוָהּ): ah!	not available (no open digital HeArukh/Meturgeman text)			—	yes
780	top-1000	והותב	1	Ezra.4.10	Biblical Aramaic (Daniel, Ezra) (B)	יתב תוב	MORPHOLOGY	a known lemma with a Hebrew sense is reachable, but a precision rule blocks the analysis — NO_ANALYSIS	יתב: ישב [krupnik] | נתן [krupnik] | הושיב [krupnik] | הרגיע [krupnik] | הושיב [krupnik] | הקשה, שאל [krupnik] | נח [krupnik] | ישב [jastrow] | הושיב [reviewed] ;; תוב: שב, חזר [krupnik] | השיב [krupnik] | הקשה, פירך [krupnik] | הושב [krupnik] | הופרך [krupnik] | שוב [jastrow] | שוב [jastrow]	יתב: K: i>to dwell | sich aufhalten || J(יתֵב ch): to sit, dwell; to be inhabited, settled; inhabited || J(יְתֵב II): to give; to place; to give || J(יָתֵב): inhabitant ;; תוב: J(תּוּב I): to go back, return, do again; to restore; to go bac	not available (no open digital HeArukh/Meturgeman text)			—	yes
781	top-1000	והיתית	1	Daniel.6.18	Biblical Aramaic (Daniel, Ezra) (B)		TRUE_LEXICAL_GAP	no lexicon entry the form could belong to — NO_ANALYSIS	—	—	not available (no open digital HeArukh/Meturgeman text)			—	yes
782	top-1000	והכרזו	1	Daniel.5.29	Biblical Aramaic (Daniel, Ezra) (B)	כרז	MORPHOLOGY	a known lemma with a Hebrew sense is reachable, but a precision rule blocks the analysis — NO_ANALYSIS	כרז: קרא בקול, פרסם [krupnik]	כרז: J(כָּרַז): to call together; to call out, announce	not available (no open digital HeArukh/Meturgeman text)			—	yes
783	top-1000	והלבישו	1	Daniel.5.29	Biblical Aramaic (Daniel, Ezra) (B)	לבש	MORPHOLOGY	a known lemma with a Hebrew sense is reachable, but a precision rule blocks the analysis — NO_ANALYSIS	לבש: לבש [jastrow]	לבש: J(לָבַשׁ bh): to join closely; garment; to be dressed || J(לְבֵשׁ ch): to clothe; to take hold of, seize	not available (no open digital HeArukh/Meturgeman text)			—	yes
784	top-1000	והסק	1	Daniel.6.24	Biblical Aramaic (Daniel, Ezra) (B)	נסק	MORPHOLOGY	a known lemma with a Hebrew sense is reachable, but a precision rule blocks the analysis — NO_ANALYSIS	נסק: הבעיר אש בתנור [krupnik] | עלה [krupnik] | הקריב קרבן [krupnik] | העלה [krupnik] | גמר [krupnik] | קרא בשם [krupnik] | תבע [krupnik] | הוקרב לקרבן [krupnik] | הובער [krupnik] | נסק [jastrow]	נסק: J(נָסַק bh): to go up, ascend; to impose a tax, to assess; to bring to a conclusion || J(נְסַק ch): to go up; to cause to rise, to bring up, offer; tributaries	not available (no open digital HeArukh/Meturgeman text)			—	yes
785	top-1000	והקימ	1	Daniel.6.2	Biblical Aramaic (Daniel, Ezra) (B)	קומ	SENSE_CHOICE	several Hebrew senses (or two lemmas) — a reviewer must choose — AMBIGUOUS_SENSE קומ: העמיד	קומ: עמד, היה קיים [krupnik] | מי חלב [krupnik] | קום [jastrow] | העמיד [reviewed]	קומ: J(קוּם bh): to stand up, rise; to stand, exist; a transgression of a prohibitive law which you must re || J(קוּם ² ch): ḥălitsah; to ascertain; to bargain for || J(קוֹם): curdled milk, curd; whey; ḳom?	not available (no open digital HeArukh/Meturgeman text)			—	yes
786	top-1000	והקימו	1	Ezra.6.18	Biblical Aramaic (Daniel, Ezra) (B)	קומ	MORPHOLOGY	a known lemma with a Hebrew sense is reachable, but a precision rule blocks the analysis — NO_ANALYSIS	קומ: עמד, היה קיים [krupnik] | מי חלב [krupnik] | קום [jastrow] | העמיד [reviewed]	קומ: J(קוּם bh): to stand up, rise; to stand, exist; a transgression of a prohibitive law which you must re || J(קוּם ² ch): ḥălitsah; to ascertain; to bargain for || J(קוֹם): curdled milk, curd; whey; ḳom?	not available (no open digital HeArukh/Meturgeman text)			—	yes
787	top-1000	והקרבו	1	Ezra.6.17	Biblical Aramaic (Daniel, Ezra) (B)	קרב	MORPHOLOGY	a known lemma with a Hebrew sense is reachable, but a precision rule blocks the analysis — NO_ANALYSIS	קרב: נעשה קרוב [krupnik] | קרב, נגע [krupnik] | הגין [krupnik] | קרב [jastrow] | קרב [jastrow]	קרב: K: to do in near intervals | häufen, in kurzen Intervallen tun || J(קָרֵב bh): to join, come near, be near; to be offered as; to come before court; to sue, complain; to  || J(קְרֵב ch): to be near, come near, touch; to intercede, prote	not available (no open digital HeArukh/Meturgeman text)			—	yes
788	top-1000	והרהרינ	1	Daniel.4.2	Biblical Aramaic (Daniel, Ezra) (B)		TRUE_LEXICAL_GAP	no lexicon entry the form could belong to — NO_ANALYSIS	—	—	not available (no open digital HeArukh/Meturgeman text)			—	yes
789	top-1000	והשלטה	1	Daniel.2.48	Biblical Aramaic (Daniel, Ezra) (B)	שלט	MORPHOLOGY	a known lemma with a Hebrew sense is reachable, but a precision rule blocks the analysis — NO_ANALYSIS	שלט: משל [krupnik] | נעשה שליט, נתיפה כחו [krupnik] | שלט [jastrow]	שלט: J(שָׁלַט bh): to handle; to rule, have power over; zohăma || J(שְׁלַט ch): to handle; to give power, appoint; to be made || J(שֶׁלֶט bh): armor, shields;; arm-bearers; the righteous as the protectors of their generation	not available (no open digital HeArukh/Meturgeman text)			—	yes
790	top-1000	והשלטכ	1	Daniel.2.38	Biblical Aramaic (Daniel, Ezra) (B)		TRUE_LEXICAL_GAP	no lexicon entry the form could belong to — NO_ANALYSIS	—	—	not available (no open digital HeArukh/Meturgeman text)			—	yes
791	top-1000	והשלמה	1	Daniel.5.26	Biblical Aramaic (Daniel, Ezra) (B)	השלמה שלמ	MORPHOLOGY	a known lemma with a Hebrew sense is reachable, but a precision rule blocks the analysis — NO_ANALYSIS	השלמה: שכלול [krupnik] ;; שלמ: כלה ונגמר [krupnik] | נפרע הכסף [krupnik] | שלם [jastrow] | שלום [jastrow]	השלמה: J(הַשְׁלָמָה): completion ;; שלמ: K: to end | zu Ende sein || J(שָׁלֵם bh): to be whole, complete; to end, cease; to complete, finish; to finish the fast-day || J(שִׁלֵם ch): to be perfect, complete, finished, spent; to be peaceful, 	not available (no open digital HeArukh/Meturgeman text)			—	yes
792	top-1000	והשתכח	1	Ezra.6.2	Biblical Aramaic (Daniel, Ezra) (B)		TRUE_LEXICAL_GAP	no lexicon entry the form could belong to — NO_ANALYSIS	—	—	not available (no open digital HeArukh/Meturgeman text)			—	yes
793	top-1000	והשתכחת	1	Daniel.5.27	Biblical Aramaic (Daniel, Ezra) (B)		MORPHOLOGY	a known lemma with a Hebrew sense is reachable, but a precision rule blocks the analysis — RARE_UNREVIEWED rev:השתכחת//w "ונמצאה"	—	—	not available (no open digital HeArukh/Meturgeman text)			—	yes
794	top-1000	והתנבי	1	Ezra.5.1	Biblical Aramaic (Daniel, Ezra) (B)		TRUE_LEXICAL_GAP	no lexicon entry the form could belong to — NO_ANALYSIS	—	—	not available (no open digital HeArukh/Meturgeman text)			—	yes
795	top-1000	וזהירינ	1	Ezra.4.22	Biblical Aramaic (Daniel, Ezra) (B)	זהיר זהירא זהר	MORPHOLOGY	a known lemma with a Hebrew sense is reachable, but a precision rule blocks the analysis — NO_ANALYSIS	זהיר: מיושב, שומר נפשו [krupnik] | זהיר [jastrow] ;; זהירא: ארס [krupnik] ;; זהר: השמר [jastrow] | זהר [jastrow]	זהיר: J(זָהִיר): looking out; strictly observant; careful, on one’s guard. ;; זהירא: J(זְהִירָא): poison ;; זהר: J(זָהֵר bh): to shine;; to look out, beware, be strict; to brighten || J(זְהַר ch): so shine, bloom; to look out, guard; to emi	not available (no open digital HeArukh/Meturgeman text)			—	yes
796	top-1000	וזוי	1	Daniel.4.33	Biblical Aramaic (Daniel, Ezra) (B)	זוי זויתא	MORPHOLOGY	a known lemma with a Hebrew sense is reachable, but a precision rule blocks the analysis — NO_ANALYSIS	זויתא: פנה [krupnik] | זוית [jastrow]	זוי: J(זְוֵי): to join, couple || J(זְוִי): tumuit; breast; projection, bay-window	not available (no open digital HeArukh/Meturgeman text)			—	yes
797	top-1000	וזיוהי	1	Daniel.5.9	Biblical Aramaic (Daniel, Ezra) (B)		TRUE_LEXICAL_GAP	no lexicon entry the form could belong to — NO_ANALYSIS	—	—	not available (no open digital HeArukh/Meturgeman text)			—	yes
798	top-1000	וזיוי	1	Daniel.7.28	Biblical Aramaic (Daniel, Ezra) (B)	זווא זיו	MORPHOLOGY	a known lemma with a Hebrew sense is reachable, but a precision rule blocks the analysis — NO_ANALYSIS	זיו: זוהר [krupnik] | זיו [jastrow]	זיו: J(זִיו bh): splendor, glory, countenance; good looks, bloom; bloom, forth-coming vegetation	not available (no open digital HeArukh/Meturgeman text)			—	yes
799	top-1000	וזיויכ	1	Daniel.5.10	Biblical Aramaic (Daniel, Ezra) (B)	זיו	MORPHOLOGY	a known lemma with a Hebrew sense is reachable, but a precision rule blocks the analysis — NO_ANALYSIS	זיו: זוהר [krupnik] | זיו [jastrow]	זיו: J(זִיו bh): splendor, glory, countenance; good looks, bloom; bloom, forth-coming vegetation	not available (no open digital HeArukh/Meturgeman text)			—	yes
800	top-1000	וזיוכ	1	Daniel.5.10	Biblical Aramaic (Daniel, Ezra) (B)	זיו	MORPHOLOGY	a known lemma with a Hebrew sense is reachable, but a precision rule blocks the analysis — NO_ANALYSIS	זיו: זוהר [krupnik] | זיו [jastrow]	זיו: J(זִיו bh): splendor, glory, countenance; good looks, bloom; bloom, forth-coming vegetation	not available (no open digital HeArukh/Meturgeman text)			—	yes
801	top-1000	וזמנא	1	Daniel.7.22	Biblical Aramaic (Daniel, Ezra) (B)	זמנא זמנ זומ	MORPHOLOGY	a known lemma with a Hebrew sense is reachable, but a precision rule blocks the analysis — NO_ANALYSIS	זמנא: עת [krupnik] | פעם [krupnik] ;; זמנ: הכין [krupnik] | קרא לסעודה וכדומה [krupnik] | בירך ברכת הזימון [krupnik] | נקרה [krupnik] | הוזמן [krupnik] | זמן [jastrow] | זמן [jastrow] | אהל מועד [jastrow] ;; זומ: מרק [krupnik]	זמנ: J(זָמַן bh): to arrange, designate; to invite; to a meal || J(זְמַן I ch): Part. pass; ready, prepared; to invite; to appoint; to summon; to prepare || J(זְמָן bh): appointed time, term, time; in the case of, when, if; in its prescribe	not available (no open digital HeArukh/Meturgeman text)			—	yes
802	top-1000	וזמניא	1	Daniel.2.21	Biblical Aramaic (Daniel, Ezra) (B)	זמנא	MORPHOLOGY	a known lemma with a Hebrew sense is reachable, but a precision rule blocks the analysis — NO_ANALYSIS	זמנא: עת [krupnik] | פעם [krupnik]	—	not available (no open digital HeArukh/Meturgeman text)			—	yes
803	top-1000	וזקיפ	1	Ezra.6.11	Biblical Aramaic (Daniel, Ezra) (B)	זקיפ זקפ זקיפא	MORPHOLOGY	a known lemma with a Hebrew sense is reachable, but a precision rule blocks the analysis — NO_ANALYSIS	זקפ: הקים [krupnik] | תלה [krupnik] | רומם [krupnik] | קום [krupnik] | נתלה [krupnik] | זקף [jastrow] ;; זקיפא: מוט, כלונס [krupnik] | תליה [krupnik]	זקיפ: J(זְקִיף): to erect || J(זְקִיף ²): erect, upright; an upright standing vessel; elevated, projecting ;; זקפ: J(זָקַף bh): to join, put together, put up, erect, restore; to establish a loan, to obligate, enjoin up || J(זְקַף ch): to pu	not available (no open digital HeArukh/Meturgeman text)			—	yes
804	top-1000	וחבל	1	Daniel.3.25	Biblical Aramaic (Daniel, Ezra) (B)	חבל חביל חבול חבולה חבלא	MORPHOLOGY	a known lemma with a Hebrew sense is reachable, but a precision rule blocks the analysis — NO_ANALYSIS	חבל: הכה, פצע [krupnik] | הוכה, נפצע [krupnik] | ניטל למשכון [krupnik] | נתקלקל [krupnik] | הוי ואבוי [krupnik] ;; חבול: מום מוסרי [krupnik] ;; חבלא: השחתה [krupnik] | חבל [jastrow] | באר שחת [jastrow] | חבלה [jastrow] | חבל [jastrow]	חבל: J(חָבַל bh): to seize, to take a pledge; to twist; to do violence, unshape; to inflict a wound, to hurt || J(חֲבַל I): to wrong, be violent; to injure; to ruin, destroy; Part. pass || J(חֲבַל II): injury; woe!, Oh!; to ruin || J(חֶבֶל 	not available (no open digital HeArukh/Meturgeman text)			—	yes
805	top-1000	וחבלוהי	1	Daniel.4.20	Biblical Aramaic (Daniel, Ezra) (B)	חבלא	MORPHOLOGY	a known lemma with a Hebrew sense is reachable, but a precision rule blocks the analysis — NO_ANALYSIS	חבלא: השחתה [krupnik] | חבל [jastrow] | באר שחת [jastrow] | חבלה [jastrow] | חבל [jastrow]	חבלא: J(חַבְלָא I): injury, ruin || J(חַבְּלָא): destruction || J(חַבְלָא II ch): rope, measure; district	not available (no open digital HeArukh/Meturgeman text)			—	yes
806	top-1000	וחזוה	1	Daniel.7.20	Biblical Aramaic (Daniel, Ezra) (B)	חזו חזוא	MORPHOLOGY	a known lemma with a Hebrew sense is reachable, but a precision rule blocks the analysis — NO_ANALYSIS	חזו: מראה [krupnik] ;; חזוא: מראה [krupnik]	חזוא: J(חֶזְוָא): looks, appearance; vision; look-out, crossroad	not available (no open digital HeArukh/Meturgeman text)			—	yes
807	top-1000	וחטאכ	1	Daniel.4.24	Biblical Aramaic (Daniel, Ezra) (B)		TRUE_LEXICAL_GAP	no lexicon entry the form could belong to — NO_ANALYSIS	—	—	not available (no open digital HeArukh/Meturgeman text)			—	yes
808	top-1000	וחטיכ	1	Daniel.4.24	Biblical Aramaic (Daniel, Ezra) (B)	חט חטא חטיא	MORPHOLOGY	a known lemma with a Hebrew sense is reachable, but a precision rule blocks the analysis — NO_ANALYSIS	חט: חטא, עוון [krupnik] ;; חטא: שורה [krupnik]	חטא: J(חֵטְא bh): failure, sin; ḥot’im; ḥătaim || J(חִטָּא I): line drawn with a stylus || J(חִטָּא II): wheat ;; חטיא: J(חִטַּיָּא): wheat || J(חָטְיָא): sinner	not available (no open digital HeArukh/Meturgeman text)			—	yes
809	top-1000	וחיל	1	Ezra.4.23	Biblical Aramaic (Daniel, Ezra) (B)	חיל חייל חילא יחל נחל	MORPHOLOGY	a known lemma with a Hebrew sense is reachable, but a precision rule blocks the analysis — NO_ANALYSIS	חיל: ערך למלחמה [krupnik] | אימץ וחיזק [krupnik] | נתחזק [krupnik] | התגודד [krupnik] ;; חייל: המתיק [krupnik] | מחל [krupnik] ;; נחל: נחל [jastrow]	חיל: J(חֵיל I): surrounding; Ḥel || J(חִיל): Pa.; to strengthen; to serve || J(חֵיל II): strong; strength; logical support, evidence, argument ;; חייל: J(חַיִיל bh): surrounding, protection; army; strength, health ;; חילא: J(חֵילָא II): val	not available (no open digital HeArukh/Meturgeman text)			—	yes
810	top-1000	וחכימיא	1	Daniel.2.13	Biblical Aramaic (Daniel, Ezra) (B)	חכימ חכימא	MORPHOLOGY	a known lemma with a Hebrew sense is reachable, but a precision rule blocks the analysis — NO_ANALYSIS	חכימ: חכם [krupnik] | חכם [jastrow] ;; חכימא: חכם [krupnik]	חכימ: J(חַכִּים II ch): wise; sage, scholar; Ḥakham; Ḥakham	not available (no open digital HeArukh/Meturgeman text)			—	yes
811	top-1000	וחמה	1	Daniel.3.13	Biblical Aramaic (Daniel, Ezra) (B)	חמה חמי חומה חומ חמא חמתא	MORPHOLOGY	a known lemma with a Hebrew sense is reachable, but a precision rule blocks the analysis — NO_ANALYSIS	חמי: ראה [krupnik] | נראה [krupnik] | ראוי [krupnik] ;; חומ: היה חם [krupnik] | החם [krupnik] ;; חמא: צנון [krupnik] | חם [jastrow] | חמה [jastrow] ;; חמתא: חמות, אם הבעל [krupnik] | חמות [jastrow]	חמה: J(חֲמָה): to see || J(חֵמָה bh): heat, anger; Ḥemah || J(חַמָּה bh): sun; fever; radish ;; חמי: J(חֲמִי): ḥama; to surround, guard; to observe, see ;; חומ: J(חוּם): to be warm; to warm; to affect || J(חוֹם bh): summer, heat ;; חמא: J(ח	not available (no open digital HeArukh/Meturgeman text)			—	yes
812	top-1000	וחספא	1	Daniel.2.34	Biblical Aramaic (Daniel, Ezra) (B)	חספא חספ	MORPHOLOGY	a known lemma with a Hebrew sense is reachable, but a precision rule blocks the analysis — NO_ANALYSIS	חספא: חרס [krupnik] | טיט [krupnik] ;; חספ: כתש [krupnik] | הלבין, החויר [krupnik] | חרש [jastrow]	חספא: J(חַסְפָּא): shame;; idol; ḥeres ;; חספ: J(חֲסַף I): to peel off; to be scaly, rough; to pound grain || J(חֲסַף II): rough clay; clay vessel; something with which to peel or scrape	not available (no open digital HeArukh/Meturgeman text)			—	yes
813	top-1000	וחשל	1	Daniel.2.40	Biblical Aramaic (Daniel, Ezra) (B)	חשל חושלא חשלא	MORPHOLOGY	a known lemma with a Hebrew sense is reachable, but a precision rule blocks the analysis — NO_ANALYSIS	חשל: רופף [krupnik] | חשל [jastrow] ;; חושלא: שעורה קלופה [krupnik] ;; חשלא: חרש מתכת [krupnik]	חשל: J(חָשַׁל bh): to scrape off, polish; to reduce; to crush, batter; to be crushed || J(חֲשַׁל ch): to furbish, forge, hammer.; to plan, design; to peel, pound grits ;; חושלא: J(חוּשְׁלָא): pounded grain; peeled barley; ḥushla ;; חשלא: J(	not available (no open digital HeArukh/Meturgeman text)			—	yes
814	top-1000	וחתמה	1	Daniel.6.18	Biblical Aramaic (Daniel, Ezra) (B)	חתמ	MORPHOLOGY	a known lemma with a Hebrew sense is reachable, but a precision rule blocks the analysis — NO_ANALYSIS	חתמ: סגר [krupnik] | סיים [krupnik] | נחתם בחותם [krupnik] | חתם [jastrow]	חתמ: K: to sign | unterzeichnen || J(חָתַם bh): to tie up, close, lock; to seal; to sign, subscribe || J(חֲתַם ch): to close up; to seal, sign; Part. pass	not available (no open digital HeArukh/Meturgeman text)			—	yes
815	top-1000	וטעמ	1	Daniel.2.14	Biblical Aramaic (Daniel, Ezra) (B)	טעמ טעמא	SENSE_CHOICE	several Hebrew senses (or two lemmas) — a reviewer must choose — AMBIGUOUS rev:טעמ/ "וציווי" ~ טעמ/ "וסבה · וסימן ההפסק במקרא, נגינה"	טעמ: סבה [krupnik] | סימן ההפסק במקרא, נגינה [krupnik] | טעם [jastrow] | צו, פקודה [he] ;; טעמא: סבה [krupnik] | טעם [krupnik]	טעמ: J(טָעַם bh): to be bright, wise; to examine, to taste, test, try, experience; to give to taste || J(טְעַם): to give to taste; to taste; tasted, touched || J(טַעַם bh): pleasure, will; sense, wisdom, sound reasoning; reason, cause, grou	not available (no open digital HeArukh/Meturgeman text)			—	yes
816	top-1000	וטפרוהי	1	Daniel.4.30	Biblical Aramaic (Daniel, Ezra) (B)	טפר	MORPHOLOGY	a known lemma with a Hebrew sense is reachable, but a precision rule blocks the analysis — NO_ANALYSIS	טפר: צפורן, עוקץ [krupnik]	—	not available (no open digital HeArukh/Meturgeman text)			—	yes
817	top-1000	וטפריה	1	Daniel.7.19	Biblical Aramaic (Daniel, Ezra) (B)	טפר	MORPHOLOGY	a known lemma with a Hebrew sense is reachable, but a precision rule blocks the analysis — NO_ANALYSIS	טפר: צפורן, עוקץ [krupnik]	—	not available (no open digital HeArukh/Meturgeman text)			—	yes
818	top-1000	ויאמר	1	Daniel.4.32	Biblical Aramaic (Daniel, Ezra) (B)		TRUE_LEXICAL_GAP	no lexicon entry the form could belong to — NO_ANALYSIS	—	—	not available (no open digital HeArukh/Meturgeman text)			—	yes
819	top-1000	וידברו	1	Daniel.2.4	Biblical Aramaic (Daniel, Ezra) (B)	דבר	MORPHOLOGY	a known lemma with a Hebrew sense is reachable, but a precision rule blocks the analysis — NO_ANALYSIS	דבר: נלקח [krupnik] | התנהל [krupnik] | מנהיג [krupnik] | דבר [jastrow]	דבר: K: to lead, to drive | führen, leiten || K: to conduct one's self | sich führen, leben || K: to take | nehmen || J(דָּבַר bh): to join, arrange, lead; to converse, speak; ḥērēsh || J(דְּבַר ch): to seize, take, lead, drive; to conduct 	not available (no open digital HeArukh/Meturgeman text)			—	yes
820	top-1000	וידחלנני	1	Daniel.4.2	Biblical Aramaic (Daniel, Ezra) (B)		TRUE_LEXICAL_GAP	no lexicon entry the form could belong to — NO_ANALYSIS	—	—	not available (no open digital HeArukh/Meturgeman text)			—	yes
821	top-1000	ויהבו	1	Daniel.3.28	Biblical Aramaic (Daniel, Ezra) (B)	יהב	MISSING_HEBREW_GLOSS	the dictionaries have the word, but no Hebrew sense (English only / Krupnik without Hebrew) — NO_ANALYSIS	—	יהב: J(יְהַב): to give; to deal; to put, place	not available (no open digital HeArukh/Meturgeman text)			—	yes
822	top-1000	ויהיבו	1	Ezra.5.14	Biblical Aramaic (Daniel, Ezra) (B)		TRUE_LEXICAL_GAP	no lexicon entry the form could belong to — NO_ANALYSIS	—	—	not available (no open digital HeArukh/Meturgeman text)			—	yes
823	top-1000	ויהכ	1	Ezra.6.5	Biblical Aramaic (Daniel, Ezra) (B)	הכ יה	MORPHOLOGY	a known lemma with a Hebrew sense is reachable, but a precision rule blocks the analysis — NO_ANALYSIS	הכ: זה, זאת [krupnik]	הכ: J(הַךְ): to go.; Part. Af. || J(הָךְ): this, that ;; יה: J(יָהּ bh): Yah || J(יָהּ II): Oh!	not available (no open digital HeArukh/Meturgeman text)			—	yes
824	top-1000	ויחסנונ	1	Daniel.7.18	Biblical Aramaic (Daniel, Ezra) (B)	חסנ	MORPHOLOGY	a known lemma with a Hebrew sense is reachable, but a precision rule blocks the analysis — NO_ANALYSIS	חסנ: היה חזק [krupnik] | החזיק בדבר [krupnik]	חסנ: J(חֲסַן I): to be strong; Ithpa.; to take possession || J(חֲסַן II): Af.; to wean; to be weaned	not available (no open digital HeArukh/Meturgeman text)			—	yes
825	top-1000	ויכלה	1	Daniel.7.21	Biblical Aramaic (Daniel, Ezra) (B)	כלי	MORPHOLOGY	a known lemma with a Hebrew sense is reachable, but a precision rule blocks the analysis — NO_ANALYSIS	כלי: נגמר [krupnik] | איבד [krupnik] | שאג [krupnik] | עצר [krupnik] | נעצר [krupnik] | כְּלִי רִאשׁוֹן [krupnik] | כלי [jastrow]	כלי: J(כְּלִי bh): vessel, receptacle; bag; outfit, apparel, garment, tool, weapon.; Pl. || J(כלי bh): to enclose; to restrain, keep back; iron points; to be full, to be finished, to cease || J(כְּלֵי ch): to keep enclosed, to withhold, res	not available (no open digital HeArukh/Meturgeman text)			—	yes
826	top-1000	ויסבר	1	Daniel.7.25	Biblical Aramaic (Daniel, Ezra) (B)	סבר	MORPHOLOGY	a known lemma with a Hebrew sense is reachable, but a precision rule blocks the analysis — NO_ANALYSIS	סבר: חשב [krupnik] | בירר, ביאר [krupnik] | התיחס בחבה [krupnik] | הבטיח [krupnik] | ביאר ופירש [krupnik] | קוה [krupnik] | היה מובן [krupnik] | הזדיין והצטייד [krupnik] | תקוה [krupnik] | הסבר, פירוש [krupnik] | מחשבה, דעה [krupnik] | סבר [jastrow] | סבר [jastrow]	סבר: K: to trust | vertrauen || J(סָבַר bh): Pi.; to be bright; to look for, be hopeful; to think, imagine. Part. pass || J(סְבַר ch): to show a bright face, be pleasant; to favor; Poël; Part. pass || J(סְבַר II): Poël; to encompass; to car	not available (no open digital HeArukh/Meturgeman text)			—	yes
827	top-1000	ויעטוהי	1	Ezra.7.15	Biblical Aramaic (Daniel, Ezra) (B)		TRUE_LEXICAL_GAP	no lexicon entry the form could belong to — NO_ANALYSIS	—	—	not available (no open digital HeArukh/Meturgeman text)			—	yes
828	top-1000	ויעקב	1	Genesis.31.47	Biblical Aramaic (Daniel, Ezra) (B)	עקב	MORPHOLOGY	a known lemma with a Hebrew sense is reachable, but a precision rule blocks the analysis — NO_ANALYSIS	עקב: רדף [krupnik] | קיפח ועקר, ביטל [krupnik]	עקב: J(עָקַב bh): to trace, follow; to go beyond, supersede; to supplant || J(עֲקַב ch): Pa.; to trace, espy || J(עָקֵב bh): to be curved; heel; pl. || J(עֵקֶב bh): rear, consequence; in consequence of; end, future world	not available (no open digital HeArukh/Meturgeman text)			—	yes
829	top-1000	ויציב	1	Daniel.2.45	Biblical Aramaic (Daniel, Ezra) (B)	יציב יצב נצב	MORPHOLOGY	a known lemma with a Hebrew sense is reachable, but a precision rule blocks the analysis — NO_ANALYSIS	יציב: יציב [jastrow] ;; יצב: פַּעל, ביסס [krupnik] | יצב [jastrow] ;; נצב: נטע [krupnik] | קבע, חיזק [krupnik] | נצב [jastrow]	יציב: J(יַצִּיב): firm, irrefutable.; true and irrefutable; vayomer || J(יַצִּיב ² ch): firmly planted; native, citizen ;; יצב: J(יָצַב bh): to stand, be erect; to place one’s self; to be firm || J(יְצַב ch): to establish; to ascertain ;; נ	not available (no open digital HeArukh/Meturgeman text)			—	yes
830	top-1000	ויציבא	1	Daniel.7.16	Biblical Aramaic (Daniel, Ezra) (B)	יציב יצב	MORPHOLOGY	a known lemma with a Hebrew sense is reachable, but a precision rule blocks the analysis — NO_ANALYSIS	יציב: יציב [jastrow] ;; יצב: פַּעל, ביסס [krupnik] | יצב [jastrow]	יציב: J(יַצִּיב): firm, irrefutable.; true and irrefutable; vayomer || J(יַצִּיב ² ch): firmly planted; native, citizen ;; יצב: J(יָצַב bh): to stand, be erect; to place one’s self; to be firm || J(יְצַב ch): to establish; to ascertain	not available (no open digital HeArukh/Meturgeman text)			—	yes
831	top-1000	ויקבלונ	1	Daniel.7.18	Biblical Aramaic (Daniel, Ezra) (B)	קבל	MORPHOLOGY	a known lemma with a Hebrew sense is reachable, but a precision rule blocks the analysis — NO_ANALYSIS	קבל: צווח, טען [krupnik] | יצא לקראת, ביקר [krupnik] | קיבל [krupnik] | חשיכה [krupnik] | קבל [jastrow] | קבל [jastrow]	קבל: K: to be received, to be accepted | aufgenommen werden || J(קָבַל I bh): to seize; to join, meet, correspond; to receive, accept; to take an obligation upon one’s  || J(קְבַל ch): to visit; to listen, obey; to receive, take, accept || 	not available (no open digital HeArukh/Meturgeman text)			—	yes
832	top-1000	ויקירא	1	Ezra.4.10	Biblical Aramaic (Daniel, Ezra) (B)	יקירא יקיר יקר	MORPHOLOGY	a known lemma with a Hebrew sense is reachable, but a precision rule blocks the analysis — NO_ANALYSIS	יקירא: כבד [krupnik] | נכבד [krupnik] | יקר המחיר [krupnik] ;; יקר: כיבד [krupnik] | התגאה [krupnik] | נעשה יקר [krupnik] | היה כבד [krupnik] | היה יקר [krupnik] | הכביד [krupnik] | כיבד [krupnik] | נתן במתנה [krupnik] | נעשה כבד [krupnik] | היה נכבד [krupnik] | נתיקר במחירו [krupnik] | יקר [jastrow	יקיר: J(יַקִּיר bh): weighty, honorable || J(יַקִּיר ²): heavy; dear, precious; honored, worthy ;; יקר: J(יָקַר bh): to be heavy;; to be weighty, important, honored; to be dear, precious; to hold dear || J(יְקַר ch): to be heavy; to be dear	not available (no open digital HeArukh/Meturgeman text)			—	yes
833	top-1000	ויקרה	1	Daniel.5.20	Biblical Aramaic (Daniel, Ezra) (B)	ויקרא יקר קרא קרי יקרתא	MORPHOLOGY	a known lemma with a Hebrew sense is reachable, but a precision rule blocks the analysis — NO_ANALYSIS	יקר: כיבד [krupnik] | התגאה [krupnik] | נעשה יקר [krupnik] | היה כבד [krupnik] | היה יקר [krupnik] | הכביד [krupnik] | כיבד [krupnik] | נתן במתנה [krupnik] | נעשה כבד [krupnik] | היה נכבד [krupnik] | נתיקר במחירו [krupnik] | יקר [jastrow] | יקר [jastrow] ;; קרא: קשוא בצורת בקבוק [krupnik] | בקי במקר	ויקרא: J(וַיִּקְרָא): Vayyikra; and he called; Leviticus ;; יקר: J(יָקַר bh): to be heavy;; to be weighty, important, honored; to be dear, precious; to hold dear || J(יְקַר ch): to be heavy; to be dear, precious; to make heavy || J(יָקָר bh	not available (no open digital HeArukh/Meturgeman text)			—	yes
834	top-1000	וירכתה	1	Daniel.2.32	Biblical Aramaic (Daniel, Ezra) (B)		TRUE_LEXICAL_GAP	no lexicon entry the form could belong to — NO_ANALYSIS	—	—	not available (no open digital HeArukh/Meturgeman text)			—	yes
835	top-1000	וישוע	1	Ezra.5.2	Biblical Aramaic (Daniel, Ezra) (B)	שוע ישו שיע	MORPHOLOGY	a known lemma with a Hebrew sense is reachable, but a precision rule blocks the analysis — NO_ANALYSIS	שוע: חָלק [krupnik] | החליק [krupnik] | ניטוח [krupnik] | שוע [jastrow] ;; ישו: הנוצרי [krupnik] ;; שיע: מלט [krupnik]	שוע: K: to become a smooth mass | platt geschlagen werden || J(שׁוּעַ): to be smooth, soft;; to be discouraged, to despair; al tishtʿa || J(שׁוּעַ ² ch): to smooth over; to plaster; Part. pass. || J(שָׁוַע): Pi.; to cry; for help || J(שׁוֹע	not available (no open digital HeArukh/Meturgeman text)			—	yes
836	top-1000	וישתונ	1	Daniel.5.2	Biblical Aramaic (Daniel, Ezra) (B)	שתה שתי	MORPHOLOGY	a known lemma with a Hebrew sense is reachable, but a precision rule blocks the analysis — NO_ANALYSIS	שתה: ארג [krupnik] ;; שתי: שתה [krupnik] | ארג [krupnik] | נשתה [krupnik] | שתי [jastrow] | שתי [jastrow]	שתי: J(שתי bh): to be settled, satisfied,; to drink; Part. pass || J(שְׁתֵי ch): imperative; to be drunk || J(שתי ²): to settle,; to lay the foundation of;; to fix the warp, start the loom || J(שְׁתֵי ² ch): to weave; Pe.; to start the loom	not available (no open digital HeArukh/Meturgeman text)			—	yes
837	top-1000	וישתמעונ	1	Daniel.7.27	Biblical Aramaic (Daniel, Ezra) (B)	שמע	MORPHOLOGY	a known lemma with a Hebrew sense is reachable, but a precision rule blocks the analysis — NO_ANALYSIS	שמע: שמע והקשיב [krupnik] | הבין [krupnik] | שרת [krupnik] | השמיע [krupnik] | הורה, הודיע [krupnik] | נשמע [krupnik] | נכנע [krupnik] | שמע [jastrow] | שמע [jastrow] | השמיע [reviewed]	שמע: K: recitation of the Sh'ma (Deut. 6, 4-9) | zweimal täglich zu rezitierender Abschnitt des Pentateuchs || J(שָׁמַע bh): to be still,; to hear, listen, obey; to understand; m’ḳuddash || J(שְׁמַע I ch): he knows of; to understand from, t	not available (no open digital HeArukh/Meturgeman text)			—	yes
838	top-1000	ויתיהבונ	1	Daniel.7.25	Biblical Aramaic (Daniel, Ezra) (B)		TRUE_LEXICAL_GAP	no lexicon entry the form could belong to — NO_ANALYSIS	—	—	not available (no open digital HeArukh/Meturgeman text)			—	yes
839	top-1000	וכדי	1	Daniel.5.20	Biblical Aramaic (Daniel, Ezra) (B)	די כדי כדיי דיבור כד כדא	SENSE_CHOICE	several Hebrew senses (or two lemmas) — a reviewer must choose — AMBIGUOUS_SENSE די: אשר, ש־ | כי | שאם	די: אשר, ש־ [krupnik] | כי [krupnik] | שאם [krupnik] | של [he] | אשר, ש־ [he] ;; כדי: סתם [krupnik] | בלבד [krupnik] | בחנם, לחנם [krupnik] | אלא מעתה [krupnik] ;; דיבור: הוצאת דברים מן הפה [krupnik] | דבר אלהים [krupnik] | כשיעור דיבור קל [krupnik] ;; כד: כאשר [krupnik] | מעוגל [krupnik] | כלי חרס 	די: J(דִּי): who, which, where, whom; mine, thine; ḥazith || J(דִּי II): for if; for if not; for if not so || J(דַּי bh): sufficiency, plenty; enough for; enough for me || J(דִּי־): two, twice ;; כדי: K: when | als || K: name of an Amora | 	not available (no open digital HeArukh/Meturgeman text)			—	yes
840	top-1000	וכדנה	1	Ezra.5.7	Biblical Aramaic (Daniel, Ezra) (B)	כדנ כדנא דנה דנ דינ דנא	MORPHOLOGY	a known lemma with a Hebrew sense is reachable, but a precision rule blocks the analysis — RARE_UNREVIEWED rev:דנה//wk "וכזה"	כדנ: קשר אל־ [krupnik] ;; כדנא: כד [krupnik] ;; דנ: פה [jastrow] | מהזה [jastrow] | איזהו [jastrow] ;; דינ: חקר ודרש [krupnik] | הוציא מסקנא [krupnik] | נשפט [krupnik] | נחשב [krupnik] | התוכח, ריב [krupnik] | שפט [krupnik] | הוציא מסקנא [krupnik] | בא בדין [krupnik] | הוציא דין [krupnik] | בא בדין 	כדנ: J(כָּדַן): kidînu; to bend; to yoke, put to work ;; כדנא: J(*כַּדְנָא): jug || J(כְּדֵנָא): thus ;; דנה: J(דְּנָה): which I ;; דנ: J(דָּן bh): Dan; Dan; Paneas; || J(דֵּן): this, that; here; like this, thus ;; דינ: J(*דֵּין): faintness	not available (no open digital HeArukh/Meturgeman text)			—	yes
841	top-1000	וכהנוהי	1	Ezra.7.13	Biblical Aramaic (Daniel, Ezra) (B)	כהנ	MORPHOLOGY	a known lemma with a Hebrew sense is reachable, but a precision rule blocks the analysis — NO_ANALYSIS	כהנ: כהן [jastrow]	כהנ: J(כֹּהֵן bh): standing, stationed; officer; priest || J(כָּהַן bh): Nithpa.; to be appointed priest, to act as priest || J(כָּהֵן ch): Fem || J(כָּהֵן ²): Kahen, Kahăna	not available (no open digital HeArukh/Meturgeman text)			—	yes
842	top-1000	וכהניא	1	Ezra.7.16	Biblical Aramaic (Daniel, Ezra) (B)	כהנ כהני הנאה הנה הני	MORPHOLOGY	a known lemma with a Hebrew sense is reachable, but a precision rule blocks the analysis — NO_ANALYSIS	כהנ: כהן [jastrow] ;; כהני: מגזע כהונה [krupnik] ;; הנאה: עונג, תועלת [krupnik] | הפרעה והפרה [krupnik] ;; הנה: קבל הנאה ותועלת [krupnik] | זה, זאת [krupnik] ;; הני: הללו [krupnik] | הני [jastrow]	כהנ: J(כֹּהֵן bh): standing, stationed; officer; priest || J(כָּהַן bh): Nithpa.; to be appointed priest, to act as priest || J(כָּהֵן ch): Fem || J(כָּהֵן ²): Kahen, Kahăna ;; כהני: J(כֹּהֲנִי): one proving priestly descent, belonging to t	not available (no open digital HeArukh/Meturgeman text)			—	yes
843	top-1000	וכוינ	1	Daniel.6.11	Biblical Aramaic (Daniel, Ezra) (B)	כו כוה כוי כונ וי ויא	MORPHOLOGY	a known lemma with a Hebrew sense is reachable, but a precision rule blocks the analysis — NO_ANALYSIS	כו: חלון קטן, אשנב [krupnik] ;; כוה: גרם כוית אש [krupnik] | נפגע [krupnik] ;; כוי: בער, דלק [krupnik] | נכוה, נחרך [krupnik] | כוי [jastrow] ;; כונ: עשה ישר ומכוון [krupnik] | עשה ישר [krupnik] | הסב, הפנה [krupnik] | פנה [krupnik] | כון [jastrow] ;; וי: הוי [krupnik] ;; ויא: הוי [krupnik]	כוי: J(כוי bh): to cause discoloring; to sear, cauterize; to scald; Part. pass || J(כְּוִי ch): to be burnt || J(כּוֹי): Koy; bearded dear; antelope ;; כונ: J(כּוּן bh): to stand, exist, be firm; to straighten; to place in a line, direct ||	not available (no open digital HeArukh/Meturgeman text)			—	yes
844	top-1000	וכמצביה	1	Daniel.4.32	Biblical Aramaic (Daniel, Ezra) (B)	מצבא	MORPHOLOGY	a known lemma with a Hebrew sense is reachable, but a precision rule blocks the analysis — NO_ANALYSIS	מצבא: מטע [krupnik]	מצבא: J(מַצָּבָא): plant, set	not available (no open digital HeArukh/Meturgeman text)			—	yes
845	top-1000	וכמקרבה	1	Daniel.6.21	Biblical Aramaic (Daniel, Ezra) (B)	קרב מקרבא	MORPHOLOGY	a known lemma with a Hebrew sense is reachable, but a precision rule blocks the analysis — NO_ANALYSIS	קרב: נעשה קרוב [krupnik] | קרב, נגע [krupnik] | הגין [krupnik] | קרב [jastrow] | קרב [jastrow] ;; מקרבא: קריבה, גישה [krupnik]	קרב: K: to do in near intervals | häufen, in kurzen Intervallen tun || J(קָרֵב bh): to join, come near, be near; to be offered as; to come before court; to sue, complain; to  || J(קְרֵב ch): to be near, come near, touch; to intercede, prote	not available (no open digital HeArukh/Meturgeman text)			—	yes
846	top-1000	וכנותה	1	Ezra.5.6	Biblical Aramaic (Daniel, Ezra) (B)		TRUE_LEXICAL_GAP	no lexicon entry the form could belong to — NO_ANALYSIS	—	—	not available (no open digital HeArukh/Meturgeman text)			—	yes
847	top-1000	וכנמא	1	Ezra.5.11	Biblical Aramaic (Daniel, Ezra) (B)	נמא אמא נומ נמה נימ	MORPHOLOGY	a known lemma with a Hebrew sense is reachable, but a precision rule blocks the analysis — NO_ANALYSIS	נמא: נאם, אמר [krupnik] ;; אמא: אמר [krupnik] | אם, אמי [krupnik] | אמה [jastrow] ;; נומ: היה ישן ונרדם [krupnik] | נום [jastrow] ;; נמה: נאם, אמר [krupnik]	נמא: J(נָמָא): Pi. ;; אמא: J(אַמָּא): cubit || J(אֲמָא II): to join; to say, speak, think; does it mean to say? ;; נומ: J(נוּם I): to speak, say; Pi. || J(נוּם II bh): to slumber; Nithpalp; to be drowsy; to nap || J(נוּם ch): to be drowsy; 	not available (no open digital HeArukh/Meturgeman text)			—	yes
848	top-1000	וכעת	1	Ezra.4.17	Biblical Aramaic (Daniel, Ezra) (B)	עת	MISSING_HEBREW_GLOSS	the dictionaries have the word, but no Hebrew sense (English only / Krupnik without Hebrew) — NO_ANALYSIS	—	עת: J(עֵת bh): duration, turn; ʿEth; ʿonah	not available (no open digital HeArukh/Meturgeman text)			—	yes
849	top-1000	וכפרזלא	1	Daniel.2.40	Biblical Aramaic (Daniel, Ezra) (B)	פרזל	MISSING_HEBREW_GLOSS	the dictionaries have the word, but no Hebrew sense (English only / Krupnik without Hebrew) — NO_HEBREW_SENSE פרזל	פרזל: התמרמר [krupnik] | ברזל [jastrow]	פרזל: J(פַּרְזֵל): Parel; to turn, twist; to twist one’s self, to struggle || J(פַּרְזֶל): iron tools	not available (no open digital HeArukh/Meturgeman text)			—	yes
850	top-1000	וכרבלתהונ	1	Daniel.3.21	Biblical Aramaic (Daniel, Ezra) (B)	כרבלת כרבלתא	MORPHOLOGY	a known lemma with a Hebrew sense is reachable, but a precision rule blocks the analysis — NO_ANALYSIS	כרבלתא: כרבלת [jastrow]	כרבלת: K: the crest of the cock | Hahnenkamm || J(כַּרְבֶּלֶת): crown, crest ;; כרבלתא: J(כַּרְבַּלְתָּא ch): helmet, crest; cassides; a certain kind of cloak	not available (no open digital HeArukh/Meturgeman text)			—	yes
851	top-1000	וכרוזא	1	Daniel.3.4	Biblical Aramaic (Daniel, Ezra) (B)	כרוזא כרוז	MORPHOLOGY	a known lemma with a Hebrew sense is reachable, but a precision rule blocks the analysis — NO_ANALYSIS	כרוזא: שליח להכרזה בפומבי [krupnik] | כרוז [jastrow] ;; כרוז: קול קורא, פרסום [krupnik] | שליח להכרזה בפומבי [krupnik] | כרוז [jastrow]	כרוז: J(כְּרוֹז): a vessel || J(כְּרוּז): public announcement || J(כָּרוֹז): public crier	not available (no open digital HeArukh/Meturgeman text)			—	yes
852	top-1000	וכשדי	1	Daniel.2.10	Biblical Aramaic (Daniel, Ezra) (B)	כשדי שדי שד שדא אשד שדיא	MORPHOLOGY	a known lemma with a Hebrew sense is reachable, but a precision rule blocks the analysis — NO_ANALYSIS	שדי: זרק, השליך [krupnik] | טוה [krupnik] | שפך [krupnik] | נזרק, הושלך [krupnik] | נשפך [krupnik] ;; שדא: שד [jastrow] ;; אשד: שפך [krupnik] ;; שדיא: רוח קדים [krupnik] | שידה [jastrow]	כשדי: J(כַּשְׂדִּי bh): pl.; Chaldean; Pl. ;; שדי: J(שַׁדַּי bh): Almighty || J(שְׁדֵי): to swing, throw, cast, shoot; to sprinkle, pour; to cast the spindle, to spin; to cast, po ;; שד: J(שַׂד): furrow.; siddim || J(שַׁד bh): female breast	not available (no open digital HeArukh/Meturgeman text)			—	yes
853	top-1000	וכתבא	1	Daniel.5.24	Biblical Aramaic (Daniel, Ezra) (B)	כתב תבא תוב אבי	MORPHOLOGY	a known lemma with a Hebrew sense is reachable, but a precision rule blocks the analysis — RARE_UNREVIEWED rev:כתבא//w "והכתב"	כתב: כתב ורשם [krupnik] | נכתב ונרשם [krupnik] | כתב [jastrow] | כתב [jastrow] ;; תבא: מדד [krupnik] ;; תוב: שב, חזר [krupnik] | השיב [krupnik] | הקשה, פירך [krupnik] | הושב [krupnik] | הופרך [krupnik] | שוב [jastrow] | שוב [jastrow]	כתב: J(כָּתַב): to join sign to sign; to compose, write; to promise in writing, to will, assign, consign;  || J(כְּתַב I ch): the text reads; evening; it is written, it reads || J(כְּתָב bh): writing, writ; character.; signature ;; תבא: J(*	not available (no open digital HeArukh/Meturgeman text)			—	yes
854	top-1000	וכתבנ	1	Daniel.5.5	Biblical Aramaic (Daniel, Ezra) (B)	כתיב כתבנ בינ כתב תבנ	MORPHOLOGY	a known lemma with a Hebrew sense is reachable, but a precision rule blocks the analysis — NO_ANALYSIS	כתבנ: כותב, סופר [krupnik] | כותבן [jastrow] ;; בינ: בין [jastrow] ;; כתב: כתב ורשם [krupnik] | נכתב ונרשם [krupnik] | כתב [jastrow] | כתב [jastrow] ;; תבנ: ערבב בתבן [krupnik] | נזבל בתבן [krupnik] | מעורב בתבן [krupnik] | מוציא תבן לשדה לזבל [krupnik]	כתיב: K: the traditional spelling of some Biblical words, opp. to the Massoretic instruction for reading | die Schreibung mancher biblischer Worte, im Gegensatz zur massoretischen Lesung || J(כְּתִיב): written; it is written; K’thib; halakh	not available (no open digital HeArukh/Meturgeman text)			—	yes
855	top-1000	ולאלהא	1	Daniel.5.23	Biblical Aramaic (Daniel, Ezra) (B)	אלה להי	MORPHOLOGY	a known lemma with a Hebrew sense is reachable, but a precision rule blocks the analysis — RARE_UNREVIEWED אלה//wl "ולאלוה"	אלה: מקל שראשו מעובה [krupnik] | קלשון [krupnik] | אלוה [jastrow]	אלה: J(אָלָה): to curse || J(אָלָה ² bh): to point; imprecation, curse || J(אֵלֶּה): these, those; v’elleh; elleh || J(אֵלָה bh): terebinth. || J(אַלָּה bh): lance, fork.; sign-pole || J(אֱלָהּ ch): God.; Pl.; gods. ;; להי: J(לְהִי): to be 	not available (no open digital HeArukh/Meturgeman text)			—	yes
856	top-1000	ולאלהי	1	Daniel.5.23	Biblical Aramaic (Daniel, Ezra) (B)	אלה להי	MORPHOLOGY	a known lemma with a Hebrew sense is reachable, but a precision rule blocks the analysis — NO_ANALYSIS	אלה: מקל שראשו מעובה [krupnik] | קלשון [krupnik] | אלוה [jastrow]	אלה: J(אָלָה): to curse || J(אָלָה ² bh): to point; imprecation, curse || J(אֵלֶּה): these, those; v’elleh; elleh || J(אֵלָה bh): terebinth. || J(אַלָּה bh): lance, fork.; sign-pole || J(אֱלָהּ ch): God.; Pl.; gods. ;; להי: J(לְהִי): to be 	not available (no open digital HeArukh/Meturgeman text)			—	yes
857	top-1000	ולאסורינ	1	Ezra.7.26	Biblical Aramaic (Daniel, Ezra) (B)	אסורינ אסור אסר יסר נסר סור	MORPHOLOGY	a known lemma with a Hebrew sense is reachable, but a precision rule blocks the analysis — NO_ANALYSIS	אסר: אסר [jastrow] ;; יסר: יסר [jastrow] ;; נסר: נִסֵּר גזר עצים במשור [krupnik] | קרש [krupnik] | נסר [jastrow] ;; סור: בדק [krupnik] | תר, התהלך [krupnik] | יצר, טיב, אופי [krupnik] | סור [jastrow]	אסורינ: J(*אֲסוּרִין): bands; certain implements belonging to the wine press ;; אסור: J(אָסוּר bh): prisoner.; prison; forbidden || J(אֱסוּר ch): tie, chain. ;; אסר: J(אָסַר bh): to surround, enclose; to chain, imprison; to sentence to pris	not available (no open digital HeArukh/Meturgeman text)			—	yes
858	top-1000	ולבבה	1	Daniel.5.21	Biblical Aramaic (Daniel, Ezra) (B)	לבב בבה בב בבא	MORPHOLOGY	a known lemma with a Hebrew sense is reachable, but a precision rule blocks the analysis — NO_ANALYSIS	בב: פתח [krupnik] ;; בבא: חלק [krupnik]	לבב: K: to encourage | ermutigen || J(לֵבָב bh): heart; double heart, seat of two opposite inclinations; l’bab || J(לָבַב bh): join closely; to tie; l’bubin; a hide showing a hole in the place corresponding to the hea ;; בב: K: a river in B	not available (no open digital HeArukh/Meturgeman text)			—	yes
859	top-1000	ולבשיהונ	1	Daniel.3.21	Biblical Aramaic (Daniel, Ezra) (B)	בשא	MISSING_HEBREW_GLOSS	the dictionaries have the word, but no Hebrew sense (English only / Krupnik without Hebrew) — NO_ANALYSIS	—	—	not available (no open digital HeArukh/Meturgeman text)			—	yes
860	top-1000	ולגב	1	Daniel.6.25	Biblical Aramaic (Daniel, Ezra) (B)	גב נגב גבא גוב	MORPHOLOGY	a known lemma with a Hebrew sense is reachable, but a precision rule blocks the analysis — NO_ANALYSIS	גב: גב [jastrow] ;; נגב: היה יבש [krupnik] | ייבש [krupnik] | הלך דרומה, הדרים [krupnik] | נגב [jastrow] ;; גבא: גב, הצד העליון [krupnik] | אצל, אל [krupnik] | ממעל ל־ [krupnik] | הוקיר [krupnik] ;; גוב: השיב, ענה [krupnik] | בור [krupnik] | מקום גבוה, גובה [krupnik] | גוף, חתיכה [krupnik] | גוב [ja	גב: J(גַּב bh): convex, arched; the exterior; upper part || J(גַּב ² ch): back, body; towards, with ;; נגב: J(נֶגֶב bh): dry soil; south; Negeb || J(נָגַב): to have a crust,; to be dry; dry || J(נְגֵב ch): to be dry, to dry out; to dry, wip	not available (no open digital HeArukh/Meturgeman text)			—	yes
861	top-1000	ולגברינ	1	Daniel.3.20	Biblical Aramaic (Daniel, Ezra) (B)	גבר גברא	MORPHOLOGY	a known lemma with a Hebrew sense is reachable, but a precision rule blocks the analysis — NO_ANALYSIS	גבר: היה חזק, הלך וגדול [krupnik] | חיזק [krupnik] | עשה שיתגבר [krupnik] | איש [krupnik] | גבר [jastrow] | גבר [jastrow] ;; גברא: איש [krupnik] | גבור [krupnik]	גבר: K: a certain man, euphem: I, thou | ein gewisser Mann, (euphem): ich, du || J(גָּבַר bh): to be uppermost, prevail; to be strong; to make strong, strengthen, sustain; to grow stron || J(גְּבַר I ch): Pi.; growing, swelling; to make str	not available (no open digital HeArukh/Meturgeman text)			—	yes
862	top-1000	ולהובדה	1	Daniel.7.26	Biblical Aramaic (Daniel, Ezra) (B)	הובדא יבד אבד	MORPHOLOGY	a known lemma with a Hebrew sense is reachable, but a precision rule blocks the analysis — NO_ANALYSIS	הובדא: איבוד [krupnik] ;; יבד: הלך לאיבוד [krupnik]	יבד: J(יְבַד): to ruin ;; אבד: J(אָבַד bh): to be pressed, go around in despair; to be given up; to be lost, perish; to be beyond reco || J(אֲבַּד ch): to be lost; to destroy; Pa. || J(אָבֵד): perishable, irretrievable	not available (no open digital HeArukh/Meturgeman text)			—	yes
863	top-1000	ולהיבלה	1	Ezra.7.15	Biblical Aramaic (Daniel, Ezra) (B)		TRUE_LEXICAL_GAP	no lexicon entry the form could belong to — NO_ANALYSIS	—	—	not available (no open digital HeArukh/Meturgeman text)			—	yes
864	top-1000	ולחי	1	Daniel.4.31	Biblical Aramaic (Daniel, Ezra) (B)	לחי לוחא אחה לח לחא אחי	MORPHOLOGY	a known lemma with a Hebrew sense is reachable, but a precision rule blocks the analysis — NO_ANALYSIS	לחי: מוט קבוע בקרקע [krupnik] ;; לוחא: לחי [krupnik] ;; אחה: איחד, חיבר [krupnik] | תפר [krupnik] | התאחד [krupnik] ;; לח: נוזלים [krupnik] ;; לחא: וו החכה [krupnik]	לחי: K: cheek-piece | Backenstück; Backenseil || J(לֶחִי II bh): joint; jaw; luḥoth ;; לוחא: J(לוֹחָא): jaw, cheek; fish-hook. ;; אחה: K: to be sewn together | zusammengenäht werden ;; לח: J(לַח bh): to be sticky, sappy, fresh; moist, green	not available (no open digital HeArukh/Meturgeman text)			—	yes
865	top-1000	ולחנתכ	1	Daniel.5.23	Biblical Aramaic (Daniel, Ezra) (B)		TRUE_LEXICAL_GAP	no lexicon entry the form could belong to — NO_ANALYSIS	—	—	not available (no open digital HeArukh/Meturgeman text)			—	yes
866	top-1000	ולי	1	Daniel.4.33	Biblical Aramaic (Daniel, Ezra) (B)	לי ולא	MORPHOLOGY	a known lemma with a Hebrew sense is reachable, but a precision rule blocks the analysis — RARE_UNREVIEWED לי//w "ולא"	לי: לא [krupnik]	לי: J(לֵי): not ;; ולא: J(וָלָא): it is; becoming	not available (no open digital HeArukh/Meturgeman text)			—	yes
867	top-1000	ולכ	1	Daniel.4.22	Biblical Aramaic (Daniel, Ezra) (B)	הלכ ולא לכ	MISSING_HEBREW_GLOSS	the dictionaries have the word, but no Hebrew sense (English only / Krupnik without Hebrew) — NO_HEBREW_SENSE הלכ	הלכ: הלך [jastrow]	הלכ: K: to cause opening of the bowels | Durchfall verursachen || J(הָלַךְ bh): to go, go away; to walk; Pi.; to walk, tread upon || J(הֲלַךְ ch): to walk || J(הֲלָךְ): atax; sustenance of marching troops || J(הֵלֶךְ bh): traveller ;; ולא: 	not available (no open digital HeArukh/Meturgeman text)			—	yes
868	top-1000	ולכמ	1	Ezra.7.24	Biblical Aramaic (Daniel, Ezra) (B)		TRUE_LEXICAL_GAP	no lexicon entry the form could belong to — NO_ANALYSIS	—	—	not available (no open digital HeArukh/Meturgeman text)			—	yes
869	top-1000	ולמאניא	1	Daniel.5.23	Biblical Aramaic (Daniel, Ezra) (B)	מאנ מאנא	MORPHOLOGY	a known lemma with a Hebrew sense is reachable, but a precision rule blocks the analysis — NO_ANALYSIS	מאנ: מי [krupnik] | קנקן [jastrow] ;; מאנא: כלי [krupnik] | בגד [krupnik]	מאנ: J(מָאַן): Pi.; to deny, refuse; to protest against, to annul one’s marriage || J(מַאן): who?, what?, which?;; who, which || J(מָאן): thing; vessel, utensil; garment, dress	not available (no open digital HeArukh/Meturgeman text)			—	yes
870	top-1000	ולעלאה	1	Daniel.4.31	Biblical Aramaic (Daniel, Ezra) (B)	עילאה עלאה	MORPHOLOGY	a known lemma with a Hebrew sense is reachable, but a precision rule blocks the analysis — RARE_UNREVIEWED עילאה//wl "ולעליון"	עילאה: עליון [krupnik]	עילאה: J(עִילָאָה): high, uppermost; Most High; Pl.; Fem ;; עלאה: J(עִלָּאָה): rib	not available (no open digital HeArukh/Meturgeman text)			—	yes
871	top-1000	ולעליא	1	Daniel.4.31	Biblical Aramaic (Daniel, Ezra) (B)	עלא עלה עליתא על עלי	MORPHOLOGY	a known lemma with a Hebrew sense is reachable, but a precision rule blocks the analysis — RARE_UNREVIEWED rev:עליא/n.pl/wl "ולעליון"	עלא: עלה [jastrow] ;; עלה: שיבח [krupnik] | ביטל [krupnik] | הביא בחשבון [krupnik] | התרומם [krupnik] ;; עליתא: מין חיה אגדית [krupnik] ;; על: על [jastrow] ;; עלי: עלי [jastrow]	עלא: J(עֲלָא): leaf ;; עלה: J(עָלֶה bh): cover; foliage, leaf ;; עליתא: K: upper story | Oberstock ;; על: J(עַל bh): height; upon, above; about || J(*עָל): plan ;; עלי: J(עלי bh): to go up, rise; to come up, arrive; ‘ăle ‘ayin; ‘ole ‘ayin |	not available (no open digital HeArukh/Meturgeman text)			—	yes
872	top-1000	ולקבל	1	Daniel.5.1	Biblical Aramaic (Daniel, Ezra) (B)	קבל קבלא קבלה	MORPHOLOGY	a known lemma with a Hebrew sense is reachable, but a precision rule blocks the analysis — RARE_UNREVIEWED rev:לקבל//w "וכנגד"	קבל: צווח, טען [krupnik] | יצא לקראת, ביקר [krupnik] | קיבל [krupnik] | חשיכה [krupnik] | קבל [jastrow] | קבל [jastrow] ;; קבלא: חשיכה [krupnik] ;; קבלה: קליטה ולקיחה [krupnik]	קבל: K: to be received, to be accepted | aufgenommen werden || J(קָבַל I bh): to seize; to join, meet, correspond; to receive, accept; to take an obligation upon one’s  || J(קְבַל ch): to visit; to listen, obey; to receive, take, accept || 	not available (no open digital HeArukh/Meturgeman text)			—	yes
873	top-1000	ולקדישי	1	Daniel.7.25	Biblical Aramaic (Daniel, Ezra) (B)	קדש קדיש קדישא	MORPHOLOGY	a known lemma with a Hebrew sense is reachable, but a precision rule blocks the analysis — NO_ANALYSIS	קדש: קדש [jastrow] ;; קדיש: קדוש [jastrow]	קדש: J(קָדַשׁ bh): to be cut off, separated; to be, become pure, sacred, holy; to sanctify || J(קְדַשׁ ch): to be sanctified, sacred; Ithpa.; Pi., to sanctify; to proclaim; to betroth || J(קָדֵשׁ bh): cut off, rejected; sodomite; Fem. ;; קד	not available (no open digital HeArukh/Meturgeman text)			—	yes
874	top-1000	ולקצת	1	Daniel.4.31	Biblical Aramaic (Daniel, Ezra) (B)	קצת קוצ קיצ קצי	MORPHOLOGY	a known lemma with a Hebrew sense is reachable, but a precision rule blocks the analysis — NO_ANALYSIS	קצת: קצת [jastrow] ;; קוצ: פינה את הקוצים [krupnik] | נפנה מן הקוצים [krupnik] | חתך וגזר [krupnik] | קצב וקבע [krupnik] | תג של אות [krupnik] | חתיכה [krupnik] | קצה החוט [krupnik] | קוץ [jastrow] | קוץ [jastrow] | קוץ [jastrow] ;; קיצ: עורר [krupnik] | ניכה [krupnik] | קבוע [krupnik] | קיץ [jastro	קצת: J(קְצָת bh): end. || J(קְצַת ch): part.; extreme end ;; קוצ: J(קָוַץ): to shrink, be dried up; to curl; to clear of thorns, weed || J(קְוַץ ch): to curl.; —Part. pass; dishevelled, unkempt || J(קוּץ I bh): to shrink; to feel aversion, 	not available (no open digital HeArukh/Meturgeman text)			—	yes
875	top-1000	ולשבי	1	Ezra.6.7	Biblical Aramaic (Daniel, Ezra) (B)	שבא שבי שב ישב נשב	MORPHOLOGY	a known lemma with a Hebrew sense is reachable, but a precision rule blocks the analysis — NO_ANALYSIS	שבא: שבת [krupnik] | שבוע [krupnik] ;; שבי: לקח בשבי [krupnik] | נשבה [krupnik] | שבי [jastrow] | שבי [jastrow] ;; שב: שבעה [krupnik] | שבת [krupnik] | שבוע [krupnik] | שבע [jastrow] | שבוע [jastrow] ;; ישב: קבע [krupnik] | הניח את הדעת [krupnik] | נתן לו מקום לשבת [krupnik] | נח [krupnik] | נושב [k	שבא: J(שְׁבָא): to capture ;; שבי: J(שבי bh): to capture, carry off; to be captured || J(שְׁבֵי ch): to be taken captive, be carried off || J(שְׁבִי bh): captivity, prison || J(שְׁבִי ² ch): captivity; captives || J(שָׁבֵי): captor, maraude	not available (no open digital HeArukh/Meturgeman text)			—	yes
876	top-1000	ולשטר	1	Daniel.7.5	Biblical Aramaic (Daniel, Ezra) (B)	שטר שטרא	MORPHOLOGY	a known lemma with a Hebrew sense is reachable, but a precision rule blocks the analysis — NO_ANALYSIS	שטר: חבט [krupnik] | מרח [krupnik] | כתב, תעודה [krupnik] | שטר [jastrow] ;; שטרא: מסלול הכוכבים [krupnik]	שטר: J(*שְׂטַר): to slap || J(שָׁטַר): to draw lines, arrange;; to write || J(שְׁטַר ch): to draw, spread, strike; kamakh || J(שֶׁטֶר): executive office, execution || J(שְׁטָר): writ, document; note of indebtedness, bond ;; שטרא: J(שִׁטְרָא	not available (no open digital HeArukh/Meturgeman text)			—	yes
877	top-1000	ולשנ	1	Daniel.3.29	Biblical Aramaic (Daniel, Ezra) (B)	לשנ לישנ לוש שנ	MORPHOLOGY	a known lemma with a Hebrew sense is reachable, but a precision rule blocks the analysis — NO_ANALYSIS	לישנ: לשון, שפה [krupnik] | דעה, סברא, גירסא [krupnik] | לשון [jastrow] | לשון הרע [jastrow] ;; לוש: לוש [jastrow] ;; שנ: שן [jastrow]	לשנ: J(לָשַׁן): Hif.; to slander, speak evil of ;; לישנ: J(לִישָׁן ch): tongue; language; expression; meaning; version; ḥab; ḥayab ;; לוש: J(לוּשׁ bh): to knead; to be kneaded ;; שנ: J(שֵׁן): tooth, tooth-like projection; the damage done by	not available (no open digital HeArukh/Meturgeman text)			—	yes
878	top-1000	ולתקפה	1	Daniel.6.8	Biblical Aramaic (Daniel, Ezra) (B)	תקפ קפא קפה קפי תקפא	MORPHOLOGY	a known lemma with a Hebrew sense is reachable, but a precision rule blocks the analysis — NO_ANALYSIS	תקפ: היה חזק [krupnik] | התגבר [krupnik] | החמיץ [krupnik] | התגבר [krupnik] | חיזק [krupnik] | החזיק, אחז [krupnik] | חיזק [krupnik] | הקשה קושיא [krupnik] | תקף [jastrow] ;; קפא: הסיר את הזוהמה מתבשיל [krupnik] | קורה [krupnik] ;; קפה: נקפא ונקרש [krupnik] | הקריש [krupnik] | השרה [krupnik] ;; קפי	תקפ: J(תָּקַף bh): to seize, overpower; to rest heavily upon, be hard || J(תְּקַף ch): to seize, hold firmly; Ittof.; to be strong, become powerful ;; קפא: K: a worm | ein Wurm || J(קַפָּא I): kappa; twenty; kappa dokia || J(קַפָּא II): tru	not available (no open digital HeArukh/Meturgeman text)			—	yes
879	top-1000	ומאמר	1	Daniel.4.14	Biblical Aramaic (Daniel, Ezra) (B)	אימר מאמר מאמרא אמר אמה מר	MORPHOLOGY	a known lemma with a Hebrew sense is reachable, but a precision rule blocks the analysis — RARE_UNREVIEWED אימר//wm "ומאמר"	אימר: אמר [jastrow] ;; אמר: הלעיט [krupnik] | אמר [jastrow] | טלה, כבש [he]	אימר: J(אֵימַר ch): speech, utterance || J(אִימַר): to retract || J(אִימַּר): thick, heavy; lamb; the ;; מאמר: J(מַאֲמָר bh): command, order.; word; maămar, the Yabam’s betrothal ;; מאמרא: J(מַאֲמָרָא ch): word, sentence ;; אמר: J(אָמַר I b	not available (no open digital HeArukh/Meturgeman text)			—	yes
880	top-1000	ומאניא	1	Ezra.7.19	Biblical Aramaic (Daniel, Ezra) (B)	מאנ מאנא אוניא אנא אנה ניה	MORPHOLOGY	a known lemma with a Hebrew sense is reachable, but a precision rule blocks the analysis — NO_ANALYSIS	מאנ: מי [krupnik] | קנקן [jastrow] ;; מאנא: כלי [krupnik] | בגד [krupnik] ;; אוניא: מעיר אוני [krupnik] ;; אנא: אנכי [krupnik] | אני [jastrow] ;; אנה: ציער והקניט [krupnik] ;; ניה: קישט ופאר [krupnik]	מאנ: J(מָאַן): Pi.; to deny, refuse; to protest against, to annul one’s marriage || J(מַאן): who?, what?, which?;; who, which || J(מָאן): thing; vessel, utensil; garment, dress ;; אוניא: J(אוֹנְיָא): of Oni; Onya ;; אנא: J(אָנָּא bh): oh! I	not available (no open digital HeArukh/Meturgeman text)			—	yes
881	top-1000	ומדה	1	Ezra.4.20	Biblical Aramaic (Daniel, Ezra) (B)	מדה מוד מדא מדהא דה דא	MORPHOLOGY	a known lemma with a Hebrew sense is reachable, but a precision rule blocks the analysis — NO_ANALYSIS	מדה: כלל קבוע [krupnik] | דרך ואופן, טיב [krupnik] | תכונת הנפש [krupnik] | מדה [jastrow] ;; מוד: שחה במים [krupnik] ;; דה: זה, זאת [krupnik] ;; דא: זו [jastrow]	מדה: K: divine attribute | göttliches Attribut || J(מִדָּה bh): dimension, measure, proportion; agoranomoi; Middoth || J(מִדָּה ² ch): tribute. ;; מוד: J(מוּד): to stretch one’s self; to swim ;; מדא: J(מַדָּא ch): the priest’s cloak ;; דא: 	not available (no open digital HeArukh/Meturgeman text)			—	yes
882	top-1000	ומדננ	1	Ezra.4.15	Biblical Aramaic (Daniel, Ezra) (B)	מדנ מוד מדא מדנא דננ דינ	MORPHOLOGY	a known lemma with a Hebrew sense is reachable, but a precision rule blocks the analysis — NO_ANALYSIS	מדנ: קשר [krupnik] ;; מוד: שחה במים [krupnik] ;; מדנא: מדן [jastrow] ;; דננ: זה [krupnik] | זה [krupnik] | הנה [krupnik] | הנה [krupnik] | למה זה [jastrow] ;; דינ: חקר ודרש [krupnik] | הוציא מסקנא [krupnik] | נשפט [krupnik] | נחשב [krupnik] | התוכח, ריב [krupnik] | שפט [krupnik] | הוציא מסקנא [krupn	מדנ: J(מַדֵּן): Hif.; knot ;; מוד: J(מוּד): to stretch one’s self; to swim ;; מדא: J(מַדָּא ch): the priest’s cloak ;; מדנא: J(מַדָּנָא ch): bunch; bouquet || J(מְדָנָא): object of strife ;; דננ: J(דְּנַן): this one; there; thus ;; דינ: J(*	not available (no open digital HeArukh/Meturgeman text)			—	yes
883	top-1000	ומדקה	1	Daniel.7.7	Biblical Aramaic (Daniel, Ezra) (B)	דקה דק דוק דיק דקתא	MORPHOLOGY	a known lemma with a Hebrew sense is reachable, but a precision rule blocks the analysis — NO_ANALYSIS	דקה: מרפסת [krupnik] ;; דק: דק [jastrow] ;; דוק: מין חולי בעין [krupnik] ;; דיק: כתת [krupnik] | עשה בדיוק [krupnik] | הוציא מסקנא [krupnik] | כיוון בדיוק [krupnik] ;; דקתא: נעורת [krupnik]	דקה: J(דָּקָה): a look-out; a small door; bar ;; דק: J(דַּק I bh): thin, fine, tender; small bowels; retail. || J(דַּק II bh): a veiled; withered spot; cataract ;; דוק: J(דּוֹק): a withered spot in the eye || J(דּוּק): to pound, beat; to po	not available (no open digital HeArukh/Meturgeman text)			—	yes
884	top-1000	ומהדר	1	Daniel.4.34	Biblical Aramaic (Daniel, Ezra) (B)	הדר דור הדורה הודרא הדרא	MORPHOLOGY	a known lemma with a Hebrew sense is reachable, but a precision rule blocks the analysis — NO_ANALYSIS	הדר: קישט וכיבד [krupnik] | הקפיד ודקדק [krupnik] | חזר [krupnik] | שב מדעתו [krupnik] | חזר אחרי־, בקש [krupnik] | החזיר [krupnik] | שנה [krupnik] | השיב [krupnik] | סבב [krupnik] | הדר [jastrow] ;; דור: הכניס [krupnik] | נזבל [krupnik] | גר, שכן [krupnik] | זר, מסגרת [krupnik] | עור ממולא [krupnik	הדר: J(הָדַר bh): to enclose, go around.; Part. pass; rounded || J(הֲדַר ch): to go around, come back, return; Pi.; to honor, distinguish. || J(הָדָר bh): adornment, crown, beauty, glory; haddar; Hadar ;; דור: K: to manure | düngen || J(דּו	not available (no open digital HeArukh/Meturgeman text)			—	yes
885	top-1000	ומהימנ	1	Daniel.2.45	Biblical Aramaic (Daniel, Ezra) (B)	מהימנ הימנ	MORPHOLOGY	a known lemma with a Hebrew sense is reachable, but a precision rule blocks the analysis — NO_ANALYSIS	מהימנ: נאמן [krupnik] ;; הימנ: האמין [jastrow] | נאמן [jastrow]	הימנ: J(הֵימַן): to credit, trust, confide; to loan on trust; to admit as evidence; Part. pass; faithful, r	not available (no open digital HeArukh/Meturgeman text)			—	yes
886	top-1000	ומהנזקת	1	Ezra.4.15	Biblical Aramaic (Daniel, Ezra) (B)		TRUE_LEXICAL_GAP	no lexicon entry the form could belong to — NO_ANALYSIS	—	—	not available (no open digital HeArukh/Meturgeman text)			—	yes
887	top-1000	ומהקימ	1	Daniel.2.21	Biblical Aramaic (Daniel, Ezra) (B)	קומ	MORPHOLOGY	a known lemma with a Hebrew sense is reachable, but a precision rule blocks the analysis — NO_ANALYSIS	קומ: עמד, היה קיים [krupnik] | מי חלב [krupnik] | קום [jastrow] | העמיד [reviewed]	קומ: J(קוּם bh): to stand up, rise; to stand, exist; a transgression of a prohibitive law which you must re || J(קוּם ² ch): ḥălitsah; to ascertain; to bargain for || J(קוֹם): curdled milk, curd; whey; ḳom?	not available (no open digital HeArukh/Meturgeman text)			—	yes
888	top-1000	ומודא	1	Daniel.6.11	Biblical Aramaic (Daniel, Ezra) (B)	דא	MORPHOLOGY	a known lemma with a Hebrew sense is reachable, but a precision rule blocks the analysis — NO_ANALYSIS	דא: זו [jastrow]	דא: K: this | sie, diese || K: but | aber || J(דָּא I): this; not in this case || J(דָּא II): da da	not available (no open digital HeArukh/Meturgeman text)			—	yes
889	top-1000	ומטעמ	1	Ezra.6.14	Biblical Aramaic (Daniel, Ezra) (B)	טעמ מטעמא טעמא	MORPHOLOGY	a known lemma with a Hebrew sense is reachable, but a precision rule blocks the analysis — NO_ANALYSIS	טעמ: סבה [krupnik] | סימן ההפסק במקרא, נגינה [krupnik] | טעם [jastrow] | צו, פקודה [he] ;; מטעמא: נעים לחך [krupnik] ;; טעמא: סבה [krupnik] | טעם [krupnik]	טעמ: J(טָעַם bh): to be bright, wise; to examine, to taste, test, try, experience; to give to taste || J(טְעַם): to give to taste; to taste; tasted, touched || J(טַעַם bh): pleasure, will; sense, wisdom, sound reasoning; reason, cause, grou	not available (no open digital HeArukh/Meturgeman text)			—	yes
890	top-1000	ומטת	1	Daniel.4.19	Biblical Aramaic (Daniel, Ezra) (B)	מטי מוט	MORPHOLOGY	a known lemma with a Hebrew sense is reachable, but a precision rule blocks the analysis — NO_ANALYSIS	מטי: הגיע ובא [krupnik] | נתבכר [krupnik] | הביא [krupnik] | הלך [krupnik] | מצא [jastrow] | הוליך והביא [jastrow] ;; מוט: נטה ומעד [krupnik] | שקל [krupnik] | נשקל [krupnik] | מוט [jastrow]	מטי: J(מְטֵי): to stretch, reach; to arrive at; to obtain; to happen to; to be ripe, ready ;; מוט: J(מוּט bh): to incline, waver, decline; to give way, bend; to be shaken, bent; to bend, to shake. || J(מוּט ² ch): to balance, weigh; to be w	not available (no open digital HeArukh/Meturgeman text)			—	yes
891	top-1000	ומלה	1	Daniel.2.9	Biblical Aramaic (Daniel, Ezra) (B)	מלה מל מלא מול מלי מלתא	MORPHOLOGY	a known lemma with a Hebrew sense is reachable, but a precision rule blocks the analysis — NO_ANALYSIS	מלה: מילא [krupnik] ;; מל: נוח לימלל [krupnik] ;; מלא: מלה, דיבור [krupnik] | מלא [jastrow] ;; מלי: מלא [jastrow]	מלה: J(מִלָּה bh): word ;; מל: J(מַל): brittle, easily crushed ;; מלא: J(מָלֵא I bh): to be full; to fill, to draw; to be filled || J(מָלֵא II bh): full.; a full month ;; מול: J(מוֹל bh): border, front, in sight of; border of the neck; ʿore	not available (no open digital HeArukh/Meturgeman text)			—	yes
892	top-1000	ומלח	1	Ezra.7.22	Biblical Aramaic (Daniel, Ezra) (B)	מלח מליחא מלחא לח	MORPHOLOGY	a known lemma with a Hebrew sense is reachable, but a precision rule blocks the analysis — NO_ANALYSIS	מלח: מלח [krupnik] | מלח [jastrow] | מלח [jastrow] ;; מליחא: מליח [jastrow] ;; מלחא: מַלח [krupnik] | סוחר מלח [krupnik] | מלח [jastrow] ;; לח: נוזלים [krupnik]	מלח: K: to be salted | (ein-)gesalzen werden || J(מָלַח bh): to salt, brine; to strew salt on raw meat; to be strewn with salt || J(מְלַח I ch): to be strewn with salt, be salted || J(מְלַח II): to row; to balance || J(מֶלַח): brittle; salt	not available (no open digital HeArukh/Meturgeman text)			—	yes
893	top-1000	ומלינ	1	Daniel.7.25	Biblical Aramaic (Daniel, Ezra) (B)	מלה מל מלא מליא מליתא מלי	MORPHOLOGY	a known lemma with a Hebrew sense is reachable, but a precision rule blocks the analysis — NO_ANALYSIS	מלה: מילא [krupnik] ;; מל: נוח לימלל [krupnik] ;; מלא: מלה, דיבור [krupnik] | מלא [jastrow] ;; מליא: מלוא [krupnik] | מלא [jastrow] ;; מלי: מלא [jastrow]	מלה: J(מִלָּה bh): word ;; מל: J(מַל): brittle, easily crushed ;; מלא: J(מָלֵא I bh): to be full; to fill, to draw; to be filled || J(מָלֵא II bh): full.; a full month ;; מליא: K: full | voll || J(מַלְיָא): fulness; the fill of, as much as 	not available (no open digital HeArukh/Meturgeman text)			—	yes
894	top-1000	ומלכ	1	Ezra.5.11	Biblical Aramaic (Daniel, Ezra) (B)	מלכ כיפה מל לכ הלכ	SENSE_CHOICE	several Hebrew senses (or two lemmas) — a reviewer must choose — AMBIGUOUS rev:מלכ/ "ומלך" ~ מלכ/ "ומלך, משל"	מלכ: יעץ [krupnik] | מלך, משל [krupnik] | המשיל [krupnik] | נתיעץ [krupnik] | מלך [jastrow] | מלך [jastrow] ;; כיפה: השתחויה [krupnik] | בנין בצורת קשת, קמרון [krupnik] | בית האסורים [krupnik] | גל [krupnik] | משל בכל העולם כולו [krupnik] ;; מל: נוח לימלל [krupnik] ;; הלכ: הלך [jastrow]	מלכ: K: to take counsel | sich beraten || J(*מַלָּךְ): what is it to thee?; of no practical value || J(מָלַךְ bh): to lead in council; to preside; to officiate; to be ruler || J(מְלַךְ ch): to rule; to decide; to advise || J(מֶלֶךְ bh): lea	not available (no open digital HeArukh/Meturgeman text)			—	yes
895	top-1000	ומלכותא	1	Daniel.7.22	Biblical Aramaic (Daniel, Ezra) (B)	מלכותא מלכות	MORPHOLOGY	a known lemma with a Hebrew sense is reachable, but a precision rule blocks the analysis — RARE_UNREVIEWED מלכותא//w "וממשלה"	מלכותא: ממשלה [krupnik]	מלכותא: J(מַלְכוּתָא): kingdom, rulership; Pl. ;; מלכות: J(מַלְכוּת bh): kingdom, government; office.; a benediction invoking God as king; the references to the di	not available (no open digital HeArukh/Meturgeman text)			—	yes
896	top-1000	ומלכינ	1	Ezra.4.20	Biblical Aramaic (Daniel, Ezra) (B)	מלכ מלכיא לכינ לכא	MORPHOLOGY	a known lemma with a Hebrew sense is reachable, but a precision rule blocks the analysis — RARE_UNREVIEWED rev:מלכינ/n.pl/w "ומלכים"	מלכ: יעץ [krupnik] | מלך, משל [krupnik] | המשיל [krupnik] | נתיעץ [krupnik] | מלך [jastrow] | מלך [jastrow] ;; מלכיא: מחלה [krupnik] ;; לכא: עסיס צמח המשמש לצבע [krupnik]	מלכ: K: to take counsel | sich beraten || J(*מַלָּךְ): what is it to thee?; of no practical value || J(מָלַךְ bh): to lead in council; to preside; to officiate; to be ruler || J(מְלַךְ ch): to rule; to decide; to advise || J(מֶלֶךְ bh): lea	not available (no open digital HeArukh/Meturgeman text)			—	yes
897	top-1000	ומנדע	1	Daniel.5.12	Biblical Aramaic (Daniel, Ezra) (B)	מנדע	MISSING_HEBREW_GLOSS	the dictionaries have the word, but no Hebrew sense (English only / Krupnik without Hebrew) — NO_ANALYSIS	—	מנדע: J(מַנְדַּע): knowledge, wisdom	not available (no open digital HeArukh/Meturgeman text)			—	yes
898	top-1000	ומנדעא	1	Daniel.2.21	Biblical Aramaic (Daniel, Ezra) (B)	מנדע מנדעתא	MISSING_HEBREW_GLOSS	the dictionaries have the word, but no Hebrew sense (English only / Krupnik without Hebrew) — NO_ANALYSIS	—	מנדע: J(מַנְדַּע): knowledge, wisdom ;; מנדעתא: J(מַנְדַּעְתָּא): sentiment, disposition; sing	not available (no open digital HeArukh/Meturgeman text)			—	yes
899	top-1000	ומנדעי	1	Daniel.4.31	Biblical Aramaic (Daniel, Ezra) (B)	מנדע מנדעתא	MISSING_HEBREW_GLOSS	the dictionaries have the word, but no Hebrew sense (English only / Krupnik without Hebrew) — NO_ANALYSIS	—	מנדע: J(מַנְדַּע): knowledge, wisdom ;; מנדעתא: J(מַנְדַּעְתָּא): sentiment, disposition; sing	not available (no open digital HeArukh/Meturgeman text)			—	yes
900	top-1000	ומנחה	1	Daniel.2.46	Biblical Aramaic (Daniel, Ezra) (B)	מנחה מנח מנחתא נחה נחי אחה	MORPHOLOGY	a known lemma with a Hebrew sense is reachable, but a precision rule blocks the analysis — NO_ANALYSIS	מנח: מנוחה [krupnik] | מנוח [jastrow] ;; מנחתא: קרבן מנחה [krupnik] | מנחה [jastrow] ;; נחה: הנחה והקלה [krupnik] ;; אחה: איחד, חיבר [krupnik] | תפר [krupnik] | התאחד [krupnik]	מנחה: J(מִנְחָה bh): laid down; offering, present; meal-offering ;; מנח: J(מְנָח ch): rest, relief; going to rest, decline ;; מנחתא: J(מִנְחָתָא ch): offering; meal offering; afternoon, afternoon prayer, Minḥah ;; נחה: J(*נָחָה II): rest, r	not available (no open digital HeArukh/Meturgeman text)			—	yes
901	top-1000	ומנחתהונ	1	Ezra.7.17	Biblical Aramaic (Daniel, Ezra) (B)	מנחתא נחתא	MORPHOLOGY	a known lemma with a Hebrew sense is reachable, but a precision rule blocks the analysis — NO_ANALYSIS	מנחתא: קרבן מנחה [krupnik] | מנחה [jastrow] ;; נחתא: שכבה [krupnik]	מנחתא: J(מִנְחָתָא ch): offering; meal offering; afternoon, afternoon prayer, Minḥah ;; נחתא: J(נַחֲתָא): layer	not available (no open digital HeArukh/Meturgeman text)			—	yes
902	top-1000	ומנכסי	1	Ezra.6.8	Biblical Aramaic (Daniel, Ezra) (B)	נכס נכסינ כסא כסי נכסא	MORPHOLOGY	a known lemma with a Hebrew sense is reachable, but a precision rule blocks the analysis — NO_ANALYSIS	נכס: שחט [krupnik] | נכס [jastrow] ;; נכסינ: נכסים [jastrow] ;; כסא: כוס [krupnik] | מאכל [krupnik] | כוס [jastrow] | בית הכוסות [jastrow] ;; כסי: כיסה [krupnik] | נתכסה, נסתתר [krupnik] | כסי [jastrow] ;; נכסא: זבח [krupnik] | נכסים [krupnik] | זבח [jastrow]	נכס: K: to be slaughtered | geschlachtet werden || J(נָכַס): to cut; to slaughter; kos; to mark, count || J(נְכַס ch): to be slaughtered ;; נכסינ: J(נִכְסִין ch): herds ;; כסא: J(כְּסָא I): to cover || J(כְּסָא II): to reprehend || J(כַּסָּ	not available (no open digital HeArukh/Meturgeman text)			—	yes
903	top-1000	ומסתרתא	1	Daniel.2.22	Biblical Aramaic (Daniel, Ezra) (B)	סתר	MORPHOLOGY	a known lemma with a Hebrew sense is reachable, but a precision rule blocks the analysis — NO_ANALYSIS	סתר: הרס [krupnik] | פרע את השיער [krupnik] | ביטל [krupnik] | התנגד, פירך [krupnik] | נפתחה המכה שוב [krupnik] | סתר [jastrow]	סתר: K: to conceal | verbergen || K: to be undone, to go apart | auseinandergehen, sich auflösen || J(סָתַר I bh): to cover, hide; to conceal; to hide || J(סְתַר ch): Pa.; to hide; to hide one’s self; to find shelter || J(סָתַר II): šatar; 	not available (no open digital HeArukh/Meturgeman text)			—	yes
904	top-1000	ומצל	1	Daniel.6.28	Biblical Aramaic (Daniel, Ezra) (B)	נצל צל	MORPHOLOGY	a known lemma with a Hebrew sense is reachable, but a precision rule blocks the analysis — NO_ANALYSIS	נצל: אַצֵּל הציל [krupnik] | הוצל [krupnik] | נצל [jastrow]	נצל: K: liquid and coagulated portions of a corpse | zerfließende (in Verwesung geratene) Leichenteile || J(נָצַל bh): to remove, set aside; to empty, ransack; to be fit for throwing away || J(נְצַל ch): to save; to be saved || J(נֵצֶל): th	not available (no open digital HeArukh/Meturgeman text)			—	yes
905	top-1000	ומצלא	1	Daniel.6.11	Biblical Aramaic (Daniel, Ezra) (B)	נצל צלה צלי צלא צלו	MORPHOLOGY	a known lemma with a Hebrew sense is reachable, but a precision rule blocks the analysis — NO_ANALYSIS	נצל: אַצֵּל הציל [krupnik] | הוצל [krupnik] | נצל [jastrow] ;; צלה: התפלל [he] ;; צלי: צלה [krupnik] | הטה [krupnik] | התפלל [krupnik] | התמוטט [krupnik] | צלי [jastrow] ;; צלא: עור [krupnik] ;; צלו: תפלה [krupnik]	נצל: K: liquid and coagulated portions of a corpse | zerfließende (in Verwesung geratene) Leichenteile || J(נָצַל bh): to remove, set aside; to empty, ransack; to be fit for throwing away || J(נְצַל ch): to save; to be saved || J(נֵצֶל): th	not available (no open digital HeArukh/Meturgeman text)			—	yes
906	top-1000	ומצלח	1	Ezra.5.8	Biblical Aramaic (Daniel, Ezra) (B)	צלח	MORPHOLOGY	a known lemma with a Hebrew sense is reachable, but a precision rule blocks the analysis — NO_ANALYSIS	צלח: בקע [krupnik] | הצליח, עשה חיל [krupnik] | גרם הצלחה [krupnik] | צלח [jastrow]	צלח: J(צָלַח bh): to split, pass through; to succeed, prosper; to cause to prosper || J(צְלַח ch): to split, pass through; to be successful, prosper; to become fit; to split	not available (no open digital HeArukh/Meturgeman text)			—	yes
907	top-1000	ומצלחינ	1	Ezra.6.14	Biblical Aramaic (Daniel, Ezra) (B)	צלח צילוחא	MORPHOLOGY	a known lemma with a Hebrew sense is reachable, but a precision rule blocks the analysis — NO_ANALYSIS	צלח: בקע [krupnik] | הצליח, עשה חיל [krupnik] | גרם הצלחה [krupnik] | צלח [jastrow] ;; צילוחא: צלילות הדעת [krupnik]	צלח: J(צָלַח bh): to split, pass through; to succeed, prosper; to cause to prosper || J(צְלַח ch): to split, pass through; to be successful, prosper; to become fit; to split ;; צילוחא: K: i>part | Teil || J(צִילּוּחָא): part.—Pl.	not available (no open digital HeArukh/Meturgeman text)			—	yes
908	top-1000	ומצלינ	1	Ezra.6.10	Biblical Aramaic (Daniel, Ezra) (B)	נצל צלי צליינ צלא צלה	MORPHOLOGY	a known lemma with a Hebrew sense is reachable, but a precision rule blocks the analysis — NO_ANALYSIS	נצל: אַצֵּל הציל [krupnik] | הוצל [krupnik] | נצל [jastrow] ;; צלי: צלה [krupnik] | הטה [krupnik] | התפלל [krupnik] | התמוטט [krupnik] | צלי [jastrow] ;; צלא: עור [krupnik] ;; צלה: התפלל [he]	נצל: K: liquid and coagulated portions of a corpse | zerfließende (in Verwesung geratene) Leichenteile || J(נָצַל bh): to remove, set aside; to empty, ransack; to be fit for throwing away || J(נְצַל ch): to save; to be saved || J(נֵצֶל): th	not available (no open digital HeArukh/Meturgeman text)			—	yes
909	top-1000	ומרא	1	Daniel.2.47	Biblical Aramaic (Daniel, Ezra) (B)	מרא מר מרי מור א מרה	MORPHOLOGY	a known lemma with a Hebrew sense is reachable, but a precision rule blocks the analysis — NO_ANALYSIS	מרא: מעדר [krupnik] ;; מרי: מרי [jastrow] ;; מור: אמר [krupnik] ;; א: ההוא [jastrow] | יש [jastrow]	מרא: J(מָרָא): to be strong ;; מר: J(מֹר): myrrh || J(מַר I): to speak, say || J(מַר II bh): bitter; corrosive substance; care, worry || J(מַר III): exchange; instead of; as || J(מַר IV): marua; to be strong;; man, lord, master; somebody; |	not available (no open digital HeArukh/Meturgeman text)			—	yes
910	top-1000	ומרד	1	Ezra.4.19	Biblical Aramaic (Daniel, Ezra) (B)	מרד מרדא מרוד ירד	MORPHOLOGY	a known lemma with a Hebrew sense is reachable, but a precision rule blocks the analysis — NO_ANALYSIS	מרד: מרד [jastrow] ;; מרוד: מורד [krupnik] | מרוד [jastrow]	מרד: J(מָרַד I bh): to rebel, refuse obedience; to protest; to incite to rebellion; to make rebellious, to inc || J(מָרַד II): to run, discharge matter; to be sore, inflamed || J(מְרַד ch): to rebel, run away; Hithpa.; to rule || J(מֶרֶד I 	not available (no open digital HeArukh/Meturgeman text)			—	yes
911	top-1000	ומרוממ	1	Daniel.4.34	Biblical Aramaic (Daniel, Ezra) (B)	רומ	MORPHOLOGY	a known lemma with a Hebrew sense is reachable, but a precision rule blocks the analysis — NO_ANALYSIS	רומ: רום [jastrow] | רום [jastrow]	רומ: J(רוּם bh): to swing; to be high, lifted up; to rise; to lift up, raise || J(רוּם ² ch): to be high; to lift; to remove; to swing; to wave an offering; to uplift || J(רוּם II bh): height || J(רוּם ³ ch): height; haughtiness	not available (no open digital HeArukh/Meturgeman text)			—	yes
912	top-1000	ומשבח	1	Daniel.2.23	Biblical Aramaic (Daniel, Ezra) (B)	שבח משבחא שבחא	MORPHOLOGY	a known lemma with a Hebrew sense is reachable, but a precision rule blocks the analysis — NO_ANALYSIS	שבח: הוטב [krupnik] | היטיב ותיקן, טייב [krupnik] | תהלה והודאה [krupnik] | הטבה, עלית הערך [krupnik] | שבח [jastrow] | שבח [jastrow] ;; שבחא: תהלה והודאה [krupnik] | הטבה, עלית הערך [krupnik]	שבח: J(שָׁבַח bh): to grow, spread; to improve, grow in value; to improve, ameliorate || J(שְׁבַח I ch): to improve, rise in value; to make profit; to praise.; Part. pass. || J(שֶׁבַח): improvement, gain; ăsherah; excellency, superiority, p	not available (no open digital HeArukh/Meturgeman text)			—	yes
913	top-1000	ומשח	1	Ezra.6.9	Biblical Aramaic (Daniel, Ezra) (B)	משח משחה משיח משיחה משחא	MORPHOLOGY	a known lemma with a Hebrew sense is reachable, but a precision rule blocks the analysis — NO_ANALYSIS	משח: סך בשמן [krupnik] | מדד [krupnik] | נמשח [krupnik] | שמן [krupnik] | שומן [krupnik] | מדה [krupnik] | משח [jastrow] | משח [jastrow] ;; משחה: הר הזיתים [jastrow] ;; משיחה: סיכה בשמן [krupnik] | פתיל [krupnik] ;; משחא: שמן [krupnik] | שומן [krupnik] | מדה [krupnik]	משח: J(מָשַׁח I bh): to stroke, smear;; to anoint; to install in office by anointing; to be anointed || J(מְשַׁח ch): to be rubbed with oil, perfumed || J(מָשַׁח II): to stretch, measure; to draw the outlines || J(מְשַׁח III): oil, fat; res	not available (no open digital HeArukh/Meturgeman text)			—	yes
914	top-1000	ומשרא	1	Daniel.5.12	Biblical Aramaic (Daniel, Ezra) (B)	משרא אשר נשר שרה ישר שרי	MORPHOLOGY	a known lemma with a Hebrew sense is reachable, but a precision rule blocks the analysis — NO_ANALYSIS	משרא: ערוגה [krupnik] | מחנה [krupnik] ;; אשר: קיים והעיד [krupnik] | חיזק [krupnik] | האמין [krupnik] | אשר [jastrow] ;; נשר: נפל, ניתק ממקום חיבורו [krupnik] | עקר ומרט [krupnik] | הפיל [krupnik] | נשר [jastrow] ;; שרה: הרטיב, טבל במים [krupnik] | שכן, חנה [krupnik] | התיר [krupnik] | הורטב, נטבל 	משרא: J(מֵשְׁרָא I): garden-bed; plain || J(מֵשְׁרָא II): camp ;; אשר: J(אֲשֶׁר bh): being; who, which || J(אָשַׁר bh): to exist, be strong, happy;; to exalt, praise, declare happy; to substantiate; to verify,  || J(אֲשַׁר ch): Ithpe.; to b	not available (no open digital HeArukh/Meturgeman text)			—	yes
915	top-1000	ומתחננ	1	Daniel.6.12	Biblical Aramaic (Daniel, Ezra) (B)	חננ מתח מתחא	MORPHOLOGY	a known lemma with a Hebrew sense is reachable, but a precision rule blocks the analysis — NO_ANALYSIS	חננ: אנחנו [krupnik] ;; מתח: פירס, ריקע [krupnik] | נִתְמַתַּח נפרס ונתפשט [krupnik] | מתח [jastrow] ;; מתחא: התפשטות [krupnik] | יתד [krupnik] | מיתר הקשת [krupnik]	חננ: J(חָנַן): to cover, surround; to caress, grace, favor; Part. pass ;; מתח: J(מָתַח bh): to extend, stretch; Nif.; stretched, extended || J(מְתַח ch): to extend, spread ;; מתחא: J(מִתְחָא): extension; tent-pin.; bow-string.	not available (no open digital HeArukh/Meturgeman text)			—	yes
916	top-1000	ומתכנשינ	1	Daniel.3.27	Biblical Aramaic (Daniel, Ezra) (B)	כנש	MORPHOLOGY	a known lemma with a Hebrew sense is reachable, but a precision rule blocks the analysis — NO_ANALYSIS	כנש: התקבץ והתכנס [krupnik] | קיבץ [krupnik] | נתקבץ ונתלקט [krupnik] | כנש [jastrow]	כנש: K: i>to sweep | fegen || J(כָּנַשׁ): Hithpa. || J(כְּנַשׁ ch): to gather, collect; to gather in; to rake together, to sweep; to be gathered, to be called	not available (no open digital HeArukh/Meturgeman text)			—	yes
917	top-1000	ומתננ	1	Daniel.2.48	Biblical Aramaic (Daniel, Ezra) (B)	מתנתא מתא מתנ מתנא תננ מות	MORPHOLOGY	a known lemma with a Hebrew sense is reachable, but a precision rule blocks the analysis — NO_ANALYSIS	מתנתא: מתנה [krupnik] | מתנה [jastrow] ;; מתא: מקום, עיר [krupnik] ;; מתנ: היה מונח זמן רב [krupnik] | חכה [krupnik] | היה מתון [krupnik] | מתן [jastrow] ;; מתנא: מתנה [krupnik] | חבל [krupnik] ;; תננ: אַתְנַן עשן [krupnik] | שנינו במשנה [krupnik] | עשן [krupnik] ;; מות: מות [jastrow] | מות [jastrow	מתנתא: J(מַתַּנְתָּא ch): gift, grant, donation ;; מתא: J(מָתָא): land; home, place, town; settlements ;; מתנ: J(מָתַן): to stretch; to be long, slow; to wait; to lie over for complete ripening. || J(מְתַן ch): to cause delay, to let wait; 	not available (no open digital HeArukh/Meturgeman text)			—	yes
918	top-1000	ונבזבה	1	Daniel.2.6	Biblical Aramaic (Daniel, Ezra) (B)	נבזבא	MISSING_HEBREW_GLOSS	the dictionaries have the word, but no Hebrew sense (English only / Krupnik without Hebrew) — NO_ANALYSIS	—	נבזבא: J(נְבִזְבָּא): present, largess.	not available (no open digital HeArukh/Meturgeman text)			—	yes
919	top-1000	ונבזביתכ	1	Daniel.5.17	Biblical Aramaic (Daniel, Ezra) (B)	נבוז	MISSING_HEBREW_GLOSS	the dictionaries have the word, but no Hebrew sense (English only / Krupnik without Hebrew) — NO_ANALYSIS	—	נבוז: J(*נָבוֹז): distributor; chief; naboz	not available (no open digital HeArukh/Meturgeman text)			—	yes
920	top-1000	ונדבכ	1	Ezra.6.4	Biblical Aramaic (Daniel, Ezra) (B)	נדבכ נדבא	MORPHOLOGY	a known lemma with a Hebrew sense is reachable, but a precision rule blocks the analysis — NO_ANALYSIS	נדבכ: שכבה של בנין, סואר [krupnik] | נדבך [jastrow]	נדבכ: K: a man’s name | männlicher Name || J(נִדְבָּךְ): rammed wall; a mould filled with earth or rubble; a block of a certain size; a course of b || J(נִדְבַּךְ I ch): a course of stones, tier	not available (no open digital HeArukh/Meturgeman text)			—	yes
921	top-1000	ונהורא	1	Daniel.2.22	Biblical Aramaic (Daniel, Ezra) (B)	נהור	MISSING_HEBREW_GLOSS	the dictionaries have the word, but no Hebrew sense (English only / Krupnik without Hebrew) — NO_ANALYSIS	—	נהור: J(נְהוֹר): light; eye-sight; blind	not available (no open digital HeArukh/Meturgeman text)			—	yes
922	top-1000	ונהירו	1	Daniel.5.14	Biblical Aramaic (Daniel, Ezra) (B)	נהר	MORPHOLOGY	a known lemma with a Hebrew sense is reachable, but a precision rule blocks the analysis — NO_ANALYSIS	נהר: האיר [krupnik] | נזכר [krupnik] | הואר [krupnik] | נהר [jastrow] | נהר [jastrow]	נהר: K: to enlighten | erleuchten || J(נָהַר bh): to break forth, shine; to enlighten || J(נְהַר I ch): to shine; Part. pass; bright, clear || J(נָהָר bh): river, stream, canal || J(נְהַר II ch): N’har Abba	not available (no open digital HeArukh/Meturgeman text)			—	yes
923	top-1000	ונטילת	1	Daniel.7.4	Biblical Aramaic (Daniel, Ezra) (B)	נטילה נטל	MORPHOLOGY	a known lemma with a Hebrew sense is reachable, but a precision rule blocks the analysis — NO_ANALYSIS	נטילה: לקיחה [krupnik] | כריתה והתזה [krupnik] ;; נטל: נלקח ביד [krupnik] | הופרש והורם [krupnik] | הוסר ולוקח [krupnik] | הוציא לאויר העולם [krupnik] | המליטה התרנגולת ביצה [krupnik] | יצק מים [krupnik] | השתין [krupnik] | עשה שלום [krupnik] | לקח [krupnik] | נסע [krupnik] | רחץ [krupnik] | הורם [k	נטילה: J(נְטִילָה): taking; lifting up; carrying; washing the hands ;; נטל: K: to put | legen || J(נָטַל bh): to move, carry off; to receive, take; removed; to pour water over one’s hands || J(נְטַל ch): to take, lift, move, carry; to move;	not available (no open digital HeArukh/Meturgeman text)			—	yes
924	top-1000	וניחחינ	1	Daniel.2.46	Biblical Aramaic (Daniel, Ezra) (B)		TRUE_LEXICAL_GAP	no lexicon entry the form could belong to — NO_ANALYSIS	—	—	not available (no open digital HeArukh/Meturgeman text)			—	yes
925	top-1000	ונסכיהונ	1	Ezra.7.17	Biblical Aramaic (Daniel, Ezra) (B)	נסכא	MORPHOLOGY	a known lemma with a Hebrew sense is reachable, but a precision rule blocks the analysis — NO_ANALYSIS	נסכא: נסך [krupnik] | מטיל כסף [krupnik] | נסך [jastrow]	נסכא: J(נִסְכָּא ²): cast metal; a piece of silver; gold, bar || J(*נִסְכָּא): weaving manipulation	not available (no open digital HeArukh/Meturgeman text)			—	yes
926	top-1000	ונפלה	1	Daniel.7.20	Biblical Aramaic (Daniel, Ezra) (B)	נפילה נפל פלה פלי נפלא	MORPHOLOGY	a known lemma with a Hebrew sense is reachable, but a precision rule blocks the analysis — NO_ANALYSIS	נפילה: מצב הנופל ויורד [krupnik] ;; נפל: נתפורר [krupnik] | נפל [jastrow] ;; פלה: פִּלָּה בדק [krupnik] ;; פלי: בקע [krupnik] | פלי [jastrow]	נפילה: J(נְפִילָה): falling; nafal?; quantity of seed required for a field. ;; נפל: J(נָפַל bh): to fall, lie down; to be dropped; to occur; to cause to fall; to throw down; to miscarry || J(נְפַל ch): Hif.; to be upset, fall in || J(נֵפֶל)	not available (no open digital HeArukh/Meturgeman text)			—	yes
927	top-1000	ונפלו	1	Daniel.7.20	Biblical Aramaic (Daniel, Ezra) (B)	נפל פלה פלי	MORPHOLOGY	a known lemma with a Hebrew sense is reachable, but a precision rule blocks the analysis — NO_ANALYSIS	נפל: נתפורר [krupnik] | נפל [jastrow] ;; פלה: פִּלָּה בדק [krupnik] ;; פלי: בקע [krupnik] | פלי [jastrow]	נפל: J(נָפַל bh): to fall, lie down; to be dropped; to occur; to cause to fall; to throw down; to miscarry || J(נְפַל ch): Hif.; to be upset, fall in || J(נֵפֶל): capacity for seed; abortion; premature, not viable birth ;; פלי: J(*פָּלִי): 	not available (no open digital HeArukh/Meturgeman text)			—	yes
928	top-1000	ונפק	1	Daniel.7.10	Biblical Aramaic (Daniel, Ezra) (B)	נפק פוק נפקא	MORPHOLOGY	a known lemma with a Hebrew sense is reachable, but a precision rule blocks the analysis — NO_ANALYSIS	נפק: יצא [krupnik] | יצא ידי חובתו [krupnik] | הוציא [krupnik] | נפק [jastrow] | כיוצא בו [jastrow] | הוציא [reviewed] ;; נפקא: צואה [krupnik] | מוצא [krupnik] | צאה [jastrow] | מוצא [jastrow]	נפק: J(*נָפַק): to go out || J(נְפַק ch): to go out, come out; to result, end; similar to, corresponding; to take out, exclude || J(נָפֵק): going out; a male prostitute; fem; a female prostitute ;; פוק: J(פּוּק bh): to go forth; to give for	not available (no open digital HeArukh/Meturgeman text)			—	yes
929	top-1000	ונפקתא	1	Ezra.6.4	Biblical Aramaic (Daniel, Ezra) (B)	נפקותא נפק	MORPHOLOGY	a known lemma with a Hebrew sense is reachable, but a precision rule blocks the analysis — NO_ANALYSIS	נפקותא: הוצאות [krupnik] | הוצאה [jastrow] ;; נפק: יצא [krupnik] | יצא ידי חובתו [krupnik] | הוציא [krupnik] | נפק [jastrow] | כיוצא בו [jastrow] | הוציא [reviewed]	נפקותא: J(נַפְקוּתָא): expense; outcome, difference ;; נפק: J(*נָפַק): to go out || J(נְפַק ch): to go out, come out; to result, end; similar to, corresponding; to take out, exclude || J(נָפֵק): going out; a male prostitute; fem; a female p	not available (no open digital HeArukh/Meturgeman text)			—	yes
930	top-1000	ונשא	1	Daniel.2.35	Biblical Aramaic (Daniel, Ezra) (B)	נשא נש נשי	MORPHOLOGY	a known lemma with a Hebrew sense is reachable, but a precision rule blocks the analysis — NO_ANALYSIS	נשא: עסק במסחר, במקח וממכר [krupnik] | התוכח [krupnik] | נלקחה לאשה [krupnik] | נתן את האשה לאיש [krupnik] | דחה [krupnik] | הדליק מדורה לסימן [krupnik] | חיכך [krupnik] | העתיק [krupnik] | אשה [krupnik] | נשא [jastrow] ;; נשי: שכח [krupnik] | השכיח [krupnik] | נשי [jastrow]	נשא: J(נְשָׁא I): woman; the wife’s family, father-in-law; the paternal house after the father’s death || J(נָשָׁא II): to forget || J(נָשָׁא III): plant; nasha || J(נָשָׂא bh): to lift up, carry; to lift up the face, to respect, favor, spa	not available (no open digital HeArukh/Meturgeman text)			—	yes
931	top-1000	ונשיהונ	1	Daniel.6.25	Biblical Aramaic (Daniel, Ezra) (B)	נש נשיא	MORPHOLOGY	a known lemma with a Hebrew sense is reachable, but a precision rule blocks the analysis — NO_ANALYSIS	נשיא: נשה [jastrow]	נש: J(נָשׁ): son of man, human being ;; נשיא: J(נָשִׂיא bh): prince, chief, ruler, officer; Nasi; Pl.	not available (no open digital HeArukh/Meturgeman text)			—	yes
932	top-1000	וסגר	1	Daniel.6.23	Biblical Aramaic (Daniel, Ezra) (B)	סגר סגורא סגירה	MORPHOLOGY	a known lemma with a Hebrew sense is reachable, but a precision rule blocks the analysis — NO_ANALYSIS	סגר: מסגר, מנעול [krupnik] | סגר [jastrow] ;; סגירה: נעילה והגפה [krupnik]	סגר: J(סָגַר bh): to bar, bolt; to lock up, close; to be locked up; to lock up; to bind over, hand over, del || J(סְגַר ch): fenced in, barred; leprous; to be locked up, closed || J(סֶגֶר): lock, bolt ;; סגורא: J(סְגוֹרָא): lock, secret ;; 	not available (no open digital HeArukh/Meturgeman text)			—	yes
933	top-1000	וסומפניה	1	Daniel.3.15	Biblical Aramaic (Daniel, Ezra) (B)	סימפוניא	MISSING_HEBREW_GLOSS	the dictionaries have the word, but no Hebrew sense (English only / Krupnik without Hebrew) — NO_ANALYSIS	—	סימפוניא: J(סִימְפּוֹנְיָא): air-passages; simponia; a wind instrument, double flute.	not available (no open digital HeArukh/Meturgeman text)			—	yes
934	top-1000	וסופניה	1	Daniel.3.10	Biblical Aramaic (Daniel, Ezra) (B)		TRUE_LEXICAL_GAP	no lexicon entry the form could belong to — NO_ANALYSIS	—	—	not available (no open digital HeArukh/Meturgeman text)			—	yes
935	top-1000	וסיפניה	1	Daniel.3.10	Biblical Aramaic (Daniel, Ezra) (B)		TRUE_LEXICAL_GAP	no lexicon entry the form could belong to — NO_ANALYSIS	—	—	not available (no open digital HeArukh/Meturgeman text)			—	yes
936	top-1000	וספרינ	1	Daniel.7.10	Biblical Aramaic (Daniel, Ezra) (B)	ספר ספרא	MORPHOLOGY	a known lemma with a Hebrew sense is reachable, but a precision rule blocks the analysis — NO_ANALYSIS	ספר: ספירה [krupnik] | גבול [krupnik] | שפת הים [krupnik] | גלב [krupnik] | מלמד מקרא [krupnik] | ספר [jastrow] | ספר [jastrow] | סופר [jastrow] ;; ספרא: ספר [krupnik] | סופר [krupnik] | מלמד [krupnik] | ספר [jastrow]	ספר: J(סָפַר bh): to cut; to mark; to write; to count; Pi. || J(סְפַר ch): to count, mark, write; to shear; to cut, shear, shave || J(סַפָּר): Bible teacher; ṭebel; hair-cutter, barber || J(סַפָּר ² ch): hair-cutter || J(סְפָר): mark; march	not available (no open digital HeArukh/Meturgeman text)			—	yes
937	top-1000	וסרבליהונ	1	Daniel.3.27	Biblical Aramaic (Daniel, Ezra) (B)	סרבלא	MORPHOLOGY	a known lemma with a Hebrew sense is reachable, but a precision rule blocks the analysis — NO_ANALYSIS	סרבלא: סרבל [jastrow]	—	not available (no open digital HeArukh/Meturgeman text)			—	yes
938	top-1000	ועבדו	1	Ezra.6.16	Biblical Aramaic (Daniel, Ezra) (B)	עבדו עבדותא עבד	MORPHOLOGY	a known lemma with a Hebrew sense is reachable, but a precision rule blocks the analysis — NO_ANALYSIS	עבדו: מצב העבד [krupnik] ;; עבדותא: מצב העבד [krupnik] | עבדות [jastrow] ;; עבד: תיקן והכשיר [krupnik] | עבד [jastrow] | עבד [jastrow] | עשה [reviewed]	עבד: K: to tan | gerben || J(עָבַד bh): to work; to serve, work for.; to do priestly service || J(עֲבַד I ch): to do, labor; to make; to act; to do, fare, prosper; to spend time || J(עֶבֶד bh): slave; servant || J(עֲבַד ch): worshipper	not available (no open digital HeArukh/Meturgeman text)			—	yes
939	top-1000	ועבידתא	1	Ezra.5.8	Biblical Aramaic (Daniel, Ezra) (B)	עבידתא עבידא עבד	MORPHOLOGY	a known lemma with a Hebrew sense is reachable, but a precision rule blocks the analysis — NO_ANALYSIS	עבידתא: עכודה [krupnik] ;; עבד: תיקן והכשיר [krupnik] | עבד [jastrow] | עבד [jastrow] | עשה [reviewed]	עבד: K: to tan | gerben || J(עָבַד bh): to work; to serve, work for.; to do priestly service || J(עֲבַד I ch): to do, labor; to make; to act; to do, fare, prosper; to spend time || J(עֶבֶד bh): slave; servant || J(עֲבַד ch): worshipper	not available (no open digital HeArukh/Meturgeman text)			—	yes
940	top-1000	ועדנ	1	Daniel.7.12	Biblical Aramaic (Daniel, Ezra) (B)	ועד עדנ עידנ עד עדי עדא	MORPHOLOGY	a known lemma with a Hebrew sense is reachable, but a precision rule blocks the analysis — NO_ANALYSIS	ועד: הזדמנות והתועדות [krupnik] ;; עדנ: התפתל [krupnik] | גרם עונג [krupnik] | הֵרך ופינק [krupnik] | עדן [jastrow] ;; עד: עד [jastrow] ;; עדי: עדי [jastrow] | עדי [jastrow] ;; עדא: שובב [krupnik]	ועד: J(וַעַד): meeting, appointment; meeting place; scholars’ meeting place ;; עדנ: J(עָדַן bh): to turn; to be round, smooth, pliant; Pi. || J(עֵדֶן bh): refreshment; pleasure; the garden of Eden; paradise ;; עידנ: J(עִידָּן): period, time	not available (no open digital HeArukh/Meturgeman text)			—	yes
941	top-1000	ועדנינ	1	Daniel.7.25	Biblical Aramaic (Daniel, Ezra) (B)	עידונ עדנ	MORPHOLOGY	a known lemma with a Hebrew sense is reachable, but a precision rule blocks the analysis — NO_ANALYSIS	עידונ: התפנקות יתירה [krupnik] ;; עדנ: התפתל [krupnik] | גרם עונג [krupnik] | הֵרך ופינק [krupnik] | עדן [jastrow]	עידונ: J(עִידּוּן): delicacies, indulgenceindelicacies; to indulge one’s self || J(עִידּוֹן): period; menses; ʿednah ;; עדנ: J(עָדַן bh): to turn; to be round, smooth, pliant; Pi. || J(עֵדֶן bh): refreshment; pleasure; the garden of Eden; p	not available (no open digital HeArukh/Meturgeman text)			—	yes
942	top-1000	ועויתכ	1	Daniel.4.24	Biblical Aramaic (Daniel, Ezra) (B)	עוית	MORPHOLOGY	a known lemma with a Hebrew sense is reachable, but a precision rule blocks the analysis — NO_ANALYSIS	עוית: פלצות, כווץ הגוף [krupnik]	עוית: J(עַוִּית): Pa. || J(עַוִּית ²): convulsion	not available (no open digital HeArukh/Meturgeman text)			—	yes
943	top-1000	ועופ	1	Daniel.2.38	Biblical Aramaic (Daniel, Ezra) (B)	עופ עיפ עופא עפי יעפ	MORPHOLOGY	a known lemma with a Hebrew sense is reachable, but a precision rule blocks the analysis — NO_ANALYSIS	עופ: עוף [jastrow] | עוף [jastrow] ;; עיפ: עַיֵּף פַעל, כפל [krupnik] ;; עפי: היה ענֵף ועבות [krupnik]	עופ: J(עוּף I): to be bent, doubled; to be wearied || J(עוּף II bh): to fly || J(עוֹף bh): bend, wing; bird, fowl ;; עיפ: J(עָיֵף bh): fainting, wearied; exhausted; hard-working, industrious || J(עִיף I): weariness || J(עִיף II): to bend, d	not available (no open digital HeArukh/Meturgeman text)			—	yes
944	top-1000	ועינ	1	Ezra.5.5	Biblical Aramaic (Daniel, Ezra) (B)	עינ עונ צר עינא	MORPHOLOGY	a known lemma with a Hebrew sense is reachable, but a precision rule blocks the analysis — NO_ANALYSIS	עינ: קרא בספר [krupnik] | חקר ודרש [krupnik] | הרהר [krupnik] | שקל בדיוק [krupnik] | הגה [krupnik] | עין [jastrow] ;; עינא: עין [krupnik]	עינ: K: prefixed to numerous names of places in Palestine | vielen Ortsnamen in Palästina vorgesetzt: || J(עַיִן bh): eye, sight, look; good will, liberality; ill-will, selfishness, envy. || J(עַיִן ² ch): eye, sight; discernible, in natura	not available (no open digital HeArukh/Meturgeman text)			—	yes
945	top-1000	ועינינ	1	Daniel.7.20	Biblical Aramaic (Daniel, Ezra) (B)	עני ענינ עינ עינא עיניתא	MORPHOLOGY	a known lemma with a Hebrew sense is reachable, but a precision rule blocks the analysis — NO_ANALYSIS	עני: השיב, ענה [krupnik] | זימר במקהלה [krupnik] | איחר [krupnik] | עינה, גרם יסורים [krupnik] | אנס אשה [krupnik] | התענה [krupnik] | נעשה עני [krupnik] | עני [jastrow] | עני [jastrow] ;; עינ: קרא בספר [krupnik] | חקר ודרש [krupnik] | הרהר [krupnik] | שקל בדיוק [krupnik] | הגה [krupnik] | עין [jast	עני: J(עני bh): to turn, come out in turn; to begin to speak; to respond; to speak; sing in chorus; to ans || J(עֲנֵי): to speak; sing in chorus; to respond; to be answered || J(עני ² bh): to press, be pressed; to be detained; to detain, po	not available (no open digital HeArukh/Meturgeman text)			—	yes
946	top-1000	ועלא	1	Daniel.6.3	Biblical Aramaic (Daniel, Ezra) (B)	עלא עלי עיל עלה עלל עלתא	MORPHOLOGY	a known lemma with a Hebrew sense is reachable, but a precision rule blocks the analysis — NO_ANALYSIS	עלא: עלה [jastrow] ;; עלי: עלי [jastrow] ;; עיל: הביא, הכניס [krupnik] | גדל וצמח [krupnik] | נכנס [krupnik] | למעלה [krupnik] | על [jastrow] ;; עלה: שיבח [krupnik] | ביטל [krupnik] | הביא בחשבון [krupnik] | התרומם [krupnik] ;; עלל: טיפל, עסק [krupnik] | נכנס [krupnik] | בא [krupnik] | הביא [krupnik	עלא: J(עֲלָא): leaf ;; עלי: J(עלי bh): to go up, rise; to come up, arrive; ‘ăle ‘ayin; ‘ole ‘ayin || J(עֲלֵי ch): Hif.; to balance; to estimate, value; to be elevated, exalted || J(עֱלִי bh): pestle ;; עיל: J(עֵיל): height, heaven; above, o	not available (no open digital HeArukh/Meturgeman text)			—	yes
947	top-1000	ועמה	1	Ezra.5.12	Biblical Aramaic (Daniel, Ezra) (B)	עמה עמא עמ עמי	MORPHOLOGY	a known lemma with a Hebrew sense is reachable, but a precision rule blocks the analysis — NO_ANALYSIS	עמה: תשש, רפה [krupnik] | עכור ועמום [krupnik] ;; עמא: עם, אומה [krupnik] | כעס, שנאה [krupnik] ;; עמ: עם [jastrow] | עם [jastrow] ;; עמי: הלך וכבה [krupnik] | עמי [jastrow]	עמא: J(עֵמָּא): leaven;; passion ;; עמ: J(עִם bh): junction; with, near || J(עַם bh): to press, crowd, join; gathering, crowd, people; gentiles ;; עמי: J(עמי): to be dark, dim, faint; to become faint || J(עֲמֵי ch): to be dim; to be faint, 	not available (no open digital HeArukh/Meturgeman text)			—	yes
948	top-1000	ועמהונ	1	Ezra.5.2	Biblical Aramaic (Daniel, Ezra) (B)	עמא	REVIEW_CANDIDATE	complete analysis below the review gate (fewer than 200 uses here) — REVIEW_GATE pron:עמהונ/fixed/w "ועמהם" n=1	עמא: עם, אומה [krupnik] | כעס, שנאה [krupnik]	עמא: J(עֵמָּא): leaven;; passion	not available (no open digital HeArukh/Meturgeman text)	ועמהם	REVIEW	high (~94%)	yes
949	top-1000	ועפיה	1	Daniel.4.18	Biblical Aramaic (Daniel, Ezra) (B)	עפיא	MORPHOLOGY	a known lemma with a Hebrew sense is reachable, but a precision rule blocks the analysis — NO_ANALYSIS	עפיא: נוף האילן [krupnik]	—	not available (no open digital HeArukh/Meturgeman text)			—	yes
950	top-1000	וערות	1	Ezra.4.14	Biblical Aramaic (Daniel, Ezra) (B)	עור ערוה	MORPHOLOGY	a known lemma with a Hebrew sense is reachable, but a precision rule blocks the analysis — NO_ANALYSIS	עור: מוץ [krupnik] | עור [jastrow] | עור [jastrow]	עור: J(עוּר I bh): to be stirred up; to wake; to be awake, wake up; to be stirred up, become active || J(עוּר ch): to stir up, awaken; to awake; Af.; Part. pass. || J(עוּר II ch): husk, chaff || J(עוֹר bh): skin, hide || J(עִוֵּר I bh): whi	not available (no open digital HeArukh/Meturgeman text)			—	yes
951	top-1000	ועשרינ	1	Daniel.6.2	Biblical Aramaic (Daniel, Ezra) (B)	עשר	MORPHOLOGY	a known lemma with a Hebrew sense is reachable, but a precision rule blocks the analysis — NO_ANALYSIS	עשר: עשר [jastrow]	עשר: J(עָשַׁר): to be strong, substantial, wealthy; to become wealthy; Hif. || J(עֲשַׁר ch): to become rich || J(עֶשֶׂר bh): ten.; eleven; twelve || J(עֲשַׂר I): eleven; twelve; g’rivas || J(עָשַׂר): Pi.; to give one-tenth, separate tithes;	not available (no open digital HeArukh/Meturgeman text)			—	yes
952	top-1000	ועתיק	1	Daniel.7.9	Biblical Aramaic (Daniel, Ezra) (B)	עתיק עתק עתיקא	MORPHOLOGY	a known lemma with a Hebrew sense is reachable, but a precision rule blocks the analysis — NO_ANALYSIS	עתיק: עתיק [jastrow] ;; עתק: נטלטל ממקום למקום [krupnik] | בלה מזוקן [krupnik] | נושן, האריך ימים [krupnik] | עתק [jastrow]	עתיק: J(עַתִּיק): old, ancient; Hif.; remote || J(עַתִּיק ² ch): enduring, strong, old ;; עתק: J(עָתַק I bh): to move; to remove, transfer; hʿetiḳu || J(עָתַק II): to be substantial, strong; to be old; Nithpa. || J(עֲתַק ch): to be old, wor	not available (no open digital HeArukh/Meturgeman text)			—	yes
953	top-1000	ופלג	1	Daniel.7.25	Biblical Aramaic (Daniel, Ezra) (B)	פלג פילוג פלגא	MORPHOLOGY	a known lemma with a Hebrew sense is reachable, but a precision rule blocks the analysis — NO_ANALYSIS	פלג: נתרחק [krupnik] | נסע בספינה [krupnik] | שבת [krupnik] | דחה, הסיח את הדעת [krupnik] | נתחלק [krupnik] | חילק [krupnik] | היה מחולק בדעות [krupnik] | נחלק [krupnik] | היה מחולק בדעות [krupnik] | הצטיין [krupnik] | מחצית [krupnik] | פלג [jastrow] | פלג [jastrow] ;; פילוג: חלוקה [krupnik] | פילוג	פלג: J(פָּלַג bh): to separate, split; to part, go away; to go to sea || J(פְּלַג I ch): to divide, share; Pa.; Part. pass. || J(פֶּלֶג bh): part, share || J(פָּלָג): part, middle || J(פְּלַג II ch): part, half; half; the demon Palga, a dis	not available (no open digital HeArukh/Meturgeman text)			—	yes
954	top-1000	ופלחי	1	Ezra.7.24	Biblical Aramaic (Daniel, Ezra) (B)	פלח פלחא	MORPHOLOGY	a known lemma with a Hebrew sense is reachable, but a precision rule blocks the analysis — NO_ANALYSIS	פלח: עבד [krupnik] | עבד לאלהות [krupnik] | עשה, פעל [krupnik] | העביד [krupnik] | נעבד [krupnik] | פלח [jastrow] ;; פלחא: עובד עבודה זרה [krupnik] | פלח [jastrow]	פלח: J(פָּלַח bh): to split; to dig, till; to cut out; to work for, serve; to worship || J(פְּלַח ch): to till, work; Pa.; to serve || J(פֶּלַח): segment, slice; millstone ;; פלחא: J(פִּלְחָא ch): millstone; slice, portion || J(פָּלְחָא): w	not available (no open digital HeArukh/Meturgeman text)			—	yes
955	top-1000	ופרסינ	1	Daniel.5.25	Biblical Aramaic (Daniel, Ezra) (B)	פרס פרסא פרסי	MORPHOLOGY	a known lemma with a Hebrew sense is reachable, but a precision rule blocks the analysis — NO_ANALYSIS	פרס: שבר, בצע [krupnik] | התפרסם [krupnik] | חתיכה, פרוסה [krupnik] | מזון [krupnik] | חצי מנה [krupnik] | מסך [krupnik] | רשת [krupnik] | פרס [jastrow] | העריך [jastrow] | פרס [jastrow] ;; פרסא: מסך [krupnik] | רשת [krupnik] | פרס [jastrow] | פרסה [jastrow] ;; פרסי: פרסי [jastrow]	פרס: J(פָּרַס I bh): to split, break; to break bread and say grace; to break through || J(פְּרַס I ch): to split, divide, break; to break bread and say grace; Af. || J(פְּרָס): part, half; a piece; a certain quantity of bread || J(פְּרַס II	not available (no open digital HeArukh/Meturgeman text)			—	yes
956	top-1000	ופשר	1	Daniel.7.16	Biblical Aramaic (Daniel, Ezra) (B)	פשר	MORPHOLOGY	a known lemma with a Hebrew sense is reachable, but a precision rule blocks the analysis — NO_ANALYSIS	פשר: נמס [krupnik] | עשה פשרה וחוזה [krupnik] | נעשה קצת חם [krupnik] | התיר ונתק [krupnik] | תיווך [krupnik] | עשה את המים פושרים [krupnik] | עשה פשרה, השלים [krupnik] | פשר [jastrow]	פשר: K: to be tepid | lauwarm sein || J(פָּשַׁר): to divide, to spread; to melt, dissolve; to be stale, tepid || J(פְּשַׁר I ch): to melt, be dissolved; to vanish, be broken; to dissolve || J(פַּשַּׁר): interpreter || J(פְּשַׁר II): interpr	not available (no open digital HeArukh/Meturgeman text)			—	yes
957	top-1000	וצלמ	1	Daniel.3.19	Biblical Aramaic (Daniel, Ezra) (B)	צלמ	MORPHOLOGY	a known lemma with a Hebrew sense is reachable, but a precision rule blocks the analysis — NO_ANALYSIS	צלמ: צייר [krupnik] | צלם [jastrow]	צלמ: J(צְלַם): to paint; dark || J(צֶלֶם bh): shadow, picture, image; ur’du; yerʾdu	not available (no open digital HeArukh/Meturgeman text)			—	yes
958	top-1000	וצפירי	1	Ezra.6.17	Biblical Aramaic (Daniel, Ezra) (B)	צפירתא צפר צפיר צפירא	MORPHOLOGY	a known lemma with a Hebrew sense is reachable, but a precision rule blocks the analysis — NO_ANALYSIS	צפירתא: עז [krupnik] ;; צפר: שרק [krupnik] | קלע [krupnik] | שריקה [krupnik] | בוקר [krupnik] | צפר [jastrow]	צפר: J(צָפַר bh): to circle || J(צְפַר I): to be bright; to be swift; to be shrill || J(צְפַר II bh): to circle; to plait one round || J(צְפַר III): circle, garland. || J(צְפַר IV): morning; sing; whistling signal. || J(צִפֹּר): bird, || J(	not available (no open digital HeArukh/Meturgeman text)			—	yes
959	top-1000	וצפריא	1	Daniel.4.11	Biblical Aramaic (Daniel, Ezra) (B)	צפר צפרא	MORPHOLOGY	a known lemma with a Hebrew sense is reachable, but a precision rule blocks the analysis — NO_ANALYSIS	צפר: שרק [krupnik] | קלע [krupnik] | שריקה [krupnik] | בוקר [krupnik] | צפר [jastrow] ;; צפרא: שריקה [krupnik] | בוקר [krupnik]	צפר: J(צָפַר bh): to circle || J(צְפַר I): to be bright; to be swift; to be shrill || J(צְפַר II bh): to circle; to plait one round || J(צְפַר III): circle, garland. || J(צְפַר IV): morning; sing; whistling signal. || J(צִפֹּר): bird, || J(	not available (no open digital HeArukh/Meturgeman text)			—	yes
960	top-1000	וקאמינ	1	Daniel.3.3	Biblical Aramaic (Daniel, Ezra) (B)	מינ מנ מינא אמנ מיא ימנ	MORPHOLOGY	a known lemma with a Hebrew sense is reachable, but a precision rule blocks the analysis — NO_ANALYSIS	מנ: מאין [jastrow] | מן [jastrow] | מן [jastrow] | מי [he] ;; מינא: סוג, מין [krupnik] | מין [jastrow] | מין [jastrow] ;; אמנ: הרגיל [krupnik] ;; מיא: מים [krupnik] ;; ימנ: ימן [jastrow]	מינ: J(מִין I): from || J(מִין II bh): kind, genus, species.; something like, in the shape of, of the nature of || J(מִין III): a peculiar person; sectarian, infidel; Min ;; מנ: J(מִן bh): from, of; more; less; than || J(מִן ² ch): from me;	not available (no open digital HeArukh/Meturgeman text)			—	yes
961	top-1000	וקדמוהי	1	Daniel.7.13	Biblical Aramaic (Daniel, Ezra) (B)	דמ	REVIEW_CANDIDATE	complete analysis below the review gate (fewer than 200 uses here) — REVIEW_GATE pron:קדמוהי/fixed/w "ולפניו" n=1	דמ: דם [jastrow]	דמ: K: money, value, equivalent | Geld, Preis, Entgelt || J(דָּם): liquid; blood; life; fluid; murder || J(דָּם ² ch): blood; life; M’ah; congestion	not available (no open digital HeArukh/Meturgeman text)	ולפניו	REVIEW	high (~94%)	yes
962	top-1000	וקטרי	1	Daniel.5.6	Biblical Aramaic (Daniel, Ezra) (B)	קטר קטרתא טרי טריתא טור טיר	MORPHOLOGY	a known lemma with a Hebrew sense is reachable, but a precision rule blocks the analysis — NO_ANALYSIS	קטר: התאבך, עשן [krupnik] | הוקטר, הועלה בעשן ואש [krupnik] | קשר [krupnik] | חלב שנתגבן [krupnik] | קטר [jastrow] | קטר [jastrow] ;; קטרתא: קטרת [jastrow] ;; טרי: נענע [krupnik] | זרק [krupnik] ;; טריתא: טרית [jastrow] ;; טור: הר [krupnik] ;; טיר: ניחש [krupnik] | מבצר [krupnik]	קטר: J(קָטַר I bh): to circle; to rise in circles, to smoke; ḳ’ṭoreth || J(קְטַר ch): to let incense rise || J(קָטַר II bh): to wreathe, tie || J(קְטַר ² ch): to tie; to gather, be covered ;; טרי: J(טְרִי): to set in motion; to shake; bumpe	not available (no open digital HeArukh/Meturgeman text)			—	yes
963	top-1000	וקטרינ	1	Daniel.5.16	Biblical Aramaic (Daniel, Ezra) (B)	קטר טרי טרינא טריתא	MORPHOLOGY	a known lemma with a Hebrew sense is reachable, but a precision rule blocks the analysis — NO_ANALYSIS	קטר: התאבך, עשן [krupnik] | הוקטר, הועלה בעשן ואש [krupnik] | קשר [krupnik] | חלב שנתגבן [krupnik] | קטר [jastrow] | קטר [jastrow] ;; טרי: נענע [krupnik] | זרק [krupnik] ;; טרינא: של טריינוס קיסר [krupnik] ;; טריתא: טרית [jastrow]	קטר: J(קָטַר I bh): to circle; to rise in circles, to smoke; ḳ’ṭoreth || J(קְטַר ch): to let incense rise || J(קָטַר II bh): to wreathe, tie || J(קְטַר ² ch): to tie; to gather, be covered ;; טרי: J(טְרִי): to set in motion; to shake; bumpe	not available (no open digital HeArukh/Meturgeman text)			—	yes
964	top-1000	וקימינ	1	Daniel.3.3	Biblical Aramaic (Daniel, Ezra) (B)	קימינ קימולי קומ ימינ אמא ימ	MORPHOLOGY	a known lemma with a Hebrew sense is reachable, but a precision rule blocks the analysis — NO_ANALYSIS	קימינ: מין טיט לבן [krupnik] ;; קימולי: מין טיט לבן [krupnik] ;; קומ: עמד, היה קיים [krupnik] | מי חלב [krupnik] | קום [jastrow] | העמיד [reviewed] ;; אמא: אמר [krupnik] | אם, אמי [krupnik] | אמה [jastrow] ;; ימ: בית קבול ביקב [krupnik]	קומ: J(קוּם bh): to stand up, rise; to stand, exist; a transgression of a prohibitive law which you must re || J(קוּם ² ch): ḥălitsah; to ascertain; to bargain for || J(קוֹם): curdled milk, curd; whey; ḳom? ;; ימינ: J(יָמִין): firm; right h	not available (no open digital HeArukh/Meturgeman text)			—	yes
965	top-1000	וקמ	1	Daniel.3.24	Biblical Aramaic (Daniel, Ezra) (B)	קומ קמ קמי	MORPHOLOGY	a known lemma with a Hebrew sense is reachable, but a precision rule blocks the analysis — NO_ANALYSIS	קומ: עמד, היה קיים [krupnik] | מי חלב [krupnik] | קום [jastrow] | העמיד [reviewed] ;; קמי: לפני [krupnik]	קומ: J(קוּם bh): to stand up, rise; to stand, exist; a transgression of a prohibitive law which you must re || J(קוּם ² ch): ḥălitsah; to ascertain; to bargain for || J(קוֹם): curdled milk, curd; whey; ḳom? ;; קמ: J(קָם bh): one standing up	not available (no open digital HeArukh/Meturgeman text)			—	yes
966	top-1000	וקצפ	1	Daniel.2.12	Biblical Aramaic (Daniel, Ezra) (B)	קצפ קצפא צפ	MORPHOLOGY	a known lemma with a Hebrew sense is reachable, but a precision rule blocks the analysis — NO_ANALYSIS	קצפא: קצף [jastrow]	קצפ: J(קָצַף bh): to be rough, excited; to be angry; to arouse to anger, excite, incite || J(קֶצֶף bh): anger; Ḳetsef; destruction, harm ;; קצפא: J(קִצְפָּא ch): divine anger, visitation; mourning over a; death ;; צפ: J(צָף): floating, flat	not available (no open digital HeArukh/Meturgeman text)			—	yes
967	top-1000	וקצצו	1	Daniel.4.11	Biblical Aramaic (Daniel, Ezra) (B)	קצצ צוצ ציצ	MORPHOLOGY	a known lemma with a Hebrew sense is reachable, but a precision rule blocks the analysis — NO_ANALYSIS	קצצ: חוטב עצים [krupnik] | קצץ [jastrow] ;; צוצ: צפצף [krupnik] | רתח, הוציא אד [krupnik] ;; ציצ: עשה ציצית [krupnik] | ציץ [jastrow]	קצצ: J(קָצַץ bh): to cut, fell; to stipulate, agree upon; to be cut || J(קְצַץ ch): cut; to stipulate; to cut; to mutilate || J(קַצָּץ): wood-cutter ;; צוצ: J(צָוַץ): Pi.; Pilp; to chirp || J(צְוַץ ch): Pa.; Palp; to boil || J(צוּץ bh): to 	not available (no open digital HeArukh/Meturgeman text)			—	yes
968	top-1000	וקריתא	1	Ezra.4.21	Biblical Aramaic (Daniel, Ezra) (B)	קריתא קרייא קרא קרי ריתא רית	SENSE_CHOICE	several Hebrew senses (or two lemmas) — a reviewer must choose — AMBIGUOUS rev:קריתא/ "והקריה" ~ קריתא/ "ועיר, קריה"	קריתא: עיר, קריה [krupnik] | עגלת צב [krupnik] ;; קרייא: קריה [jastrow] ;; קרא: קשוא בצורת בקבוק [krupnik] | בקי במקרא [krupnik] | קרא [jastrow] | מקרא [jastrow] | דלעת [he] ;; קרי: עיר, קריה [krupnik] | קרי [jastrow] | קרי [jastrow] ;; ריתא: דשא [krupnik]	קריתא: J(*קְרִיתָא): a covered arched vehicle ;; קרייא: J(קִרְיָיא): town, settlement, village; sing. || J(קַרָיָיא): Biblical scholar, Bible teacher || J(קַרְיָיא): Scriptures; Bible verse ;; קרא: K: Biblical verse | Bibelvers || J(קָרָא I	not available (no open digital HeArukh/Meturgeman text)			—	yes
969	top-1000	וקרניא	1	Daniel.7.24	Biblical Aramaic (Daniel, Ezra) (B)	רני	MISSING_HEBREW_GLOSS	the dictionaries have the word, but no Hebrew sense (English only / Krupnik without Hebrew) — NO_ANALYSIS	—	רני: J(רְנֵי): to think, meditate.	not available (no open digital HeArukh/Meturgeman text)			—	yes
970	top-1000	וקרנינ	1	Daniel.7.7	Biblical Aramaic (Daniel, Ezra) (B)	קרנ רננ רני	MORPHOLOGY	a known lemma with a Hebrew sense is reachable, but a precision rule blocks the analysis — NO_ANALYSIS	קרנ: קרן [jastrow] ;; רננ: רנן [jastrow]	קרנ: J(קָרַן bh): to emit horns; rays; to be horned. || J(קְרַן I): ḳaran; to join, harness, put to || J(קֶרֶן): joint, attachment; roundness, fulness; horn; shofars || J(קְרַן II ch): horn; strength; beam, ray; projection; corner ;; רננ: J	not available (no open digital HeArukh/Meturgeman text)			—	yes
971	top-1000	ורבותכ	1	Daniel.4.19	Biblical Aramaic (Daniel, Ezra) (B)	רבותא	MORPHOLOGY	a known lemma with a Hebrew sense is reachable, but a precision rule blocks the analysis — NO_ANALYSIS	רבותא: יתרון [krupnik] | חדוש, דבר פלא [krupnik]	רבותא: J(רְבוּתָא): greatness, dignity, office; anointment; a great thing, something remarkable || J(רַבּוּתָא): seniority; superiority	not available (no open digital HeArukh/Meturgeman text)			—	yes
972	top-1000	ורברבני	1	Daniel.4.33	Biblical Aramaic (Daniel, Ezra) (B)	רברבנא	MISSING_HEBREW_GLOSS	the dictionaries have the word, but no Hebrew sense (English only / Krupnik without Hebrew) — NO_ANALYSIS	—	רברבנא: J(רַבְרְבָנָא): great man, prince	not available (no open digital HeArukh/Meturgeman text)			—	yes
973	top-1000	ורברבניכ	1	Daniel.5.23	Biblical Aramaic (Daniel, Ezra) (B)	רברבנא	MISSING_HEBREW_GLOSS	the dictionaries have the word, but no Hebrew sense (English only / Krupnik without Hebrew) — NO_ANALYSIS	—	רברבנא: J(רַבְרְבָנָא): great man, prince	not available (no open digital HeArukh/Meturgeman text)			—	yes
974	top-1000	ורברבנכ	1	Daniel.5.23	Biblical Aramaic (Daniel, Ezra) (B)	רברבנא	MISSING_HEBREW_GLOSS	the dictionaries have the word, but no Hebrew sense (English only / Krupnik without Hebrew) — NO_ANALYSIS	—	רברבנא: J(רַבְרְבָנָא): great man, prince	not available (no open digital HeArukh/Meturgeman text)			—	yes
975	top-1000	ורוחה	1	Daniel.5.20	Biblical Aramaic (Daniel, Ezra) (B)	רווחה רוחא	MORPHOLOGY	a known lemma with a Hebrew sense is reachable, but a precision rule blocks the analysis — NO_ANALYSIS	רוחא: רוח [jastrow] | רוח הקדש [jastrow]	רווחה: J(רְוָוחָה bh): width; relief, ease	not available (no open digital HeArukh/Meturgeman text)			—	yes
976	top-1000	ורחמינ	1	Daniel.2.18	Biblical Aramaic (Daniel, Ezra) (B)	רחמינ רחמא רחמנ רחמ	MORPHOLOGY	a known lemma with a Hebrew sense is reachable, but a precision rule blocks the analysis — NO_ANALYSIS	רחמינ: רחמים [jastrow] ;; רחמא: רחם האשה [krupnik] | אהבה [krupnik] | ידיד, אוהב [krupnik] | רחם [jastrow] ;; רחמנ: רחמן [jastrow] ;; רחמ: חס וריחם [krupnik] | אהב [krupnik] | נאהב [krupnik] | היה מרוחם [krupnik] | ידיד ואוהב [krupnik] | רחם [jastrow]	רחמא: J(רַחֲמָא ²): love || J(רַחְמָא): friend ;; רחמנ: J(רַחֲמָן): merciful, compassionate, sympathetic; the Merciful, God; Fem. || J(רַחֲמָן ² ch): the Merciful, God; the Word of God, Scripture, the Law ;; רחמ: J(רָחַם bh): to love; to ha	not available (no open digital HeArukh/Meturgeman text)			—	yes
977	top-1000	וריח	1	Daniel.3.27	Biblical Aramaic (Daniel, Ezra) (B)	ריח ארח	MORPHOLOGY	a known lemma with a Hebrew sense is reachable, but a precision rule blocks the analysis — NO_ANALYSIS	ריח: ריח [jastrow] ;; ארח: הכניס אורח [krupnik] | התאכסן [krupnik] | ארח [jastrow]	ריח: J(רִיחַ bh): to breathe, waft, blow; to scent, smell || J(רִיחַ ² ch): Af. || J(רֵיחַ bh): flavor, scent, odor; sense of smell; slight resemblance, a suspicion of || J(רֵיחַ ² ch): pride ;; ארח: J(אָרַח bh): to go through;; to go outsi	not available (no open digital HeArukh/Meturgeman text)			—	yes
978	top-1000	ורמו	1	Daniel.6.17	Biblical Aramaic (Daniel, Ezra) (B)	רמי רמותא רומ רימ	MORPHOLOGY	a known lemma with a Hebrew sense is reachable, but a precision rule blocks the analysis — NO_ANALYSIS	רמי: זרק, השליך [krupnik] | שם, הוסיף [krupnik] | היה מוטל בתורת חובה [krupnik] | שאל, הראה סתירה [krupnik] | הרים [krupnik] | הטף [krupnik] | הושלך, נזרק [krupnik] | הזדמן [krupnik] | רמי [jastrow] ;; רמותא: גאותנות [krupnik] ;; רומ: רום [jastrow] | רום [jastrow]	רמי: J(רַמִּי): Rammi; Rami || J(רמי bh): to move; to throw, swing; ramah || J(רְמֵי ch): to throw, swing; to put on; to impose; Part. pass; thrown down, lying ;; רמותא: J(רָמוּתָא): haughtiness, pride ;; רומ: J(רוּם bh): to swing; to be hi	not available (no open digital HeArukh/Meturgeman text)			—	yes
979	top-1000	ורמיו	1	Daniel.3.21	Biblical Aramaic (Daniel, Ezra) (B)	רמיותא	MORPHOLOGY	a known lemma with a Hebrew sense is reachable, but a precision rule blocks the analysis — NO_ANALYSIS	רמיותא: רמיות [jastrow]	—	not available (no open digital HeArukh/Meturgeman text)			—	yes
980	top-1000	ורעות	1	Ezra.5.17	Biblical Aramaic (Daniel, Ezra) (B)	רעות ריעות רע רעוא רעותא	MORPHOLOGY	a known lemma with a Hebrew sense is reachable, but a precision rule blocks the analysis — NO_ANALYSIS	רעות: ידידות [krupnik] ;; ריעות: ידידות [krupnik] ;; רעוא: רועה [krupnik] ;; רעותא: רצון [krupnik]	רעות: J(רְעוּת): friend, neighbor; another ;; ריעות: J(רֵיעוּת): friendship, sociability ;; רע: J(רַע I bh): shaken; weak, sick; bad; evil || J(רַע II): to be evil ;; רעוא: J(רַעְוָא): will, pleasure || J(רַעְוָא ²): shepherd; ;; רעותא: J(ר	not available (no open digital HeArukh/Meturgeman text)			—	yes
981	top-1000	ורעיוני	1	Daniel.2.30	Biblical Aramaic (Daniel, Ezra) (B)	רעיונ רעיונא	MORPHOLOGY	a known lemma with a Hebrew sense is reachable, but a precision rule blocks the analysis — NO_ANALYSIS	רעיונא: רעיון [jastrow]	רעיונ: J(רַעְיוֹן bh): desire, ambition, greed ;; רעיונא: J(רַעְיוֹנָא ch): desire, thought; greedy	not available (no open digital HeArukh/Meturgeman text)			—	yes
982	top-1000	ורעננ	1	Daniel.4.1	Biblical Aramaic (Daniel, Ezra) (B)	רעננ רוע	MISSING_HEBREW_GLOSS	the dictionaries have the word, but no Hebrew sense (English only / Krupnik without Hebrew) — NO_ANALYSIS	—	רעננ: J(רַעֲנָן bh): moist, green, fresh ;; רוע: J(רוּעַ I bh): to strike against; to shake; to produce a tremulous sound; to shout || J(רוּעַ II): to shake; to be weak, bad	not available (no open digital HeArukh/Meturgeman text)			—	yes
983	top-1000	ושבחו	1	Daniel.5.4	Biblical Aramaic (Daniel, Ezra) (B)	שבח	MORPHOLOGY	a known lemma with a Hebrew sense is reachable, but a precision rule blocks the analysis — NO_ANALYSIS	שבח: הוטב [krupnik] | היטיב ותיקן, טייב [krupnik] | תהלה והודאה [krupnik] | הטבה, עלית הערך [krupnik] | שבח [jastrow] | שבח [jastrow]	שבח: J(שָׁבַח bh): to grow, spread; to improve, grow in value; to improve, ameliorate || J(שְׁבַח I ch): to improve, rise in value; to make profit; to praise.; Part. pass. || J(שֶׁבַח): improvement, gain; ăsherah; excellency, superiority, p	not available (no open digital HeArukh/Meturgeman text)			—	yes
984	top-1000	ושבי	1	Ezra.6.14	Biblical Aramaic (Daniel, Ezra) (B)	שבי שב ישב נשב שבא שביא	MORPHOLOGY	a known lemma with a Hebrew sense is reachable, but a precision rule blocks the analysis — NO_ANALYSIS	שבי: לקח בשבי [krupnik] | נשבה [krupnik] | שבי [jastrow] | שבי [jastrow] ;; שב: שבעה [krupnik] | שבת [krupnik] | שבוע [krupnik] | שבע [jastrow] | שבוע [jastrow] ;; ישב: קבע [krupnik] | הניח את הדעת [krupnik] | נתן לו מקום לשבת [krupnik] | נח [krupnik] | נושב [krupnik] | נתחזק [krupnik] | נחה דעתו [k	שבי: J(שבי bh): to capture, carry off; to be captured || J(שְׁבֵי ch): to be taken captive, be carried off || J(שְׁבִי bh): captivity, prison || J(שְׁבִי ² ch): captivity; captives || J(שָׁבֵי): captor, marauder. ;; שב: J(שַׁב): seven; seve	not available (no open digital HeArukh/Meturgeman text)			—	yes
985	top-1000	ושבעת	1	Ezra.7.14	Biblical Aramaic (Daniel, Ezra) (B)	שבע שבעתא	MORPHOLOGY	a known lemma with a Hebrew sense is reachable, but a precision rule blocks the analysis — NO_ANALYSIS	שבע: נשבע [krupnik] | שבע [jastrow] | שבע [jastrow] ;; שבעתא: שבוע [krupnik]	שבע: J(שֶׁבַע bh): seven; Shib ah, the seven days of mourning for a near relative; seventy || J(שְׁבַע ch): seventy || J(שָׁבַע): Nif.; to be sworn, to swear; to adjure; to impose, administer an oath || J(שְׁבַע II ch): Ithpa.; Ithpe.; Nif.	not available (no open digital HeArukh/Meturgeman text)			—	yes
986	top-1000	ושורי	1	Ezra.4.12	Biblical Aramaic (Daniel, Ezra) (B)	שרי אשר נשר שור שיר ישר	MORPHOLOGY	a known lemma with a Hebrew sense is reachable, but a precision rule blocks the analysis — NO_ANALYSIS	שרי: שרי [jastrow] | התיר [jastrow] ;; אשר: קיים והעיד [krupnik] | חיזק [krupnik] | האמין [krupnik] | אשר [jastrow] ;; נשר: נפל, ניתק ממקום חיבורו [krupnik] | עקר ומרט [krupnik] | הפיל [krupnik] | נשר [jastrow] ;; שור: קפץ [krupnik] | שור [jastrow] ;; שיר: השאיר [krupnik] | נשאר [krupnik] | שיר [jas	שרי: J(שרי bh): to dissolve, soak, steep; to be soaked, dissolved; halmé || J(שרי ² bh): to loosen, untie;; to take lodging; to rest, dwell; Hif. || J(שְׁרֵי ch): to untie, unharness; to disengage, dismiss; Pa.; to settle ;; אשר: J(אֲשֶׁר b	not available (no open digital HeArukh/Meturgeman text)			—	yes
987	top-1000	ושוריא	1	Ezra.4.12	Biblical Aramaic (Daniel, Ezra) (B)	שור שורא	MORPHOLOGY	a known lemma with a Hebrew sense is reachable, but a precision rule blocks the analysis — NO_ANALYSIS	שור: קפץ [krupnik] | שור [jastrow] ;; שורא: שור [jastrow]	שור: J(שׁוּר I): to sing; Polel || J(שׁוּר II bh): desert of Shur; caravan road || J(שׁוּר III bh): wall, fortification, stronghold; protected habitation, civilized condition || J(שׁוּר ch): wall, fortification; line, road || J(שׁוֹר I bh):	not available (no open digital HeArukh/Meturgeman text)			—	yes
988	top-1000	ושיזב	1	Daniel.3.28	Biblical Aramaic (Daniel, Ezra) (B)	שיזב שיזבא	MORPHOLOGY	a known lemma with a Hebrew sense is reachable, but a precision rule blocks the analysis — NO_ANALYSIS	שיזב: הציל [krupnik] | ניצול [krupnik] ;; שיזבא: מפלט [krupnik] | שריד ופליט [krupnik]	שיזב: J(שֵׁיזֵב): to release, save; to be delivered; to be saved, spared ;; שיזבא: J(שֵׁיזְבָא): escape, safety, refuge; one that escaped, remnant	not available (no open digital HeArukh/Meturgeman text)			—	yes
989	top-1000	ושיציא	1	Ezra.6.15	Biblical Aramaic (Daniel, Ezra) (B)	שיציא שיצא שיצי	MORPHOLOGY	a known lemma with a Hebrew sense is reachable, but a precision rule blocks the analysis — NO_ANALYSIS	שיציא: כליון [krupnik] ;; שיצא: תמר מחוסרת גרעין [krupnik] | סנפיר [krupnik] | שיץ [jastrow]	שיציא: J(שֵׁיצְיָא): end, destruction ;; שיצא: J(שֵׁיצָא ch): prickly twig; stony date.; thorns; fin ;; שיצי: J(שֵׁיצֵי): go forth; to cause to go out; to be ended	not available (no open digital HeArukh/Meturgeman text)			—	yes
990	top-1000	ושכללה	1	Ezra.5.11	Biblical Aramaic (Daniel, Ezra) (B)	שכלל	MORPHOLOGY	a known lemma with a Hebrew sense is reachable, but a precision rule blocks the analysis — NO_ANALYSIS	שכלל: שכלל [jastrow]	שכלל: J(שִׁכְלֵל): to finish, decorate; to be finished, decorated; to be founded || J(שַׁכְלֵל ch): to finish, decorate; Part. pass; perfect	not available (no open digital HeArukh/Meturgeman text)			—	yes
991	top-1000	ושכללו	1	Ezra.6.14	Biblical Aramaic (Daniel, Ezra) (B)	שכלל	MORPHOLOGY	a known lemma with a Hebrew sense is reachable, but a precision rule blocks the analysis — NO_ANALYSIS	שכלל: שכלל [jastrow]	שכלל: J(שִׁכְלֵל): to finish, decorate; to be finished, decorated; to be founded || J(שַׁכְלֵל ch): to finish, decorate; Part. pass; perfect	not available (no open digital HeArukh/Meturgeman text)			—	yes
992	top-1000	ושלטנ	1	Daniel.7.6	Biblical Aramaic (Daniel, Ezra) (B)	שלטנ שלט שלטא	MORPHOLOGY	a known lemma with a Hebrew sense is reachable, but a precision rule blocks the analysis — NO_ANALYSIS	שלט: משל [krupnik] | נעשה שליט, נתיפה כחו [krupnik] | שלט [jastrow] ;; שלטא: שלט [jastrow]	שלט: J(שָׁלַט bh): to handle; to rule, have power over; zohăma || J(שְׁלַט ch): to handle; to give power, appoint; to be made || J(שֶׁלֶט bh): armor, shields;; arm-bearers; the righteous as the protectors of their generation ;; שלטא: J(שִׁל	not available (no open digital HeArukh/Meturgeman text)			—	yes
993	top-1000	ושלטנא	1	Daniel.7.27	Biblical Aramaic (Daniel, Ezra) (B)	שלט שלטא	MORPHOLOGY	a known lemma with a Hebrew sense is reachable, but a precision rule blocks the analysis — NO_ANALYSIS	שלט: משל [krupnik] | נעשה שליט, נתיפה כחו [krupnik] | שלט [jastrow] ;; שלטא: שלט [jastrow]	שלט: J(שָׁלַט bh): to handle; to rule, have power over; zohăma || J(שְׁלַט ch): to handle; to give power, appoint; to be made || J(שֶׁלֶט bh): armor, shields;; arm-bearers; the righteous as the protectors of their generation ;; שלטא: J(שִׁל	not available (no open digital HeArukh/Meturgeman text)			—	yes
994	top-1000	ושלטנכ	1	Daniel.4.19	Biblical Aramaic (Daniel, Ezra) (B)		TRUE_LEXICAL_GAP	no lexicon entry the form could belong to — NO_ANALYSIS	—	—	not available (no open digital HeArukh/Meturgeman text)			—	yes
995	top-1000	ושליט	1	Daniel.2.10	Biblical Aramaic (Daniel, Ezra) (B)	שליט שלט	MORPHOLOGY	a known lemma with a Hebrew sense is reachable, but a precision rule blocks the analysis — RARE_UNREVIEWED rev:שליט//w "ושולט"	שליט: שליט [jastrow] ;; שלט: משל [krupnik] | נעשה שליט, נתיפה כחו [krupnik] | שלט [jastrow]	שליט: J(שַׁלִּיט bh): having control, ruler; Fem. || J(שַׁלִּיט ² ch): Fem. ;; שלט: J(שָׁלַט bh): to handle; to rule, have power over; zohăma || J(שְׁלַט ch): to handle; to give power, appoint; to be made || J(שֶׁלֶט bh): armor, shields;; a	not available (no open digital HeArukh/Meturgeman text)			—	yes
996	top-1000	ושליטינ	1	Ezra.4.20	Biblical Aramaic (Daniel, Ezra) (B)	שליט שלט	MORPHOLOGY	a known lemma with a Hebrew sense is reachable, but a precision rule blocks the analysis — NO_ANALYSIS	שליט: שליט [jastrow] ;; שלט: משל [krupnik] | נעשה שליט, נתיפה כחו [krupnik] | שלט [jastrow]	שליט: J(שַׁלִּיט bh): having control, ruler; Fem. || J(שַׁלִּיט ² ch): Fem. ;; שלט: J(שָׁלַט bh): to handle; to rule, have power over; zohăma || J(שְׁלַט ch): to handle; to give power, appoint; to be made || J(שֶׁלֶט bh): armor, shields;; a	not available (no open digital HeArukh/Meturgeman text)			—	yes
997	top-1000	ושמעת	1	Daniel.5.14	Biblical Aramaic (Daniel, Ezra) (B)	שמע שמעתא	MORPHOLOGY	a known lemma with a Hebrew sense is reachable, but a precision rule blocks the analysis — NO_ANALYSIS	שמע: שמע והקשיב [krupnik] | הבין [krupnik] | שרת [krupnik] | השמיע [krupnik] | הורה, הודיע [krupnik] | נשמע [krupnik] | נכנע [krupnik] | שמע [jastrow] | שמע [jastrow] | השמיע [reviewed] ;; שמעתא: הלכה מקובלת [krupnik]	שמע: K: recitation of the Sh'ma (Deut. 6, 4-9) | zweimal täglich zu rezitierender Abschnitt des Pentateuchs || J(שָׁמַע bh): to be still,; to hear, listen, obey; to understand; m’ḳuddash || J(שְׁמַע I ch): he knows of; to understand from, t	not available (no open digital HeArukh/Meturgeman text)			—	yes
998	top-1000	ושמת	1	Daniel.6.18	Biblical Aramaic (Daniel, Ezra) (B)	שמת שומ שמתא	MORPHOLOGY	a known lemma with a Hebrew sense is reachable, but a precision rule blocks the analysis — NO_ANALYSIS	שמת: החרים ונידה [krupnik] ;; שומ: אמד, שיער, העריך [krupnik] | נערך [krupnik] | הערכה ואומד [krupnik] | שם [krupnik] | בשביל [krupnik] | כשם [krupnik] | בסבת, מפאת [krupnik] | מפני שׁ־ [krupnik] | שום [jastrow] | שום [jastrow] | שום [jastrow] ;; שמתא: נידוי וחרם [krupnik] | דבר מוחרם [krupnik] | חר	שמת: J(שְׁמַת): to be still, desolate; to excommunicate, accurse ;; שומ: J(שׂוּם bh): to place, put, appoint, make || J(שׂוּם ² ch): to be placed || J(שׁוּם I): to arrange;; to value, estimate; to mark, name; v’sam || J(שׁוּם ch): to tax, i	not available (no open digital HeArukh/Meturgeman text)			—	yes
999	top-1000	ושנינ	1	Daniel.7.7	Biblical Aramaic (Daniel, Ezra) (B)	שנ שנא שניא שננ שנה שני	MORPHOLOGY	a known lemma with a Hebrew sense is reachable, but a precision rule blocks the analysis — NO_ANALYSIS	שנ: שן [jastrow] ;; שנא: שנא [jastrow] | שנה [jastrow] ;; שננ: ליטש וחידד [krupnik] | נלטש והוחד [krupnik] | צוק סלע [krupnik] | שנן [jastrow] ;; שני: חזר, כפל [krupnik] | היה משונה, שונה [krupnik] | שינה והחליף [krupnik] | השיב [krupnik] | שינה והחליף [krupnik] | נשתנה ונתחלף [krupnik] | שני [jastr	שנ: J(שֵׁן): tooth, tooth-like projection; the damage done by an animal’s eating; ubhiʿer || J(שֵׁן ² ch): the Cliff of Dor ;; שנא: J(שָׂנֵא bh): to hate; to be hated; y’shunne || J(שְׁנָא I): to change || J(שְׁנָא II ch): year ;; שניא: J(ש	not available (no open digital HeArukh/Meturgeman text)			—	yes
1000	top-1000	ושנתה	1	Daniel.6.19	Biblical Aramaic (Daniel, Ezra) (B)	שנה	MISSING_HEBREW_GLOSS	the dictionaries have the word, but no Hebrew sense (English only / Krupnik without Hebrew) — NO_ANALYSIS	—	שנה: K: to repeat | wiederholen || J(שָׁנָה II bh): year; birkhath hash-shanim	not available (no open digital HeArukh/Meturgeman text)			—	yes
1001	long-tail	ושפל	1	Daniel.4.14	Biblical Aramaic (Daniel, Ezra) (B)	שפל שפלה	MORPHOLOGY	a known lemma with a Hebrew sense is reachable, but a precision rule blocks the analysis — NO_ANALYSIS	שפל: נרפה, נתעצל [krupnik] | ירד [krupnik] | הרכין את ראשו [krupnik] | השפיל, הוריד [krupnik] | כרע ברך [krupnik] | שפל [jastrow] | שפל [jastrow]	שפל: K: to be lowered | erniedrigt werden || J(שָׁפֵל I bh): to be low; to lower, humble; to be lowered || J(שְׁפַל ch): to fall down, go down; to lower; to carry down, carry along || J(שָׁפָל bh): low, humble; polite; Hithpa. || J(שְׁפַל I	not available (no open digital HeArukh/Meturgeman text)			—	yes
1002	long-tail	ושריו	1	Ezra.5.2	Biblical Aramaic (Daniel, Ezra) (B)	שריותא	MORPHOLOGY	a known lemma with a Hebrew sense is reachable, but a precision rule blocks the analysis — NO_ANALYSIS	שריותא: התחלה [krupnik]	—	not available (no open digital HeArukh/Meturgeman text)			—	yes
1003	long-tail	ותאכל	1	Daniel.7.23	Biblical Aramaic (Daniel, Ezra) (B)		TRUE_LEXICAL_GAP	no lexicon entry the form could belong to — NO_ANALYSIS	—	—	not available (no open digital HeArukh/Meturgeman text)			—	yes
1004	long-tail	ותדושנה	1	Daniel.7.23	Biblical Aramaic (Daniel, Ezra) (B)		TRUE_LEXICAL_GAP	no lexicon entry the form could belong to — NO_ANALYSIS	—	—	not available (no open digital HeArukh/Meturgeman text)			—	yes
1005	long-tail	ותדקנה	1	Daniel.7.23	Biblical Aramaic (Daniel, Ezra) (B)		TRUE_LEXICAL_GAP	no lexicon entry the form could belong to — NO_ANALYSIS	—	—	not available (no open digital HeArukh/Meturgeman text)			—	yes
1006	long-tail	ותהשכח	1	Ezra.4.15	Biblical Aramaic (Daniel, Ezra) (B)		TRUE_LEXICAL_GAP	no lexicon entry the form could belong to — NO_ANALYSIS	—	—	not available (no open digital HeArukh/Meturgeman text)			—	yes
1007	long-tail	ותחת	1	Ezra.6.5	Biblical Aramaic (Daniel, Ezra) (B)	תחת נחת	MORPHOLOGY	a known lemma with a Hebrew sense is reachable, but a precision rule blocks the analysis — NO_ANALYSIS	תחת: תחת [jastrow] ;; נחת: ירד [krupnik] | הוריד [krupnik] | הרגיע [krupnik] | הורד [krupnik] | נחת [jastrow]	תחת: J(תַּחַת bh): under, beneath, in place of, instead of || J(תַּחַת ² ch): downward ;; נחת: J(נַחַת bh): rest, tray, stand; ease; gentleness; comfort; gratification, pleasure || J(נָחַת bh): to be put down, to go down; to be humbled, bow	not available (no open digital HeArukh/Meturgeman text)			—	yes
1008	long-tail	ותלתה	1	Daniel.7.24	Biblical Aramaic (Daniel, Ezra) (B)	תלת תלתא	MORPHOLOGY	a known lemma with a Hebrew sense is reachable, but a precision rule blocks the analysis — NO_ANALYSIS	תלת: חילק לשלשה חלקים [krupnik] | עשה בפעם השלישית [krupnik] | נעשה בפעם השלישית [krupnik] | שלש [jastrow] ;; תלתא: שליש [krupnik]	תלת: J(תַּלֵּת): to divide into three parts; to do a third time; Part. pass || J(תְּלַת): three; on the third; thirteen ;; תלתא: J(תִּלְתָּא): a third part; having reached one-third of the full growth; a third-grown calf	not available (no open digital HeArukh/Meturgeman text)			—	yes
1009	long-tail	ותלתי	1	Daniel.5.7	Biblical Aramaic (Daniel, Ezra) (B)	תלתי תלתא תלת	MORPHOLOGY	a known lemma with a Hebrew sense is reachable, but a precision rule blocks the analysis — NO_ANALYSIS	תלתא: שליש [krupnik] ;; תלת: חילק לשלשה חלקים [krupnik] | עשה בפעם השלישית [krupnik] | נעשה בפעם השלישית [krupnik] | שלש [jastrow]	תלתי: J(תִּלְתָּי): by the; tierce, large measure ;; תלתא: J(תִּלְתָּא): a third part; having reached one-third of the full growth; a third-grown calf ;; תלת: J(תַּלֵּת): to divide into three parts; to do a third time; Part. pass || J(תְּלַ	not available (no open digital HeArukh/Meturgeman text)			—	yes
1010	long-tail	ותמהוהי	1	Daniel.3.33	Biblical Aramaic (Daniel, Ezra) (B)	תמהא	MORPHOLOGY	a known lemma with a Hebrew sense is reachable, but a precision rule blocks the analysis — NO_ANALYSIS	תמהא: תמהון, מופת [krupnik]	—	not available (no open digital HeArukh/Meturgeman text)			—	yes
1011	long-tail	ותמהיא	1	Daniel.3.32	Biblical Aramaic (Daniel, Ezra) (B)	תמהא	MORPHOLOGY	a known lemma with a Hebrew sense is reachable, but a precision rule blocks the analysis — NO_ANALYSIS	תמהא: תמהון, מופת [krupnik]	—	not available (no open digital HeArukh/Meturgeman text)			—	yes
1012	long-tail	ותמהינ	1	Daniel.6.28	Biblical Aramaic (Daniel, Ezra) (B)	תמהא מהה תמ תמא	MORPHOLOGY	a known lemma with a Hebrew sense is reachable, but a precision rule blocks the analysis — NO_ANALYSIS	תמהא: תמהון, מופת [krupnik] ;; תמ: שם [jastrow]	מהה: J(מָהָה): Pi.; to dissolve, dilute;; to make threadbare and ragged ;; תמ: J(תָּם I bh): perfect, unblemished; Fem; simple, innocent, artless || J(תָּם II): there; Palestine ;; תמא: J(תֵּמָא): a bird	not available (no open digital HeArukh/Meturgeman text)			—	yes
1013	long-tail	ותנדע	1	Ezra.4.15	Biblical Aramaic (Daniel, Ezra) (B)		TRUE_LEXICAL_GAP	no lexicon entry the form could belong to — NO_ANALYSIS	—	—	not available (no open digital HeArukh/Meturgeman text)			—	yes
1014	long-tail	ותסיפ	1	Daniel.2.44	Biblical Aramaic (Daniel, Ezra) (B)		TRUE_LEXICAL_GAP	no lexicon entry the form could belong to — NO_ANALYSIS	—	—	not available (no open digital HeArukh/Meturgeman text)			—	yes
1015	long-tail	ותקיפא	1	Daniel.7.7	Biblical Aramaic (Daniel, Ezra) (B)	תקיפ תקפ	MORPHOLOGY	a known lemma with a Hebrew sense is reachable, but a precision rule blocks the analysis — NO_ANALYSIS	תקיפ: תקיף [jastrow] ;; תקפ: היה חזק [krupnik] | התגבר [krupnik] | החמיץ [krupnik] | התגבר [krupnik] | חיזק [krupnik] | החזיק, אחז [krupnik] | חיזק [krupnik] | הקשה קושיא [krupnik] | תקף [jastrow]	תקיפ: J(תַּקִּיף bh): strong, powerful; Fem. || J(תַּקִּיף ² ch): strong, mighty; protector; hard, stern, severe; Fem. ;; תקפ: J(תָּקַף bh): to seize, overpower; to rest heavily upon, be hard || J(תְּקַף ch): to seize, hold firmly; Ittof.; 	not available (no open digital HeArukh/Meturgeman text)			—	yes
1016	long-tail	ותקפא	1	Daniel.2.37	Biblical Aramaic (Daniel, Ezra) (B)	תקפא קפא קפה תקפ קפי	MORPHOLOGY	a known lemma with a Hebrew sense is reachable, but a precision rule blocks the analysis — NO_ANALYSIS	קפא: הסיר את הזוהמה מתבשיל [krupnik] | קורה [krupnik] ;; קפה: נקפא ונקרש [krupnik] | הקריש [krupnik] | השרה [krupnik] ;; תקפ: היה חזק [krupnik] | התגבר [krupnik] | החמיץ [krupnik] | התגבר [krupnik] | חיזק [krupnik] | החזיק, אחז [krupnik] | חיזק [krupnik] | הקשה קושיא [krupnik] | תקף [jastrow] ;; קפי	קפא: K: a worm | ein Wurm || J(קַפָּא I): kappa; twenty; kappa dokia || J(קַפָּא II): trunk, vine; pole, beam || J(קַפָּא III): a worm; a poisonous substance in vegetables; ḥăroseth ;; קפה: K: to skim | abschäumen || J(קַפָּה): a worm ;; תק	not available (no open digital HeArukh/Meturgeman text)			—	yes
1017	long-tail	ותקפת	1	Daniel.4.19	Biblical Aramaic (Daniel, Ezra) (B)	תקפ	MORPHOLOGY	a known lemma with a Hebrew sense is reachable, but a precision rule blocks the analysis — NO_ANALYSIS	תקפ: היה חזק [krupnik] | התגבר [krupnik] | החמיץ [krupnik] | התגבר [krupnik] | חיזק [krupnik] | החזיק, אחז [krupnik] | חיזק [krupnik] | הקשה קושיא [krupnik] | תקף [jastrow]	תקפ: J(תָּקַף bh): to seize, overpower; to rest heavily upon, be hard || J(תְּקַף ch): to seize, hold firmly; Ittof.; to be strong, become powerful	not available (no open digital HeArukh/Meturgeman text)			—	yes
1018	long-tail	ותקרב	1	Ezra.7.17	Biblical Aramaic (Daniel, Ezra) (B)	קרב	MORPHOLOGY	a known lemma with a Hebrew sense is reachable, but a precision rule blocks the analysis — NO_ANALYSIS	קרב: נעשה קרוב [krupnik] | קרב, נגע [krupnik] | הגין [krupnik] | קרב [jastrow] | קרב [jastrow]	קרב: K: to do in near intervals | häufen, in kurzen Intervallen tun || J(קָרֵב bh): to join, come near, be near; to be offered as; to come before court; to sue, complain; to  || J(קְרֵב ch): to be near, come near, touch; to intercede, prote	not available (no open digital HeArukh/Meturgeman text)			—	yes
1019	long-tail	ותרע	1	Daniel.2.40	Biblical Aramaic (Daniel, Ezra) (B)	תרע תרעא	MORPHOLOGY	a known lemma with a Hebrew sense is reachable, but a precision rule blocks the analysis — NO_ANALYSIS	תרע: תקע בשופר בעת צרה [krupnik] | פרץ ושיבר [krupnik] | שער [krupnik] | מקח, מחיר [krupnik] | שער [jastrow] ;; תרעא: שער [krupnik] | מקח, מחיר [krupnik]	תרע: K: to be shattered | zerschmettert werden || J(תָּרַע): Hif.; to sound alarm; to blow the Shofar at public services || J(תְּרַע I): Tafel; to break, shatter, make a breach; Part. pass || J(תְּרַע): opening; door, gate; market, market p	not available (no open digital HeArukh/Meturgeman text)			—	yes
1020	long-tail	ותרשמ	1	Daniel.6.9	Biblical Aramaic (Daniel, Ezra) (B)	רשמ	MORPHOLOGY	a known lemma with a Hebrew sense is reachable, but a precision rule blocks the analysis — NO_ANALYSIS	רשמ: רשם וסימן [krupnik] | רשם [jastrow]	רשמ: J(רָשַׁם): to mark, draw; those who interpret the Law metaphorically; to be marked, engraven || J(רְשַׁם I ch): to mark; to record; to make incisions; to be wrinkled || J(רְשַׁם II): incision, wound	not available (no open digital HeArukh/Meturgeman text)			—	yes
1021	long-tail	ותרתינ	1	Daniel.6.1	Biblical Aramaic (Daniel, Ezra) (B)	תרי רתה רתי	MORPHOLOGY	a known lemma with a Hebrew sense is reachable, but a precision rule blocks the analysis — NO_ANALYSIS	תרי: שרה במים [krupnik] | התרה והזהיר [krupnik] | נשרה [krupnik] | שנים [krupnik] | תרי [jastrow] | שרה [jastrow] ;; רתה: התנהג במדת הרחמים [krupnik]	תרי: J(*תָּרַי): Taray || J(תרי): Hif.; to forewarn; to inform a person about to commit a criminal act of the penalty which  || J(תְּרֵי ch): Af. || J(תְּרֵי ²): to dissolve, soak; to be soaked || J(תְּרֵי ³): two; twelve ;; רתי: J(רתי): to	not available (no open digital HeArukh/Meturgeman text)			—	yes
1022	long-tail	זבנינ	1	Daniel.2.8	Biblical Aramaic (Daniel, Ezra) (B)	זבנ	MORPHOLOGY	a known lemma with a Hebrew sense is reachable, but a precision rule blocks the analysis — NO_ANALYSIS	זבנ: קנה [krupnik] | מכר [krupnik] | נמכר [krupnik] | קנה [he]	זבנ: J(זְבַן): to plan; to bargain, buy.; to sell	not available (no open digital HeArukh/Meturgeman text)			—	yes
1023	long-tail	זיוהי	1	Daniel.5.6	Biblical Aramaic (Daniel, Ezra) (B)		TRUE_LEXICAL_GAP	no lexicon entry the form could belong to — NO_ANALYSIS	—	—	not available (no open digital HeArukh/Meturgeman text)			—	yes
1024	long-tail	זכו	1	Daniel.6.23	Biblical Aramaic (Daniel, Ezra) (B)	זכו זכותא זכי	MORPHOLOGY	a known lemma with a Hebrew sense is reachable, but a precision rule blocks the analysis — RARE_UNREVIEWED זכו// "מעשה טוב, צדקה"	זכו: מעשה טוב, צדקה [krupnik] | תום, נקיון מחטא [krupnik] | יתרון ומעלה [krupnik] ;; זכותא: מעשה טוב, צדקה [krupnik] | תום, נקיון מחטא [krupnik] | יתרון ומעלה [krupnik] | זכות [jastrow] ;; זכי: זכי [jastrow]	זכותא: J(זְכוּתָא ch): verdict in favor, title, claims ;; זכי: J(זכי bh): to be pure, clear; to be acquitted, be right; to be found worthy of, to be privileged, to  || J(זְכֵי ch): to be clear, pure; to go unpunished; to deserve welt, do go	not available (no open digital HeArukh/Meturgeman text)			—	yes
1025	long-tail	זמנינ	1	Daniel.7.25	Biblical Aramaic (Daniel, Ezra) (B)	זמנינ זמנ זמנא	MORPHOLOGY	a known lemma with a Hebrew sense is reachable, but a precision rule blocks the analysis — RARE_UNREVIEWED זמנינ// "לפעמים"	זמנינ: לפעמים [krupnik] ;; זמנ: הכין [krupnik] | קרא לסעודה וכדומה [krupnik] | בירך ברכת הזימון [krupnik] | נקרה [krupnik] | הוזמן [krupnik] | זמן [jastrow] | זמן [jastrow] | אהל מועד [jastrow] ;; זמנא: עת [krupnik] | פעם [krupnik]	זמנ: J(זָמַן bh): to arrange, designate; to invite; to a meal || J(זְמַן I ch): Part. pass; ready, prepared; to invite; to appoint; to summon; to prepare || J(זְמָן bh): appointed time, term, time; in the case of, when, if; in its prescribe	not available (no open digital HeArukh/Meturgeman text)			—	yes
1026	long-tail	זמריא	1	Ezra.7.24	Biblical Aramaic (Daniel, Ezra) (B)	זמרא	MORPHOLOGY	a known lemma with a Hebrew sense is reachable, but a precision rule blocks the analysis — RARE_UNREVIEWED זמרא/n.pl/ "זמר"	זמרא: שירה ונגינה [krupnik] | זמר [jastrow]	זמרא: J(זַמָּרָא ch): Pl. || J(זְמָרָא I ch): musical instruments. || J(זִמְרָא): song, music	not available (no open digital HeArukh/Meturgeman text)			—	yes
1027	long-tail	זעירה	1	Daniel.7.8	Biblical Aramaic (Daniel, Ezra) (B)	זער	MORPHOLOGY	a known lemma with a Hebrew sense is reachable, but a precision rule blocks the analysis — NO_ANALYSIS	זער: היה קטן [krupnik] | הקטין והמעיט [krupnik] | נתמעט [krupnik]	—	not available (no open digital HeArukh/Meturgeman text)			—	yes
1028	long-tail	זעק	1	Daniel.6.21	Biblical Aramaic (Daniel, Ezra) (B)	זעק	MISSING_HEBREW_GLOSS	the dictionaries have the word, but no Hebrew sense (English only / Krupnik without Hebrew) — NO_HEBREW_SENSE זעק	זעק: זעק [jastrow]	זעק: J(זָעַק bh): to cry; to cause to cry	not available (no open digital HeArukh/Meturgeman text)			—	yes
1029	long-tail	חבולה	1	Daniel.6.23	Biblical Aramaic (Daniel, Ezra) (B)	חבולה חבול חבל חבולא	MORPHOLOGY	a known lemma with a Hebrew sense is reachable, but a precision rule blocks the analysis — NO_ANALYSIS	חבול: מום מוסרי [krupnik] ;; חבל: הכה, פצע [krupnik] | הוכה, נפצע [krupnik] | ניטל למשכון [krupnik] | נתקלקל [krupnik] | הוי ואבוי [krupnik]	חבולה: K: pledge | Pfand || J(חֲבוֹלָה bh): pledge ;; חבל: J(חָבַל bh): to seize, to take a pledge; to twist; to do violence, unshape; to inflict a wound, to hurt || J(חֲבַל I): to wrong, be violent; to injure; to ruin, destroy; Part. pass 	not available (no open digital HeArukh/Meturgeman text)			—	yes
1030	long-tail	חבל	1	Daniel.6.24	Biblical Aramaic (Daniel, Ezra) (B)	חבל חביל חבול חבולה חבלא	SENSE_CHOICE	several Hebrew senses (or two lemmas) — a reviewer must choose — AMBIGUOUS_SENSE חבל: הוכה, נפצע | ניטל למשכון | הוי ואבוי	חבל: הכה, פצע [krupnik] | הוכה, נפצע [krupnik] | ניטל למשכון [krupnik] | נתקלקל [krupnik] | הוי ואבוי [krupnik] ;; חבול: מום מוסרי [krupnik] ;; חבלא: השחתה [krupnik] | חבל [jastrow] | באר שחת [jastrow] | חבלה [jastrow] | חבל [jastrow]	חבל: J(חָבַל bh): to seize, to take a pledge; to twist; to do violence, unshape; to inflict a wound, to hurt || J(חֲבַל I): to wrong, be violent; to injure; to ruin, destroy; Part. pass || J(חֲבַל II): injury; woe!, Oh!; to ruin || J(חֶבֶל 	not available (no open digital HeArukh/Meturgeman text)			—	yes
1031	long-tail	חבלא	1	Ezra.4.22	Biblical Aramaic (Daniel, Ezra) (B)	חבלא חביל חבילא חבל	REVIEW_CANDIDATE	complete analysis below the review gate (fewer than 200 uses here) — REVIEW_GATE חבלא/-/- "באר שחת" n=1	חבלא: השחתה [krupnik] | חבל [jastrow] | באר שחת [jastrow] | חבלה [jastrow] | חבל [jastrow] ;; חבילא: נזק [krupnik] ;; חבל: הכה, פצע [krupnik] | הוכה, נפצע [krupnik] | ניטל למשכון [krupnik] | נתקלקל [krupnik] | הוי ואבוי [krupnik]	חבלא: J(חַבְלָא I): injury, ruin || J(חַבְּלָא): destruction || J(חַבְלָא II ch): rope, measure; district ;; חבילא: J(חֲבִילא I): injury, loss || J(חֲבִילָא II): bundle. ;; חבל: J(חָבַל bh): to seize, to take a pledge; to twist; to do viole	not available (no open digital HeArukh/Meturgeman text)	באר שחת	REVIEW	medium (~80% right in the sample)	yes
1032	long-tail	חבלוני	1	Daniel.6.23	Biblical Aramaic (Daniel, Ezra) (B)		TRUE_LEXICAL_GAP	no lexicon entry the form could belong to — NO_ANALYSIS	—	—	not available (no open digital HeArukh/Meturgeman text)			—	yes
1033	long-tail	חברוהי	1	Daniel.2.17	Biblical Aramaic (Daniel, Ezra) (B)	חברא	MORPHOLOGY	a known lemma with a Hebrew sense is reachable, but a precision rule blocks the analysis — NO_ANALYSIS	חברא: מכשף [krupnik] | כהן פרסי עובד האש [krupnik] | חבר, ידיד ועמית [krupnik] | חבר [jastrow]	חברא: J(חַבְרָא): friend, neighbor, fellow-being; Ḥaber; scholar	not available (no open digital HeArukh/Meturgeman text)			—	yes
1034	long-tail	חברתה	1	Daniel.7.20	Biblical Aramaic (Daniel, Ezra) (B)		TRUE_LEXICAL_GAP	no lexicon entry the form could belong to — NO_ANALYSIS	—	—	not available (no open digital HeArukh/Meturgeman text)			—	yes
1035	long-tail	חדוהי	1	Daniel.2.32	Biblical Aramaic (Daniel, Ezra) (B)	חדוה	MISSING_HEBREW_GLOSS	the dictionaries have the word, but no Hebrew sense (English only / Krupnik without Hebrew) — NO_HEBREW_SENSE חדוה	—	חדוה: J(חֶדְוָה bh): joy, rejoicing	not available (no open digital HeArukh/Meturgeman text)			—	yes
1036	long-tail	חדת	1	Ezra.6.4	Biblical Aramaic (Daniel, Ezra) (B)	חדת חד חדא חדי חדתא חוד	MORPHOLOGY	a known lemma with a Hebrew sense is reachable, but a precision rule blocks the analysis — RARE_UNREVIEWED חדת// "חדש"	חדת: חידש [krupnik] | התחדש [krupnik] | חדש [krupnik] | חדש [jastrow] | חדש [jastrow] ;; חד: אחד [krupnik] | אחד [jastrow] ;; חדא: אחד [krupnik] | שמח [krupnik] ;; חדי: שמח [krupnik] | אַחְדֵי שימח [krupnik] ;; חדתא: חדש [krupnik] ;; חוד: עוקץ [krupnik] | להב הסכין וכדומה [krupnik]	חדת: J(חֲדַת ch): T’fillin || J(חַדִּת): to renew, restore; to add something new, to change; to make an exception; to be renewed ;; חד: J(חַד I bh): pointed, sharp; swift; Pl. || J(חַד II): one, singular, particular; like one; together, sim	not available (no open digital HeArukh/Meturgeman text)			—	yes
1037	long-tail	חור	1	Daniel.7.9	Biblical Aramaic (Daniel, Ezra) (B)	חור חיור חר חורא אחר נחר	SENSE_CHOICE	several Hebrew senses (or two lemmas) — a reviewer must choose — AMBIGUOUS_SENSE חור: הלבין, היה לבן	חור: הלבין, היה לבן [krupnik] | ליבן [krupnik] | בירר [krupnik] | חור [jastrow] ;; חורא: נקב [krupnik] | חור [jastrow] | חור [jastrow] ;; אחר: נהג בשגעון [krupnik] | אחר [jastrow] ;; נחר: דקר [krupnik] | שתת דם [krupnik] | נדקר [krupnik] | השמיע קול נחרה [krupnik] | נחר [jastrow]	חור: J(חָוַר bh): to perforate; to be transparent, white, clear; to make clear, evident; Part. pass || J(חֲוַר ch): to be white, to shine; Pa.; to be bright, to look with gratification || J(חוּר I): to bore || J(חוֹר I bh): hole, cavity; an	not available (no open digital HeArukh/Meturgeman text)			—	yes
1038	long-tail	חזוי	1	Daniel.4.6	Biblical Aramaic (Daniel, Ezra) (B)	חזוי חזוא חזו חזויא	MORPHOLOGY	a known lemma with a Hebrew sense is reachable, but a precision rule blocks the analysis — RARE_UNREVIEWED חזוי// "מישור"	חזוי: מישור [krupnik] ;; חזוא: מראה [krupnik] ;; חזו: מראה [krupnik]	חזוא: J(חֶזְוָא): looks, appearance; vision; look-out, crossroad ;; חזויא: J(חֶזְוָיָא): seer	not available (no open digital HeArukh/Meturgeman text)			—	yes
1039	long-tail	חזיתונ	1	Daniel.2.8	Biblical Aramaic (Daniel, Ezra) (B)	חזי	MORPHOLOGY	a known lemma with a Hebrew sense is reachable, but a precision rule blocks the analysis — RARE_UNREVIEWED חזי/pe.ptcp.2mp/ "אתם רואים · ראוי"	חזי: ראה [krupnik] | הראה [krupnik] | נראה [krupnik] | היה ראוי [krupnik] | הָראה [krupnik] | ראוי [krupnik] | חזי [jastrow]	חזי: J(חזי bh): to divide; to discern, see; to distribute kindled chips between logs of wood || J(חֲזִי ch): to see, recognize, to decide; Part. pass; pointed out, fit for, prepared;	not available (no open digital HeArukh/Meturgeman text)			—	yes
1040	long-tail	חיונ	1	Daniel.7.3	Biblical Aramaic (Daniel, Ezra) (B)	חיוא חיוי חיותא חיי	MORPHOLOGY	a known lemma with a Hebrew sense is reachable, but a precision rule blocks the analysis — NO_ANALYSIS	חיוא: חיה [krupnik] | חיה [jastrow] ;; חיותא: בהמה [krupnik] | רחם [krupnik] | חיות [jastrow] ;; חיי: חיי [jastrow]	חיוא: J(חֵיוָא): animal; beasts ;; חיוי: J(חִיוֵי): serpent; fem. ;; חיותא: J(חַיּוּתָא ch): life, livelihood; womb; animal || J(חֵיוְתָא): living, provision ;; חיי: J(חיי bh): to live; Part.; to heal; to recover, regain health || J(חֲיִי c	not available (no open digital HeArukh/Meturgeman text)			—	yes
1041	long-tail	חיל	1	Daniel.3.20	Biblical Aramaic (Daniel, Ezra) (B)	חיל חייל חילא יחל נחל	MORPHOLOGY	a known lemma with a Hebrew sense is reachable, but a precision rule blocks the analysis — RARE_UNREVIEWED חיל// "אימץ וחיזק"	חיל: ערך למלחמה [krupnik] | אימץ וחיזק [krupnik] | נתחזק [krupnik] | התגודד [krupnik] ;; חייל: המתיק [krupnik] | מחל [krupnik] ;; נחל: נחל [jastrow]	חיל: J(חֵיל I): surrounding; Ḥel || J(חִיל): Pa.; to strengthen; to serve || J(חֵיל II): strong; strength; logical support, evidence, argument ;; חייל: J(חַיִיל bh): surrounding, protection; army; strength, health ;; חילא: J(חֵילָא II): val	not available (no open digital HeArukh/Meturgeman text)			—	yes
1042	long-tail	חכימיא	1	Daniel.5.15	Biblical Aramaic (Daniel, Ezra) (B)	חכימ חכימא	MORPHOLOGY	a known lemma with a Hebrew sense is reachable, but a precision rule blocks the analysis — RARE_UNREVIEWED חכימ/n.pl/ "חכם"	חכימ: חכם [krupnik] | חכם [jastrow] ;; חכימא: חכם [krupnik]	חכימ: J(חַכִּים II ch): wise; sage, scholar; Ḥakham; Ḥakham	not available (no open digital HeArukh/Meturgeman text)			—	yes
1043	long-tail	חכימינ	1	Daniel.2.27	Biblical Aramaic (Daniel, Ezra) (B)	חכימ חכימא חכמ	MORPHOLOGY	a known lemma with a Hebrew sense is reachable, but a precision rule blocks the analysis — RARE_UNREVIEWED חכימ/n.pl/ "חכם"	חכימ: חכם [krupnik] | חכם [jastrow] ;; חכימא: חכם [krupnik] ;; חכמ: ידע [jastrow]	חכימ: J(חַכִּים II ch): wise; sage, scholar; Ḥakham; Ḥakham ;; חכמ: J(חָכַם bh): to be wise, to know; to meet for deliberation; to grow wise, to become a scholar || J(חֲכַם): to be wise, shrewd; to be learned; to recognize, to know, remembe	not available (no open digital HeArukh/Meturgeman text)			—	yes
1044	long-tail	חלמי	1	Daniel.4.6	Biblical Aramaic (Daniel, Ezra) (B)	חלמא חלמ	MORPHOLOGY	a known lemma with a Hebrew sense is reachable, but a precision rule blocks the analysis — RARE_UNREVIEWED חלמא/n.sg/ "חלום"	חלמא: חלום [krupnik] | חלום [jastrow] ;; חלמ: ראה חלום [krupnik] | סגר, עצם [krupnik] | חלם [jastrow] | חלם [jastrow]	חלמא: J(חָלְמָא): dreamer, or interpreter of dreams || J(חֲלָמָא): a sort of cement ;; חלמ: J(חָלַם I bh): to be soft, moist, viscous; to have good humors, to be well; sane || J(חֲלַם ch): to join closely || J(חָלַם II bh): to gather humors	not available (no open digital HeArukh/Meturgeman text)			—	yes
1045	long-tail	חלמינ	1	Daniel.5.12	Biblical Aramaic (Daniel, Ezra) (B)	חלמונ חלמא חלמ	SENSE_CHOICE	several Hebrew senses (or two lemmas) — a reviewer must choose — AMBIGUOUS חלמונ/ "הצהוב שבביצה" ~ חלמא/n.pl "חלום"	חלמונ: הצהוב שבביצה [krupnik] ;; חלמא: חלום [krupnik] | חלום [jastrow] ;; חלמ: ראה חלום [krupnik] | סגר, עצם [krupnik] | חלם [jastrow] | חלם [jastrow]	חלמונ: J(חֶלְמוֹן): yolk, yellow of an egg ;; חלמא: J(חָלְמָא): dreamer, or interpreter of dreams || J(חֲלָמָא): a sort of cement ;; חלמ: J(חָלַם I bh): to be soft, moist, viscous; to have good humors, to be well; sane || J(חֲלַם ch): to jo	not available (no open digital HeArukh/Meturgeman text)			—	yes
1046	long-tail	חלמכ	1	Daniel.2.28	Biblical Aramaic (Daniel, Ezra) (B)	חלמא	MORPHOLOGY	a known lemma with a Hebrew sense is reachable, but a precision rule blocks the analysis — NO_ANALYSIS	חלמא: חלום [krupnik] | חלום [jastrow]	חלמא: J(חָלְמָא): dreamer, or interpreter of dreams || J(חֲלָמָא): a sort of cement	not available (no open digital HeArukh/Meturgeman text)			—	yes
1047	long-tail	חלק	1	Ezra.4.16	Biblical Aramaic (Daniel, Ezra) (B)	חלק חילק חלקא	REVIEW_CANDIDATE	complete analysis below the review gate (fewer than 200 uses here) — REVIEW_GATE חלק/-/- "שדה, אחוזה" n=1	חלק: שדה, אחוזה [krupnik] ;; חלקא: שדה, אחוזה [krupnik] | קליפה [krupnik]	חלק: J(חָלַק bh): to be smooth, to be viscous; to assign, allot; to honor, pay regards || J(חָלָק): smooth, blank; empty; to go out without having effected anything || J(חֵלֶק bh): smooth stone; lot, share, portion || J(חֲלַק ch): lot, fiel	not available (no open digital HeArukh/Meturgeman text)	שדה, אחוזה	REVIEW	medium (~80% right in the sample)	yes
1048	long-tail	חנכת	1	Ezra.6.16	Biblical Aramaic (Daniel, Ezra) (B)	חנכ חנכתא	MORPHOLOGY	a known lemma with a Hebrew sense is reachable, but a precision rule blocks the analysis — NO_ANALYSIS	חנכ: שכלל [krupnik] | התחיל להשתמש בדבר [krupnik] | הרגיל [krupnik] | גידל ולימד [krupnik] | נתחדש ונתקדש [krupnik] | חנך [jastrow]	חנכ: J(חָנַךְ bh): to rub, polish, finish;; to train; to dedicate; to train, initiate	not available (no open digital HeArukh/Meturgeman text)			—	yes
1049	long-tail	חסיר	1	Daniel.5.27	Biblical Aramaic (Daniel, Ezra) (B)	חסר חסיר	MISSING_HEBREW_GLOSS	the dictionaries have the word, but no Hebrew sense (English only / Krupnik without Hebrew) — NO_HEBREW_SENSE חסר	חסר: חסר [jastrow] | חסר [jastrow]	חסר: J(חָסַר bh): to scrape off; to diminish, take off; to be diminished, less; to want, miss; to be imperfe || J(חֲסַר ch): to lessen, deprive, reduce; Part. pass; Pi. || J(חָסֵר II): wanting, defective; less; a defective month; Pl. || J(ח	not available (no open digital HeArukh/Meturgeman text)			—	yes
1050	long-tail	חסנא	1	Daniel.2.37	Biblical Aramaic (Daniel, Ezra) (B)	חסנ חסנא חוס חס	SENSE_CHOICE	several Hebrew senses (or two lemmas) — a reviewer must choose — AMBIGUOUS_SENSE חסנ: היה חזק | החזיק בדבר	חסנ: היה חזק [krupnik] | החזיק בדבר [krupnik] ;; חוס: חוס [jastrow] ;; חס: חס [jastrow]	חסנ: J(חֲסַן I): to be strong; Ithpa.; to take possession || J(חֲסַן II): Af.; to wean; to be weaned ;; חסנא: J(חִסְנָא): strength, power.; stronghold, store-house ;; חוס: J(חוּס bh): to bend over, have affection for; to protect, spare, hav	not available (no open digital HeArukh/Meturgeman text)			—	yes
1051	long-tail	חסני	1	Daniel.4.27	Biblical Aramaic (Daniel, Ezra) (B)	חסנ חסנא	MORPHOLOGY	a known lemma with a Hebrew sense is reachable, but a precision rule blocks the analysis — NO_ANALYSIS	חסנ: היה חזק [krupnik] | החזיק בדבר [krupnik]	חסנ: J(חֲסַן I): to be strong; Ithpa.; to take possession || J(חֲסַן II): Af.; to wean; to be weaned ;; חסנא: J(חִסְנָא): strength, power.; stronghold, store-house	not available (no open digital HeArukh/Meturgeman text)			—	yes
1052	long-tail	חרטמ	1	Daniel.2.10	Biblical Aramaic (Daniel, Ezra) (B)		TRUE_LEXICAL_GAP	no lexicon entry the form could belong to — NO_ANALYSIS	—	—	not available (no open digital HeArukh/Meturgeman text)			—	yes
1053	long-tail	חרצה	1	Daniel.5.6	Biblical Aramaic (Daniel, Ezra) (B)	חרצ חרצא	MORPHOLOGY	a known lemma with a Hebrew sense is reachable, but a precision rule blocks the analysis — NO_ANALYSIS	חרצ: חתך ושריטה [krupnik] | מתנים [krupnik] | חרץ [jastrow] ;; חרצא: חופר [krupnik] | חריץ [krupnik] | מתנים [krupnik]	חרצ: J(חָרַץ bh): to dig a cavity, to cut a trench; to decree, designate; Part. pass || J(חֲרַץ ch): to cut into; to be cut into || J(חֶרֶץ): incision, groove, mark of a seam || J(חֶרֶץ ² ch): loin ;; חרצא: J(חַרְצָא I): digging, a digger; 	not available (no open digital HeArukh/Meturgeman text)			—	yes
1054	long-tail	חשחות	1	Ezra.7.20	Biblical Aramaic (Daniel, Ezra) (B)		TRUE_LEXICAL_GAP	no lexicon entry the form could belong to — NO_ANALYSIS	—	—	not available (no open digital HeArukh/Meturgeman text)			—	yes
1055	long-tail	חשחינ	1	Daniel.3.16	Biblical Aramaic (Daniel, Ezra) (B)		TRUE_LEXICAL_GAP	no lexicon entry the form could belong to — NO_ANALYSIS	—	—	not available (no open digital HeArukh/Meturgeman text)			—	yes
1056	long-tail	חשחנ	1	Ezra.6.9	Biblical Aramaic (Daniel, Ezra) (B)		TRUE_LEXICAL_GAP	no lexicon entry the form could belong to — NO_ANALYSIS	—	—	not available (no open digital HeArukh/Meturgeman text)			—	yes
1057	long-tail	חשיבינ	1	Daniel.4.32	Biblical Aramaic (Daniel, Ezra) (B)	חשב חשיבא	MORPHOLOGY	a known lemma with a Hebrew sense is reachable, but a precision rule blocks the analysis — NO_ANALYSIS	חשב: חשוב [jastrow]	חשב: J(חָשַׁב bh): to think, intend, plan; Pi.; to consider, regard; to count || J(חֲשֵׁב): Part. pass; to plan, to count, calculate; to be planned ;; חשיבא: J(חֲשִׁיבָא): prominent person, notable	not available (no open digital HeArukh/Meturgeman text)			—	yes
1058	long-tail	טאב	1	Daniel.6.24	Biblical Aramaic (Daniel, Ezra) (B)	טאב טאבא	REVIEW_CANDIDATE	complete analysis below the review gate (fewer than 200 uses here) — REVIEW_GATE טאב/-/- "טוב" n=1	טאב: טוב [jastrow] ;; טאבא: טוב [krupnik]	טאב: J(טְאֵב): to be bright, good, well; to feel well, be happy. ;; טאבא: J(טָאבָא): good; thing	not available (no open digital HeArukh/Meturgeman text)	טוב	REVIEW	medium (~80% right in the sample)	yes
1059	long-tail	טות	1	Daniel.6.19	Biblical Aramaic (Daniel, Ezra) (B)	טוות טוה טוי	MORPHOLOGY	a known lemma with a Hebrew sense is reachable, but a precision rule blocks the analysis — NO_ANALYSIS	טוי: צלה [krupnik] | נצלה [krupnik] | טוי [jastrow]	טוות: J(טְוָות): ṭavi; clearness, emptiness; with an empty stomach, without meal, fasting. ;; טוה: K: to be spun | gesponnen werden ;; טוי: J(טוי bh): to go to and back; to spin; Part. pass || J(טְוִי II): to turn; to roast; to be roasted |	not available (no open digital HeArukh/Meturgeman text)			—	yes
1060	long-tail	טרפליא	1	Ezra.4.9	Biblical Aramaic (Daniel, Ezra) (B)		TRUE_LEXICAL_GAP	no lexicon entry the form could belong to — NO_ANALYSIS	—	—	not available (no open digital HeArukh/Meturgeman text)			—	yes
1061	long-tail	יאבדו	1	Jeremiah.10.11	Biblical Aramaic (Daniel, Ezra) (B)	אבד	MISSING_HEBREW_GLOSS	the dictionaries have the word, but no Hebrew sense (English only / Krupnik without Hebrew) — NO_ANALYSIS	—	אבד: J(אָבַד bh): to be pressed, go around in despair; to be given up; to be lost, perish; to be beyond reco || J(אֲבַּד ch): to be lost; to destroy; Pa. || J(אָבֵד): perishable, irretrievable	not available (no open digital HeArukh/Meturgeman text)			—	yes
1062	long-tail	יאכל	1	Daniel.4.30	Biblical Aramaic (Daniel, Ezra) (B)		TRUE_LEXICAL_GAP	no lexicon entry the form could belong to — NO_ANALYSIS	—	—	not available (no open digital HeArukh/Meturgeman text)			—	yes
1063	long-tail	יבהלוכ	1	Daniel.5.10	Biblical Aramaic (Daniel, Ezra) (B)		TRUE_LEXICAL_GAP	no lexicon entry the form could belong to — NO_ANALYSIS	—	—	not available (no open digital HeArukh/Meturgeman text)			—	yes
1064	long-tail	יבהלונה	1	Daniel.5.6	Biblical Aramaic (Daniel, Ezra) (B)		TRUE_LEXICAL_GAP	no lexicon entry the form could belong to — NO_ANALYSIS	—	—	not available (no open digital HeArukh/Meturgeman text)			—	yes
1065	long-tail	יבהלכ	1	Daniel.4.16	Biblical Aramaic (Daniel, Ezra) (B)		TRUE_LEXICAL_GAP	no lexicon entry the form could belong to — NO_ANALYSIS	—	—	not available (no open digital HeArukh/Meturgeman text)			—	yes
1066	long-tail	יבהלנה	1	Daniel.4.16	Biblical Aramaic (Daniel, Ezra) (B)		TRUE_LEXICAL_GAP	no lexicon entry the form could belong to — NO_ANALYSIS	—	—	not available (no open digital HeArukh/Meturgeman text)			—	yes
1067	long-tail	יבלא	1	Daniel.7.25	Biblical Aramaic (Daniel, Ezra) (B)	יבלא בלא בלי יבל	MORPHOLOGY	a known lemma with a Hebrew sense is reachable, but a precision rule blocks the analysis — RARE_UNREVIEWED יבלא// "פלג, יובל"	יבלא: פלג, יובל [krupnik] | יבל [jastrow] ;; בלא: סמרטוט [krupnik] | בלה [krupnik] | מחריב [krupnik] ;; בלי: השחית [krupnik] | הרבה [krupnik] | אלף [krupnik] | בטח [krupnik] | היה נשחת, נרקב [krupnik] | שחק, קילקל [krupnik] | נתקלקל [krupnik] | בלי [jastrow] ;; יבל: הביא, נשא [krupnik] | מוליך ומביא	יבלא: J(יִבְלָא I): cut, brook || J(*יִבְלָא II): withered piece || J(יַבְלָא): a species of grass, Cynodon; Agrostis; yablé ;; בלא: K: without | ohne || J(בַּלָּא): destroyer || J(בְּלָא): to be worn out || J(בְּלֹא): without ;; בלי: J(בלי	not available (no open digital HeArukh/Meturgeman text)			—	yes
1068	long-tail	יבנונ	1	Ezra.6.7	Biblical Aramaic (Daniel, Ezra) (B)	בנא בני	MORPHOLOGY	a known lemma with a Hebrew sense is reachable, but a precision rule blocks the analysis — NO_ANALYSIS	בנא: עשה בנין [krupnik] | נבנה כמקדם [krupnik] ;; בני: עשה בנין [krupnik] | בנה [jastrow]	בני: J(בני bh): to combine; to build; to educate, train	not available (no open digital HeArukh/Meturgeman text)			—	yes
1069	long-tail	יבעונ	1	Daniel.4.33	Biblical Aramaic (Daniel, Ezra) (B)	בעה בעי נבע	MORPHOLOGY	a known lemma with a Hebrew sense is reachable, but a precision rule blocks the analysis — NO_ANALYSIS	בעה: שאל, ביקש [he] ;; בעי: שאל [krupnik] | התפלל, בקש רחמים [krupnik] | היה צריך [krupnik] | נתבקש [krupnik] | נבהל ללכת [krupnik] | נשאל [krupnik] | צריך להיות [krupnik] | פיהק [krupnik] | בעי [jastrow] ;; נבע: נבע [jastrow]	בעה: K: to destroy the crop | abweiden ;; בעי: K: not only … but | nicht nur … sondern auch || J(בעי bh): to enter into, split;; to be empty, bare; to lay bare, destroy the crop || J(בְּעֵי I ch): to search, inquire, ask, examine; uba hash-	not available (no open digital HeArukh/Meturgeman text)			—	yes
1070	long-tail	יבקר	1	Ezra.4.15	Biblical Aramaic (Daniel, Ezra) (B)	בקר	MORPHOLOGY	a known lemma with a Hebrew sense is reachable, but a precision rule blocks the analysis — NO_ANALYSIS	בקר: פֻעל נבדק [krupnik] | הפקיר [krupnik] | נבדק [krupnik] | נשאל מה שלומו [krupnik] | היה להפקר [krupnik] | בדק [krupnik] | בדק [krupnik] | שאל בשלום החולה [krupnik] | שאל בשלום החולה [krupnik] | הפקיר [krupnik] | הפקיר [krupnik] | רועה בקר [krupnik] | בקר [jastrow]	בקר: K: to glean | Nachlese halten || K: to let the herd graze | weiden lassen || J(בָּקַר bh): to enter into, to clear, split;; to eat up; to break forth, shine || J(בְּקַר ch): Pa.; to search, examine; to clear, glean || J(בֹּקֶר bh): mor	not available (no open digital HeArukh/Meturgeman text)			—	yes
1071	long-tail	יבשתא	1	Daniel.2.10	Biblical Aramaic (Daniel, Ezra) (B)	יבשתא יבש יבשת	MORPHOLOGY	a known lemma with a Hebrew sense is reachable, but a precision rule blocks the analysis — RARE_UNREVIEWED יבשתא// "יבשה"	יבשתא: יבשה [jastrow] ;; יבש: היה יבש, נתיבש [krupnik] | עשה יבש [krupnik] | נעשה יבש [krupnik] | יבש [jastrow] | יבש [jastrow]	יבש: J(יָבֵשׁ I bh): parched, dry, withered; Fem || J(יָבֵשׁ ch): Fem || J(יָבֵשׁ II bh): to be dry, to wither; to dry up || J(יְבֵשׁ ch): to dry; to be dried up, withered ;; יבשת: J(יַבֶּשֶׁת): dry fruits, dried vegetables	not available (no open digital HeArukh/Meturgeman text)			—	yes
1072	long-tail	יגר	1	Genesis.31.47	Biblical Aramaic (Daniel, Ezra) (B)	יגר	MORPHOLOGY	a known lemma with a Hebrew sense is reachable, but a precision rule blocks the analysis — RARE_UNREVIEWED יגר// "אגור"	יגר: אגור [jastrow]	יגר: J(יְגָר ch): hill, heap of stones; Y’gar Sahădutha	not available (no open digital HeArukh/Meturgeman text)			—	yes
1073	long-tail	ידא	1	Daniel.5.24	Biblical Aramaic (Daniel, Ezra) (B)	ידא יד אדי ידי	MORPHOLOGY	a known lemma with a Hebrew sense is reachable, but a precision rule blocks the analysis — RARE_UNREVIEWED ידא// "יד"	ידא: עף, פרח [krupnik] | יד [krupnik] | על ידי [krupnik] ;; יד: יד [jastrow] | על ידי [jastrow] | ע"י ש [jastrow] ;; אדי: זרק [krupnik] ;; ידי: הודה על האמת, התודה [krupnik] | הביע את תודתו [krupnik]	יד: J(יָד): hand; forefoot; handle; liberality ;; אדי: J(אֲדִי): to swing, throw, pitch ;; ידי: J(ידי bh): to point, move; to raise hands; to thank, acknowledge; to give praise || J(יְדִי ch): Ithpa.; to confess; Hif.	not available (no open digital HeArukh/Meturgeman text)			—	yes
1074	long-tail	ידורנ	1	Daniel.4.9	Biblical Aramaic (Daniel, Ezra) (B)	דור	MORPHOLOGY	a known lemma with a Hebrew sense is reachable, but a precision rule blocks the analysis — NO_ANALYSIS	דור: הכניס [krupnik] | נזבל [krupnik] | גר, שכן [krupnik] | זר, מסגרת [krupnik] | עור ממולא [krupnik] | שורה [krupnik] | דור [jastrow]	דור: K: to manure | düngen || J(דּוּר I bh): to form a circle or enclosure; to reside, dwell; hadar || J(דּוּר ch): to dwell; to go around, to peddle; to deposit manure || J(דּוּר II): rim, wreath. || J(*דּוּר III): stuffed bag || J(דּוֹר b	not available (no open digital HeArukh/Meturgeman text)			—	yes
1075	long-tail	ידי	1	Daniel.3.15	Biblical Aramaic (Daniel, Ezra) (B)	ידי יד אדי ידא	MISSING_HEBREW_GLOSS	the dictionaries have the word, but no Hebrew sense (English only / Krupnik without Hebrew) — NO_HEBREW_SENSE ידי	ידי: הודה על האמת, התודה [krupnik] | הביע את תודתו [krupnik] ;; יד: יד [jastrow] | על ידי [jastrow] | ע"י ש [jastrow] ;; אדי: זרק [krupnik] ;; ידא: עף, פרח [krupnik] | יד [krupnik] | על ידי [krupnik]	ידי: J(ידי bh): to point, move; to raise hands; to thank, acknowledge; to give praise || J(יְדִי ch): Ithpa.; to confess; Hif. ;; יד: J(יָד): hand; forefoot; handle; liberality ;; אדי: J(אֲדִי): to swing, throw, pitch	not available (no open digital HeArukh/Meturgeman text)			—	yes
1076	long-tail	ידכ	1	Daniel.3.17	Biblical Aramaic (Daniel, Ezra) (B)	יד	MORPHOLOGY	a known lemma with a Hebrew sense is reachable, but a precision rule blocks the analysis — NO_ANALYSIS	יד: יד [jastrow] | על ידי [jastrow] | ע"י ש [jastrow]	יד: J(יָד): hand; forefoot; handle; liberality	not available (no open digital HeArukh/Meturgeman text)			—	yes
1077	long-tail	ידעי	1	Ezra.7.25	Biblical Aramaic (Daniel, Ezra) (B)	ידע	MORPHOLOGY	a known lemma with a Hebrew sense is reachable, but a precision rule blocks the analysis — NO_ANALYSIS	ידע: ידע [jastrow] | הודיע [reviewed]	ידע: J(יָדַע bh): to point out, select, love; to recognize, know; to find out; Part. pass || J(יְדַע ch): Hif.; Part. pass; friend	not available (no open digital HeArukh/Meturgeman text)			—	yes
1078	long-tail	ידעינ	1	Daniel.5.23	Biblical Aramaic (Daniel, Ezra) (B)	ידע	MORPHOLOGY	a known lemma with a Hebrew sense is reachable, but a precision rule blocks the analysis — NO_ANALYSIS	ידע: ידע [jastrow] | הודיע [reviewed]	ידע: J(יָדַע bh): to point out, select, love; to recognize, know; to find out; Part. pass || J(יְדַע ch): Hif.; Part. pass; friend	not available (no open digital HeArukh/Meturgeman text)			—	yes
1079	long-tail	ידרונ	1	Daniel.4.9	Biblical Aramaic (Daniel, Ezra) (B)	דרא דרי נדר	MORPHOLOGY	a known lemma with a Hebrew sense is reachable, but a precision rule blocks the analysis — NO_ANALYSIS	דרא: דור [krupnik] | שורה [krupnik] | מדורה [krupnik] | מין אבן טובה [krupnik] | נשא [krupnik] | זרה [krupnik] ;; דרי: נשא, סבל [krupnik] | קפץ אל־ [krupnik] | זרה [jastrow] ;; נדר: חייב ואסר בתורת נדר [krupnik] | נדר [jastrow] | נדר [jastrow]	דרא: K: court | Hof || K: damp | feucht || J(דָּרָא II): court; shed || J(דְּרָא): to winnow;; to carry ;; דרי: K: to scatter, to winnow | streuen; worfeln || J(דְּרֵי I): to scatter, strew; to winnow; vayissaëm; tissaëm || J(דְּרֵי II): to	not available (no open digital HeArukh/Meturgeman text)			—	yes
1080	long-tail	יהבדונ	1	Daniel.2.18	Biblical Aramaic (Daniel, Ezra) (B)		TRUE_LEXICAL_GAP	no lexicon entry the form could belong to — NO_ANALYSIS	—	—	not available (no open digital HeArukh/Meturgeman text)			—	yes
1081	long-tail	יהבינ	1	Daniel.6.3	Biblical Aramaic (Daniel, Ezra) (B)	יהב יהבא	MISSING_HEBREW_GLOSS	the dictionaries have the word, but no Hebrew sense (English only / Krupnik without Hebrew) — NO_HEBREW_SENSE יהב	יהבא: משא [krupnik] | יהב [jastrow]	יהב: J(יְהַב): to give; to deal; to put, place ;; יהבא: J(יְהָבָא): that which is put on; bundle, load; y’haba	not available (no open digital HeArukh/Meturgeman text)			—	yes
1082	long-tail	יהבת	1	Daniel.2.23	Biblical Aramaic (Daniel, Ezra) (B)	יהבת יהבית יהב	MORPHOLOGY	a known lemma with a Hebrew sense is reachable, but a precision rule blocks the analysis — RARE_UNREVIEWED יהבת// "מתנה"	יהבת: מתנה [krupnik] ;; יהבית: מתנה [krupnik] | מתן שכר [jastrow]	יהבית: J(יְהָבִית): giving; share, dispensation ;; יהב: J(יְהַב): to give; to deal; to put, place	not available (no open digital HeArukh/Meturgeman text)			—	yes
1083	long-tail	יהודאינ	1	Daniel.3.12	Biblical Aramaic (Daniel, Ezra) (B)	יהודאה יהודאי יהודאיתא	MORPHOLOGY	a known lemma with a Hebrew sense is reachable, but a precision rule blocks the analysis — RARE_UNREVIEWED יהודאה/n.pl/ "יהודי"	יהודאה: יהודי [krupnik] | יהודי [jastrow] ;; יהודאי: יהודי [krupnik] ;; יהודאיתא: בת ישראל [krupnik]	יהודאה: J(יְהוּדָאָה ch): Fem	not available (no open digital HeArukh/Meturgeman text)			—	yes
1084	long-tail	יהודע	1	Daniel.2.25	Biblical Aramaic (Daniel, Ezra) (B)		TRUE_LEXICAL_GAP	no lexicon entry the form could belong to — NO_ANALYSIS	—	—	not available (no open digital HeArukh/Meturgeman text)			—	yes
1085	long-tail	יהודעונ	1	Daniel.2.30	Biblical Aramaic (Daniel, Ezra) (B)		TRUE_LEXICAL_GAP	no lexicon entry the form could belong to — NO_ANALYSIS	—	—	not available (no open digital HeArukh/Meturgeman text)			—	yes
1086	long-tail	יהחוה	1	Daniel.5.12	Biblical Aramaic (Daniel, Ezra) (B)		TRUE_LEXICAL_GAP	no lexicon entry the form could belong to — NO_ANALYSIS	—	—	not available (no open digital HeArukh/Meturgeman text)			—	yes
1087	long-tail	יהעדונ	1	Daniel.7.26	Biblical Aramaic (Daniel, Ezra) (B)		TRUE_LEXICAL_GAP	no lexicon entry the form could belong to — NO_ANALYSIS	—	—	not available (no open digital HeArukh/Meturgeman text)			—	yes
1088	long-tail	יהשנא	1	Ezra.6.11	Biblical Aramaic (Daniel, Ezra) (B)		TRUE_LEXICAL_GAP	no lexicon entry the form could belong to — NO_ANALYSIS	—	—	not available (no open digital HeArukh/Meturgeman text)			—	yes
1089	long-tail	יהשפל	1	Daniel.7.24	Biblical Aramaic (Daniel, Ezra) (B)		TRUE_LEXICAL_GAP	no lexicon entry the form could belong to — NO_ANALYSIS	—	—	not available (no open digital HeArukh/Meturgeman text)			—	yes
1090	long-tail	יהתיבונ	1	Ezra.6.5	Biblical Aramaic (Daniel, Ezra) (B)		TRUE_LEXICAL_GAP	no lexicon entry the form could belong to — NO_ANALYSIS	—	—	not available (no open digital HeArukh/Meturgeman text)			—	yes
1091	long-tail	יוכל	1	Daniel.2.10	Biblical Aramaic (Daniel, Ezra) (B)	יכול יוכלא כול אכל	MORPHOLOGY	a known lemma with a Hebrew sense is reachable, but a precision rule blocks the analysis — NO_ANALYSIS	יכול: שמא תאמר [krupnik] | כאילו [krupnik] ;; יוכלא: יבולת [krupnik] | יכולת [jastrow] ;; כול: מדד [krupnik] | כול [jastrow] | כל [jastrow] | כל שכן [jastrow] ;; אכל: אכל [jastrow]	יכול: J(יָכוֹל bh): capable, able to sustain, enduring;; to be capable, able; one can, may; it is possible; yo ;; יוכלא: J(יוּכְלָא ch): power, ability ;; כול: J(כּוּל bh): to enclose; to measure. || J(כּוּל ² ch): kor; kab; kab || J(כּוֹל 	not available (no open digital HeArukh/Meturgeman text)			—	yes
1092	long-tail	יומיה	1	Daniel.4.31	Biblical Aramaic (Daniel, Ezra) (B)	יומ יומא	MORPHOLOGY	a known lemma with a Hebrew sense is reachable, but a precision rule blocks the analysis — NO_ANALYSIS	יומ: יום [jastrow] ;; יומא: יום [krupnik] | שמש [krupnik]	יומ: J(יוֹם bh): light, day; astronomical; day; || J(יוֹם ² ch): at once; of the same day, one day old, used the same day; Yoma ;; יומא: K: name of a treatise of the Talmud on the order of exercises of the Day of Atonement | Name eines Talm	not available (no open digital HeArukh/Meturgeman text)			—	yes
1093	long-tail	יחונה	1	Daniel.2.11	Biblical Aramaic (Daniel, Ezra) (B)		TRUE_LEXICAL_GAP	no lexicon entry the form could belong to — NO_ANALYSIS	—	—	not available (no open digital HeArukh/Meturgeman text)			—	yes
1094	long-tail	יחונני	1	Daniel.5.7	Biblical Aramaic (Daniel, Ezra) (B)		TRUE_LEXICAL_GAP	no lexicon entry the form could belong to — NO_ANALYSIS	—	—	not available (no open digital HeArukh/Meturgeman text)			—	yes
1095	long-tail	יחיטו	1	Ezra.4.12	Biblical Aramaic (Daniel, Ezra) (B)		TRUE_LEXICAL_GAP	no lexicon entry the form could belong to — NO_ANALYSIS	—	—	not available (no open digital HeArukh/Meturgeman text)			—	yes
1096	long-tail	יטעמונה	1	Daniel.5.21	Biblical Aramaic (Daniel, Ezra) (B)		TRUE_LEXICAL_GAP	no lexicon entry the form could belong to — NO_ANALYSIS	—	—	not available (no open digital HeArukh/Meturgeman text)			—	yes
1097	long-tail	ייטב	1	Ezra.7.18	Biblical Aramaic (Daniel, Ezra) (B)	יטב	MORPHOLOGY	a known lemma with a Hebrew sense is reachable, but a precision rule blocks the analysis — NO_ANALYSIS	יטב: היה טוב [krupnik] | עשה טובה [krupnik]	יטב: J(יָטַב): part. Hof || J(יְטַב ch): to be good, well; to do good, be kind; to do a thing well	not available (no open digital HeArukh/Meturgeman text)			—	yes
1098	long-tail	יכלת	1	Daniel.2.47	Biblical Aramaic (Daniel, Ezra) (B)	יכולת	MISSING_HEBREW_GLOSS	the dictionaries have the word, but no Hebrew sense (English only / Krupnik without Hebrew) — NO_ANALYSIS	—	יכולת: J(יְכוֹלֶת bh): power, ability	not available (no open digital HeArukh/Meturgeman text)			—	yes
1099	long-tail	ילבש	1	Daniel.5.7	Biblical Aramaic (Daniel, Ezra) (B)	לבש	MORPHOLOGY	a known lemma with a Hebrew sense is reachable, but a precision rule blocks the analysis — NO_ANALYSIS	לבש: לבש [jastrow]	לבש: J(לָבַשׁ bh): to join closely; garment; to be dressed || J(לְבֵשׁ ch): to clothe; to take hold of, seize	not available (no open digital HeArukh/Meturgeman text)			—	yes
1100	long-tail	ימא	1	Daniel.7.3	Biblical Aramaic (Daniel, Ezra) (B)	ימא ימי אמא ימ	MORPHOLOGY	a known lemma with a Hebrew sense is reachable, but a precision rule blocks the analysis — RARE_UNREVIEWED ימא// "ים"	ימא: ים [jastrow] ;; ימי: נשבע [krupnik] | השביע [krupnik] ;; אמא: אמר [krupnik] | אם, אמי [krupnik] | אמה [jastrow] ;; ימ: בית קבול ביקב [krupnik]	ימא: J(יַמָּא ch): Yammé ;; ימי: J(יְמֵי): to speak; to swear; to cause to swear ;; אמא: J(אַמָּא): cubit || J(אֲמָא II): to join; to say, speak, think; does it mean to say? ;; ימ: J(יָם bh): sea, lake, reservoir; the cosmetic paint bottle;	not available (no open digital HeArukh/Meturgeman text)			—	yes
1101	long-tail	ימגר	1	Ezra.6.12	Biblical Aramaic (Daniel, Ezra) (B)	מגר	MORPHOLOGY	a known lemma with a Hebrew sense is reachable, but a precision rule blocks the analysis — NO_ANALYSIS	מגר: הפיל [krupnik] | השמיד [krupnik] | נשמד ונכרת [krupnik] | שכן [krupnik]	מגר: K: saw | Säge || J(מְגַר): to drag down; to throw over; to scrape off; to diminish, destroy	not available (no open digital HeArukh/Meturgeman text)			—	yes
1102	long-tail	ימחא	1	Daniel.4.32	Biblical Aramaic (Daniel, Ezra) (B)	מחי מחה	SENSE_CHOICE	several Hebrew senses (or two lemmas) — a reviewer must choose — AMBIGUOUS_SENSE מחי: מחה ומחק | התנגד וערער	מחי: הכה [krupnik] | ארג, טוה [krupnik] | מחה ומחק [krupnik] | התנגד וערער [krupnik] | הוכרז למומחה ומנוסה [krupnik] | הוכה [krupnik] | נמחה [krupnik] | נתמזמז [krupnik] ;; מחה: קנח וניקה [krupnik] | המיס [krupnik] | נתן פקודה לאחר לשלם [krupnik] | קבל למומחה [krupnik]	מחי: J(מחי): to rub, wipe out; to wear out, destroy; to strike out, annul; to protest against || J(מְחִי): to dissolve, mash; to wipe off, blot out; to protest || J(מְחִי ²): to diminish; to smite, wound; to be smitten || J(מָחֵי): stitcher	not available (no open digital HeArukh/Meturgeman text)			—	yes
1103	long-tail	ימלל	1	Daniel.7.25	Biblical Aramaic (Daniel, Ezra) (B)	מלל	MORPHOLOGY	a known lemma with a Hebrew sense is reachable, but a precision rule blocks the analysis — NO_ANALYSIS	מלל: פירר וריסק [krupnik] | עשה שולים [krupnik] | דיבר [krupnik] | היה מדובר [krupnik] | שפה, שולים [krupnik] | מלל [jastrow]	מלל: J(מָלָל): border, hem. || J(מָלַל I): to hem, edge || J(מָלַל II bh): to crush, squeeze; to rub ears; to stir a mush, make a pulp || J(מָלַל III): Pi.; to present, show; to proclaim, utter, speak || J(מְלַל II ch): to speak; to be spok	not available (no open digital HeArukh/Meturgeman text)			—	yes
1104	long-tail	ינדעונ	1	Daniel.4.14	Biblical Aramaic (Daniel, Ezra) (B)		TRUE_LEXICAL_GAP	no lexicon entry the form could belong to — NO_ANALYSIS	—	—	not available (no open digital HeArukh/Meturgeman text)			—	yes
1105	long-tail	ינתנ	1	Daniel.2.16	Biblical Aramaic (Daniel, Ezra) (B)		TRUE_LEXICAL_GAP	no lexicon entry the form could belong to — NO_ANALYSIS	—	—	not available (no open digital HeArukh/Meturgeman text)			—	yes
1106	long-tail	ינתנונ	1	Ezra.4.13	Biblical Aramaic (Daniel, Ezra) (B)		TRUE_LEXICAL_GAP	no lexicon entry the form could belong to — NO_ANALYSIS	—	—	not available (no open digital HeArukh/Meturgeman text)			—	yes
1107	long-tail	יסגדונ	1	Daniel.3.28	Biblical Aramaic (Daniel, Ezra) (B)	סגד	MISSING_HEBREW_GLOSS	the dictionaries have the word, but no Hebrew sense (English only / Krupnik without Hebrew) — NO_ANALYSIS	—	סגד: J(סְגַד bh): to bend, bow; to worship	not available (no open digital HeArukh/Meturgeman text)			—	yes
1108	long-tail	יעדה	1	Daniel.7.14	Biblical Aramaic (Daniel, Ezra) (B)	יעידה יעד עדא עדי	MORPHOLOGY	a known lemma with a Hebrew sense is reachable, but a precision rule blocks the analysis — NO_ANALYSIS	יעד: התרה והזהיר [krupnik] | הוזהר [krupnik] ;; עדא: שובב [krupnik] ;; עדי: עדי [jastrow] | עדי [jastrow]	יעידה: J(יְעִידָה): appointment, divine call; statement of facts, testimony ;; יעד: K: to designate, esp. to designate a Hebrew handmaid as his wife | bestimmen, insbes. seine jüdische Sklavin zur Ehefrau wählen || J(יָעַד bh): to appoint;;	not available (no open digital HeArukh/Meturgeman text)			—	yes
1109	long-tail	יעטהי	1	Ezra.7.14	Biblical Aramaic (Daniel, Ezra) (B)		TRUE_LEXICAL_GAP	no lexicon entry the form could belong to — NO_ANALYSIS	—	—	not available (no open digital HeArukh/Meturgeman text)			—	yes
1110	long-tail	יצבה	1	Daniel.5.21	Biblical Aramaic (Daniel, Ezra) (B)	יצב צבה צבי	MORPHOLOGY	a known lemma with a Hebrew sense is reachable, but a precision rule blocks the analysis — NO_ANALYSIS	יצב: פַּעל, ביסס [krupnik] | יצב [jastrow] ;; צבי: חפץ, רצה [krupnik]	יצב: J(יָצַב bh): to stand, be erect; to place one’s self; to be firm || J(יְצַב ch): to establish; to ascertain ;; צבה: K: to swell | anschwellen || K: to cause the appearance of being swollen | tun, als ob man geschwollen ist ;; צבי: J(צב	not available (no open digital HeArukh/Meturgeman text)			—	yes
1111	long-tail	יציב	1	Daniel.2.8	Biblical Aramaic (Daniel, Ezra) (B)	יציב יצב נצב	MISSING_HEBREW_GLOSS	the dictionaries have the word, but no Hebrew sense (English only / Krupnik without Hebrew) — NO_HEBREW_SENSE יציב	יציב: יציב [jastrow] ;; יצב: פַּעל, ביסס [krupnik] | יצב [jastrow] ;; נצב: נטע [krupnik] | קבע, חיזק [krupnik] | נצב [jastrow]	יציב: J(יַצִּיב): firm, irrefutable.; true and irrefutable; vayomer || J(יַצִּיב ² ch): firmly planted; native, citizen ;; יצב: J(יָצַב bh): to stand, be erect; to place one’s self; to be firm || J(יְצַב ch): to establish; to ascertain ;; נ	not available (no open digital HeArukh/Meturgeman text)			—	yes
1112	long-tail	יקירה	1	Daniel.2.11	Biblical Aramaic (Daniel, Ezra) (B)	יקירא יקר יקיר	MORPHOLOGY	a known lemma with a Hebrew sense is reachable, but a precision rule blocks the analysis — NO_ANALYSIS	יקירא: כבד [krupnik] | נכבד [krupnik] | יקר המחיר [krupnik] ;; יקר: כיבד [krupnik] | התגאה [krupnik] | נעשה יקר [krupnik] | היה כבד [krupnik] | היה יקר [krupnik] | הכביד [krupnik] | כיבד [krupnik] | נתן במתנה [krupnik] | נעשה כבד [krupnik] | היה נכבד [krupnik] | נתיקר במחירו [krupnik] | יקר [jastrow	יקר: J(יָקַר bh): to be heavy;; to be weighty, important, honored; to be dear, precious; to hold dear || J(יְקַר ch): to be heavy; to be dear, precious; to make heavy || J(יָקָר bh): heavy; dear, precious, worthy; honored; Pl.; Fem. || J(יְ	not available (no open digital HeArukh/Meturgeman text)			—	yes
1113	long-tail	יקמונ	1	Daniel.7.24	Biblical Aramaic (Daniel, Ezra) (B)		TRUE_LEXICAL_GAP	no lexicon entry the form could belong to — NO_ANALYSIS	—	—	not available (no open digital HeArukh/Meturgeman text)			—	yes
1114	long-tail	יקרה	1	Daniel.5.7	Biblical Aramaic (Daniel, Ezra) (B)	יקר קרא קרי יקרתא	MORPHOLOGY	a known lemma with a Hebrew sense is reachable, but a precision rule blocks the analysis — NO_ANALYSIS	יקר: כיבד [krupnik] | התגאה [krupnik] | נעשה יקר [krupnik] | היה כבד [krupnik] | היה יקר [krupnik] | הכביד [krupnik] | כיבד [krupnik] | נתן במתנה [krupnik] | נעשה כבד [krupnik] | היה נכבד [krupnik] | נתיקר במחירו [krupnik] | יקר [jastrow] | יקר [jastrow] ;; קרא: קשוא בצורת בקבוק [krupnik] | בקי במקר	יקר: J(יָקַר bh): to be heavy;; to be weighty, important, honored; to be dear, precious; to hold dear || J(יְקַר ch): to be heavy; to be dear, precious; to make heavy || J(יָקָר bh): heavy; dear, precious, worthy; honored; Pl.; Fem. || J(יְ	not available (no open digital HeArukh/Meturgeman text)			—	yes
1115	long-tail	יקרונ	1	Daniel.5.15	Biblical Aramaic (Daniel, Ezra) (B)	יקר קרא קרי קרנ	MORPHOLOGY	a known lemma with a Hebrew sense is reachable, but a precision rule blocks the analysis — NO_ANALYSIS	יקר: כיבד [krupnik] | התגאה [krupnik] | נעשה יקר [krupnik] | היה כבד [krupnik] | היה יקר [krupnik] | הכביד [krupnik] | כיבד [krupnik] | נתן במתנה [krupnik] | נעשה כבד [krupnik] | היה נכבד [krupnik] | נתיקר במחירו [krupnik] | יקר [jastrow] | יקר [jastrow] ;; קרא: קשוא בצורת בקבוק [krupnik] | בקי במקר	יקר: J(יָקַר bh): to be heavy;; to be weighty, important, honored; to be dear, precious; to hold dear || J(יְקַר ch): to be heavy; to be dear, precious; to make heavy || J(יָקָר bh): heavy; dear, precious, worthy; honored; Pl.; Fem. || J(יְ	not available (no open digital HeArukh/Meturgeman text)			—	yes
1116	long-tail	ירחינ	1	Daniel.4.26	Biblical Aramaic (Daniel, Ezra) (B)	ירח ירחא	MORPHOLOGY	a known lemma with a Hebrew sense is reachable, but a precision rule blocks the analysis — RARE_UNREVIEWED ירח/n.pl/ "ירח"	ירח: ירח [jastrow] ;; ירחא: יֶרח, חודש [krupnik]	ירח: J(יָרֵחַ bh): traveller; moon || J(יֶרַח): arḥu; month; Yeraḥ || J(יְרַח ch): moon; month; first day of the month, New-Moon-Day	not available (no open digital HeArukh/Meturgeman text)			—	yes
1117	long-tail	ישאלנכונ	1	Ezra.7.21	Biblical Aramaic (Daniel, Ezra) (B)		TRUE_LEXICAL_GAP	no lexicon entry the form could belong to — NO_ANALYSIS	—	—	not available (no open digital HeArukh/Meturgeman text)			—	yes
1118	long-tail	ישיזב	1	Daniel.3.17	Biblical Aramaic (Daniel, Ezra) (B)	שיזב	MORPHOLOGY	a known lemma with a Hebrew sense is reachable, but a precision rule blocks the analysis — NO_ANALYSIS	שיזב: הציל [krupnik] | ניצול [krupnik]	שיזב: J(שֵׁיזֵב): to release, save; to be delivered; to be saved, spared	not available (no open digital HeArukh/Meturgeman text)			—	yes
1119	long-tail	ישיזבנכ	1	Daniel.6.17	Biblical Aramaic (Daniel, Ezra) (B)		TRUE_LEXICAL_GAP	no lexicon entry the form could belong to — NO_ANALYSIS	—	—	not available (no open digital HeArukh/Meturgeman text)			—	yes
1120	long-tail	ישיזבנכונ	1	Daniel.3.15	Biblical Aramaic (Daniel, Ezra) (B)		TRUE_LEXICAL_GAP	no lexicon entry the form could belong to — NO_ANALYSIS	—	—	not available (no open digital HeArukh/Meturgeman text)			—	yes
1121	long-tail	ישכננ	1	Daniel.4.18	Biblical Aramaic (Daniel, Ezra) (B)	שכנ	MORPHOLOGY	a known lemma with a Hebrew sense is reachable, but a precision rule blocks the analysis — NO_ANALYSIS	שכנ: שכן [jastrow]	שכנ: K: for | da, denn || J(שָׁכַן bh): to dwell, rest; to cause to dwell, establish; to make prosperous || J(שְׁכַן ch): to dwell, sit, nest; to rest, settle; to cause to dwell || J(שָׁכֵן bh): settler, neighbor; Fem	not available (no open digital HeArukh/Meturgeman text)			—	yes
1122	long-tail	ישלט	1	Daniel.5.7	Biblical Aramaic (Daniel, Ezra) (B)	שלט	MORPHOLOGY	a known lemma with a Hebrew sense is reachable, but a precision rule blocks the analysis — NO_ANALYSIS	שלט: משל [krupnik] | נעשה שליט, נתיפה כחו [krupnik] | שלט [jastrow]	שלט: J(שָׁלַט bh): to handle; to rule, have power over; zohăma || J(שְׁלַט ch): to handle; to give power, appoint; to be made || J(שֶׁלֶט bh): armor, shields;; arm-bearers; the righteous as the protectors of their generation	not available (no open digital HeArukh/Meturgeman text)			—	yes
1123	long-tail	ישמע	1	Daniel.3.10	Biblical Aramaic (Daniel, Ezra) (B)	שמע	MORPHOLOGY	a known lemma with a Hebrew sense is reachable, but a precision rule blocks the analysis — NO_ANALYSIS	שמע: שמע והקשיב [krupnik] | הבין [krupnik] | שרת [krupnik] | השמיע [krupnik] | הורה, הודיע [krupnik] | נשמע [krupnik] | נכנע [krupnik] | שמע [jastrow] | שמע [jastrow] | השמיע [reviewed]	שמע: K: recitation of the Sh'ma (Deut. 6, 4-9) | zweimal täglich zu rezitierender Abschnitt des Pentateuchs || J(שָׁמַע bh): to be still,; to hear, listen, obey; to understand; m’ḳuddash || J(שְׁמַע I ch): he knows of; to understand from, t	not available (no open digital HeArukh/Meturgeman text)			—	yes
1124	long-tail	ישמשונה	1	Daniel.7.10	Biblical Aramaic (Daniel, Ezra) (B)		TRUE_LEXICAL_GAP	no lexicon entry the form could belong to — NO_ANALYSIS	—	—	not available (no open digital HeArukh/Meturgeman text)			—	yes
1125	long-tail	ישנא	1	Daniel.7.24	Biblical Aramaic (Daniel, Ezra) (B)	שנא ישנ שנה שני יש	MORPHOLOGY	a known lemma with a Hebrew sense is reachable, but a precision rule blocks the analysis — RARE_UNREVIEWED שנא/pe.impf.3ms/ "ישנה"	שנא: שנא [jastrow] | שנה [jastrow] ;; ישנ: הניח בלי שמוש [krupnik] | נשתמר זמן רב [krupnik] ;; שני: חזר, כפל [krupnik] | היה משונה, שונה [krupnik] | שינה והחליף [krupnik] | השיב [krupnik] | שינה והחליף [krupnik] | נשתנה ונתחלף [krupnik] | שני [jastrow]	שנא: J(שָׂנֵא bh): to hate; to be hated; y’shunne || J(שְׁנָא I): to change || J(שְׁנָא II ch): year ;; ישנ: K: to store, to reserve | aufbewahren, alt werden lassen || J(יָשֵׁן I bh): to recover strength; to sleep; to be idle, lazy || J(יָ	not available (no open digital HeArukh/Meturgeman text)			—	yes
1126	long-tail	ישנונ	1	Daniel.4.13	Biblical Aramaic (Daniel, Ezra) (B)	ישנ שנה שני שננ שנא	MORPHOLOGY	a known lemma with a Hebrew sense is reachable, but a precision rule blocks the analysis — NO_ANALYSIS	ישנ: הניח בלי שמוש [krupnik] | נשתמר זמן רב [krupnik] ;; שני: חזר, כפל [krupnik] | היה משונה, שונה [krupnik] | שינה והחליף [krupnik] | השיב [krupnik] | שינה והחליף [krupnik] | נשתנה ונתחלף [krupnik] | שני [jastrow] ;; שננ: ליטש וחידד [krupnik] | נלטש והוחד [krupnik] | צוק סלע [krupnik] | שנן [jastro	ישנ: K: to store, to reserve | aufbewahren, alt werden lassen || J(יָשֵׁן I bh): to recover strength; to sleep; to be idle, lazy || J(יָשֵׁן II bh): asleep, inactive || J(יָשַׁן bh): to be strong, hard, old; to let grow old; strong || J(יָש	not available (no open digital HeArukh/Meturgeman text)			—	yes
1127	long-tail	ישפר	1	Daniel.4.24	Biblical Aramaic (Daniel, Ezra) (B)	שפר	MORPHOLOGY	a known lemma with a Hebrew sense is reachable, but a precision rule blocks the analysis — NO_ANALYSIS	שפר: הידר [krupnik] | היה יפה [krupnik] | התיפה [krupnik] | מבחר, מיטב [krupnik] | שפר [jastrow] | שפר [jastrow]	שפר: K: to be adorned | sich schmücken || J(שָׁפַר bh): to be smooth, rounded; to be pleasing, good, cheerful; to cleanse, make pleasing; to conci || J(שְׁפַר ch): to cleanse, make handsome, pleasant; Pa.; to make one’s self fair, adorn one	not available (no open digital HeArukh/Meturgeman text)			—	yes
1128	long-tail	ישתוה	1	Daniel.3.29	Biblical Aramaic (Daniel, Ezra) (B)		TRUE_LEXICAL_GAP	no lexicon entry the form could belong to — NO_ANALYSIS	—	—	not available (no open digital HeArukh/Meturgeman text)			—	yes
1129	long-tail	ישתנא	1	Daniel.2.9	Biblical Aramaic (Daniel, Ezra) (B)		TRUE_LEXICAL_GAP	no lexicon entry the form could belong to — NO_ANALYSIS	—	—	not available (no open digital HeArukh/Meturgeman text)			—	yes
1130	long-tail	ישתנו	1	Daniel.5.10	Biblical Aramaic (Daniel, Ezra) (B)	שני	MORPHOLOGY	a known lemma with a Hebrew sense is reachable, but a precision rule blocks the analysis — NO_ANALYSIS	שני: חזר, כפל [krupnik] | היה משונה, שונה [krupnik] | שינה והחליף [krupnik] | השיב [krupnik] | שינה והחליף [krupnik] | נשתנה ונתחלף [krupnik] | שני [jastrow]	שני: J(שָׁנִי bh): scarlet; kasshanim?; kasshani || J(שני bh): to repeat, do a second time; to study the Mishnah; to study; to teach || J(שְׁנֵי ch): to repeat; to change; to be different; Part || J(שְׁנֵי ²): two || J(שְׂנֵי): to hate || J	not available (no open digital HeArukh/Meturgeman text)			—	yes
1131	long-tail	ישתנונ	1	Daniel.7.28	Biblical Aramaic (Daniel, Ezra) (B)	שני	MORPHOLOGY	a known lemma with a Hebrew sense is reachable, but a precision rule blocks the analysis — NO_ANALYSIS	שני: חזר, כפל [krupnik] | היה משונה, שונה [krupnik] | שינה והחליף [krupnik] | השיב [krupnik] | שינה והחליף [krupnik] | נשתנה ונתחלף [krupnik] | שני [jastrow]	שני: J(שָׁנִי bh): scarlet; kasshanim?; kasshani || J(שני bh): to repeat, do a second time; to study the Mishnah; to study; to teach || J(שְׁנֵי ch): to repeat; to change; to be different; Part || J(שְׁנֵי ²): two || J(שְׂנֵי): to hate || J	not available (no open digital HeArukh/Meturgeman text)			—	yes
1132	long-tail	יתבינ	1	Ezra.4.17	Biblical Aramaic (Daniel, Ezra) (B)	יתבא יתובא יתב נתב תבא תבנ	MORPHOLOGY	a known lemma with a Hebrew sense is reachable, but a precision rule blocks the analysis — RARE_UNREVIEWED יתבא/n.pl/ "ישוב, מקום מושב"	יתבא: ישוב, מקום מושב [krupnik] ;; יתובא: מי שבא לגור [krupnik] | ישוב, מקום נושב [krupnik] ;; יתב: ישב [krupnik] | נתן [krupnik] | הושיב [krupnik] | הרגיע [krupnik] | הושיב [krupnik] | הקשה, שאל [krupnik] | נח [krupnik] | ישב [jastrow] | הושיב [reviewed] ;; נתב: נשב [krupnik] | הִשיב והפיח [krupnik	יתבא: J(יָתְבָא): dwelling places ;; יתובא: J(יָתוֹבָא): dweller, sojourner || J(יִתּוּבָא): dwelling place ;; יתב: K: i>to dwell | sich aufhalten || J(יתֵב ch): to sit, dwell; to be inhabited, settled; inhabited || J(יְתֵב II): to give; to	not available (no open digital HeArukh/Meturgeman text)			—	yes
1133	long-tail	יתבקר	1	Ezra.5.17	Biblical Aramaic (Daniel, Ezra) (B)		TRUE_LEXICAL_GAP	no lexicon entry the form could belong to — NO_ANALYSIS	—	—	not available (no open digital HeArukh/Meturgeman text)			—	yes
1134	long-tail	יתזינ	1	Daniel.4.9	Biblical Aramaic (Daniel, Ezra) (B)	זונ נתז	MORPHOLOGY	a known lemma with a Hebrew sense is reachable, but a precision rule blocks the analysis — NO_ANALYSIS	זונ: הֵזִין פרנס וכלכל [krupnik] | אזור [krupnik] | זון [jastrow] ;; נתז: קפץ, נזרק [krupnik] | הקפיץ, גרם לזריקה [krupnik] | כרת וחתך [krupnik] | ביטא יפה יפה [krupnik] | נתז [jastrow]	זונ: J(זוּן): to provide, outfit; to sustain; to feed.; to feed the eye, to derive pleasure from a sight || J(זוּן I ch): to support, nourish; to equip, arm, decorate; Part. pass || J(זוּן II): to gird, tie; to detain. || J(זֶוֶן): girdle, 	not available (no open digital HeArukh/Meturgeman text)			—	yes
1135	long-tail	יתיבונ	1	Ezra.5.5	Biblical Aramaic (Daniel, Ezra) (B)	יתב נתב	MORPHOLOGY	a known lemma with a Hebrew sense is reachable, but a precision rule blocks the analysis — NO_ANALYSIS	יתב: ישב [krupnik] | נתן [krupnik] | הושיב [krupnik] | הרגיע [krupnik] | הושיב [krupnik] | הקשה, שאל [krupnik] | נח [krupnik] | ישב [jastrow] | הושיב [reviewed] ;; נתב: נשב [krupnik] | הִשיב והפיח [krupnik]	יתב: K: i>to dwell | sich aufhalten || J(יתֵב ch): to sit, dwell; to be inhabited, settled; inhabited || J(יְתֵב II): to give; to place; to give || J(יָתֵב): inhabitant ;; נתב: J(נְתַב): to blow; Ithpe:; to cause to blow	not available (no open digital HeArukh/Meturgeman text)			—	yes
1136	long-tail	יתיהב	1	Daniel.4.13	Biblical Aramaic (Daniel, Ezra) (B)	יהב	MISSING_HEBREW_GLOSS	the dictionaries have the word, but no Hebrew sense (English only / Krupnik without Hebrew) — NO_HEBREW_SENSE יהב	—	יהב: J(יְהַב): to give; to deal; to put, place	not available (no open digital HeArukh/Meturgeman text)			—	yes
1137	long-tail	יתמחא	1	Ezra.6.11	Biblical Aramaic (Daniel, Ezra) (B)		TRUE_LEXICAL_GAP	no lexicon entry the form could belong to — NO_ANALYSIS	—	—	not available (no open digital HeArukh/Meturgeman text)			—	yes
1138	long-tail	יתנסח	1	Ezra.6.11	Biblical Aramaic (Daniel, Ezra) (B)	נסח	MORPHOLOGY	a known lemma with a Hebrew sense is reachable, but a precision rule blocks the analysis — NO_ANALYSIS	נסח: נמנע מלחשוב על הדבר [krupnik] | הזיז, רדה [krupnik] | נסח [jastrow]	נסח: J(נָסַח): to remove; to divert the mind, to discard || J(נְסַח ch): to remove, take out; to lift, weigh; to remove, sweep out; to exile	not available (no open digital HeArukh/Meturgeman text)			—	yes
1139	long-tail	יתקרי	1	Daniel.5.12	Biblical Aramaic (Daniel, Ezra) (B)	קרי	MORPHOLOGY	a known lemma with a Hebrew sense is reachable, but a precision rule blocks the analysis — NO_ANALYSIS	קרי: עיר, קריה [krupnik] | קרי [jastrow] | קרי [jastrow]	קרי: J(קרי ² bh): to call, name; to invite; yeraëh; those called up to read from the Torah || J(קְרֵי I ch): to call, name, invite; to read; evil || J(קרי ³): to join; to meet; to meet, join || J(קְרֵי II ch): to join; to do something by ac	not available (no open digital HeArukh/Meturgeman text)			—	yes
1140	long-tail	יתשמ	1	Ezra.4.21	Biblical Aramaic (Daniel, Ezra) (B)		TRUE_LEXICAL_GAP	no lexicon entry the form could belong to — NO_ANALYSIS	—	—	not available (no open digital HeArukh/Meturgeman text)			—	yes
1141	long-tail	יתשמונ	1	Daniel.2.5	Biblical Aramaic (Daniel, Ezra) (B)		TRUE_LEXICAL_GAP	no lexicon entry the form could belong to — NO_ANALYSIS	—	—	not available (no open digital HeArukh/Meturgeman text)			—	yes
1142	long-tail	כאנש	1	Daniel.7.4	Biblical Aramaic (Daniel, Ezra) (B)	אינש	MORPHOLOGY	a known lemma with a Hebrew sense is reachable, but a precision rule blocks the analysis — RARE_UNREVIEWED rev:אנש//k "כאיש"	אינש: אדם [krupnik]	אינש: J(אֱינָשׁ): being; human being; people	not available (no open digital HeArukh/Meturgeman text)			—	yes
1143	long-tail	כאריה	1	Daniel.7.4	Biblical Aramaic (Daniel, Ezra) (B)	כאר אריה ארי אריא אריתא	MORPHOLOGY	a known lemma with a Hebrew sense is reachable, but a precision rule blocks the analysis — NO_ANALYSIS	ארי: כי [krupnik] ;; אריא: ארי [krupnik] ;; אריתא: תעלה [krupnik]	כאר: J(כַּאר): khar, ḥar; ass ;; אריה: J(אֻרְיָה bh): manger, crib. ;; ארי: J(אֲרֵי): behold; that, so that, because, if; but || J(אֲרִי I): to point, throw; to argue, question, discuss, treat || J(ארי bh): to create a gap; to pluck; arah |	not available (no open digital HeArukh/Meturgeman text)			—	yes
1144	long-tail	כדבה	1	Daniel.2.9	Biblical Aramaic (Daniel, Ezra) (B)	כדב כדבא דבה דב דבא דוב	MORPHOLOGY	a known lemma with a Hebrew sense is reachable, but a precision rule blocks the analysis — NO_ANALYSIS	כדב: שיקר [krupnik] | נכזב [krupnik] ;; כדבא: שקרן [krupnik] | מספר ספורי מעשיות [krupnik] | שקר [krupnik] ;; דב: זאב [krupnik] ;; דבא: היה שופע [krupnik] ;; דוב: זב [krupnik] | זוב [jastrow] | דוב [jastrow]	כדב: J(כְּדַב): to be false; to lie, give false evidence; to be faithless; to deny; to give the lie, to re ;; כדבא: J(כַּדְבָא): falsehood, lie; fiction, story || J(כַּדָּבָא): liar; false; fiction-teller, story-teller; Pl. ;; דבה: J(דִּבָּ	not available (no open digital HeArukh/Meturgeman text)			—	yes
1145	long-tail	כה	1	Daniel.7.28	Biblical Aramaic (Daniel, Ezra) (B)	כה כא	MORPHOLOGY	a known lemma with a Hebrew sense is reachable, but a precision rule blocks the analysis — RARE_UNREVIEWED כה// "כאן"	כה: כאן [krupnik] ;; כא: כאן [krupnik]	כה: J(כֹּה bh): here; thus; koh; thus ;; כא: J(כָּא ch): here; now; hither	not available (no open digital HeArukh/Meturgeman text)			—	yes
1146	long-tail	כהנה	1	Ezra.7.21	Biblical Aramaic (Daniel, Ezra) (B)	כהנתא כהנ הנה הנ הני	MORPHOLOGY	a known lemma with a Hebrew sense is reachable, but a precision rule blocks the analysis — NO_ANALYSIS	כהנתא: אשה ממשפחת כהונה [krupnik] ;; כהנ: כהן [jastrow] ;; הנה: קבל הנאה ותועלת [krupnik] | זה, זאת [krupnik] ;; הנ: זה, ההוא [krupnik] ;; הני: הללו [krupnik] | הני [jastrow]	כהנ: J(כֹּהֵן bh): standing, stationed; officer; priest || J(כָּהַן bh): Nithpa.; to be appointed priest, to act as priest || J(כָּהֵן ch): Fem || J(כָּהֵן ²): Kahen, Kahăna ;; הנה: K: to benefit, to cause to share | Genuss, Nutzen verschaf	not available (no open digital HeArukh/Meturgeman text)			—	yes
1147	long-tail	כחדה	1	Daniel.2.35	Biblical Aramaic (Daniel, Ezra) (B)	כחדא כחד חדה חד חדא חדי	MORPHOLOGY	a known lemma with a Hebrew sense is reachable, but a precision rule blocks the analysis — RARE_UNREVIEWED rev:חדה/n.sg/k "כאחת"	כחדא: כאחד, ביחד [krupnik] ;; כחד: כחד [jastrow] ;; חד: אחד [krupnik] | אחד [jastrow] ;; חדא: אחד [krupnik] | שמח [krupnik] ;; חדי: שמח [krupnik] | אַחְדֵי שימח [krupnik]	כחד: J(כָּחַד bh): to diminish; to withhold, deny; to destroy || J(כְּחַד ch): to be destroyed || J(כַּחַד): missing, being missed ;; חדה: J(חַדָּה): sharp side, edge ;; חד: J(חַד I bh): pointed, sharp; swift; Pl. || J(חַד II): one, singula	not available (no open digital HeArukh/Meturgeman text)			—	yes
1148	long-tail	ככרינ	1	Ezra.7.22	Biblical Aramaic (Daniel, Ezra) (B)	ככרא ככריתא כר כרה כרי כרא	MORPHOLOGY	a known lemma with a Hebrew sense is reachable, but a precision rule blocks the analysis — RARE_UNREVIEWED ככרא/n.pl/ "ככר"	ככרא: ככר [jastrow] ;; כר: כר [jastrow] ;; כרה: התכווץ [krupnik] ;; כרי: חפר [krupnik] | גל, ערימה [krupnik] | כרי [jastrow] ;; כרא: חפר [krupnik]	ככרא: J(כִּכְּרָא ch): talent; ball; Pl. ;; ככריתא: J(*כַּכָּרִיתָא): loaf; honey-comb ;; כר: J(כַּר bh): bolster, mattress.; rounded; fat lamb || J(כַּר ² ch): bolster ;; כרה: J(כְּרַהּ): to shrink, be narrow; to be ill-tempered; to be ill	not available (no open digital HeArukh/Meturgeman text)			—	yes
1149	long-tail	ככתב	1	Ezra.6.18	Biblical Aramaic (Daniel, Ezra) (B)	כתב כתיב	MORPHOLOGY	a known lemma with a Hebrew sense is reachable, but a precision rule blocks the analysis — NO_ANALYSIS	כתב: כתב ורשם [krupnik] | נכתב ונרשם [krupnik] | כתב [jastrow] | כתב [jastrow]	כתב: J(כָּתַב): to join sign to sign; to compose, write; to promise in writing, to will, assign, consign;  || J(כְּתַב I ch): the text reads; evening; it is written, it reads || J(כְּתָב bh): writing, writ; character.; signature ;; כתיב: K:	not available (no open digital HeArukh/Meturgeman text)			—	yes
1150	long-tail	כלה	1	Daniel.4.32	Biblical Aramaic (Daniel, Ezra) (B)	כלי כול כיל כלתא ספקולא	MORPHOLOGY	a known lemma with a Hebrew sense is reachable, but a precision rule blocks the analysis — RARE_UNREVIEWED כלי// "נגמר · כְּלִי רִאשׁוֹן"	כלי: נגמר [krupnik] | איבד [krupnik] | שאג [krupnik] | עצר [krupnik] | נעצר [krupnik] | כְּלִי רִאשׁוֹן [krupnik] | כלי [jastrow] ;; כול: מדד [krupnik] | כול [jastrow] | כל [jastrow] | כל שכן [jastrow] ;; כיל: מדד [krupnik] | קוה [krupnik] | נמדד [krupnik] ;; כלתא: אשת הבן הבת [krupnik] | כלה, נערה 	כלי: J(כְּלִי bh): vessel, receptacle; bag; outfit, apparel, garment, tool, weapon.; Pl. || J(כלי bh): to enclose; to restrain, keep back; iron points; to be full, to be finished, to cease || J(כְּלֵי ch): to keep enclosed, to withhold, res	not available (no open digital HeArukh/Meturgeman text)			—	yes
1151	long-tail	כלהונ	1	Daniel.7.19	Biblical Aramaic (Daniel, Ezra) (B)	הוא הונ הנ להי	REVIEW_CANDIDATE	complete analysis below the review gate (fewer than 200 uses here) — REVIEW_GATE pron:כלהונ/fixed/- "כולם" n=1	הוא: היה [krupnik] | הוא [jastrow] ;; הונ: הון [jastrow] ;; הנ: זה, ההוא [krupnik]	הוא: K: supposed | vorausgesetzt || J(הוּא bh): he, it; she; it is; whosoever, whatsoever; whatever it may be, a minimum || J(הוּא ² ch): myself, thyself ;; הונ: J(הוֹן II bh): possession, wealth; natural condition, nature; faculty; health,	not available (no open digital HeArukh/Meturgeman text)	כולם	REVIEW	high (~94%)	yes
1152	long-tail	כלהינ	1	Daniel.7.19	Biblical Aramaic (Daniel, Ezra) (B)	להי	MISSING_HEBREW_GLOSS	the dictionaries have the word, but no Hebrew sense (English only / Krupnik without Hebrew) — NO_ANALYSIS	—	להי: J(לְהִי): to be bent;; to be tired; to tire, annoy	not available (no open digital HeArukh/Meturgeman text)			—	yes
1153	long-tail	כמאמר	1	Ezra.6.9	Biblical Aramaic (Daniel, Ezra) (B)	מאמר מאמרא	MISSING_HEBREW_GLOSS	the dictionaries have the word, but no Hebrew sense (English only / Krupnik without Hebrew) — NO_ANALYSIS	—	מאמר: J(מַאֲמָר bh): command, order.; word; maămar, the Yabam’s betrothal ;; מאמרא: J(מַאֲמָרָא ch): word, sentence	not available (no open digital HeArukh/Meturgeman text)			—	yes
1154	long-tail	כנמר	1	Daniel.7.6	Biblical Aramaic (Daniel, Ezra) (B)	נמר	MORPHOLOGY	a known lemma with a Hebrew sense is reachable, but a precision rule blocks the analysis — NO_ANALYSIS	נמר: עשה דבר נקוד וטלוא [krupnik] | נמר [jastrow]	נמר: J(נָמֵר bh): tiger; leopard; leopard || J(נָמַר): Pi.; to give a checkered; striped appearance	not available (no open digital HeArukh/Meturgeman text)			—	yes
1155	long-tail	כנשרינ	1	Daniel.4.30	Biblical Aramaic (Daniel, Ezra) (B)	נשר שרה שרי	MORPHOLOGY	a known lemma with a Hebrew sense is reachable, but a precision rule blocks the analysis — NO_ANALYSIS	נשר: נפל, ניתק ממקום חיבורו [krupnik] | עקר ומרט [krupnik] | הפיל [krupnik] | נשר [jastrow] ;; שרה: הרטיב, טבל במים [krupnik] | שכן, חנה [krupnik] | התיר [krupnik] | הורטב, נטבל במים [krupnik] | השכין [krupnik] | פרנס [krupnik] ;; שרי: שרי [jastrow] | התיר [jastrow]	נשר: J(נָשַׁר): to drop, fall off.; pereṭ; to let fall, drop || J(נְשַׁר I ch): to fall off; to lacerate; to cause to fall off, drop || J(נֶשֶׁר I): dropping, dropped fruit || J(נֶשֶׁר II): Pi.; eagle || J(נְשַׁר II): Nishra; Nasr ;; שרה: J	not available (no open digital HeArukh/Meturgeman text)			—	yes
1156	long-tail	כסדאה	1	Ezra.5.12	Biblical Aramaic (Daniel, Ezra) (B)	כסדאה סדאה סדא	MORPHOLOGY	a known lemma with a Hebrew sense is reachable, but a precision rule blocks the analysis — RARE_UNREVIEWED כסדאה// "כשדי"	כסדאה: כשדי [krupnik] ;; סדאה: עושה סדנים [krupnik] ;; סדא: סד [jastrow]	סדאה: J(סַדָּאָה): carpenter	not available (no open digital HeArukh/Meturgeman text)			—	yes
1157	long-tail	כסדיא	1	Ezra.5.12	Biblical Aramaic (Daniel, Ezra) (B)	סדיא סד סדא	MORPHOLOGY	a known lemma with a Hebrew sense is reachable, but a precision rule blocks the analysis — NO_ANALYSIS	סדיא: מראשות [krupnik] ;; סדא: סד [jastrow]	סדיא: J(סַדְיָא): the head-board of a couch, head-side; pillow, bolster; cushions ;; סד: J(סַד bh): to join; sadda, to obstruct, block; block, torturing stock	not available (no open digital HeArukh/Meturgeman text)			—	yes
1158	long-tail	כעור	1	Daniel.2.35	Biblical Aramaic (Daniel, Ezra) (B)	כעור כיעור כער עור ער ערי	MORPHOLOGY	a known lemma with a Hebrew sense is reachable, but a precision rule blocks the analysis — RARE_UNREVIEWED כעור// "מאוס, מכוער · משונה, מוזר"	כעור: מאוס, מכוער [krupnik] | משונה, מוזר [krupnik] ;; כיעור: תועבה [krupnik] ;; כער: נעשה מאוס ומכוער [krupnik] | כער [jastrow] ;; עור: מוץ [krupnik] | עור [jastrow] | עור [jastrow] ;; ער: מין עוף דורס [krupnik] | ער [jastrow] ;; ערי: ערי [jastrow]	כיעור: J(כִּיעוּר): hideousness ;; כער: J(כָּעַר): to be dark, ugly, repulsive; ugly, ungainly; unbecoming, indecent || J(כְּעַר ch): repulsive, ugly ;; עור: J(עוּר I bh): to be stirred up; to wake; to be awake, wake up; to be stirred up, b	not available (no open digital HeArukh/Meturgeman text)			—	yes
1159	long-tail	כעיני	1	Daniel.7.8	Biblical Aramaic (Daniel, Ezra) (B)	עינ עינא עיניתא	MORPHOLOGY	a known lemma with a Hebrew sense is reachable, but a precision rule blocks the analysis — NO_ANALYSIS	עינ: קרא בספר [krupnik] | חקר ודרש [krupnik] | הרהר [krupnik] | שקל בדיוק [krupnik] | הגה [krupnik] | עין [jastrow] ;; עינא: עין [krupnik]	עינ: K: prefixed to numerous names of places in Palestine | vielen Ortsnamen in Palästina vorgesetzt: || J(עַיִן bh): eye, sight, look; good will, liberality; ill-will, selfishness, envy. || J(עַיִן ² ch): eye, sight; discernible, in natura	not available (no open digital HeArukh/Meturgeman text)			—	yes
1160	long-tail	כעמר	1	Daniel.7.9	Biblical Aramaic (Daniel, Ezra) (B)	עמר עומר עמרא	MORPHOLOGY	a known lemma with a Hebrew sense is reachable, but a precision rule blocks the analysis — NO_ANALYSIS	עמר: צמר [krupnik] | צמר [jastrow] | צמר [he] ;; עמרא: צמר [krupnik]	עמר: J(עָמַר bh): to be thick, tufty; to heap up, pile.; to bind and pile sheaves; to harvest || J(עֲמַר I ch): Pa.; Pi. || J(עֲמַר II): ʿamar; to stay, dwell || J(עֲמַר III): wool; cotton ;; עומר: J(עוֹמֶר bh): sheaf.; the quantity of grai	not available (no open digital HeArukh/Meturgeman text)			—	yes
1161	long-tail	כפרזלא	1	Daniel.2.40	Biblical Aramaic (Daniel, Ezra) (B)	פרזל	MISSING_HEBREW_GLOSS	the dictionaries have the word, but no Hebrew sense (English only / Krupnik without Hebrew) — NO_HEBREW_SENSE פרזל	פרזל: התמרמר [krupnik] | ברזל [jastrow]	פרזל: J(פַּרְזֵל): Parel; to turn, twist; to twist one’s self, to struggle || J(פַּרְזֶל): iron tools	not available (no open digital HeArukh/Meturgeman text)			—	yes
1162	long-tail	כפתו	1	Daniel.3.21	Biblical Aramaic (Daniel, Ezra) (B)	כופ כיפ כפת פתי	MORPHOLOGY	a known lemma with a Hebrew sense is reachable, but a precision rule blocks the analysis — NO_ANALYSIS	כופ: נכנע [krupnik] | קערה [krupnik] | כוף [jastrow] ;; כיפ: כפה בבנין [krupnik] | גובה הגל [krupnik] | אבן [krupnik] | אבן טובה [krupnik] | חוף [krupnik] | כיף [jastrow] ;; כפת: קשר ואסר [krupnik] | נקשר ונאסר [krupnik] | כפת [jastrow] ;; פתי: היה רחב [krupnik] | מרחק [krupnik] | פתי [jastrow]	כופ: K: to bend, to subdue | beugen, bezwingen || J(כּוּף I): to bend, force || J(כּוּף ch): to bend || J(כּוּף II): cover, basket ;; כיפ: J(כִּיף): to bend || J(כֵּיף bh): ball; rock; arch, tuft, umbel || J(כֵּיף ² ch): rock, stone, ball; 	not available (no open digital HeArukh/Meturgeman text)			—	yes
1163	long-tail	כצפרינ	1	Daniel.4.30	Biblical Aramaic (Daniel, Ezra) (B)	צפר צפרא	MORPHOLOGY	a known lemma with a Hebrew sense is reachable, but a precision rule blocks the analysis — NO_ANALYSIS	צפר: שרק [krupnik] | קלע [krupnik] | שריקה [krupnik] | בוקר [krupnik] | צפר [jastrow] ;; צפרא: שריקה [krupnik] | בוקר [krupnik]	צפר: J(צָפַר bh): to circle || J(צְפַר I): to be bright; to be swift; to be shrill || J(צְפַר II bh): to circle; to plait one round || J(צְפַר III): circle, garland. || J(צְפַר IV): morning; sing; whistling signal. || J(צִפֹּר): bird, || J(	not available (no open digital HeArukh/Meturgeman text)			—	yes
1164	long-tail	כרינ	1	Ezra.7.22	Biblical Aramaic (Daniel, Ezra) (B)	כרי כר כרה כרא כריא בלקטורימ	MORPHOLOGY	a known lemma with a Hebrew sense is reachable, but a precision rule blocks the analysis — RARE_UNREVIEWED כרי/pe.ptcp.mp/ "חופרים · גל, ערימה"	כרי: חפר [krupnik] | גל, ערימה [krupnik] | כרי [jastrow] ;; כר: כר [jastrow] ;; כרה: התכווץ [krupnik] ;; כרא: חפר [krupnik] ;; כריא: גל, ערימה [krupnik] | כרי [jastrow]	כרי: J(כרי bh): to round, heap, cave; to dig; hollowed out. || J(כְּרֵי ch): to dig, bore; to be narrow, distressed || J(כְּרִי): heap, pile ;; כר: J(כַּר bh): bolster, mattress.; rounded; fat lamb || J(כַּר ² ch): bolster ;; כרה: J(כְּרַהּ	not available (no open digital HeArukh/Meturgeman text)			—	yes
1165	long-tail	כרסא	1	Daniel.5.20	Biblical Aramaic (Daniel, Ezra) (B)	כרסא כורסיא כרס	SENSE_CHOICE	several Hebrew senses (or two lemmas) — a reviewer must choose — AMBIGUOUS_SENSE כרסא: כרס | בקרב ביתך	כרסא: פרי בטן [krupnik] | פנימיות [krupnik] | כרס [jastrow] | בקרב ביתך [jastrow] ;; כורסיא: כסא [krupnik] ;; כרס: בטן, כרש [krupnik]	כרסא: J(כַּרְסָא ch): womb || J(כָּרְסֵא): chair, ;; כורסיא: J(כּוּרְסַיָּא): divan, upholstered chair, throne.; fem; privies ;; כרס: J(כֶּרֶס bh): bag; stomach, belly; the stomach of ruminants, maw	not available (no open digital HeArukh/Meturgeman text)			—	yes
1166	long-tail	כרסונ	1	Daniel.7.9	Biblical Aramaic (Daniel, Ezra) (B)	כרסא כורסיא ארס	SENSE_CHOICE	several Hebrew senses (or two lemmas) — a reviewer must choose — AMBIGUOUS_SENSE כרסא: כרס | בקרב ביתך	כרסא: פרי בטן [krupnik] | פנימיות [krupnik] | כרס [jastrow] | בקרב ביתך [jastrow] ;; כורסיא: כסא [krupnik] ;; ארס: עשה אירוסין [krupnik] | רעל [krupnik] | מין אבן טובה [krupnik] | ארס [jastrow] | ארס [jastrow]	כרסא: J(כַּרְסָא ch): womb || J(כָּרְסֵא): chair, ;; כורסיא: J(כּוּרְסַיָּא): divan, upholstered chair, throne.; fem; privies ;; ארס: J(אֶרֶס): virus; drop, fluid; poison || J(אָרַס bh): to bind, join; to betroth; betrothed, engaged; to bet	not available (no open digital HeArukh/Meturgeman text)			—	yes
1167	long-tail	כרסיה	1	Daniel.7.9	Biblical Aramaic (Daniel, Ezra) (B)	כרס כרסא	MORPHOLOGY	a known lemma with a Hebrew sense is reachable, but a precision rule blocks the analysis — NO_ANALYSIS	כרס: בטן, כרש [krupnik] ;; כרסא: פרי בטן [krupnik] | פנימיות [krupnik] | כרס [jastrow] | בקרב ביתך [jastrow]	כרס: J(כֶּרֶס bh): bag; stomach, belly; the stomach of ruminants, maw ;; כרסא: J(כַּרְסָא ch): womb || J(כָּרְסֵא): chair,	not available (no open digital HeArukh/Meturgeman text)			—	yes
1168	long-tail	כרעות	1	Ezra.7.18	Biblical Aramaic (Daniel, Ezra) (B)	רעות ריעות רע רעוא רעותא	MORPHOLOGY	a known lemma with a Hebrew sense is reachable, but a precision rule blocks the analysis — NO_ANALYSIS	רעות: ידידות [krupnik] ;; ריעות: ידידות [krupnik] ;; רעוא: רועה [krupnik] ;; רעותא: רצון [krupnik]	רעות: J(רְעוּת): friend, neighbor; another ;; ריעות: J(רֵיעוּת): friendship, sociability ;; רע: J(רַע I bh): shaken; weak, sick; bad; evil || J(רַע II): to be evil ;; רעוא: J(רַעְוָא): will, pleasure || J(רַעְוָא ²): shepherd; ;; רעותא: J(ר	not available (no open digital HeArukh/Meturgeman text)			—	yes
1169	long-tail	כשדאה	1	Daniel.5.30	Biblical Aramaic (Daniel, Ezra) (B)	כשדאה שדי	MORPHOLOGY	a known lemma with a Hebrew sense is reachable, but a precision rule blocks the analysis — RARE_UNREVIEWED כשדאה// "כשדי"	כשדאה: כשדי [krupnik] ;; שדי: זרק, השליך [krupnik] | טוה [krupnik] | שפך [krupnik] | נזרק, הושלך [krupnik] | נשפך [krupnik]	שדי: J(שַׁדַּי bh): Almighty || J(שְׁדֵי): to swing, throw, cast, shoot; to sprinkle, pour; to cast the spindle, to spin; to cast, po	not available (no open digital HeArukh/Meturgeman text)			—	yes
1170	long-tail	כשמ	1	Daniel.4.5	Biblical Aramaic (Daniel, Ezra) (B)	שמ	MISSING_HEBREW_GLOSS	the dictionaries have the word, but no Hebrew sense (English only / Krupnik without Hebrew) — NO_HEBREW_SENSE שמ	שמ: שם [jastrow]	שמ: J(שָׁם bh): there, thither; thither || J(שֵׁם II bh): mark, name, title, nature, denomination; the Divine Name, the Tetragrammaton; the Lord	not available (no open digital HeArukh/Meturgeman text)			—	yes
1171	long-tail	כשעה	1	Daniel.4.16	Biblical Aramaic (Daniel, Ezra) (B)	שעה שעי שהי שוע שיע שעתא	MORPHOLOGY	a known lemma with a Hebrew sense is reachable, but a precision rule blocks the analysis — NO_ANALYSIS	שעה: זמן [krupnik] ;; שעי: ציפה [krupnik] | סח, סיפר [krupnik] ;; שהי: שהי [jastrow] ;; שוע: חָלק [krupnik] | החליק [krupnik] | ניטוח [krupnik] | שוע [jastrow] ;; שיע: מלט [krupnik] ;; שעתא: שעה [jastrow]	שעה: K: hour | Stunde || J(שָׁעָה II): moment, while; hour; the twelfth portion ;; שעי: J(שעי bh): to dwell, linger; to look, care for, mind; lo s’ʿarum || J(שְׁעֵי): to smooth, paste over, daub; Af.; to make one’s self pleasant ;; שהי: J(ש	not available (no open digital HeArukh/Meturgeman text)			—	yes
1172	long-tail	כתבו	1	Ezra.4.8	Biblical Aramaic (Daniel, Ezra) (B)	כתב יתב נתב תבא תוב אבי	MORPHOLOGY	a known lemma with a Hebrew sense is reachable, but a precision rule blocks the analysis — NO_ANALYSIS	כתב: כתב ורשם [krupnik] | נכתב ונרשם [krupnik] | כתב [jastrow] | כתב [jastrow] ;; יתב: ישב [krupnik] | נתן [krupnik] | הושיב [krupnik] | הרגיע [krupnik] | הושיב [krupnik] | הקשה, שאל [krupnik] | נח [krupnik] | ישב [jastrow] | הושיב [reviewed] ;; נתב: נשב [krupnik] | הִשיב והפיח [krupnik] ;; תבא: מדד	כתב: J(כָּתַב): to join sign to sign; to compose, write; to promise in writing, to will, assign, consign;  || J(כְּתַב I ch): the text reads; evening; it is written, it reads || J(כְּתָב bh): writing, writ; character.; signature ;; יתב: K: 	not available (no open digital HeArukh/Meturgeman text)			—	yes
1173	long-tail	כתל	1	Daniel.5.5	Biblical Aramaic (Daniel, Ezra) (B)	כתלא תל ארזא	MORPHOLOGY	a known lemma with a Hebrew sense is reachable, but a precision rule blocks the analysis — NO_ANALYSIS	כתלא: קיר, כותל [krupnik] ;; תל: תל [jastrow] ;; ארזא: ארז [jastrow]	תל: J(תֵּל bh): hill, mound; lock, curl.; —Pl. || J(תֵּל ² ch): mound, ruins ;; ארזא: J(אַרְזָא ch): Zirin; Tel Arza; Arza	not available (no open digital HeArukh/Meturgeman text)			—	yes
1174	long-tail	כתלג	1	Daniel.7.9	Biblical Aramaic (Daniel, Ezra) (B)	תלג תלנ	MORPHOLOGY	a known lemma with a Hebrew sense is reachable, but a precision rule blocks the analysis — NO_ANALYSIS	תלג: שלג [jastrow] ;; תלנ: כיבס וליבן [krupnik]	תלג: J(תְּלַג I): to be white; to whiten, wash; wheat || J(תְּלַג): snow; cold, chill	not available (no open digital HeArukh/Meturgeman text)			—	yes
1175	long-tail	לאחרנ	1	Daniel.5.17	Biblical Aramaic (Daniel, Ezra) (B)	אחר אחרנ אוחרנ אחרנא נחר	MORPHOLOGY	a known lemma with a Hebrew sense is reachable, but a precision rule blocks the analysis — NO_ANALYSIS	אחר: נהג בשגעון [krupnik] | אחר [jastrow] ;; אחרנ: אחרון [jastrow] ;; אוחרנ: אחר [krupnik] ;; אחרנא: קנין ורכוש [krupnik] ;; נחר: דקר [krupnik] | שתת דם [krupnik] | נדקר [krupnik] | השמיע קול נחרה [krupnik] | נחר [jastrow]	אחר: J(אָחַר bh): to be behind; to cover; to tarry, hesitate; to set behind || J(אֲחַר ch): to be behind; to cover; be delayed || J(אַחַר bh): after, behind; aḥaré; in connection with || J(אַחֵר bh): another, the other, stranger; another th	not available (no open digital HeArukh/Meturgeman text)			—	yes
1176	long-tail	לאלההונ	1	Daniel.3.28	Biblical Aramaic (Daniel, Ezra) (B)	אלה	MORPHOLOGY	a known lemma with a Hebrew sense is reachable, but a precision rule blocks the analysis — NO_ANALYSIS	אלה: מקל שראשו מעובה [krupnik] | קלשון [krupnik] | אלוה [jastrow]	אלה: J(אָלָה): to curse || J(אָלָה ² bh): to point; imprecation, curse || J(אֵלֶּה): these, those; v’elleh; elleh || J(אֵלָה bh): terebinth. || J(אַלָּה bh): lance, fork.; sign-pole || J(אֱלָהּ ch): God.; Pl.; gods.	not available (no open digital HeArukh/Meturgeman text)			—	yes
1177	long-tail	לארעית	1	Daniel.6.25	Biblical Aramaic (Daniel, Ezra) (B)	ארעית ארע ארעיתא רעי	MORPHOLOGY	a known lemma with a Hebrew sense is reachable, but a precision rule blocks the analysis — NO_ANALYSIS	ארעית: קרקעית [krupnik] ;; ארע: קרה [krupnik] | הגיע, בא [krupnik] | אדמה, ארץ [krupnik] | ארץ, אדמה [he] ;; ארעיתא: ארעית [jastrow] ;; רעי: רעה את הצאן [krupnik] | רצה [krupnik] | נרצה [krupnik] | רצה ב־ [krupnik] | בחר [krupnik] | רעי [jastrow] | רצה [jastrow] | רעי [jastrow]	ארעית: J(אַרְעִית): lower portion, bottom ;; ארע: J(אָרַע): to strike against.; Nif.; to come in contact with || J(אֲרַע I ch): to join, meet, find; to attack, visit; to be met; to meet; to be shaken, weakened || J(*אָרַע II): Hif.; to proc	not available (no open digital HeArukh/Meturgeman text)			—	yes
1178	long-tail	לאשפיא	1	Daniel.5.7	Biblical Aramaic (Daniel, Ezra) (B)	אשפ אשפא	MORPHOLOGY	a known lemma with a Hebrew sense is reachable, but a precision rule blocks the analysis — NO_ANALYSIS	אשפ: אשף [jastrow] ;; אשפא: עור [krupnik]	אשפ: J(אַשָּׁף bh): enchanter; astrologer; Ashshafim ;; אשפא: J(*אַשְׁפָּא): dressed skin	not available (no open digital HeArukh/Meturgeman text)			—	yes
1179	long-tail	לאתונ	1	Daniel.3.20	Biblical Aramaic (Daniel, Ezra) (B)	אתונ אתונא את תני אות אתא	REVIEW_CANDIDATE	complete analysis below the review gate (fewer than 200 uses here) — REVIEW_GATE pron:אתונ/fixed/l "לאתם" n=1	אתונ: אתם [krupnik] ;; אתונא: עיר ביון [krupnik] | אישון [jastrow] ;; את: סימן [krupnik] | אות [jastrow] ;; תני: חזר ועשה [krupnik] | לימד [krupnik] | קיבל ומסר הלכה [krupnik] | שינה [krupnik] | דיבר, סיפר [krupnik] | לימד [krupnik] | נכפל [krupnik] | הוגד [krupnik] | הוחד [krupnik] | תני [jastrow] 	אתונא: K: stove | Ofen || J(אַתּוּנָא I): Athens || J(אַתּוּנָא II): fire-place, stove || J(אֱתוּנָא): density, intensiveness, essence ;; את: K: letter | Buchstabe || J(אַתְּ): thou; thou sayest; thou callest it || J(אָת): sign, type; lette	not available (no open digital HeArukh/Meturgeman text)	לאתם	REVIEW	high (~94%)	yes
1180	long-tail	לאתונא	1	Daniel.3.19	Biblical Aramaic (Daniel, Ezra) (B)	אתונא אתוא	MORPHOLOGY	a known lemma with a Hebrew sense is reachable, but a precision rule blocks the analysis — NO_ANALYSIS	אתונא: עיר ביון [krupnik] | אישון [jastrow]	אתונא: K: stove | Ofen || J(אַתּוּנָא I): Athens || J(אַתּוּנָא II): fire-place, stove || J(אֱתוּנָא): density, intensiveness, essence ;; אתוא: J(אַתְוָא): sign	not available (no open digital HeArukh/Meturgeman text)			—	yes
1181	long-tail	לאתרה	1	Ezra.6.5	Biblical Aramaic (Daniel, Ezra) (B)	אתר אתרא נתר תרה תרי	MORPHOLOGY	a known lemma with a Hebrew sense is reachable, but a precision rule blocks the analysis — NO_ANALYSIS	אתר: מקום [krupnik] ;; אתרא: מקום [krupnik] ;; נתר: נפרד ונעתק ממקומו [krupnik] | נגאל ונפדה [krupnik] | ניטל ממנו האיסור [krupnik] | ביטל את האיסור [krupnik] | הפקיר [krupnik] | נשר ונפל [krupnik] | נתפורר ונפל [krupnik] | השיר, הפיל [krupnik] | נשר [jastrow] ;; תרה: הזהיר והעיד [krupnik] ;; תרי: ש	אתר: J(אָתַר): place, town; our; local custom ;; נתר: J(נָתַר I bh): to sever, loosen; to be torn loose, be released; to be untied, released from an obligation || J(נָתַר II): Pi.; to move; to leap || J(נְתַר ch): to fall off, drop; to fall	not available (no open digital HeArukh/Meturgeman text)			—	yes
1182	long-tail	לבושה	1	Daniel.7.9	Biblical Aramaic (Daniel, Ezra) (B)	לבוש בושה	MORPHOLOGY	a known lemma with a Hebrew sense is reachable, but a precision rule blocks the analysis — NO_ANALYSIS	לבוש: לבוש [jastrow]	לבוש: J(לְבוּשׁ bh): garment, covering; husk || J(לְבוּשׁ ² ch): circumvallation ;; בושה: J(בּוּשָׁה bh): shame	not available (no open digital HeArukh/Meturgeman text)			—	yes
1183	long-tail	לבנ	1	Genesis.31.47	Biblical Aramaic (Daniel, Ezra) (B)	לבנ לובנ לבי לבא לבה לב	MORPHOLOGY	a known lemma with a Hebrew sense is reachable, but a precision rule blocks the analysis — RARE_UNREVIEWED לבנ// "לבנה"	לבנ: עשה לבן [krupnik] | קלה באש [krupnik] | בייש והלעיב [krupnik] | היה קלוי ומלובן באש [krupnik] | לבן [jastrow] | לבנה [jastrow] ;; לובנ: גוון הלבן [krupnik] ;; לבא: לב [krupnik] ;; לבה: נשב והעלה אש [krupnik] | נתלהט [krupnik] ;; לב: לב [jastrow]	לבנ: J(לָבַן I bh): to make; pile bricks || J(לָבַן II): to glisten; to polish, brighten; to finish. || J(לְבַן ch): to have a strong rest; to be well balanced; falsehood; truth || J(לָבָן II bh): white; white color, white substance; Fem ||	not available (no open digital HeArukh/Meturgeman text)			—	yes
1184	long-tail	לבקרא	1	Ezra.7.14	Biblical Aramaic (Daniel, Ezra) (B)	בקרא בקר	MORPHOLOGY	a known lemma with a Hebrew sense is reachable, but a precision rule blocks the analysis — NO_ANALYSIS	בקרא: בער, ריק [krupnik] | עדר [krupnik] | בקר [jastrow] ;; בקר: פֻעל נבדק [krupnik] | הפקיר [krupnik] | נבדק [krupnik] | נשאל מה שלומו [krupnik] | היה להפקר [krupnik] | בדק [krupnik] | בדק [krupnik] | שאל בשלום החולה [krupnik] | שאל בשלום החולה [krupnik] | הפקיר [krupnik] | הפקיר [krupnik] | רועה ב	בקרא: J(*בַּקָּרָא II): empty; light-minded, thoughtless || J(בַּקְרָא): herd ;; בקר: K: to glean | Nachlese halten || K: to let the herd graze | weiden lassen || J(בָּקַר bh): to enter into, to clear, split;; to eat up; to break forth, shi	not available (no open digital HeArukh/Meturgeman text)			—	yes
1185	long-tail	לבר	1	Daniel.3.25	Biblical Aramaic (Daniel, Ezra) (B)		EXCLUDED_REVIEW	excluded by review: the source gloss is wrong here — excluded	—	—	not available (no open digital HeArukh/Meturgeman text)			—	yes
1186	long-tail	לגב	1	Daniel.6.8	Biblical Aramaic (Daniel, Ezra) (B)	גב נגב גבא גוב	MORPHOLOGY	a known lemma with a Hebrew sense is reachable, but a precision rule blocks the analysis — NO_ANALYSIS	גב: גב [jastrow] ;; נגב: היה יבש [krupnik] | ייבש [krupnik] | הלך דרומה, הדרים [krupnik] | נגב [jastrow] ;; גבא: גב, הצד העליון [krupnik] | אצל, אל [krupnik] | ממעל ל־ [krupnik] | הוקיר [krupnik] ;; גוב: השיב, ענה [krupnik] | בור [krupnik] | מקום גבוה, גובה [krupnik] | גוף, חתיכה [krupnik] | גוב [ja	גב: J(גַּב bh): convex, arched; the exterior; upper part || J(גַּב ² ch): back, body; towards, with ;; נגב: J(נֶגֶב bh): dry soil; south; Negeb || J(נָגַב): to have a crust,; to be dry; dry || J(נְגֵב ch): to be dry, to dry out; to dry, wip	not available (no open digital HeArukh/Meturgeman text)			—	yes
1187	long-tail	לגוב	1	Daniel.6.13	Biblical Aramaic (Daniel, Ezra) (B)	גוב גיב גובא נגב	MORPHOLOGY	a known lemma with a Hebrew sense is reachable, but a precision rule blocks the analysis — NO_ANALYSIS	גוב: השיב, ענה [krupnik] | בור [krupnik] | מקום גבוה, גובה [krupnik] | גוף, חתיכה [krupnik] | גוב [jastrow] ;; גיב: ענה [krupnik] | גב, רמה [krupnik] ;; גובא: ארבה [krupnik] ;; נגב: היה יבש [krupnik] | ייבש [krupnik] | הלך דרומה, הדרים [krupnik] | נגב [jastrow]	גוב: J(גּוּב): Pa. || J(גּוֹב): pit;; lions’den || J(גּוֹב ² ch): body, trunk, untrimmed log; the dimples; back, top ;; גיב: J(גִּיב): Pa.; to reply || J(גִּיב II): back, top ;; גובא: J(גּוֹבָא): locust; giants ;; נגב: J(נֶגֶב bh): dry soil	not available (no open digital HeArukh/Meturgeman text)			—	yes
1188	long-tail	לדא	1	Daniel.5.6	Biblical Aramaic (Daniel, Ezra) (B)	דא אדי	MORPHOLOGY	a known lemma with a Hebrew sense is reachable, but a precision rule blocks the analysis — RARE_UNREVIEWED דא//l "לזו"	דא: זו [jastrow] ;; אדי: זרק [krupnik]	דא: K: this | sie, diese || K: but | aber || J(דָּא I): this; not in this case || J(דָּא II): da da ;; אדי: J(אֲדִי): to swing, throw, pitch	not available (no open digital HeArukh/Meturgeman text)			—	yes
1189	long-tail	לדב	1	Daniel.7.5	Biblical Aramaic (Daniel, Ezra) (B)	דב דוב	MORPHOLOGY	a known lemma with a Hebrew sense is reachable, but a precision rule blocks the analysis — NO_ANALYSIS	דב: זאב [krupnik] ;; דוב: זב [krupnik] | זוב [jastrow] | דוב [jastrow]	דב: J(דֵּב): wolf; deb ;; דוב: J(דּוּב ch): to flow, drip || J(דּוֹב): murmurer; bear; temptation || J(דּוֹב ² ch): wolf	not available (no open digital HeArukh/Meturgeman text)			—	yes
1190	long-tail	להדברוהי	1	Daniel.3.24	Biblical Aramaic (Daniel, Ezra) (B)		TRUE_LEXICAL_GAP	no lexicon entry the form could belong to — NO_ANALYSIS	—	—	not available (no open digital HeArukh/Meturgeman text)			—	yes
1191	long-tail	להודעה	1	Daniel.5.8	Biblical Aramaic (Daniel, Ezra) (B)	ידע	MORPHOLOGY	a known lemma with a Hebrew sense is reachable, but a precision rule blocks the analysis — NO_ANALYSIS	ידע: ידע [jastrow] | הודיע [reviewed]	ידע: J(יָדַע bh): to point out, select, love; to recognize, know; to find out; Part. pass || J(יְדַע ch): Hif.; Part. pass; friend	not available (no open digital HeArukh/Meturgeman text)			—	yes
1192	long-tail	להודעותכ	1	Ezra.5.10	Biblical Aramaic (Daniel, Ezra) (B)		TRUE_LEXICAL_GAP	no lexicon entry the form could belong to — NO_ANALYSIS	—	—	not available (no open digital HeArukh/Meturgeman text)			—	yes
1193	long-tail	להוה	1	Daniel.4.22	Biblical Aramaic (Daniel, Ezra) (B)	הוה הוי וה	MORPHOLOGY	a known lemma with a Hebrew sense is reachable, but a precision rule blocks the analysis — NO_ANALYSIS	הוה: היה [reviewed] ;; הוי: שאל, הקשה [krupnik]	הוה: J(הַוָּה bh): change; misfortune || J(*הֵוָה): Ḥevah || J(הֲוָהּ): ah! ;; הוי: J(הוֹי bh): woe!, ah! || J(הוי bh): to exist; to be, become; to occur, come to pass; he looked;; he said || J(הֲוֵי): to dwell upon, discuss; to produce; dw	not available (no open digital HeArukh/Meturgeman text)			—	yes
1194	long-tail	להוינ	1	Daniel.5.17	Biblical Aramaic (Daniel, Ezra) (B)	הוינא הוה	MORPHOLOGY	a known lemma with a Hebrew sense is reachable, but a precision rule blocks the analysis — NO_ANALYSIS	הוינא: תבונה [krupnik] ;; הוה: היה [reviewed]	הוה: J(הַוָּה bh): change; misfortune || J(*הֵוָה): Ḥevah || J(הֲוָהּ): ah!	not available (no open digital HeArukh/Meturgeman text)			—	yes
1195	long-tail	להומ	1	Jeremiah.10.11	Biblical Aramaic (Daniel, Ezra) (B)	נהמ	MORPHOLOGY	a known lemma with a Hebrew sense is reachable, but a precision rule blocks the analysis — NO_ANALYSIS	נהמ: המה כיונה [krupnik] | נהם [jastrow]	נהמ: J(נָהַם bh): to be agitated; to make a noise; to cco	not available (no open digital HeArukh/Meturgeman text)			—	yes
1196	long-tail	להזדה	1	Daniel.5.20	Biblical Aramaic (Daniel, Ezra) (B)	הזדה	MORPHOLOGY	a known lemma with a Hebrew sense is reachable, but a precision rule blocks the analysis — NO_ANALYSIS	הזדה: מעשה זדון [krupnik]	הזדה: J(הֲזָדָה): wilful act; use of the stem; in the Bible text	not available (no open digital HeArukh/Meturgeman text)			—	yes
1197	long-tail	להיכלה	1	Daniel.6.19	Biblical Aramaic (Daniel, Ezra) (B)	היכל היכלא	MORPHOLOGY	a known lemma with a Hebrew sense is reachable, but a precision rule blocks the analysis — NO_ANALYSIS	היכלא: היכל [jastrow]	היכל: J(הֵיכָל bh): palace, the Temple;; the Holy	not available (no open digital HeArukh/Meturgeman text)			—	yes
1198	long-tail	להנזקת	1	Ezra.4.22	Biblical Aramaic (Daniel, Ezra) (B)		TRUE_LEXICAL_GAP	no lexicon entry the form could belong to — NO_ANALYSIS	—	—	not available (no open digital HeArukh/Meturgeman text)			—	yes
1199	long-tail	להנסקה	1	Daniel.6.24	Biblical Aramaic (Daniel, Ezra) (B)		TRUE_LEXICAL_GAP	no lexicon entry the form could belong to — NO_ANALYSIS	—	—	not available (no open digital HeArukh/Meturgeman text)			—	yes
1200	long-tail	להנעלה	1	Daniel.4.3	Biblical Aramaic (Daniel, Ezra) (B)		TRUE_LEXICAL_GAP	no lexicon entry the form could belong to — NO_ANALYSIS	—	—	not available (no open digital HeArukh/Meturgeman text)			—	yes
1201	long-tail	להעלה	1	Daniel.5.7	Biblical Aramaic (Daniel, Ezra) (B)	עלה נעל	MORPHOLOGY	a known lemma with a Hebrew sense is reachable, but a precision rule blocks the analysis — NO_ANALYSIS	עלה: שיבח [krupnik] | ביטל [krupnik] | הביא בחשבון [krupnik] | התרומם [krupnik] ;; נעל: נעל [jastrow]	עלה: J(עָלֶה bh): cover; foliage, leaf ;; נעל: K: to be closed | zugeschlossen werden || J(נָעַל bh): to tie; to lock up, close; to tie a sandal, to put shoes on || J(נְעַל ch): to tie; to provide with shoes; to bring up || J(נַעַל bh): tie	not available (no open digital HeArukh/Meturgeman text)			—	yes
1202	long-tail	להצלה	1	Daniel.3.29	Biblical Aramaic (Daniel, Ezra) (B)	הצלה נצל	MORPHOLOGY	a known lemma with a Hebrew sense is reachable, but a precision rule blocks the analysis — NO_ANALYSIS	נצל: אַצֵּל הציל [krupnik] | הוצל [krupnik] | נצל [jastrow]	הצלה: J(הַצָּלָה bh): rescue, relief ;; נצל: K: liquid and coagulated portions of a corpse | zerfließende (in Verwesung geratene) Leichenteile || J(נָצַל bh): to remove, set aside; to empty, ransack; to be fit for throwing away || J(נְצַל c	not available (no open digital HeArukh/Meturgeman text)			—	yes
1203	long-tail	להצלותה	1	Daniel.6.15	Biblical Aramaic (Daniel, Ezra) (B)		TRUE_LEXICAL_GAP	no lexicon entry the form could belong to — NO_ANALYSIS	—	—	not available (no open digital HeArukh/Meturgeman text)			—	yes
1204	long-tail	להקמותה	1	Daniel.6.4	Biblical Aramaic (Daniel, Ezra) (B)		TRUE_LEXICAL_GAP	no lexicon entry the form could belong to — NO_ANALYSIS	—	—	not available (no open digital HeArukh/Meturgeman text)			—	yes
1205	long-tail	להשמדה	1	Daniel.7.26	Biblical Aramaic (Daniel, Ezra) (B)	השמדה	MORPHOLOGY	a known lemma with a Hebrew sense is reachable, but a precision rule blocks the analysis — NO_ANALYSIS	השמדה: כליה [krupnik]	השמדה: J(הַשְׁמָדָה): extermination, use of the verb	not available (no open digital HeArukh/Meturgeman text)			—	yes
1206	long-tail	להשפלה	1	Daniel.4.34	Biblical Aramaic (Daniel, Ezra) (B)	השפלה שפל	MORPHOLOGY	a known lemma with a Hebrew sense is reachable, but a precision rule blocks the analysis — NO_ANALYSIS	השפלה: הורדה, ירידה [krupnik] ;; שפל: נרפה, נתעצל [krupnik] | ירד [krupnik] | הרכין את ראשו [krupnik] | השפיל, הוריד [krupnik] | כרע ברך [krupnik] | שפל [jastrow] | שפל [jastrow]	השפלה: J(הַשְׁפָּלָה): lowering, removal from office ;; שפל: K: to be lowered | erniedrigt werden || J(שָׁפֵל I bh): to be low; to lower, humble; to be lowered || J(שְׁפַל ch): to fall down, go down; to lower; to carry down, carry along || 	not available (no open digital HeArukh/Meturgeman text)			—	yes
1207	long-tail	להתבותכ	1	Daniel.3.16	Biblical Aramaic (Daniel, Ezra) (B)		TRUE_LEXICAL_GAP	no lexicon entry the form could belong to — NO_ANALYSIS	—	—	not available (no open digital HeArukh/Meturgeman text)			—	yes
1208	long-tail	להתקטלה	1	Daniel.2.13	Biblical Aramaic (Daniel, Ezra) (B)		TRUE_LEXICAL_GAP	no lexicon entry the form could belong to — NO_ANALYSIS	—	—	not available (no open digital HeArukh/Meturgeman text)			—	yes
1209	long-tail	לותכ	1	Ezra.4.12	Biblical Aramaic (Daniel, Ezra) (B)		TRUE_LEXICAL_GAP	no lexicon entry the form could belong to — NO_ANALYSIS	—	—	not available (no open digital HeArukh/Meturgeman text)			—	yes
1210	long-tail	לחבלה	1	Ezra.6.12	Biblical Aramaic (Daniel, Ezra) (B)	חבלה חבלא חבל	MORPHOLOGY	a known lemma with a Hebrew sense is reachable, but a precision rule blocks the analysis — NO_ANALYSIS	חבלה: השחתה [krupnik] | פגיעה בגוף האדם [krupnik] ;; חבלא: השחתה [krupnik] | חבל [jastrow] | באר שחת [jastrow] | חבלה [jastrow] | חבל [jastrow] ;; חבל: הכה, פצע [krupnik] | הוכה, נפצע [krupnik] | ניטל למשכון [krupnik] | נתקלקל [krupnik] | הוי ואבוי [krupnik]	חבלה: J(חֲבָלָה): injury, mayhem; damages for mayhem || J(חַבָּלָה): destruction; demons ;; חבלא: J(חַבְלָא I): injury, ruin || J(חַבְּלָא): destruction || J(חַבְלָא II ch): rope, measure; district ;; חבל: J(חָבַל bh): to seize, to take a p	not available (no open digital HeArukh/Meturgeman text)			—	yes
1211	long-tail	לחטאה	1	Ezra.6.17	Biblical Aramaic (Daniel, Ezra) (B)	חטאה חטי חטאתא	MORPHOLOGY	a known lemma with a Hebrew sense is reachable, but a precision rule blocks the analysis — NO_ANALYSIS	חטאה: חוטא [krupnik] | מחטיא [krupnik] | חטא [jastrow] ;; חטי: חטא [krupnik] | אַחְטֵי החטיא [krupnik] | חטא [krupnik] | חטי [jastrow] | חטי [jastrow] | חטי [jastrow]	חטאה: J(חֲטָאָה): sinner; searcher of sin, accuser ;; חטי: J(חטי): to stroll idly, saunter; to live in luxury, to be like a nobleman, to be well-dressed, cle || J(חֲטִי ch): part.; used to comfort, tender, delicate; to cause to be generous,	not available (no open digital HeArukh/Meturgeman text)			—	yes
1212	long-tail	לחטיא	1	Ezra.6.17	Biblical Aramaic (Daniel, Ezra) (B)	חטיא חטא חטאה חט חטי חטיתא	MORPHOLOGY	a known lemma with a Hebrew sense is reachable, but a precision rule blocks the analysis — NO_ANALYSIS	חטא: שורה [krupnik] ;; חטאה: חוטא [krupnik] | מחטיא [krupnik] | חטא [jastrow] ;; חט: חטא, עוון [krupnik] ;; חטי: חטא [krupnik] | אַחְטֵי החטיא [krupnik] | חטא [krupnik] | חטי [jastrow] | חטי [jastrow] | חטי [jastrow] ;; חטיתא: עינוג ופינוק [krupnik]	חטיא: J(חִטַּיָּא): wheat || J(חָטְיָא): sinner ;; חטא: J(חֵטְא bh): failure, sin; ḥot’im; ḥătaim || J(חִטָּא I): line drawn with a stylus || J(חִטָּא II): wheat ;; חטאה: J(חֲטָאָה): sinner; searcher of sin, accuser ;; חטי: J(חטי): to strol	not available (no open digital HeArukh/Meturgeman text)			—	yes
1213	long-tail	לחיותא	1	Daniel.7.6	Biblical Aramaic (Daniel, Ezra) (B)	חיוא חיותא חיות	SENSE_CHOICE	several Hebrew senses (or two lemmas) — a reviewer must choose — AMBIGUOUS rev:חיותא/ "לחיה" ~ חיותא/ "לחיות"	חיוא: חיה [krupnik] | חיה [jastrow] ;; חיותא: בהמה [krupnik] | רחם [krupnik] | חיות [jastrow] ;; חיות: חיים [krupnik]	חיוא: J(חֵיוָא): animal; beasts ;; חיותא: J(חַיּוּתָא ch): life, livelihood; womb; animal || J(חֵיוְתָא): living, provision ;; חיות: J(חַיּוּת bh): living, support	not available (no open digital HeArukh/Meturgeman text)			—	yes
1214	long-tail	לחיי	1	Ezra.6.10	Biblical Aramaic (Daniel, Ezra) (B)	לחיי לח לחא לחי חיי לחיא	MORPHOLOGY	a known lemma with a Hebrew sense is reachable, but a precision rule blocks the analysis — RARE_UNREVIEWED לחיי// "טוב, ניחא"	לחיי: טוב, ניחא [krupnik] ;; לח: נוזלים [krupnik] ;; לחא: וו החכה [krupnik] ;; לחי: מוט קבוע בקרקע [krupnik] ;; חיי: חיי [jastrow] ;; לחיא: לחי [jastrow]	לחיי: J(לְחַיֵי): to be beautiful; very well, all right ;; לח: J(לַח bh): to be sticky, sappy, fresh; moist, green, fresh; liquid; liquids ;; לחי: K: cheek-piece | Backenstück; Backenseil || J(לֶחִי II bh): joint; jaw; luḥoth ;; חיי: J(חיי 	not available (no open digital HeArukh/Meturgeman text)			—	yes
1215	long-tail	לחכימינ	1	Daniel.2.21	Biblical Aramaic (Daniel, Ezra) (B)	חכמ חכימ חכימא	MORPHOLOGY	a known lemma with a Hebrew sense is reachable, but a precision rule blocks the analysis — NO_ANALYSIS	חכמ: ידע [jastrow] ;; חכימ: חכם [krupnik] | חכם [jastrow] ;; חכימא: חכם [krupnik]	חכמ: J(חָכַם bh): to be wise, to know; to meet for deliberation; to grow wise, to become a scholar || J(חֲכַם): to be wise, shrewd; to be learned; to recognize, to know, remember; Pa. || J(חָכָם bh): retentive; one who knows; wise man, scho	not available (no open digital HeArukh/Meturgeman text)			—	yes
1216	long-tail	לחמ	1	Daniel.5.1	Biblical Aramaic (Daniel, Ezra) (B)	לחמ	MISSING_HEBREW_GLOSS	the dictionaries have the word, but no Hebrew sense (English only / Krupnik without Hebrew) — NO_HEBREW_SENSE לחמ	לחמ: לחם [jastrow]	לחמ: J(לָחַם I): to join; to be joined, be inserted; to fit, insert; to tenon || J(לָחַם II bh): to join; Nithpa.; to come in || J(לֶחֶם bh): to chew; food, bread;; meat || J(לְחֵם ch): meat, flesh; laḥma	not available (no open digital HeArukh/Meturgeman text)			—	yes
1217	long-tail	לטור	1	Daniel.2.35	Biblical Aramaic (Daniel, Ezra) (B)	טור טיר טירא טורא	MORPHOLOGY	a known lemma with a Hebrew sense is reachable, but a precision rule blocks the analysis — NO_ANALYSIS	טור: הר [krupnik] ;; טיר: ניחש [krupnik] | מבצר [krupnik] ;; טורא: מין ירק מר [krupnik]	טור: J(טוּר I): to espy, to augur; to consult divination || J(טוּר II): mount, mountain; King’s Mountain; Mount Simeon ;; טיר: J(טִיר): castle ;; טירא: J(טִירָא): places for augury; templum ;; טורא: J(טוּרָא II): clearness, sky || J(*טוּרָא	not available (no open digital HeArukh/Meturgeman text)			—	yes
1218	long-tail	לידעי	1	Daniel.2.21	Biblical Aramaic (Daniel, Ezra) (B)	ידע	MORPHOLOGY	a known lemma with a Hebrew sense is reachable, but a precision rule blocks the analysis — RARE_UNREVIEWED ידע/pe.impf.2fs/ "ידע"	ידע: ידע [jastrow] | הודיע [reviewed]	ידע: J(יָדַע bh): to point out, select, love; to recognize, know; to find out; Part. pass || J(יְדַע ch): Hif.; Part. pass; friend	not available (no open digital HeArukh/Meturgeman text)			—	yes
1219	long-tail	ליהוד	1	Ezra.5.8	Biblical Aramaic (Daniel, Ezra) (B)	יהודא	MISSING_HEBREW_GLOSS	the dictionaries have the word, but no Hebrew sense (English only / Krupnik without Hebrew) — NO_ANALYSIS	—	—	not available (no open digital HeArukh/Meturgeman text)			—	yes
1220	long-tail	ליצבא	1	Daniel.7.19	Biblical Aramaic (Daniel, Ezra) (B)	צבה צבי יצב	MORPHOLOGY	a known lemma with a Hebrew sense is reachable, but a precision rule blocks the analysis — NO_ANALYSIS	צבי: חפץ, רצה [krupnik] ;; יצב: פַּעל, ביסס [krupnik] | יצב [jastrow]	צבה: K: to swell | anschwellen || K: to cause the appearance of being swollen | tun, als ob man geschwollen ist ;; צבי: J(צבי bh): to swell; to cause to swell; to cause the appearance of being swollen || J(צְבֵי): to seize; to bend; to find	not available (no open digital HeArukh/Meturgeman text)			—	yes
1221	long-tail	ליקדת	1	Daniel.7.11	Biblical Aramaic (Daniel, Ezra) (B)	יקד	MORPHOLOGY	a known lemma with a Hebrew sense is reachable, but a precision rule blocks the analysis — NO_ANALYSIS	יקד: בער [krupnik] | שרף [krupnik] | נשרף [krupnik] | יקד [jastrow]	יקד: J(יָקַד bh): to penetrate; to burn; to be on fire; to be kept burning; to be burnt into || J(יְקַד ch): to set on fire; to set on fire, burn; to be burnt	not available (no open digital HeArukh/Meturgeman text)			—	yes
1222	long-tail	לירח	1	Ezra.6.15	Biblical Aramaic (Daniel, Ezra) (B)	ארח ירח ירחא	MORPHOLOGY	a known lemma with a Hebrew sense is reachable, but a precision rule blocks the analysis — NO_ANALYSIS	ארח: הכניס אורח [krupnik] | התאכסן [krupnik] | ארח [jastrow] ;; ירח: ירח [jastrow] ;; ירחא: יֶרח, חודש [krupnik]	ארח: J(אָרַח bh): to go through;; to go outside, to travel; path || J(אֲרַח ch): to take lodging; to dwell as a stranger, sojourn ;; ירח: J(יָרֵחַ bh): traveller; moon || J(יֶרַח): arḥu; month; Yeraḥ || J(יְרַח ch): moon; month; first day o	not available (no open digital HeArukh/Meturgeman text)			—	yes
1223	long-tail	לכפתה	1	Daniel.3.20	Biblical Aramaic (Daniel, Ezra) (B)	כפתה כפת כפתא פתי	MORPHOLOGY	a known lemma with a Hebrew sense is reachable, but a precision rule blocks the analysis — NO_ANALYSIS	כפתה: צרור, חבילה [krupnik] ;; כפת: קשר ואסר [krupnik] | נקשר ונאסר [krupnik] | כפת [jastrow] ;; כפתא: קשור [krupnik] ;; פתי: היה רחב [krupnik] | מרחק [krupnik] | פתי [jastrow]	כפתה: J(כְּפָתָה): travelling implements tied up, bundle ;; כפת: J(כָּפַת): to twist, tie; to be tied || J(כְּפַת ch): put in stocks; knotting; to produce knots, to mature fruits ;; כפתא: J(כְּפָתָא): tie, knot ;; פתי: J(פתי bh): to be open	not available (no open digital HeArukh/Meturgeman text)			—	yes
1224	long-tail	לכשדאי	1	Daniel.2.5	Biblical Aramaic (Daniel, Ezra) (B)	כשדאה שדי שד שדא	MORPHOLOGY	a known lemma with a Hebrew sense is reachable, but a precision rule blocks the analysis — NO_ANALYSIS	כשדאה: כשדי [krupnik] ;; שדי: זרק, השליך [krupnik] | טוה [krupnik] | שפך [krupnik] | נזרק, הושלך [krupnik] | נשפך [krupnik] ;; שדא: שד [jastrow]	שדי: J(שַׁדַּי bh): Almighty || J(שְׁדֵי): to swing, throw, cast, shoot; to sprinkle, pour; to cast the spindle, to spin; to cast, po ;; שד: J(שַׂד): furrow.; siddim || J(שַׁד bh): female breast; Du. || J(שֵׁד bh): demon; s’‘irim; shedim	not available (no open digital HeArukh/Meturgeman text)			—	yes
1225	long-tail	לכשדיא	1	Daniel.2.5	Biblical Aramaic (Daniel, Ezra) (B)	כשדי שדיא שדא שדי שד	MORPHOLOGY	a known lemma with a Hebrew sense is reachable, but a precision rule blocks the analysis — NO_ANALYSIS	שדיא: רוח קדים [krupnik] | שידה [jastrow] ;; שדא: שד [jastrow] ;; שדי: זרק, השליך [krupnik] | טוה [krupnik] | שפך [krupnik] | נזרק, הושלך [krupnik] | נשפך [krupnik]	כשדי: J(כַּשְׂדִּי bh): pl.; Chaldean; Pl. ;; שדיא: J(שַׁדְיָא I): yarn || J(שַׁדְיָא II): arrow; hot, destructive east-wind; shadya ;; שדי: J(שַׁדַּי bh): Almighty || J(שְׁדֵי): to swing, throw, cast, shoot; to sprinkle, pour; to cast the 	not available (no open digital HeArukh/Meturgeman text)			—	yes
1226	long-tail	למא	1	Ezra.6.8	Biblical Aramaic (Daniel, Ezra) (B)	למא למה אמא מא	MORPHOLOGY	a known lemma with a Hebrew sense is reachable, but a precision rule blocks the analysis — NO_ANALYSIS	אמא: אמר [krupnik] | אם, אמי [krupnik] | אמה [jastrow] ;; מא: מה [krupnik] | מה [jastrow]	למא: K: wherefore? | weshalb || K: naught | Nichts || J(לְמָא I): wherefore? || J(לְמָא II): naught, vanity ;; למה: J(לְמָה): whereto? || J(לָמָּה): why? || J(לָמָה): naught, vanity ;; אמא: J(אַמָּא): cubit || J(אֲמָא II): to join; to say, 	not available (no open digital HeArukh/Meturgeman text)			—	yes
1227	long-tail	למאמר	1	Daniel.2.9	Biblical Aramaic (Daniel, Ezra) (B)	מאמר מאמרא	MISSING_HEBREW_GLOSS	the dictionaries have the word, but no Hebrew sense (English only / Krupnik without Hebrew) — NO_ANALYSIS	—	מאמר: J(מַאֲמָר bh): command, order.; word; maămar, the Yabam’s betrothal ;; מאמרא: J(מַאֲמָרָא ch): word, sentence	not available (no open digital HeArukh/Meturgeman text)			—	yes
1228	long-tail	למאני	1	Daniel.5.2	Biblical Aramaic (Daniel, Ezra) (B)	מאנ מאנא	MORPHOLOGY	a known lemma with a Hebrew sense is reachable, but a precision rule blocks the analysis — NO_ANALYSIS	מאנ: מי [krupnik] | קנקן [jastrow] ;; מאנא: כלי [krupnik] | בגד [krupnik]	מאנ: J(מָאַן): Pi.; to deny, refuse; to protest against, to annul one’s marriage || J(מַאן): who?, what?, which?;; who, which || J(מָאן): thing; vessel, utensil; garment, dress	not available (no open digital HeArukh/Meturgeman text)			—	yes
1229	long-tail	למבניה	1	Ezra.5.9	Biblical Aramaic (Daniel, Ezra) (B)	מבנא	MORPHOLOGY	a known lemma with a Hebrew sense is reachable, but a precision rule blocks the analysis — NO_ANALYSIS	מבנא: מטאטא [krupnik]	—	not available (no open digital HeArukh/Meturgeman text)			—	yes
1230	long-tail	למבעא	1	Daniel.2.18	Biblical Aramaic (Daniel, Ezra) (B)	מבע בעה בעי נבע	MORPHOLOGY	a known lemma with a Hebrew sense is reachable, but a precision rule blocks the analysis — NO_ANALYSIS	בעה: שאל, ביקש [he] ;; בעי: שאל [krupnik] | התפלל, בקש רחמים [krupnik] | היה צריך [krupnik] | נתבקש [krupnik] | נבהל ללכת [krupnik] | נשאל [krupnik] | צריך להיות [krupnik] | פיהק [krupnik] | בעי [jastrow] ;; נבע: נבע [jastrow]	בעה: K: to destroy the crop | abweiden ;; בעי: K: not only … but | nicht nur … sondern auch || J(בעי bh): to enter into, split;; to be empty, bare; to lay bare, destroy the crop || J(בְּעֵי I ch): to search, inquire, ask, examine; uba hash-	not available (no open digital HeArukh/Meturgeman text)			—	yes
1231	long-tail	למגלא	1	Daniel.2.47	Biblical Aramaic (Daniel, Ezra) (B)	מגל גלא גלה גלי מגלתא	MORPHOLOGY	a known lemma with a Hebrew sense is reachable, but a precision rule blocks the analysis — NO_ANALYSIS	מגל: מגל [jastrow] ;; גלא: גל, ערֵמה [krupnik] | נחשול [krupnik] | צואה [krupnik] | קש [krupnik] | חשף [krupnik] | חשף [krupnik] | יצא ממקומו, הלך בשבי [krupnik] | יצא ממקומו, הלך בשבי [krupnik] | גל [jastrow] ;; גלי: חשף [krupnik] | יצא ממקומו, הלך בשבי [krupnik] | גילה סוד, הודיע בפומבי [krupnik] 	מגל: J(מַגָּל bh): sickle, scythe; an implement combining knife and saw.; fem || J(מַגַּל ch): maggal ;; גלא: J(גַּלָּא ch): heap.; wave; revolving door ;; גלה: K: to misinterpret | entblössen, misdeuten || K: to be revealed | übertr. bekan	not available (no open digital HeArukh/Meturgeman text)			—	yes
1232	long-tail	למהכ	1	Ezra.7.13	Biblical Aramaic (Daniel, Ezra) (B)	למה הכ מה	MORPHOLOGY	a known lemma with a Hebrew sense is reachable, but a precision rule blocks the analysis — NO_ANALYSIS	הכ: זה, זאת [krupnik] ;; מה: כמו [krupnik] | אִם [krupnik] | מה [jastrow]	למה: J(לְמָה): whereto? || J(לָמָּה): why? || J(לָמָה): naught, vanity ;; הכ: J(הַךְ): to go.; Part. Af. || J(הָךְ): this, that ;; מה: J(מָה bh): something; anything; what? which?; as … so	not available (no open digital HeArukh/Meturgeman text)			—	yes
1233	long-tail	למות	1	Ezra.7.26	Biblical Aramaic (Daniel, Ezra) (B)	מות מית	MORPHOLOGY	a known lemma with a Hebrew sense is reachable, but a precision rule blocks the analysis — NO_ANALYSIS	מות: מות [jastrow] | מות [jastrow] ;; מית: מות [jastrow]	מות: J(מוֹת bh): to die.; to put to death; to cause death; to be put to death || J(מָוֶת bh): death. || J(מוֹת ² ch): poison; fem ;; מית: J(מִית I ch): to die, be dead; Part.; to cause death, slay || J(מִית II): dead; corpse	not available (no open digital HeArukh/Meturgeman text)			—	yes
1234	long-tail	למזא	1	Daniel.3.19	Biblical Aramaic (Daniel, Ezra) (B)	מזיא אזי אזא	MORPHOLOGY	a known lemma with a Hebrew sense is reachable, but a precision rule blocks the analysis — NO_ANALYSIS	מזיא: שֵׂער [krupnik] ;; אזי: הסיק [krupnik]	מזיא: J(מַזְיָא): hair; hair-pins ;; אזי: J(אֲזִי): to heat; make steam; to be heated ;; אזא: J(אֲזָא): to kindle || J(*אָזָא): sea-eagle	not available (no open digital HeArukh/Meturgeman text)			—	yes
1235	long-tail	למזיה	1	Daniel.3.19	Biblical Aramaic (Daniel, Ezra) (B)	מזיא	MORPHOLOGY	a known lemma with a Hebrew sense is reachable, but a precision rule blocks the analysis — NO_ANALYSIS	מזיא: שֵׂער [krupnik]	מזיא: J(מַזְיָא): hair; hair-pins	not available (no open digital HeArukh/Meturgeman text)			—	yes
1236	long-tail	למחזא	1	Ezra.4.14	Biblical Aramaic (Daniel, Ezra) (B)	חזי אחז	MORPHOLOGY	a known lemma with a Hebrew sense is reachable, but a precision rule blocks the analysis — NO_ANALYSIS	חזי: ראה [krupnik] | הראה [krupnik] | נראה [krupnik] | היה ראוי [krupnik] | הָראה [krupnik] | ראוי [krupnik] | חזי [jastrow]	חזי: J(חזי bh): to divide; to discern, see; to distribute kindled chips between logs of wood || J(חֲזִי ch): to see, recognize, to decide; Part. pass; pointed out, fit for, prepared; ;; אחז: J(אָחַז bh): to press, seize, hold, keep; to befa	not available (no open digital HeArukh/Meturgeman text)			—	yes
1237	long-tail	למכנש	1	Daniel.3.2	Biblical Aramaic (Daniel, Ezra) (B)	כנש	MORPHOLOGY	a known lemma with a Hebrew sense is reachable, but a precision rule blocks the analysis — NO_ANALYSIS	כנש: התקבץ והתכנס [krupnik] | קיבץ [krupnik] | נתקבץ ונתלקט [krupnik] | כנש [jastrow]	כנש: K: i>to sweep | fegen || J(כָּנַשׁ): Hithpa. || J(כְּנַשׁ ch): to gather, collect; to gather in; to rake together, to sweep; to be gathered, to be called	not available (no open digital HeArukh/Meturgeman text)			—	yes
1238	long-tail	לממר	1	Ezra.5.11	Biblical Aramaic (Daniel, Ezra) (B)	ממרא נמר	MORPHOLOGY	a known lemma with a Hebrew sense is reachable, but a precision rule blocks the analysis — NO_ANALYSIS	ממרא: סורר ומורה [krupnik] ;; נמר: עשה דבר נקוד וטלוא [krupnik] | נמר [jastrow]	ממרא: J(מַמְרֵא II): rebellious ;; נמר: J(נָמֵר bh): tiger; leopard; leopard || J(נָמַר): Pi.; to give a checkered; striped appearance	not available (no open digital HeArukh/Meturgeman text)			—	yes
1239	long-tail	למנינ	1	Ezra.6.17	Biblical Aramaic (Daniel, Ezra) (B)	מנא מני מנה מנינ סני	MORPHOLOGY	a known lemma with a Hebrew sense is reachable, but a precision rule blocks the analysis — NO_ANALYSIS	מנא: כלי [krupnik] | מנין [krupnik] | מנין [jastrow] ;; מני: מנה וספר [krupnik] | קבע והפקיד [krupnik] | הכניס בחשבון המנויים [krupnik] | נמנה [krupnik] | נתמנה [krupnik] | נכנס בחשבון המשתתפים [krupnik] | מי היא [krupnik] | דעת מי היא [krupnik] | מני [jastrow] ;; מנינ: מאין, מהיכן [krupnik] | מנין 	מנא: K: name of an Amora | Name eines Amoräers || J(מְנָא I): who?, what? || J(מְנָא II): whence?; whence is it proven?; whence do we have this?, how do we know? || J(מַנָּא): manna || J(מְנֵא): to count || J(מָנָא III): Mana; Mona || J(מָנ	not available (no open digital HeArukh/Meturgeman text)			—	yes
1240	long-tail	למנתנ	1	Ezra.7.20	Biblical Aramaic (Daniel, Ezra) (B)	מנתא מנת	MORPHOLOGY	a known lemma with a Hebrew sense is reachable, but a precision rule blocks the analysis — NO_ANALYSIS	מנתא: מנה, חלק [krupnik] ;; מנת: מנת [jastrow]	מנת: J(מְנָת bh): portion, share; annona; annona	not available (no open digital HeArukh/Meturgeman text)			—	yes
1241	long-tail	למפשר	1	Daniel.5.16	Biblical Aramaic (Daniel, Ezra) (B)	פשר	MORPHOLOGY	a known lemma with a Hebrew sense is reachable, but a precision rule blocks the analysis — NO_ANALYSIS	פשר: נמס [krupnik] | עשה פשרה וחוזה [krupnik] | נעשה קצת חם [krupnik] | התיר ונתק [krupnik] | תיווך [krupnik] | עשה את המים פושרים [krupnik] | עשה פשרה, השלים [krupnik] | פשר [jastrow]	פשר: K: to be tepid | lauwarm sein || J(פָּשַׁר): to divide, to spread; to melt, dissolve; to be stale, tepid || J(פְּשַׁר I ch): to melt, be dissolved; to vanish, be broken; to dissolve || J(פַּשַּׁר): interpreter || J(פְּשַׁר II): interpr	not available (no open digital HeArukh/Meturgeman text)			—	yes
1242	long-tail	למשבק	1	Daniel.4.23	Biblical Aramaic (Daniel, Ezra) (B)	שבק משבקא	MORPHOLOGY	a known lemma with a Hebrew sense is reachable, but a precision rule blocks the analysis — NO_ANALYSIS	שבק: עזב, הניח [krupnik] | מחל וסלח [krupnik] | גירש את אשתו [krupnik] | נעזב, הונח לבדו [krupnik] | נסלח [krupnik] | התגרש [krupnik] | עזב [he] ;; משבקא: גרוש [krupnik]	שבק: J(שְׁבַק): to leave, let go; to forsake, abandon; to leave behind; to bequeath; to remit, pardon, for ;; משבקא: J(מְשַׁבְּקָא I): divorcer, former husband || J(מְשַׁבְּקָא II): divorced wife	not available (no open digital HeArukh/Meturgeman text)			—	yes
1243	long-tail	למשרא	1	Daniel.5.16	Biblical Aramaic (Daniel, Ezra) (B)	משרא אשר נשר שרה ישר שרי	MORPHOLOGY	a known lemma with a Hebrew sense is reachable, but a precision rule blocks the analysis — NO_ANALYSIS	משרא: ערוגה [krupnik] | מחנה [krupnik] ;; אשר: קיים והעיד [krupnik] | חיזק [krupnik] | האמין [krupnik] | אשר [jastrow] ;; נשר: נפל, ניתק ממקום חיבורו [krupnik] | עקר ומרט [krupnik] | הפיל [krupnik] | נשר [jastrow] ;; שרה: הרטיב, טבל במים [krupnik] | שכן, חנה [krupnik] | התיר [krupnik] | הורטב, נטבל 	משרא: J(מֵשְׁרָא I): garden-bed; plain || J(מֵשְׁרָא II): camp ;; אשר: J(אֲשֶׁר bh): being; who, which || J(אָשַׁר bh): to exist, be strong, happy;; to exalt, praise, declare happy; to substantiate; to verify,  || J(אֲשַׁר ch): Ithpe.; to b	not available (no open digital HeArukh/Meturgeman text)			—	yes
1244	long-tail	למתא	1	Daniel.3.2	Biblical Aramaic (Daniel, Ezra) (B)	מתא מית מיתא חזנא אתא	MORPHOLOGY	a known lemma with a Hebrew sense is reachable, but a precision rule blocks the analysis — NO_ANALYSIS	מתא: מקום, עיר [krupnik] ;; מית: מות [jastrow] ;; מיתא: מיתה [jastrow] ;; חזנא: שוטר, שומר [krupnik] | חזן [jastrow] ;; אתא: סימן [krupnik] | בא [krupnik] | הביא [reviewed]	מתא: J(מָתָא): land; home, place, town; settlements ;; מית: J(מִית I ch): to die, be dead; Part.; to cause death, slay || J(מִית II): dead; corpse ;; מיתא: J(מֵיתָא): coming ;; חזנא: J(חַזָּנָא ch): town-guard ;; אתא: J(אָתָא I): letter, si	not available (no open digital HeArukh/Meturgeman text)			—	yes
1245	long-tail	לנסכה	1	Daniel.2.46	Biblical Aramaic (Daniel, Ezra) (B)	נסכ נסכא סכה סכי	MORPHOLOGY	a known lemma with a Hebrew sense is reachable, but a precision rule blocks the analysis — NO_ANALYSIS	נסכ: נִתְנַסֵּךְ נשפך על המזבח [krupnik] | נסך [jastrow] ;; נסכא: נסך [krupnik] | מטיל כסף [krupnik] | נסך [jastrow] ;; סכה: הביט, צפה [krupnik] ;; סכי: ראה, הביט [krupnik] | קוה [krupnik] | נשקף [krupnik] | סכי [jastrow]	נסכ: J(נָסַךְ bh): to pour, cast; to offer a libation; to make wine forbidden || J(נְסַךְ ch): to offer a libation; Pi.; Hithpa. || J(נֶסֶךְ bh): libation; wine known; suspected ;; נסכא: J(נִסְכָּא ²): cast metal; a piece of silver; gold, b	not available (no open digital HeArukh/Meturgeman text)			—	yes
1246	long-tail	לעבדיכ	1	Daniel.2.4	Biblical Aramaic (Daniel, Ezra) (B)		TRUE_LEXICAL_GAP	no lexicon entry the form could belong to — NO_ANALYSIS	—	—	not available (no open digital HeArukh/Meturgeman text)			—	yes
1247	long-tail	לעבדכ	1	Daniel.2.4	Biblical Aramaic (Daniel, Ezra) (B)		TRUE_LEXICAL_GAP	no lexicon entry the form could belong to — NO_ANALYSIS	—	—	not available (no open digital HeArukh/Meturgeman text)			—	yes
1248	long-tail	לעבידת	1	Ezra.6.7	Biblical Aramaic (Daniel, Ezra) (B)	עבד עבידתא	MORPHOLOGY	a known lemma with a Hebrew sense is reachable, but a precision rule blocks the analysis — NO_ANALYSIS	עבד: תיקן והכשיר [krupnik] | עבד [jastrow] | עבד [jastrow] | עשה [reviewed] ;; עבידתא: עכודה [krupnik]	עבד: K: to tan | gerben || J(עָבַד bh): to work; to serve, work for.; to do priestly service || J(עֲבַד I ch): to do, labor; to make; to act; to do, fare, prosper; to spend time || J(עֶבֶד bh): slave; servant || J(עֲבַד ch): worshipper	not available (no open digital HeArukh/Meturgeman text)			—	yes
1249	long-tail	לעזרא	1	Ezra.7.12	Biblical Aramaic (Daniel, Ezra) (B)	עזרתא עזר	MORPHOLOGY	a known lemma with a Hebrew sense is reachable, but a precision rule blocks the analysis — NO_ANALYSIS	עזרתא: חצר בית המקדש, עזרה [krupnik] | עזרה [jastrow]	עזרתא: J(עֲזַרְתָּא): court ;; עזר: J(עָזַר bh): to surround; to help, protect || J(עֵזֶר bh): help; helpmate; ishshah	not available (no open digital HeArukh/Meturgeman text)			—	yes
1250	long-tail	לעלונ	1	Ezra.6.9	Biblical Aramaic (Daniel, Ezra) (B)	נעל עלה עלי עלונ עלתא	MORPHOLOGY	a known lemma with a Hebrew sense is reachable, but a precision rule blocks the analysis — NO_ANALYSIS	נעל: נעל [jastrow] ;; עלה: שיבח [krupnik] | ביטל [krupnik] | הביא בחשבון [krupnik] | התרומם [krupnik] ;; עלי: עלי [jastrow] ;; עלתא: קרבן עולה [krupnik] | עולה [jastrow]	נעל: K: to be closed | zugeschlossen werden || J(נָעַל bh): to tie; to lock up, close; to tie a sandal, to put shoes on || J(נְעַל ch): to tie; to provide with shoes; to bring up || J(נַעַל bh): tied under the foot; shoe; lock, locking up ;	not available (no open digital HeArukh/Meturgeman text)			—	yes
1251	long-tail	לעלמיא	1	Daniel.2.44	Biblical Aramaic (Daniel, Ezra) (B)	עלמא	MORPHOLOGY	a known lemma with a Hebrew sense is reachable, but a precision rule blocks the analysis — NO_ANALYSIS	עלמא: עולם [krupnik]	—	not available (no open digital HeArukh/Meturgeman text)			—	yes
1252	long-tail	לענש	1	Ezra.7.26	Biblical Aramaic (Daniel, Ezra) (B)	ענש עונש	MORPHOLOGY	a known lemma with a Hebrew sense is reachable, but a precision rule blocks the analysis — NO_ANALYSIS	ענש: ענש [jastrow] | עונש [jastrow]	ענש: J(עָנַשׁ bh): to press; to punish, fine; Part. pass. || J(עֲנַשׁ ch): to be punished || J(עֲנָשׁ): fine, confiscation. ;; עונש: J(עוֹנֶשׁ bh): punishment, penalty; responsibility; punishable act, sin	not available (no open digital HeArukh/Meturgeman text)			—	yes
1253	long-tail	לעריכ	1	Daniel.4.16	Biblical Aramaic (Daniel, Ezra) (B)	ערכ עריכ ער ערא עריא	MORPHOLOGY	a known lemma with a Hebrew sense is reachable, but a precision rule blocks the analysis — NO_ANALYSIS	ערכ: לש [krupnik] | נילוש לתוך־ [krupnik] | ערך [jastrow] ;; עריכ: רקיק [krupnik] ;; ער: מין עוף דורס [krupnik] | ער [jastrow] ;; ערא: עץ הדפנה [krupnik] ;; עריא: ערוה [jastrow]	ערכ: J(עָרַךְ bh): to connect, join; to range, arrange, place in order; pleaders, advocates || J(עֲרַךְ ch): to work, knead; to be worked in || J(עֵרֶךְ bh): order, arrangement; order of battle, arrangements proclaimed before the battle; va	not available (no open digital HeArukh/Meturgeman text)			—	yes
1254	long-tail	לערכ	1	Daniel.4.16	Biblical Aramaic (Daniel, Ezra) (B)	ערכ ער עריכה ערא	MORPHOLOGY	a known lemma with a Hebrew sense is reachable, but a precision rule blocks the analysis — NO_ANALYSIS	ערכ: לש [krupnik] | נילוש לתוך־ [krupnik] | ערך [jastrow] ;; ער: מין עוף דורס [krupnik] | ער [jastrow] ;; עריכה: סידור [krupnik] | גלילת בצק [krupnik] ;; ערא: עץ הדפנה [krupnik]	ערכ: J(עָרַךְ bh): to connect, join; to range, arrange, place in order; pleaders, advocates || J(עֲרַךְ ch): to work, knead; to be worked in || J(עֵרֶךְ bh): order, arrangement; order of battle, arrangements proclaimed before the battle; va	not available (no open digital HeArukh/Meturgeman text)			—	yes
1255	long-tail	לפלחנ	1	Ezra.7.19	Biblical Aramaic (Daniel, Ezra) (B)	פלח פלחנ פלחא	MORPHOLOGY	a known lemma with a Hebrew sense is reachable, but a precision rule blocks the analysis — NO_ANALYSIS	פלח: עבד [krupnik] | עבד לאלהות [krupnik] | עשה, פעל [krupnik] | העביד [krupnik] | נעבד [krupnik] | פלח [jastrow] ;; פלחא: עובד עבודה זרה [krupnik] | פלח [jastrow]	פלח: J(פָּלַח bh): to split; to dig, till; to cut out; to work for, serve; to worship || J(פְּלַח ch): to till, work; Pa.; to serve || J(פֶּלַח): segment, slice; millstone ;; פלחא: J(פִּלְחָא ch): millstone; slice, portion || J(פָּלְחָא): w	not available (no open digital HeArukh/Meturgeman text)			—	yes
1256	long-tail	לצד	1	Daniel.7.25	Biblical Aramaic (Daniel, Ezra) (B)	צד ציד	MORPHOLOGY	a known lemma with a Hebrew sense is reachable, but a precision rule blocks the analysis — NO_ANALYSIS	ציד: צד, עֵבר [krupnik] | צד [jastrow]	צד: J(צַד bh): to join; side, border; in an unusual manner, indirectly ;; ציד: J(צַיִד bh): game; provision || J(צֵיד): side; near, with	not available (no open digital HeArukh/Meturgeman text)			—	yes
1257	long-tail	לקבלכ	1	Daniel.2.31	Biblical Aramaic (Daniel, Ezra) (B)	קבלא	MORPHOLOGY	a known lemma with a Hebrew sense is reachable, but a precision rule blocks the analysis — NO_ANALYSIS	קבלא: חשיכה [krupnik]	קבלא: J(קִבְלָא): junction, meeting; towards, corresponding to, alongside of, opposite || J(קִבְלָא ²): a means against; charm; a traditional rule of conduct || J(קִבְלָא ³): woe, pain || J(קַבָּלָא): vapor, vanity	not available (no open digital HeArukh/Meturgeman text)			—	yes
1258	long-tail	לקדישי	1	Daniel.7.22	Biblical Aramaic (Daniel, Ezra) (B)	קדש קדיש קדישא	MORPHOLOGY	a known lemma with a Hebrew sense is reachable, but a precision rule blocks the analysis — NO_ANALYSIS	קדש: קדש [jastrow] ;; קדיש: קדוש [jastrow]	קדש: J(קָדַשׁ bh): to be cut off, separated; to be, become pure, sacred, holy; to sanctify || J(קְדַשׁ ch): to be sanctified, sacred; Ithpa.; Pi., to sanctify; to proclaim; to betroth || J(קָדֵשׁ bh): cut off, rejected; sodomite; Fem. ;; קד	not available (no open digital HeArukh/Meturgeman text)			—	yes
1259	long-tail	לקטלה	1	Daniel.2.14	Biblical Aramaic (Daniel, Ezra) (B)	קטלה קטלא קטל	MORPHOLOGY	a known lemma with a Hebrew sense is reachable, but a precision rule blocks the analysis — NO_ANALYSIS	קטלה: שרשרת [krupnik] ;; קטלא: שרשרת [krupnik] | קטלא [jastrow]	קטלא: K: killing, death-penalty | Tötung, Todesstrafe || J(קְטָלָא): killing, death-penalty; makkeh || J(קַטְלָא): chain, necklace ;; קטל: J(קְטַל): to cut; to kill; ṭarof	not available (no open digital HeArukh/Meturgeman text)			—	yes
1260	long-tail	לקימה	1	Daniel.6.8	Biblical Aramaic (Daniel, Ezra) (B)	קימה קמה	MORPHOLOGY	a known lemma with a Hebrew sense is reachable, but a precision rule blocks the analysis — NO_ANALYSIS	קימה: פעולת הקם ומתיצב [krupnik] | הקמה [krupnik]	קימה: J(קִימָה bh): standing up, rising; erection, putting up ;; קמה: J(קָמָה bh): standing corn; ḳamah; halms, stalks	not available (no open digital HeArukh/Meturgeman text)			—	yes
1261	long-tail	לקצת	1	Daniel.4.26	Biblical Aramaic (Daniel, Ezra) (B)	קצת קוצ קיצ קצי	MORPHOLOGY	a known lemma with a Hebrew sense is reachable, but a precision rule blocks the analysis — NO_ANALYSIS	קצת: קצת [jastrow] ;; קוצ: פינה את הקוצים [krupnik] | נפנה מן הקוצים [krupnik] | חתך וגזר [krupnik] | קצב וקבע [krupnik] | תג של אות [krupnik] | חתיכה [krupnik] | קצה החוט [krupnik] | קוץ [jastrow] | קוץ [jastrow] | קוץ [jastrow] ;; קיצ: עורר [krupnik] | ניכה [krupnik] | קבוע [krupnik] | קיץ [jastro	קצת: J(קְצָת bh): end. || J(קְצַת ch): part.; extreme end ;; קוצ: J(קָוַץ): to shrink, be dried up; to curl; to clear of thorns, weed || J(קְוַץ ch): to curl.; —Part. pass; dishevelled, unkempt || J(קוּץ I bh): to shrink; to feel aversion, 	not available (no open digital HeArukh/Meturgeman text)			—	yes
1262	long-tail	לשביא	1	Ezra.5.9	Biblical Aramaic (Daniel, Ezra) (B)	שביא שבי שב שבא	MORPHOLOGY	a known lemma with a Hebrew sense is reachable, but a precision rule blocks the analysis — NO_ANALYSIS	שביא: שבי [krupnik] ;; שבי: לקח בשבי [krupnik] | נשבה [krupnik] | שבי [jastrow] | שבי [jastrow] ;; שב: שבעה [krupnik] | שבת [krupnik] | שבוע [krupnik] | שבע [jastrow] | שבוע [jastrow] ;; שבא: שבת [krupnik] | שבוע [krupnik]	שבי: J(שבי bh): to capture, carry off; to be captured || J(שְׁבֵי ch): to be taken captive, be carried off || J(שְׁבִי bh): captivity, prison || J(שְׁבִי ² ch): captivity; captives || J(שָׁבֵי): captor, marauder. ;; שב: J(שַׁב): seven; seve	not available (no open digital HeArukh/Meturgeman text)			—	yes
1263	long-tail	לשיזבותה	1	Daniel.6.15	Biblical Aramaic (Daniel, Ezra) (B)		TRUE_LEXICAL_GAP	no lexicon entry the form could belong to — NO_ANALYSIS	—	—	not available (no open digital HeArukh/Meturgeman text)			—	yes
1264	long-tail	לשיזבותכ	1	Daniel.6.21	Biblical Aramaic (Daniel, Ezra) (B)		TRUE_LEXICAL_GAP	no lexicon entry the form could belong to — NO_ANALYSIS	—	—	not available (no open digital HeArukh/Meturgeman text)			—	yes
1265	long-tail	לשיזבותנא	1	Daniel.3.17	Biblical Aramaic (Daniel, Ezra) (B)		TRUE_LEXICAL_GAP	no lexicon entry the form could belong to — NO_ANALYSIS	—	—	not available (no open digital HeArukh/Meturgeman text)			—	yes
1266	long-tail	לשלותכ	1	Daniel.4.24	Biblical Aramaic (Daniel, Ezra) (B)	שלותא	MORPHOLOGY	a known lemma with a Hebrew sense is reachable, but a precision rule blocks the analysis — NO_ANALYSIS	שלותא: שגגה [krupnik]	שלותא: J(שָׁלוּתָא): neglect, error, forgetfulness	not available (no open digital HeArukh/Meturgeman text)			—	yes
1267	long-tail	לשנאיכ	1	Daniel.4.16	Biblical Aramaic (Daniel, Ezra) (B)		TRUE_LEXICAL_GAP	no lexicon entry the form could belong to — NO_ANALYSIS	—	—	not available (no open digital HeArukh/Meturgeman text)			—	yes
1268	long-tail	לשנאכ	1	Daniel.4.16	Biblical Aramaic (Daniel, Ezra) (B)		TRUE_LEXICAL_GAP	no lexicon entry the form could belong to — NO_ANALYSIS	—	—	not available (no open digital HeArukh/Meturgeman text)			—	yes
1269	long-tail	לשרשו	1	Ezra.7.26	Biblical Aramaic (Daniel, Ezra) (B)	שרש	MORPHOLOGY	a known lemma with a Hebrew sense is reachable, but a precision rule blocks the analysis — NO_ANALYSIS	שרש: עקר מן השורש [krupnik] | הכה שרשים [krupnik] | הביא ריוח [krupnik] | שרש [jastrow]	שרש: J(שֹׁרֶשׁ bh): chain, knot; root. || J(שֹׁרֶשׁ ² ch): pl.; Pl. || J(שָׁרַשׁ bh): Hif.; to take root.; to uproot, tear out || J(שְׁרַשׁ ch): Af.; to take root.; to cause to take root, plant	not available (no open digital HeArukh/Meturgeman text)			—	yes
1270	long-tail	לשרשי	1	Ezra.7.26	Biblical Aramaic (Daniel, Ezra) (B)	שרש שרשי	MORPHOLOGY	a known lemma with a Hebrew sense is reachable, but a precision rule blocks the analysis — NO_ANALYSIS	שרש: עקר מן השורש [krupnik] | הכה שרשים [krupnik] | הביא ריוח [krupnik] | שרש [jastrow]	שרש: J(שֹׁרֶשׁ bh): chain, knot; root. || J(שֹׁרֶשׁ ² ch): pl.; Pl. || J(שָׁרַשׁ bh): Hif.; to take root.; to uproot, tear out || J(שְׁרַשׁ ch): Af.; to take root.; to cause to take root, plant	not available (no open digital HeArukh/Meturgeman text)			—	yes
1271	long-tail	לתרע	1	Daniel.3.26	Biblical Aramaic (Daniel, Ezra) (B)	ארע תרע תרעא	MORPHOLOGY	a known lemma with a Hebrew sense is reachable, but a precision rule blocks the analysis — NO_ANALYSIS	ארע: קרה [krupnik] | הגיע, בא [krupnik] | אדמה, ארץ [krupnik] | ארץ, אדמה [he] ;; תרע: תקע בשופר בעת צרה [krupnik] | פרץ ושיבר [krupnik] | שער [krupnik] | מקח, מחיר [krupnik] | שער [jastrow] ;; תרעא: שער [krupnik] | מקח, מחיר [krupnik]	ארע: J(אָרַע): to strike against.; Nif.; to come in contact with || J(אֲרַע I ch): to join, meet, find; to attack, visit; to be met; to meet; to be shaken, weakened || J(*אָרַע II): Hif.; to proclaim a festival; to be proclaimed || J(אַרַע)	not available (no open digital HeArukh/Meturgeman text)			—	yes
1272	long-tail	מארעא	1	Jeremiah.10.11	Biblical Aramaic (Daniel, Ezra) (B)	ארעא מארעא ארע מארע רעי	MORPHOLOGY	a known lemma with a Hebrew sense is reachable, but a precision rule blocks the analysis — RARE_UNREVIEWED ארעא//m "מאדמה, ארץ"	ארעא: אדמה, ארץ [krupnik] | מקרה [krupnik] | פגע [krupnik] ;; ארע: קרה [krupnik] | הגיע, בא [krupnik] | אדמה, ארץ [krupnik] | ארץ, אדמה [he] ;; מארע: מטרה לחץ [krupnik] ;; רעי: רעה את הצאן [krupnik] | רצה [krupnik] | נרצה [krupnik] | רצה ב־ [krupnik] | בחר [krupnik] | רעי [jastrow] | רצה [jastrow] |	ארעא: J(אִרְעָא): accident, occurrence; evils, diseases || J(אַרְעָא): land, earth, ground, field; gout, sore on the toes; fields ;; מארעא: J(מְאָרְעָא): holy convocation, festival ;; ארע: J(אָרַע): to strike against.; Nif.; to come in cont	not available (no open digital HeArukh/Meturgeman text)			—	yes
1273	long-tail	מאתינ	1	Ezra.6.17	Biblical Aramaic (Daniel, Ezra) (B)	את קורקסא אתא נתנ	MORPHOLOGY	a known lemma with a Hebrew sense is reachable, but a precision rule blocks the analysis — NO_ANALYSIS	את: סימן [krupnik] | אות [jastrow] ;; קורקסא: שק של עור [krupnik] | קורקס [jastrow] ;; אתא: סימן [krupnik] | בא [krupnik] | הביא [reviewed] ;; נתנ: נתן [jastrow]	את: K: letter | Buchstabe || J(אַתְּ): thou; thou sayest; thou callest it || J(אָת): sign, type; letter || J(אֵת bh): essence; the thing; which ;; קורקסא: K: threshing sledge | Dreschwalze ;; אתא: J(אָתָא I): letter, sign || J(אֲתָא ch): to	not available (no open digital HeArukh/Meturgeman text)			—	yes
1274	long-tail	מברכ	1	Daniel.2.20	Biblical Aramaic (Daniel, Ezra) (B)	ברכ מברא בורכא ברוכ בריכה	SENSE_CHOICE	several Hebrew senses (or two lemmas) — a reviewer must choose — AMBIGUOUS_SENSE ברכ: ברך | בריכה	ברכ: ברך [jastrow] | ברך [jastrow] | בריכה [jastrow] ;; מברא: עבָרה על פני נהר [krupnik] ;; בריכה: נפילה על הברכים [krupnik] | נצר יוצא משורש עץ [krupnik]	ברכ: J(בָּרַךְ bh): to cave out; to select, point out; to bless || J(בְּרַךְ ch): blessed; to bless; to say grace after meal || J(בֶּרֶךְ): knee; a knee-shaped pole; Du. || J(בֶּרֶךְ ² ch): knee; shoots, branches ;; מברא: J(מַבָּרָא): ferry	not available (no open digital HeArukh/Meturgeman text)			—	yes
1275	long-tail	מגיחנ	1	Daniel.7.2	Biblical Aramaic (Daniel, Ezra) (B)	נגח	MORPHOLOGY	a known lemma with a Hebrew sense is reachable, but a precision rule blocks the analysis — NO_ANALYSIS	נגח: נגח [jastrow]	נגח: K: to stir up to fighting | zum Stoßen reizen || J(נָגַח bh): to break forth; to gore, butt, fight.; to stir up to fighting. || J(נְגַח ch): Af.; to wage war; breaking through, flowing over || J(נַגַּח): wont to gore, a butter	not available (no open digital HeArukh/Meturgeman text)			—	yes
1276	long-tail	מגלה	1	Ezra.6.2	Biblical Aramaic (Daniel, Ezra) (B)	מגלה מגילה גלי מגל מגלתא גלה	MORPHOLOGY	a known lemma with a Hebrew sense is reachable, but a precision rule blocks the analysis — NO_ANALYSIS	גלי: חשף [krupnik] | יצא ממקומו, הלך בשבי [krupnik] | גילה סוד, הודיע בפומבי [krupnik] | נתגלה [krupnik] | הָגלה [krupnik] | גלי [jastrow] ;; מגל: מגל [jastrow] ;; מגלתא: מגלה [jastrow]	מגלה: J(מְגִלָּה bh): roll, scroll, volume, part of a; Sh’ma; Hallel ;; גלי: K: to banish | ins Exil führen || K: an odoriferous) plant | eine Pflanze (Weidenart) || J(גלי bh): to be uncovered; Part. pass; open, revealed || J(גְּלֵי ch): to	not available (no open digital HeArukh/Meturgeman text)			—	yes
1277	long-tail	מדבחה	1	Ezra.7.17	Biblical Aramaic (Daniel, Ezra) (B)	דבח מדבח דבחא בחי	MORPHOLOGY	a known lemma with a Hebrew sense is reachable, but a precision rule blocks the analysis — NO_ANALYSIS	דבח: זבח [jastrow] | זבח [jastrow] ;; מדבח: מזבח [jastrow] ;; דבחא: קרבן [krupnik] | חג הפסח [krupnik]	דבח: K: to slaughter, to sacrifice | schlachten, opfern || K: sacrifice | Opfer || J(דְּבַח I ch): to slaughter, to sacrifice, feast || J(דְּבַח II ch): slaughtering, sacrifice, feast; the feast of Passover ;; מדבח: J(מַדְבַּח ch): altar ;;	not available (no open digital HeArukh/Meturgeman text)			—	yes
1278	long-tail	מדורה	1	Daniel.5.21	Biblical Aramaic (Daniel, Ezra) (B)	מדורה דור מדור מדורתא מדורא דורא	MORPHOLOGY	a known lemma with a Hebrew sense is reachable, but a precision rule blocks the analysis — NO_ANALYSIS	דור: הכניס [krupnik] | נזבל [krupnik] | גר, שכן [krupnik] | זר, מסגרת [krupnik] | עור ממולא [krupnik] | שורה [krupnik] | דור [jastrow] ;; מדור: דירה [krupnik] | חדר, תא [krupnik] | מדור [jastrow] ;; מדורתא: מדורה, הדלקה [krupnik] | מדורה [jastrow] ;; דורא: משא [krupnik] | מין אבן טובה [krupnik] | כפ	מדורה: J(מְדוּרָה bh): row, pile of wood, fire ;; דור: K: to manure | düngen || J(דּוּר I bh): to form a circle or enclosure; to reside, dwell; hadar || J(דּוּר ch): to dwell; to go around, to peddle; to deposit manure || J(דּוּר II): rim, 	not available (no open digital HeArukh/Meturgeman text)			—	yes
1279	long-tail	מדיא	1	Daniel.6.1	Biblical Aramaic (Daniel, Ezra) (B)	מדיא אדי דיה מדא דוי די	REVIEW_CANDIDATE	complete analysis below the review gate (fewer than 200 uses here) — REVIEW_GATE מדיא/-/- "מדי" n=1	מדיא: מדי [jastrow] ;; אדי: זרק [krupnik] ;; דוי: עצוב [krupnik] | דוי [jastrow] | דוי [jastrow] ;; די: אשר, ש־ [krupnik] | כי [krupnik] | שאם [krupnik] | של [he] | אשר, ש־ [he]	אדי: J(אֲדִי): to swing, throw, pitch ;; דיה: J(דַּיָּה bh): Dayyah; ḥăsidah; dayyah || J(דִּיהַּ): to be faint; to make fainter, paler ;; מדא: J(מַדָּא ch): the priest’s cloak ;; דוי: J(דוי bh): to drip, melt away; to mourn, repine; to be 	not available (no open digital HeArukh/Meturgeman text)	מדי	REVIEW	medium (~80% right in the sample)	yes
1280	long-tail	מדינתה	1	Ezra.6.2	Biblical Aramaic (Daniel, Ezra) (B)	מדינתא	MORPHOLOGY	a known lemma with a Hebrew sense is reachable, but a precision rule blocks the analysis — NO_ANALYSIS	מדינתא: כרך [krupnik] | מדינה [jastrow]	—	not available (no open digital HeArukh/Meturgeman text)			—	yes
1281	long-tail	מדקה	1	Daniel.7.19	Biblical Aramaic (Daniel, Ezra) (B)	דקה דק דוק דיק דקתא	MORPHOLOGY	a known lemma with a Hebrew sense is reachable, but a precision rule blocks the analysis — NO_ANALYSIS	דקה: מרפסת [krupnik] ;; דק: דק [jastrow] ;; דוק: מין חולי בעין [krupnik] ;; דיק: כתת [krupnik] | עשה בדיוק [krupnik] | הוציא מסקנא [krupnik] | כיוון בדיוק [krupnik] ;; דקתא: נעורת [krupnik]	דקה: J(דָּקָה): a look-out; a small door; bar ;; דק: J(דַּק I bh): thin, fine, tender; small bowels; retail. || J(דַּק II bh): a veiled; withered spot; cataract ;; דוק: J(דּוֹק): a withered spot in the eye || J(דּוּק): to pound, beat; to po	not available (no open digital HeArukh/Meturgeman text)			—	yes
1282	long-tail	מדרהונ	1	Daniel.2.11	Biblical Aramaic (Daniel, Ezra) (B)	מדר מדרא דר רהונ רהנ	MORPHOLOGY	a known lemma with a Hebrew sense is reachable, but a precision rule blocks the analysis — NO_ANALYSIS	מדר: רפש [krupnik] ;; מדרא: שוט להלקות בו [krupnik] ;; דר: דור [krupnik] | שורה [krupnik] | מדורה [krupnik] | דר [jastrow] ;; רהונ: עביט [krupnik] ;; רהנ: נתן במשכון [krupnik]	מדר: J(מֶדֶר): fallings; ordure || J(מָדַר): Hif.; to slant, to incline ;; מדרא: J(מִדְרָא): water-courses, gutters || J(מַדְרָא): chastising whip ;; דר: J(דָּר ²): row || J(דָּר ³ ch): row, range, order; a range of wood, pyre; period, gene	not available (no open digital HeArukh/Meturgeman text)			—	yes
1283	long-tail	מדת	1	Ezra.6.8	Biblical Aramaic (Daniel, Ezra) (B)	מדה מוד דת את	MORPHOLOGY	a known lemma with a Hebrew sense is reachable, but a precision rule blocks the analysis — NO_ANALYSIS	מדה: כלל קבוע [krupnik] | דרך ואופן, טיב [krupnik] | תכונת הנפש [krupnik] | מדה [jastrow] ;; מוד: שחה במים [krupnik] ;; דת: דת [jastrow] ;; את: סימן [krupnik] | אות [jastrow]	מדה: K: divine attribute | göttliches Attribut || J(מִדָּה bh): dimension, measure, proportion; agoranomoi; Middoth || J(מִדָּה ² ch): tribute. ;; מוד: J(מוּד): to stretch one’s self; to swim ;; דת: J(דָּת bh): dîn; custom, law; judgment, p	not available (no open digital HeArukh/Meturgeman text)			—	yes
1284	long-tail	מהדק	1	Daniel.2.40	Biblical Aramaic (Daniel, Ezra) (B)	הדק חדק	MORPHOLOGY	a known lemma with a Hebrew sense is reachable, but a precision rule blocks the analysis — NO_ANALYSIS	הדק: חיזק ואדק [krupnik] | הדק [jastrow] ;; חדק: נתחב [krupnik] | הידק וחיזק [krupnik] | חדק [jastrow]	הדק: J(הָדַק): Pi.; to squeeze || J(הֲדַק ch): Part. pass; to be squeezed in, rabbeted ;; חדק: J(חָדַק): to cut into, prick; Part. pass; to squeeze into, drive in || J(חֲדַק ch): Part.; pricking, injuring; to force into, to fill a gap || J(	not available (no open digital HeArukh/Meturgeman text)			—	yes
1285	long-tail	מהודא	1	Daniel.2.23	Biblical Aramaic (Daniel, Ezra) (B)	הוד	MISSING_HEBREW_GLOSS	the dictionaries have the word, but no Hebrew sense (English only / Krupnik without Hebrew) — NO_ANALYSIS	—	הוד: J(הוֹד bh): distinction, pride, majesty	not available (no open digital HeArukh/Meturgeman text)			—	yes
1286	long-tail	מהחצפה	1	Daniel.2.15	Biblical Aramaic (Daniel, Ezra) (B)	חצפ	MORPHOLOGY	a known lemma with a Hebrew sense is reachable, but a precision rule blocks the analysis — NO_ANALYSIS	חצפ: חצף [jastrow]	חצפ: J(חָצַף): to peel off, bare;; barefaced, impudent, arrogant; undaunted, energetic, strong || J(חֲצַף ch): Hif.; insisted upon, urgent	not available (no open digital HeArukh/Meturgeman text)			—	yes
1287	long-tail	מהחתינ	1	Ezra.6.1	Biblical Aramaic (Daniel, Ezra) (B)		TRUE_LEXICAL_GAP	no lexicon entry the form could belong to — NO_ANALYSIS	—	—	not available (no open digital HeArukh/Meturgeman text)			—	yes
1288	long-tail	מהימנ	1	Daniel.6.5	Biblical Aramaic (Daniel, Ezra) (B)	מהימנ הימנ	MORPHOLOGY	a known lemma with a Hebrew sense is reachable, but a precision rule blocks the analysis — RARE_UNREVIEWED מהימנ// "נאמן"	מהימנ: נאמן [krupnik] ;; הימנ: האמין [jastrow] | נאמן [jastrow]	הימנ: J(הֵימַן): to credit, trust, confide; to loan on trust; to admit as evidence; Part. pass; faithful, r	not available (no open digital HeArukh/Meturgeman text)			—	yes
1289	long-tail	מהלכ	1	Daniel.4.26	Biblical Aramaic (Daniel, Ezra) (B)	מהלכ הלכ הילכ הכ הלכה	MORPHOLOGY	a known lemma with a Hebrew sense is reachable, but a precision rule blocks the analysis — NO_ANALYSIS	הלכ: הלך [jastrow] ;; הילכ: הרכבה מן הֵא לָךְ [krupnik] ;; הכ: זה, זאת [krupnik] ;; הלכה: חוק [krupnik]	מהלכ: J(מַהֲלָךְ bh): way, journey, diurnal distance ;; הלכ: K: to cause opening of the bowels | Durchfall verursachen || J(הָלַךְ bh): to go, go away; to walk; Pi.; to walk, tread upon || J(הֲלַךְ ch): to walk || J(הֲלָךְ): atax; sustenanc	not available (no open digital HeArukh/Meturgeman text)			—	yes
1290	long-tail	מהעדה	1	Daniel.2.21	Biblical Aramaic (Daniel, Ezra) (B)		TRUE_LEXICAL_GAP	no lexicon entry the form could belong to — NO_ANALYSIS	—	—	not available (no open digital HeArukh/Meturgeman text)			—	yes
1291	long-tail	מהקרבינ	1	Ezra.6.10	Biblical Aramaic (Daniel, Ezra) (B)		TRUE_LEXICAL_GAP	no lexicon entry the form could belong to — NO_ANALYSIS	—	—	not available (no open digital HeArukh/Meturgeman text)			—	yes
1292	long-tail	מהשנא	1	Daniel.2.21	Biblical Aramaic (Daniel, Ezra) (B)		TRUE_LEXICAL_GAP	no lexicon entry the form could belong to — NO_ANALYSIS	—	—	not available (no open digital HeArukh/Meturgeman text)			—	yes
1293	long-tail	מחא	1	Daniel.5.19	Biblical Aramaic (Daniel, Ezra) (B)	מחי מחא אחה מחה מחתא אחי	SENSE_CHOICE	several Hebrew senses (or two lemmas) — a reviewer must choose — AMBIGUOUS_SENSE מחי: מחה ומחק | התנגד וערער	מחי: הכה [krupnik] | ארג, טוה [krupnik] | מחה ומחק [krupnik] | התנגד וערער [krupnik] | הוכרז למומחה ומנוסה [krupnik] | הוכה [krupnik] | נמחה [krupnik] | נתמזמז [krupnik] ;; אחה: איחד, חיבר [krupnik] | תפר [krupnik] | התאחד [krupnik] ;; מחה: קנח וניקה [krupnik] | המיס [krupnik] | נתן פקודה לאחר לשלם 	מחי: J(מחי): to rub, wipe out; to wear out, destroy; to strike out, annul; to protest against || J(מְחִי): to dissolve, mash; to wipe off, blot out; to protest || J(מְחִי ²): to diminish; to smite, wound; to be smitten || J(מָחֵי): stitcher	not available (no open digital HeArukh/Meturgeman text)			—	yes
1294	long-tail	מחצפה	1	Daniel.3.22	Biblical Aramaic (Daniel, Ezra) (B)	חצפ	MORPHOLOGY	a known lemma with a Hebrew sense is reachable, but a precision rule blocks the analysis — NO_ANALYSIS	חצפ: חצף [jastrow]	חצפ: J(חָצַף): to peel off, bare;; barefaced, impudent, arrogant; undaunted, energetic, strong || J(חֲצַף ch): Hif.; insisted upon, urgent	not available (no open digital HeArukh/Meturgeman text)			—	yes
1295	long-tail	מטא	1	Daniel.4.25	Biblical Aramaic (Daniel, Ezra) (B)	מטי מוט מט	MORPHOLOGY	a known lemma with a Hebrew sense is reachable, but a precision rule blocks the analysis — RARE_UNREVIEWED מטי// "הגיע ובא"	מטי: הגיע ובא [krupnik] | נתבכר [krupnik] | הביא [krupnik] | הלך [krupnik] | מצא [jastrow] | הוליך והביא [jastrow] ;; מוט: נטה ומעד [krupnik] | שקל [krupnik] | נשקל [krupnik] | מוט [jastrow]	מטי: J(מְטֵי): to stretch, reach; to arrive at; to obtain; to happen to; to be ripe, ready ;; מוט: J(מוּט bh): to incline, waver, decline; to give way, bend; to be shaken, bent; to bend, to shake. || J(מוּט ² ch): to balance, weigh; to be w	not available (no open digital HeArukh/Meturgeman text)			—	yes
1296	long-tail	מטו	1	Daniel.6.25	Biblical Aramaic (Daniel, Ezra) (B)	מטו מטי מוט	MORPHOLOGY	a known lemma with a Hebrew sense is reachable, but a precision rule blocks the analysis — RARE_UNREVIEWED מטו// "טובה"	מטו: סליחה [krupnik] | טובה [krupnik] | , בְּמָטוּתָא בבקשה, אנא [krupnik] ;; מטי: הגיע ובא [krupnik] | נתבכר [krupnik] | הביא [krupnik] | הלך [krupnik] | מצא [jastrow] | הוליך והביא [jastrow] ;; מוט: נטה ומעד [krupnik] | שקל [krupnik] | נשקל [krupnik] | מוט [jastrow]	מטו: J(מָטוּ): inclining; favor; to ask a favor, beg. ;; מטי: J(מְטֵי): to stretch, reach; to arrive at; to obtain; to happen to; to be ripe, ready ;; מוט: J(מוּט bh): to incline, waver, decline; to give way, bend; to be shaken, bent; to be	not available (no open digital HeArukh/Meturgeman text)			—	yes
1297	long-tail	מטורא	1	Daniel.2.45	Biblical Aramaic (Daniel, Ezra) (B)	נטר טורא טור	MISSING_HEBREW_GLOSS	the dictionaries have the word, but no Hebrew sense (English only / Krupnik without Hebrew) — NO_HEBREW_SENSE נטר	נטר: נטר [jastrow] ;; טורא: מין ירק מר [krupnik] ;; טור: הר [krupnik]	נטר: J(נָטַר bh): to guard, observe; to reserve anger, bear grudge || J(נְטַר ch): to guard, wait; to observe; to reserve; to be guarded; to be reserved; to keep watch ;; טורא: J(טוּרָא II): clearness, sky || J(*טוּרָא III): tura ;; טור: J(	not available (no open digital HeArukh/Meturgeman text)			—	yes
1298	long-tail	מטת	1	Daniel.4.21	Biblical Aramaic (Daniel, Ezra) (B)	מוט מטי	MORPHOLOGY	a known lemma with a Hebrew sense is reachable, but a precision rule blocks the analysis — NO_ANALYSIS	מוט: נטה ומעד [krupnik] | שקל [krupnik] | נשקל [krupnik] | מוט [jastrow] ;; מטי: הגיע ובא [krupnik] | נתבכר [krupnik] | הביא [krupnik] | הלך [krupnik] | מצא [jastrow] | הוליך והביא [jastrow]	מוט: J(מוּט bh): to incline, waver, decline; to give way, bend; to be shaken, bent; to bend, to shake. || J(מוּט ² ch): to balance, weigh; to be weighed; to sink, waver, be reduced || J(מוֹט bh): balancing pole, staff ;; מטי: J(מְטֵי): to s	not available (no open digital HeArukh/Meturgeman text)			—	yes
1299	long-tail	מלה	1	Daniel.2.10	Biblical Aramaic (Daniel, Ezra) (B)	מלה מל מלא מול מלי מלתא	MISSING_HEBREW_GLOSS	the dictionaries have the word, but no Hebrew sense (English only / Krupnik without Hebrew) — NO_HEBREW_SENSE מלה	מלה: מילא [krupnik] ;; מל: נוח לימלל [krupnik] ;; מלא: מלה, דיבור [krupnik] | מלא [jastrow] ;; מלי: מלא [jastrow]	מלה: J(מִלָּה bh): word ;; מל: J(מַל): brittle, easily crushed ;; מלא: J(מָלֵא I bh): to be full; to fill, to draw; to be filled || J(מָלֵא II bh): full.; a full month ;; מול: J(מוֹל bh): border, front, in sight of; border of the neck; ʿore	not available (no open digital HeArukh/Meturgeman text)			—	yes
1300	long-tail	מלחנא	1	Ezra.4.14	Biblical Aramaic (Daniel, Ezra) (B)	מלח מלחא לח לחא חני לוח	SENSE_CHOICE	several Hebrew senses (or two lemmas) — a reviewer must choose — AMBIGUOUS_SENSE מלח: מלח	מלח: מלח [krupnik] | מלח [jastrow] | מלח [jastrow] ;; מלחא: מַלח [krupnik] | סוחר מלח [krupnik] | מלח [jastrow] ;; לח: נוזלים [krupnik] ;; לחא: וו החכה [krupnik] ;; לוח: לוח [jastrow]	מלח: K: to be salted | (ein-)gesalzen werden || J(מָלַח bh): to salt, brine; to strew salt on raw meat; to be strewn with salt || J(מְלַח I ch): to be strewn with salt, be salted || J(מְלַח II): to row; to balance || J(מֶלַח): brittle; salt	not available (no open digital HeArukh/Meturgeman text)			—	yes
1301	long-tail	מלי	1	Daniel.5.10	Biblical Aramaic (Daniel, Ezra) (B)	מלי אלא אלה מל מלא מלה	MORPHOLOGY	a known lemma with a Hebrew sense is reachable, but a precision rule blocks the analysis — RARE_UNREVIEWED מלי// "מלא"	מלי: מלא [jastrow] ;; אלא: כי אם, בלתי אם [krupnik] | חוץ מן, מלבד [krupnik] | אבל, אולם [krupnik] | קונן [krupnik] ;; אלה: מקל שראשו מעובה [krupnik] | קלשון [krupnik] | אלוה [jastrow] ;; מל: נוח לימלל [krupnik] ;; מלא: מלה, דיבור [krupnik] | מלא [jastrow] ;; מלה: מילא [krupnik]	מלי: J(מַלֵּי): to speak || J(מְלֵי ch): to be full; to fill; to fill || J(מְלִי ch): full ;; אלא: J(אֵלָא): buttress || J(אֲלָא I): to lament || J(אֲלָא II): club, bat. || J(אֶלָּא): if not, except, but, only; th’lamm’dennu; th’lamm’dēnu ;	not available (no open digital HeArukh/Meturgeman text)			—	yes
1302	long-tail	מלינ	1	Daniel.7.1	Biblical Aramaic (Daniel, Ezra) (B)	מלה מל מלא מליא מליתא מלי	MISSING_HEBREW_GLOSS	the dictionaries have the word, but no Hebrew sense (English only / Krupnik without Hebrew) — NO_HEBREW_SENSE מלה	מלה: מילא [krupnik] ;; מל: נוח לימלל [krupnik] ;; מלא: מלה, דיבור [krupnik] | מלא [jastrow] ;; מליא: מלוא [krupnik] | מלא [jastrow] ;; מלי: מלא [jastrow]	מלה: J(מִלָּה bh): word ;; מל: J(מַל): brittle, easily crushed ;; מלא: J(מָלֵא I bh): to be full; to fill, to draw; to be filled || J(מָלֵא II bh): full.; a full month ;; מליא: K: full | voll || J(מַלְיָא): fulness; the fill of, as much as 	not available (no open digital HeArukh/Meturgeman text)			—	yes
1303	long-tail	מלכה	1	Daniel.2.11	Biblical Aramaic (Daniel, Ezra) (B)	מלכה מלכ מלכתא לכ הלכ לכא	MORPHOLOGY	a known lemma with a Hebrew sense is reachable, but a precision rule blocks the analysis — NO_ANALYSIS	מלכ: יעץ [krupnik] | מלך, משל [krupnik] | המשיל [krupnik] | נתיעץ [krupnik] | מלך [jastrow] | מלך [jastrow] ;; מלכתא: מלכה [krupnik] | עצה [krupnik] | מלכה [jastrow] ;; הלכ: הלך [jastrow] ;; לכא: עסיס צמח המשמש לצבע [krupnik]	מלכה: J(מַלְכָּה bh): queen, king’s wife; malkath Sheba ;; מלכ: K: to take counsel | sich beraten || J(*מַלָּךְ): what is it to thee?; of no practical value || J(מָלַךְ bh): to lead in council; to preside; to officiate; to be ruler || J(מְל	not available (no open digital HeArukh/Meturgeman text)			—	yes
1304	long-tail	מלכי	1	Daniel.4.24	Biblical Aramaic (Daniel, Ezra) (B)	מלכ מלכי מלני מלכיא מלכתא כי	SENSE_CHOICE	several Hebrew senses (or two lemmas) — a reviewer must choose — AMBIGUOUS מלכ/n.pl "מלך, משל" ~ מלני/ "פקפוק"	מלכ: יעץ [krupnik] | מלך, משל [krupnik] | המשיל [krupnik] | נתיעץ [krupnik] | מלך [jastrow] | מלך [jastrow] ;; מלני: פקפוק [krupnik] ;; מלכיא: מחלה [krupnik] ;; מלכתא: מלכה [krupnik] | עצה [krupnik] | מלכה [jastrow] ;; כי: כי [jastrow]	מלכ: K: to take counsel | sich beraten || J(*מַלָּךְ): what is it to thee?; of no practical value || J(מָלַךְ bh): to lead in council; to preside; to officiate; to be ruler || J(מְלַךְ ch): to rule; to decide; to advise || J(מֶלֶךְ bh): lea	not available (no open digital HeArukh/Meturgeman text)			—	yes
1305	long-tail	מלכימ	1	Ezra.4.13	Biblical Aramaic (Daniel, Ezra) (B)	מלכ	MORPHOLOGY	a known lemma with a Hebrew sense is reachable, but a precision rule blocks the analysis — RARE_UNREVIEWED מלכ/n.pl/ "מלך, משל"	מלכ: יעץ [krupnik] | מלך, משל [krupnik] | המשיל [krupnik] | נתיעץ [krupnik] | מלך [jastrow] | מלך [jastrow]	מלכ: K: to take counsel | sich beraten || J(*מַלָּךְ): what is it to thee?; of no practical value || J(מָלַךְ bh): to lead in council; to preside; to officiate; to be ruler || J(מְלַךְ ch): to rule; to decide; to advise || J(מֶלֶךְ bh): lea	not available (no open digital HeArukh/Meturgeman text)			—	yes
1306	long-tail	מלל	1	Daniel.6.22	Biblical Aramaic (Daniel, Ezra) (B)	מלל מול מילא מילול מלה מלי	MORPHOLOGY	a known lemma with a Hebrew sense is reachable, but a precision rule blocks the analysis — RARE_UNREVIEWED מלל// "דיבר"	מלל: פירר וריסק [krupnik] | עשה שולים [krupnik] | דיבר [krupnik] | היה מדובר [krupnik] | שפה, שולים [krupnik] | מלל [jastrow] ;; מילא: מלה, דבר [krupnik] | דבר, ענין [krupnik] | מיל [jastrow] | מלה [jastrow] ;; מלה: מילא [krupnik] ;; מלי: מלא [jastrow]	מלל: J(מָלָל): border, hem. || J(מָלַל I): to hem, edge || J(מָלַל II bh): to crush, squeeze; to rub ears; to stir a mush, make a pulp || J(מָלַל III): Pi.; to present, show; to proclaim, utter, speak || J(מְלַל II ch): to speak; to be spok	not available (no open digital HeArukh/Meturgeman text)			—	yes
1307	long-tail	ממללה	1	Daniel.7.11	Biblical Aramaic (Daniel, Ezra) (B)	מלל ממלל מללא	MORPHOLOGY	a known lemma with a Hebrew sense is reachable, but a precision rule blocks the analysis — NO_ANALYSIS	מלל: פירר וריסק [krupnik] | עשה שולים [krupnik] | דיבר [krupnik] | היה מדובר [krupnik] | שפה, שולים [krupnik] | מלל [jastrow] ;; ממלל: דיבור [krupnik] ;; מללא: מלה [krupnik] | גחלת לוחשת [krupnik] | מרגל [krupnik]	מלל: J(מָלָל): border, hem. || J(מָלַל I): to hem, edge || J(מָלַל II bh): to crush, squeeze; to rub ears; to stir a mush, make a pulp || J(מָלַל III): Pi.; to present, show; to proclaim, utter, speak || J(מְלַל II ch): to speak; to be spok	not available (no open digital HeArukh/Meturgeman text)			—	yes
1308	long-tail	מנדעי	1	Daniel.4.33	Biblical Aramaic (Daniel, Ezra) (B)	מנדע מנדעתא	MISSING_HEBREW_GLOSS	the dictionaries have the word, but no Hebrew sense (English only / Krupnik without Hebrew) — NO_ANALYSIS	—	מנדע: J(מַנְדַּע): knowledge, wisdom ;; מנדעתא: J(מַנְדַּעְתָּא): sentiment, disposition; sing	not available (no open digital HeArukh/Meturgeman text)			—	yes
1309	long-tail	מנהנ	1	Daniel.2.41	Biblical Aramaic (Daniel, Ezra) (B)	נהי	MORPHOLOGY	a known lemma with a Hebrew sense is reachable, but a precision rule blocks the analysis — NO_ANALYSIS	נהי: התאסף [krupnik] | נניח [krupnik]	נהי: J(נְהֵי I bh): to move; to be in commotion; to follow eagerly || J(נְהִי II bh): commotion; lamentation, elegy || J(נְהֵי): let it be, granted, admitted	not available (no open digital HeArukh/Meturgeman text)			—	yes
1310	long-tail	מסובלינ	1	Ezra.6.3	Biblical Aramaic (Daniel, Ezra) (B)	מסובלא סבל	MORPHOLOGY	a known lemma with a Hebrew sense is reachable, but a precision rule blocks the analysis — NO_ANALYSIS	סבל: נשא [krupnik] | שלח סבלונות [krupnik] | סבל [jastrow]	מסובלא: J(מְסוּבְלָא): load ;; סבל: J(סָבַל bh): to carry; to sustain; to endure; to load || J(סְבַל ch): to send presents of betrothal || J(סַבָּל bh): load-carrier	not available (no open digital HeArukh/Meturgeman text)			—	yes
1311	long-tail	מסעדינ	1	Ezra.5.2	Biblical Aramaic (Daniel, Ezra) (B)	סיוע סעד מסעד סעדא	MORPHOLOGY	a known lemma with a Hebrew sense is reachable, but a precision rule blocks the analysis — NO_ANALYSIS	סיוע: עזר ותמיכה [krupnik] | סיוע [jastrow] ;; סעד: אכל [krupnik] | השביע והרוה [krupnik] | תמך ועזר [krupnik] | סיוע [krupnik] | סעד [jastrow] | סעד [jastrow] ;; סעדא: סיוע [krupnik] | עוזר ותומך [krupnik]	סיוע: J(סִיּוּעַ): help, assistance ;; סעד: K: to be supported | unterstützt werden || J(סָעַד bh): to support, strengthen; to satisfy the appetite, to satiate; to dine || J(סְעַד ch): to assist, help; to dine, eat; to satiate || J(סַעַד): 	not available (no open digital HeArukh/Meturgeman text)			—	yes
1312	long-tail	מעבדוהי	1	Daniel.4.34	Biblical Aramaic (Daniel, Ezra) (B)	מעבדא	MISSING_HEBREW_GLOSS	the dictionaries have the word, but no Hebrew sense (English only / Krupnik without Hebrew) — NO_ANALYSIS	—	מעבדא: J(מַעְבָּדָא): doing	not available (no open digital HeArukh/Meturgeman text)			—	yes
1313	long-tail	מעוהי	1	Daniel.2.32	Biblical Aramaic (Daniel, Ezra) (B)	מעא	MORPHOLOGY	a known lemma with a Hebrew sense is reachable, but a precision rule blocks the analysis — NO_ANALYSIS	מעא: מעה [jastrow] | מעות [jastrow]	מעא: K: a small coin | eine kleine Münze || K: belly | Leib || J(מְעָא I ch): grain; m’ah; money || J(מְעָא II ch): belly, womb; bowels, intestines	not available (no open digital HeArukh/Meturgeman text)			—	yes
1314	long-tail	מעלי	1	Daniel.6.15	Biblical Aramaic (Daniel, Ezra) (B)	מעלי מעלא עלי מעליא מעלתא נעל	MORPHOLOGY	a known lemma with a Hebrew sense is reachable, but a precision rule blocks the analysis — RARE_UNREVIEWED מעלי// "טוב ומעולה"	מעלי: טוב ומעולה [krupnik] ;; מעלא: כניסה [krupnik] ;; עלי: עלי [jastrow] ;; מעליא: טוב ומעולה [krupnik] ;; מעלתא: הכנסות [krupnik] ;; נעל: נעל [jastrow]	מעלי: J(מַעֲלֵי): achievement, profit; good ;; מעלא: J(מֵעֲלָא): coming in, entering; sunset; Sabbath eve ;; עלי: J(עלי bh): to go up, rise; to come up, arrive; ‘ăle ‘ayin; ‘ole ‘ayin || J(עֲלֵי ch): Hif.; to balance; to estimate, value; to	not available (no open digital HeArukh/Meturgeman text)			—	yes
1315	long-tail	מפרש	1	Ezra.4.18	Biblical Aramaic (Daniel, Ezra) (B)	פרש מפרש פרס פרשא	MORPHOLOGY	a known lemma with a Hebrew sense is reachable, but a precision rule blocks the analysis — RARE_UNREVIEWED פרש/pe.ptcp.ms/ "שם המפורש"	פרש: נבדל [krupnik] | הפליג [krupnik] | הבדיל [krupnik] | הבדיל [krupnik] | הפליג [krupnik] | נתבאר [krupnik] | נאמר בפירוש [krupnik] | דרבן [krupnik] | פרש [jastrow] | שם המפורש [jastrow] | פרש [jastrow] ;; פרס: שבר, בצע [krupnik] | התפרסם [krupnik] | חתיכה, פרוסה [krupnik] | מזון [krupnik] | חצי מ	פרש: K: to be kept away | ferngehalten werden || J(פָּרַשׁ bh): to divide, separate; to go away, go aside, depart; to keep off; to pass, cross || J(פְּרַשׁ ch): to keep off, abstain; to cross; to set aside, distinguish || J(פֶּרֶשׁ bh): sec	not available (no open digital HeArukh/Meturgeman text)			—	yes
1316	long-tail	מפשר	1	Daniel.5.12	Biblical Aramaic (Daniel, Ezra) (B)	פשר	SENSE_CHOICE	several Hebrew senses (or two lemmas) — a reviewer must choose — AMBIGUOUS_SENSE פשר: נמס | עשה פשרה וחוזה | התיר ונתק | תיווך	פשר: נמס [krupnik] | עשה פשרה וחוזה [krupnik] | נעשה קצת חם [krupnik] | התיר ונתק [krupnik] | תיווך [krupnik] | עשה את המים פושרים [krupnik] | עשה פשרה, השלים [krupnik] | פשר [jastrow]	פשר: K: to be tepid | lauwarm sein || J(פָּשַׁר): to divide, to spread; to melt, dissolve; to be stale, tepid || J(פְּשַׁר I ch): to melt, be dissolved; to vanish, be broken; to dissolve || J(פַּשַּׁר): interpreter || J(פְּשַׁר II): interpr	not available (no open digital HeArukh/Meturgeman text)			—	yes
1317	long-tail	מצד	1	Daniel.6.5	Biblical Aramaic (Daniel, Ezra) (B)	מצודה צד מצדא	MISSING_HEBREW_GLOSS	the dictionaries have the word, but no Hebrew sense (English only / Krupnik without Hebrew) — NO_ANALYSIS	—	מצודה: J(מְצוּדָה bh): hunting apparatus, net, trap; bow.; fort; trap ;; צד: J(צַד bh): to join; side, border; in an unusual manner, indirectly ;; מצדא: J(מְצָדָא I): net, trap || J(מְצָדָא II): fort, stronghold.	not available (no open digital HeArukh/Meturgeman text)			—	yes
1318	long-tail	מקדמת	1	Ezra.5.11	Biblical Aramaic (Daniel, Ezra) (B)	קדמ קדמתא	MORPHOLOGY	a known lemma with a Hebrew sense is reachable, but a precision rule blocks the analysis — NO_ANALYSIS	קדמ: קדם [jastrow] | קדם [jastrow]	קדמ: K: to advance, to precede | vorangehen || J(קָדַם bh): to bend, go forward; to advance, precede; to anticipate; Hif. || J(קְדַם ch): Pa.; to precede; to do early, be early, first; to go before, come to meet || J(קֶדֶם bh): olden time; 	not available (no open digital HeArukh/Meturgeman text)			—	yes
1319	long-tail	מרא	1	Daniel.5.23	Biblical Aramaic (Daniel, Ezra) (B)	מרא מר מרי מור א מרה	MORPHOLOGY	a known lemma with a Hebrew sense is reachable, but a precision rule blocks the analysis — RARE_UNREVIEWED מרא// "מעדר"	מרא: מעדר [krupnik] ;; מרי: מרי [jastrow] ;; מור: אמר [krupnik] ;; א: ההוא [jastrow] | יש [jastrow]	מרא: J(מָרָא): to be strong ;; מר: J(מֹר): myrrh || J(מַר I): to speak, say || J(מַר II bh): bitter; corrosive substance; care, worry || J(מַר III): exchange; instead of; as || J(מַר IV): marua; to be strong;; man, lord, master; somebody; |	not available (no open digital HeArukh/Meturgeman text)			—	yes
1320	long-tail	מרדא	1	Ezra.4.15	Biblical Aramaic (Daniel, Ezra) (B)	מרד רדא רדי ירד מרדתא	MORPHOLOGY	a known lemma with a Hebrew sense is reachable, but a precision rule blocks the analysis — RARE_UNREVIEWED מרד// "מרד"	מרד: מרד [jastrow] ;; רדא: יסר, הלקה [krupnik] ;; רדי: חרש [krupnik] | משל [krupnik] | נחרש [krupnik] | נענש [krupnik] | רדי [jastrow]	מרד: J(מָרַד I bh): to rebel, refuse obedience; to protest; to incite to rebellion; to make rebellious, to inc || J(מָרַד II): to run, discharge matter; to be sore, inflamed || J(מְרַד ch): to rebel, run away; Hithpa.; to rule || J(מֶרֶד I 	not available (no open digital HeArukh/Meturgeman text)			—	yes
1321	long-tail	מרדתא	1	Ezra.4.12	Biblical Aramaic (Daniel, Ezra) (B)	מרד מרדתא רדתא רדת	MORPHOLOGY	a known lemma with a Hebrew sense is reachable, but a precision rule blocks the analysis — RARE_UNREVIEWED מרד/pe.perf.2ms/ "מרדת"	מרד: מרד [jastrow]	מרד: J(מָרַד I bh): to rebel, refuse obedience; to protest; to incite to rebellion; to make rebellious, to inc || J(מָרַד II): to run, discharge matter; to be sore, inflamed || J(מְרַד ch): to rebel, run away; Hithpa.; to rule || J(מֶרֶד I 	not available (no open digital HeArukh/Meturgeman text)			—	yes
1322	long-tail	מריטו	1	Daniel.7.4	Biblical Aramaic (Daniel, Ezra) (B)	מרט	MORPHOLOGY	a known lemma with a Hebrew sense is reachable, but a precision rule blocks the analysis — NO_ANALYSIS	מרט: מרט ותלש [krupnik] | נמרט ונפשט העור [krupnik] | קרחת [krupnik] | מרט [jastrow]	מרט: J(מָרַט bh): to pluck off; to pull; Part. pass || J(מְרַט I ch): to be laid bare, to have the shoulder uncovered; to pull to pieces, to divide, plunder; Pa || J(מְרַט II): baldness; plucked wool, tuft	not available (no open digital HeArukh/Meturgeman text)			—	yes
1323	long-tail	מרעע	1	Daniel.2.40	Biblical Aramaic (Daniel, Ezra) (B)	רעע רעי	MORPHOLOGY	a known lemma with a Hebrew sense is reachable, but a precision rule blocks the analysis — NO_ANALYSIS	רעע: רצץ [krupnik] | הורע [krupnik] | רעע [jastrow] ;; רעי: רעה את הצאן [krupnik] | רצה [krupnik] | נרצה [krupnik] | רצה ב־ [krupnik] | בחר [krupnik] | רעי [jastrow] | רצה [jastrow] | רעי [jastrow]	רעע: J(רָעַע bh): to bring in close contact; to strike against, shatter, impair.; —Part. pass || J(רְעַע ch): to shatter, break; Pa.; to do harm ;; רעי: J(רעי bh): to join, arrange; to lead, pasture, feed; to graze || J(רְעֵי ch): to feed; 	not available (no open digital HeArukh/Meturgeman text)			—	yes
1324	long-tail	משבח	1	Daniel.4.34	Biblical Aramaic (Daniel, Ezra) (B)	שבח משבחא שבחא	SENSE_CHOICE	several Hebrew senses (or two lemmas) — a reviewer must choose — AMBIGUOUS_SENSE שבח: הוטב | תהלה והודאה | הטבה, עלית הערך	שבח: הוטב [krupnik] | היטיב ותיקן, טייב [krupnik] | תהלה והודאה [krupnik] | הטבה, עלית הערך [krupnik] | שבח [jastrow] | שבח [jastrow] ;; שבחא: תהלה והודאה [krupnik] | הטבה, עלית הערך [krupnik]	שבח: J(שָׁבַח bh): to grow, spread; to improve, grow in value; to improve, ameliorate || J(שְׁבַח I ch): to improve, rise in value; to make profit; to praise.; Part. pass. || J(שֶׁבַח): improvement, gain; ăsherah; excellency, superiority, p	not available (no open digital HeArukh/Meturgeman text)			—	yes
1325	long-tail	משח	1	Ezra.7.22	Biblical Aramaic (Daniel, Ezra) (B)	משח משחה משיח משיחה משחא	REVIEW_CANDIDATE	complete analysis below the review gate (fewer than 200 uses here) — REVIEW_GATE משח/-/- "שמן" n=1	משח: סך בשמן [krupnik] | מדד [krupnik] | נמשח [krupnik] | שמן [krupnik] | שומן [krupnik] | מדה [krupnik] | משח [jastrow] | משח [jastrow] ;; משחה: הר הזיתים [jastrow] ;; משיחה: סיכה בשמן [krupnik] | פתיל [krupnik] ;; משחא: שמן [krupnik] | שומן [krupnik] | מדה [krupnik]	משח: J(מָשַׁח I bh): to stroke, smear;; to anoint; to install in office by anointing; to be anointed || J(מְשַׁח ch): to be rubbed with oil, perfumed || J(מָשַׁח II): to stretch, measure; to draw the outlines || J(מְשַׁח III): oil, fat; res	not available (no open digital HeArukh/Meturgeman text)	שמן	REVIEW	medium (~80% right in the sample)	yes
1326	long-tail	משיזב	1	Daniel.6.28	Biblical Aramaic (Daniel, Ezra) (B)	משיזב שיזב שיזבא	MORPHOLOGY	a known lemma with a Hebrew sense is reachable, but a precision rule blocks the analysis — NO_ANALYSIS	שיזב: הציל [krupnik] | ניצול [krupnik] ;; שיזבא: מפלט [krupnik] | שריד ופליט [krupnik]	משיזב: J(מְשֵׁיזֵב): one who has escaped, refugee ;; שיזב: J(שֵׁיזֵב): to release, save; to be delivered; to be saved, spared ;; שיזבא: J(שֵׁיזְבָא): escape, safety, refuge; one that escaped, remnant	not available (no open digital HeArukh/Meturgeman text)			—	yes
1327	long-tail	משכבה	1	Daniel.7.1	Biblical Aramaic (Daniel, Ezra) (B)	שכב משכב משכבא שכבה שכבא	MORPHOLOGY	a known lemma with a Hebrew sense is reachable, but a precision rule blocks the analysis — NO_ANALYSIS	שכב: שכב, ישן [krupnik] | מת [krupnik] | השכיב [krupnik] | נאנסה האשה [krupnik] | אבן תחתונה של ריחיים [krupnik] | שכב [jastrow] ;; משכבא: משכב [jastrow] ;; שכבא: ישן, נרדם [krupnik] | מת [krupnik]	שכב: J(שָׁכַב bh): to incline; to lie down, lie, sleep; to cause to lie down; hashkibenu || J(שְׁכֵב ch): to lie down; to die; to lie with; to be lain with, be ravished || J(שֶׁכֶב): the lower millstone ;; משכב: J(מִשְׁכָּב bh): couch, bed;	not available (no open digital HeArukh/Meturgeman text)			—	yes
1328	long-tail	משכנה	1	Ezra.7.15	Biblical Aramaic (Daniel, Ezra) (B)	משכנ משכנתא שכנ משכנא	MORPHOLOGY	a known lemma with a Hebrew sense is reachable, but a precision rule blocks the analysis — NO_ANALYSIS	משכנ: לקח עבוט [krupnik] | נלקח לעבוט [krupnik] | משכן [jastrow] ;; משכנתא: משכון, אפותיקי [krupnik] ;; שכנ: שכן [jastrow] ;; משכנא: משכן [jastrow]	משכנ: J(מִשְׁכֵּן): to take a pledge; to seize, levy; to be seized || J(מַשְׁכֵּן ch): to be given as a pledge; to be levied upon; to borrow on pledge || J(מִשְׁכָּן bh): dwelling,; the sanctuary of the desert, the Tabernacle ;; משכנתא: J(מ	not available (no open digital HeArukh/Meturgeman text)			—	yes
1329	long-tail	משניה	1	Daniel.7.7	Biblical Aramaic (Daniel, Ezra) (B)	שניה שני שניא	MORPHOLOGY	a known lemma with a Hebrew sense is reachable, but a precision rule blocks the analysis — NO_ANALYSIS	שני: חזר, כפל [krupnik] | היה משונה, שונה [krupnik] | שינה והחליף [krupnik] | השיב [krupnik] | שינה והחליף [krupnik] | נשתנה ונתחלף [krupnik] | שני [jastrow]	שניה: K: incest of second degree | zweiter Grad des Eheverbotes ;; שני: J(שָׁנִי bh): scarlet; kasshanim?; kasshani || J(שני bh): to repeat, do a second time; to study the Mishnah; to study; to teach || J(שְׁנֵי ch): to repeat; to change; t	not available (no open digital HeArukh/Meturgeman text)			—	yes
1330	long-tail	משפיל	1	Daniel.5.19	Biblical Aramaic (Daniel, Ezra) (B)	שפל	MORPHOLOGY	a known lemma with a Hebrew sense is reachable, but a precision rule blocks the analysis — NO_ANALYSIS	שפל: נרפה, נתעצל [krupnik] | ירד [krupnik] | הרכין את ראשו [krupnik] | השפיל, הוריד [krupnik] | כרע ברך [krupnik] | שפל [jastrow] | שפל [jastrow]	שפל: K: to be lowered | erniedrigt werden || J(שָׁפֵל I bh): to be low; to lower, humble; to be lowered || J(שְׁפַל ch): to fall down, go down; to lower; to carry down, carry along || J(שָׁפָל bh): low, humble; polite; Hithpa. || J(שְׁפַל I	not available (no open digital HeArukh/Meturgeman text)			—	yes
1331	long-tail	משרקיתא	1	Daniel.3.10	Biblical Aramaic (Daniel, Ezra) (B)		TRUE_LEXICAL_GAP	no lexicon entry the form could belong to — NO_ANALYSIS	—	—	not available (no open digital HeArukh/Meturgeman text)			—	yes
1332	long-tail	משתבשינ	1	Daniel.5.9	Biblical Aramaic (Daniel, Ezra) (B)	שבש	MORPHOLOGY	a known lemma with a Hebrew sense is reachable, but a precision rule blocks the analysis — NO_ANALYSIS	שבש: סכסך [krupnik] | הסתבך [krupnik] | שַׁבֵּשׁ פעל, סיבך [krupnik] | שריג [krupnik]	שבש: J(שָׁבַשׁ): to run in all directions, blunder; to entangle, confound; part. pass.; thrown into confusi || J(שְׁבַשׁ): Pa.; to branch off, send forth branches; Pe.	not available (no open digital HeArukh/Meturgeman text)			—	yes
1333	long-tail	משתדר	1	Daniel.6.15	Biblical Aramaic (Daniel, Ezra) (B)	שדר	MORPHOLOGY	a known lemma with a Hebrew sense is reachable, but a precision rule blocks the analysis — NO_ANALYSIS	שדר: שלח [krupnik] | נאבק [krupnik] | נשלח [krupnik]	שדר: J(שָׁדַר): Hithpa.; to throw one’s self forward; to strive || J(שְׁדַר I): to order; Pa.; to send || J(שְׁדַר II): to turn around, twist; to wrestle.; to rebel	not available (no open digital HeArukh/Meturgeman text)			—	yes
1334	long-tail	משתכל	1	Daniel.7.8	Biblical Aramaic (Daniel, Ezra) (B)		TRUE_LEXICAL_GAP	no lexicon entry the form could belong to — NO_ANALYSIS	—	—	not available (no open digital HeArukh/Meturgeman text)			—	yes
1335	long-tail	משתרינ	1	Daniel.5.6	Biblical Aramaic (Daniel, Ezra) (B)	שרה שתר שרי	MORPHOLOGY	a known lemma with a Hebrew sense is reachable, but a precision rule blocks the analysis — NO_ANALYSIS	שרה: הרטיב, טבל במים [krupnik] | שכן, חנה [krupnik] | התיר [krupnik] | הורטב, נטבל במים [krupnik] | השכין [krupnik] | פרנס [krupnik] ;; שתר: נשאר [krupnik] ;; שרי: שרי [jastrow] | התיר [jastrow]	שרה: J(שָׂרָה ² bh): princess; Sarah, a ;; שתר: J(שְׁתַר): Ithpa.; to be left over; to escape ;; שרי: J(שרי bh): to dissolve, soak, steep; to be soaked, dissolved; halmé || J(שרי ² bh): to loosen, untie;; to take lodging; to rest, dwell; Hi	not available (no open digital HeArukh/Meturgeman text)			—	yes
1336	long-tail	מתבהל	1	Daniel.5.9	Biblical Aramaic (Daniel, Ezra) (B)	בהל	MORPHOLOGY	a known lemma with a Hebrew sense is reachable, but a precision rule blocks the analysis — NO_ANALYSIS	בהל: פחד ונבהל [krupnik] | בהל [jastrow]	בהל: J(בָּהַל bh): to hurry, be excited, anxious; excited, pressed; to agitate, frighten || J(בְּהַל ch): to be precocious, inconsiderate, hasty; to be hurried, to hurry; to be agitated	not available (no open digital HeArukh/Meturgeman text)			—	yes
1337	long-tail	מתיהבא	1	Ezra.6.8	Biblical Aramaic (Daniel, Ezra) (B)	יהב	MISSING_HEBREW_GLOSS	the dictionaries have the word, but no Hebrew sense (English only / Krupnik without Hebrew) — NO_HEBREW_SENSE יהב	—	יהב: J(יְהַב): to give; to deal; to put, place	not available (no open digital HeArukh/Meturgeman text)			—	yes
1338	long-tail	מתיהבינ	1	Ezra.7.19	Biblical Aramaic (Daniel, Ezra) (B)	אהב	MISSING_HEBREW_GLOSS	the dictionaries have the word, but no Hebrew sense (English only / Krupnik without Hebrew) — NO_ANALYSIS	—	אהב: J(אָהַב bh): to love; philanthropist.; Hithpa	not available (no open digital HeArukh/Meturgeman text)			—	yes
1339	long-tail	מתכנשינ	1	Daniel.3.3	Biblical Aramaic (Daniel, Ezra) (B)	כנש	MORPHOLOGY	a known lemma with a Hebrew sense is reachable, but a precision rule blocks the analysis — NO_ANALYSIS	כנש: התקבץ והתכנס [krupnik] | קיבץ [krupnik] | נתקבץ ונתלקט [krupnik] | כנש [jastrow]	כנש: K: i>to sweep | fegen || J(כָּנַשׁ): Hithpa. || J(כְּנַשׁ ch): to gather, collect; to gather in; to rake together, to sweep; to be gathered, to be called	not available (no open digital HeArukh/Meturgeman text)			—	yes
1340	long-tail	מתנדב	1	Ezra.7.13	Biblical Aramaic (Daniel, Ezra) (B)	נדב	MISSING_HEBREW_GLOSS	the dictionaries have the word, but no Hebrew sense (English only / Krupnik without Hebrew) — NO_ANALYSIS	—	נדב: K: to be donated, to be dedicated | gespendet werden || J(נָדַב bh): to make willing, to prompt; to offer willingly, donate, consecrate,; nadab || J(נְדַב ch): Ithpa.; to donate; to be devoted to	not available (no open digital HeArukh/Meturgeman text)			—	yes
1341	long-tail	מתנדבינ	1	Ezra.7.16	Biblical Aramaic (Daniel, Ezra) (B)		TRUE_LEXICAL_GAP	no lexicon entry the form could belong to — NO_ANALYSIS	—	—	not available (no open digital HeArukh/Meturgeman text)			—	yes
1342	long-tail	מתנצח	1	Daniel.6.4	Biblical Aramaic (Daniel, Ezra) (B)	נצח	MORPHOLOGY	a known lemma with a Hebrew sense is reachable, but a precision rule blocks the analysis — NO_ANALYSIS	נצח: התגבר על־ [krupnik] | נחל מפלה [krupnik] | פרח [krupnik] | שיחק [krupnik] | הצטיין [krupnik] | נחל מפלה [krupnik] | נצח [jastrow]	נצח: K: striking, irrefutable | treffend, (siegreich) || J(נָצַח bh): to be bright, pure; to be victorious, win, prevail; to make illustrious, to glorify || J(נְצַח ch): to be glad, to sing; to succeed, thrive; to be victorious || J(נִצֵּחַ	not available (no open digital HeArukh/Meturgeman text)			—	yes
1343	long-tail	מתנשאה	1	Ezra.4.19	Biblical Aramaic (Daniel, Ezra) (B)		TRUE_LEXICAL_GAP	no lexicon entry the form could belong to — NO_ANALYSIS	—	—	not available (no open digital HeArukh/Meturgeman text)			—	yes
1344	long-tail	מתנתכ	1	Daniel.5.17	Biblical Aramaic (Daniel, Ezra) (B)	מתנתא נתכ תנתא	MORPHOLOGY	a known lemma with a Hebrew sense is reachable, but a precision rule blocks the analysis — NO_ANALYSIS	מתנתא: מתנה [krupnik] | מתנה [jastrow] ;; נתכ: ענש [krupnik] | אַתֵּךְ המס והתיך באש [krupnik] | נתך [jastrow]	מתנתא: J(מַתַּנְתָּא ch): gift, grant, donation ;; נתכ: J(נָתַךְ bh): to cut, reduce, smelt; to be smelted, reduced to slags; to smelt, cast, pour || J(נְתַךְ I ch): to melt, cast, pour; Hof || J(*נְתַךְ II): Pi.; to distrain, fine	not available (no open digital HeArukh/Meturgeman text)			—	yes
1345	long-tail	מתעבדא	1	Ezra.5.8	Biblical Aramaic (Daniel, Ezra) (B)	עבד	MORPHOLOGY	a known lemma with a Hebrew sense is reachable, but a precision rule blocks the analysis — RARE_UNREVIEWED עבד/itpe.ptcp.fs/ "נעשית"	עבד: תיקן והכשיר [krupnik] | עבד [jastrow] | עבד [jastrow] | עשה [reviewed]	עבד: K: to tan | gerben || J(עָבַד bh): to work; to serve, work for.; to do priestly service || J(עֲבַד I ch): to do, labor; to make; to act; to do, fare, prosper; to spend time || J(עֶבֶד bh): slave; servant || J(עֲבַד ch): worshipper	not available (no open digital HeArukh/Meturgeman text)			—	yes
1346	long-tail	מתערב	1	Daniel.2.43	Biblical Aramaic (Daniel, Ezra) (B)	ערב	MORPHOLOGY	a known lemma with a Hebrew sense is reachable, but a precision rule blocks the analysis — NO_ANALYSIS	ערב: תיקן עירוב [krupnik] | המתיק [krupnik] | ערב [jastrow]	ערב: K: bondsman | Bürge || J(עָרַב I bh): to insert, press into, interweave; to mix, confuse; Pi. || J(עֲרַב ch): to vouch for, be surety for; to mix; to combine || J(עָרַב II bh): to go in; to go in; to set || J(עֲרַב ² ch): Ithpe.; to se	not available (no open digital HeArukh/Meturgeman text)			—	yes
1347	long-tail	מתערבינ	1	Daniel.2.43	Biblical Aramaic (Daniel, Ezra) (B)	ערב	MORPHOLOGY	a known lemma with a Hebrew sense is reachable, but a precision rule blocks the analysis — NO_ANALYSIS	ערב: תיקן עירוב [krupnik] | המתיק [krupnik] | ערב [jastrow]	ערב: K: bondsman | Bürge || J(עָרַב I bh): to insert, press into, interweave; to mix, confuse; Pi. || J(עֲרַב ch): to vouch for, be surety for; to mix; to combine || J(עָרַב II bh): to go in; to go in; to set || J(עֲרַב ² ch): Ithpe.; to se	not available (no open digital HeArukh/Meturgeman text)			—	yes
1348	long-tail	מתקטלינ	1	Daniel.2.13	Biblical Aramaic (Daniel, Ezra) (B)	קטל	MISSING_HEBREW_GLOSS	the dictionaries have the word, but no Hebrew sense (English only / Krupnik without Hebrew) — NO_ANALYSIS	—	קטל: J(קְטַל): to cut; to kill; ṭarof	not available (no open digital HeArukh/Meturgeman text)			—	yes
1349	long-tail	מתשמ	1	Ezra.5.8	Biblical Aramaic (Daniel, Ezra) (B)		TRUE_LEXICAL_GAP	no lexicon entry the form could belong to — NO_ANALYSIS	—	—	not available (no open digital HeArukh/Meturgeman text)			—	yes
1350	long-tail	נאמר	1	Daniel.2.36	Biblical Aramaic (Daniel, Ezra) (B)	אמירה	MORPHOLOGY	a known lemma with a Hebrew sense is reachable, but a precision rule blocks the analysis — NO_ANALYSIS	אמירה: דיבור [krupnik] | משא ומתן [krupnik]	אמירה: J(אֲמִירָה I): speaking, speech; this is right; the word amar || J(אֲמִירָה II): proclamation, receiving homage; distinction, ornament	not available (no open digital HeArukh/Meturgeman text)			—	yes
1351	long-tail	נברשתא	1	Daniel.5.5	Biblical Aramaic (Daniel, Ezra) (B)	נברשת נברשתא	MORPHOLOGY	a known lemma with a Hebrew sense is reachable, but a precision rule blocks the analysis — RARE_UNREVIEWED נברשת/n.sg/ "מנורה, עששית"	נברשת: מנורה, עששית [krupnik]	נברשת: J(נִבְרֶשֶׁת): lamp. ;; נברשתא: J(נֶבְרַשְׁתָּא ch): lamp, candle	not available (no open digital HeArukh/Meturgeman text)			—	yes
1352	long-tail	נדבכינ	1	Ezra.6.4	Biblical Aramaic (Daniel, Ezra) (B)	נדבכ	SENSE_CHOICE	several Hebrew senses (or two lemmas) — a reviewer must choose — AMBIGUOUS_SENSE נדבכ: שכבה של בנין, סואר	נדבכ: שכבה של בנין, סואר [krupnik] | נדבך [jastrow]	נדבכ: K: a man’s name | männlicher Name || J(נִדְבָּךְ): rammed wall; a mould filled with earth or rubble; a block of a certain size; a course of b || J(נִדְבַּךְ I ch): a course of stones, tier	not available (no open digital HeArukh/Meturgeman text)			—	yes
1353	long-tail	נדנה	1	Daniel.7.15	Biblical Aramaic (Daniel, Ezra) (B)	דנא נדנ נדנא	MORPHOLOGY	a known lemma with a Hebrew sense is reachable, but a precision rule blocks the analysis — NO_ANALYSIS	דנא: זה [krupnik] | חבית גדולה [krupnik] | הגה, דיבר [krupnik] ;; נדנא: נדן [jastrow]	דנא: J(דָּנָא): a cylindrical vessel, jar ;; נדנ: J(נָדַן): to give; to place; to be given || J(נָדָן bh): place where a thing is put; sheath, case	not available (no open digital HeArukh/Meturgeman text)			—	yes
1354	long-tail	נדת	1	Daniel.6.19	Biblical Aramaic (Daniel, Ezra) (B)	נדה נדי נוד	MORPHOLOGY	a known lemma with a Hebrew sense is reachable, but a precision rule blocks the analysis — NO_ANALYSIS	נדי: היה משומת ומנודה [krupnik] | הזה, זרק [krupnik] | זרק והשליך [krupnik] | נדי [jastrow] | נזה [jastrow] ;; נוד: היה נע ונד [krupnik] | הניע [krupnik] | נוד [jastrow]	נדה: K: to excommunicate | in den Bann tun || J(נִדָּה bh): isolation, condition of uncleanness; period of menstruation; a woman during menstruation,  ;; נדי: J(נדי bh): to be restless, flee; to banish, excommunicate; to be excommunicated. 	not available (no open digital HeArukh/Meturgeman text)			—	yes
1355	long-tail	נהחוה	1	Daniel.2.7	Biblical Aramaic (Daniel, Ezra) (B)		TRUE_LEXICAL_GAP	no lexicon entry the form could belong to — NO_ANALYSIS	—	—	not available (no open digital HeArukh/Meturgeman text)			—	yes
1356	long-tail	נהר	1	Daniel.7.10	Biblical Aramaic (Daniel, Ezra) (B)	נהר נהור נהרא	MORPHOLOGY	a known lemma with a Hebrew sense is reachable, but a precision rule blocks the analysis — RARE_UNREVIEWED נהר// "האיר · נזכר"	נהר: האיר [krupnik] | נזכר [krupnik] | הואר [krupnik] | נהר [jastrow] | נהר [jastrow] ;; נהרא: נהר, נחל [krupnik] | אור [krupnik]	נהר: K: to enlighten | erleuchten || J(נָהַר bh): to break forth, shine; to enlighten || J(נְהַר I ch): to shine; Part. pass; bright, clear || J(נָהָר bh): river, stream, canal || J(נְהַר II ch): N’har Abba ;; נהור: J(נְהוֹר): light; eye-si	not available (no open digital HeArukh/Meturgeman text)			—	yes
1357	long-tail	נהרא	1	Ezra.4.16	Biblical Aramaic (Daniel, Ezra) (B)	נהרא נהר הרא הרה	REVIEW_CANDIDATE	complete analysis below the review gate (fewer than 200 uses here) — REVIEW_GATE נהרא/-/- "נהר, נחל" n=1	נהרא: נהר, נחל [krupnik] | אור [krupnik] ;; נהר: האיר [krupnik] | נזכר [krupnik] | הואר [krupnik] | נהר [jastrow] | נהר [jastrow]	נהרא: J(נַהֲרָא III): brightness ;; נהר: K: to enlighten | erleuchten || J(נָהַר bh): to break forth, shine; to enlighten || J(נְהַר I ch): to shine; Part. pass; bright, clear || J(נָהָר bh): river, stream, canal || J(נְהַר II ch): N’har Ab	not available (no open digital HeArukh/Meturgeman text)	נהר, נחל	REVIEW	medium (~80% right in the sample)	yes
1358	long-tail	נהשכח	1	Daniel.6.6	Biblical Aramaic (Daniel, Ezra) (B)		TRUE_LEXICAL_GAP	no lexicon entry the form could belong to — NO_ANALYSIS	—	—	not available (no open digital HeArukh/Meturgeman text)			—	yes
1359	long-tail	נולו	1	Ezra.6.11	Biblical Aramaic (Daniel, Ezra) (B)	נולו נול	MORPHOLOGY	a known lemma with a Hebrew sense is reachable, but a precision rule blocks the analysis — NO_ANALYSIS	נול: נעשה מנוול, התנוון [krupnik] | גינה והכעיר [krupnik] | ארג [krupnik] | ארג [krupnik]	נולו: J(נְוָלוּ): offensiveness; dunghill, cesspool.	not available (no open digital HeArukh/Meturgeman text)			—	yes
1360	long-tail	נזק	1	Daniel.6.3	Biblical Aramaic (Daniel, Ezra) (B)	נזק נזוק ניזק	MISSING_HEBREW_GLOSS	the dictionaries have the word, but no Hebrew sense (English only / Krupnik without Hebrew) — NO_HEBREW_SENSE נזק	נזק: גרם נזק וחבלה [krupnik] | נחבל, נגרם לו הפסד [krupnik] | הזיק [krupnik] | ניזק [krupnik] | נזק [jastrow] | נזק [jastrow] ;; נזוק: נחבל, נגרם לו הפסד [krupnik] ;; ניזק: תובע דמי נזק [krupnik]	נזק: J(נָזַק): Hif.; to hurt, injure, damage; to be hurt, injured, damaged || J(נְזַק ch): Ittaf; Ithpe.; to be hurt, to meet with an accident || J(נֵזֶק bh): junction, touch; accident, evil, injury, damage; indemnity ;; ניזק: J(נִיזָּק): o	not available (no open digital HeArukh/Meturgeman text)			—	yes
1361	long-tail	נחוא	1	Daniel.2.4	Biblical Aramaic (Daniel, Ezra) (B)	חוי	MISSING_HEBREW_GLOSS	the dictionaries have the word, but no Hebrew sense (English only / Krupnik without Hebrew) — NO_HEBREW_SENSE חוי	חוי: אַחֲוֵי הראה [krupnik]	חוי: J(חוי): to point; to show, teach, tell || J(חוי ² ch): Pa.; to show;to tell; to be announced; to be told	not available (no open digital HeArukh/Meturgeman text)			—	yes
1362	long-tail	נטלת	1	Daniel.4.31	Biblical Aramaic (Daniel, Ezra) (B)	נטל	MORPHOLOGY	a known lemma with a Hebrew sense is reachable, but a precision rule blocks the analysis — NO_ANALYSIS	נטל: נלקח ביד [krupnik] | הופרש והורם [krupnik] | הוסר ולוקח [krupnik] | הוציא לאויר העולם [krupnik] | המליטה התרנגולת ביצה [krupnik] | יצק מים [krupnik] | השתין [krupnik] | עשה שלום [krupnik] | לקח [krupnik] | נסע [krupnik] | רחץ [krupnik] | הורם [krupnik] | נטל [jastrow]	נטל: K: to put | legen || J(נָטַל bh): to move, carry off; to receive, take; removed; to pour water over one’s hands || J(נְטַל ch): to take, lift, move, carry; to move; to wash the hands	not available (no open digital HeArukh/Meturgeman text)			—	yes
1363	long-tail	נטרת	1	Daniel.7.28	Biblical Aramaic (Daniel, Ezra) (B)	נטר	MORPHOLOGY	a known lemma with a Hebrew sense is reachable, but a precision rule blocks the analysis — NO_ANALYSIS	נטר: נטר [jastrow]	נטר: J(נָטַר bh): to guard, observe; to reserve anger, bear grudge || J(נְטַר ch): to guard, wait; to observe; to reserve; to be guarded; to be reserved; to keep watch	not available (no open digital HeArukh/Meturgeman text)			—	yes
1364	long-tail	ניחוחינ	1	Ezra.6.10	Biblical Aramaic (Daniel, Ezra) (B)	ניחוח	MISSING_HEBREW_GLOSS	the dictionaries have the word, but no Hebrew sense (English only / Krupnik without Hebrew) — NO_HEBREW_SENSE ניחוח	—	ניחוח: J(נִיחוֹחַ bh): pleasing	not available (no open digital HeArukh/Meturgeman text)			—	yes
1365	long-tail	נכסינ	1	Ezra.7.26	Biblical Aramaic (Daniel, Ezra) (B)	נכסינ כסי כסא כסנ נכס נכסא	MORPHOLOGY	a known lemma with a Hebrew sense is reachable, but a precision rule blocks the analysis — RARE_UNREVIEWED נכסינ// "נכסים"	נכסינ: נכסים [jastrow] ;; כסי: כיסה [krupnik] | נתכסה, נסתתר [krupnik] | כסי [jastrow] ;; כסא: כוס [krupnik] | מאכל [krupnik] | כוס [jastrow] | בית הכוסות [jastrow] ;; כסנ: ענש [krupnik] ;; נכס: שחט [krupnik] | נכס [jastrow] ;; נכסא: זבח [krupnik] | נכסים [krupnik] | זבח [jastrow]	נכסינ: J(נִכְסִין ch): herds ;; כסי: J(כסי): to make incisions, mark, count.; Part. pass; marked, distinguished || J(כסי ² bh): to cover; to cover, hide; to be covered, hidden || J(כְּסֵי ² ch): Part.; pass; hidden || J(כַּסִּי): hidden ;; 	not available (no open digital HeArukh/Meturgeman text)			—	yes
1366	long-tail	נכתב	1	Ezra.5.10	Biblical Aramaic (Daniel, Ezra) (B)	כתב	MORPHOLOGY	a known lemma with a Hebrew sense is reachable, but a precision rule blocks the analysis — NO_ANALYSIS	כתב: כתב ורשם [krupnik] | נכתב ונרשם [krupnik] | כתב [jastrow] | כתב [jastrow]	כתב: J(כָּתַב): to join sign to sign; to compose, write; to promise in writing, to will, assign, consign;  || J(כְּתַב I ch): the text reads; evening; it is written, it reads || J(כְּתָב bh): writing, writ; character.; signature	not available (no open digital HeArukh/Meturgeman text)			—	yes
1367	long-tail	נסגד	1	Daniel.3.18	Biblical Aramaic (Daniel, Ezra) (B)	סגד	MISSING_HEBREW_GLOSS	the dictionaries have the word, but no Hebrew sense (English only / Krupnik without Hebrew) — NO_ANALYSIS	—	סגד: J(סְגַד bh): to bend, bow; to worship	not available (no open digital HeArukh/Meturgeman text)			—	yes
1368	long-tail	נפלו	1	Daniel.3.23	Biblical Aramaic (Daniel, Ezra) (B)	נפל פלה פלי	MORPHOLOGY	a known lemma with a Hebrew sense is reachable, but a precision rule blocks the analysis — NO_ANALYSIS	נפל: נתפורר [krupnik] | נפל [jastrow] ;; פלה: פִּלָּה בדק [krupnik] ;; פלי: בקע [krupnik] | פלי [jastrow]	נפל: J(נָפַל bh): to fall, lie down; to be dropped; to occur; to cause to fall; to throw down; to miscarry || J(נְפַל ch): Hif.; to be upset, fall in || J(נֵפֶל): capacity for seed; abortion; premature, not viable birth ;; פלי: J(*פָּלִי): 	not available (no open digital HeArukh/Meturgeman text)			—	yes
1369	long-tail	נפלינ	1	Daniel.3.7	Biblical Aramaic (Daniel, Ezra) (B)	נפל פלה פלי נפלא	MORPHOLOGY	a known lemma with a Hebrew sense is reachable, but a precision rule blocks the analysis — NO_ANALYSIS	נפל: נתפורר [krupnik] | נפל [jastrow] ;; פלה: פִּלָּה בדק [krupnik] ;; פלי: בקע [krupnik] | פלי [jastrow]	נפל: J(נָפַל bh): to fall, lie down; to be dropped; to occur; to cause to fall; to throw down; to miscarry || J(נְפַל ch): Hif.; to be upset, fall in || J(נֵפֶל): capacity for seed; abortion; premature, not viable birth ;; פלי: J(*פָּלִי): 	not available (no open digital HeArukh/Meturgeman text)			—	yes
1370	long-tail	נפק	1	Daniel.2.14	Biblical Aramaic (Daniel, Ezra) (B)	נפק פוק נפקא	REVIEW_CANDIDATE	complete analysis below the review gate (fewer than 200 uses here) — REVIEW_GATE נפק/-/- "כיוצא בו" n=1	נפק: יצא [krupnik] | יצא ידי חובתו [krupnik] | הוציא [krupnik] | נפק [jastrow] | כיוצא בו [jastrow] | הוציא [reviewed] ;; נפקא: צואה [krupnik] | מוצא [krupnik] | צאה [jastrow] | מוצא [jastrow]	נפק: J(*נָפַק): to go out || J(נְפַק ch): to go out, come out; to result, end; similar to, corresponding; to take out, exclude || J(נָפֵק): going out; a male prostitute; fem; a female prostitute ;; פוק: J(פּוּק bh): to go forth; to give for	not available (no open digital HeArukh/Meturgeman text)	כיוצא בו	REVIEW	medium (~80% right in the sample)	yes
1371	long-tail	נפקה	1	Daniel.5.5	Biblical Aramaic (Daniel, Ezra) (B)	נפק נפקא	MORPHOLOGY	a known lemma with a Hebrew sense is reachable, but a precision rule blocks the analysis — NO_ANALYSIS	נפק: יצא [krupnik] | יצא ידי חובתו [krupnik] | הוציא [krupnik] | נפק [jastrow] | כיוצא בו [jastrow] | הוציא [reviewed] ;; נפקא: צואה [krupnik] | מוצא [krupnik] | צאה [jastrow] | מוצא [jastrow]	נפק: J(*נָפַק): to go out || J(נְפַק ch): to go out, come out; to result, end; similar to, corresponding; to take out, exclude || J(נָפֵק): going out; a male prostitute; fem; a female prostitute ;; נפקא: J(נִפִקָא): excrements; outlet, open	not available (no open digital HeArukh/Meturgeman text)			—	yes
1372	long-tail	נפקו	1	Daniel.5.5	Biblical Aramaic (Daniel, Ezra) (B)	נפק נפקותא	MORPHOLOGY	a known lemma with a Hebrew sense is reachable, but a precision rule blocks the analysis — NO_ANALYSIS	נפק: יצא [krupnik] | יצא ידי חובתו [krupnik] | הוציא [krupnik] | נפק [jastrow] | כיוצא בו [jastrow] | הוציא [reviewed] ;; נפקותא: הוצאות [krupnik] | הוצאה [jastrow]	נפק: J(*נָפַק): to go out || J(נְפַק ch): to go out, come out; to result, end; similar to, corresponding; to take out, exclude || J(נָפֵק): going out; a male prostitute; fem; a female prostitute ;; נפקותא: J(נַפְקוּתָא): expense; outcome, d	not available (no open digital HeArukh/Meturgeman text)			—	yes
1373	long-tail	נפקת	1	Daniel.2.13	Biblical Aramaic (Daniel, Ezra) (B)	נפק נפקת	MORPHOLOGY	a known lemma with a Hebrew sense is reachable, but a precision rule blocks the analysis — RARE_UNREVIEWED נפק/n.sg/ "כיוצא בו"	נפק: יצא [krupnik] | יצא ידי חובתו [krupnik] | הוציא [krupnik] | נפק [jastrow] | כיוצא בו [jastrow] | הוציא [reviewed]	נפק: J(*נָפַק): to go out || J(נְפַק ch): to go out, come out; to result, end; similar to, corresponding; to take out, exclude || J(נָפֵק): going out; a male prostitute; fem; a female prostitute	not available (no open digital HeArukh/Meturgeman text)			—	yes
1374	long-tail	נפקתא	1	Ezra.6.8	Biblical Aramaic (Daniel, Ezra) (B)	נפקותא נפק	MORPHOLOGY	a known lemma with a Hebrew sense is reachable, but a precision rule blocks the analysis — RARE_UNREVIEWED נפקותא// "הוצאות"	נפקותא: הוצאות [krupnik] | הוצאה [jastrow] ;; נפק: יצא [krupnik] | יצא ידי חובתו [krupnik] | הוציא [krupnik] | נפק [jastrow] | כיוצא בו [jastrow] | הוציא [reviewed]	נפקותא: J(נַפְקוּתָא): expense; outcome, difference ;; נפק: J(*נָפַק): to go out || J(נְפַק ch): to go out, come out; to result, end; similar to, corresponding; to take out, exclude || J(נָפֵק): going out; a male prostitute; fem; a female p	not available (no open digital HeArukh/Meturgeman text)			—	yes
1375	long-tail	נצבתא	1	Daniel.2.41	Biblical Aramaic (Daniel, Ezra) (B)	נצבא נצב	MORPHOLOGY	a known lemma with a Hebrew sense is reachable, but a precision rule blocks the analysis — RARE_UNREVIEWED נצבא// "נטיעה"	נצבא: נטיעה [krupnik] ;; נצב: נטע [krupnik] | קבע, חיזק [krupnik] | נצב [jastrow]	נצבא: J(נִצְבָּא): plant, shoots ;; נצב: J(נָצַב): to put up, place; to stand; defiantly || J(נְצַב ch): to put up, plant; to point, sharpen	not available (no open digital HeArukh/Meturgeman text)			—	yes
1376	long-tail	נקא	1	Daniel.7.9	Biblical Aramaic (Daniel, Ezra) (B)	נקי נקא נאקה נאקתא נקה	MISSING_HEBREW_GLOSS	the dictionaries have the word, but no Hebrew sense (English only / Krupnik without Hebrew) — NO_HEBREW_SENSE נקי	נקי: נקי [jastrow] ;; נאקתא: נאקה [jastrow] ;; נקה: נקבת הגמל [krupnik]	נקי: J(נקי bh): to be rubbed off, be white; to be clean, clear; to cleanse || J(נְקֵי ch): to cleanse, clear; to be cleansed || J(נָּקִי I bh): clean, clear; bare; Fem || J(נָקִי II): a young lamb ;; נאקה: J(נְאָקָה I bh): groaning; n’aḳah;	not available (no open digital HeArukh/Meturgeman text)			—	yes
1377	long-tail	נקשנ	1	Daniel.5.6	Biblical Aramaic (Daniel, Ezra) (B)	נקש נקשא	MORPHOLOGY	a known lemma with a Hebrew sense is reachable, but a precision rule blocks the analysis — NO_ANALYSIS	נקש: התחבט זה לזה [krupnik] | הכה בכלי זמר [krupnik] | השוה [krupnik] | נקש [jastrow] ;; נקשא: דפיקה [krupnik]	נקש: J(נָקַשׁ): to strike against; to touch closely; to cause striking against; to knock; to strike an ins || J(נְקַשׁ ch): to strike against; to knock, drive in; to compare; to be knocked together ;; נקשא: J(נְקָשָׁא): knocking, rattling	not available (no open digital HeArukh/Meturgeman text)			—	yes
1378	long-tail	נשמתכ	1	Daniel.5.23	Biblical Aramaic (Daniel, Ezra) (B)	נשמתא	MORPHOLOGY	a known lemma with a Hebrew sense is reachable, but a precision rule blocks the analysis — NO_ANALYSIS	נשמתא: נשמה [jastrow]	—	not available (no open digital HeArukh/Meturgeman text)			—	yes
1379	long-tail	נשר	1	Daniel.7.4	Biblical Aramaic (Daniel, Ezra) (B)	נשר שרי	SENSE_CHOICE	several Hebrew senses (or two lemmas) — a reviewer must choose — AMBIGUOUS_SENSE נשר: נפל, ניתק ממקום חיבורו	נשר: נפל, ניתק ממקום חיבורו [krupnik] | עקר ומרט [krupnik] | הפיל [krupnik] | נשר [jastrow] ;; שרי: שרי [jastrow] | התיר [jastrow]	נשר: J(נָשַׁר): to drop, fall off.; pereṭ; to let fall, drop || J(נְשַׁר I ch): to fall off; to lacerate; to cause to fall off, drop || J(נֶשֶׁר I): dropping, dropped fruit || J(נֶשֶׁר II): Pi.; eagle || J(נְשַׁר II): Nishra; Nasr ;; שרי: J	not available (no open digital HeArukh/Meturgeman text)			—	yes
1380	long-tail	נתיניא	1	Ezra.7.24	Biblical Aramaic (Daniel, Ezra) (B)	נתינ נתיני	MISSING_HEBREW_GLOSS	the dictionaries have the word, but no Hebrew sense (English only / Krupnik without Hebrew) — NO_HEBREW_SENSE נתינ	—	נתינ: J(נָתִין bh): donated, dedicated to the Temple service; Nathin; Fem ;; נתיני: J(נְתִינִי): one belonging to the class of N’thinim	not available (no open digital HeArukh/Meturgeman text)			—	yes
1381	long-tail	סבכא	1	Daniel.3.5	Biblical Aramaic (Daniel, Ezra) (B)	סבכ סבכא סבכתא	SENSE_CHOICE	several Hebrew senses (or two lemmas) — a reviewer must choose — AMBIGUOUS_SENSE סבכ: שבכה מעשה אורג	סבכ: פיתל ושלב [krupnik] | נאחז ונשתרג [krupnik] | שבכה מעשה אורג [krupnik] | סבך [jastrow] ;; סבכתא: סבכה [jastrow]	סבכ: J(סָבַךְ bh): to interweave, interlace; to make a hedge; dam || J(סְבַךְ ch): to weave a net || J(סֶבֶךְ): net-work, web || J(*סַבָּךְ): net-weaver ;; סבכא: J(סִבְכָא): net, head-dress	not available (no open digital HeArukh/Meturgeman text)			—	yes
1382	long-tail	סגד	1	Daniel.2.46	Biblical Aramaic (Daniel, Ezra) (B)	סגד סגדא	MISSING_HEBREW_GLOSS	the dictionaries have the word, but no Hebrew sense (English only / Krupnik without Hebrew) — NO_ANALYSIS	—	סגד: J(סְגַד bh): to bend, bow; to worship ;; סגדא: J(סִגְדָּא): kneeling, worship	not available (no open digital HeArukh/Meturgeman text)			—	yes
1383	long-tail	סומפניה	1	Daniel.3.5	Biblical Aramaic (Daniel, Ezra) (B)	סימפוניא	MISSING_HEBREW_GLOSS	the dictionaries have the word, but no Hebrew sense (English only / Krupnik without Hebrew) — NO_ANALYSIS	—	סימפוניא: J(סִימְפּוֹנְיָא): air-passages; simponia; a wind instrument, double flute.	not available (no open digital HeArukh/Meturgeman text)			—	yes
1384	long-tail	סלקנ	1	Daniel.7.3	Biblical Aramaic (Daniel, Ezra) (B)	סלקא	MISSING_HEBREW_GLOSS	the dictionaries have the word, but no Hebrew sense (English only / Krupnik without Hebrew) — NO_ANALYSIS	—	סלקא: J(סִלְקָא): beet || J(סִלְקָא ²): well-boiled vegetable	not available (no open digital HeArukh/Meturgeman text)			—	yes
1385	long-tail	ספריא	1	Ezra.6.1	Biblical Aramaic (Daniel, Ezra) (B)	ספר ספורא ספרא	SENSE_CHOICE	several Hebrew senses (or two lemmas) — a reviewer must choose — AMBIGUOUS ספר/n.pl "שפת הים" ~ ספרא/n.pl "ספר"	ספר: ספירה [krupnik] | גבול [krupnik] | שפת הים [krupnik] | גלב [krupnik] | מלמד מקרא [krupnik] | ספר [jastrow] | ספר [jastrow] | סופר [jastrow] ;; ספורא: גזיזת השיער [krupnik] ;; ספרא: ספר [krupnik] | סופר [krupnik] | מלמד [krupnik] | ספר [jastrow]	ספר: J(סָפַר bh): to cut; to mark; to write; to count; Pi. || J(סְפַר ch): to count, mark, write; to shear; to cut, shear, shave || J(סַפָּר): Bible teacher; ṭebel; hair-cutter, barber || J(סַפָּר ² ch): hair-cutter || J(סְפָר): mark; march	not available (no open digital HeArukh/Meturgeman text)			—	yes
1386	long-tail	ספת	1	Daniel.4.30	Biblical Aramaic (Daniel, Ezra) (B)	ספת סופ ספי	MORPHOLOGY	a known lemma with a Hebrew sense is reachable, but a precision rule blocks the analysis — RARE_UNREVIEWED ספת// "פרס, שבר חתיכה"	ספת: פרס, שבר חתיכה [krupnik] ;; סופ: סוף [jastrow] | סוף [jastrow] | סוף [jastrow] ;; ספי: גרף [krupnik] | האכיל [krupnik] | ירא ופחד [krupnik] | שפה, אוגן לכלי [krupnik] | ספי [jastrow] | שפה [jastrow]	ספת: J(סָפַת): to cut, chip, slice; to take a chip, a slice; to cut slices; of melons ;; סופ: J(סוּף I bh): reed, bulrush.; the sea of Suf; ăgam || J(סוּף II bh): to cut; to be cut off; to end; to cut, diminish; to exterminate; Part. pass |	not available (no open digital HeArukh/Meturgeman text)			—	yes
1387	long-tail	סרכי	1	Daniel.6.8	Biblical Aramaic (Daniel, Ezra) (B)	סרכ סרכא	MORPHOLOGY	a known lemma with a Hebrew sense is reachable, but a precision rule blocks the analysis — NO_ANALYSIS	סרכ: עוה [krupnik] | נאחז [krupnik] | גררא, טפל, חקוי [krupnik] ;; סרכא: מנהג [krupnik] | ענף, שריג [krupnik] | סרך [jastrow]	סרכ: J(סְרַךְ I): Saf.; to interweave, twist; to confound; to wrong || J(סְרַךְ II): to clutch, hold fast, hang to; Pa.; to confound || J(סֶרֶךְ): clinging to, following the example of; habit ;; סרכא: J(סִרְכָא ch): adhesion; cohesion; an a	not available (no open digital HeArukh/Meturgeman text)			—	yes
1388	long-tail	סרכינ	1	Daniel.6.3	Biblical Aramaic (Daniel, Ezra) (B)	סרכא סרכ	MORPHOLOGY	a known lemma with a Hebrew sense is reachable, but a precision rule blocks the analysis — RARE_UNREVIEWED סרכא/n.pl/ "מנהג · ענף, שריג"	סרכא: מנהג [krupnik] | ענף, שריג [krupnik] | סרך [jastrow] ;; סרכ: עוה [krupnik] | נאחז [krupnik] | גררא, טפל, חקוי [krupnik]	סרכא: J(סִרְכָא ch): adhesion; cohesion; an adhesion || J(סָרְכָא): Saf.; manager; commander ;; סרכ: J(סְרַךְ I): Saf.; to interweave, twist; to confound; to wrong || J(סְרַךְ II): to clutch, hold fast, hang to; Pa.; to confound || J(סֶרֶךְ	not available (no open digital HeArukh/Meturgeman text)			—	yes
1389	long-tail	סתרה	1	Ezra.5.12	Biblical Aramaic (Daniel, Ezra) (B)	סתרא סתרה סתר	MORPHOLOGY	a known lemma with a Hebrew sense is reachable, but a precision rule blocks the analysis — RARE_UNREVIEWED סתרא// "סתר"	סתרא: סתר [jastrow] ;; סתר: הרס [krupnik] | פרע את השיער [krupnik] | ביטל [krupnik] | התנגד, פירך [krupnik] | נפתחה המכה שוב [krupnik] | סתר [jastrow]	סתרה: J(סִתְרה bh): cover ;; סתר: K: to conceal | verbergen || K: to be undone, to go apart | auseinandergehen, sich auflösen || J(סָתַר I bh): to cover, hide; to conceal; to hide || J(סְתַר ch): Pa.; to hide; to hide one’s self; to find sh	not available (no open digital HeArukh/Meturgeman text)			—	yes
1390	long-tail	עבדה	1	Daniel.7.21	Biblical Aramaic (Daniel, Ezra) (B)	עבד	MORPHOLOGY	a known lemma with a Hebrew sense is reachable, but a precision rule blocks the analysis — NO_ANALYSIS	עבד: תיקן והכשיר [krupnik] | עבד [jastrow] | עבד [jastrow] | עשה [reviewed]	עבד: K: to tan | gerben || J(עָבַד bh): to work; to serve, work for.; to do priestly service || J(עֲבַד I ch): to do, labor; to make; to act; to do, fare, prosper; to spend time || J(עֶבֶד bh): slave; servant || J(עֲבַד ch): worshipper	not available (no open digital HeArukh/Meturgeman text)			—	yes
1391	long-tail	עבדיכ	1	Ezra.4.11	Biblical Aramaic (Daniel, Ezra) (B)		TRUE_LEXICAL_GAP	no lexicon entry the form could belong to — NO_ANALYSIS	—	—	not available (no open digital HeArukh/Meturgeman text)			—	yes
1392	long-tail	עבדינ	1	Ezra.4.15	Biblical Aramaic (Daniel, Ezra) (B)	עבד עינ	MORPHOLOGY	a known lemma with a Hebrew sense is reachable, but a precision rule blocks the analysis — RARE_UNREVIEWED עבד/n.pl/ "עשה"	עבד: תיקן והכשיר [krupnik] | עבד [jastrow] | עבד [jastrow] | עשה [reviewed] ;; עינ: קרא בספר [krupnik] | חקר ודרש [krupnik] | הרהר [krupnik] | שקל בדיוק [krupnik] | הגה [krupnik] | עין [jastrow]	עבד: K: to tan | gerben || J(עָבַד bh): to work; to serve, work for.; to do priestly service || J(עֲבַד I ch): to do, labor; to make; to act; to do, fare, prosper; to spend time || J(עֶבֶד bh): slave; servant || J(עֲבַד ch): worshipper ;; ע	not available (no open digital HeArukh/Meturgeman text)			—	yes
1393	long-tail	עבידתא	1	Daniel.2.49	Biblical Aramaic (Daniel, Ezra) (B)	עבידתא עבידא עבד	MORPHOLOGY	a known lemma with a Hebrew sense is reachable, but a precision rule blocks the analysis — RARE_UNREVIEWED עבידתא// "עכודה"	עבידתא: עכודה [krupnik] ;; עבד: תיקן והכשיר [krupnik] | עבד [jastrow] | עבד [jastrow] | עשה [reviewed]	עבד: K: to tan | gerben || J(עָבַד bh): to work; to serve, work for.; to do priestly service || J(עֲבַד I ch): to do, labor; to make; to act; to do, fare, prosper; to spend time || J(עֶבֶד bh): slave; servant || J(עֲבַד ch): worshipper	not available (no open digital HeArukh/Meturgeman text)			—	yes
1394	long-tail	עדניא	1	Daniel.2.21	Biblical Aramaic (Daniel, Ezra) (B)		TRUE_LEXICAL_GAP	no lexicon entry the form could belong to — NO_ANALYSIS	—	—	not available (no open digital HeArukh/Meturgeman text)			—	yes
1395	long-tail	עופ	1	Daniel.7.6	Biblical Aramaic (Daniel, Ezra) (B)	עופ עיפ עופא עפי יעפ	MISSING_HEBREW_GLOSS	the dictionaries have the word, but no Hebrew sense (English only / Krupnik without Hebrew) — NO_HEBREW_SENSE עופ	עופ: עוף [jastrow] | עוף [jastrow] ;; עיפ: עַיֵּף פַעל, כפל [krupnik] ;; עפי: היה ענֵף ועבות [krupnik]	עופ: J(עוּף I): to be bent, doubled; to be wearied || J(עוּף II bh): to fly || J(עוֹף bh): bend, wing; bird, fowl ;; עיפ: J(עָיֵף bh): fainting, wearied; exhausted; hard-working, industrious || J(עִיף I): weariness || J(עִיף II): to bend, d	not available (no open digital HeArukh/Meturgeman text)			—	yes
1396	long-tail	עזינ	1	Ezra.6.17	Biblical Aramaic (Daniel, Ezra) (B)	עז	MISSING_HEBREW_GLOSS	the dictionaries have the word, but no Hebrew sense (English only / Krupnik without Hebrew) — NO_HEBREW_SENSE עז	—	עז: J(עַז bh): strong, firm; vehement, rough; bright, intense; pungent, acrid || J(עֵז): goat	not available (no open digital HeArukh/Meturgeman text)			—	yes
1397	long-tail	עטא	1	Daniel.2.14	Biblical Aramaic (Daniel, Ezra) (B)	עטי עיטא עט	SENSE_CHOICE	several Hebrew senses (or two lemmas) — a reviewer must choose — AMBIGUOUS עטי/ "עצה, פיתוי והסתה" ~ עיטא/ "עצה"	עטי: עצה, פיתוי והסתה [krupnik] | עטי [jastrow] ;; עיטא: עצה [krupnik] | עצה [jastrow] ;; עט: עט [jastrow]	עטי: J(עטי bh): to wrap up; to cover one’s self || J(עֳטִי): to press on; urging, instigation ;; עיטא: J(עֵיטָא): counsel, advice, order; masc ;; עט: J(עֵט ch): style, pencil	not available (no open digital HeArukh/Meturgeman text)			—	yes
1398	long-tail	עיני	1	Daniel.4.31	Biblical Aramaic (Daniel, Ezra) (B)	עינ עינא עיניתא	MORPHOLOGY	a known lemma with a Hebrew sense is reachable, but a precision rule blocks the analysis — NO_ANALYSIS	עינ: קרא בספר [krupnik] | חקר ודרש [krupnik] | הרהר [krupnik] | שקל בדיוק [krupnik] | הגה [krupnik] | עין [jastrow] ;; עינא: עין [krupnik]	עינ: K: prefixed to numerous names of places in Palestine | vielen Ortsnamen in Palästina vorgesetzt: || J(עַיִן bh): eye, sight, look; good will, liberality; ill-will, selfishness, envy. || J(עַיִן ² ch): eye, sight; discernible, in natura	not available (no open digital HeArukh/Meturgeman text)			—	yes
1399	long-tail	עינינ	1	Daniel.7.8	Biblical Aramaic (Daniel, Ezra) (B)	עינ ענינ עני עינא עיניתא	SENSE_CHOICE	several Hebrew senses (or two lemmas) — a reviewer must choose — AMBIGUOUS_SENSE עינ: קרא בספר | חקר ודרש | הרהר | שקל בדיוק | הגה	עינ: קרא בספר [krupnik] | חקר ודרש [krupnik] | הרהר [krupnik] | שקל בדיוק [krupnik] | הגה [krupnik] | עין [jastrow] ;; עני: השיב, ענה [krupnik] | זימר במקהלה [krupnik] | איחר [krupnik] | עינה, גרם יסורים [krupnik] | אנס אשה [krupnik] | התענה [krupnik] | נעשה עני [krupnik] | עני [jastrow] | עני [jast	עינ: K: prefixed to numerous names of places in Palestine | vielen Ortsnamen in Palästina vorgesetzt: || J(עַיִן bh): eye, sight, look; good will, liberality; ill-will, selfishness, envy. || J(עַיִן ² ch): eye, sight; discernible, in natura	not available (no open digital HeArukh/Meturgeman text)			—	yes
1400	long-tail	עירינ	1	Daniel.4.14	Biblical Aramaic (Daniel, Ezra) (B)	עור עיר עירה עיריא עיריתא	SENSE_CHOICE	several Hebrew senses (or two lemmas) — a reviewer must choose — AMBIGUOUS_SENSE עור: מוץ	עור: מוץ [krupnik] | עור [jastrow] | עור [jastrow] ;; עיר: עיר [jastrow] | שליח האל, מלאך [he] ;; עיריא: ערוה [krupnik] ;; עיריתא: ערוה [jastrow]	עור: J(עוּר I bh): to be stirred up; to wake; to be awake, wake up; to be stirred up, become active || J(עוּר ch): to stir up, awaken; to awake; Af.; Part. pass. || J(עוּר II ch): husk, chaff || J(עוֹר bh): skin, hide || J(עִוֵּר I bh): whi	not available (no open digital HeArukh/Meturgeman text)			—	yes
1401	long-tail	עלא	1	Daniel.6.6	Biblical Aramaic (Daniel, Ezra) (B)	עלל עלא עלי עיל עלה עלתא	SENSE_CHOICE	several Hebrew senses (or two lemmas) — a reviewer must choose — AMBIGUOUS עלל/pe.ptcp.fs "באה" ~ עלא/ "עלה"	עלל: טיפל, עסק [krupnik] | נכנס [krupnik] | בא [krupnik] | הביא [krupnik] | הובא והושם [krupnik] | עלל [jastrow] | הכניס [reviewed] ;; עלא: עלה [jastrow] ;; עלי: עלי [jastrow] ;; עיל: הביא, הכניס [krupnik] | גדל וצמח [krupnik] | נכנס [krupnik] | למעלה [krupnik] | על [jastrow] ;; עלה: שיבח [krupnik] 	עלל: J(עָלַל bh): Pol. to bring about; to go about; to superintend, be busy || J(עֲלַל I ch): to enter a town, a house; to come in; to set || J(עֲלַל II): that which is brought in; harvest, provision; income; ʿălalta ;; עלא: J(עֲלָא): leaf 	not available (no open digital HeArukh/Meturgeman text)			—	yes
1402	long-tail	עלהי	1	Ezra.6.11	Biblical Aramaic (Daniel, Ezra) (B)		TRUE_LEXICAL_GAP	no lexicon entry the form could belong to — NO_ANALYSIS	—	—	not available (no open digital HeArukh/Meturgeman text)			—	yes
1403	long-tail	עליהמ	1	Ezra.7.24	Biblical Aramaic (Daniel, Ezra) (B)	עילה	MORPHOLOGY	a known lemma with a Hebrew sense is reachable, but a precision rule blocks the analysis — NO_ANALYSIS	עילה: תואנה, טעם [krupnik]	עילה: J(עִילָה): going about, bringing about; circumstance, cause; pretext; rib	not available (no open digital HeArukh/Meturgeman text)			—	yes
1404	long-tail	עללת	1	Daniel.5.10	Biblical Aramaic (Daniel, Ezra) (B)	עללתא	MORPHOLOGY	a known lemma with a Hebrew sense is reachable, but a precision rule blocks the analysis — NO_ANALYSIS	עללתא: הכנסה [krupnik]	—	not available (no open digital HeArukh/Meturgeman text)			—	yes
1405	long-tail	עלעינ	1	Daniel.7.5	Biblical Aramaic (Daniel, Ezra) (B)	עלע עלעיתא	MORPHOLOGY	a known lemma with a Hebrew sense is reachable, but a precision rule blocks the analysis — RARE_UNREVIEWED עלע/n.pl/ "צלע"	עלע: צלע [jastrow] ;; עלעיתא: תואנה, עילה, אמתלא [krupnik]	עלע: J(עֲלַע): side, rib; beam, board ;; עלעיתא: J(עַלְעִיתָא): pretext, opportunity	not available (no open digital HeArukh/Meturgeman text)			—	yes
1406	long-tail	עלת	1	Daniel.5.10	Biblical Aramaic (Daniel, Ezra) (B)	עלל עלת עיל עלה עלתא עול	SENSE_CHOICE	several Hebrew senses (or two lemmas) — a reviewer must choose — AMBIGUOUS עלל/pe.perf.3fs "באה" ~ עלת/ "מין כף לשאיבת יין"	עלל: טיפל, עסק [krupnik] | נכנס [krupnik] | בא [krupnik] | הביא [krupnik] | הובא והושם [krupnik] | עלל [jastrow] | הכניס [reviewed] ;; עלת: מין כף לשאיבת יין [krupnik] ;; עיל: הביא, הכניס [krupnik] | גדל וצמח [krupnik] | נכנס [krupnik] | למעלה [krupnik] | על [jastrow] ;; עלה: שיבח [krupnik] | ביטל [	עלל: J(עָלַל bh): Pol. to bring about; to go about; to superintend, be busy || J(עֲלַל I ch): to enter a town, a house; to come in; to set || J(עֲלַל II): that which is brought in; harvest, provision; income; ʿălalta ;; עלת: J(עַלַּת): turn	not available (no open digital HeArukh/Meturgeman text)			—	yes
1407	long-tail	עמיקתא	1	Daniel.2.22	Biblical Aramaic (Daniel, Ezra) (B)	עמיק	MORPHOLOGY	a known lemma with a Hebrew sense is reachable, but a precision rule blocks the analysis — RARE_UNREVIEWED עמיק// "עמוק"	עמיק: עמוק [jastrow]	עמיק: J(עַמִּיק): deep; faint, light-shaded; obscure, indistinct; profound || J(עַמִּיק ²): dark inflamed spot, rising, swelling	not available (no open digital HeArukh/Meturgeman text)			—	yes
1408	long-tail	ענני	1	Daniel.7.13	Biblical Aramaic (Daniel, Ezra) (B)	עננ עני עננא	MISSING_HEBREW_GLOSS	the dictionaries have the word, but no Hebrew sense (English only / Krupnik without Hebrew) — NO_HEBREW_SENSE עננ	עננ: ענן [jastrow] | ענן [jastrow] ;; עני: השיב, ענה [krupnik] | זימר במקהלה [krupnik] | איחר [krupnik] | עינה, גרם יסורים [krupnik] | אנס אשה [krupnik] | התענה [krupnik] | נעשה עני [krupnik] | עני [jastrow] | עני [jastrow]	עננ: J(עָנַן bh): Pi.; to make cloudy; Polel || J(עֲנַן I ch): gather clouds; to augur from clouds; Pol || J(עָנָן II bh): cloud; cover protection ;; עני: J(עני bh): to turn, come out in turn; to begin to speak; to respond; to speak; sing i	not available (no open digital HeArukh/Meturgeman text)			—	yes
1409	long-tail	ענת	1	Daniel.5.10	Biblical Aramaic (Daniel, Ezra) (B)	עני ענתא עונ	MORPHOLOGY	a known lemma with a Hebrew sense is reachable, but a precision rule blocks the analysis — NO_ANALYSIS	עני: השיב, ענה [krupnik] | זימר במקהלה [krupnik] | איחר [krupnik] | עינה, גרם יסורים [krupnik] | אנס אשה [krupnik] | התענה [krupnik] | נעשה עני [krupnik] | עני [jastrow] | עני [jastrow] ;; ענתא: זמן [krupnik] | עונה [jastrow]	עני: J(עני bh): to turn, come out in turn; to begin to speak; to respond; to speak; sing in chorus; to ans || J(עֲנֵי): to speak; sing in chorus; to respond; to be answered || J(עני ² bh): to press, be pressed; to be detained; to detain, po	not available (no open digital HeArukh/Meturgeman text)			—	yes
1410	long-tail	עציב	1	Daniel.6.21	Biblical Aramaic (Daniel, Ezra) (B)	עצב	MORPHOLOGY	a known lemma with a Hebrew sense is reachable, but a precision rule blocks the analysis — NO_ANALYSIS	עצב: נוגה, שרוי בצער [krupnik] | מצומצם [krupnik] | עצב [jastrow]	עצב: K: to straighten | die Glieder strecken, einrenken || J(עָצַב bh): to cut, form, shape; to cut, grieve, pain; to shape, handle || J(עֲצַב ch): to be grieved; Part. pass.; grieved, sad || J(עָצָב bh): form; idol || J(עֶצֶב bh): trouble,	not available (no open digital HeArukh/Meturgeman text)			—	yes
1411	long-tail	ערדיא	1	Daniel.5.21	Biblical Aramaic (Daniel, Ezra) (B)	ערדא	MISSING_HEBREW_GLOSS	the dictionaries have the word, but no Hebrew sense (English only / Krupnik without Hebrew) — NO_HEBREW_SENSE ערדא	—	ערדא: J(עַרְדָּא): mushroom	not available (no open digital HeArukh/Meturgeman text)			—	yes
1412	long-tail	עשית	1	Daniel.6.4	Biblical Aramaic (Daniel, Ezra) (B)	עשי עוש עשת	MORPHOLOGY	a known lemma with a Hebrew sense is reachable, but a precision rule blocks the analysis — NO_ANALYSIS	עשי: הכריח [krupnik] | עשי [jastrow]	עשי: J(עשי bh): to do, work, prepare; ăluntith; positive law || J(עֲשֵׂי ch): Pa.; to force ;; עוש: J(עוּשׁ): to take care, come to help ;; עשת: J(עֲשַׁת): to make strong, harden, forge; firmly determined; to forge || J(עֶשֶׁת bh): wrought 	not available (no open digital HeArukh/Meturgeman text)			—	yes
1413	long-tail	עשרה	1	Daniel.7.24	Biblical Aramaic (Daniel, Ezra) (B)	עשר עיר ערי עשרתא	MISSING_HEBREW_GLOSS	the dictionaries have the word, but no Hebrew sense (English only / Krupnik without Hebrew) — NO_HEBREW_SENSE עשר	עשר: עשר [jastrow] ;; עיר: עיר [jastrow] | שליח האל, מלאך [he] ;; ערי: ערי [jastrow]	עשר: J(עָשַׁר): to be strong, substantial, wealthy; to become wealthy; Hif. || J(עֲשַׁר ch): to become rich || J(עֶשֶׂר bh): ten.; eleven; twelve || J(עֲשַׂר I): eleven; twelve; g’rivas || J(עָשַׂר): Pi.; to give one-tenth, separate tithes;	not available (no open digital HeArukh/Meturgeman text)			—	yes
1414	long-tail	עתידינ	1	Daniel.3.15	Biblical Aramaic (Daniel, Ezra) (B)	עתיד עתד	MISSING_HEBREW_GLOSS	the dictionaries have the word, but no Hebrew sense (English only / Krupnik without Hebrew) — NO_HEBREW_SENSE עתיד	עתיד: עתיד [jastrow] ;; עתד: עתד [jastrow] | הציב [jastrow] | נצב [jastrow] | הציב [jastrow] | נצב [jastrow]	עתיד: J(עָתִיד bh): standing; ready, designated; in future; the future || J(עֲתִיד ch): ready, destined; future ;; עתד: J(עָתַד bh): to endure, stand, be ready; to make ready, designate || J(עֲתַד ch): to put up, place, fix; to hold ready; 	not available (no open digital HeArukh/Meturgeman text)			—	yes
1415	long-tail	פחה	1	Ezra.5.14	Biblical Aramaic (Daniel, Ezra) (B)	פחה פוח פחתא פח פחא פחי	MORPHOLOGY	a known lemma with a Hebrew sense is reachable, but a precision rule blocks the analysis — NO_ANALYSIS	פוח: צייר [krupnik] | עורר [krupnik] | הוציא אדי הבטן בנפיחה [krupnik] | פוח [jastrow] ;; פחתא: אדם פחות [krupnik]	פחה: J(פֶּחָה bh): to be large; grandee, high officer, governor ;; פוח: J(פּוּחַ bh): to blow, blow up; to blow the soul out, to dishearten; to break wind || J(פּוּחַ ² ch): to blow; to evaporate; to despair ;; פחתא: J(פַּחֲתָא II): breath 	not available (no open digital HeArukh/Meturgeman text)			—	yes
1416	long-tail	פחר	1	Daniel.2.41	Biblical Aramaic (Daniel, Ezra) (B)	פחר פחרא	SENSE_CHOICE	several Hebrew senses (or two lemmas) — a reviewer must choose — AMBIGUOUS_SENSE פחר: חרס | שבר כלי חרס, חרש	פחר: חרס [krupnik] | שבר כלי חרס, חרש [krupnik] ;; פחרא: חרס [krupnik] | שבר כלי חרס, חרש [krupnik] | יוצר כלי חרס [krupnik]	פחר: J(פְּחַר): to hollow out, scrape; clay; a fragment of a clay vessel, potsherd ;; פחרא: J(פַּחָרָא): potter	not available (no open digital HeArukh/Meturgeman text)			—	yes
1417	long-tail	פטישיהונ	1	Daniel.3.21	Biblical Aramaic (Daniel, Ezra) (B)	פטישא	MORPHOLOGY	a known lemma with a Hebrew sense is reachable, but a precision rule blocks the analysis — NO_ANALYSIS	פטישא: פטיש [jastrow]	—	not available (no open digital HeArukh/Meturgeman text)			—	yes
1418	long-tail	פטשיהונ	1	Daniel.3.21	Biblical Aramaic (Daniel, Ezra) (B)	פטשא	MISSING_HEBREW_GLOSS	the dictionaries have the word, but no Hebrew sense (English only / Krupnik without Hebrew) — NO_ANALYSIS	—	—	not available (no open digital HeArukh/Meturgeman text)			—	yes
1419	long-tail	פליגה	1	Daniel.2.41	Biblical Aramaic (Daniel, Ezra) (B)	פלג	MORPHOLOGY	a known lemma with a Hebrew sense is reachable, but a precision rule blocks the analysis — NO_ANALYSIS	פלג: נתרחק [krupnik] | נסע בספינה [krupnik] | שבת [krupnik] | דחה, הסיח את הדעת [krupnik] | נתחלק [krupnik] | חילק [krupnik] | היה מחולק בדעות [krupnik] | נחלק [krupnik] | היה מחולק בדעות [krupnik] | הצטיין [krupnik] | מחצית [krupnik] | פלג [jastrow] | פלג [jastrow]	פלג: J(פָּלַג bh): to separate, split; to part, go away; to go to sea || J(פְּלַג I ch): to divide, share; Pa.; Part. pass. || J(פֶּלֶג bh): part, share || J(פָּלָג): part, middle || J(פְּלַג II ch): part, half; half; the demon Palga, a dis	not available (no open digital HeArukh/Meturgeman text)			—	yes
1420	long-tail	פס	1	Daniel.5.5	Biblical Aramaic (Daniel, Ezra) (B)	פס	MISSING_HEBREW_GLOSS	the dictionaries have the word, but no Hebrew sense (English only / Krupnik without Hebrew) — NO_HEBREW_SENSE פס	פס: פס [jastrow]	פס: J(פַּס II bh): strip, stripe; passim; palm, the hand from the wrist to the tip of the finger || J(פַּס ch): strip, stripe.; palm; foot	not available (no open digital HeArukh/Meturgeman text)			—	yes
1421	long-tail	פסא	1	Daniel.5.24	Biblical Aramaic (Daniel, Ezra) (B)	פס פסי פיס פסה	MISSING_HEBREW_GLOSS	the dictionaries have the word, but no Hebrew sense (English only / Krupnik without Hebrew) — NO_HEBREW_SENSE פס	פס: פס [jastrow] ;; פסי: פסע וצעד [krupnik] | פסי [jastrow] ;; פיס: ריצה, פיצה, שידל [krupnik] | הסיר [krupnik] | הבחין [krupnik] | נתרצה [krupnik] ;; פסה: פשה ורבה, התפשט [krupnik]	פס: J(פַּס II bh): strip, stripe; passim; palm, the hand from the wrist to the tip of the finger || J(פַּס ch): strip, stripe.; palm; foot ;; פסי: J(פסי bh): to spread, be extended || J(פְּסֵי ch): to split, break; to desecrate || J(פְּסֵי 	not available (no open digital HeArukh/Meturgeman text)			—	yes
1422	long-tail	פסנטרינ	1	Daniel.3.7	Biblical Aramaic (Daniel, Ezra) (B)		TRUE_LEXICAL_GAP	no lexicon entry the form could belong to — NO_ANALYSIS	—	—	not available (no open digital HeArukh/Meturgeman text)			—	yes
1423	long-tail	פקו	1	Daniel.3.26	Biblical Aramaic (Daniel, Ezra) (B)	פיקא נפק אפק פוק	MORPHOLOGY	a known lemma with a Hebrew sense is reachable, but a precision rule blocks the analysis — NO_ANALYSIS	פיקא: פוקה [jastrow] ;; נפק: יצא [krupnik] | יצא ידי חובתו [krupnik] | הוציא [krupnik] | נפק [jastrow] | כיוצא בו [jastrow] | הוציא [reviewed]	פיקא: J(פִּיקָא): lump, ball, swelling; protruding cartilage; a protuberance on the blossom end of fruits || J(פִּיקָא ²): gliding, sinking ;; נפק: J(*נָפַק): to go out || J(נְפַק ch): to go out, come out; to result, end; similar to, corres	not available (no open digital HeArukh/Meturgeman text)			—	yes
1424	long-tail	פריסת	1	Daniel.5.28	Biblical Aramaic (Daniel, Ezra) (B)	פרס	MORPHOLOGY	a known lemma with a Hebrew sense is reachable, but a precision rule blocks the analysis — NO_ANALYSIS	פרס: שבר, בצע [krupnik] | התפרסם [krupnik] | חתיכה, פרוסה [krupnik] | מזון [krupnik] | חצי מנה [krupnik] | מסך [krupnik] | רשת [krupnik] | פרס [jastrow] | העריך [jastrow] | פרס [jastrow]	פרס: J(פָּרַס I bh): to split, break; to break bread and say grace; to break through || J(פְּרַס I ch): to split, divide, break; to break bread and say grace; Af. || J(פְּרָס): part, half; a piece; a certain quantity of bread || J(פְּרַס II	not available (no open digital HeArukh/Meturgeman text)			—	yes
1425	long-tail	פרסאה	1	Daniel.6.29	Biblical Aramaic (Daniel, Ezra) (B)	פרסי פרסא	MISSING_HEBREW_GLOSS	the dictionaries have the word, but no Hebrew sense (English only / Krupnik without Hebrew) — NO_HEBREW_SENSE פרסי	פרסי: פרסי [jastrow] ;; פרסא: מסך [krupnik] | רשת [krupnik] | פרס [jastrow] | פרסה [jastrow]	פרסי: J(פַּרְסִי): Pali || J(פַּרְסִי ² bh): Persian; Persian figs || J(פַּרְסָי ch): d’bir; Fem. ;; פרסא: K: Persian | persisch || J(פְּרָסָא ch): curtain, cover; sifting nets || J(פַּרְסָא): Persian mile.; Persian	not available (no open digital HeArukh/Meturgeman text)			—	yes
1426	long-tail	פרסיא	1	Daniel.6.29	Biblical Aramaic (Daniel, Ezra) (B)	פרסא פרסי	SENSE_CHOICE	several Hebrew senses (or two lemmas) — a reviewer must choose — AMBIGUOUS_SENSE פרסא: פרס | פרסה	פרסא: מסך [krupnik] | רשת [krupnik] | פרס [jastrow] | פרסה [jastrow] ;; פרסי: פרסי [jastrow]	פרסא: K: Persian | persisch || J(פְּרָסָא ch): curtain, cover; sifting nets || J(פַּרְסָא): Persian mile.; Persian ;; פרסי: J(פַּרְסִי): Pali || J(פַּרְסִי ² bh): Persian; Persian figs || J(פַּרְסָי ch): d’bir; Fem.	not available (no open digital HeArukh/Meturgeman text)			—	yes
1427	long-tail	פרק	1	Daniel.4.24	Biblical Aramaic (Daniel, Ezra) (B)	פרק פרקא	SENSE_CHOICE	several Hebrew senses (or two lemmas) — a reviewer must choose — AMBIGUOUS_SENSE פרק: הסיר משא | הפריד דבר מורכב | קשר שבין אבר לאבר | מאמר מסויים בספר, פרשה | תקופה, זמן | בגרות | משא | התנהגות	פרק: הסיר משא [krupnik] | הפריד דבר מורכב [krupnik] | נפרד לחלקיו [krupnik] | נקע [krupnik] | קשר שבין אבר לאבר [krupnik] | מאמר מסויים בספר, פרשה [krupnik] | תקופה, זמן [krupnik] | בגרות [krupnik] | משא [krupnik] | התנהגות [krupnik] | מזמן לזמן [krupnik] | פרק [jastrow] ;; פרקא: שעור בלימודים [krup	פרק: J(פָּרַק bh): to break, separate; to untie, loosen; to unload; Hif.; to redeem, deliver || J(פְּרַק ch): to separate, remove, take off; to fall apart; to untie; to redeem, deliver || J(פֶּרֶק bh): division, section; cross-road; period 	not available (no open digital HeArukh/Meturgeman text)			—	yes
1428	long-tail	פשרינ	1	Daniel.5.16	Biblical Aramaic (Daniel, Ezra) (B)	פשר	MORPHOLOGY	a known lemma with a Hebrew sense is reachable, but a precision rule blocks the analysis — NO_ANALYSIS	פשר: נמס [krupnik] | עשה פשרה וחוזה [krupnik] | נעשה קצת חם [krupnik] | התיר ונתק [krupnik] | תיווך [krupnik] | עשה את המים פושרים [krupnik] | עשה פשרה, השלים [krupnik] | פשר [jastrow]	פשר: K: to be tepid | lauwarm sein || J(פָּשַׁר): to divide, to spread; to melt, dissolve; to be stale, tepid || J(פְּשַׁר I ch): to melt, be dissolved; to vanish, be broken; to dissolve || J(פַּשַּׁר): interpreter || J(פְּשַׁר II): interpr	not available (no open digital HeArukh/Meturgeman text)			—	yes
1429	long-tail	פתגמ	1	Daniel.3.16	Biblical Aramaic (Daniel, Ezra) (B)	פתגמ	MORPHOLOGY	a known lemma with a Hebrew sense is reachable, but a precision rule blocks the analysis — RARE_UNREVIEWED פתגמ// "דבר"	פתגמ: דבר [jastrow]	פתגמ: J(פִּתְגָּם bh): decree; word; affair, event	not available (no open digital HeArukh/Meturgeman text)			—	yes
1430	long-tail	פתיחו	1	Daniel.7.10	Biblical Aramaic (Daniel, Ezra) (B)	פתח	MORPHOLOGY	a known lemma with a Hebrew sense is reachable, but a precision rule blocks the analysis — NO_ANALYSIS	פתח: נעשה העוור פיקח [krupnik] | נפתח [krupnik] | פקח, גלוי עינים [krupnik] | מפַתח ומחוקק [krupnik] | פתח [jastrow]	פתח: J(פָּתַח bh): to open, begin; a paragraph in the Torah beginning with a new, indented line; to open the  || J(פְּתַח ch): Part. pass; open; seeing || J(פַּתָּח): Pi.; engraver || J(פֶּתַח bh): opening, door, gate; absence of virginity;	not available (no open digital HeArukh/Meturgeman text)			—	yes
1431	long-tail	פתיחנ	1	Daniel.6.11	Biblical Aramaic (Daniel, Ezra) (B)	פתח פתיח פתיחא	MORPHOLOGY	a known lemma with a Hebrew sense is reachable, but a precision rule blocks the analysis — NO_ANALYSIS	פתח: נעשה העוור פיקח [krupnik] | נפתח [krupnik] | פקח, גלוי עינים [krupnik] | מפַתח ומחוקק [krupnik] | פתח [jastrow] ;; פתיח: חרישה ראשונה [krupnik] ;; פתיחא: פקח, גלוי עינים [krupnik] | הזמנה לבית דין [krupnik]	פתח: J(פָּתַח bh): to open, begin; a paragraph in the Torah beginning with a new, indented line; to open the  || J(פְּתַח ch): Part. pass; open; seeing || J(פַּתָּח): Pi.; engraver || J(פֶּתַח bh): opening, door, gate; absence of virginity;	not available (no open digital HeArukh/Meturgeman text)			—	yes
1432	long-tail	צבו	1	Daniel.6.18	Biblical Aramaic (Daniel, Ezra) (B)	צבו יצב נצב צבה צבי	MORPHOLOGY	a known lemma with a Hebrew sense is reachable, but a precision rule blocks the analysis — RARE_UNREVIEWED צבו// "רצון"	צבו: רצון [krupnik] ;; יצב: פַּעל, ביסס [krupnik] | יצב [jastrow] ;; נצב: נטע [krupnik] | קבע, חיזק [krupnik] | נצב [jastrow] ;; צבי: חפץ, רצה [krupnik]	צבו: J(צְבוּ): will, desire; willingness ;; יצב: J(יָצַב bh): to stand, be erect; to place one’s self; to be firm || J(יְצַב ch): to establish; to ascertain ;; נצב: J(נָצַב): to put up, place; to stand; defiantly || J(נְצַב ch): to put up, 	not available (no open digital HeArukh/Meturgeman text)			—	yes
1433	long-tail	צבית	1	Daniel.7.19	Biblical Aramaic (Daniel, Ezra) (B)	צבת צבה צבי	MORPHOLOGY	a known lemma with a Hebrew sense is reachable, but a precision rule blocks the analysis — NO_ANALYSIS	צבת: חיבר וקישר [krupnik] | התחבר [krupnik] | העניק, הכין [krupnik] | מלקחים [krupnik] | צבת [jastrow] ;; צבי: חפץ, רצה [krupnik]	צבת: J(צָבַת): to join; to attend; Part. pass.; coupled || J(צְבַת ch): to join, associate; to present, outfit; to be attached || J(צֶבֶת bh): couple, pair, set || J(צְבָת): a pair of tongs ;; צבה: K: to swell | anschwellen || K: to cause t	not available (no open digital HeArukh/Meturgeman text)			—	yes
1434	long-tail	צוארכ	1	Daniel.5.16	Biblical Aramaic (Daniel, Ezra) (B)	צואר	MISSING_HEBREW_GLOSS	the dictionaries have the word, but no Hebrew sense (English only / Krupnik without Hebrew) — NO_ANALYSIS	—	צואר: J(צַוָּאר): pile; neck; the front of the neck, throat	not available (no open digital HeArukh/Meturgeman text)			—	yes
1435	long-tail	קאמיא	1	Daniel.7.16	Biblical Aramaic (Daniel, Ezra) (B)	אמא מיא מיינ	MORPHOLOGY	a known lemma with a Hebrew sense is reachable, but a precision rule blocks the analysis — RARE_UNREVIEWED אמא/pe.ptcp.fs/q "אמה"	אמא: אמר [krupnik] | אם, אמי [krupnik] | אמה [jastrow] ;; מיא: מים [krupnik] ;; מיינ: מים [krupnik] | מים [jastrow]	אמא: J(אַמָּא): cubit || J(אֲמָא II): to join; to say, speak, think; does it mean to say? ;; מיא: J(מַיָּא ch): water ;; מיינ: J(מַיִין): water	not available (no open digital HeArukh/Meturgeman text)			—	yes
1436	long-tail	קדמיא	1	Daniel.7.24	Biblical Aramaic (Daniel, Ezra) (B)	קדמי קדמיתא דמ דמא דמי	MISSING_HEBREW_GLOSS	the dictionaries have the word, but no Hebrew sense (English only / Krupnik without Hebrew) — NO_HEBREW_SENSE קדמי	קדמיתא: רוח קדים [krupnik] ;; דמ: דם [jastrow] ;; דמא: דם [krupnik] ;; דמי: היה דומה [krupnik] | צייר לעצמו [krupnik] | שתק [krupnik] | השוה [krupnik] | דימה בנפשו [krupnik] | נשתוה [krupnik] | נדמה [krupnik] | כסף, מחיר [krupnik] | דמי [jastrow]	קדמי: J(קַדְמַי): first, former, previous; Fem.; in ancient times ;; דמ: K: money, value, equivalent | Geld, Preis, Entgelt || J(דָּם): liquid; blood; life; fluid; murder || J(דָּם ² ch): blood; life; M’ah; congestion ;; דמא: K: a man’s nam	not available (no open digital HeArukh/Meturgeman text)			—	yes
1437	long-tail	קדמת	1	Daniel.6.11	Biblical Aramaic (Daniel, Ezra) (B)	קדמתא קדמ דומ דמא דמי	MORPHOLOGY	a known lemma with a Hebrew sense is reachable, but a precision rule blocks the analysis — NO_ANALYSIS	קדמ: קדם [jastrow] | קדם [jastrow] ;; דומ: היה חשוד [krupnik] ;; דמא: דם [krupnik] ;; דמי: היה דומה [krupnik] | צייר לעצמו [krupnik] | שתק [krupnik] | השוה [krupnik] | דימה בנפשו [krupnik] | נשתוה [krupnik] | נדמה [krupnik] | כסף, מחיר [krupnik] | דמי [jastrow]	קדמתא: J(קַדְמְתָא): past time; before this; early morning ;; קדמ: K: to advance, to precede | vorangehen || J(קָדַם bh): to bend, go forward; to advance, precede; to anticipate; Hif. || J(קְדַם ch): Pa.; to precede; to do early, be early, 	not available (no open digital HeArukh/Meturgeman text)			—	yes
1438	long-tail	קומי	1	Daniel.7.5	Biblical Aramaic (Daniel, Ezra) (B)	קומי קימ קומא קומתא נקמ קומיא	MORPHOLOGY	a known lemma with a Hebrew sense is reachable, but a precision rule blocks the analysis — RARE_UNREVIEWED קומי// "שיער · קומה"	קומי: שיער [krupnik] | קומה [krupnik] ;; קימ: אישר [krupnik] | הקים, העמיד [krupnik] | קבע, הניח [krupnik] | הוקם [krupnik] | חוק [krupnik] | ברית [krupnik] | שבועה [krupnik] ;; קומא: קומה [krupnik] | גומי [krupnik] | קום [jastrow] | קומוס [jastrow] ;; קומתא: קומה [krupnik] | קומה [jastrow] ;; נקמ: 	קומי: K: before, in the presence of | in Gegenwart von || J(קוֹמֵי): before, in the presence of, prior to || J(קוֹמִי I): hair; the gentile fashion of cutting and wearing the hair; to trim the front of the hair ;; קימ: J(קִים): standing;; i	not available (no open digital HeArukh/Meturgeman text)			—	yes
1439	long-tail	קטיל	1	Daniel.5.30	Biblical Aramaic (Daniel, Ezra) (B)	קטל קטיל קטילא טיל טולא טייל	MISSING_HEBREW_GLOSS	the dictionaries have the word, but no Hebrew sense (English only / Krupnik without Hebrew) — NO_HEBREW_SENSE קטל	קטילא: הריגה, המתה [krupnik] ;; טיל: הלך [krupnik] | התהלך [krupnik] | שילח [krupnik] | נהג, נהל [krupnik] ;; טולא: צל [krupnik] ;; טייל: הולך בטל [krupnik] | טייל [jastrow]	קטל: J(קְטַל): to cut; to kill; ṭarof ;; קטילא: J(קְטִילָא): putting to death || J(קָטִילָא ch): chain ;; טיל: K: to walk about | spazieren || K: to make walk | spazieren führen ;; טולא: J(טוֹלָא): rag ;; טייל: J(טַיָּיל): one at leisure; t	not available (no open digital HeArukh/Meturgeman text)			—	yes
1440	long-tail	קטילת	1	Daniel.7.11	Biblical Aramaic (Daniel, Ezra) (B)	קטל	MISSING_HEBREW_GLOSS	the dictionaries have the word, but no Hebrew sense (English only / Krupnik without Hebrew) — NO_ANALYSIS	—	קטל: J(קְטַל): to cut; to kill; ṭarof	not available (no open digital HeArukh/Meturgeman text)			—	yes
1441	long-tail	קטרינ	1	Daniel.5.12	Biblical Aramaic (Daniel, Ezra) (B)	קטר טרי טרינא טריתא	MORPHOLOGY	a known lemma with a Hebrew sense is reachable, but a precision rule blocks the analysis — NO_ANALYSIS	קטר: התאבך, עשן [krupnik] | הוקטר, הועלה בעשן ואש [krupnik] | קשר [krupnik] | חלב שנתגבן [krupnik] | קטר [jastrow] | קטר [jastrow] ;; טרי: נענע [krupnik] | זרק [krupnik] ;; טרינא: של טריינוס קיסר [krupnik] ;; טריתא: טרית [jastrow]	קטר: J(קָטַר I bh): to circle; to rise in circles, to smoke; ḳ’ṭoreth || J(קְטַר ch): to let incense rise || J(קָטַר II bh): to wreathe, tie || J(קְטַר ² ch): to tie; to gather, be covered ;; טרי: J(טְרִי): to set in motion; to shake; bumpe	not available (no open digital HeArukh/Meturgeman text)			—	yes
1442	long-tail	קיט	1	Daniel.2.35	Biblical Aramaic (Daniel, Ezra) (B)	נקט קיטא	MORPHOLOGY	a known lemma with a Hebrew sense is reachable, but a precision rule blocks the analysis — NO_ANALYSIS	נקט: העניק [krupnik] | החזיק, אחז [krupnik] | לקח [krupnik] | נתן הושיט [krupnik] | ליקט [krupnik] | נקט [jastrow] ;; קיטא: קיץ [jastrow]	נקט: J(נָקַט): to hold in hand, take, seize; to cause to hold, to procure || J(נְקַט ch): holding; to contract a habit; to cause to hold, to give, hand ;; קיטא: J(קַיְטָא): to shrink, be hot; heat, summer, ripening; sun-dried fruit || J(קִי	not available (no open digital HeArukh/Meturgeman text)			—	yes
1443	long-tail	קימה	1	Daniel.4.23	Biblical Aramaic (Daniel, Ezra) (B)	קימה קמה ימה ימ אמא ימי	MORPHOLOGY	a known lemma with a Hebrew sense is reachable, but a precision rule blocks the analysis — RARE_UNREVIEWED קימה// "פעולת הקם ומתיצב · הקמה"	קימה: פעולת הקם ומתיצב [krupnik] | הקמה [krupnik] ;; ימה: ים [krupnik] ;; ימ: בית קבול ביקב [krupnik] ;; אמא: אמר [krupnik] | אם, אמי [krupnik] | אמה [jastrow] ;; ימי: נשבע [krupnik] | השביע [krupnik]	קימה: J(קִימָה bh): standing up, rising; erection, putting up ;; קמה: J(קָמָה bh): standing corn; ḳamah; halms, stalks ;; ימ: J(יָם bh): sea, lake, reservoir; the cosmetic paint bottle; the receiver of flour ;; אמא: J(אַמָּא): cubit || J(אֲ	not available (no open digital HeArukh/Meturgeman text)			—	yes
1444	long-tail	קיתרוס	1	Daniel.3.5	Biblical Aramaic (Daniel, Ezra) (B)	תרס	MORPHOLOGY	a known lemma with a Hebrew sense is reachable, but a precision rule blocks the analysis — NO_ANALYSIS	תרס: הגן [krupnik] | טען, התווכח [krupnik]	תרס: J(תָּרַס): Hif.; to shield, protect; to resist, fight, wrestle in debate || J(תְּרַס ch): Af.; Pa.; to shield	not available (no open digital HeArukh/Meturgeman text)			—	yes
1445	long-tail	קמו	1	Ezra.5.2	Biblical Aramaic (Daniel, Ezra) (B)	קומ קימ נקמ מוי	REVIEW_CANDIDATE	complete analysis below the review gate (fewer than 200 uses here) — REVIEW_GATE קומ/pe.perf.3mp/- "עמד, היה קיים · מי חלב" n=1	קומ: עמד, היה קיים [krupnik] | מי חלב [krupnik] | קום [jastrow] | העמיד [reviewed] ;; קימ: אישר [krupnik] | הקים, העמיד [krupnik] | קבע, הניח [krupnik] | הוקם [krupnik] | חוק [krupnik] | ברית [krupnik] | שבועה [krupnik] ;; נקמ: נקם [jastrow] ;; מוי: מים [krupnik]	קומ: J(קוּם bh): to stand up, rise; to stand, exist; a transgression of a prohibitive law which you must re || J(קוּם ² ch): ḥălitsah; to ascertain; to bargain for || J(קוֹם): curdled milk, curd; whey; ḳom? ;; קימ: J(קִים): standing;; it is	not available (no open digital HeArukh/Meturgeman text)	עמד, היה קיים · מי חלב	REVIEW	medium (~85%)	yes
1446	long-tail	קצפ	1	Ezra.7.23	Biblical Aramaic (Daniel, Ezra) (B)	קצפ קצפא צפ	MORPHOLOGY	a known lemma with a Hebrew sense is reachable, but a precision rule blocks the analysis — NO_ANALYSIS	קצפא: קצף [jastrow]	קצפ: J(קָצַף bh): to be rough, excited; to be angry; to arouse to anger, excite, incite || J(קֶצֶף bh): anger; Ḳetsef; destruction, harm ;; קצפא: J(קִצְפָּא ch): divine anger, visitation; mourning over a; death ;; צפ: J(צָף): floating, flat	not available (no open digital HeArukh/Meturgeman text)			—	yes
1447	long-tail	קצת	1	Daniel.2.42	Biblical Aramaic (Daniel, Ezra) (B)	קצת קוצ קיצ קצי	MISSING_HEBREW_GLOSS	the dictionaries have the word, but no Hebrew sense (English only / Krupnik without Hebrew) — NO_HEBREW_SENSE קצת	קצת: קצת [jastrow] ;; קוצ: פינה את הקוצים [krupnik] | נפנה מן הקוצים [krupnik] | חתך וגזר [krupnik] | קצב וקבע [krupnik] | תג של אות [krupnik] | חתיכה [krupnik] | קצה החוט [krupnik] | קוץ [jastrow] | קוץ [jastrow] | קוץ [jastrow] ;; קיצ: עורר [krupnik] | ניכה [krupnik] | קבוע [krupnik] | קיץ [jastro	קצת: J(קְצָת bh): end. || J(קְצַת ch): part.; extreme end ;; קוצ: J(קָוַץ): to shrink, be dried up; to curl; to clear of thorns, weed || J(קְוַץ ch): to curl.; —Part. pass; dishevelled, unkempt || J(קוּץ I bh): to shrink; to feel aversion, 	not available (no open digital HeArukh/Meturgeman text)			—	yes
1448	long-tail	קרבו	1	Daniel.3.8	Biblical Aramaic (Daniel, Ezra) (B)	קרבו קרב רבותא רב רבי רוב	MORPHOLOGY	a known lemma with a Hebrew sense is reachable, but a precision rule blocks the analysis — NO_ANALYSIS	קרב: נעשה קרוב [krupnik] | קרב, נגע [krupnik] | הגין [krupnik] | קרב [jastrow] | קרב [jastrow] ;; רבותא: יתרון [krupnik] | חדוש, דבר פלא [krupnik] ;; רב: רב [jastrow] ;; רבי: נער [krupnik] | רבי [jastrow] | רבה [jastrow]	קרב: K: to do in near intervals | häufen, in kurzen Intervallen tun || J(קָרֵב bh): to join, come near, be near; to be offered as; to come before court; to sue, complain; to  || J(קְרֵב ch): to be near, come near, touch; to intercede, prote	not available (no open digital HeArukh/Meturgeman text)			—	yes
1449	long-tail	קרבת	1	Daniel.7.16	Biblical Aramaic (Daniel, Ezra) (B)	קרב קרבתא רבה רבי רבתא ריב	MORPHOLOGY	a known lemma with a Hebrew sense is reachable, but a precision rule blocks the analysis — NO_ANALYSIS	קרב: נעשה קרוב [krupnik] | קרב, נגע [krupnik] | הגין [krupnik] | קרב [jastrow] | קרב [jastrow] ;; קרבתא: קרב, מלחמה [krupnik] ;; רבה: לקח רבית [krupnik] | הכניס בכלל [krupnik] | נתוסף [krupnik] ;; רבי: נער [krupnik] | רבי [jastrow] | רבה [jastrow]	קרב: K: to do in near intervals | häufen, in kurzen Intervallen tun || J(קָרֵב bh): to join, come near, be near; to be offered as; to come before court; to sue, complain; to  || J(קְרֵב ch): to be near, come near, touch; to intercede, prote	not available (no open digital HeArukh/Meturgeman text)			—	yes
1450	long-tail	קריא	1	Ezra.4.15	Biblical Aramaic (Daniel, Ezra) (B)	קריא קרייא קרא קרה קרי קריתא	MORPHOLOGY	a known lemma with a Hebrew sense is reachable, but a precision rule blocks the analysis — RARE_UNREVIEWED קריא// "מקרא, כתוב"	קריא: מקרא, כתוב [krupnik] | תולעת [krupnik] | עיר, קריה [krupnik] | קרי [jastrow] ;; קרייא: קריה [jastrow] ;; קרא: קשוא בצורת בקבוק [krupnik] | בקי במקרא [krupnik] | קרא [jastrow] | מקרא [jastrow] | דלעת [he] ;; קרי: עיר, קריה [krupnik] | קרי [jastrow] | קרי [jastrow] ;; קריתא: עיר, קריה [krupnik] 	קריא: J(קַרְיָא I ch): accident, mishap; pollution || J(קַרְיָא II): a worm in poppy || J(קַרְיָא III): Bible verse || J(קִרְיָא): place ;; קרייא: J(קִרְיָיא): town, settlement, village; sing. || J(קַרָיָיא): Biblical scholar, Bible teacher	not available (no open digital HeArukh/Meturgeman text)			—	yes
1451	long-tail	קריבו	1	Daniel.6.13	Biblical Aramaic (Daniel, Ezra) (B)	קרב קריבותא ריבותא ארב	MORPHOLOGY	a known lemma with a Hebrew sense is reachable, but a precision rule blocks the analysis — NO_ANALYSIS	קרב: נעשה קרוב [krupnik] | קרב, נגע [krupnik] | הגין [krupnik] | קרב [jastrow] | קרב [jastrow] ;; ריבותא: רבבה [krupnik] | נוער [krupnik] ;; ארב: ארב [jastrow]	קרב: K: to do in near intervals | häufen, in kurzen Intervallen tun || J(קָרֵב bh): to join, come near, be near; to be offered as; to come before court; to sue, complain; to  || J(קְרֵב ch): to be near, come near, touch; to intercede, prote	not available (no open digital HeArukh/Meturgeman text)			—	yes
1452	long-tail	קרנ	1	Daniel.7.8	Biblical Aramaic (Daniel, Ezra) (B)	קרנ קרא קרי קרתא	MISSING_HEBREW_GLOSS	the dictionaries have the word, but no Hebrew sense (English only / Krupnik without Hebrew) — NO_HEBREW_SENSE קרנ	קרנ: קרן [jastrow] ;; קרא: קשוא בצורת בקבוק [krupnik] | בקי במקרא [krupnik] | קרא [jastrow] | מקרא [jastrow] | דלעת [he] ;; קרי: עיר, קריה [krupnik] | קרי [jastrow] | קרי [jastrow] ;; קרתא: קור [krupnik] | עיר, קריה [krupnik] | קרת [jastrow]	קרנ: J(קָרַן bh): to emit horns; rays; to be horned. || J(קְרַן I): ḳaran; to join, harness, put to || J(קֶרֶן): joint, attachment; roundness, fulness; horn; shofars || J(קְרַן II ch): horn; strength; beam, ray; projection; corner ;; קרא: K	not available (no open digital HeArukh/Meturgeman text)			—	yes
1453	long-tail	קרצוהי	1	Daniel.6.25	Biblical Aramaic (Daniel, Ezra) (B)		TRUE_LEXICAL_GAP	no lexicon entry the form could belong to — NO_ANALYSIS	—	—	not available (no open digital HeArukh/Meturgeman text)			—	yes
1454	long-tail	קרציהונ	1	Daniel.3.8	Biblical Aramaic (Daniel, Ezra) (B)	רציא	MISSING_HEBREW_GLOSS	the dictionaries have the word, but no Hebrew sense (English only / Krupnik without Hebrew) — NO_ANALYSIS	—	רציא: J(רָצְיָא): peace-maker, advocate	not available (no open digital HeArukh/Meturgeman text)			—	yes
1455	long-tail	קתרס	1	Daniel.3.15	Biblical Aramaic (Daniel, Ezra) (B)	תרס תרסא	MORPHOLOGY	a known lemma with a Hebrew sense is reachable, but a precision rule blocks the analysis — NO_ANALYSIS	תרס: הגן [krupnik] | טען, התווכח [krupnik]	תרס: J(תָּרַס): Hif.; to shield, protect; to resist, fight, wrestle in debate || J(תְּרַס ch): Af.; Pa.; to shield	not available (no open digital HeArukh/Meturgeman text)			—	yes
1456	long-tail	ראש	1	Daniel.7.1	Biblical Aramaic (Daniel, Ezra) (B)	ריש ראש	SENSE_CHOICE	several Hebrew senses (or two lemmas) — a reviewer must choose — AMBIGUOUS_SENSE ריש: עומד בראש, נשיא | התחלה | החלק העליון | ארס	ריש: ראש, גלגולת [krupnik] | עומד בראש, נשיא [krupnik] | התחלה [krupnik] | החלק העליון [krupnik] | ארס [krupnik] | ראש [jastrow] | ראש [jastrow]	ריש: J(רִישׁ bh): poverty, misery || J(רֵישׁ II): head, chief; beginning, first thing, firstling; at first, formerly || J(רֵישׁ III): drop; poison; pl. ;; ראש: J(רָאשׁ): poor || J(רֹאשׁ bh): head, point; beginning, heading; main thing, prin	not available (no open digital HeArukh/Meturgeman text)			—	yes
1457	long-tail	ראשהונ	1	Daniel.3.27	Biblical Aramaic (Daniel, Ezra) (B)	ראש	MISSING_HEBREW_GLOSS	the dictionaries have the word, but no Hebrew sense (English only / Krupnik without Hebrew) — NO_ANALYSIS	—	ראש: J(רָאשׁ): poor || J(רֹאשׁ bh): head, point; beginning, heading; main thing, principal; over again; chief, magistrate, lea	not available (no open digital HeArukh/Meturgeman text)			—	yes
1458	long-tail	ראשינ	1	Daniel.7.6	Biblical Aramaic (Daniel, Ezra) (B)	ראש רש	MISSING_HEBREW_GLOSS	the dictionaries have the word, but no Hebrew sense (English only / Krupnik without Hebrew) — NO_HEBREW_SENSE ראש	—	ראש: J(רָאשׁ): poor || J(רֹאשׁ bh): head, point; beginning, heading; main thing, principal; over again; chief, magistrate, lea ;; רש: J(רָשׁ bh): dispossessed; poor; râsh	not available (no open digital HeArukh/Meturgeman text)			—	yes
1459	long-tail	ראשכ	1	Daniel.2.28	Biblical Aramaic (Daniel, Ezra) (B)	ראש	MISSING_HEBREW_GLOSS	the dictionaries have the word, but no Hebrew sense (English only / Krupnik without Hebrew) — NO_ANALYSIS	—	ראש: J(רָאשׁ): poor || J(רֹאשׁ bh): head, point; beginning, heading; main thing, principal; over again; chief, magistrate, lea	not available (no open digital HeArukh/Meturgeman text)			—	yes
1460	long-tail	רבבנ	1	Daniel.7.10	Biblical Aramaic (Daniel, Ezra) (B)	רבבת רבב רבבא	MORPHOLOGY	a known lemma with a Hebrew sense is reachable, but a precision rule blocks the analysis — RARE_UNREVIEWED רבבת/n.pl/ "רבבה"	רבבת: רבבה [jastrow] ;; רבב: עשה מוצק [krupnik] | היה גדול [krupnik] | שומן, שמנונית [krupnik] | רבב [jastrow]	רבב: J(רָבַב bh): to be great, numerous; to line; to make strong, thick || J(רְבַב ch): to be great; to be a teacher, be in office || J(רָבָב): Pi.; a thick, viscid mass, fat; grease, pitch; rabad	not available (no open digital HeArukh/Meturgeman text)			—	yes
1461	long-tail	רבונ	1	Daniel.7.10	Biblical Aramaic (Daniel, Ezra) (B)	רבונ רבבת רבה רבונא רבותא רבי	MORPHOLOGY	a known lemma with a Hebrew sense is reachable, but a precision rule blocks the analysis — RARE_UNREVIEWED רבונ// "אדון"	רבונ: אדון [krupnik] | רבון [jastrow] ;; רבבת: רבבה [jastrow] ;; רבה: לקח רבית [krupnik] | הכניס בכלל [krupnik] | נתוסף [krupnik] ;; רבונא: אדון [krupnik] ;; רבותא: יתרון [krupnik] | חדוש, דבר פלא [krupnik] ;; רבי: נער [krupnik] | רבי [jastrow] | רבה [jastrow]	רבונ: J(רִבּוֹן): lord, master || J(רִבּוֹן ² ch): Pl.; pl.; Fem. ;; רבה: K: great | groß || K: teacher | Lehrer || K: name of Amoraim | Name von Amoräern || K: lady | Herrin || J(רָבֶה): moist, saturated with liquid || J(רַבָּה I): large, 	not available (no open digital HeArukh/Meturgeman text)			—	yes
1462	long-tail	רבותא	1	Daniel.5.19	Biblical Aramaic (Daniel, Ezra) (B)	רבותא	REVIEW_CANDIDATE	complete analysis below the review gate (fewer than 200 uses here) — REVIEW_GATE רבותא/-/- "חדוש, דבר פלא" n=1	רבותא: יתרון [krupnik] | חדוש, דבר פלא [krupnik]	רבותא: J(רְבוּתָא): greatness, dignity, office; anointment; a great thing, something remarkable || J(רַבּוּתָא): seniority; superiority	not available (no open digital HeArukh/Meturgeman text)	חדוש, דבר פלא	REVIEW	medium (~80% right in the sample)	yes
1463	long-tail	רבי	1	Daniel.2.48	Biblical Aramaic (Daniel, Ezra) (B)	רבי רב רבבה רובא רבה רביא	MORPHOLOGY	a known lemma with a Hebrew sense is reachable, but a precision rule blocks the analysis — RARE_UNREVIEWED רבי// "נער"	רבי: נער [krupnik] | רבי [jastrow] | רבה [jastrow] ;; רב: רב [jastrow] ;; רובא: רוב [krupnik] | רב, גדול [krupnik] | בחור [krupnik] | רוב [jastrow] ;; רבה: לקח רבית [krupnik] | הכניס בכלל [krupnik] | נתוסף [krupnik] ;; רביא: נער [krupnik]	רבי: K: title of the Tannaim and of the Palestinian Amoraim | Titel der Tannaiten und der palästinensischen Amoräer || K: surname of R. Juda han-Nasi | Beiname des R. Jehuda han-Nassi || J(רבי bh): to be much, many; to grow, increase; to in	not available (no open digital HeArukh/Meturgeman text)			—	yes
1464	long-tail	רבית	1	Daniel.4.19	Biblical Aramaic (Daniel, Ezra) (B)	רבית רב רבי רבה רביתא ריב	MORPHOLOGY	a known lemma with a Hebrew sense is reachable, but a precision rule blocks the analysis — RARE_UNREVIEWED רבית// "נשך, תרבית"	רבית: נשך, תרבית [krupnik] | תרבית [jastrow] | רבית [jastrow] ;; רב: רב [jastrow] ;; רבי: נער [krupnik] | רבי [jastrow] | רבה [jastrow] ;; רבה: לקח רבית [krupnik] | הכניס בכלל [krupnik] | נתוסף [krupnik] ;; רביתא: נשך, תרבית [krupnik] | נערה [krupnik] | גידול [krupnik]	רבית: J(רִבִּית): profit; interest; usury ;; רב: J(רַב I bh): large, great; much; community, public; in public || J(רַב II): superior, master; teacher; Rab, a || J(רַב ch): large, great, numerous; senior; chief, master, teacher; school, aca	not available (no open digital HeArukh/Meturgeman text)			—	yes
1465	long-tail	רברבינ	1	Daniel.3.33	Biblical Aramaic (Daniel, Ezra) (B)	רברבא	MISSING_HEBREW_GLOSS	the dictionaries have the word, but no Hebrew sense (English only / Krupnik without Hebrew) — NO_ANALYSIS	—	רברבא: J(רַבְרְבָא): great; great man; prince, officer.; Pl.; Fem.	not available (no open digital HeArukh/Meturgeman text)			—	yes
1466	long-tail	רברבנוהי	1	Daniel.6.18	Biblical Aramaic (Daniel, Ezra) (B)	רברבנא	MISSING_HEBREW_GLOSS	the dictionaries have the word, but no Hebrew sense (English only / Krupnik without Hebrew) — NO_ANALYSIS	—	רברבנא: J(רַבְרְבָנָא): great man, prince	not available (no open digital HeArukh/Meturgeman text)			—	yes
1467	long-tail	רבת	1	Daniel.4.19	Biblical Aramaic (Daniel, Ezra) (B)	רבה רבי רבתא ריב	MORPHOLOGY	a known lemma with a Hebrew sense is reachable, but a precision rule blocks the analysis — NO_ANALYSIS	רבה: לקח רבית [krupnik] | הכניס בכלל [krupnik] | נתוסף [krupnik] ;; רבי: נער [krupnik] | רבי [jastrow] | רבה [jastrow]	רבה: K: great | groß || K: teacher | Lehrer || K: name of Amoraim | Name von Amoräern || K: lady | Herrin || J(רָבֶה): moist, saturated with liquid || J(רַבָּה I): large, great; senior; teacher; Fem. ;; רבי: K: title of the Tannaim and of t	not available (no open digital HeArukh/Meturgeman text)			—	yes
1468	long-tail	רבתא	1	Daniel.4.27	Biblical Aramaic (Daniel, Ezra) (B)	רב רבתא רבא ריב	MISSING_HEBREW_GLOSS	the dictionaries have the word, but no Hebrew sense (English only / Krupnik without Hebrew) — NO_HEBREW_SENSE רב	רב: רב [jastrow]	רב: J(רַב I bh): large, great; much; community, public; in public || J(רַב II): superior, master; teacher; Rab, a || J(רַב ch): large, great, numerous; senior; chief, master, teacher; school, academy ;; רבתא: J(רַבְּתָא): great city, capita	not available (no open digital HeArukh/Meturgeman text)			—	yes
1469	long-tail	רגלינ	1	Daniel.7.4	Biblical Aramaic (Daniel, Ezra) (B)	רגל רגלי	MORPHOLOGY	a known lemma with a Hebrew sense is reachable, but a precision rule blocks the analysis — NO_ANALYSIS	רגל: רגל [jastrow] | רגל [jastrow]	רגל: J(רָגַל bh): to move on, run; to be wont to; to flay an animal from its feet upward || J(רְגַל ch): to move, run; used; to cause to run || J(רֶגֶל bh): foot; leg;; hindleg; the damage done by an animal’s foot, treading, stamping || J(ר	not available (no open digital HeArukh/Meturgeman text)			—	yes
1470	long-tail	רז	1	Daniel.4.6	Biblical Aramaic (Daniel, Ezra) (B)	רז	MISSING_HEBREW_GLOSS	the dictionaries have the word, but no Hebrew sense (English only / Krupnik without Hebrew) — NO_HEBREW_SENSE רז	רז: רז [jastrow]	רז: J(רָז): strength, foundation; secret || J(רָז ² ch): council	not available (no open digital HeArukh/Meturgeman text)			—	yes
1471	long-tail	רזיא	1	Daniel.2.29	Biblical Aramaic (Daniel, Ezra) (B)	רזיא רז רזי	MORPHOLOGY	a known lemma with a Hebrew sense is reachable, but a precision rule blocks the analysis — RARE_UNREVIEWED רזיא// "חזק, עז"	רזיא: חזק, עז [krupnik] ;; רז: רז [jastrow] ;; רזי: עורר [krupnik]	רזיא: J(רַזְיָא): strong, vehement, gushing; force ;; רז: J(רָז): strength, foundation; secret || J(רָז ² ch): council ;; רזי: J(רזֵי): to be strong, hard; to be lean; to come with vehemence upon, stir up, irritate	not available (no open digital HeArukh/Meturgeman text)			—	yes
1472	long-tail	רחיקינ	1	Ezra.6.6	Biblical Aramaic (Daniel, Ezra) (B)	רחיק רחק	MORPHOLOGY	a known lemma with a Hebrew sense is reachable, but a precision rule blocks the analysis — RARE_UNREVIEWED רחיק/n.pl/ "רחוק, מופלג"	רחיק: רחוק, מופלג [krupnik] | מרחוק [krupnik] ;; רחק: הרחיק את עצמו [krupnik] | נעשה זר ורחוק [krupnik] | רחק [jastrow]	רחיק: J(רָחִיק I): distance || J(רָחִיק II): far, distant, removed ;; רחק: J(רָחַק bh): to be distant, far, removed; to remove; to alienate; to reject, expel; to loathe; to keep  || J(רִחֵק ch): to remove; to reject, loathe; Pa.; to be remo	not available (no open digital HeArukh/Meturgeman text)			—	yes
1473	long-tail	רמ	1	Daniel.5.20	Biblical Aramaic (Daniel, Ezra) (B)	רמ	MORPHOLOGY	a known lemma with a Hebrew sense is reachable, but a precision rule blocks the analysis — RARE_UNREVIEWED רמ// "רם"	רמ: רם [jastrow]	רמ: J(רָם bh): high, exalted; Fem. || J(רָם ⁴ ch): high, exalted	not available (no open digital HeArukh/Meturgeman text)			—	yes
1474	long-tail	רמו	1	Daniel.6.25	Biblical Aramaic (Daniel, Ezra) (B)	רמי רמותא רומ רימ	MORPHOLOGY	a known lemma with a Hebrew sense is reachable, but a precision rule blocks the analysis — NO_ANALYSIS	רמי: זרק, השליך [krupnik] | שם, הוסיף [krupnik] | היה מוטל בתורת חובה [krupnik] | שאל, הראה סתירה [krupnik] | הרים [krupnik] | הטף [krupnik] | הושלך, נזרק [krupnik] | הזדמן [krupnik] | רמי [jastrow] ;; רמותא: גאותנות [krupnik] ;; רומ: רום [jastrow] | רום [jastrow]	רמי: J(רַמִּי): Rammi; Rami || J(רמי bh): to move; to throw, swing; ramah || J(רְמֵי ch): to throw, swing; to put on; to impose; Part. pass; thrown down, lying ;; רמותא: J(רָמוּתָא): haughtiness, pride ;; רומ: J(רוּם bh): to swing; to be hi	not available (no open digital HeArukh/Meturgeman text)			—	yes
1475	long-tail	רמיו	1	Daniel.7.9	Biblical Aramaic (Daniel, Ezra) (B)	רמיותא	MORPHOLOGY	a known lemma with a Hebrew sense is reachable, but a precision rule blocks the analysis — RARE_UNREVIEWED רמיותא// "רמיות"	רמיותא: רמיות [jastrow]	—	not available (no open digital HeArukh/Meturgeman text)			—	yes
1476	long-tail	רמינא	1	Daniel.3.24	Biblical Aramaic (Daniel, Ezra) (B)	רמי רמיא	MORPHOLOGY	a known lemma with a Hebrew sense is reachable, but a precision rule blocks the analysis — RARE_UNREVIEWED רמי/pe.ptcp.1s/ "זרק, השליך"	רמי: זרק, השליך [krupnik] | שם, הוסיף [krupnik] | היה מוטל בתורת חובה [krupnik] | שאל, הראה סתירה [krupnik] | הרים [krupnik] | הטף [krupnik] | הושלך, נזרק [krupnik] | הזדמן [krupnik] | רמי [jastrow]	רמי: J(רַמִּי): Rammi; Rami || J(רמי bh): to move; to throw, swing; ramah || J(רְמֵי ch): to throw, swing; to put on; to impose; Part. pass; thrown down, lying ;; רמיא: J(רַמְיָא): lying; lying; idle, lax	not available (no open digital HeArukh/Meturgeman text)			—	yes
1477	long-tail	רעיוני	1	Daniel.7.28	Biblical Aramaic (Daniel, Ezra) (B)	רעיונ רעיונא	MORPHOLOGY	a known lemma with a Hebrew sense is reachable, but a precision rule blocks the analysis — NO_ANALYSIS	רעיונא: רעיון [jastrow]	רעיונ: J(רַעְיוֹן bh): desire, ambition, greed ;; רעיונא: J(רַעְיוֹנָא ch): desire, thought; greedy	not available (no open digital HeArukh/Meturgeman text)			—	yes
1478	long-tail	רשמ	1	Daniel.6.10	Biblical Aramaic (Daniel, Ezra) (B)	רשמ רושמ	MISSING_HEBREW_GLOSS	the dictionaries have the word, but no Hebrew sense (English only / Krupnik without Hebrew) — NO_HEBREW_SENSE רשמ	רשמ: רשם וסימן [krupnik] | רשם [jastrow] ;; רושמ: סימן, עקב [krupnik] | רושם [jastrow]	רשמ: J(רָשַׁם): to mark, draw; those who interpret the Law metaphorically; to be marked, engraven || J(רְשַׁם I ch): to mark; to record; to make incisions; to be wrinkled || J(רְשַׁם II): incision, wound ;; רושמ: J(רוֹשֶׁם): mark, trace || 	not available (no open digital HeArukh/Meturgeman text)			—	yes
1479	long-tail	שא	1	Ezra.5.15	Biblical Aramaic (Daniel, Ezra) (B)		TRUE_LEXICAL_GAP	no lexicon entry the form could belong to — NO_ANALYSIS	—	—	not available (no open digital HeArukh/Meturgeman text)			—	yes
1480	long-tail	שאלתא	1	Daniel.4.14	Biblical Aramaic (Daniel, Ezra) (B)	שאל שאלתא	MORPHOLOGY	a known lemma with a Hebrew sense is reachable, but a precision rule blocks the analysis — RARE_UNREVIEWED שאל/pe.perf.2ms/ "דרש, בקש"	שאל: ניתן בתורת שאילה [krupnik] | חקר ודרש [krupnik] | דרש, בקש [krupnik] | חקר דבר מפי אחרים [krupnik] | שאל [jastrow]	שאל: K: to borrow | entleihen || J(שָׁאַל bh): to ask, beg; to inquire, question; Nif.; to salute || J(שְׁאַל ch): to ask, inquire, beg.; to borrow; to ask, borrow ;; שאלתא: J(שְׁאֵלְתָּא): request, prayer, desire; question, problem; propos	not available (no open digital HeArukh/Meturgeman text)			—	yes
1481	long-tail	שאר	1	Daniel.2.18	Biblical Aramaic (Daniel, Ezra) (B)	שאר	MISSING_HEBREW_GLOSS	the dictionaries have the word, but no Hebrew sense (English only / Krupnik without Hebrew) — NO_HEBREW_SENSE שאר	שאר: השאיר, שייר [krupnik] | שאר [jastrow] | שאר [jastrow]	שאר: J(שָׁאַר bh): to swell, rise; to run over;; to remain over; to be left over, reserved, preserved, spared || J(שְׁאַר I ch): to leave over; Ithpa.; to leave over, spare || J(שְׁאַר II): Pa.; to plant in beds || J(שְׁאֵר bh): preservatio	not available (no open digital HeArukh/Meturgeman text)			—	yes
1482	long-tail	שבטי	1	Ezra.6.17	Biblical Aramaic (Daniel, Ezra) (B)	שבט	MORPHOLOGY	a known lemma with a Hebrew sense is reachable, but a precision rule blocks the analysis — NO_ANALYSIS	שבט: הכה בשבט, חבט [krupnik] | שבט [jastrow] | שבט [jastrow]	שבט: J(שָׁבַט): to press the weaving rod, to make the web close || J(שְׁבַט I ch): to strike with the rod, to beat || J(שֵׁבֶט bh): rod, staff; tribe || J(שְׁבַט ch): rod, staff; tribe || J(שְׁבָט bh): Shebat	not available (no open digital HeArukh/Meturgeman text)			—	yes
1483	long-tail	שביבא	1	Daniel.3.22	Biblical Aramaic (Daniel, Ezra) (B)	שביבא	MISSING_HEBREW_GLOSS	the dictionaries have the word, but no Hebrew sense (English only / Krupnik without Hebrew) — NO_ANALYSIS	—	שביבא: J(שְׁבִיבָא bh): chip;; spark.	not available (no open digital HeArukh/Meturgeman text)			—	yes
1484	long-tail	שביבינ	1	Daniel.7.9	Biblical Aramaic (Daniel, Ezra) (B)	שביבא	MISSING_HEBREW_GLOSS	the dictionaries have the word, but no Hebrew sense (English only / Krupnik without Hebrew) — NO_HEBREW_SENSE שביבא	—	שביבא: J(שְׁבִיבָא bh): chip;; spark.	not available (no open digital HeArukh/Meturgeman text)			—	yes
1485	long-tail	שגלתכ	1	Daniel.5.23	Biblical Aramaic (Daniel, Ezra) (B)		TRUE_LEXICAL_GAP	no lexicon entry the form could belong to — NO_ANALYSIS	—	—	not available (no open digital HeArukh/Meturgeman text)			—	yes
1486	long-tail	שוי	1	Daniel.5.21	Biblical Aramaic (Daniel, Ezra) (B)	שוי שויא שוא	MORPHOLOGY	a known lemma with a Hebrew sense is reachable, but a precision rule blocks the analysis — RARE_UNREVIEWED שוי// "עולה בערך, במחיר פלוני · זול"	שוי: עולה בערך, במחיר פלוני [krupnik] | זול [krupnik] | שוי [jastrow] | שוי [jastrow] | שוה [jastrow] ;; שויא: עולה בערך, במחיר פלוני [krupnik] | זול [krupnik]	שוי: K: a thing) moderate in price | Preiswertes || J(שוי bh): to join, combine; to be even, equal, alike; to be of value || J(שְׁוֵי ch): to be alike; to be worthy, deserve; to do alike, retaliate. || J(שְׁוִי): equivalent, value || J(שָׁו	not available (no open digital HeArukh/Meturgeman text)			—	yes
1487	long-tail	שויו	1	Daniel.5.21	Biblical Aramaic (Daniel, Ezra) (B)	שויותא	MISSING_HEBREW_GLOSS	the dictionaries have the word, but no Hebrew sense (English only / Krupnik without Hebrew) — NO_ANALYSIS	—	—	not available (no open digital HeArukh/Meturgeman text)			—	yes
1488	long-tail	שושנכיא	1	Ezra.4.9	Biblical Aramaic (Daniel, Ezra) (B)		TRUE_LEXICAL_GAP	no lexicon entry the form could belong to — NO_ANALYSIS	—	—	not available (no open digital HeArukh/Meturgeman text)			—	yes
1489	long-tail	שיזיב	1	Daniel.6.28	Biblical Aramaic (Daniel, Ezra) (B)	שיזב	MORPHOLOGY	a known lemma with a Hebrew sense is reachable, but a precision rule blocks the analysis — RARE_UNREVIEWED שיזב// "הציל"	שיזב: הציל [krupnik] | ניצול [krupnik]	שיזב: J(שֵׁיזֵב): to release, save; to be delivered; to be saved, spared	not available (no open digital HeArukh/Meturgeman text)			—	yes
1490	long-tail	שימו	1	Ezra.4.21	Biblical Aramaic (Daniel, Ezra) (B)	נשמ אשמ	MORPHOLOGY	a known lemma with a Hebrew sense is reachable, but a precision rule blocks the analysis — NO_ANALYSIS	נשמ: נח [krupnik] | הבריא [krupnik] | נשם [jastrow]	נשמ: K: a medicine which produces depilation | ein Enthaarungsmittel || J(נָשַׁם bh): to breathe || J(נְשַׁם ch): to take breath, to rest; to recover, get well; to breathe, to give signs of life || J(נֶשֶׁם): neshem ;; אשמ: J(אָשַׁם bh): to	not available (no open digital HeArukh/Meturgeman text)			—	yes
1491	long-tail	שכלילו	1	Ezra.4.12	Biblical Aramaic (Daniel, Ezra) (B)		TRUE_LEXICAL_GAP	no lexicon entry the form could belong to — NO_ANALYSIS	—	—	not available (no open digital HeArukh/Meturgeman text)			—	yes
1492	long-tail	שכנ	1	Ezra.6.12	Biblical Aramaic (Daniel, Ezra) (B)	שכנ שכינא ש שיכונ שוכ	MISSING_HEBREW_GLOSS	the dictionaries have the word, but no Hebrew sense (English only / Krupnik without Hebrew) — NO_HEBREW_SENSE שכנ	שכנ: שכן [jastrow] ;; שכינא: שכן [jastrow] ;; ש: שוף [jastrow] ;; שיכונ: שייכות ויחס [krupnik]	שכנ: K: for | da, denn || J(שָׁכַן bh): to dwell, rest; to cause to dwell, establish; to make prosperous || J(שְׁכַן ch): to dwell, sit, nest; to rest, settle; to cause to dwell || J(שָׁכֵן bh): settler, neighbor; Fem ;; שכינא: J(שְׁכֵינָא)	not available (no open digital HeArukh/Meturgeman text)			—	yes
1493	long-tail	שלחנא	1	Ezra.4.14	Biblical Aramaic (Daniel, Ezra) (B)	שלח שלחא	MORPHOLOGY	a known lemma with a Hebrew sense is reachable, but a precision rule blocks the analysis — RARE_UNREVIEWED שלח/pe.ptcp.1s/ "אני שולח"	שלח: שלח [krupnik] | הפשיט, פשט [krupnik] | הוסר מעל־ [krupnik] | נפשט עורו [krupnik] | שלח [jastrow] ;; שלחא: מעבד עורות [krupnik] | שלח [jastrow]	שלח: J(שָׁלַח bh): to draw out; to stretch forth; to send; to stretch out a hand against,; to make illegitima || J(שְׁלַח ch): to send, send off; to throw off, undress, flay; to send; to send off, dismiss || J(שֶׁלַח I): hide, fresh skin ||	not available (no open digital HeArukh/Meturgeman text)			—	yes
1494	long-tail	שלחתונ	1	Ezra.4.18	Biblical Aramaic (Daniel, Ezra) (B)	שלח	MORPHOLOGY	a known lemma with a Hebrew sense is reachable, but a precision rule blocks the analysis — RARE_UNREVIEWED שלח/pe.perf.2mp/ "שלחתם"	שלח: שלח [krupnik] | הפשיט, פשט [krupnik] | הוסר מעל־ [krupnik] | נפשט עורו [krupnik] | שלח [jastrow]	שלח: J(שָׁלַח bh): to draw out; to stretch forth; to send; to stretch out a hand against,; to make illegitima || J(שְׁלַח ch): to send, send off; to throw off, undress, flay; to send; to send off, dismiss || J(שֶׁלַח I): hide, fresh skin ||	not available (no open digital HeArukh/Meturgeman text)			—	yes
1495	long-tail	שלט	1	Daniel.3.27	Biblical Aramaic (Daniel, Ezra) (B)	שלט שלטא	MISSING_HEBREW_GLOSS	the dictionaries have the word, but no Hebrew sense (English only / Krupnik without Hebrew) — NO_HEBREW_SENSE שלט	שלט: משל [krupnik] | נעשה שליט, נתיפה כחו [krupnik] | שלט [jastrow] ;; שלטא: שלט [jastrow]	שלט: J(שָׁלַט bh): to handle; to rule, have power over; zohăma || J(שְׁלַט ch): to handle; to give power, appoint; to be made || J(שֶׁלֶט bh): armor, shields;; arm-bearers; the righteous as the protectors of their generation ;; שלטא: J(שִׁל	not available (no open digital HeArukh/Meturgeman text)			—	yes
1496	long-tail	שלטו	1	Daniel.6.25	Biblical Aramaic (Daniel, Ezra) (B)	שלט	MORPHOLOGY	a known lemma with a Hebrew sense is reachable, but a precision rule blocks the analysis — NO_ANALYSIS	שלט: משל [krupnik] | נעשה שליט, נתיפה כחו [krupnik] | שלט [jastrow]	שלט: J(שָׁלַט bh): to handle; to rule, have power over; zohăma || J(שְׁלַט ch): to handle; to give power, appoint; to be made || J(שֶׁלֶט bh): armor, shields;; arm-bearers; the righteous as the protectors of their generation	not available (no open digital HeArukh/Meturgeman text)			—	yes
1497	long-tail	שלטנהונ	1	Daniel.7.12	Biblical Aramaic (Daniel, Ezra) (B)		TRUE_LEXICAL_GAP	no lexicon entry the form could belong to — NO_ANALYSIS	—	—	not available (no open digital HeArukh/Meturgeman text)			—	yes
1498	long-tail	שלטניא	1	Daniel.7.27	Biblical Aramaic (Daniel, Ezra) (B)		TRUE_LEXICAL_GAP	no lexicon entry the form could belong to — NO_ANALYSIS	—	—	not available (no open digital HeArukh/Meturgeman text)			—	yes
1499	long-tail	שליטא	1	Daniel.2.15	Biblical Aramaic (Daniel, Ezra) (B)	שליט שלט שליטתא	MISSING_HEBREW_GLOSS	the dictionaries have the word, but no Hebrew sense (English only / Krupnik without Hebrew) — NO_HEBREW_SENSE שליט	שליט: שליט [jastrow] ;; שלט: משל [krupnik] | נעשה שליט, נתיפה כחו [krupnik] | שלט [jastrow] ;; שליטתא: ממשלה [krupnik]	שליט: J(שַׁלִּיט bh): having control, ruler; Fem. || J(שַׁלִּיט ² ch): Fem. ;; שלט: J(שָׁלַט bh): to handle; to rule, have power over; zohăma || J(שְׁלַט ch): to handle; to give power, appoint; to be made || J(שֶׁלֶט bh): armor, shields;; a	not available (no open digital HeArukh/Meturgeman text)			—	yes
1500	long-tail	שלמא	1	Ezra.5.7	Biblical Aramaic (Daniel, Ezra) (B)	שלמ שלימ	MORPHOLOGY	a known lemma with a Hebrew sense is reachable, but a precision rule blocks the analysis — RARE_UNREVIEWED שלמ// "שלום"	שלמ: כלה ונגמר [krupnik] | נפרע הכסף [krupnik] | שלם [jastrow] | שלום [jastrow] ;; שלימ: שלם, תמים [krupnik]	שלמ: K: to end | zu Ende sein || J(שָׁלֵם bh): to be whole, complete; to end, cease; to complete, finish; to finish the fast-day || J(שִׁלֵם ch): to be perfect, complete, finished, spent; to be peaceful, sincere, friendly; to complete,  || 	not available (no open digital HeArukh/Meturgeman text)			—	yes
1501	long-tail	שמהת	1	Ezra.5.4	Biblical Aramaic (Daniel, Ezra) (B)		TRUE_LEXICAL_GAP	no lexicon entry the form could belong to — NO_ANALYSIS	—	—	not available (no open digital HeArukh/Meturgeman text)			—	yes
1502	long-tail	שמהתהמ	1	Ezra.5.10	Biblical Aramaic (Daniel, Ezra) (B)		TRUE_LEXICAL_GAP	no lexicon entry the form could belong to — NO_ANALYSIS	—	—	not available (no open digital HeArukh/Meturgeman text)			—	yes
1503	long-tail	שמו	1	Daniel.3.12	Biblical Aramaic (Daniel, Ezra) (B)	נשמ שומ אשמ	MORPHOLOGY	a known lemma with a Hebrew sense is reachable, but a precision rule blocks the analysis — NO_ANALYSIS	נשמ: נח [krupnik] | הבריא [krupnik] | נשם [jastrow] ;; שומ: אמד, שיער, העריך [krupnik] | נערך [krupnik] | הערכה ואומד [krupnik] | שם [krupnik] | בשביל [krupnik] | כשם [krupnik] | בסבת, מפאת [krupnik] | מפני שׁ־ [krupnik] | שום [jastrow] | שום [jastrow] | שום [jastrow]	נשמ: K: a medicine which produces depilation | ein Enthaarungsmittel || J(נָשַׁם bh): to breathe || J(נְשַׁם ch): to take breath, to rest; to recover, get well; to breathe, to give signs of life || J(נֶשֶׁם): neshem ;; שומ: J(שׂוּם bh): to 	not available (no open digital HeArukh/Meturgeman text)			—	yes
1504	long-tail	שמעת	1	Daniel.5.16	Biblical Aramaic (Daniel, Ezra) (B)	שמע שמעתא	MORPHOLOGY	a known lemma with a Hebrew sense is reachable, but a precision rule blocks the analysis — NO_ANALYSIS	שמע: שמע והקשיב [krupnik] | הבין [krupnik] | שרת [krupnik] | השמיע [krupnik] | הורה, הודיע [krupnik] | נשמע [krupnik] | נכנע [krupnik] | שמע [jastrow] | שמע [jastrow] | השמיע [reviewed] ;; שמעתא: הלכה מקובלת [krupnik]	שמע: K: recitation of the Sh'ma (Deut. 6, 4-9) | zweimal täglich zu rezitierender Abschnitt des Pentateuchs || J(שָׁמַע bh): to be still,; to hear, listen, obey; to understand; m’ḳuddash || J(שְׁמַע I ch): he knows of; to understand from, t	not available (no open digital HeArukh/Meturgeman text)			—	yes
1505	long-tail	שנוהי	1	Daniel.5.6	Biblical Aramaic (Daniel, Ezra) (B)		TRUE_LEXICAL_GAP	no lexicon entry the form could belong to — NO_ANALYSIS	—	—	not available (no open digital HeArukh/Meturgeman text)			—	yes
1506	long-tail	שניו	1	Daniel.3.28	Biblical Aramaic (Daniel, Ezra) (B)		TRUE_LEXICAL_GAP	no lexicon entry the form could belong to — NO_ANALYSIS	—	—	not available (no open digital HeArukh/Meturgeman text)			—	yes
1507	long-tail	שערה	1	Daniel.4.30	Biblical Aramaic (Daniel, Ezra) (B)	שערה שער שערא	MORPHOLOGY	a known lemma with a Hebrew sense is reachable, but a precision rule blocks the analysis — NO_ANALYSIS	שער: אמד והעריך [krupnik] | שמר על השער [krupnik] | נערך ונאמד [krupnik] | היה שעיר [krupnik] ;; שערא: נשך, רבית [krupnik] | שער [jastrow] | שער [jastrow] | שער [jastrow]	שערה: J(שַׂעֲרָה bh): hair; ear, panicle ;; שער: J(שָׁעַר I bh): to keep the gate || J(שָׁעַר II bh): to divide, distribute; to apportion, estimate, measure, calculate; to superintend the mark || J(שְׁעַר ch): Pa.; to measure, calculate || 	not available (no open digital HeArukh/Meturgeman text)			—	yes
1508	long-tail	שפטינ	1	Ezra.7.25	Biblical Aramaic (Daniel, Ezra) (B)	שפט שפטא	MISSING_HEBREW_GLOSS	the dictionaries have the word, but no Hebrew sense (English only / Krupnik without Hebrew) — NO_ANALYSIS	—	שפט: J(שָׁפַט bh): to divide; to decree, decide, judge; to be judged, criticised || J(שֶׁפֶט): judgments, punishments ;; שפטא: J(שִׁפְטָא): childish	not available (no open digital HeArukh/Meturgeman text)			—	yes
1509	long-tail	שקוהי	1	Daniel.2.33	Biblical Aramaic (Daniel, Ezra) (B)	שק	MISSING_HEBREW_GLOSS	the dictionaries have the word, but no Hebrew sense (English only / Krupnik without Hebrew) — NO_ANALYSIS	—	שק: J(שַׂק bh): sack, sackcloth	not available (no open digital HeArukh/Meturgeman text)			—	yes
1510	long-tail	שרא	1	Daniel.2.22	Biblical Aramaic (Daniel, Ezra) (B)	שרא שיר שרי שור שרה שרתא	MORPHOLOGY	a known lemma with a Hebrew sense is reachable, but a precision rule blocks the analysis — RARE_UNREVIEWED שרא// "שר"	שרא: שר [jastrow] ;; שיר: השאיר [krupnik] | נשאר [krupnik] | שיר [jastrow] | שיר [jastrow] ;; שרי: שרי [jastrow] | התיר [jastrow] ;; שור: קפץ [krupnik] | שור [jastrow] ;; שרה: הרטיב, טבל במים [krupnik] | שכן, חנה [krupnik] | התיר [krupnik] | הורטב, נטבל במים [krupnik] | השכין [krupnik] | פרנס [krupn	שיר: J(שִׁיר I bh): to sing.; singer; Temple singer || J(שִׁיר II bh): chain, string;; verse, song, poetry, music.; Song of Songs || J(שֵׁיר bh): pl.; chain, necklace, bracelet, ring ;; שרי: J(שרי bh): to dissolve, soak, steep; to be soaked	not available (no open digital HeArukh/Meturgeman text)			—	yes
1511	long-tail	שרינ	1	Daniel.3.25	Biblical Aramaic (Daniel, Ezra) (B)	שריינ שיר שריתא שרה שרא שרי	MORPHOLOGY	a known lemma with a Hebrew sense is reachable, but a precision rule blocks the analysis — RARE_UNREVIEWED שריינ// "שריון"	שריינ: שריון [jastrow] ;; שיר: השאיר [krupnik] | נשאר [krupnik] | שיר [jastrow] | שיר [jastrow] ;; שריתא: קורה [krupnik] ;; שרה: הרטיב, טבל במים [krupnik] | שכן, חנה [krupnik] | התיר [krupnik] | הורטב, נטבל במים [krupnik] | השכין [krupnik] | פרנס [krupnik] ;; שרא: שר [jastrow] ;; שרי: שרי [jastrow] 	שיר: J(שִׁיר I bh): to sing.; singer; Temple singer || J(שִׁיר II bh): chain, string;; verse, song, poetry, music.; Song of Songs || J(שֵׁיר bh): pl.; chain, necklace, bracelet, ring ;; שריתא: J(שָׁרִיתָא): binder,; joist, beam, post ;; שרה	not available (no open digital HeArukh/Meturgeman text)			—	yes
1512	long-tail	שתה	1	Daniel.5.1	Biblical Aramaic (Daniel, Ezra) (B)	שתה שתי שית שתא	MISSING_HEBREW_GLOSS	the dictionaries have the word, but no Hebrew sense (English only / Krupnik without Hebrew) — NO_HEBREW_SENSE שתה	שתה: ארג [krupnik] ;; שתי: שתה [krupnik] | ארג [krupnik] | נשתה [krupnik] | שתי [jastrow] | שתי [jastrow] ;; שית: יסוד, מסד [krupnik] | ששה [krupnik] | ששה [krupnik] | שש [jastrow] ;; שתא: שנה [krupnik] | שנה [jastrow]	שתי: J(שתי bh): to be settled, satisfied,; to drink; Part. pass || J(שְׁתֵי ch): imperative; to be drunk || J(שתי ²): to settle,; to lay the foundation of;; to fix the warp, start the loom || J(שְׁתֵי ² ch): to weave; Pe.; to start the loom	not available (no open digital HeArukh/Meturgeman text)			—	yes
1513	long-tail	תאמרונ	1	Jeremiah.10.11	Biblical Aramaic (Daniel, Ezra) (B)		TRUE_LEXICAL_GAP	no lexicon entry the form could belong to — NO_ANALYSIS	—	—	not available (no open digital HeArukh/Meturgeman text)			—	yes
1514	long-tail	תבירה	1	Daniel.2.42	Biblical Aramaic (Daniel, Ezra) (B)	תביר תבירא תבר	MORPHOLOGY	a known lemma with a Hebrew sense is reachable, but a precision rule blocks the analysis — NO_ANALYSIS	תביר: שבר [krupnik] | אסון [krupnik] ;; תבירא: שבר [krupnik] | אסון [krupnik] ;; תבר: נתפר ונרכס [krupnik] | שבר [krupnik] | נשבר [krupnik] | שבר [krupnik] | אסון [krupnik] | שובר [krupnik] | סתירה [krupnik] | שבר [jastrow] | שובר [jastrow] | שברים [jastrow]	תביר: J(תָּבֵיר): to break || J(תְּבִיר): break, fracture; breach, misfortune ;; תבירא: J(תְּבִירָא II): lame ;; תבר: J(תְּבַר): to break; Af.; Ithpe. || J(תְּבַר ²): break, fracture; breach, misfortune; contradiction; excommunication	not available (no open digital HeArukh/Meturgeman text)			—	yes
1515	long-tail	תדור	1	Daniel.4.18	Biblical Aramaic (Daniel, Ezra) (B)	דור	MORPHOLOGY	a known lemma with a Hebrew sense is reachable, but a precision rule blocks the analysis — NO_ANALYSIS	דור: הכניס [krupnik] | נזבל [krupnik] | גר, שכן [krupnik] | זר, מסגרת [krupnik] | עור ממולא [krupnik] | שורה [krupnik] | דור [jastrow]	דור: K: to manure | düngen || J(דּוּר I bh): to form a circle or enclosure; to reside, dwell; hadar || J(דּוּר ch): to dwell; to go around, to peddle; to deposit manure || J(דּוּר II): rim, wreath. || J(*דּוּר III): stuffed bag || J(דּוֹר b	not available (no open digital HeArukh/Meturgeman text)			—	yes
1516	long-tail	תהובד	1	Daniel.2.24	Biblical Aramaic (Daniel, Ezra) (B)		TRUE_LEXICAL_GAP	no lexicon entry the form could belong to — NO_ANALYSIS	—	—	not available (no open digital HeArukh/Meturgeman text)			—	yes
1517	long-tail	תהודעונ	1	Ezra.7.25	Biblical Aramaic (Daniel, Ezra) (B)		TRUE_LEXICAL_GAP	no lexicon entry the form could belong to — NO_ANALYSIS	—	—	not available (no open digital HeArukh/Meturgeman text)			—	yes
1518	long-tail	תהודעונני	1	Daniel.2.5	Biblical Aramaic (Daniel, Ezra) (B)		TRUE_LEXICAL_GAP	no lexicon entry the form could belong to — NO_ANALYSIS	—	—	not available (no open digital HeArukh/Meturgeman text)			—	yes
1519	long-tail	תהודענני	1	Daniel.2.9	Biblical Aramaic (Daniel, Ezra) (B)		TRUE_LEXICAL_GAP	no lexicon entry the form could belong to — NO_ANALYSIS	—	—	not available (no open digital HeArukh/Meturgeman text)			—	yes
1520	long-tail	תהחונ	1	Daniel.2.6	Biblical Aramaic (Daniel, Ezra) (B)		TRUE_LEXICAL_GAP	no lexicon entry the form could belong to — NO_ANALYSIS	—	—	not available (no open digital HeArukh/Meturgeman text)			—	yes
1521	long-tail	תהחונני	1	Daniel.2.9	Biblical Aramaic (Daniel, Ezra) (B)		TRUE_LEXICAL_GAP	no lexicon entry the form could belong to — NO_ANALYSIS	—	—	not available (no open digital HeArukh/Meturgeman text)			—	yes
1522	long-tail	תהנזק	1	Ezra.4.13	Biblical Aramaic (Daniel, Ezra) (B)		TRUE_LEXICAL_GAP	no lexicon entry the form could belong to — NO_ANALYSIS	—	—	not available (no open digital HeArukh/Meturgeman text)			—	yes
1523	long-tail	תהשכח	1	Ezra.7.16	Biblical Aramaic (Daniel, Ezra) (B)		TRUE_LEXICAL_GAP	no lexicon entry the form could belong to — NO_ANALYSIS	—	—	not available (no open digital HeArukh/Meturgeman text)			—	yes
1524	long-tail	תוה	1	Daniel.3.24	Biblical Aramaic (Daniel, Ezra) (B)	תוה תוי תוא תוהא אוי	MORPHOLOGY	a known lemma with a Hebrew sense is reachable, but a precision rule blocks the analysis — NO_ANALYSIS	תוא: אות, תיו [krupnik] | תא [krupnik] | תו [jastrow] ;; תוהא: תמהון ושממון [krupnik] | תוה [jastrow]	תוה: J(תְּוַהּ): to be perplexed; to fear, be anxious; Pa.; to shudder, be disgusted || J(תָּוֶה): anxiety. ;; תוי: J(תוי bh): Pi.; to mark. ;; תוא: J(תְּוָא I): compartment, cell || J(תְּוָא II): mark ;; תוהא: J(תִּוְהָא ch): anxiety, terr	not available (no open digital HeArukh/Meturgeman text)			—	yes
1525	long-tail	תטלל	1	Daniel.4.9	Biblical Aramaic (Daniel, Ezra) (B)	טלל	MORPHOLOGY	a known lemma with a Hebrew sense is reachable, but a precision rule blocks the analysis — NO_ANALYSIS	טלל: סיכך [krupnik] | היה מכוסה [krupnik] | שחק, השתעשע [krupnik] | טל [krupnik] | צל [krupnik] | תקרה [krupnik] | טלל [jastrow] | צל [jastrow]	טלל: J(טָלַל bh): to hang over; to form drops;; Part. pass || J(טְלַל I ch): to make a; to cover, screen; Af; || J(טְלַל II): to play, sport || J(טְלַל III): shade, shadow; cover of twigs, reeds; ceiling, cover, screen	not available (no open digital HeArukh/Meturgeman text)			—	yes
1526	long-tail	תיכול	1	Daniel.5.16	Biblical Aramaic (Daniel, Ezra) (B)	יכיל כול יכול כיל אכל	MORPHOLOGY	a known lemma with a Hebrew sense is reachable, but a precision rule blocks the analysis — NO_ANALYSIS	יכיל: יכול [jastrow] ;; כול: מדד [krupnik] | כול [jastrow] | כל [jastrow] | כל שכן [jastrow] ;; יכול: שמא תאמר [krupnik] | כאילו [krupnik] ;; כיל: מדד [krupnik] | קוה [krupnik] | נמדד [krupnik] ;; אכל: אכל [jastrow]	כול: J(כּוּל bh): to enclose; to measure. || J(כּוּל ² ch): kor; kab; kab || J(כּוֹל ch): all, every one; any; all of thee, of him; entire ;; יכול: J(יָכוֹל bh): capable, able to sustain, enduring;; to be capable, able; one can, may; it is 	not available (no open digital HeArukh/Meturgeman text)			—	yes
1527	long-tail	תכול	1	Daniel.5.16	Biblical Aramaic (Daniel, Ezra) (B)	תכל תכול כול כיל	SENSE_CHOICE	several Hebrew senses (or two lemmas) — a reviewer must choose — AMBIGUOUS_SENSE תכל: בטח והאמין | שכל את בניו	תכל: בטח והאמין [krupnik] | בטח והאמין [krupnik] | שכל את בניו [krupnik] | שכל את בניו [krupnik] | שיכל [krupnik] | הפילה האשה את עוברה [krupnik] | שכל [jastrow] | שכל [jastrow] ;; כול: מדד [krupnik] | כול [jastrow] | כל [jastrow] | כל שכן [jastrow] ;; כיל: מדד [krupnik] | קוה [krupnik] | נמדד [krup	תכל: J(תְּכַל): to be whole; to confide, be confident || J(תְּכֵל): to be bereft, childless; to finish, consume, bereave; Pa. || J(תַּכֵּל): bereft, childless || J(תְּכָל): bereavement; abortion ;; תכול: J(תְּכוֹל): to be bereft ;; כול: J(כ	not available (no open digital HeArukh/Meturgeman text)			—	yes
1528	long-tail	תלבש	1	Daniel.5.16	Biblical Aramaic (Daniel, Ezra) (B)	לבש	MORPHOLOGY	a known lemma with a Hebrew sense is reachable, but a precision rule blocks the analysis — NO_ANALYSIS	לבש: לבש [jastrow]	לבש: J(לָבַשׁ bh): to join closely; garment; to be dressed || J(לְבֵשׁ ch): to clothe; to take hold of, seize	not available (no open digital HeArukh/Meturgeman text)			—	yes
1529	long-tail	תליתאה	1	Daniel.2.39	Biblical Aramaic (Daniel, Ezra) (B)	תליתאה	MISSING_HEBREW_GLOSS	the dictionaries have the word, but no Hebrew sense (English only / Krupnik without Hebrew) — NO_ANALYSIS	—	תליתאה: J(תְּלִיתָאָה): third; Fem.; threefold	not available (no open digital HeArukh/Meturgeman text)			—	yes
1530	long-tail	תליתיא	1	Daniel.2.39	Biblical Aramaic (Daniel, Ezra) (B)		TRUE_LEXICAL_GAP	no lexicon entry the form could belong to — NO_ANALYSIS	—	—	not available (no open digital HeArukh/Meturgeman text)			—	yes
1531	long-tail	תלת	1	Daniel.7.20	Biblical Aramaic (Daniel, Ezra) (B)	תלת תלי תלא תלתא	MORPHOLOGY	a known lemma with a Hebrew sense is reachable, but a precision rule blocks the analysis — RARE_UNREVIEWED תלת// "שלש"	תלת: חילק לשלשה חלקים [krupnik] | עשה בפעם השלישית [krupnik] | נעשה בפעם השלישית [krupnik] | שלש [jastrow] ;; תלי: תלי [jastrow] ;; תלא: עיכס ברגליו [krupnik] ;; תלתא: שליש [krupnik]	תלת: J(תַּלֵּת): to divide into three parts; to do a third time; Part. pass || J(תְּלַת): three; on the third; thirteen ;; תלי: J(תלי bh): to swing, raise; to suspend, hang; to hang on; to attach, assign; to hold in suspense, lea || J(תְּלֵ	not available (no open digital HeArukh/Meturgeman text)			—	yes
1532	long-tail	תלתהונ	1	Daniel.3.23	Biblical Aramaic (Daniel, Ezra) (B)	תלתא	MORPHOLOGY	a known lemma with a Hebrew sense is reachable, but a precision rule blocks the analysis — NO_ANALYSIS	תלתא: שליש [krupnik]	תלתא: J(תִּלְתָּא): a third part; having reached one-third of the full growth; a third-grown calf	not available (no open digital HeArukh/Meturgeman text)			—	yes
1533	long-tail	תנד	1	Daniel.4.11	Biblical Aramaic (Daniel, Ezra) (B)		TRUE_LEXICAL_GAP	no lexicon entry the form could belong to — NO_ANALYSIS	—	—	not available (no open digital HeArukh/Meturgeman text)			—	yes
1534	long-tail	תנינה	1	Daniel.7.5	Biblical Aramaic (Daniel, Ezra) (B)	תננ תנינ תנינא	MORPHOLOGY	a known lemma with a Hebrew sense is reachable, but a precision rule blocks the analysis — NO_ANALYSIS	תננ: אַתְנַן עשן [krupnik] | שנינו במשנה [krupnik] | עשן [krupnik] ;; תנינא: תנין [jastrow]	תננ: K: i>stench | übler Geruch || J(תְּנַן): to smoke; Part; adj. || J(תְּנָן): smoke; vapor, reeking, stench ;; תנינ: J(תָּנֵין): smoking || J(תַּנִּין bh): sea-monster, crocodile; large snake	not available (no open digital HeArukh/Meturgeman text)			—	yes
1535	long-tail	תנינות	1	Daniel.2.7	Biblical Aramaic (Daniel, Ezra) (B)		TRUE_LEXICAL_GAP	no lexicon entry the form could belong to — NO_ANALYSIS	—	—	not available (no open digital HeArukh/Meturgeman text)			—	yes
1536	long-tail	תנתנ	1	Ezra.7.20	Biblical Aramaic (Daniel, Ezra) (B)	תנתא	MISSING_HEBREW_GLOSS	the dictionaries have the word, but no Hebrew sense (English only / Krupnik without Hebrew) — NO_ANALYSIS	—	—	not available (no open digital HeArukh/Meturgeman text)			—	yes
1537	long-tail	תסגדונ	1	Daniel.3.15	Biblical Aramaic (Daniel, Ezra) (B)	סגד	MISSING_HEBREW_GLOSS	the dictionaries have the word, but no Hebrew sense (English only / Krupnik without Hebrew) — NO_ANALYSIS	—	סגד: J(סְגַד bh): to bend, bow; to worship	not available (no open digital HeArukh/Meturgeman text)			—	yes
1538	long-tail	תקבלונ	1	Daniel.2.6	Biblical Aramaic (Daniel, Ezra) (B)	קבל	MORPHOLOGY	a known lemma with a Hebrew sense is reachable, but a precision rule blocks the analysis — NO_ANALYSIS	קבל: צווח, טען [krupnik] | יצא לקראת, ביקר [krupnik] | קיבל [krupnik] | חשיכה [krupnik] | קבל [jastrow] | קבל [jastrow]	קבל: K: to be received, to be accepted | aufgenommen werden || J(קָבַל I bh): to seize; to join, meet, correspond; to receive, accept; to take an obligation upon one’s  || J(קְבַל ch): to visit; to listen, obey; to receive, take, accept || 	not available (no open digital HeArukh/Meturgeman text)			—	yes
1539	long-tail	תקילתה	1	Daniel.5.27	Biblical Aramaic (Daniel, Ezra) (B)		TRUE_LEXICAL_GAP	no lexicon entry the form could belong to — NO_ANALYSIS	—	—	not available (no open digital HeArukh/Meturgeman text)			—	yes
1540	long-tail	תקימ	1	Daniel.6.9	Biblical Aramaic (Daniel, Ezra) (B)	קומ	MORPHOLOGY	a known lemma with a Hebrew sense is reachable, but a precision rule blocks the analysis — NO_ANALYSIS	קומ: עמד, היה קיים [krupnik] | מי חלב [krupnik] | קום [jastrow] | העמיד [reviewed]	קומ: J(קוּם bh): to stand up, rise; to stand, exist; a transgression of a prohibitive law which you must re || J(קוּם ² ch): ḥălitsah; to ascertain; to bargain for || J(קוֹם): curdled milk, curd; whey; ḳom?	not available (no open digital HeArukh/Meturgeman text)			—	yes
1541	long-tail	תקנא	1	Ezra.7.17	Biblical Aramaic (Daniel, Ezra) (B)	תקנתא קנא קני תקנ	MORPHOLOGY	a known lemma with a Hebrew sense is reachable, but a precision rule blocks the analysis — RARE_UNREVIEWED תקנתא/n.sg/ "תקנה"	תקנתא: סגולה, תרופה [krupnik] | כלל, חק, קביעות [krupnik] | תקנה [jastrow] ;; קני: קני [jastrow] | קנה [jastrow] ;; תקנ: תקן [jastrow]	תקנתא: J(תַּקַּנְתָּא ch): remedy; measure, ordinance, reform ;; קנא: J(קָנָא): Pi. || J(קְנָא): Pa. || J(קְנֵא): to buy ;; קני: J(קני): ḳana; to be hot; to be jealous; to envy || J(קְנֵי ch): to be zealous for; to be jealous; to suspect of	not available (no open digital HeArukh/Meturgeman text)			—	yes
1542	long-tail	תקפת	1	Daniel.5.20	Biblical Aramaic (Daniel, Ezra) (B)	תקפ	MORPHOLOGY	a known lemma with a Hebrew sense is reachable, but a precision rule blocks the analysis — NO_ANALYSIS	תקפ: היה חזק [krupnik] | התגבר [krupnik] | החמיץ [krupnik] | התגבר [krupnik] | חיזק [krupnik] | החזיק, אחז [krupnik] | חיזק [krupnik] | הקשה קושיא [krupnik] | תקף [jastrow]	תקפ: J(תָּקַף bh): to seize, overpower; to rest heavily upon, be hard || J(תְּקַף ch): to seize, hold firmly; Ittof.; to be strong, become powerful	not available (no open digital HeArukh/Meturgeman text)			—	yes
1543	long-tail	תרעיא	1	Ezra.7.24	Biblical Aramaic (Daniel, Ezra) (B)	תרע תרעא תרעיתא	MORPHOLOGY	a known lemma with a Hebrew sense is reachable, but a precision rule blocks the analysis — RARE_UNREVIEWED תרע/n.pl/ "שער"	תרע: תקע בשופר בעת צרה [krupnik] | פרץ ושיבר [krupnik] | שער [krupnik] | מקח, מחיר [krupnik] | שער [jastrow] ;; תרעא: שער [krupnik] | מקח, מחיר [krupnik] ;; תרעיתא: תחבולה ומזמה [krupnik]	תרע: K: to be shattered | zerschmettert werden || J(תָּרַע): Hif.; to sound alarm; to blow the Shofar at public services || J(תְּרַע I): Tafel; to break, shatter, make a breach; Part. pass || J(תְּרַע): opening; door, gate; market, market p	not available (no open digital HeArukh/Meturgeman text)			—	yes
1544	long-tail	תשתבק	1	Daniel.2.44	Biblical Aramaic (Daniel, Ezra) (B)	שבק	MORPHOLOGY	a known lemma with a Hebrew sense is reachable, but a precision rule blocks the analysis — NO_ANALYSIS	שבק: עזב, הניח [krupnik] | מחל וסלח [krupnik] | גירש את אשתו [krupnik] | נעזב, הונח לבדו [krupnik] | נסלח [krupnik] | התגרש [krupnik] | עזב [he]	שבק: J(שְׁבַק): to leave, let go; to forsake, abandon; to leave behind; to bequeath; to remit, pardon, for	not available (no open digital HeArukh/Meturgeman text)			—	yes
1545	long-tail	תתיהב	1	Ezra.6.4	Biblical Aramaic (Daniel, Ezra) (B)	יהב	MISSING_HEBREW_GLOSS	the dictionaries have the word, but no Hebrew sense (English only / Krupnik without Hebrew) — NO_ANALYSIS	—	יהב: J(יְהַב): to give; to deal; to put, place	not available (no open digital HeArukh/Meturgeman text)			—	yes
1546	long-tail	תתעבדונ	1	Daniel.2.5	Biblical Aramaic (Daniel, Ezra) (B)	עבד	MORPHOLOGY	a known lemma with a Hebrew sense is reachable, but a precision rule blocks the analysis — NO_ANALYSIS	עבד: תיקן והכשיר [krupnik] | עבד [jastrow] | עבד [jastrow] | עשה [reviewed]	עבד: K: to tan | gerben || J(עָבַד bh): to work; to serve, work for.; to do priestly service || J(עֲבַד I ch): to do, labor; to make; to act; to do, fare, prosper; to spend time || J(עֶבֶד bh): slave; servant || J(עֲבַד ch): worshipper	not available (no open digital HeArukh/Meturgeman text)			—	yes
1547	long-tail	תתרמונ	1	Daniel.3.15	Biblical Aramaic (Daniel, Ezra) (B)	רמי תרמ	MORPHOLOGY	a known lemma with a Hebrew sense is reachable, but a precision rule blocks the analysis — NO_ANALYSIS	רמי: זרק, השליך [krupnik] | שם, הוסיף [krupnik] | היה מוטל בתורת חובה [krupnik] | שאל, הראה סתירה [krupnik] | הרים [krupnik] | הטף [krupnik] | הושלך, נזרק [krupnik] | הזדמן [krupnik] | רמי [jastrow] ;; תרמ: ביער [krupnik] | הרים תרומה [krupnik] | תרם [jastrow]	רמי: J(רַמִּי): Rammi; Rami || J(רמי bh): to move; to throw, swing; ramah || J(רְמֵי ch): to throw, swing; to put on; to impose; Part. pass; thrown down, lying ;; תרמ: J(תָּרַם): to lift; to remove; ashes || J(תְּרַם ch): to lift, remove	not available (no open digital HeArukh/Meturgeman text)			—	yes
