rank	form	count	gloss	analysis	lexicon
1	אמר	17555	אמר	אמר/-/-/exact/the sense cited from yerushalmi	{אמר} v הלעיט[k:def:af:bavli] ; אמר[j:same:pe:targum+bavli+yerushalmi] ; טלה, כבש[h:wikt] || J(אָמַר I bh): to join, knot; to be knotted, thick;; to heap up;; to join words, compose || J(אֲמַר ch): they say, it is said; Inf; does this mean to say? || J(אָמַר II bh): to be thick, strong; to thrive; to boast, vaunt, be oppressive; to fatten || J(אִמַּר): lamb
2	בר	4282	בן	בר/-/-/exact/reviewed choice	{בר} n בקי[k:def:tosefta] ; בר[j:same:targum+bavli+yerushalmi+midrash] ; שדה[j:eq:targum+bavli+yerushalmi+midrash] ; חוץ[j:eq:targum+bavli+yerushalmi+midrash] ; בן[r:reviewed] || J(בַּר I bh): empty, open; uncultivated ground, forest, prairie;; buffalo || J(בַּר ch): forest, prairie; living in the forest; wild || J(בַּר II ch): son, offspring; grandson; a scholar || J(בַּר III bh): clear, bright, clean, pure; bar || J(בַּר IV bh): sifted; grain
3	ליה	4098	לו	pron:ליה/fixed/-/pronominal/pronominal preposition table	
4	תני	2536	שנה	תני/-/-/exact/reviewed choice	{תני} v חזר ועשה[k:def:pe:targum] ; לימד[k:def:pe:targum] ; קיבל ומסר הלכה[k:def:pe:bavli] ; שינה[k:def] ; דיבר, סיפר[k:def:targum] ; לימד[k:def:af] ; נכפל[k:def:itpe:targum] ; הוגד[k:def:itpe:targum] ; הוחד[k:def:itpe:targum] ; תני[j:same:pe:targum+bavli+mishnah+yerushalmi] ; שנה[r:reviewed:pe] || J(תני bh): to repeat; to tell; to stipulate, agree, make a condition || J(תְּנֵי ch): to repeat, do a second time; Pa.; to tell, relate; to teach || J(תְּנֵי II): to be pointed, sharp; to sharpen, to speak sharp words; to be sharpened
5	הדא	2093	זה, זאת	הדא/-/-/exact/single sense	{הדא} other זה, זאת[k:def] || 
6	תמנ	1660	שם	תמנ/-/-/reviewed/reviewed form: Jastrow תַּמָּן "there" (= h. שָׁם)	{תמנ} ?  || K: there | dort || J(תַּמָּן): there
7	דאמר	1444	שאמר	אמר/-/d/exact/the sense cited from yerushalmi	{אמר} v הלעיט[k:def:af:bavli] ; אמר[j:same:pe:targum+bavli+yerushalmi] ; טלה, כבש[h:wikt] || J(אָמַר I bh): to join, knot; to be knotted, thick;; to heap up;; to join words, compose || J(אֲמַר ch): they say, it is said; Inf; does this mean to say? || J(אָמַר II bh): to be thick, strong; to thrive; to boast, vaunt, be oppressive; to fatten || J(אִמַּר): lamb
8	אילו	1315	אלה	אילו/-/-/reviewed/reviewed form: Jastrow אִילּוּ (Galilean) "these"	{אילו} other לו, אם[k:def:bavli] || J(אִילּוּ): but if; considering; whereas
9	מהו	1306	מה הוא	מהו/-/-/reviewed/reviewed form: Krupnik מַהוּ, second headword מַה הוּא	{מהו} ?  || J(מָהוּ ch): what is it? how is it?; bor’kay
10	מתניתא	1196	משנה	מתניתא/-/-/exact/the sense cited from yerushalmi	{מתניתא} n משנה[j:eq:targum+bavli+yerushalmi] || J(מַתְנִיתָא ch): Mishnah; collection of Mishnahs not embodied in the Mishnah of R. Judah; our Mishnah
11	אמרה	1189	אמרה	אמרה/-/-/reviewed/reviewed form: אֲמַר (Jastrow ch. same) perfect 3rd fem.; Yerushalmi "הדא אמרה" = this says	{אמרה} n שפת הבגד[k:def] || J(אִמְרָה bh): speech; Amraphel; promises
12	כאנ	1170	פה, במקום זה	כאנ/-/-/exact/single sense	{כאנ} adv פה, במקום זה[k:def:bavli] || J(כַּאַן): here; now
13	קומי	1136	לפני	קומי/-/-/reviewed/reviewed form: Jastrow קוֹמֵי "before" (Galilean = קַמֵּי)	{קומי} n שיער[k:def:bavli] ; קומה[k:def:midrash] || K: before, in the presence of | in Gegenwart von || J(קוֹמֵי): before, in the presence of, prior to || J(קוֹמִי I): hair; the gentile fashion of cutting and wearing the hair; to trim the front of the hair
14	אמרינ	1066	אומרים	אמר/pe.ptcp.mp/-/irregular/the sense cited from yerushalmi	{אמר} v הלעיט[k:def:af:bavli] ; אמר[j:same:pe:targum+bavli+yerushalmi] ; טלה, כבש[h:wikt] || J(אָמַר I bh): to join, knot; to be knotted, thick;; to heap up;; to join words, compose || J(אֲמַר ch): they say, it is said; Inf; does this mean to say? || J(אָמַר II bh): to be thick, strong; to thrive; to boast, vaunt, be oppressive; to fatten || J(אִמַּר): lamb
15	מאנ	1059	מי	מאנ/-/-/reviewed/reviewed form: Krupnik מַאן "מי"	{מאנ} n מי[k:def:bavli] ; קנקן[j:eq:targum+bavli+yerushalmi] || J(מָאַן): Pi.; to deny, refuse; to protest against, to annul one’s marriage || J(מַאן): who?, what?, which?;; who, which || J(מָאן): thing; vessel, utensil; garment, dress
16	הא	958	זה · הלא	הא/-/-/exact/reviewed choice	{הא} n זה[k:def-en] ; כאן[k:def:bavli] ; הלא[k:def:bavli] || K: this means to say) but.. | aber, dagegen || K: oh! (interjection) | o! || J(הָא I): this; both; of this || J(הָא II): Oh!; korban; ha-korban || J(הִא III): a worm
17	בעי	922	צריך	בעי/-/-/reviewed/reviewed form: Krupnik בְּעֵי 3) "היה צריך" (Bavli), the participle	{בעי} v שאל[k:def:pe:bavli] ; התפלל, בקש רחמים[k:def:bavli] ; היה צריך[k:def:pe:bavli] ; נתבקש[k:def:targum] ; נבהל ללכת[k:def:tanakh] ; נשאל[k:def:itpe] ; צריך להיות[k:def:itpe:bavli] ; פיהק[k:def:pe] ; בעי[j:same:pe:targum+bavli+yerushalmi] || K: not only … but | nicht nur … sondern auch || J(בעי bh): to enter into, split;; to be empty, bare; to lay bare, destroy the crop || J(בְּעֵי I ch): to search, inquire, ask, examine; uba hash-shemesh; to ask, pray || J(בְּעֵי II): to open wide; to yawn
18	אית	881	יש	אית/-/-/reviewed/reviewed form: Krupnik אִית "יש"	{אית} particle יש[k:def:bavli] ; עודי[j:eq:targum+yerushalmi+midrash+bavli] || J(אִית): being, existence; there is, are; est qui; I have, I hold
19	הוה	869	היה	הוה/-/-/exact/reviewed choice	{הוה} v היה[r:reviewed:pe] || J(הַוָּה bh): change; misfortune || J(*הֵוָה): Ḥevah || J(הֲוָהּ): ah!
20	חד	828	אחד	חד/-/-/exact/the sense cited from yerushalmi	{חד} particle אחד[k:def:bavli] ; אחד[j:eq:targum+yerushalmi+bavli] || J(חַד I bh): pointed, sharp; swift; Pl. || J(חַד II): one, singular, particular; like one; together, simultaneously
21	הכא	807	כאן	הכא/-/-/exact/single sense	{הכא} adv כאן[k:def] || J(הָכָא): here, hither; in this case, now
22	דמר	803	שאמר	דמר/-/-/reviewed/reviewed form: Galilean דְּמַר = ד + אֲמַר (the aleph dropped)	{דמר} ?  || J(*דְּמַר): Ithpa.; to be stupefied, astonished
23	תניננ	780	שנינו	תניננ/-/-/reviewed/reviewed form: תְּנֵי (reviewed: שנה) + ־ינן	
24	מימר	756	לומר	מימר/-/-/reviewed/reviewed form: אֲמַר infinitive (Jastrow: Inf. מֵימַר) — "סבר מימר"	{מימר} n מאמר[j:eq:targum] || J(מֵימַר ch): word, command; the Lord
25	לונ	728	להם	לונ/-/-/reviewed/reviewed form: Jastrow לוֹן (Zoharic/Targumic) = לְהוֹן "to them"	{לונ} v  || J(לוּן bh): to stay over night, to take; night; lodging; to be kept over night || J(לוּן II bh): to join; to rise against, murmur, rebel || J(לוֹן): unto them
26	דעתיה	636		NO_HEBREW_SENSE דעת	{דעת} n  || J(דַּעַת bh): knowledge, mind; temperament, physical disposition, constitution; to occur to one’s mind, 
27	כתיב	634	כתוב	כתיב/-/-/reviewed/reviewed form: Jastrow כְּתִיב "written, it is written" (כְּתַב, passive participle)	{כתיב} n  || K: the traditional spelling of some Biblical words, opp. to the Massoretic instruction for reading | die Schreibung mancher biblischer Worte, im Gegensatz zur massoretischen Lesung || J(כְּתִיב): written; it is written; K’thib; halakhah
28	מיכנ	622	מכאן	מיכנ/-/-/exact/the sense cited from targum	{מיכנ} adv מכאן[k:def:targum] || 
29	דכתיב	612	שכתוב	דכתיב/-/-/reviewed/reviewed form: ד + כְּתִיב (Jastrow: it is written)	
30	תלמוד	608	לימוד	תלמוד/-/-/exact/single sense	{תלמוד} n לימוד[k:def:mishnah] || J(תַּלְמוּד): teaching, lesson; learning, study; Talmud; verbal communication, oral study
31	דלא	607	שלא	דלא/-/-/reviewed/reviewed form: ד + לָא (Jastrow דְּלָא² "that not"); Krupnik's דְּלָא "lifted" is another, rare word	{דלא} v הרים[k:def:pe:bavli] ; נזל[k:def:pe:targum] || J(דְּלָא ²): that not, which not || J(דְּלָא ³): to draw
32	דתני	585	ששנה	תני/-/d/exact/reviewed choice	{תני} v חזר ועשה[k:def:pe:targum] ; לימד[k:def:pe:targum] ; קיבל ומסר הלכה[k:def:pe:bavli] ; שינה[k:def] ; דיבר, סיפר[k:def:targum] ; לימד[k:def:af] ; נכפל[k:def:itpe:targum] ; הוגד[k:def:itpe:targum] ; הוחד[k:def:itpe:targum] ; תני[j:same:pe:targum+bavli+mishnah+yerushalmi] ; שנה[r:reviewed:pe] || J(תני bh): to repeat; to tell; to stipulate, agree, make a condition || J(תְּנֵי ch): to repeat, do a second time; Pa.; to tell, relate; to teach || J(תְּנֵי II): to be pointed, sharp; to sharpen, to speak sharp words; to be sharpened
33	לית	585	אין	לית/-/-/exact/the sense cited from targum	{לית} particle אין[k:def:targum] ; אין[h:wikt] || J(לַיִת): there is; was; not, none
34	דתניננ	565	ששנינו	דתניננ/-/-/reviewed/reviewed form: ד + תְּנֵינַן (reviewed תני: שנה)	
35	תניי	550	תנאים	תניי/-/-/reviewed/reviewed form: plural of תַּנָּא	
36	והא	512	וזה · והלא	הא/-/w/exact/reviewed choice	{הא} n זה[k:def-en] ; כאן[k:def:bavli] ; הלא[k:def:bavli] || K: this means to say) but.. | aber, dagegen || K: oh! (interjection) | o! || J(הָא I): this; both; of this || J(הָא II): Oh!; korban; ha-korban || J(הִא III): a worm
37	אתא	501	בא	אתא/-/-/exact/reviewed choice	{אתא} v סימן[k:def:targum] ; בא[k:def:pe:bavli] ; הביא[r:reviewed:af] || J(אָתָא I): letter, sign || J(אֲתָא ch): to join; to come, to arrive; to occur to; surely, indeed || J(*אָתָא III): Great Bear, Ursa Major
38	קיימינ	487	עומדים	קיימינ/-/-/reviewed/reviewed form: קוּם, participle pl.	
39	תימר	478	תאמר	אמר/pe.impf.2ms/-/irregular/the sense cited from yerushalmi	{אמר} v הלעיט[k:def:af:bavli] ; אמר[j:same:pe:targum+bavli+yerushalmi] ; טלה, כבש[h:wikt] || J(אָמַר I bh): to join, knot; to be knotted, thick;; to heap up;; to join words, compose || J(אֲמַר ch): they say, it is said; Inf; does this mean to say? || J(אָמַר II bh): to be thick, strong; to thrive; to boast, vaunt, be oppressive; to fatten || J(אִמַּר): lamb
40	טעמא	476	טעם	טעמא/-/-/reviewed/reviewed form: Krupnik טַעֲמָא 2) "טעם" (Galilean: the reason / taste)	{טעמא} n סבה[k:def:bavli] ; טעם[k:def] || J(טָעֲמָא): pleader.; pleaders
41	ברמ	468	אבל	ברמ/-/-/reviewed/reviewed form: Jastrow בְּרַם "but"	{ברמ} particle  || J(בְּרַם ch): to split; besides; however.
42	מניינ	445	מנין	מניינ/-/-/reviewed/reviewed form: Krupnik מְנַיִן "מאין, מהיכן"	
43	שאל	430	שאל	שאל/-/-/reviewed/reviewed form: Jastrow שְׁאַל ch. = h. שָׁאַל	{שאל} v ניתן בתורת שאילה[k:def:itpe:bavli] ; חקר ודרש[k:def:af:bavli] ; דרש, בקש[k:def:pe:targum] ; חקר דבר מפי אחרים[k:def:pe:yerushalmi] ; שאל[j:same:pe:targum+bavli+yerushalmi+midrash] || K: to borrow | entleihen || J(שָׁאַל bh): to ask, beg; to inquire, question; Nif.; to salute || J(שְׁאַל ch): to ask, inquire, beg.; to borrow; to ask, borrow
44	אננ	424	אנו	אננ/-/-/reviewed/reviewed form: Jastrow אֲנַן ch. "we" (= h. אֲנַחְנוּ)	{אננ} v אנחנו[k:def:bavli] ; אנין[j:eq:targum+bavli] || J(אָנַן bh): to press, oppress, wrong; one who feels grieved, mourner; Onan || J(אֲנַן ch): to be grieved, to mourn
45	תיפתר	423	תתפרש	תיפתר/-/-/reviewed/reviewed form: Jastrow פְּתַר Ithpe. "to be explained", imperfect	
46	כהדא	416	כזה, זאת	הדא/-/k/exact/single sense	{הדא} other זה, זאת[k:def] || 
47	כדונ	414	עכשיו	כדונ/-/-/exact/the sense cited from midrash	{כדונ} adv עכשיו[k:def:midrash] || J(כְּדוּן): now, at that time
48	בעא	410	שאל	בעא/-/-/reviewed/reviewed form: Krupnik בְּעֵי 1) "שאל" (בעא מיניה = asked of him), the perfect	
49	פליגא	389	חולקת	פליגא/-/-/reviewed/reviewed form: Krupnik פְּלַג "היה מחולק בדעות", participle feminine	
50	שיני	385		AMBIGUOUS_SENSE שני: חזר, כפל | היה משונה, שונה | שינה והחליף | השיב	{שני} v חזר, כפל[k:def:bavli] ; היה משונה, שונה[k:def:bavli] ; שינה והחליף[k:def:bavli] ; השיב[k:def:bavli] ; שינה והחליף[k:def:af:targum] ; נשתנה ונתחלף[k:def:itpe:bavli] ; שני[j:same:pe:targum+bavli+midrash+mishnah+tanakh] || J(שָׁנִי bh): scarlet; kasshanim?; kasshani || J(שני bh): to repeat, do a second time; to study the Mishnah; to study; to teach || J(שְׁנֵי ch): to repeat; to change; to be different; Part || J(שְׁנֵי ²): two || J(שְׂנֵי): to hate || J(שֵׁנִי bh): second; the second degree of levitical uncleanness, 
51	והכא	363	וכאן	הכא/-/w/exact/single sense	{הכא} adv כאן[k:def] || J(הָכָא): here, hither; in this case, now
52	אנא	335	אני	pron:אנא/fixed/-/pronominal/pronominal preposition table	{אנא} other אנכי[k:def] ; אני[j:eq:targum+bavli+yerushalmi] || J(אָנָּא bh): oh! I pray || J(אִנָּא): if I
53	דתימר	335	שתאמר	אמר/pe.impf.2ms/d/irregular/the sense cited from yerushalmi	{אמר} v הלעיט[k:def:af:bavli] ; אמר[j:same:pe:targum+bavli+yerushalmi] ; טלה, כבש[h:wikt] || J(אָמַר I bh): to join, knot; to be knotted, thick;; to heap up;; to join words, compose || J(אֲמַר ch): they say, it is said; Inf; does this mean to say? || J(אָמַר II bh): to be thick, strong; to thrive; to boast, vaunt, be oppressive; to fatten || J(אִמַּר): lamb
54	דבית	330	של בית	דבית/-/-/reviewed/reviewed form: ד + בֵּית (Jastrow ch. = h. בַּיִת)	
55	ותני	325	ושנה	תני/-/w/exact/reviewed choice	{תני} v חזר ועשה[k:def:pe:targum] ; לימד[k:def:pe:targum] ; קיבל ומסר הלכה[k:def:pe:bavli] ; שינה[k:def] ; דיבר, סיפר[k:def:targum] ; לימד[k:def:af] ; נכפל[k:def:itpe:targum] ; הוגד[k:def:itpe:targum] ; הוחד[k:def:itpe:targum] ; תני[j:same:pe:targum+bavli+mishnah+yerushalmi] ; שנה[r:reviewed:pe] || J(תני bh): to repeat; to tell; to stipulate, agree, make a condition || J(תְּנֵי ch): to repeat, do a second time; Pa.; to tell, relate; to teach || J(תְּנֵי II): to be pointed, sharp; to sharpen, to speak sharp words; to be sharpened
56	דו	309	שהוא	דו/-/-/reviewed/reviewed form: ד + הוּא (Galilean דּוּ)	{דו} particle שהוא[k:def] ; זה[k:def] || K: who, which, the same | welcher || K: two | zwei || J(דּוּ I): who, which is, since he, it || J(דּוּ II): this, that || J(דּוּ III): two, double
57	עובדא	297	מעשה, מאורע	עובדא/-/-/exact/the sense cited from yerushalmi	{עובדא} n מעשה, מאורע[k:def:bavli+yerushalmi] ; מעשה, מאורע[k:def:bavli+yerushalmi] || J(עוֹבָדָא): deed, work; occurrence, event, fact, case, precedent; billʿa
58	אילינ	294	אלה	אילינ/-/-/reviewed/reviewed form: Jastrow אִילֵּין "these"	{אילינ} other אותם ש־[k:def:yerushalmi] || J(אִילֵּין): these, those
59	כמאנ	294	כמי	כמאנ/-/-/reviewed/reviewed form: כ + מַאן	
60	נישמעינה	292	נשמע אותה	נישמעינה/-/-/reviewed/reviewed form: שְׁמַע imperfect 1st pl. + ־ינה "it"	
61	פתר	290	פירש	פתר/-/-/reviewed/reviewed form: Jastrow פְּתַר "to interpret, explain"	{פתר} n פשר ופתרון[k:def:bavli+yerushalmi] ; פתר[j:same:pe:targum+bavli+yerushalmi+tanakh] || J(פָּתַר bh): to divide, spread; to solve; to interpret; to be interpreted, solved || J(פְּתַר I ch): to mollify, steep || J(פְּתַר II): solution, interpretation
62	שנייא	287	שונה	שנייא/-/-/reviewed/reviewed form: Krupnik שְׁנָא "שנה (differ)"	
63	ואילו	282	ואלה	ואילו/-/-/reviewed/reviewed form: ו + אִילּוּ "these"	{ואילו} other בעוד ש־[k:def:bavli] || 
64	רבנינ	277	חכמים	רבנינ/-/-/reviewed/reviewed form: Galilean רַבָּנִין (Krupnik רבנן: the sages)	
65	רבננ	272	חכמים	רבננ/-/-/reviewed/reviewed form: Krupnik רַבָּנָן: "שם כללי לחכמי המשנה והתלמוד" (the general name of the sages)	
66	ניחא	270	נוח	ניחא/-/-/reviewed/reviewed form: Jastrow נִיחָא "rest; pleasing, agreeable" — "ניחא ליה" = it suits him	{ניחא} adj רך[k:def:bavli] || K: satisfactory | befriedigend || K: comfort | Beqeumlichkeit || K: right, well | recht, richtig || K: good, better | gut, besser || K: name of an Amora | Name eines Amoräers || J(נִיחָא I): soft; gentle; Fem || J(נִיחָא II): ease; satisfaction; one likes, prefers
67	וכי	262		NO ANALYSIS	
68	כיני	259	כן	כיני/-/-/reviewed/reviewed form: Jastrow כֵּינֵי "so"	
69	הכינ	256	כך	הכינ/-/-/reviewed/reviewed form: Jastrow הָכֵין "so, thus"	{הכינ} other  || K: so | so
70	וכא	256	וכאן	וכא/-/-/reviewed/reviewed form: ו + כָּא "here"	
71	אמרי	252	אומרים	אמר/pe.ptcp.mp/-/irregular/the sense cited from yerushalmi	{אמרי} ?  ||   ##  {אמר} v הלעיט[k:def:af:bavli] ; אמר[j:same:pe:targum+bavli+yerushalmi] ; טלה, כבש[h:wikt] || J(אָמַר I bh): to join, knot; to be knotted, thick;; to heap up;; to join words, compose || J(אֲמַר ch): they say, it is said; Inf; does this mean to say? || J(אָמַר II bh): to be thick, strong; to thrive; to boast, vaunt, be oppressive; to fatten || J(אִמַּר): lamb
72	בגינ	248	בגלל · לפי, משום	בגינ/-/-/exact/two senses	{בגינ} other בגלל[k:def] ; לפי, משום[k:def] || 
73	פליגינ	246	חולקים	פליגינ/-/-/reviewed/reviewed form: Krupnik פְּלַג "היה מחולק בדעות", participle pl.	
74	סבר	243	חשב	סבר/-/-/exact/reviewed choice	{סבר} v חשב[k:def] ; בירר, ביאר[k:def:af] ; התיחס בחבה[k:def] ; הבטיח[k:def:af:targum] ; ביאר ופירש[k:def:af:bavli] ; קוה[k:def:itpe:targum] ; היה מובן[k:def:itpe:bavli] ; הזדיין והצטייד[k:def:itpe:targum] ; תקוה[k:def] ; הסבר, פירוש[k:def] ; מחשבה, דעה[k:def:yerushalmi] ; סבר[j:same:pe:targum+bavli+midrash] ; סבר[j:same:targum+midrash+tanakh+yerushalmi] || K: to trust | vertrauen || J(סָבַר bh): Pi.; to be bright; to look for, be hopeful; to think, imagine. Part. pass || J(סְבַר ch): to show a bright face, be pleasant; to favor; Poël; Part. pass || J(סְבַר II): Poël; to encompass; to carry; to bear, endure; to sustain || J(סְבַר III): Poël; Saf; sabar
75	אינונ	242	הם	pron:אינונ/fixed/-/pronominal/pronominal preposition table	{אינונ} ?  || 
76	בריה	241	בנו	בריה/-/-/reviewed/reviewed form: בַּר "son" (Jastrow בַּר II: son) + ־יה "his"	{בריה} n דבר הנברא[k:def:bavli] ; בני האדם[k:def:midrash] || J(בִּרְיָה): creature; human being;; man; people, mankind
77	ננ	231	אנו	ננ/-/-/reviewed/reviewed form: Jastrow נַן (Galilean) "we"	{ננ} other אנחנו[k:def:yerushalmi] || 
78	ואית	221	ויש	ואית/-/-/reviewed/reviewed form: ו + אִית	
79	הוונ	220	היו	הוה/pe.perf.3mp/-/irregular/reviewed choice	{הוה} v היה[r:reviewed:pe] || J(הַוָּה bh): change; misfortune || J(*הֵוָה): Ḥevah || J(הֲוָהּ): ah!
80	וכאנ	218	ופה, במקום זה	כאנ/-/w/exact/single sense	{כאנ} adv פה, במקום זה[k:def:bavli] || J(כַּאַן): here; now
81	דרב	217		NO ANALYSIS	
82	היכ	217	איך	היכ/-/-/reviewed/reviewed form: Jastrow הֵיךְ "how?"	{היכ} particle כיצד[k:def:yerushalmi] || J(הֵיךְ ch): how?; as, like;; as that which, even as
83	מודינ	216	מודים	מודינ/-/-/reviewed/reviewed form: Jastrow יְדֵי Af. "to agree", participle pl.	
84	ומאנ	213	ומי	ומאנ/-/-/reviewed/reviewed form: ו + מַאן	
85	דא	212	זו	דא/-/-/exact/the sense cited from yerushalmi	{דא} n זו[j:eq:targum+bavli+yerushalmi+midrash] || K: this | sie, diese || K: but | aber || J(דָּא I): this; not in this case || J(דָּא II): da da
86	התיב	203	הקשה	התיב/-/-/reviewed/reviewed form: Jastrow תּוּב Af. "to raise an objection"	
87	מאי	203	מה	מאי/-/-/reviewed/reviewed form: Krupnik מַאי "מה"; Jastrow מַאי "what?"	{מאי} particle מה[k:def:bavli] || J(מַאי): what?; why?; v’taher; v’omer
88	ביה	199	בו	pron:ביה/fixed/-/pronominal/pronominal preposition table	
89	ולית	193		REVIEW_GATE לית/-/w "ואין" n=193	{לית} particle אין[k:def:targum] ; אין[h:wikt] || J(לַיִת): there is; was; not, none
90	אופ	189	גם	אופ/-/-/reviewed/reviewed form: Jastrow אוּף "also"	{אופ} n גם[k:def] || J(אוֹף I): too, also || J(אוֹף II): nature
91	מסייעא	186	מסייעת	מסייעא/-/-/reviewed/reviewed form: Jastrow סַיַּע Pa., participle fem.	
92	דרבננ	184	של חכמים	דרבננ/-/-/reviewed/reviewed form: ד + רַבָּנָן (Krupnik: the sages)	{דרבננ} ? תקנת חכמים[k:def:bavli] || 
93	והתני	184	והלא שנה	והתני/-/-/reviewed/reviewed form: ו + הָא (הלא) + תְּנֵי	
94	והוה	182	והיה	והוה/-/-/reviewed/reviewed form: ו + הֲוָה (reviewed: היה)	
95	והתניננ	180	והלא שנינו	והתניננ/-/-/reviewed/reviewed form: ו + הָא (הלא) + תְּנֵינַן	
96	כיי	180	כמו	כיי/-/-/reviewed/reviewed form: Jastrow כַּיי "like, as"	{כיי} ? כענין[k:def:yerushalmi] || 
97	דרבנינ	179	של חכמים	דרבנינ/-/-/reviewed/reviewed form: ד + רַבָּנִין	
98	מינה	178	ממנה	pron:מינה/fixed/-/pronominal/pronominal preposition table	
99	עמא	177	העם	עמא/-/-/reviewed/reviewed form: Jastrow עַמָּא ch. = h. עַם	{עמא} n עם, אומה[k:def:bavli] ; כעס, שנאה[k:def] || J(עֵמָּא): leaven;; passion
100	חדא	174		REVIEW_GATE חדא/-/- "אחד" n=174	{חדא} particle אחד[k:def:bavli] ; שמח[k:def:pe:bavli] || J(חֲדָא II): to be glad
101	אתונ	171	אתם	pron:אתונ/fixed/-/pronominal/pronominal preposition table	{אתונ} other אתם[k:def:yerushalmi] || 
102	תנא	171		REVIEW_GATE תני/-/- "שנה" n=171	{תני} v חזר ועשה[k:def:pe:targum] ; לימד[k:def:pe:targum] ; קיבל ומסר הלכה[k:def:pe:bavli] ; שינה[k:def] ; דיבר, סיפר[k:def:targum] ; לימד[k:def:af] ; נכפל[k:def:itpe:targum] ; הוגד[k:def:itpe:targum] ; הוחד[k:def:itpe:targum] ; תני[j:same:pe:targum+bavli+mishnah+yerushalmi] ; שנה[r:reviewed:pe] || J(תני bh): to repeat; to tell; to stipulate, agree, make a condition || J(תְּנֵי ch): to repeat, do a second time; Pa.; to tell, relate; to teach || J(תְּנֵי II): to be pointed, sharp; to sharpen, to speak sharp words; to be sharpened
103	תרינ	168		REVIEW_GATE תרינ/-/- "שנים" n=168	{תרינ} particle שנים[k:def:targum] || 
104	מר	164		AMBIGUOUS את/ "אות" ~ מור/ "אמר"	{מר} n  || J(מֹר): myrrh || J(מַר I): to speak, say || J(מַר II bh): bitter; corrosive substance; care, worry || J(מַר III): exchange; instead of; as || J(מַר IV): marua; to be strong;; man, lord, master; somebody; || J(מָר): hoe, rake; marvu; flint  ##  {את} n סימן[k:def:targum] ; אות[j:eq:targum+midrash] || K: letter | Buchstabe || J(אַתְּ): thou; thou sayest; thou callest it || J(אָת): sign, type; letter || J(אֵת bh): essence; the thing; which
105	שיטתיה	161	שיטתו	שיטתיה/-/-/reviewed/reviewed form: שִׁיטְתָא + ־יה	
106	עלוי	159	עליו	עלוי/-/-/reviewed/reviewed form: Jastrow עֲלוֹי "upon him"	
107	חמי	156		REVIEW_GATE חמי/-/- "ראה" n=156	{חמי} v ראה[k:def:pe:yerushalmi] ; נראה[k:def:itpe:bavli] ; ראוי[k:def] || J(חֲמִי): ḥama; to surround, guard; to observe, see
108	תריהונ	153	שניהם	תריהונ/-/-/reviewed/reviewed form: תְּרֵי + ־הוֹן	
109	גו	151	תוך	גו/-/-/reviewed/reviewed form: Jastrow גּוֹ "inside"	{גו} n יש דברים בענין הזה[k:def] ; גו[j:same:targum+bavli+midrash+yerushalmi] ; קרב[j:eq:targum+bavli+midrash+yerushalmi] ; מתוך[j:eq:targum+bavli+midrash+yerushalmi] || K: belly, innermost | Inneres, Mitte || J(גֵּו bh): belly, body;; within, among || J(גֵּו ² ch): belly; innermost; among, amid; in, into; because, in consequence of
110	מתניתה	150	משנה	מתניתה/-/-/reviewed/reviewed form: Jastrow מַתְנִיתָא "Mishnah"	
111	דהוא	148		NO ANALYSIS	
112	נפק	147	יצא	נפק/-/-/reviewed/reviewed form: Krupnik נְפַק "יצא"	{נפק} v יצא[k:def:pe:midrash] ; יצא ידי חובתו[k:def:bavli] ; הוציא[k:def:bavli] ; נפק[j:same:pe:midrash+yerushalmi+targum+bavli+tanakh] ; כיוצא בו[j:eq:midrash+yerushalmi+targum+bavli+tanakh] ; הוציא[r:reviewed:af] || J(*נָפַק): to go out || J(נְפַק ch): to go out, come out; to result, end; similar to, corresponding; to take out, exclude || J(נָפֵק): going out; a male prostitute; fem; a female prostitute
113	ודכוותה	146	וכיוצא בה	ודכוותה/-/-/reviewed/reviewed form: ו + ד + כְּוָת (like) + ־הּ	
114	אמרת	140	אתה אומר	אמר/pe.ptcp.2ms/-/irregular/the sense cited from yerushalmi	{אמר} v הלעיט[k:def:af:bavli] ; אמר[j:same:pe:targum+bavli+yerushalmi] ; טלה, כבש[h:wikt] || J(אָמַר I bh): to join, knot; to be knotted, thick;; to heap up;; to join words, compose || J(אֲמַר ch): they say, it is said; Inf; does this mean to say? || J(אָמַר II bh): to be thick, strong; to thrive; to boast, vaunt, be oppressive; to fatten || J(אִמַּר): lamb
115	חברייא	140	החברים	חברייא/-/-/reviewed/reviewed form: plural of חַבְרָא (= h. חָבֵר)	
116	אתיא	138	באה	אתא/pe.ptcp.fs/-/irregular/reviewed choice	{אתא} v סימן[k:def:targum] ; בא[k:def:pe:bavli] ; הביא[r:reviewed:af] || J(אָתָא I): letter, sign || J(אֲתָא ch): to join; to come, to arrive; to occur to; surely, indeed || J(*אָתָא III): Great Bear, Ursa Major
117	יאות	138	ראוי	יאות/-/-/reviewed/reviewed form: Jastrow יָאוּת "it is proper"	{יאות} adv  || K: well, right | richtig, schön || K: honesty | Redlichkeit || J(יָאוּת ch): propriety;; right; properly; it is right
118	דהוה	137		REVIEW_GATE הוה/-/d "שהיה" n=137	{הוה} v היה[r:reviewed:pe] || J(הַוָּה bh): change; misfortune || J(*הֵוָה): Ḥevah || J(הֲוָהּ): ah!
119	סברינ	136	סוברים	סברינ/-/-/reviewed/reviewed form: סְבַר, participle pl.	
120	מסתברא	133	מסתבר	מסתברא/-/-/reviewed/reviewed form: Krupnik סְבַר itpe. "היה מובן"; Jastrow מִסְתַּבְּרָא "it stands to reason"	
121	אזל	131		REVIEW_GATE אזל/-/- "הלך" n=131	{אזל} v הלך[k:def:pe:bavli] ; טוה[k:def:pe:bavli] || J(אֲזַל I bh): to be gone, to leave; to go; Imper; to depart life, die || J(אֲזַל II): to spin, weave
122	דרש	131		REVIEW_GATE דרש/-/- "דרש" n=131	{דרש} v הורה בצבור[k:def:pe:bavli] ; דרש[j:same:pe:targum+bavli+midrash+yerushalmi+tanakh] || K: to interpret | auslegen || J(דָּרַשׁ bh): to examine, question; to expound, interpret; to teach, lecture. || J(דְּרַשׁ ch): lecturer; to be interpreted
123	דבעי	130	שצריך	דבעי/-/-/reviewed/reviewed form: ד + בְּעֵי 3) "היה צריך", participle	
124	ביניהונ	129	ביניהם	pron:ביניהונ/fixed/-/pronominal/pronominal preposition table	
125	הורי	129	הורה	הורי/-/-/reviewed/reviewed form: Jastrow הוֹרֵי "to teach, decide"	
126	ההנ	128	זה	ההנ/-/-/reviewed/reviewed form: Jastrow הָהֵן "this" (Galilean)	{ההנ} other זה[k:def:bavli] || 
127	ורבנינ	128	וחכמים	ורבנינ/-/-/reviewed/reviewed form: ו + רַבָּנִין	
128	עביד	128	עושה	עביד/-/-/reviewed/reviewed form: Krupnik עֲבַד "עשה" (Jastrow עֲבַד ch. "to do"), participle	{עביד} adj עשוי, נהוג[k:def:bavli] || 
129	יכיל	124		REVIEW_GATE יכיל/-/- "יכול" n=124	{יכיל} ? יכול[j:eq:targum] || 
130	אשכח	123	מצא	אשכח/-/-/reviewed/reviewed form: Jastrow שְׁכַח Af. "to find"	
131	והכתיב	120	והלא כתוב	והכתיב/-/-/reviewed/reviewed form: ו + הָא (הלא) + כְּתִיב	
132	פשיטא	120		REVIEW_GATE פשיטא/-/- "ודאי, ממילא מובן" n=120	{פשיטא} n למוד[k:def] ; מטבע קטנה[k:def] ; אבעבועה[k:def:bavli] ; ודאי, ממילא מובן[k:def:bavli] || J(פְּשִׁיטָא): explanation, teaching; plain, self-evident truth; is it not a matter of course?; Ps’hiṭa
133	וחרנה	119		NO ANALYSIS	
134	ורבננ	119	וחכמים	ורבננ/-/-/reviewed/reviewed form: ו + רַבָּנָן (Krupnik: the sages)	
135	מתניתינ	118	משנתנו	מתניתינ/-/-/reviewed/reviewed form: Jastrow מַתְנִיתִין "our Mishnah"	
136	עבדינ	118		REVIEW_GATE עבד/n.pl/- "עשה" n=118	{עבד} v תיקן והכשיר[k:def:bavli] ; עבד[j:same:pe:targum+bavli+midrash+yerushalmi] ; עבד[j:same:targum+midrash+bavli+yerushalmi] ; עשה[r:reviewed:pe] || K: to tan | gerben || J(עָבַד bh): to work; to serve, work for.; to do priestly service || J(עֲבַד I ch): to do, labor; to make; to act; to do, fare, prosper; to spend time || J(עֶבֶד bh): slave; servant || J(עֲבַד ch): worshipper
137	דתמנ	117	ששם	דתמנ/-/-/reviewed/reviewed form: ד + תַּמָּן	
138	ומניינ	117	ומנין	rev:מניינ/-/w/reviewed-base/a proclitic on the reviewed form מניינ	
139	בדא	115	בזה	בדא/-/-/reviewed/reviewed form: ב + דָּא "this"	{בדא} v המציא ובדה[k:def:pa:yerushalmi] ; ביזא[k:def:pe:midrash] ; בד[j:eq:bavli] ; בד[j:eq:yerushalmi] || J(בַּדָּא II): fine linen woof || J(בְּדָא): in this case
140	טעמיה	114		REVIEW_GATE טעמא/n.pl+3ms/- "סבה שלו · טעם שלו" n=114	{טעמא} n סבה[k:def:bavli] ; טעם[k:def] || J(טָעֲמָא): pleader.; pleaders
141	מילתא	113		REVIEW_GATE מילתא/-/- "דבר" n=113	{מילתא} n מלה[k:def:bavli] ; דבר[k:def:bavli] || J(מִילְּתָא): word; thing, affair; to let blood; to be bled
142	מילתיה	112		REVIEW_GATE מילתא/n.sg+3ms/- "דבר שלו" n=112	{מילתא} n מלה[k:def:bavli] ; דבר[k:def:bavli] || J(מִילְּתָא): word; thing, affair; to let blood; to be bled
143	מיניה	112	ממנו	pron:מיניה/fixed/-/pronominal/pronominal preposition table	
144	כדעתיה	110		NO_HEBREW_SENSE דעת	{דעת} n  || J(דַּעַת bh): knowledge, mind; temperament, physical disposition, constitution; to occur to one’s mind, 
145	הויננ	108	אנו הווים	הוה/pe.ptcp.1pl/-/irregular/reviewed choice	{הוה} v היה[r:reviewed:pe] || J(הַוָּה bh): change; misfortune || J(*הֵוָה): Ḥevah || J(הֲוָהּ): ah!
146	וקשיא	107		REVIEW_GATE קשיא/-/w "וקשה" n=107	{קשיא} adj קשה[r:reviewed] || K: objection, contradiction | Schwierigkeit, Einwand, Widerspruch || J(קַשְׁיָא II): difficult, open to objection; unanswerable objection; contradiction
147	ידעינ	104		NO ANALYSIS	
148	איכנ	102		NO ANALYSIS	{איכנ} ?  || J(אֵיכַן): where?; where
149	וחד	101		REVIEW_GATE חד/-/w "ואחד" n=101	{חד} particle אחד[k:def:bavli] ; אחד[j:eq:targum+yerushalmi+bavli] || J(חַד I bh): pointed, sharp; swift; Pl. || J(חַד II): one, singular, particular; like one; together, simultaneously
150	טעמונ	101		NO ANALYSIS	
151	לשעבר	99		NO ANALYSIS	
152	קומוי	99		NO ANALYSIS	
153	עבידא	98		AMBIGUOUS עבד/pe.pass.fs "עשויה" ~ עביד/n.sg "עשוי, נהוג"	{עבידא} ?  ||   ##  {עבד} v תיקן והכשיר[k:def:bavli] ; עבד[j:same:pe:targum+bavli+midrash+yerushalmi] ; עבד[j:same:targum+midrash+bavli+yerushalmi] ; עשה[r:reviewed:pe] || K: to tan | gerben || J(עָבַד bh): to work; to serve, work for.; to do priestly service || J(עֲבַד I ch): to do, labor; to make; to act; to do, fare, prosper; to spend time || J(עֶבֶד bh): slave; servant || J(עֲבַד ch): worshipper
154	אתייא	97		REVIEW_GATE את/n.pl/- "אות" n=97	{את} n סימן[k:def:targum] ; אות[j:eq:targum+midrash] || K: letter | Buchstabe || J(אַתְּ): thou; thou sayest; thou callest it || J(אָת): sign, type; letter || J(אֵת bh): essence; the thing; which
155	בשאינ	97		NO ANALYSIS	
156	מודי	97		NO ANALYSIS	
157	דהכא	96	של כאן	דהכא/-/-/reviewed/reviewed form: ד + הָכָא (Krupnik: כאן)	{דהכא} n לעג[k:def:targum] || 
158	הגלילי	96		NO ANALYSIS	
159	אתר	94		REVIEW_GATE אתר/-/- "מקום" n=94	{אתר} n מקום[k:def:midrash] || J(אָתַר): place, town; our; local custom
160	בעיי	94		REVIEW_GATE בעיא/n.pl/- "שאלה למודית" n=94	{בעיא} n שאלה למודית[k:def] || K: a man’s name | männlicher Name || J(בַּעְיָא): yawn, gap; greed; question. || J(*בָּעְיָא): Baya
161	התיבונ	94		NO ANALYSIS	
162	טמיאה	94		NO ANALYSIS	
163	אהנ	93		REVIEW_GATE אהנ/-/- "ההוא" n=93	{אהנ} n ההוא[k:def:yerushalmi] || J(אֲהָן): this, that, he who; this place, where; thereupon, then
164	וכתיב	91	וכתוב	וכתיב/-/-/reviewed/reviewed form: ו + כְּתִיב	
165	למעלנ	91		REVIEW_GATE למעלנ/-/- "למעלה" n=91	{למעלנ} adv למעלה[k:def:midrash+mishnah] || 
166	ומר	90		AMBIGUOUS את/ "ואות" ~ מור/ "ואמר"	{את} n סימן[k:def:targum] ; אות[j:eq:targum+midrash] || K: letter | Buchstabe || J(אַתְּ): thou; thou sayest; thou callest it || J(אָת): sign, type; letter || J(אֵת bh): essence; the thing; which
167	דאינונ	89	שהם	pron:אינונ/fixed/d/pronominal/pronominal preposition table	
168	למטנ	87		NO ANALYSIS	
169	לפומ	85		REVIEW_GATE לפומ/-/- "על פי" n=85	{לפומ} other על פי[k:def:midrash] ; לפי[h:wikt] || J(לְפוּם): according to
170	הוות	84	היתה	הוה/pe.perf.3fs/-/irregular/reviewed choice	{הוה} v היה[r:reviewed:pe] || J(הַוָּה bh): change; misfortune || J(*הֵוָה): Ḥevah || J(הֲוָהּ): ah!
171	נורי	84		NO ANALYSIS	
172	צורכה	84		REVIEW_GATE צורכא/-/- "צורך" n=84	{צורכא} ? צורך[j:same:targum+yerushalmi+mishnah+tanakh+midrash] || J(צוֹרְכָא ch): pl.; needed repair
173	עאל	83	נכנס	עאל/-/-/reviewed/reviewed form: Jastrow עֲלַל "to enter", participle	
174	מסייע	82	מסייע	מסייע/-/-/reviewed/reviewed form: Jastrow סַיַּע Pa. "to assist, support" = h. סִיַּע, participle	
175	ואתייא	81		REVIEW_GATE את/n.pl/w "ואות" n=81	{את} n סימן[k:def:targum] ; אות[j:eq:targum+midrash] || K: letter | Buchstabe || J(אַתְּ): thou; thou sayest; thou callest it || J(אָת): sign, type; letter || J(אֵת bh): essence; the thing; which
176	יתיב	81		REVIEW_GATE יתב/-/- "ישב" n=81	{יתב} v ישב[k:def:pe:bavli] ; נתן[k:def:pe:bavli] ; הושיב[k:def:pa:targum] ; הרגיע[k:def:pa] ; הושיב[k:def:af:targum] ; הקשה, שאל[k:def:af] ; נח[k:def:itpe:bavli] ; ישב[j:eq:targum+bavli+tanakh+midrash] ; הושיב[r:reviewed:af] || K: i>to dwell | sich aufhalten || J(יתֵב ch): to sit, dwell; to be inhabited, settled; inhabited || J(יְתֵב II): to give; to place; to give || J(יָתֵב): inhabitant
177	לגביה	81	אליו	לגביה/-/-/reviewed/reviewed form: לְגַבֵּי "towards" + ־יה	
178	באילינ	80		REVIEW_GATE אילינ/-/b "באותם ש־" n=80	{אילינ} other אותם ש־[k:def:yerushalmi] || J(אִילֵּין): these, those
179	כרבננ	80	כחכמים	כרבננ/-/-/reviewed/reviewed form: כ + רַבָּנָן (Krupnik: the sages)	
180	אמרונ	79	אמרו	אמר/pe.perf.3mp/-/irregular/the sense cited from yerushalmi	{אמר} v הלעיט[k:def:af:bavli] ; אמר[j:same:pe:targum+bavli+yerushalmi] ; טלה, כבש[h:wikt] || J(אָמַר I bh): to join, knot; to be knotted, thick;; to heap up;; to join words, compose || J(אֲמַר ch): they say, it is said; Inf; does this mean to say? || J(אָמַר II bh): to be thick, strong; to thrive; to boast, vaunt, be oppressive; to fatten || J(אִמַּר): lamb
181	דאית	78	שיש	דאית/-/-/reviewed/reviewed form: ד + אִית (Krupnik: יש)	{דאית} v חמד[k:def:pe] || 
182	הוולד	78		NO ANALYSIS	
183	זבדא	78		NO_HEBREW_SENSE זבד	{זבד} v  || J(זְבַד bh): to present with, outfit
184	לעתיד	77		NO ANALYSIS	
185	פליג	77	חולק	פליג/-/-/reviewed/reviewed form: Krupnik פְּלַג "היה מחולק בדעות" (Bavli), participle	{פליג} other חילק[k:def:targum] ; היה מחולק בדעות[k:def:bavli] || 
186	איתפלגונ	76		AMBIGUOUS_TAG פלג itpa.perf.3mp "נתחלק" ~ itpe.perf.3mp "היה מחולק בדעות"	{פלג} v נתרחק[k:def:af:yerushalmi] ; נסע בספינה[k:def:af:bavli] ; שבת[k:def:af:midrash] ; דחה, הסיח את הדעת[k:def:af:yerushalmi] ; נתחלק[k:def:itpa:midrash] ; חילק[k:def:targum] ; היה מחולק בדעות[k:def:bavli] ; נחלק[k:def:itpe:targum+bavli] ; היה מחולק בדעות[k:def:itpe:midrash] ; הצטיין[k:def:itpe:bavli] ; מחצית[k:def:mishnah+bavli] ; פלג[j:same:pe:targum+bavli+yerushalmi+midrash] ; פלג[j:same:targum+bavli+midrash] || J(פָּלַג bh): to separate, split; to part, go away; to go to sea || J(פְּלַג I ch): to divide, share; Pa.; Part. pass. || J(פֶּלֶג bh): part, share || J(פָּלָג): part, middle || J(פְּלַג II ch): part, half; half; the demon Palga, a disease
187	יומינ	76	ימים	יומינ/-/-/reviewed/reviewed form: plural of יוֹמָא	
188	לכונ	76	לכם	pron:לכונ/fixed/-/pronominal/pronominal preposition table	
189	בתירה	75		NO_HEBREW_SENSE בתירא	{בתירא} v משפחת לומדים מבבל[k:def:bavli] || K: a man’s name | männlicher Name
190	וחורנה	75		NO ANALYSIS	
191	להונ	75	להם	pron:להונ/fixed/-/pronominal/pronominal preposition table	
192	קמ	75	עמד, היה קיים · מי חלב	קומ/pe.perf.3ms/-/irregular/two senses	{קמ} n  || J(קָם bh): one standing up against, adversary. || J(קָמ־): before, in the presence of  ##  {קומ} v עמד, היה קיים[k:def:pe:bavli] ; מי חלב[k:def:mishnah] ; קום[j:same:pe:targum+bavli+midrash+yerushalmi+tanakh] ; העמיד[r:reviewed:af] || J(קוּם bh): to stand up, rise; to stand, exist; a transgression of a prohibitive law which you must re || J(קוּם ² ch): ḥălitsah; to ascertain; to bargain for || J(קוֹם): curdled milk, curd; whey; ḳom?
193	אבוי	74		NO ANALYSIS	{אבוי} n  || J(אֲבוֹי bh): woe! ah!; woe
194	איתא	74	יש	איתא/-/-/reviewed/reviewed form: Krupnik אִיתָא (reviewed: יש), "there is"	{איתא} n יש[k:def:bavli] ; אשה[k:def:yerushalmi+targum+bavli] ; אשה[j:eq:targum+yerushalmi] || J(אִיתָּא): woman, wife
195	יהב	74		NO_HEBREW_SENSE יהב	{יהב} v  || J(יְהַב): to give; to deal; to put, place
196	מתיב	74	מקשה	מתיב/-/-/reviewed/reviewed form: Jastrow תּוּב Af. "to raise an objection", participle	{מתיב} ?  || 
197	תלת	74		REVIEW_GATE תלת/-/- "שלש" n=74	{תלת} v חילק לשלשה חלקים[k:def:pa:targum] ; עשה בפעם השלישית[k:def:pa:targum] ; נעשה בפעם השלישית[k:def:itpe:targum] ; שלש[j:eq:targum+bavli+yerushalmi] || J(תַּלֵּת): to divide into three parts; to do a third time; Part. pass || J(תְּלַת): three; on the third; thirteen
198	בהנייה	73		NO_HEBREW_SENSE הנייה	{הנייה} n הנייה[j:same:targum+midrash+bavli] || J(הֲנָיָיה): enjoyment, pleasure, benefit; a worldling || J(הֲנָיָיה ² ch): loveliness, beauty
199	ווא	73		NO_HEBREW_SENSE וו	{וו} n וו[j:same:targum] || J(וָו): hook; Vav
200	ניתני	73		NO_HEBREW_SENSE נתנ	{נתנ} v נתן[j:same:targum] || J(נָתַן bh): to give; to place, put.; to intend; to desire, think of
201	איתאמרת	71		NO ANALYSIS	
202	הוינא	71		REVIEW_GATE הוינא/-/- "תבונה" n=71	{הוינא} n תבונה[k:def:targum] || 
203	ואנא	71	ואני	pron:אנא/fixed/w/pronominal/pronominal preposition table	
204	כרבנ	71		NO ANALYSIS	
205	כתחילה	71		NO ANALYSIS	
206	כילו	70		REVIEW_GATE אילו/-/- "לו, אם" n=70	{כילו} ?  ||   ##  {אילו} other לו, אם[k:def:bavli] || J(אִילּוּ): but if; considering; whereas
207	לפניהנ	70		NO ANALYSIS	
208	מרי	69		NO_HEBREW_SENSE מרי	{מרי} v מרי[j:same:pe:targum+bavli+midrash+tanakh] || J(מרי I bh): to be strong, fat; to fatten, stuff || J(מרי II bh): to rebel against; the rebellious son; sorer umoreh? || J(מְרֵי ch): to provoke; to get angry; to quarrel, rebel
209	בפניי	67		NO ANALYSIS	
210	בשיני	67		NO_HEBREW_SENSE שנ	{שנ} ? שן[j:same:targum+midrash+bavli+tosefta] || J(שֵׁן): tooth, tooth-like projection; the damage done by an animal’s eating; ubhiʿer || J(שֵׁן ² ch): the Cliff of Dor
211	לשעה	67		NO ANALYSIS	
212	שלזה	67		NO ANALYSIS	
213	שלרבי	67		NO ANALYSIS	
214	הימינו	66		NO ANALYSIS	
215	לכהונה	66		NO ANALYSIS	
216	דלית	65	שאין	דלית/-/-/reviewed/reviewed form: ד + לֵית (Krupnik: אין)	{דלית} n  || J(דָּלִית bh): suspended; branches of the vine trained to an espalier; grapes of the espalier
217	קניינ	65		NO ANALYSIS	{קניינ} ?  || 
218	תנייא	65		NO_HEBREW_SENSE תנתא	{תנתא} ?  || 
219	יליפ	64	לומד	יליפ/-/-/reviewed/reviewed form: Krupnik יְלַף "למד", participle	{יליפ} v  || J(יְלֵיף): to get accustomed, to learn; accustomed, used to; to teach
220	הכנ	63		REVIEW_GATE הכנ/-/- "הזמנה, התכוננות · ציון הדרכים לערי מקלט" n=63	{הכנ} n הזמנה, התכוננות[k:def:bavli] ; ציון הדרכים לערי מקלט[k:def] || K: thus | so || J(הָכֵן): thus || J(הָכֵן ²): preparing, designation for use on the Sabbath or Holy Day
221	חמית	63		NO_HEBREW_SENSE חמת	{חמת} v הכעיס[k:def:af:targum] || J(חֵמֶת bh): the skin of a goat; Bottle; bottle, bag. || J(חַמַּת): heat of;; through the heat of, from the effect of, in consequence of || J(חֲמֵת): to get hot, angry; to see; to make angry
222	מהדא	63		REVIEW_GATE הדא/-/m "מזה, זאת" n=63	{הדא} other זה, זאת[k:def] || 
223	נשייא	63		AMBIGUOUS נשיא/ "נשה" ~ נשיאה/ "נשיא"	{נשייא} ?  ||   ##  {נשיא} n נשה[j:eq:targum+bavli] || J(נָשִׂיא bh): prince, chief, ruler, officer; Nasi; Pl.
224	קרייא	63		REVIEW_GATE קרייא/-/- "קריה" n=63	{קרייא} n קריה[j:eq:targum+yerushalmi+midrash+bavli] || J(קִרְיָיא): town, settlement, village; sing. || J(קַרָיָיא): Biblical scholar, Bible teacher || J(קַרְיָיא): Scriptures; Bible verse
225	אחוי	62		NO_HEBREW_SENSE אחי	{אחי} v  || J(אחי): to unite; united; to join; to sew together
226	דילמא	62		REVIEW_GATE דילמא/-/- "שמא, אולי" n=62	{דילמא} n שמא, אולי[k:def:bavli] ; עובדה[k:def:yerushalmi] ; מכסה[k:def] ; שמא[j:eq:tanakh+targum+bavli+midrash] || J(דִּילְמָא): for why; lest, perhaps; perhaps, it may be || J(דִּילְמָא ²): here is a confirmation; an illustration
227	כולהונ	62	כולם	pron:כולהונ/fixed/-/pronominal/pronominal preposition table	
228	דהיא	61		REVIEW_GATE דה/n.pl/- "זה, זאת" n=61	{דה} n זה, זאת[k:def:yerushalmi] || 
229	דמכ	61		REVIEW_GATE דמכ/-/- "כבה" n=61	{דמכ} v ישן ונרדם[k:def:pe] ; מת[k:def:pe] ; כבה[k:def:pe:midrash] || J(דְּמַךְ): to sleep; to die, to lie in the grave; to feel the approach of death
230	מתכוינ	61		NO ANALYSIS	
231	סגינ	61		REVIEW_GATE סגינ/-/- "הרבה, מאד" n=61	{סגינ} adv הרבה, מאד[k:def:yerushalmi] || 
232	גרמיה	60	עצמו	גרמיה/-/-/reviewed/reviewed form: Jastrow גַּרְמָא "bone; self" + ־יה	
233	חשיכה	60		NO ANALYSIS	{חשיכה} n  || J(חֲשֵׁיכָה bh): darkness, nightfall; adj. || J(חֲשִׁיכָה): Hif.; awaiting the nightfall; approaching the Sabbath limit in day-time and waiting there 
234	מפקד	60		NO_HEBREW_SENSE פקד	{פקד} v נתן צו[k:def:pa] ; פקד[j:same:pe:targum+bavli+midrash] || J(פָּקַד bh): to search, examine; to visit; to have marital connection with || J(פְּקַד ch): to command; Ithpa.; Pa.
235	במחלוקת	59		NO ANALYSIS	
236	ברוקה	59		REVIEW_GATE ברוקה/-/- "אור הבוקר" n=59	{ברוקה} ? אור הבוקר[k:def:yerushalmi] || 
237	זתימ	59		NO_HEBREW_SENSE זית	{זית} n  || J(זַיִת bh): outflow, run; olive;; olive tree
238	כרבנינ	59	כחכמים	rev:רבנינ/n.pl/k/reviewed-base/a proclitic on the reviewed form רבנינ	
239	דריש	58	דורש	דריש/-/-/reviewed/reviewed form: Krupnik דְּרַשׁ, participle	{דריש} n  || J(דָּרֵישׁ): lecturer
240	מביניהונ	58	מביניהם	pron:ביניהונ/fixed/m/pronominal/pronominal preposition table	
241	נתכוונ	58		NO ANALYSIS	
242	ייבא	57		REVIEW_GATE יבא/-/- "הרי זה, הדבר דומה" n=57	{יבא} other הרי זה, הדבר דומה[k:def] || J(יֵבָא): it agrees with, corresponds to
243	נקיבה	57		NO ANALYSIS	{נקיבה} ?  || 
244	בסקילה	56		NO ANALYSIS	
245	ותניננ	56	ושנינו	rev:תניננ/pe.perf.1pl/w/reviewed-base/a proclitic on the reviewed form תניננ	
246	חלוקינ	56		AMBIGUOUS חלק/pe.ptcp.mp "שדה, אחוזה" ~ חלוק/n.pl "חלוק"	{חלק} n שדה, אחוזה[k:def:targum+tanakh] || J(חָלַק bh): to be smooth, to be viscous; to assign, allot; to honor, pay regards || J(חָלָק): smooth, blank; empty; to go out without having effected anything || J(חֵלֶק bh): smooth stone; lot, share, portion || J(חֲלַק ch): lot, field
247	כולהנ	56		NO ANALYSIS	
248	כשירינ	56		AMBIGUOUS_SENSE כשר: מסוגל | מותר | ראוי לאכילה מצד הדין | ישר | עֵד כשרות	{כשר} adj מסוגל[k:def:mishnah] ; מותר[k:def:mishnah] ; ראוי לאכילה מצד הדין[k:def:mishnah] ; ישר[k:def:mishnah] ; עֵד כשרות[k:def:bavli] ; כשר[j:same:pe:targum+bavli] || J(כָּשֵׁר I bh): to be well-joined; to be proper, fit, right; to turn out well, to succeed; to pronounce ka || J(כְּשַׁר ch): to be right, pleasing, fit; to be; made || J(כָּשֵׁר II bh): fit,; kasher, ritually permitted, legal; Fem. || J(כָּשַׁר): fit, adapted, proper; well-equipped; quick, zealous,
249	למידינ	56		NO ANALYSIS	
250	צורכו	56		NO ANALYSIS	
251	ויאות	55	וראוי	rev:יאות/-/w/reviewed-base/a proclitic on the reviewed form יאות	
252	מסייעה	55		NO ANALYSIS	
253	נימר	55	נאמר	אמר/pe.impf.1pl/-/irregular/the sense cited from yerushalmi	{אמר} v הלעיט[k:def:af:bavli] ; אמר[j:same:pe:targum+bavli+yerushalmi] ; טלה, כבש[h:wikt] || J(אָמַר I bh): to join, knot; to be knotted, thick;; to heap up;; to join words, compose || J(אֲמַר ch): they say, it is said; Inf; does this mean to say? || J(אָמַר II bh): to be thick, strong; to thrive; to boast, vaunt, be oppressive; to fatten || J(אִמַּר): lamb
254	נסב	55		REVIEW_GATE נסב/-/- "לקח" n=55	{נסב} v לקח[k:def:pe:yerushalmi] ; נשא ונתן[j:eq:targum+midrash+bavli+yerushalmi] ; נשא פנים[j:eq:targum+midrash+bavli+yerushalmi] || J(נְסַב): to lift up; to take; to carry; to deal; to take to wife, marry
255	בשריפה	54		NO ANALYSIS	
256	דאיתפלגונ	54		AMBIGUOUS_TAG פלג itpa.perf.3mp "שנתחלק" ~ itpe.perf.3mp "שהיה מחולק בדעות"	{פלג} v נתרחק[k:def:af:yerushalmi] ; נסע בספינה[k:def:af:bavli] ; שבת[k:def:af:midrash] ; דחה, הסיח את הדעת[k:def:af:yerushalmi] ; נתחלק[k:def:itpa:midrash] ; חילק[k:def:targum] ; היה מחולק בדעות[k:def:bavli] ; נחלק[k:def:itpe:targum+bavli] ; היה מחולק בדעות[k:def:itpe:midrash] ; הצטיין[k:def:itpe:bavli] ; מחצית[k:def:mishnah+bavli] ; פלג[j:same:pe:targum+bavli+yerushalmi+midrash] ; פלג[j:same:targum+bavli+midrash] || J(פָּלַג bh): to separate, split; to part, go away; to go to sea || J(פְּלַג I ch): to divide, share; Pa.; Part. pass. || J(פֶּלֶג bh): part, share || J(פָּלָג): part, middle || J(פְּלַג II ch): part, half; half; the demon Palga, a disease
257	דאנא	53	שאני	pron:אנא/fixed/d/pronominal/pronominal preposition table	
258	מיליהונ	53		REVIEW_GATE מיל/n.pl+3mp/- "מדת האורך, פרסה שלהם" n=53	{מיל} n מדת האורך, פרסה[k:def:yerushalmi] || K: milestone | Meilenstein || J(מִיל): mil; mile; milestone
259	תלתא	53	שלושה	תלתא/-/-/reviewed/reviewed form: Jastrow תְּלָת ch. "three" (= h. שָׁלֹשׁ)	{תלתא} n שליש[k:def:targum] || J(תִּלְתָּא): a third part; having reached one-third of the full growth; a third-grown calf
260	במחובר	52		NO ANALYSIS	
261	בשיש	52		NO ANALYSIS	
262	דעתינ	52		NO ANALYSIS	
263	דרבנ	52		REVIEW_GATE דרבנ/-/- "פתח" n=52	{דרבנ} n פתח[k:def] || J(דָּֽרְבָן bh): leader; goad, the iron point on the staff; the spud at the end of the handle of the plough
264	זקינימ	52		NO ANALYSIS	
265	מתני	52	שונה	מתני/-/-/reviewed/reviewed form: Jastrow תְּנֵי Af./Pa. "to teach", participle	{מתני} n מלמד משנה[k:def:bavli+yerushalmi] ; משני[j:eq:bavli] || J(מַתְנֵי ch): teacher of the Mishnah
266	עימיה	52	עמו	pron:עימיה/fixed/-/pronominal/pronominal preposition table	
267	ולמעלנ	51		REVIEW_GATE למעלנ/-/w "ולמעלה" n=51	{למעלנ} adv למעלה[k:def:midrash+mishnah] || 
268	עניינ	51		REVIEW_GATE עניינ/-/- "חפץ, עסק" n=51	{עניינ} n חפץ, עסק[k:def:yerushalmi+bavli] || 
269	רובא	51		REVIEW_GATE רובא/-/- "רוב" n=51	{רובא} n רוב[k:def:bavli] ; רב, גדול[k:def:yerushalmi] ; בחור[k:def:bavli] ; רוב[j:same:bavli+mishnah] || J(רוּבָּא ch): yabam || J(רוֹבֵא bh): growing; young man, youth; archers
270	בשיטת	50		NO ANALYSIS	
271	טב	50		AMBIGUOUS_SENSE טב: שוה | ראש ונשיא	{טב} v היה טוב[k:def:pe:targum] ; היטיב[k:def:af] ; טוב[k:def:bavli] ; שוה[k:def:yerushalmi] ; ראש ונשיא[k:def:yerushalmi] ; יותר[k:def:bavli] ; טוב[j:eq:targum] ; טוב[h:wikt] || J(טַב I): to be good, well; to feel well, be satisfied, fare well; to do good || J(טַב II): good, precious; worth, valued; best man, elder, officer
272	מתייבמת	50		NO ANALYSIS	
273	עירובו	50		NO ANALYSIS	
274	שריפה	50		NO ANALYSIS	{שריפה} n  || J(שְׂרִיפָה): secretion, dripping, catarrh; s’rifah
275	תניתה	50		NO ANALYSIS	
276	כהיא	49		AMBIGUOUS כה/n.pl "כאן" ~ כהי/pe.ptcp.fs "היה כהה ועכור"	{כה} adv כאן[k:def:yerushalmi] || J(כֹּה bh): here; thus; koh; thus
277	לאילינ	49		REVIEW_GATE אילינ/-/l "לאותם ש־" n=49	{אילינ} other אותם ש־[k:def:yerushalmi] || J(אִילֵּין): these, those
278	מינהונ	49	מהם	pron:מינהונ/fixed/-/pronominal/pronominal preposition table	
279	מליאה	49		REVIEW_GATE מלא/-/- "מלה, דיבור" n=49	{מליאה} n  || J(מְלֵיאָה bh): full; fulness, full growth; the priestly gifts from  ##  {מלא} n מלה, דיבור[k:def] ; מלא[j:same] || J(מָלֵא I bh): to be full; to fill, to draw; to be filled || J(מָלֵא II bh): full.; a full month
280	דבי	48	של בית	דבי/-/-/reviewed/reviewed form: ד + בֵּי "house of" (Jastrow בֵּי ch. = בֵּית)	{דבי} v  || J(*דְּבִי): to look out, lie in wait; Pa.; to lurk for, hunt
281	דבתרה	48	שאחריה	pron:בתרה/fixed/d/pronominal/pronominal preposition table	
282	ומתיר	48		NO ANALYSIS	
283	לאוכליו	48		NO ANALYSIS	
284	סב	48		REVIEW_GATE סב/-/- "זקן" n=48	{סב} adj זקן[k:def:yerushalmi] ; חכם, מלומד[k:def] ; שב[j:eq:targum+bavli+midrash+tanakh+yerushalmi] ; זקן[j:eq:targum+bavli+midrash+tanakh+yerushalmi] || J(סָב ch): grey, old; elder; ancestor; scholar; grandfather; Fem
285	תלמידוי	48		NO ANALYSIS	
286	בהונ	47	בהם	pron:בהונ/fixed/-/pronominal/pronominal preposition table	
287	ואתיא	47	ובאה	אתא/pe.ptcp.fs/w/irregular/reviewed choice	{אתא} v סימן[k:def:targum] ; בא[k:def:pe:bavli] ; הביא[r:reviewed:af] || J(אָתָא I): letter, sign || J(אֲתָא ch): to join; to come, to arrive; to occur to; surely, indeed || J(*אָתָא III): Great Bear, Ursa Major
288	לבר	47		REVIEW_GATE בר/-/l "לבן" n=47	{בר} n בקי[k:def:tosefta] ; בר[j:same:targum+bavli+yerushalmi+midrash] ; שדה[j:eq:targum+bavli+yerushalmi+midrash] ; חוץ[j:eq:targum+bavli+yerushalmi+midrash] ; בן[r:reviewed] || J(בַּר I bh): empty, open; uncultivated ground, forest, prairie;; buffalo || J(בַּר ch): forest, prairie; living in the forest; wild || J(בַּר II ch): son, offspring; grandson; a scholar || J(בַּר III bh): clear, bright, clean, pure; bar || J(בַּר IV bh): sifted; grain
289	מקשי	47		REVIEW_GATE מקשאה/-/- "מקשן" n=47	{מקשי} n מקשן[k:def:midrash+bavli] ||   ##  {מקשאה} n מקשן[k:def:midrash+bavli] || J(מַקְשָׁאָה): one who raises objections, disputant
290	שאלונ	47		NO ANALYSIS	
291	שנאמרה	47		NO ANALYSIS	
292	בנתיימ	46		REVIEW_GATE בנתיימ/-/- "באמצע" n=46	{בנתיימ} adv באמצע[k:def:yerushalmi] || 
293	והוונ	46	והיו	הוה/pe.perf.3mp/w/irregular/reviewed choice	{הוה} v היה[r:reviewed:pe] || J(הַוָּה bh): change; misfortune || J(*הֵוָה): Ḥevah || J(הֲוָהּ): ah!
294	וחש	46		REVIEW_GATE חוש/-/w "ועבי · ודאג" n=46	{חוש} n עבי[k:def] ; דאג[k:def:bavli] || K: to be affected | Schmerz empfinden || J(חוּשׁ I): thick substance; knots || J(חוּשׁ II bh): to feel, press; to feel pain, be affected; to apprehend, consider || J(חוּשׁ ch): to feel, suffer, be troubled; to apprehend, care for; to be anxious, hasten to, flee
295	ופליג	46		AMBIGUOUS rev:פליג/ "וחולק" ~ פליג/ "והיה מחולק בדעות"	
296	חצייה	46		NO ANALYSIS	
297	סליק	46	עלה	סליק/-/-/reviewed/reviewed form: Krupnik סְלֵק "עלה"	
298	שלזהב	46		NO ANALYSIS	
299	דאמרינ	45	שאומרים	אמר/pe.ptcp.mp/d/irregular/the sense cited from yerushalmi	{אמר} v הלעיט[k:def:af:bavli] ; אמר[j:same:pe:targum+bavli+yerushalmi] ; טלה, כבש[h:wikt] || J(אָמַר I bh): to join, knot; to be knotted, thick;; to heap up;; to join words, compose || J(אֲמַר ch): they say, it is said; Inf; does this mean to say? || J(אָמַר II bh): to be thick, strong; to thrive; to boast, vaunt, be oppressive; to fatten || J(אִמַּר): lamb
300	והדא	45		REVIEW_GATE הדא/-/w "וזה, זאת" n=45	{הדא} other זה, זאת[k:def] || 
301	יהיב	45	נותן	יהיב/-/-/reviewed/reviewed form: יְהַב "to give" (Jastrow; = h. נָתַן), participle	
302	שמיע	45	שמע	שמיע/-/-/reviewed/reviewed form: Jastrow שְׁמַע ch. (h. שָׁמַע), passive participle — "שמיע ליה" = he has heard	
303	ואילינ	44		AMBIGUOUS rev:אילינ/ "ואלה" ~ אילינ/ "ואותם ש־"	
304	נאמרו	44		NO ANALYSIS	
305	נצרכה	44		NO ANALYSIS	
306	ספיקו	44		NO ANALYSIS	
307	קומיהונ	44		REVIEW_GATE קומי/n.sg+3mp/- "קומה שלהם" n=44	{קומי} n שיער[k:def:bavli] ; קומה[k:def:midrash] || K: before, in the presence of | in Gegenwart von || J(קוֹמֵי): before, in the presence of, prior to || J(קוֹמִי I): hair; the gentile fashion of cutting and wearing the hair; to trim the front of the hair
308	בעיינ	43		NO ANALYSIS	
309	בתריה	43	אחריו	pron:בתריה/fixed/-/pronominal/pronominal preposition table	
310	לחבריה	43	לחבירו	rev:חבריה/n.sg+3ms/l/reviewed-base/a proclitic on the reviewed form חבריה	
311	מחלפא	43		REVIEW_GATE חלפ/itpe.ptcp.fs/- "השתנה והתהפך" n=43	{חלפ} v חלף ועבר[k:def:pe:targum] ; החליף, המיר[k:def:bavli] ; השתנה והתהפך[k:def:itpe:targum] ; נצר[k:def:bavli] ; גומא[k:def:mishnah] ; הפך[k:def:yerushalmi] ; במקום[k:def] ; חלף[j:same:pe:targum+bavli+midrash] || J(חָלַף bh): to be smooth, glistening, sharp-edged; to cut; to pass by, be gone || J(חֲלַף I ch): to pass by, be gone; to pass repeatedly, promenade; to exchange || J(חִלֶף I): shoot; rush || J(חֵלֶף II): reversion || J(חֲלַף II): in place of, instead; change of order; clepsydra
312	סבא	43		REVIEW_GATE סבא/-/- "שתה לשכרה" n=43	{סבא} v שתה לשכרה[k:def:pe:targum] ; סבא[j:same:pe:targum+bavli] || K: a man’s name | männlicher Name || J(סָבָא III bh): to drink freely; soaked, satiated; porous || J(סְבָא ch): to retail wine; to satiate, soak; to lash
313	פלנ	43		REVIEW_GATE פלנ/-/- "פלוני" n=43	{פלנ} n פלוני[k:def:yerushalmi+bavli] ; פלוני[j:eq:yerushalmi+midrash+tanakh+bavli] || 
314	להכא	42		REVIEW_GATE הכא/-/l "לכאן" n=42	{הכא} adv כאן[k:def] || J(הָכָא): here, hither; in this case, now
315	קאימ	42	עמד, היה קיים · מי חלב	קומ/pe.ptcp.ms/-/irregular/two senses	{קאימ} n  || J(קָאֵים): standing, rising  ##  {קומ} v עמד, היה קיים[k:def:pe:bavli] ; מי חלב[k:def:mishnah] ; קום[j:same:pe:targum+bavli+midrash+yerushalmi+tanakh] ; העמיד[r:reviewed:af] || J(קוּם bh): to stand up, rise; to stand, exist; a transgression of a prohibitive law which you must re || J(קוּם ² ch): ḥălitsah; to ascertain; to bargain for || J(קוֹם): curdled milk, curd; whey; ḳom?
316	שלחבירו	42		NO ANALYSIS	
317	תפלוגתא	42		REVIEW_GATE תפלוגתא/-/- "מחלוקת" n=42	{תפלוגתא} n מחלוקת[k:def] || J(תַּפְלוּגְתָּא): difference of opinion
318	אייתי	41	הביא	אייתי/-/-/reviewed/reviewed form: אֲתָא Af. אַיְיתֵי "to bring" (Jastrow; = h. הֵבִיא)	{אייתי} v הביא[k:def:af:bavli] || 
319	אכיל	41	אוכל	אכיל/-/-/reviewed/reviewed form: Jastrow אֲכַל ch. (h. אָכַל), participle	
320	אמורינ	41		NO ANALYSIS	
321	וההנ	41	וזה	rev:ההנ/-/w/reviewed-base/a proclitic on the reviewed form ההנ	
322	וריש	41		NO ANALYSIS	
323	חבירתה	41		NO ANALYSIS	
324	כהדינ	41		NO ANALYSIS	
325	מיי	41		REVIEW_GATE מי/-/- "כאשר" n=41	{מי} ? לאחר[k:def:midrash] ; כאשר[k:def:yerushalmi] ; האם, כלום[k:def:bavli] || J(מִי I): from, of; because || J(מִי II ch): who?; which?; he who; who will?; Oh that! || J(מַי): what?; || J(מַי ²): water
326	נפיק	41	יוצא	נפיק/-/-/reviewed/reviewed form: Krupnik נְפַק "יצא", participle	{נפיק} n  || J(נָפִיק): quick, alert
327	עליהונ	41	עליהם	pron:עליהונ/fixed/-/pronominal/pronominal preposition table	
328	פלגא	41		REVIEW_GATE פלגא/-/- "מחצית" n=41	{פלגא} n מחצית[k:def:mishnah+bavli] ; איש ריב[k:def:bavli] || 
329	ובפניי	40		NO ANALYSIS	
330	לשיני	40		NO_HEBREW_SENSE שנ	{שנ} ? שן[j:same:targum+midrash+bavli+tosefta] || J(שֵׁן): tooth, tooth-like projection; the damage done by an animal’s eating; ubhiʿer || J(שֵׁן ² ch): the Cliff of Dor
331	מדרש	40		REVIEW_GATE מדרש/-/- "למוד" n=40	{מדרש} n למוד[k:def:midrash] ; ספר דרוש[k:def:bavli] || J(מִדְרָשׁ bh): textual interpretation; study; school, college; Midrash, homiletic book
332	מטי	40		REVIEW_GATE מטי/-/- "הגיע ובא" n=40	{מטי} v הגיע ובא[k:def:pe] ; נתבכר[k:def:pe:bavli] ; הביא[k:def:af] ; הלך[k:def:itpe:targum] ; מצא[j:eq:targum+bavli+midrash+yerushalmi] ; הוליך והביא[j:eq:targum+bavli+midrash+yerushalmi] || J(מְטֵי): to stretch, reach; to arrive at; to obtain; to happen to; to be ripe, ready
333	מיקל	40		REVIEW_GATE קיל/pe.inf/- "הקיל" n=40	{מיקל} ?  ||   ##  {קיל} n תא[k:def:midrash] ; היה קל[k:def:pe:bavli] ; הקיל[k:def:pe:yerushalmi] ; זלזל[k:def:af:yerushalmi] || J(קִיל I): enclosure, compartment || J(קִיל II): to be light; to be lenient; to make light of, treat with contempt
334	מכפרת	40		NO ANALYSIS	
335	שמועתא	40		REVIEW_GATE שמועתא/-/- "שמועה" n=40	{שמועתא} n בשורה, שמועה[k:def:targum] ; שמועה[j:same:targum+yerushalmi] || J(שְׁמוּעֲתָא ch): hearing; report, news; tradition, traditional decision, law
336	איילונית	39		REVIEW_GATE אילונית/-/- "עקרה" n=39	{אילונית} n עקרה[k:def:mishnah] || J(אַיְלוֹנִית): the man-like; barren, wombless, incapable of conception; aylonith
337	אשכחת	39		NO ANALYSIS	
338	גיטיכ	39		NO ANALYSIS	
339	ואינונ	39	והם	pron:אינונ/fixed/w/pronominal/pronominal preposition table	
340	והשיני	39		NO ANALYSIS	
341	וולד	39		NO ANALYSIS	
342	ומתניתא	39		REVIEW_GATE מתניתא/-/w "ומשנה" n=39	{מתניתא} n משנה[j:eq:targum+bavli+yerushalmi] || J(מַתְנִיתָא ch): Mishnah; collection of Mishnahs not embodied in the Mishnah of R. Judah; our Mishnah
343	יתבינ	39		REVIEW_GATE יתבא/n.pl/- "ישוב, מקום מושב" n=39	{יתבא} n ישוב, מקום מושב[k:def:targum] || J(יָתְבָא): dwelling places
344	כההיא	39		NO ANALYSIS	
345	לילי	39		REVIEW_GATE לילי/-/- "ליליות, רוחות הלילה" n=39	{לילי} n ליליות, רוחות הלילה[k:def:targum] || 
346	מיסב	39		REVIEW_GATE מיסב/-/- "מִיסַב אַפִּין משוא פנים" n=39	{מיסב} n מִיסַב אַפִּין משוא פנים[k:def:targum] ; משוא פנים[j:eq:targum] || J(מִיסַּב): taking, lifting up; partiality; dealing
347	שאיל	39		REVIEW_GATE שאל/-/- "חקר דבר מפי אחרים" n=39	{שאל} v ניתן בתורת שאילה[k:def:itpe:bavli] ; חקר ודרש[k:def:af:bavli] ; דרש, בקש[k:def:pe:targum] ; חקר דבר מפי אחרים[k:def:pe:yerushalmi] ; שאל[j:same:pe:targum+bavli+yerushalmi+midrash] || K: to borrow | entleihen || J(שָׁאַל bh): to ask, beg; to inquire, question; Nif.; to salute || J(שְׁאַל ch): to ask, inquire, beg.; to borrow; to ask, borrow
348	שלישראל	39		NO ANALYSIS	
349	תאינימ	39		NO ANALYSIS	
350	בטילה	38		AMBIGUOUS בטל/n.sg "אינו קיים · מחוסר עבודה" ~ בטלה/ "הבל וריק · חבוק ידים"	{בטל} v העביר, השבית[k:def:pa:mishnah] ; גרם בטלה[k:def:af:mishnah] ; אינו קיים[k:def:mishnah] ; מחוסר עבודה[k:def:tosefta] ; בטל[j:same:pe:targum+bavli+midrash] || J(בָּטֵל I bh): to be hollow; to be void, abolished, suspended; to cease to exist; Scroll of Fasts || J(בְּטֵל ch): annulled; neutralized; to be abolished, removed, undone; to be disturbed, to be forced to  || J(בָּטֵל II): null, void; vain.; vanities, absurdities; idle, unemployed, not needed
351	ביבנה	38		NO ANALYSIS	
352	האילו	38		NO ANALYSIS	
353	הב	38		NO_HEBREW_SENSE יהב	{הב} ?  ||   ##  {יהב} v  || J(יְהַב): to give; to deal; to put, place
354	חורנ	38		REVIEW_GATE חורנ/-/- "אחר" n=38	{חורנ} n אחר[k:def:yerushalmi+targum] || J(חוֹרָן): another, next; last; Fem.
355	ללמדכ	38		NO ANALYSIS	
356	מיעבד	38		REVIEW_GATE עבד/itpe.ptcp.ms/- "נעשה" n=38	{עבד} v תיקן והכשיר[k:def:bavli] ; עבד[j:same:pe:targum+bavli+midrash+yerushalmi] ; עבד[j:same:targum+midrash+bavli+yerushalmi] ; עשה[r:reviewed:pe] || K: to tan | gerben || J(עָבַד bh): to work; to serve, work for.; to do priestly service || J(עֲבַד I ch): to do, labor; to make; to act; to do, fare, prosper; to spend time || J(עֶבֶד bh): slave; servant || J(עֲבַד ch): worshipper
357	קדמייתא	38		NO ANALYSIS	
358	אכינ	37		REVIEW_GATE אכנ/-/- "כן" n=37	{אכינ} ?  || J(אָכֵין): thus, in this manner; otherwise;  ##  {אכנ} adv כן[k:def:yerushalmi] || 
359	אסיר	37	אסור	אסיר/-/-/reviewed/reviewed form: Jastrow אֲסַר ch. same (h. אָסַר), passive participle	{אסיר} n  || J(אָסִיר bh): prisoner. || J(אָסִיר ²): imprisoned, prisoner; tied, connected; forbidden
360	חצירות	37		NO ANALYSIS	
361	טפילה	37		REVIEW_GATE טפילה/-/- "החזקה" n=37	{טפילה} n החזקה[k:def] || J(טְפִילָה): care, sustenance
362	לגבוה	37		NO ANALYSIS	
363	גירושינ	36		NO ANALYSIS	
364	ויהב	36		NO_HEBREW_SENSE יהב	{יהב} v  || J(יְהַב): to give; to deal; to put, place
365	ותימר	36	ותאמר	אמר/pe.impf.2ms/w/irregular/the sense cited from yerushalmi	{אמר} v הלעיט[k:def:af:bavli] ; אמר[j:same:pe:targum+bavli+yerushalmi] ; טלה, כבש[h:wikt] || J(אָמַר I bh): to join, knot; to be knotted, thick;; to heap up;; to join words, compose || J(אֲמַר ch): they say, it is said; Inf; does this mean to say? || J(אָמַר II bh): to be thick, strong; to thrive; to boast, vaunt, be oppressive; to fatten || J(אִמַּר): lamb
366	כמשנה	36		REVIEW_GATE משנה/-/k "כלמוד · כמלמד, מורה" n=36	{משנה} n למוד[k:def:mishnah] ; מלמד, מורה[k:def] || K: Mishnah, the collection of oral laws edited by R. Judah ha-Nasi | Mischna, Kodex der mündlichen Lehre, redigiert von R. Jehuda ha-Nasi || J(מִשְׁנֶה I bh): lieutenant, viceroy || J(מִשְׁנֶה II bh): repetition; the Book of Deuteronomy; copy, duplicate || J(מִשְׁנָה): repetition, verbal teaching by
367	להודיעכ	36		NO ANALYSIS	
368	לקרוע	36		NO ANALYSIS	
369	ממשמע	36		NO ANALYSIS	
370	בשמונה	35		NO ANALYSIS	
371	דלמא	35		REVIEW_GATE דילמא/-/- "שמא, אולי" n=35	{דלמא} n  || K: perhaps | vielleicht || K: fact | Tatsache  ##  {דילמא} n שמא, אולי[k:def:bavli] ; עובדה[k:def:yerushalmi] ; מכסה[k:def] ; שמא[j:eq:tanakh+targum+bavli+midrash] || J(דִּילְמָא): for why; lest, perhaps; perhaps, it may be || J(דִּילְמָא ²): here is a confirmation; an illustration
372	האירוסינ	35		NO ANALYSIS	
373	הקיש	35		AMBIGUOUS היקש/ "השואה הגיונית" ~ נקש/af.perf.3ms "הכה בכלי זמר"	{הקיש} ?  ||   ##  {היקש} n השואה הגיונית[k:def:yerushalmi] || J(הֶיקֵּשׁ): clapping together; comparing, correspondence;; hekkesh
374	יודי	35		NO ANALYSIS	
375	לאילו	35		REVIEW_GATE אילו/-/l "ללו, אם" n=35	{אילו} other לו, אם[k:def:bavli] || J(אִילּוּ): but if; considering; whereas
376	מודו	35		NO ANALYSIS	
377	עליל	35	טיפל, עסק	עלל/pe.ptcp.ms/-/irregular/the sense cited from midrash	{עליל} n  || J(עֲלִיל bh): entrance; reality; really, undoubtedly  ##  {עלל} v טיפל, עסק[k:def:pe:midrash] ; נכנס[k:def:pe] ; בא[k:def:pe:targum] ; הביא[k:def:af:targum] ; הובא והושם[k:def:itpe:targum] ; עלל[j:same:pe:targum+yerushalmi+bavli+midrash+tanakh] ; הכניס[r:reviewed:af] || J(עָלַל bh): Pol. to bring about; to go about; to superintend, be busy || J(עֲלַל I ch): to enter a town, a house; to come in; to set || J(עֲלַל II): that which is brought in; harvest, provision; income; ʿălalta
378	קריבינ	35		NO_HEBREW_SENSE קריב	{קריב} n  || J(קָרֵיב): near, related
379	שלתרומה	35		NO ANALYSIS	
380	איפשי	34		REVIEW_GATE אפשי/-/- "רוצה אני" n=34	{אפשי} ? רוצה אני[k:def:yerushalmi] || 
381	באשת	34		NO ANALYSIS	
382	בהדא	34		REVIEW_GATE הדא/-/b "בזה, זאת" n=34	{הדא} other זה, זאת[k:def] || 
383	בההוא	34	באותו	בההוא/-/-/reviewed/reviewed form: ב + הַהוּא	
384	בפיאה	34		NO ANALYSIS	
385	דעתונ	34		NO ANALYSIS	
386	ואננ	34		AMBIGUOUS pron:אננ/fixed "ואנו" ~ אננ/ "ואנין"	
387	ודא	34	וזה	ודא/-/-/reviewed/reviewed form: ו + דָּא	
388	ויי	34		REVIEW_GATE וי/-/- "הוי" n=34	{וי} n הוי[k:def:bavli+targum] || J(וַי ch): woe;; oh! woe!; woe
389	ותייא	34		NO ANALYSIS	{ותייא} ?  || 
390	לחד	34		REVIEW_GATE חד/-/l "לאחד" n=34	{חד} particle אחד[k:def:bavli] ; אחד[j:eq:targum+yerushalmi+bavli] || J(חַד I bh): pointed, sharp; swift; Pl. || J(חַד II): one, singular, particular; like one; together, simultaneously
391	לרבנינ	34	לחכמים	rev:רבנינ/n.pl/l/reviewed-base/a proclitic on the reviewed form רבנינ	
392	לתרומ	34		NO ANALYSIS	
393	מלכא	34	מלך	מלכא/-/-/reviewed/reviewed form: Jastrow מַלְכָּא ch. = h. מֶלֶךְ	
394	מננ	34		HOMOGRAPH pron:מננ "ממנו" ~ m+ננ "מאנחנו"	{מננ} particle מהיכן[k:def:targum] || J(מְנָן): whence?
395	סלקונ	34	הסיר והעביר · הרים	סלק/pe.perf.3mp/-/irregular/two senses	{סלק} v הסיר והעביר[k:def:mishnah] ; הרים[k:def:bavli] ; התרחק[k:def:itpa:midrash] ; מת[k:def:itpa:tosefta] ; סלק[j:same:pe:targum+bavli+midrash] ; עָלָה[h:wikt] ; העלה[r:reviewed:af] || J(סָלַק): to go up, go away; to pile up; to remove; to cause cessation, suspend || J(סְלֵק ch): to rise, go up; to go away; to occur; to stop, hush, keep silence || J(סְלַק): to boil down
396	פתרינ	34		REVIEW_GATE פתר/n.pl/- "פשר ופתרון" n=34	{פתרינ} ?  ||   ##  {פתר} n פשר ופתרון[k:def:bavli+yerushalmi] ; פתר[j:same:pe:targum+bavli+yerushalmi+tanakh] || J(פָּתַר bh): to divide, spread; to solve; to interpret; to be interpreted, solved || J(פְּתַר I ch): to mollify, steep || J(פְּתַר II): solution, interpretation
397	צרותיהנ	34		NO ANALYSIS	
398	קביל	34	קיבל	קביל/-/-/reviewed/reviewed form: Jastrow קַבֵּל Pa. = h. קִבֵּל	
399	שלבית	34		NO ANALYSIS	
400	שמעית	34		NO ANALYSIS	
401	תנינתה	34		NO ANALYSIS	
402	תרתינ	34		REVIEW_GATE תרי/-/- "שנים" n=34	{תרי} v שרה במים[k:def:pe:bavli] ; התרה והזהיר[k:def:af:bavli] ; נשרה[k:def:itpe:targum] ; שנים[k:def:bavli] ; תרי[j:same:targum+bavli+midrash] ; שרה[j:eq:bavli+targum] || J(*תָּרַי): Taray || J(תרי): Hif.; to forewarn; to inform a person about to commit a criminal act of the penalty which  || J(תְּרֵי ch): Af. || J(תְּרֵי ²): to dissolve, soak; to be soaked || J(תְּרֵי ³): two; twelve
403	אתת	33	באה	אתא/pe.perf.3fs/-/irregular/reviewed choice	{אתא} v סימן[k:def:targum] ; בא[k:def:pe:bavli] ; הביא[r:reviewed:af] || J(אָתָא I): letter, sign || J(אֲתָא ch): to join; to come, to arrive; to occur to; surely, indeed || J(*אָתָא III): Great Bear, Ursa Major
404	דעתכ	33		NO ANALYSIS	
405	היפר	33		REVIEW_GATE היפר/-/- "הפרה וביטול" n=33	{היפר} n הפרה וביטול[k:def] || 
406	זימנינ	33	לפעמים	זימנינ/-/-/reviewed/reviewed form: Krupnik זִמְנִין "לפעמים"	
407	חייליה	33		NO ANALYSIS	
408	כמלוא	33		NO ANALYSIS	
409	מחוור	33		NO ANALYSIS	
410	מרינ	33		NO ANALYSIS	
411	קלינ	33		AMBIGUOUS_SENSE קל: קול | בת קול	{קל} v קול[j:eq:targum+bavli+yerushalmi+midrash] ; בת קול[j:eq:targum+bavli+yerushalmi+midrash] || J(קַל I): to be light || J(קַל II bh): light; unimportant, of minor value; easy to achieve; lowly, poor. || J(קַל III): voice, sound; rumor; divine voice
412	שלמטנ	33		NO ANALYSIS	
413	דאננ	32		AMBIGUOUS pron:אננ/fixed "שאנו" ~ אננ/ "שאנין"	
414	הילכו	32		NO ANALYSIS	
415	וודאי	32		NO ANALYSIS	
416	וחדא	32		REVIEW_GATE חדא/-/w "ואחד" n=32	{חדא} particle אחד[k:def:bavli] ; שמח[k:def:pe:bavli] || J(חֲדָא II): to be glad
417	ומיכנ	32		REVIEW_GATE מיכנ/-/w "ומכאן" n=32	{מיכנ} adv מכאן[k:def:targum] || 
418	זמינא	32		AMBIGUOUS זמינ/n.sg "מוכן ומזומן" ~ זמנ/pe.pass.fs "אהל מועד"	{זמינ} adj מוכן ומזומן[k:def:targum] || 
419	ימא	32		REVIEW_GATE ימא/-/- "ים" n=32	{ימא} ? ים[j:same:targum+bavli+midrash] || J(יַמָּא ch): Yammé
420	מאיליהנ	32		NO ANALYSIS	
421	מגילת	32		REVIEW_GATE מגלתא/n.sg/- "מגלה" n=32	{מגלתא} ? מגלה[j:eq:targum] || 
422	מכפרינ	32		NO ANALYSIS	
423	צורכא	32		REVIEW_GATE צורכא/-/- "צורך" n=32	{צורכא} ? צורך[j:same:targum+yerushalmi+mishnah+tanakh+midrash] || J(צוֹרְכָא ch): pl.; needed repair
424	שטח	32		NO_HEBREW_SENSE שטח	{שטח} v שטח[j:same:pe:targum+bavli+yerushalmi+midrash] || K: to prostrate oneself | sich (zum Gebet) hinwerfen || J(שָׁטַח bh): to spread, stretch; to prostrate one’s self || J(שְׁטַח ch): Pa.; to prostrate one’s self
425	תימא	32	תאמר	אמר/pe.impf.2ms/-/irregular/the sense cited from yerushalmi	{אמר} v הלעיט[k:def:af:bavli] ; אמר[j:same:pe:targum+bavli+yerushalmi] ; טלה, כבש[h:wikt] || J(אָמַר I bh): to join, knot; to be knotted, thick;; to heap up;; to join words, compose || J(אֲמַר ch): they say, it is said; Inf; does this mean to say? || J(אָמַר II bh): to be thick, strong; to thrive; to boast, vaunt, be oppressive; to fatten || J(אִמַּר): lamb
426	תלמידיו	32		NO ANALYSIS	
427	אתיננ	31	אנו באים	אתא/pe.ptcp.1pl/-/irregular/reviewed choice	{אתא} v סימן[k:def:targum] ; בא[k:def:pe:bavli] ; הביא[r:reviewed:af] || J(אָתָא I): letter, sign || J(אֲתָא ch): to join; to come, to arrive; to occur to; surely, indeed || J(*אָתָא III): Great Bear, Ursa Major
428	בגיטינ	31		NO ANALYSIS	
429	בתחילת	31		NO ANALYSIS	
430	דהוונ	31	שהיו	הוה/pe.perf.3mp/d/irregular/reviewed choice	{הוה} v היה[r:reviewed:pe] || J(הַוָּה bh): change; misfortune || J(*הֵוָה): Ḥevah || J(הֲוָהּ): ah!
431	טבאות	31		REVIEW_GATE טבאות/-/- "יפה, טוב" n=31	{טבאות} adv יפה, טוב[k:def:yerushalmi] || J(טָבָאוּת): in a; good manner, well, properly
432	למדנו	31		NO ANALYSIS	
433	מייתי	31	מביא	מייתי/-/-/reviewed/reviewed form: אֲתָא Af. "to bring" (Jastrow; = h. הֵבִיא), participle	
434	מיתנ	31		NO_HEBREW_SENSE יהב	{יהב} v  || J(יְהַב): to give; to deal; to put, place
435	מתיבינ	31		NO ANALYSIS	
436	נותני	31		NO ANALYSIS	
437	עבידה	31		NO ANALYSIS	
438	קיימה	31	עמד, היה קיים · מי חלב	קומ/pe.ptcp.fs/-/irregular/two senses	{קומ} v עמד, היה קיים[k:def:pe:bavli] ; מי חלב[k:def:mishnah] ; קום[j:same:pe:targum+bavli+midrash+yerushalmi+tanakh] ; העמיד[r:reviewed:af] || J(קוּם bh): to stand up, rise; to stand, exist; a transgression of a prohibitive law which you must re || J(קוּם ² ch): ḥălitsah; to ascertain; to bargain for || J(קוֹם): curdled milk, curd; whey; ḳom?
439	שלכל	31		NO ANALYSIS	
440	אזיל	30	הולך	אזיל/-/-/reviewed/reviewed form: Krupnik אֲזַל "הלך", participle	{אזיל} adj פחות ובטל[k:def:yerushalmi] || 
441	בהוא	30		NO_HEBREW_SENSE בהו	{בהו} n  || J(בֹּהוּ bh): chaotic condition; || J(בְּהוֹ ch): with, in them
442	ביומוי	30		NO ANALYSIS	
443	בלוד	30		NO ANALYSIS	
444	דבילה	30		REVIEW_GATE דבילה/-/- "עוגת תאנים מיובשות" n=30	{דבילה} n עוגת תאנים מיובשות[k:def:mishnah+yerushalmi] || J(דְּבֵילָה bh): a thick viscid mass, cake of pressed figs; fig used for pressing; Diblayim
445	דההוא	30		NO ANALYSIS	
446	דידיה	30	שלו	pron:דידיה/fixed/-/pronominal/pronominal preposition table	{דידיה} other שלי, שלו[k:def] || 
447	דעתהונ	30		NO_HEBREW_SENSE דעת	{דעת} n  || J(דַּעַת bh): knowledge, mind; temperament, physical disposition, constitution; to occur to one’s mind, 
448	דציפורינ	30		REVIEW_GATE ציפורי/-/d "של חבל עבות" n=30	{ציפורי} n חבל עבות[k:def] || J(צִיפּוֹרֵי): whirling waters; a knotted rope
449	ודלא	30	ושלא	ודלא/-/-/reviewed/reviewed form: ו + ד + לָא	
450	וההיא	30		NO ANALYSIS	
451	והורי	30	והורה	rev:הורי/-/w/reviewed-base/a proclitic on the reviewed form הורי	
452	יוונית	30		NO ANALYSIS	
453	ילפא	30		REVIEW_GATE ילפ/pe.ptcp.fs/- "לומדת" n=30	{ילפא} ?  || J(יִלְפָא): ship  ##  {ילפ} v למד[k:def:pe:targum] ; אוֹלֵף לימד[k:def:pa:yerushalmi+bavli] || 
454	שלראש	30		NO ANALYSIS	
455	שמיה	30	שמו	שמיה/-/-/reviewed/reviewed form: שְׁמָא (Jastrow ch. = h. שֵׁם) + ־יה	
456	תנייה	30		NO ANALYSIS	
457	תניינ	30		NO_HEBREW_SENSE תנאי	{תניינ} n  || J(תִּנְיָין): second, secondary; Fem  ##  {תנאי} n  || J(תְּנַאי): alternative,; stipulation, condition, agreement || J(תַּנַּאי): amah
458	תרויהונ	30		NO ANALYSIS	
459	איזיל	29		NO ANALYSIS	
460	בציפורינ	29		REVIEW_GATE ציפורי/-/b "בחבל עבות" n=29	{ציפורי} n חבל עבות[k:def] || J(צִיפּוֹרֵי): whirling waters; a knotted rope
461	דידכ	29	שלך	pron:דידכ/fixed/-/pronominal/pronominal preposition table	{דידכ} other שלך[k:def:bavli] || 
462	זכיי	29		NO ANALYSIS	
463	כולהמ	29		NO ANALYSIS	
464	לרבננ	29	לחכמים	לרבננ/-/-/reviewed/reviewed form: ל + רַבָּנָן (Krupnik: the sages)	
465	עלכ	29	עליך	pron:עלכ/fixed/-/pronominal/pronominal preposition table	
466	צריכא	29		REVIEW_GATE צריכ/-/- "צריך" n=29	{צריכא} n  || J(צְרִיכָא II): needy, poor man  ##  {צריכ} n צריך[j:eq:targum+bavli+yerushalmi] || J(צָרִיךְ): needing; needed; he; she, it; must || J(צְרִיךְ): to need || J(צְרִיךְ ²): it is doubtful; it is; necessary to state it.
467	אזלונ	28		NO ANALYSIS	
468	אלפיימ	28		NO ANALYSIS	
469	ביכורינ	28		REVIEW_GATE בכורא/n.pl/- "תאנה הממהרת לבשל" n=28	{בכורא} n תאנה הממהרת לבשל[k:def] || J(בִּכּוּרָא ch): early fig; first fruits
470	בשובתא	28		REVIEW_GATE שובתא/-/b "בשבת" n=28	{שובתא} n שבת[k:def:yerushalmi] || 
471	ואמרינ	28	ואומרים	אמר/pe.ptcp.mp/w/irregular/the sense cited from yerushalmi	{אמר} v הלעיט[k:def:af:bavli] ; אמר[j:same:pe:targum+bavli+yerushalmi] ; טלה, כבש[h:wikt] || J(אָמַר I bh): to join, knot; to be knotted, thick;; to heap up;; to join words, compose || J(אֲמַר ch): they say, it is said; Inf; does this mean to say? || J(אָמַר II bh): to be thick, strong; to thrive; to boast, vaunt, be oppressive; to fatten || J(אִמַּר): lamb
472	והוולד	28		NO ANALYSIS	
473	חכימ	28		REVIEW_GATE חכימ/-/- "חכם" n=28	{חכימ} adj חכם[k:def:bavli+targum] ; חכם[j:eq:targum+bavli+yerushalmi+mishnah] || J(חַכִּים II ch): wise; sage, scholar; Ḥakham; Ḥakham
474	ימול	28		NO ANALYSIS	
475	לחברייא	28	לחברים	rev:חברייא/n.pl/l/reviewed-base/a proclitic on the reviewed form חברייא	
476	מימור	28		REVIEW_GATE מור/pe.inf/- "לומר" n=28	{מור} v אמר[k:def:pe] || J(מוּר): Hif.; to exchange; to substitute a dedicated sacrifice || J(מוֹר bh): myrrh; lumps of gum
477	מיתני	28		REVIEW_GATE תני/itpa.ptcp.ms/- "נשנה" n=28	{תני} v חזר ועשה[k:def:pe:targum] ; לימד[k:def:pe:targum] ; קיבל ומסר הלכה[k:def:pe:bavli] ; שינה[k:def] ; דיבר, סיפר[k:def:targum] ; לימד[k:def:af] ; נכפל[k:def:itpe:targum] ; הוגד[k:def:itpe:targum] ; הוחד[k:def:itpe:targum] ; תני[j:same:pe:targum+bavli+mishnah+yerushalmi] ; שנה[r:reviewed:pe] || J(תני bh): to repeat; to tell; to stipulate, agree, make a condition || J(תְּנֵי ch): to repeat, do a second time; Pa.; to tell, relate; to teach || J(תְּנֵי II): to be pointed, sharp; to sharpen, to speak sharp words; to be sharpened
478	מלוכל	28		NO ANALYSIS	
479	משחשיכה	28		NO ANALYSIS	
480	רישיה	28	ראשו	רישיה/-/-/reviewed/reviewed form: רֵישׁ (Krupnik: ראש) + ־יה	
481	שלגוימ	28		NO ANALYSIS	
482	תלתינ	28		REVIEW_GATE תלת/n.pl/- "שלש" n=28	{תלת} v חילק לשלשה חלקים[k:def:pa:targum] ; עשה בפעם השלישית[k:def:pa:targum] ; נעשה בפעם השלישית[k:def:itpe:targum] ; שלש[j:eq:targum+bavli+yerushalmi] || J(תַּלֵּת): to divide into three parts; to do a third time; Part. pass || J(תְּלַת): three; on the third; thirteen
483	תניהו	28		NO ANALYSIS	
484	תריי	28		REVIEW_GATE תריי/-/- "שנים" n=28	{תריי} particle שנים[k:def] || 
485	איתמר	27	נאמר	איתמר/-/-/reviewed/reviewed form: Jastrow אֲמַר Ithpe. אִתְאֲמַר, contr. אִתְּמַר "it has been said" — the nif'al of the Hebrew entry אָמַר, נֶאֱמַר	
486	בבינונית	27		NO ANALYSIS	
487	בהדינ	27		NO ANALYSIS	
488	בשאיננ	27		NO ANALYSIS	
489	גביה	27		AMBIGUOUS pron:גביה/fixed "אצלו" ~ גביה/ "גבוה"	{גביה} n גבוה[j:eq:targum+yerushalmi] || 
490	דורשינ	27		NO ANALYSIS	
491	הנבילה	27		NO ANALYSIS	
492	חמותו	27		NO ANALYSIS	
493	טעמימ	27		REVIEW_GATE טעמ/n.pl/- "סבה · סימן ההפסק במקרא, נגינה" n=27	{טעמ} v סבה[k:def:bavli] ; סימן ההפסק במקרא, נגינה[k:def:bavli] ; טעם[j:same:tanakh+targum+bavli] ; צו, פקודה[h:wikt] || J(טָעַם bh): to be bright, wise; to examine, to taste, test, try, experience; to give to taste || J(טְעַם): to give to taste; to taste; tasted, touched || J(טַעַם bh): pleasure, will; sense, wisdom, sound reasoning; reason, cause, ground; the incisions, in t || J(טְעַם ² ch): pleasure, will.; good c
494	טריפה	27		NO ANALYSIS	{טריפה} n  || K: an animal afflicted with an organic disease | ein krankes Tier, das nicht mehr lebensfähig ist || K: being cast ashore | das Stranden || J(טְרִיפָה): tearing; being carried away by waves, being cast ashore; covering with leaves, night cover || J(טְרֵיפָה bh): an animal torn by a beast of prey; an
495	יוצדק	27		NO ANALYSIS	
496	מיטרא	27		REVIEW_GATE מיטרא/-/- "גשם, מטר" n=27	{מיטרא} n גשם, מטר[k:def:bavli] || 
497	ממועט	27		NO_HEBREW_SENSE מעט	{מעט} v הפחית, הוציא מן הכלל[k:def:pa:bavli] || J(מָעַט bh): to be thin, minute; at least; smallest || J(מְעַט I ch): to reduce; to exclude; to be reduced; to be excluded || J(מְעַט II bh): a little, little.
498	שלגוי	27		NO ANALYSIS	
499	שלמעלנ	27		NO ANALYSIS	
500	שלתענוג	27		NO ANALYSIS	
501	תופש	27		NO ANALYSIS	
502	תרתיי	27		NO ANALYSIS	
503	אמרית	26	אמרתי	אמר/pe.perf.1s/-/irregular/the sense cited from yerushalmi	{אמר} v הלעיט[k:def:af:bavli] ; אמר[j:same:pe:targum+bavli+yerushalmi] ; טלה, כבש[h:wikt] || J(אָמַר I bh): to join, knot; to be knotted, thick;; to heap up;; to join words, compose || J(אֲמַר ch): they say, it is said; Inf; does this mean to say? || J(אָמַר II bh): to be thick, strong; to thrive; to boast, vaunt, be oppressive; to fatten || J(אִמַּר): lamb
504	ביוצא	26		NO ANALYSIS	
505	בכהונה	26		NO ANALYSIS	
506	דכפר	26		NO ANALYSIS	
507	דמרינ	26		NO ANALYSIS	
508	דעבד	26	שעשה	דעבד/-/-/reviewed/reviewed form: ד + עֲבַד (Krupnik: עשה)	
509	הייתה	26		NO ANALYSIS	
510	ומשייר	26		NO ANALYSIS	
511	חבריה	26	חבירו	חבריה/-/-/reviewed/reviewed form: חַבְרָא (Jastrow ch. = h. חָבֵר) + ־יה	
512	טבא	26		REVIEW_GATE טבא/-/- "טוב" n=26	{טבא} adj טוב[k:def:bavli] ; שוה[k:def:yerushalmi] ; ראש ונשיא[k:def:yerushalmi] ; יותר[k:def:bavli] || J(טִבָּא): rumor
513	טבליי	26		NO ANALYSIS	
514	ידיימ	26		NO ANALYSIS	
515	לחבירתה	26		NO ANALYSIS	
516	לחומרינ	26		AMBIGUOUS_SENSE חומרא: אדן, בסיס | חמר	{חומרא} n צרור[k:def:bavli] ; חוליא[k:def] ; סכום[k:def:bavli] ; אדן, בסיס[k:def:targum] ; חמר[k:def:targum] || J(חוּמְרָא II): joint, knot, bead, amulet; color, stripes || J(חוּמְרָא III): accumulated sum, result of calculation || J(חוֹמְרָא): weight; socket
517	לידונ	26		NO_HEBREW_SENSE ילד	{ילד} v ילד[j:same:pe:targum+bavli+midrash+mishnah+tanakh] || J(יָלַד bh): to bear, bring forth; to beget; Hof; Part. pass || J(יְלֵד ch): to bear; to beget; to beget, produce; to act as midwife || J(יֶלֶד bh): child, young man; Fem.; girl, young woman
518	מילייא	26		REVIEW_GATE מילא/n.pl/- "מלה" n=26	{מילא} n מלה, דבר[k:def:targum] ; דבר, ענין[k:def] ; מיל[j:same:bavli+targum] ; מלה[j:eq:targum+yerushalmi+midrash+bavli+mishnah] || K: a sort of wool | eine Art Wolle || J(מֵילָא I): a lock of wool, woolly substance; fine wool; a cloak of fine wool || J(מֵילָא II): of itself || J(מִילָּא I): oak; quercus infectoria; quercus aegilops || J(מִילָּא II): word, command; thing, object, affair, subject; pollution
519	סברננ	26		NO ANALYSIS	
520	פוק	26	צא	פוק/-/-/reviewed/reviewed form: נְפַק (Krupnik: יצא), imperative	{פוק} v  || J(פּוּק bh): to go forth; to give forth, utter; to let pass, forego
521	ציבחד	26		NO ANALYSIS	
522	קליה	26		REVIEW_GATE קליא/n.sg/- "נחש ארסי" n=26	{קליא} n קלי, שבולת קלויה[k:def] ; נחש ארסי[k:def:targum] || J(קַלְיָא II): fiery; poisonous; serpent
523	שיטת	26		NO ANALYSIS	
524	אמרנ	25	אמרנו	אמר/pe.perf.1pl/-/irregular/the sense cited from yerushalmi	{אמר} v הלעיט[k:def:af:bavli] ; אמר[j:same:pe:targum+bavli+yerushalmi] ; טלה, כבש[h:wikt] || J(אָמַר I bh): to join, knot; to be knotted, thick;; to heap up;; to join words, compose || J(אֲמַר ch): they say, it is said; Inf; does this mean to say? || J(אָמַר II bh): to be thick, strong; to thrive; to boast, vaunt, be oppressive; to fatten || J(אִמַּר): lamb
525	בהיכרת	25		NO ANALYSIS	
526	דאמרי	25	שאומרים	אמר/pe.ptcp.mp/d/irregular/the sense cited from yerushalmi	{אמר} v הלעיט[k:def:af:bavli] ; אמר[j:same:pe:targum+bavli+yerushalmi] ; טלה, כבש[h:wikt] || J(אָמַר I bh): to join, knot; to be knotted, thick;; to heap up;; to join words, compose || J(אֲמַר ch): they say, it is said; Inf; does this mean to say? || J(אָמַר II bh): to be thick, strong; to thrive; to boast, vaunt, be oppressive; to fatten || J(אִמַּר): lamb
527	ואדיינ	25		REVIEW_GATE אדיינ/-/w "ועדיין" n=25	{אדיינ} adv עדיין[k:def:yerushalmi] || J(אֲדַיִין): until now; still, yet; as yet
528	ושאלונ	25		NO ANALYSIS	
529	ושרא	25		REVIEW_GATE שרא/-/w "ושר" n=25	{שרא} n שר[j:same:yerushalmi+midrash] || 
530	חמיי	25		NO ANALYSIS	
531	יתיבינ	25		NO ANALYSIS	
532	מיכא	25		REVIEW_GATE מיכא/-/- "מכאן" n=25	{מיכא} adv מכאן[k:def] || 
533	עילוי	25		REVIEW_GATE עילוי/-/- "על גבי · ערך, הערכה" n=25	{עילוי} n על גבי[k:def:bavli] ; ערך, הערכה[k:def:bavli] || J(עִילָוֵי): above, upon, around || J(עִילּוּי): going up; elevation; Pi.; valuation, value
534	פוחת	25		NO ANALYSIS	{פוחת} n  || J(פּוֹחֵת): a scraping tool, chisel
535	פליגי	25	חולקים	פליגי/-/-/reviewed/reviewed form: Krupnik פְּלַג "היה מחולק בדעות" (Bavli), participle plural	
536	שילה	25		NO ANALYSIS	{שילה} ?  || J(שִׁילֹה bh): Shilo; Shilo; Shila
537	שיער	25		REVIEW_GATE שער/-/- "אמד והעריך · שמר על השער" n=25	{שער} v אמד והעריך[k:def:mishnah] ; שמר על השער[k:def] ; נערך ונאמד[k:def:itpa:mishnah] ; היה שעיר[k:def:af:bavli] || J(שָׁעַר I bh): to keep the gate || J(שָׁעַר II bh): to divide, distribute; to apportion, estimate, measure, calculate; to superintend the mark || J(שְׁעַר ch): Pa.; to measure, calculate || J(שָׂעַר bh): to be rough; to shudder, fear; to grow hair, be hairy || J(שְׂעַר): Af. || J(שֵׂעָר bh): hair; 
538	אתאמרת	24	נאמרה	אמר/itpe.perf.3fs/-/irregular/the sense cited from yerushalmi; reflexive by the Hebrew nif'al	{אמר} v הלעיט[k:def:af:bavli] ; אמר[j:same:pe:targum+bavli+yerushalmi] ; טלה, כבש[h:wikt] || J(אָמַר I bh): to join, knot; to be knotted, thick;; to heap up;; to join words, compose || J(אֲמַר ch): they say, it is said; Inf; does this mean to say? || J(אָמַר II bh): to be thick, strong; to thrive; to boast, vaunt, be oppressive; to fatten || J(אִמַּר): lamb
539	באוריתא	24		NO ANALYSIS	
540	בבמה	24		NO ANALYSIS	
541	בניי	24		NO ANALYSIS	
542	גירש	24		NO ANALYSIS	
543	דידי	24	שלי	דידי/-/-/reviewed/reviewed form: דִּידִי "mine"	{דידי} other שלי, שלו[k:def] || 
544	דמייא	24		NO_HEBREW_SENSE דמ	{דמ} n דם[j:same:targum+bavli] || K: money, value, equivalent | Geld, Preis, Entgelt || J(דָּם): liquid; blood; life; fluid; murder || J(דָּם ² ch): blood; life; M’ah; congestion
545	הזייה	24		NO ANALYSIS	
546	היי	24		AMBIGUOUS_SENSE היי: זה, זאת | איזה	{היי} particle זה, זאת[k:def:yerushalmi] ; איזה[k:def:bavli+yerushalmi] || J(הַיי): this, that; which?; sheni
547	המוכנ	24		NO ANALYSIS	
548	הניית	24		NO ANALYSIS	
549	הפיאה	24		NO ANALYSIS	
550	ואתונ	24	ואתם	pron:אתונ/fixed/w/pronominal/pronominal preposition table	
551	חוורנ	24		NO ANALYSIS	
552	חמשינ	24		REVIEW_GATE חמשינ/-/- "חמשים" n=24	{חמשינ} particle חמשים[k:def:targum] || 
553	יהבינ	24		NO_HEBREW_SENSE יהב	{יהב} v  || J(יְהַב): to give; to deal; to put, place
554	יינתנו	24		NO ANALYSIS	
555	ילפה	24		NO ANALYSIS	
556	יסבור	24		NO ANALYSIS	
557	לסייג	24		NO ANALYSIS	
558	מאיכנ	24		NO ANALYSIS	
559	מצלי	24		NO ANALYSIS	
560	משכח	24		NO ANALYSIS	
561	נתונינ	24		NO ANALYSIS	
562	ספרא	24		REVIEW_GATE ספרא/-/- "מלמד" n=24	{ספרא} n ספר[k:def:bavli] ; סופר[k:def:bavli] ; מלמד[k:def:yerushalmi] ; ספר[j:eq:targum+bavli+yerushalmi] || K: a halakhic Midrash on Leviticus | ein halachischer Midrasch zum 3. Buch Mosis || K: name of an Amora | Name eines Amoräers || J(סִפְרָא ch): Biblical book; Pentateuch; Sifra; of the school
563	עשת	24		NO ANALYSIS	{עשת} v  || J(עֲשַׁת): to make strong, harden, forge; firmly determined; to forge || J(עֶשֶׁת bh): wrought metal, bar; polished block.; shen; column
564	קשייתה	24		NO ANALYSIS	
565	בניינ	23		REVIEW_GATE בניה/n.pl/- "אדרכל, כנוי לתלמיד חכם" n=23	{בניה} n אדרכל, כנוי לתלמיד חכם[k:def:yerushalmi] ; בנאי[j:eq:yerushalmi] || K: name of an Amora | Name eines Amoräers || J(בַּנָּיָה ch): builder
566	בעית	23	אתה רוצה	בעית/-/-/reviewed/reviewed form: בְּעֵי 3) "היה צריך, חפץ", participle 2nd person	{בעית} v נבהל[k:def:pe:bavli] || 
567	גלותא	23		REVIEW_GATE גלותא/-/- "גלות" n=23	{גלותא} n גלות[k:def] ; ראש הגולים בבבל[k:def] ; גלות[j:same:targum+bavli] || J(גָּלוּתָא ch): Resh-Galutha; exiles
568	דאינ	23		NO ANALYSIS	
569	דהדינ	23		NO ANALYSIS	
570	דהנ	23		AMBIGUOUS_SENSE דהנ: עשה שָמן | קבל ברצון	{דהנ} v היה שמן[k:def:pe] ; עשה שָמן[k:def:targum] ; הקריב קרבנות מחים[k:def] ; קבל ברצון[k:def:targum] ; נעשה שָמן[k:def] ; שמנונית[k:def] || J(דְּהַן I): to be fat || J(דְּהַן II): fat
571	דשמע	23		NO ANALYSIS	
572	החנווני	23		NO ANALYSIS	
573	התרייה	23		NO ANALYSIS	
574	וועדא	23		REVIEW_GATE וועדא/-/- "ועד" n=23	{וועדא} ? ועד[j:same:yerushalmi] || J(וַועֲדָא ch): college
575	ורבנ	23		NO ANALYSIS	
576	זומא	23		NO ANALYSIS	
577	טיבריא	23		NO ANALYSIS	
578	יתומינ	23		NO_HEBREW_SENSE יתומ	{יתומ} n יתום[j:same:targum+midrash] || J(יָתוֹם bh): by one’s self; single, alone, forsaken; fatherless, orphan, public charge || J(יָתוֹם ² ch): Fem.
579	לרבנ	23		NO ANALYSIS	
580	לתפילה	23		NO ANALYSIS	
581	מייעדה	23		NO ANALYSIS	
582	מינכ	23	ממך	pron:מינכ/fixed/-/pronominal/pronominal preposition table	
583	מקדישינ	23	מקדושים	rev:קדישינ/n.pl/m/reviewed-base/a proclitic on the reviewed form קדישינ	
584	נטבל	23		NO ANALYSIS	
585	נתפלל	23		NO ANALYSIS	
586	ערר	23		AMBIGUOUS_SENSE ערר: טענה	{ערר} v בא בטענה[k:def:pa:yerushalmi] ; טענה[k:def] ; ערר[j:same:pe:yerushalmi+targum] ; ערר[j:same:targum] || J(עָרַר): Pi.; to stir up; to protest, contest, object || J(עֲרַר I ch): to object; to stir up, incite || J(עֲרָר): protest, objection, claim
587	שליינ	23		NO ANALYSIS	
588	שלעצ	23		NO ANALYSIS	
589	שתא	23		REVIEW_GATE שתא/-/- "שנה" n=23	{שתא} n שנה[k:def:bavli] ; שנה[j:eq:targum+bavli+midrash] || J(שַׁתָּא): year
590	תאינה	23		NO ANALYSIS	
591	אימורינ	22		NO ANALYSIS	
592	בחדא	22		REVIEW_GATE חדא/-/b "באחד" n=22	{חדא} particle אחד[k:def:bavli] ; שמח[k:def:pe:bavli] || J(חֲדָא II): to be glad
593	בשומר	22		NO ANALYSIS	
594	בשעיר	22		NO ANALYSIS	
595	דילועינ	22		NO ANALYSIS	
596	ותומימ	22		REVIEW_GATE אור/n.pl/- "אש · ערב" n=22	{אור} n אש[k:def:mishnah] ; ערב[k:def:mishnah] ; אור[j:same:targum] || J(אוֹר I bh): to perforate, break through, shine; to be broken through, grow light; to break through, sh || J(אוֹר ch): clear || J(אוֹר II bh): breaking forth; break of day, light, day; fire;; rise, glory, power, happiness || J(אוּר I bh): light, flame;; the Urim and Tummim; Urim || J(*אוּר II): cha
597	חט	22		REVIEW_GATE חט/-/- "חטא, עוון" n=22	{חט} n חטא, עוון[k:def] || 
598	חמיינ	22		NO ANALYSIS	
599	חמתונ	22		NO_HEBREW_SENSE חמת	{חמת} v הכעיס[k:def:af:targum] || J(חֵמֶת bh): the skin of a goat; Bottle; bottle, bag. || J(חַמַּת): heat of;; through the heat of, from the effect of, in consequence of || J(חֲמֵת): to get hot, angry; to see; to make angry
600	כאילינ	22		REVIEW_GATE אילינ/-/k "כאותם ש־" n=22	{אילינ} other אותם ש־[k:def:yerushalmi] || J(אִילֵּין): these, those
601	כאינש	22	כאדם	rev:אינש/-/k/reviewed-base/a proclitic on the reviewed form אינש	
602	כשירות	22		REVIEW_GATE כשירות/-/- "חריצות" n=22	{כשירות} n חריצות[k:def] || 
603	לפוטרו	22		NO ANALYSIS	
604	לפניי	22		NO ANALYSIS	
605	מכתובתה	22		NO ANALYSIS	
606	ממלינ	22		NO ANALYSIS	
607	נסיב	22	נשא	נסיב/-/-/reviewed/reviewed form: Krupnik נְסַב "נשא, לקח"	
608	נשמעינה	22		NO ANALYSIS	
609	פלוגוותא	22		REVIEW_GATE פלוגתא/n.pl/- "וכוח, מחלוקת" n=22	{פלוגתא} n מחלקה[k:def:targum] ; וכוח, מחלוקת[k:def] ; הבדל[k:def] ; פלוגת[j:same:targum+midrash+bavli+yerushalmi] || K: name of a place | Ortsname || J(פְּלוּגְתָּא ch): separation; priestly; division
610	קונדיטונ	22		REVIEW_GATE קונדיטונ/-/- "בשמים לתבל בהם יין" n=22	{קונדיטונ} n יין מתובל בבשמים[k:def] ; בשמים לתבל בהם יין[k:def:yerushalmi] || J(קוֹנְדִּיטוֹן): spiced wine; ḥad; spices to be put in wine
611	רבכ	22		NO ANALYSIS	
612	תמכור	22		NO ANALYSIS	
613	אנטולינוס	21		NO ANALYSIS	
614	אפוי	21		NO_HEBREW_SENSE אפי	{אפי} v  || J(אפי ² bh): to heat, darken; to bake; pastry || J(אָפֵי): baking women, bakers; to be baked
615	בבלייא	21		REVIEW_GATE בבלאה/-/- "בבלי" n=21	{בבלאה} n בבלי[j:eq:targum+bavli+yerushalmi] || J(בַּבְלָאָה ch): Babylonian
616	בחד	21		REVIEW_GATE חד/-/b "באחד" n=21	{חד} particle אחד[k:def:bavli] ; אחד[j:eq:targum+yerushalmi+bavli] || J(חַד I bh): pointed, sharp; swift; Pl. || J(חַד II): one, singular, particular; like one; together, simultaneously
617	בשאמר	21		NO ANALYSIS	
618	דהוות	21	שהיתה	הוה/pe.perf.3fs/d/irregular/reviewed choice	{הוה} v היה[r:reviewed:pe] || J(הַוָּה bh): change; misfortune || J(*הֵוָה): Ḥevah || J(הֲוָהּ): ah!
619	דמיי	21		D_UNKNOWN_POS מי "של כאשר"	{מי} ? לאחר[k:def:midrash] ; כאשר[k:def:yerushalmi] ; האם, כלום[k:def:bavli] || J(מִי I): from, of; because || J(מִי II ch): who?; which?; he who; who will?; Oh that! || J(מַי): what?; || J(מַי ²): water
620	הזכות	21		NO ANALYSIS	
621	ואשכחונ	21		NO ANALYSIS	
622	וקמ	21	ועמד, היה קיים · ומי חלב	קומ/pe.perf.3ms/w/irregular/two senses	{קומ} v עמד, היה קיים[k:def:pe:bavli] ; מי חלב[k:def:mishnah] ; קום[j:same:pe:targum+bavli+midrash+yerushalmi+tanakh] ; העמיד[r:reviewed:af] || J(קוּם bh): to stand up, rise; to stand, exist; a transgression of a prohibitive law which you must re || J(קוּם ² ch): ḥălitsah; to ascertain; to bargain for || J(קוֹם): curdled milk, curd; whey; ḳom?
623	טעינ	21	טוען	טעינ/-/-/reviewed/reviewed form: Jastrow טְעַן "to load; to plead", participle	{טעינ} n  || J(טְעִין): laden, carrying
624	כניסיות	21		NO ANALYSIS	
625	לאבא	21		NO ANALYSIS	
626	להדא	21		REVIEW_GATE הדא/-/l "לזה, זאת" n=21	{הדא} other זה, זאת[k:def] || 
627	לוסר	21		NO ANALYSIS	
628	למפריעו	21		NO ANALYSIS	
629	מניכסי	21		NO ANALYSIS	
630	מקולי	21		NO ANALYSIS	
631	נכסיי	21		NO ANALYSIS	
632	פיסקא	21		REVIEW_GATE פיסקא/-/- "חתיכה" n=21	{פיסקא} n חתיכה[k:def:yerushalmi] ; מגבית[k:def:midrash] || 
633	קדירה	21		REVIEW_GATE קדירה/-/- "פרור, כלי בישול · נקב" n=21	{קדירה} n פרור, כלי בישול[k:def:bavli] ; נקב[k:def:bavli] || K: skull | Schädel || J(קְדִירָה): round segment, hole; ṭ’refah
634	ריבוא	21		NO_HEBREW_SENSE רבוא	{רבוא} n רבוא[j:same:targum] || J(רִבּוֹא bh): large amount; myriad, ten thousand
635	שלימינ	21		REVIEW_GATE שלימ/n.pl/- "שלם, תמים" n=21	{שלימ} adj שלם, תמים[k:def:targum+tanakh] || J(שְׁלִים): complete, perfect; whole, unimpaired; Fem.; peaceful, sincere, friendly.
636	שלכהנ	21		NO ANALYSIS	
637	שמשא	21		REVIEW_GATE שמשא/-/- "חמה, שמש" n=21	{שמשא} n חמה, שמש[k:def:midrash] ; קדחת[k:def:bavli] ; שמש[j:same:targum+bavli+midrash+tanakh] ; שמש[j:eq:targum+yerushalmi] || J(שִׁמְשָׁא ch): Pl.; at twilight; Friday evening, Sabbath eve || J(שַׁמָּשָׁא): prostitute
638	שעתא	21		REVIEW_GATE שעתא/-/- "שעה" n=21	{שעתא} n שעה[j:eq:targum+bavli+yerushalmi] || J(שַׁעְתָּא): while, time; hour
639	איתתא	20		REVIEW_GATE איתתא/-/- "אשה" n=20	{איתתא} n אשה[k:def] || 
640	בחצירות	20		NO ANALYSIS	
641	בעשייתו	20		NO ANALYSIS	
642	בקידושינ	20		NO ANALYSIS	
643	דידנ	20	שלנו	pron:דידנ/fixed/-/pronominal/pronominal preposition table	{דידנ} other שלנו[k:def:bavli] || 
644	הוייה	20		AMBIGUOUS_SENSE הויה: מציאות | חיתון | משא ומתן של הלכה	{הויה} n מציאות[k:def:bavli] ; חיתון[k:def] ; משא ומתן של הלכה[k:def:bavli] || J(הֲוָיָה): existence, status, condition, stability; Pi.; legal status of marriage
645	הימינה	20		NO ANALYSIS	
646	ואהנ	20		REVIEW_GATE אהנ/-/w "וההוא" n=20	{אהנ} n ההוא[k:def:yerushalmi] || J(אֲהָן): this, that, he who; this place, where; thereupon, then
647	ואמרונ	20	ואמרו	אמר/pe.perf.3mp/w/irregular/the sense cited from yerushalmi	{אמר} v הלעיט[k:def:af:bavli] ; אמר[j:same:pe:targum+bavli+yerushalmi] ; טלה, כבש[h:wikt] || J(אָמַר I bh): to join, knot; to be knotted, thick;; to heap up;; to join words, compose || J(אֲמַר ch): they say, it is said; Inf; does this mean to say? || J(אָמַר II bh): to be thick, strong; to thrive; to boast, vaunt, be oppressive; to fatten || J(אִמַּר): lamb
648	וכיני	20	וכן	rev:כיני/-/w/reviewed-base/a proclitic on the reviewed form כיני	
649	ומזיד	20		NO ANALYSIS	
650	חומרינ	20		AMBIGUOUS_SENSE חומרא: אדן, בסיס | חמר	{חומרא} n צרור[k:def:bavli] ; חוליא[k:def] ; סכום[k:def:bavli] ; אדן, בסיס[k:def:targum] ; חמר[k:def:targum] || J(חוּמְרָא II): joint, knot, bead, amulet; color, stripes || J(חוּמְרָא III): accumulated sum, result of calculation || J(חוֹמְרָא): weight; socket
651	טעמהונ	20		REVIEW_GATE טעמא/n.sg+3mp/- "סבה שלהם · טעם שלהם" n=20	{טעמא} n סבה[k:def:bavli] ; טעם[k:def] || J(טָעֲמָא): pleader.; pleaders
652	יוכיח	20		NO ANALYSIS	
653	יומוי	20		NO ANALYSIS	
654	ייעשו	20		NO ANALYSIS	
655	כנכסיו	20		NO ANALYSIS	
656	כסתמ	20		NO ANALYSIS	
657	כשירימ	20		NO ANALYSIS	
658	לגזירה	20		REVIEW_GATE גזירא/-/l "לגזרה" n=20	{גזירא} n חוק, פקודה[k:def] ; גזרה[j:eq:targum] || J(גְּזֵירָא ch): decree, law
659	להימנות	20		NO ANALYSIS	
660	לתמנ	20		NO ANALYSIS	
661	מאיליה	20		NO ANALYSIS	
662	מייבמינ	20		NO ANALYSIS	
663	נזירינ	20		NO_HEBREW_SENSE נזיר	{נזיר} n נזיר[j:same:targum+midrash+tanakh+bavli+yerushalmi] || K: a nazarite for life | ein Nasiräer fürs ganze Leben || J(נָזִיר bh): abstinent.; nazir, Nazarite; nazir || J(נָזִיר ² ch): same; Nazarite; crowned, nobleman
664	עיברוה	20		NO ANALYSIS	
665	קדמיתא	20		REVIEW_GATE קדמיתא/-/- "רוח קדים" n=20	{קדמיתא} n רוח קדים[k:def:yerushalmi] || 
666	קיימתיה	20		NO ANALYSIS	
667	שלבעל	20		NO ANALYSIS	
668	שלחולינ	20		NO ANALYSIS	
669	שלמשה	20		NO ANALYSIS	
670	שנינ	20		AMBIGUOUS שננ/pa.perf.3ms "ליטש וחידד" ~ שנא/n.pl "שנה"	{שננ} v ליטש וחידד[k:def:pa:targum] ; נלטש והוחד[k:def:itpe:targum] ; צוק סלע[k:def:mishnah] ; שנן[j:same:pe:targum] || J(שָׁנַן bh): to be pointed, sharp; to sharpen.; —Part. pass; sharpened || J(שְׁנַן ch): to sharpen; to be sharpened, polished || J(שָׁנָן): pointed rock, cliff.
671	אפיק	19	הוציא	אפיק/-/-/reviewed/reviewed form: נְפַק Af. (Jastrow: to take out)	{אפיק} v  || J(אָפִיק bh): to break through, go forth;; to be a free man, ruler; spring, rivulet
672	בבתו	19		NO ANALYSIS	
673	בגזילה	19		NO ANALYSIS	
674	במועדא	19		REVIEW_GATE מועד/-/b "במוזהר ומותרה" n=19	{מועד} adj מוזהר ומותרה[k:def:mishnah] ; מועד[j:same:targum+bavli+yerushalmi] || J(מוּעָד): forewarned; Muʿad; an animal whose owner stands forewarned || J(מוֹעֵד bh): appointed time, appointment; festive season, festival; the week-days intervening between t
675	במתכוינ	19		NO ANALYSIS	
676	בעומד	19		NO ANALYSIS	
677	בעליכ	19		NO ANALYSIS	
678	ברומי	19		REVIEW_GATE רומי/-/b "בלשון רומי" n=19	{רומי} adj הכרך והמדינה[k:def:midrash] ; לשון רומי[k:def:yerushalmi] || K: Roman | römisch; Römer || J(רוֹמִי II): Roman
679	גזילו	19		NO ANALYSIS	
680	דדמכ	19		REVIEW_GATE דמכ/-/d "שכבה" n=19	{דמכ} v ישן ונרדם[k:def:pe] ; מת[k:def:pe] ; כבה[k:def:pe:midrash] || J(דְּמַךְ): to sleep; to die, to lie in the grave; to feel the approach of death
681	דינונ	19		AMBIGUOUS_SENSE דנ: פה | מהזה | איזהו	{דינונ} other  || K: which; these; since they | welche, diese; da sie || J(דִּינוּן): zuz  ##  {דנ} n פה[j:eq:targum+midrash+bavli+tanakh] ; מהזה[j:eq:targum+midrash+bavli+tanakh] ; איזהו[j:eq:targum+midrash+bavli+tanakh] || J(דָּן bh): Dan; Dan; Paneas; || J(דֵּן): this, that; here; like this, thus
682	דרומיא	19		REVIEW_GATE דרומיא/-/- "דרומי" n=19	{דרומיא} ? דרומי[j:same:yerushalmi] || 
683	הדה	19		NO ANALYSIS	{הדה} particle  || J(הָדָה II): hoa! look out!; hada
684	הווי	19		REVIEW_GATE הוה/pe.ptcp.ms/- "הווה" n=19	{הוה} v היה[r:reviewed:pe] || J(הַוָּה bh): change; misfortune || J(*הֵוָה): Ḥevah || J(הֲוָהּ): ah!
685	הי	19		AMBIGUOUS_SENSE הי: איה, היכן	{הי} particle איה, היכן[k:def:bavli] || K: behold, here is | siehe, hier ist || K: which? | welcher? || J(הֵי II): behold, here is; helakh, the instantaneous delivery of the amount confessed; which? || J(הִי II): grief; woe! oh!
686	הילכתא	19	הלכה	הילכתא/-/-/reviewed/reviewed form: = h. הֲלָכָה	
687	הפרט	19		NO ANALYSIS	
688	ואזל	19		REVIEW_GATE אזל/-/w "והלך" n=19	{אזל} v הלך[k:def:pe:bavli] ; טוה[k:def:pe:bavli] || J(אֲזַל I bh): to be gone, to leave; to go; Imper; to depart life, die || J(אֲזַל II): to spin, weave
689	ווה	19		NO ANALYSIS	
690	ונקיבות	19		REVIEW_GATE נקבות/-/w "ואבר המין של אשה" n=19	{נקבות} n אבר המין של אשה[k:def:bavli] || K: the broadside of a double tool | die breite Seite eines spitzen Gegenstandes || J(נְקֵבוּת): female genitals, female sex; the broadside of a double tool
691	טיבלו	19		NO ANALYSIS	
692	כורחו	19		NO ANALYSIS	
693	כרב	19		REVIEW_GATE כרב/-/- "חרש" n=19	{כרב} v חרש[k:def:pe:bavli] ; ענד וקשר[k:def:af:targum] || J(*כְּרַב I): to surround, crown || J(כְּרַב II): to dig around; to plough
694	כתיפו	19		NO ANALYSIS	
695	להלכה	19		REVIEW_GATE הלכה/-/l "לחוק" n=19	{הלכה} n חוק[k:def:mishnah] || K: Halachha, the legislative part of the Talmud | der legislative Teil des Talmuds || J(הֲלָכָה): practice, adopted opinion, rule; a traditional law; a traditional interpretation of a writ
696	לטמונ	19		NO ANALYSIS	
697	לתמיד	19		NO ANALYSIS	
698	מניסנ	19		NO ANALYSIS	
699	מפקה	19		NO ANALYSIS	
700	מתקיימת	19		NO ANALYSIS	
701	סימפונ	19		REVIEW_GATE סימפונ/-/- "חוזה, התקשרות" n=19	{סימפונ} n חוזה, התקשרות[k:def:yerushalmi] ; תנאי המבטל את החוזה[k:def:bavli] ; קנה חלול שבריאה[k:def:bavli] || J(סִימְפּוֹן): ramification, interweaving; ramified blood-vessel, artery; bronchiae; cross-writing
702	עיבר	19		REVIEW_GATE עיבר/-/- "עבר" n=19	{עיבר} n עבר[j:eq:targum+bavli] || J(עֵיבַר I): traveller || J(עֵיבַר II): border, bank, side; ʿIbra Z’ʿera
703	עלונ	19		REVIEW_GATE עלל/pe.perf.3mp/- "טיפל, עסק" n=19	{עלונ} ?  ||   ##  {עלל} v טיפל, עסק[k:def:pe:midrash] ; נכנס[k:def:pe] ; בא[k:def:pe:targum] ; הביא[k:def:af:targum] ; הובא והושם[k:def:itpe:targum] ; עלל[j:same:pe:targum+yerushalmi+bavli+midrash+tanakh] ; הכניס[r:reviewed:af] || J(עָלַל bh): Pol. to bring about; to go about; to superintend, be busy || J(עֲלַל I ch): to enter a town, a house; to come in; to set || J(עֲלַל II): that which is brought in; harvest, provision; income; ʿălalta
704	עקביה	19		NO ANALYSIS	
705	עתידינ	19		NO_HEBREW_SENSE עתיד	{עתיד} n עתיד[j:same:targum+tanakh+bavli] || J(עָתִיד bh): standing; ready, designated; in future; the future || J(עֲתִיד ch): ready, destined; future
706	פדייה	19		REVIEW_GATE פדייה/-/- "גאולה ופדיון" n=19	{פדייה} n גאולה ופדיון[k:def:bavli] || 
707	פריטינ	19		AMBIGUOUS פרט/pe.ptcp.mp "פותחים" ~ פריטא/n.pl "פרוטה"	{פרט} v פתח[k:def:midrash] ; פצח[k:def:mishnah] ; החליף מעות גדולות בקטנות[k:def:mishnah] ; ביאר בפירוש[k:def:bavli] ; נבקע[k:def:itpe:mishnah] ; דבר בודד ומיוחד[k:def] ; פרט[j:same:pe:bavli+midrash] ; פרט[j:same:targum] || J(פָּרַט bh): to split, open; to break into small change, to change money; to single out, specify || J(פְּרַט ch): to break, divide.; to specify; to belittle, talk against, sneer at || J(פֶּרֶט bh): single grapes; pereṭ, grapes fallen off during cutting, poor man’s share; pereṭ || J(פְּרָט): that wh
708	ציפורינ	19		REVIEW_GATE ציפורי/-/- "חבל עבות" n=19	{ציפורי} n חבל עבות[k:def] || J(צִיפּוֹרֵי): whirling waters; a knotted rope
709	קופד	19		REVIEW_GATE קופד/-/- "חתיכת בשר" n=19	{קופד} n חתיכת בשר[k:def:yerushalmi] ; קפוד[k:def:targum] || J(קוּפָּד bh): hedgehog
710	קרויינ	19		REVIEW_GATE קרי/pe.ptcp.mp/- "עיר, קריה" n=19	{קרי} n עיר, קריה[k:def:targum] ; קרי[j:same:pe:targum+bavli+midrash+tanakh+yerushalmi+other] ; קרי[j:same:pe:bavli] || J(קרי ² bh): to call, name; to invite; yeraëh; those called up to read from the Torah || J(קְרֵי I ch): to call, name, invite; to read; evil || J(קרי ³): to join; to meet; to meet, join || J(קְרֵי II ch): to join; to do something by accident; to happen || J(קרי ⁴): Pi.; to lay beams; to cover; to wa
711	רקיע	19		REVIEW_GATE רקיע/-/- "מפורסם" n=19	{רקיע} adj מפורסם[k:def:bavli] ; רקיע[j:same:targum+bavli] || J(רָקִיעַ bh): expanse, sky; Raḳiʿa
712	שאיפשר	19		NO ANALYSIS	
713	שלמעשר	19		NO ANALYSIS	
714	שלראשונ	19		NO ANALYSIS	
715	תיאכל	19		NO ANALYSIS	
716	תלמידיה	19		NO_HEBREW_SENSE תלמיד	{תלמיד} n  || J(תַּלְמִיד bh): scholar, disciple
717	אבוכ	18		NO ANALYSIS	
718	איסורה	18		NO ANALYSIS	
719	אלפנ	18		NO ANALYSIS	
720	אשכחננ	18		NO ANALYSIS	
721	בשוקא	18		REVIEW_GATE שוקא/-/b "בשוק" n=18	{שוקא} n שוק[j:same] ; שוק[j:eq:midrash] ; שוק[j:eq:targum+bavli+midrash+yerushalmi] || J(שׁוּקָא): desire, pleasure, satisfaction || J(שׁוּקָא II): market, open place, street
722	דייכ	18		NO_HEBREW_SENSE דוכ	{דוכ} n מנהיג ונשיא[k:def:yerushalmi] ; מקום[k:def:bavli] ; דוך[j:same:pe:targum+bavli] || J(דּוּךְ I bh): to pound, break; to designate, mark off; to be pounded, crushed || J(דּוּךְ ch): to extinguish || J(דּוּךְ II): to muster; marked off, pointed out; place, stand, hall || J(דּוּךְ III): leader, chief commander
723	הורייה	18		NO ANALYSIS	
724	הסנדלר	18		NO ANALYSIS	
725	ואיפשר	18		REVIEW_GATE אפשר/-/w "ושמא, אולי" n=18	{אפשר} adv שמא, אולי[k:def:midrash] || K: it is) possible | (es ist) möglich || K: something possible | das Mögliche || J(אֶפְשַׁר): division, space between, alternative; possibility; it is possible
726	ואמרית	18		REVIEW_GATE אמר/pe.perf.1s/w "ואמרתי" n=18	{אמר} v הלעיט[k:def:af:bavli] ; אמר[j:same:pe:targum+bavli+yerushalmi] ; טלה, כבש[h:wikt] || J(אָמַר I bh): to join, knot; to be knotted, thick;; to heap up;; to join words, compose || J(אֲמַר ch): they say, it is said; Inf; does this mean to say? || J(אָמַר II bh): to be thick, strong; to thrive; to boast, vaunt, be oppressive; to fatten || J(אִמַּר): lamb
727	והיי	18		AMBIGUOUS_SENSE היי: זה, זאת | איזה	{היי} particle זה, זאת[k:def:yerushalmi] ; איזה[k:def:bavli+yerushalmi] || J(הַיי): this, that; which?; sheni
728	וחביריו	18		NO ANALYSIS	
729	וכלל	18		NO ANALYSIS	
730	ועבדינ	18		REVIEW_GATE עבד/n.pl/w "ועשה" n=18	{עבד} v תיקן והכשיר[k:def:bavli] ; עבד[j:same:pe:targum+bavli+midrash+yerushalmi] ; עבד[j:same:targum+midrash+bavli+yerushalmi] ; עשה[r:reviewed:pe] || K: to tan | gerben || J(עָבַד bh): to work; to serve, work for.; to do priestly service || J(עֲבַד I ch): to do, labor; to make; to act; to do, fare, prosper; to spend time || J(עֶבֶד bh): slave; servant || J(עֲבַד ch): worshipper
731	וקורה	18		NO ANALYSIS	
732	חש	18		REVIEW_GATE חוש/-/- "עבי · דאג" n=18	{חוש} n עבי[k:def] ; דאג[k:def:bavli] || K: to be affected | Schmerz empfinden || J(חוּשׁ I): thick substance; knots || J(חוּשׁ II bh): to feel, press; to feel pain, be affected; to apprehend, consider || J(חוּשׁ ch): to feel, suffer, be troubled; to apprehend, care for; to be anxious, hasten to, flee
733	ייאוש	18		NO ANALYSIS	
734	לההוא	18	לאותו	לההוא/-/-/reviewed/reviewed form: ל + הַהוּא "that"	
735	למקרא	18		NO ANALYSIS	
736	לקיחה	18		REVIEW_GATE לקיחה/-/- "נשואין" n=18	{לקיחה} n אחיזה ביד[k:def] ; קנין[k:def:midrash] ; נשואין[k:def:yerushalmi] || J(לְקִיחָה): taking, seizing; purchase, acquisition; taking a wife, betrothal
737	מדרשא	18		AMBIGUOUS_SENSE מדרשא: מדרש | בית המדרש	{מדרשא} n דרוש[k:def:midrash] ; בית מדרש[k:def:targum] ; מדרש[j:same:midrash+targum+bavli+yerushalmi] ; בית המדרש[j:eq:midrash+targum+bavli+yerushalmi] || 
738	מית	18		REVIEW_GATE מית/-/- "מות" n=18	{מית} v מות[j:eq:targum+bavli+yerushalmi] || J(מִית I ch): to die, be dead; Part.; to cause death, slay || J(מִית II): dead; corpse
739	משנישאת	18		NO ANALYSIS	
740	מתחילתו	18		NO ANALYSIS	
741	נאמרה	18		NO ANALYSIS	
742	נבילות	18		NO_HEBREW_SENSE נבלה	{נבלה} n  || J(נְבֵלָה bh): carrion, an animal that has died a natural death; an animal not slaughtered according to t || J(נְבָלָה bh): meanness, obscenity; destruction
743	נגרי	18		AMBIGUOUS_SENSE נגר: נמשך, ארך | זב, נזל | ניסר במשור | חרש עץ | בריח	{נגר} v עשה מלאכת הנגר[k:def:pa] ; נמשך, ארך[k:def:pe:targum] ; זב, נזל[k:def:pe:targum] ; ניסר במשור[k:def:pe:targum] ; סגר את הבריח[k:def:pa:targum] ; חרש עץ[k:def:targum] ; בריח[k:def:mishnah+targum] ; נגר[j:same:pe:targum] ; נגר[j:same:targum+bavli+yerushalmi] || J(נָגַר bh): to carry along, roll; Nif.; to scrape, to saw || J(נְגַר ch): to scrape, plane, saw; to be prolonged, continue; to run along, flow || J(נַגָּר): carpenter, turner; artisan; skillful || J(נַגָּר ² ch): wood-cock; naggar ṭura; artist, master || J(נָגָר): trimmed chip; door-bolt, pin
744	ספיקה	18		REVIEW_GATE ספוק/-/- "דיות" n=18	{ספיקה} n  || J(סְפֵיקָה II): doubt;  ##  {ספוק} n חיבור[k:def:mishnah] ; דיות[k:def:targum] || 
745	פיתא	18		REVIEW_GATE פיתא/-/- "פת" n=18	{פיתא} n לחם לחם, פת[k:def:bavli] ; פת[j:eq:targum+bavli+yerushalmi] || J(פִּיתָּא): piece, bread
746	פלוגתא	18		REVIEW_GATE פלוגתא/-/- "וכוח, מחלוקת" n=18	{פלוגתא} n מחלקה[k:def:targum] ; וכוח, מחלוקת[k:def] ; הבדל[k:def] ; פלוגת[j:same:targum+midrash+bavli+yerushalmi] || K: name of a place | Ortsname || J(פְּלוּגְתָּא ch): separation; priestly; division
747	צונינ	18		REVIEW_GATE צונינ/-/- "מים קרים" n=18	{צונינ} n מים קרים[k:def] || 
748	קדמייא	18		REVIEW_GATE קדמיתא/n.pl/- "רוח קדים" n=18	{קדמיתא} n רוח קדים[k:def:yerushalmi] || 
749	שאילת	18		NO ANALYSIS	
750	שיחלוצ	18		NO ANALYSIS	
751	שכאנ	18		NO ANALYSIS	
752	שלארבעה	18		NO ANALYSIS	
753	שליומ	18		NO ANALYSIS	
754	שלתורה	18		NO ANALYSIS	
755	תנייו	18		NO ANALYSIS	
756	תרתי	18		REVIEW_GATE תרתי/-/- "שתים" n=18	{תרתי} particle שתים[k:def:targum+bavli] || 
757	אילולא	17		REVIEW_GATE אילולא/-/- "לולא" n=17	{אילולא} other לולא[k:def:yerushalmi+midrash] || J(אִילּוּלָא bh): were it not, but for; if indeed, if; oh that!
758	אישר	17		REVIEW_GATE אשר/-/- "קיים והעיד" n=17	{אישר} other  || K: good luck! | Glück auf! || J(אַיְשַׁר): good luck!  ##  {אשר} v קיים והעיד[k:def:yerushalmi] ; חיזק[k:def:bavli] ; האמין[k:def:bavli] ; אשר[j:same:pe:targum+bavli] || J(אֲשֶׁר bh): being; who, which || J(אָשַׁר bh): to exist, be strong, happy;; to exalt, praise, declare happy; to substantiate; to verify,  || J(אֲשַׁר ch): Ithpe.; to be strengthened; to make strong || J(אֶשֶׁר bh): happiness of!, happy is he, are they
759	בגבו	17		NO ANALYSIS	
760	בנכסייכ	17		NO ANALYSIS	
761	בעייא	17		REVIEW_GATE בעייא/-/- "משתוקק" n=17	{בעייא} adj משתוקק[k:def:yerushalmi] || J(בָּעְיָיא): desirous
762	בקיבת	17		NO ANALYSIS	
763	בקליפי	17		NO ANALYSIS	
764	ברוצה	17		NO ANALYSIS	
765	בריכה	17		REVIEW_GATE בריכה/-/- "נפילה על הברכים" n=17	{בריכה} n נפילה על הברכים[k:def:yerushalmi] ; נצר יוצא משורש עץ[k:def:bavli] || K: brood | Brut || J(בְּרִיכָה): bending the knee; knee, young shoot.; brood || J(בְּרֵיכָה bh): pond, lake.; b’rekhah
766	גזירת	17		NO ANALYSIS	
767	דטיבריא	17		NO ANALYSIS	
768	דיורינ	17		AMBIGUOUS_SENSE דיור: שוכר דירה	{דיור} n שוכר דירה[k:def] || J(דְּיוֹר): dwelling; temporary residence, lodging || J(דַּיּוֹר): inhabitant, lodger, tenant; dayyorin? || J(דַּיּוֹר ²): traveller, pedlar; proselyte; innkeeper
769	דכהנא	17		NO ANALYSIS	
770	דמיא	17		REVIEW_GATE מיא/-/d "של מים" n=17	{מיא} n מים[k:def:bavli] || J(מַיָּא ch): water
771	דנא	17		REVIEW_GATE דנא/-/- "זה" n=17	{דנא} n זה[k:def:yerushalmi] ; חבית גדולה[k:def:bavli] ; הגה, דיבר[k:def:pe:targum] || J(דָּנָא): a cylindrical vessel, jar
772	ובגליל	17		NO ANALYSIS	
773	וגירשה	17		NO ANALYSIS	
774	ויתיביניה	17		NO ANALYSIS	
775	ושעורינ	17		NO_HEBREW_SENSE שעורה	{שעורה} n  || J(שְׂעוֹרָה bh): panicle; barley, barley-corn
776	ותניי	17		REVIEW_GATE rev:תניי/-/w "ותנאים" n=17	
777	זיזא	17		REVIEW_GATE זיזא/-/- "זיז" n=17	{זיזא} ? זיז[j:same:targum+bavli+midrash] ; זיז[j:eq:targum] || J(זִיזָא I ch): pl.; Pl.
778	זיכר	17		NO ANALYSIS	
779	חמתיה	17		NO ANALYSIS	
780	חנווני	17		REVIEW_GATE חנווני/-/- "בעל חנות" n=17	{חנווני} n בעל חנות[k:def:bavli] || J(חֶנְוָונִי): shop-keeper, salesman; tavern-keeper; Fem.
781	ירחא	17		REVIEW_GATE ירחא/-/- "יֶרח, חודש" n=17	{ירחא} n יֶרח, חודש[k:def] || 
782	כבת	17		NO ANALYSIS	
783	למיעבד	17	לעשות	למיעבד/-/-/reviewed/reviewed form: עֲבַד (Krupnik: עשה) infinitive + ל	
784	לקרית	17		NO ANALYSIS	
785	מדלגינ	17		NO ANALYSIS	
786	מזיגת	17		NO ANALYSIS	
787	מחוי	17		REVIEW_GATE מחוי/-/- "מרוח אשך" n=17	{מחוי} n מרוח אשך[k:def:midrash] ; תרפים[k:def:targum] || J(מְחַוֵּי): idolatrous oracles || J(מָחוּי): dissolved, watery; wasted by dissipation; blotted out
788	מיעול	17		REVIEW_GATE עלל/pe.inf/- "טיפל, עסק" n=17	{עלל} v טיפל, עסק[k:def:pe:midrash] ; נכנס[k:def:pe] ; בא[k:def:pe:targum] ; הביא[k:def:af:targum] ; הובא והושם[k:def:itpe:targum] ; עלל[j:same:pe:targum+yerushalmi+bavli+midrash+tanakh] ; הכניס[r:reviewed:af] || J(עָלַל bh): Pol. to bring about; to go about; to superintend, be busy || J(עֲלַל I ch): to enter a town, a house; to come in; to set || J(עֲלַל II): that which is brought in; harvest, provision; income; ʿălalta
789	מפירות	17		NO ANALYSIS	
790	מצווינ	17		NO ANALYSIS	
791	מתחילת	17		NO ANALYSIS	
792	נחית	17	יורד	נחית/-/-/reviewed/reviewed form: Krupnik נְחַת "ירד", participle	
793	נמצאתה	17		NO ANALYSIS	
794	נקיבות	17		REVIEW_GATE נקבות/-/- "אבר המין של אשה" n=17	{נקבות} n אבר המין של אשה[k:def:bavli] || K: the broadside of a double tool | die breite Seite eines spitzen Gegenstandes || J(נְקֵבוּת): female genitals, female sex; the broadside of a double tool
795	נתגייר	17		NO ANALYSIS	
796	נתוודע	17		NO ANALYSIS	
797	ספיקות	17		AMBIGUOUS_SENSE ספק: היה מסופק | היה די	{ספק} v חיבר וצירף[k:def:mishnah] ; השביר והמציא[k:def:bavli] ; נתן זמן ואפשרות[k:def:af:midrash] ; נהנה[k:def:bavli] ; היה מסופק[k:def:yerushalmi] ; היה מסופק[k:def:targum] ; היה די[k:def:targum] ; היה שמח בחלקו[k:def:itpe:targum] ; שפק, די אפשרות[k:def:tosefta] ; דבר שאינו ודאי, פקפוק[k:def:bavli] ; ספק[j:same:pe:targum] ; ספק[j:same:pe:targum+bavli+midrash] || K: to clap the hands | die Hände zusammenschlagen || K: to have sufficient time or power | Zeit oder Möglichkeit haben || J(סָפַק I bh): Pi.; to strike, clap; to clap the hands against the hips to a certain tune || J(סְפַק ch): to strike, knock; to clap hands || J(סָפַק II bh): to divide, distribute
798	עולמו	17		NO ANALYSIS	
799	עומרינ	17		REVIEW_GATE עומרא/n.pl/- "עומר" n=17	{עומרא} ? עומר[j:same:targum] || J(עוּמְרָא ch): sheaf.; Omer
800	עמהונ	17		REVIEW_GATE pron:עמהונ/fixed/- "עמהם" n=17	
801	צווחינ	17		NO ANALYSIS	
802	קיניינ	17		NO ANALYSIS	{קיניינ} ?  || 
803	שביהודה	17		NO ANALYSIS	
804	שילוח	17		NO_HEBREW_SENSE שילוח	{שילוח} n שילוח[j:same:targum+bavli] || J(שִׁילּוּחַ bh): sending away, letting go; banishment, exile; letting loose, visitation
805	שיצטרפו	17		NO ANALYSIS	
806	שלארונ	17		NO ANALYSIS	
807	שתקנה	17		NO ANALYSIS	
808	אדיינ	16		REVIEW_GATE אדיינ/-/- "עדיין" n=16	{אדיינ} adv עדיין[k:def:yerushalmi] || J(אֲדַיִין): until now; still, yet; as yet
809	אייתונ	16		NO ANALYSIS	
810	אימיה	16	אמו	אימיה/-/-/reviewed/reviewed form: אִימָּא (Jastrow: mother) + ־יה	
811	אמתא	16		REVIEW_GATE אמתא/-/- "אמה" n=16	{אמתא} n אמה[k:def:bavli] ; שפחה[k:def:bavli] ; אמה[j:eq:targum+yerushalmi+bavli] || J(אַמְּתָא ch): cubit; membrum virile; enclosure; protection || J(אַמְתָא): hand-maid
812	אנינה	16		REVIEW_GATE אנינה/-/- "אבילות ראשונה, שלפני הקבורה" n=16	{אנינה} n אבילות ראשונה, שלפני הקבורה[k:def:bavli] || J(אֲנִינָה): grief, retired mourning; ăninah; ăninah?
813	ארעא	16		REVIEW_GATE ארעא/-/- "אדמה, ארץ" n=16	{ארעא} n אדמה, ארץ[k:def:bavli+targum] ; מקרה[k:def:targum] ; פגע[k:def] || J(אִרְעָא): accident, occurrence; evils, diseases || J(אַרְעָא): land, earth, ground, field; gout, sore on the toes; fields
814	ביעורו	16		NO ANALYSIS	
815	ביש	16		AMBIGUOUS_SENSE ביש: רע | חולה	{ביש} adj רע[k:def:midrash] ; חולה[k:def:midrash] ; רַע[h:wikt] || J(בִּישׁ I): bad, wrong; ill, sick; the sick
816	בכנישתא	16		REVIEW_GATE כנישתא/-/b "בבית הכנסת" n=16	{כנישתא} n אספה, קהל[k:def:targum] ; בית הכנסת[k:def:bavli] ; מטאטא[k:def] || 
817	במחוייבי	16		NO ANALYSIS	
818	במקדיש	16		NO ANALYSIS	
819	בעו	16	שאלו	בעו/-/-/reviewed/reviewed form: Krupnik בְּעֵי 1) "שאל", perfect plural	{בעו} n בקשה[k:def] || J(בָּעוּ): prayer; I pray
820	בעושה	16		NO ANALYSIS	
821	בקדמיתא	16	בתחילה	בקדמיתא/-/-/reviewed/reviewed form: Jastrow בְּקַדְמֵיתָא "at first"	
822	בקלה	16		NO ANALYSIS	
823	גידול	16		REVIEW_GATE גידול/-/- "חנוך, טִפוח" n=16	{גידול} n חנוך, טִפוח[k:def:bavli] || J(גִּידּוּל): rearing; growth; raising to dignity, elevation
824	דבריי	16		NO ANALYSIS	
825	דינא	16		REVIEW_GATE דינא/-/- "דין ומשפט" n=16	{דינא} n דין ומשפט[k:def:bavli] ; ריב[k:def] ; שופט[k:def] || 
826	דקיקינ	16		REVIEW_GATE דקיק/n.pl/- "קטן, דק" n=16	{דקיק} adj קטן, דק[k:def:targum+yerushalmi] ; קטן, דק[k:def:targum+yerushalmi] || J(דַּקִּיק): broken, powdered, pounded; minute, tender, little, young; minors
827	דרשינ	16		NO ANALYSIS	
828	הויינ	16	היו	הויינ/-/-/reviewed/reviewed form: הֲוָא (reviewed: היה), plural	
829	המיניינ	16		NO ANALYSIS	
830	השיריימ	16		NO ANALYSIS	
831	ובלחוד	16		NO ANALYSIS	
832	חבריא	16		REVIEW_GATE חבר/n.pl/- "מכשף · כהן פרסי עובד האש" n=16	{חבר} n מכשף[k:def:bavli] ; כהן פרסי עובד האש[k:def:bavli] ; חבר[j:same:midrash+bavli] || J(חָבַר bh): to join, befriend, assist; having a share in the ownership of a sacrifice; to join against || J(חֲבַר ch): Pa.; to fasten, join; to combine against || J(חָבֵר bh): associate, friend, partner; colleague, fellow-student; fellow-being; of the same kind; fel || J(חֶבֶר bh): association; a t
833	טעמה	16		NO ANALYSIS	
834	יכלינ	16		NO ANALYSIS	
835	כינויי	16		NO ANALYSIS	
836	לאוכלו	16		NO ANALYSIS	
837	מימיי	16		NO_HEBREW_SENSE מימ	{מימ} n  || J(מַיִם): water, fluid; secretion; solution; juice of fruits; urin
838	מיניינ	16		REVIEW_GATE מנינ/-/- "מאין, מהיכן" n=16	{מיניינ} ?  ||   ##  {מנינ} particle מאין, מהיכן[k:def:tosefta] ; מנין[j:same:targum+bavli+yerushalmi] || J(מִנְיָן bh): number, count; ballot, vote; the requisite number of males for congregational worship || J(מִנְיַן ch): one
839	מפייס	16		AMBIGUOUS_SENSE פייס: גורל, הגרלה	{פייס} n גורל, הגרלה[k:def:mishnah] || J(פַּיָּיס): brittle stone || J(פַּיִיס): division; compromise, arbitration; Hif.
840	מפיק	16	מוציא	מפיק/-/-/reviewed/reviewed form: נְפַק Af. (Jastrow: to take out), participle	
841	משהוא	16		REVIEW_GATE משהוא/-/- "דבר מה" n=16	{משהוא} n דבר מה[k:def:midrash+bavli] || 
842	משלבית	16		NO ANALYSIS	
843	נפקינ	16	יוצאים	נפקינ/-/-/reviewed/reviewed form: נְפַק (Krupnik: יצא), participle pl.	
844	ערימה	16		NO ANALYSIS	{ערימה} n  || J(עֲרֵימָה bh): pile, heap, stack.
845	עריפה	16		REVIEW_GATE עריפה/-/- "שבירת העורף" n=16	{עריפה} n שבירת העורף[k:def:mishnah] || J(עֲרִיפָה): breaking the neck; use of the stem; ʿaraf
846	קשיתה	16		NO ANALYSIS	
847	רוחיה	16		NO ANALYSIS	
848	רישא	16	ראש	רישא/-/-/reviewed/reviewed form: Krupnik רֵישׁ "ראש, גלגולת" (first alternative); the Gemara's רישא = the head (first clause)	
849	שלבינ	16		NO ANALYSIS	{שלבינ} n  || J(שְׁלַבִּין): mortised boards, steps of a ladder
850	שלכספ	16		NO ANALYSIS	
851	שלמועד	16		NO ANALYSIS	
852	שלערלה	16		NO ANALYSIS	
853	שלפסח	16		NO ANALYSIS	
854	שלשחר	16		NO ANALYSIS	
855	תעבדינה	16		NO ANALYSIS	
856	תרנוגלינ	16		NO ANALYSIS	
857	אולפנ	15		REVIEW_GATE אולפנ/-/- "למוד, תלמוד, תורה" n=15	{אולפנ} n למוד, תלמוד, תורה[k:def:midrash+yerushalmi+bavli] || J(אוּלְפָן): custom, training, instruction; the Law; instructive narratives, stories
858	אירס	15		REVIEW_GATE אירס/-/- "ארס" n=15	{אירס} n ארס[k:def:yerushalmi] || 
859	אנטיגנס	15		NO ANALYSIS	
860	אפיטרופוס	15		NO ANALYSIS	{אפיטרופוס} n  || 
861	באילו	15		REVIEW_GATE אילו/-/b "בלו, אם" n=15	{אילו} other לו, אם[k:def:bavli] || J(אִילּוּ): but if; considering; whereas
862	בזר	15		NO_HEBREW_SENSE בזר	{בזר} v בזר[j:same:bavli] || J(בָּזַר bh): to strew, scatter || J(בְּזַר ch): Pa.
863	בטילינ	15		NO_HEBREW_SENSE בטיל	{בטיל} n  || J(בְּטִיל): loose, demoralized; idle, vain.; idle, resting
864	ביי	15		NO ANALYSIS	{ביי} ?  || 
865	בעידית	15		NO ANALYSIS	
866	בעניינ	15		REVIEW_GATE עניינ/-/b "בחפץ, עסק" n=15	{עניינ} n חפץ, עסק[k:def:yerushalmi+bavli] || 
867	בעצרת	15		NO ANALYSIS	
868	בשאינה	15		NO ANALYSIS	
869	בתיהנ	15		NO ANALYSIS	
870	גביי	15		REVIEW_GATE גבאי/-/- "גובה המכס" n=15	{גביי} n  || J(גַּבָּיי): collector; treasurer, manager; ḥaber  ##  {גבאי} n גובה המכס[k:def:bavli] || 
871	גיזבר	15		REVIEW_GATE גזבר/-/- "ממונה על קופת כסף" n=15	{גזבר} n ממונה על קופת כסף[k:def:mishnah+targum] || J(גִּזְבָּר): manager, treasurer; Amarkhal; Gizbar;
872	גירועיה	15		NO ANALYSIS	
873	גירי	15		REVIEW_GATE גירי/-/- "בן גרים" n=15	{גירי} n בן גרים[k:def:mishnah] || J(גֵּירִי): belonging to a convert family, descendant of proselytes
874	דליקה	15		REVIEW_GATE דליקה/-/- "בערה" n=15	{דליקה} n בערה[k:def:mishnah] || J(דְּלֵיקָה): fire, conflagration
875	דתננ	15		REVIEW_GATE תננ/-/d "ששנינו במשנה" n=15	{תננ} v אַתְנַן עשן[k:def:af:targum+tanakh] ; שנינו במשנה[k:def:bavli] ; עשן[k:def:targum] || K: i>stench | übler Geruch || J(תְּנַן): to smoke; Part; adj. || J(תְּנָן): smoke; vapor, reeking, stench
876	האונסינ	15		NO ANALYSIS	
877	הויתה	15		NO ANALYSIS	
878	הונייה	15		NO ANALYSIS	
879	החמורה	15		NO ANALYSIS	
880	הכנסה	15		REVIEW_GATE הכנסה/-/- "כניסה הביתה" n=15	{הכנסה} n הבאה[k:def:bavli] ; כניסה הביתה[k:def:midrash] || J(הַכְנָסָה): carrying in, putting in; wedding ceremonies; hospitality
881	המעיינ	15		NO ANALYSIS	
882	ואמור	15		NO ANALYSIS	
883	ואתא	15		REVIEW_GATE אתא/-/w "ובא" n=15	{אתא} v סימן[k:def:targum] ; בא[k:def:pe:bavli] ; הביא[r:reviewed:af] || J(אָתָא I): letter, sign || J(אֲתָא ch): to join; to come, to arrive; to occur to; surely, indeed || J(*אָתָא III): Great Bear, Ursa Major
884	זכת	15		NO ANALYSIS	
885	זקיניכ	15		NO ANALYSIS	
886	חידש	15		NO ANALYSIS	
887	חמונ	15		NO ANALYSIS	
888	חסידא	15		NO_HEBREW_SENSE חסיד	{חסיד} n חסיד[j:same:targum+bavli] || J(חָסִיד bh): kind, God-fearing, submissive, pious, abstemious; ḥasid || J(חֲסִיד ch): N’zikin; Fem.; graceful
889	חקולה	15		REVIEW_GATE חקולא/-/- "איש האדמה, אכר" n=15	{חקולא} n איש האדמה, אכר[k:def:yerushalmi] || K: a man’s name | männlicher Name
890	טופל	15		NO ANALYSIS	
891	ילפינ	15		NO ANALYSIS	
892	יצלי	15		NO ANALYSIS	
893	כביכול	15		REVIEW_GATE כביכול/-/- "כאילו אפשר לומר" n=15	{כביכול} ? כאילו אפשר לומר[k:def:bavli] || 
894	כדיי	15		NO ANALYSIS	{כדיי} n  || J(כְּדָיי): adequate, worthy, competent, deserving; Fem || J(כְּדָיי ²): sufficiency, worthiness
895	כסתמא	15		NO ANALYSIS	
896	לחיוב	15		NO ANALYSIS	
897	לכליינ	15		NO ANALYSIS	
898	לנזירות	15		NO ANALYSIS	
899	לקיסרינ	15		NO ANALYSIS	
900	לריש	15		NO ANALYSIS	
901	מאירה	15		NO ANALYSIS	{מאירה} ?  || 
902	מחלפ	15		NO ANALYSIS	{מחלפ} n  || J(מַחֲלָף bh): sharp knife; maḥălafim
903	מיאנה	15		NO ANALYSIS	
904	מעבודה	15		NO ANALYSIS	
905	משתמשות	15		NO ANALYSIS	
906	נהיגינ	15		REVIEW_GATE נהג/n.pl/- "נהג כבוד" n=15	{נהג} v נהג[j:same:targum+tanakh+bavli+midrash+yerushalmi] ; נהג כבוד[j:eq:targum+tanakh+bavli+midrash+yerushalmi] || J(נָהַג bh): to drive; to lead, conduct; to demean one’s self; to be guided by, be wont to; to apply, b || J(נְהַג ch): accustomed
907	נמשחו	15		NO ANALYSIS	
908	נפשיה	15	עצמו	נפשיה/-/-/reviewed/reviewed form: נַפְשָׁא (Jastrow נְפַשׁ ch.: soul, self) + ־יה — "לנפשיה" = himself	
909	נתחייבו	15		NO ANALYSIS	
910	סיסי	15		NO ANALYSIS	
911	עררו	15		NO ANALYSIS	
912	עשרינ	15		NO_HEBREW_SENSE עשר	{עשר} v עשר[j:same:pe:bavli] || J(עָשַׁר): to be strong, substantial, wealthy; to become wealthy; Hif. || J(עֲשַׁר ch): to become rich || J(עֶשֶׂר bh): ten.; eleven; twelve || J(עֲשַׂר I): eleven; twelve; g’rivas || J(עָשַׂר): Pi.; to give one-tenth, separate tithes; to reduce to one-tenth || J(עֲשַׂר II ch): Pa.; to tithe; Af.
913	עתידה	15		NO_HEBREW_SENSE עתיד	{עתיד} n עתיד[j:same:targum+tanakh+bavli] || J(עָתִיד bh): standing; ready, designated; in future; the future || J(עֲתִיד ch): ready, destined; future
914	פרוטרוט	15		REVIEW_GATE פרוטרוט/-/- "מטבעות קטנות" n=15	{פרוטרוט} n מטבעות קטנות[k:def:yerushalmi] ; מספרים קטנים[k:def:midrash] ; אחד אחד, בפרטות[k:def:bavli] || J(פְּרוֹטְרוֹט): units, odd sum, detail number
915	פרנס	15		REVIEW_GATE פרנס/-/- "תיקן, טיפל" n=15	{פרנס} v כלכל[k:def:pe:bavli] ; תיקן, טיפל[k:def:pe:midrash] ; המציא[k:def:pe:tosefta] ; התכלכל[k:def:itpa:mishnah] ; מנהיג ראש[k:def:bavli] ; פרנס[j:same:pe:targum+midrash] ; פרנס[j:same:targum+yerushalmi+bavli] || J(פִּרְנֵס): to endow, provide, sustain, cultivate; to provide with the necessaries of life; to support || J(פַּרְנֵס ch): Hithpa. || J(פַּרְנָס): manager, administrator, leader of a community, chief
916	צורכי	15		AMBIGUOUS צורכ/n.sg "תשמיש המטה" ~ צורכא/n.pl "צורך"	{צורכ} n תשמיש המטה[k:def:yerushalmi] ; נקבים גדולים וקטנים[k:def:mishnah] || J(צוֹרֶךְ bh): need, necessity; pl.; pl.
917	קדמאי	15		AMBIGUOUS pron:קדמאי/fixed "לפני" ~ קדמאי/ "ראשון, קדום"	{קדמאי} adj ראשון, קדום[k:def:targum+tanakh] || 
918	קובעתו	15		NO ANALYSIS	
919	קריי	15		REVIEW_GATE קריי/-/- "בעל מקרא" n=15	{קריי} n בעל מקרא[k:def:midrash] || 
920	שבירושלמ	15		NO ANALYSIS	
921	שזינת	15		NO ANALYSIS	
922	שלאביו	15		NO ANALYSIS	
923	שלאדמ	15		NO ANALYSIS	
924	שלגט	15		NO ANALYSIS	
925	שלכלאי	15		NO ANALYSIS	
926	שלנכרי	15		NO ANALYSIS	
927	אבותיי	14		NO ANALYSIS	
928	אידיהנ	14		NO ANALYSIS	
929	אכריז	14		NO ANALYSIS	
930	אמורה	14		NO ANALYSIS	
931	אתיינ	14		REVIEW_GATE אתא/pe.ptcp.mp/- "באים" n=14	{אתא} v סימן[k:def:targum] ; בא[k:def:pe:bavli] ; הביא[r:reviewed:af] || J(אָתָא I): letter, sign || J(אֲתָא ch): to join; to come, to arrive; to occur to; surely, indeed || J(*אָתָא III): Great Bear, Ursa Major
932	אתפלגונ	14		AMBIGUOUS_TAG פלג itpa.perf.3mp "נתחלק" ~ itpe.perf.3mp "היה מחולק בדעות"	{פלג} v נתרחק[k:def:af:yerushalmi] ; נסע בספינה[k:def:af:bavli] ; שבת[k:def:af:midrash] ; דחה, הסיח את הדעת[k:def:af:yerushalmi] ; נתחלק[k:def:itpa:midrash] ; חילק[k:def:targum] ; היה מחולק בדעות[k:def:bavli] ; נחלק[k:def:itpe:targum+bavli] ; היה מחולק בדעות[k:def:itpe:midrash] ; הצטיין[k:def:itpe:bavli] ; מחצית[k:def:mishnah+bavli] ; פלג[j:same:pe:targum+bavli+yerushalmi+midrash] ; פלג[j:same:targum+bavli+midrash] || J(פָּלַג bh): to separate, split; to part, go away; to go to sea || J(פְּלַג I ch): to divide, share; Pa.; Part. pass. || J(פֶּלֶג bh): part, share || J(פָּלָג): part, middle || J(פְּלַג II ch): part, half; half; the demon Palga, a disease
933	בגבולינ	14		NO ANALYSIS	
934	בגו	14	בתוך	בגו/-/-/reviewed/reviewed form: ב + גּוֹ	
935	בחוכר	14		NO ANALYSIS	
936	בחילמאי	14		NO ANALYSIS	
937	ביודע	14		NO ANALYSIS	
938	בייתיה	14		REVIEW_GATE בייתי/n.sg/- "של הבית" n=14	{בייתי} adj של הבית[k:def] || 
939	בכתובה	14		NO ANALYSIS	
940	בסיני	14		NO ANALYSIS	
941	בפר	14		NO ANALYSIS	
942	ברתיה	14		NO ANALYSIS	
943	בשגגת	14		NO ANALYSIS	
944	בשוכח	14		NO ANALYSIS	
945	גוא	14		REVIEW_GATE גוא/-/- "תוך, קרב" n=14	{גוא} n תוך, קרב[k:def:targum] || 
946	דאתונ	14		REVIEW_GATE pron:אתונ/fixed/d "שאתם" n=14	
947	דידה	14		REVIEW_GATE pron:דידה/fixed/- "שלה" n=14	
948	דילא	14		NO ANALYSIS	
949	דלכנ	14		REVIEW_GATE דלכנ/-/- "שאם לא כן" n=14	{דלכנ} ? שאם לא כן[k:def:yerushalmi] || 
950	הביכורינ	14		NO ANALYSIS	
951	הבקירו	14		NO ANALYSIS	
952	הלינה	14		NO ANALYSIS	
953	המחרישה	14		NO ANALYSIS	
954	ואייתי	14	והביא	ואייתי/-/-/reviewed/reviewed form: ו + אַיְיתֵי (Jastrow: to bring)	
955	והב	14		NO_HEBREW_SENSE יהב	{יהב} v  || J(יְהַב): to give; to deal; to put, place
956	והכינ	14		REVIEW_GATE rev:הכינ/-/w "וכך" n=14	
957	ומית	14		REVIEW_GATE מית/-/w "ומות" n=14	{מית} v מות[j:eq:targum+bavli+yerushalmi] || J(מִית I ch): to die, be dead; Part.; to cause death, slay || J(מִית II): dead; corpse
958	ונפק	14		AMBIGUOUS rev:נפק/ "ויצא" ~ נפק/ "וכיוצא בו"	
959	וסיפא	14		NO ANALYSIS	
960	חביבינ	14		AMBIGUOUS_SENSE חביב: אהוב	{חביב} adj אהוב[k:def:mishnah] ; חביב[j:same:targum] || J(חָבִיב I): beloved, dear, precious; favored, privileged.; Fem. || J(חָבִיב ch): Fem.; Ithpa. || J(חָבִיב ²): connected; uncle, father’s brother; Fem.
961	חורנינ	14		REVIEW_GATE חורנ/n.pl/- "אחר" n=14	{חורנ} n אחר[k:def:yerushalmi+targum] || J(חוֹרָן): another, next; last; Fem.
962	ייתי	14		REVIEW_GATE אתא/af.impf.3ms/- "יבוא" n=14	{אתא} v סימן[k:def:targum] ; בא[k:def:pe:bavli] ; הביא[r:reviewed:af] || J(אָתָא I): letter, sign || J(אֲתָא ch): to join; to come, to arrive; to occur to; surely, indeed || J(*אָתָא III): Great Bear, Ursa Major
963	כשיטת	14		NO ANALYSIS	
964	לינה	14		REVIEW_GATE לינה/-/- "שהית לילה" n=14	{לינה} n מנוחת לילה[k:def:midrash] ; שהית לילה[k:def:yerushalmi] || J(לִינָה): night-rest, staying over night, lodging
965	לנדרימ	14		NO ANALYSIS	
966	לקדירה	14		REVIEW_GATE קדירה/-/l "לפרור, כלי בישול · לנקב" n=14	{קדירה} n פרור, כלי בישול[k:def:bavli] ; נקב[k:def:bavli] || K: skull | Schädel || J(קְדִירָה): round segment, hole; ṭ’refah
967	לשתייה	14		NO ANALYSIS	
968	מידונ	14		REVIEW_GATE דינ/pe.inf/- "לשפוט" n=14	{דינ} v חקר ודרש[k:def:pe:mishnah] ; הוציא מסקנא[k:def:pe:bavli] ; נשפט[k:def:itpe:mishnah] ; נחשב[k:def:itpe:bavli] ; התוכח, ריב[k:def:pa] ; שפט[k:def:pe:yerushalmi] ; הוציא מסקנא[k:def:pe] ; בא בדין[k:def:pe:targum] ; הוציא דין[k:def:pa] ; בא בדין[k:def:itpe:yerushalmi] ; נשפט[k:def:itpe:targum] ; נשפט, נענש[k:def:itpe:targum] ; סברא הגיונית[k:def] ; קל וחומר[k:def:bavli] ; זה[k:def] ; בזה, כאן[k:def] ; כזה, כן[k:def:targum] ; דין[j:same:pe:targum+bavli+tanakh+midrash] ; דין[j:same:targum+midrash+bavli] || J(*דֵּין): faintness, trouble, sickness; Oh! Ah!; Thou || J(דִּין I bh): to rule; to hold court, pass sentence, punish; to argue, conclude || J(דִּין ch): Part; to dispute, quarrel; to decide || J(דִּין II bh): law-suit, claim; judgment, justice, law; equity; argument, analogy || J(דִּין ² ch): law,
969	מקדדינ	14		NO ANALYSIS	
970	מקשייא	14		REVIEW_GATE מקשיא/-/- "מקשה, שדה קשואים" n=14	{מקשיא} n מקשה, שדה קשואים[k:def:targum] ; מקשה[j:eq] || 
971	מרחיצ	14		NO ANALYSIS	
972	מרחיצינ	14		NO ANALYSIS	
973	משמיה	14	משמו	משמיה/-/-/reviewed/reviewed form: מן + שְׁמָא "name" (Jastrow שְׁמָא ch. = h. שֵׁם) + ־יה "his"	
974	מתחלל	14		NO ANALYSIS	
975	ניסינ	14		REVIEW_GATE נס/n.pl/- "נס" n=14	{נס} n נס[j:eq:targum+yerushalmi+bavli+midrash] || J(נֵס I bh): to lift up; flag; sign, wonder, providential event || J(*נֵס II): island || J(נֵס ch): flag, sign, miraculous event; trial.; Pl.
976	נישאו	14		NO ANALYSIS	
977	נסבינ	14		NO ANALYSIS	
978	נתמנה	14		NO ANALYSIS	
979	נתרוקנה	14		NO ANALYSIS	
980	פייס	14		AMBIGUOUS_SENSE פייס: גורל, הגרלה	{פייס} n גורל, הגרלה[k:def:mishnah] || J(פַּיָּיס): brittle stone || J(פַּיִיס): division; compromise, arbitration; Hif.
981	פיתנ	14		NO ANALYSIS	
982	קדמיי	14		AMBIGUOUS_SENSE דמי: היה דומה | צייר לעצמו | שתק | כסף, מחיר	{דמי} v היה דומה[k:def:pe] ; צייר לעצמו[k:def:pe] ; שתק[k:def:pe] ; השוה[k:def:pa] ; דימה בנפשו[k:def:pa] ; נשתוה[k:def:itpe:targum] ; נדמה[k:def:itpe:bavli] ; כסף, מחיר[k:def:bavli] ; דמי[j:same:pe:tanakh+targum+bavli] || J(דמי bh): to mumble, think; to be silent; to imagine, compare || J(דְּמֵי I ch): to be dumb; to imagine, suspect, consider; suspected, considered; resembling, like || J(דְּמֵי II): value
983	קשיא	14		REVIEW_GATE קשיא/-/- "קשה" n=14	{קשיא} adj קשה[r:reviewed] || K: objection, contradiction | Schwierigkeit, Einwand, Widerspruch || J(קַשְׁיָא II): difficult, open to objection; unanswerable objection; contradiction
984	ראיתיה	14		NO ANALYSIS	
985	שולטת	14		NO ANALYSIS	
986	שלאותו	14		NO ANALYSIS	
987	שלסכנה	14		NO ANALYSIS	
988	שמיטתא	14		REVIEW_GATE שמיטתא/-/- "השנה השביעית, שנת השמיטה" n=14	{שמיטתא} n השנה השביעית, שנת השמיטה[k:def:targum] || 
989	שעשת	14		NO ANALYSIS	
990	שרא	14		REVIEW_GATE שרא/-/- "שר" n=14	{שרא} n שר[j:same:yerushalmi+midrash] || 
991	תעבדיניה	14		NO ANALYSIS	
992	אגיבונ	13		NO ANALYSIS	
993	אובדת	13		NO ANALYSIS	
994	אורחיה	13		NO ANALYSIS	
995	אחווא	13		NO ANALYSIS	
996	אילולי	13		REVIEW_GATE אילולי/-/- "לולא" n=13	{אילולי} other לולא[k:def:yerushalmi+midrash] || 
997	אלימ	13		REVIEW_GATE אלימ/-/- "חזק ותקיף · רחב וגדול" n=13	{אלימ} adj חזק ותקיף[k:def:bavli] ; רחב וגדול[k:def:bavli] || J(אֵלִים): Beth-Elim || J(אַלִּים): strong, influential; violent; thick
998	אלפינ	13		NO_HEBREW_SENSE אלפ	{אלפ} n אלף[j:same:targum+bavli+yerushalmi] || K: the first letter of the alphabet | der erste Buchstabe des Alphabets || J(אֶלֶף bh): thousand.; Du.; a million || J(אֲלַף II): to join, be joined; to become used; to learn, study, train one’s self; accustomed, used to
999	אפיטרופינ	13		NO_HEBREW_SENSE אפיטרופוס	{אפיטרופוס} n  || 
1000	בבצל	13		NO ANALYSIS	
