rank	form	count	gloss	analysis	lexicon
1	דא	15243	זו	דא/-/-/exact/the sense cited from targum	{דא} n זו[j:eq:targum+bavli+yerushalmi+midrash] || K: this | sie, diese || K: but | aber || J(דָּא I): this; not in this case || J(דָּא II): da da
2	ליה	9863	לו	pron:ליה/fixed/-/pronominal/pronominal preposition table	
3	אמר	9521	אמר	אמר/-/-/exact/the sense cited from targum	{אמר} v הלעיט[k:def:af:bavli] ; אמר[j:same:pe:targum+bavli+yerushalmi] ; טלה, כבש[h:wikt] || J(אָמַר I bh): to join, knot; to be knotted, thick;; to heap up;; to join words, compose || J(אֲמַר ch): they say, it is said; Inf; does this mean to say? || J(אָמַר II bh): to be thick, strong; to thrive; to boast, vaunt, be oppressive; to fatten || J(אִמַּר): lamb
4	אינונ	6969	הם	pron:אינונ/fixed/-/pronominal/pronominal preposition table	{אינונ} ?  || 
5	דכתיב	6894	שכתוב	דכתיב/-/-/reviewed/reviewed form: ד + כְּתִיב (Jastrow: it is written)	
6	איהו	6628	הוא	איהו/-/-/exact/the sense cited from targum	{איהו} n הוא[k:def:bavli+targum] || J(אִיהוּ): he, himself; she, herself
7	בגינ	5853	בגלל · לפי, משום	בגינ/-/-/exact/two senses	{בגינ} other בגלל[k:def] ; לפי, משום[k:def] || 
8	ביה	5226	בו	pron:ביה/fixed/-/pronominal/pronominal preposition table	
9	כתיב	4565	כתוב	כתיב/-/-/reviewed/reviewed form: Jastrow כְּתִיב "written, it is written" (כְּתַב, passive participle)	{כתיב} n  || K: the traditional spelling of some Biblical words, opp. to the Massoretic instruction for reading | die Schreibung mancher biblischer Worte, im Gegensatz zur massoretischen Lesung || J(כְּתִיב): written; it is written; K’thib; halakhah
10	עלמא	4434	עולם	עלמא/-/-/exact/the sense cited from bavli	{עלמא} n עולם[k:def:midrash+bavli] || 
11	דאיהו	4390	שהוא	דאיהו/-/-/reviewed/reviewed form: ד + אִיהוּ (Krupnik: הוא)	
12	דלא	4221	שלא	דלא/-/-/reviewed/reviewed form: ד + לָא (Jastrow דְּלָא² "that not"); Krupnik's דְּלָא "lifted" is another, rare word	{דלא} v הרים[k:def:pe:bavli] ; נזל[k:def:pe:targum] || J(דְּלָא ²): that not, which not || J(דְּלָא ³): to draw
13	חד	3984	אחד	חד/-/-/exact/the sense cited from targum	{חד} particle אחד[k:def:bavli] ; אחד[j:eq:targum+yerushalmi+bavli] || J(חַד I bh): pointed, sharp; swift; Pl. || J(חַד II): one, singular, particular; like one; together, simultaneously
14	לונ	3942	להם	לונ/-/-/reviewed/reviewed form: Jastrow לוֹן (Zoharic/Targumic) = לְהוֹן "to them"	{לונ} v  || J(לוּן bh): to stay over night, to take; night; lodging; to be kept over night || J(לוּן II bh): to join; to rise against, murmur, rebel || J(לוֹן): unto them
15	דהא	3753	שהרי	דהא/-/-/reviewed/reviewed form: ד + הָא (Krupnik 3: הלא)	
16	בריכ	3719	ברוך	בריכ/-/-/reviewed/reviewed form: Jastrow בְּרִיךְ = h. בָּרוּךְ	{בריכ} v היה ברוך[k:def:itpe:targum] || 
17	הוה	3515	היה	הוה/-/-/exact/reviewed choice	{הוה} v היה[r:reviewed:pe] || J(הַוָּה bh): change; misfortune || J(*הֵוָה): Ḥevah || J(הֲוָהּ): ah!
18	עלאה	3367	עליון	עילאה/-/-/alias/the sense cited from targum	{עלאה} ?  || J(עִלָּאָה): rib  ##  {עילאה} adj עליון[k:def:targum+bavli] || J(עִילָאָה): high, uppermost; Most High; Pl.; Fem
19	ובגינ	3224	ובגלל · ולפי, משום	בגינ/-/w/exact/two senses	{בגינ} other בגלל[k:def] ; לפי, משום[k:def] || 
20	אלינ	3042	אלה	אלינ/-/-/reviewed/reviewed form: Jastrow אִלֵּין ch. = h. אֵלֶּה	
21	האי	3021	זה, זאת	האי/-/-/exact/the sense cited from bavli	{האי} other זה, זאת[k:def:bavli] || J(הַאי): this, that; v’taher; locale
22	מאנ	2982	מי	מאנ/-/-/reviewed/reviewed form: Krupnik מַאן "מי"	{מאנ} n מי[k:def:bavli] ; קנקן[j:eq:targum+bavli+yerushalmi] || J(מָאַן): Pi.; to deny, refuse; to protest against, to annul one’s marriage || J(מַאן): who?, what?, which?;; who, which || J(מָאן): thing; vessel, utensil; garment, dress
23	דאינונ	2807	שהם	pron:אינונ/fixed/d/pronominal/pronominal preposition table	
24	הכי	2680	כן	הכי/-/-/exact/the sense cited from bavli	{הכי} other כן[k:def:bavli] || J(הָכִי): so, in this manner, thus; if this be so; fit for such a thing, old enough
25	ודא	2631	וזה	ודא/-/-/reviewed/reviewed form: ו + דָּא	
26	בר	2622	בן	בר/-/-/exact/reviewed choice	{בר} n בקי[k:def:tosefta] ; בר[j:same:targum+bavli+yerushalmi+midrash] ; שדה[j:eq:targum+bavli+yerushalmi+midrash] ; חוץ[j:eq:targum+bavli+yerushalmi+midrash] ; בן[r:reviewed] || J(בַּר I bh): empty, open; uncultivated ground, forest, prairie;; buffalo || J(בַּר ch): forest, prairie; living in the forest; wild || J(בַּר II ch): son, offspring; grandson; a scholar || J(בַּר III bh): clear, bright, clean, pure; bar || J(בַּר IV bh): sifted; grain
27	מאי	2504	מה	מאי/-/-/reviewed/reviewed form: Krupnik מַאי "מה"; Jastrow מַאי "what?"	{מאי} particle מה[k:def:bavli] || J(מַאי): what?; why?; v’taher; v’omer
28	חזי	2495	ראה	חזי/-/-/reviewed/reviewed form: Krupnik חֲזִי "ראה"	{חזי} v ראה[k:def:pe:bavli] ; הראה[k:def:af:bavli] ; נראה[k:def:itpe:bavli] ; היה ראוי[k:def:itpe:bavli] ; הָראה[k:def:itpe] ; ראוי[k:def:bavli] ; חזי[j:same:pe:targum+bavli] || J(חזי bh): to divide; to discern, see; to distribute kindled chips between logs of wood || J(חֲזִי ch): to see, recognize, to decide; Part. pass; pointed out, fit for, prepared;
29	הדא	2409	זה, זאת	הדא/-/-/exact/single sense	{הדא} other זה, זאת[k:def] || 
30	בההוא	2235		NO ANALYSIS	
31	קודשא	2136	קודש, קדושה	קודשא/-/-/exact/the sense cited from targum	{קודשא} n קודש, קדושה[k:def:targum] || 
32	הא	2073	זה · הלא	הא/-/-/exact/reviewed choice	{הא} n זה[k:def-en] ; כאן[k:def:bavli] ; הלא[k:def:bavli] || K: this means to say) but.. | aber, dagegen || K: oh! (interjection) | o! || J(הָא I): this; both; of this || J(הָא II): Oh!; korban; ha-korban || J(הִא III): a worm
33	רזא	2062	סוד	רזא/-/-/reviewed/reviewed form: Jastrow רָזָא "mystery, secret" (= h. סוֹד)	
34	אתמר	2026	נאמר	אתמר/-/-/reviewed/reviewed form: Jastrow אֲמַר Ithpe. contr. אִתְּמַר "it has been said" = h. נֶאֱמַר; Hebrew Wiktionary אִתְּמַר "נאמר"	{אתמר} ? נאמר[h:wikt] || 
35	בהאי	1976	בזה	בהאי/-/-/reviewed/reviewed form: ב + הַאי (Krupnik: זה)	
36	לתתא	1952	למטה	לתתא/-/-/reviewed/reviewed form: Jastrow לְתַתָּא "below"	
37	דיליה	1948	שלו	pron:דיליה/fixed/-/pronominal/pronominal preposition table	
38	תא	1942	בוא	אתא/pe.impv.ms/-/irregular/reviewed choice	{תא} n  || J(תָּא I bh): cell; compartment back of the Holy of Holies; yatsiʿa, tselʿa, ta.—  ##  {אתא} v סימן[k:def:targum] ; בא[k:def:pe:bavli] ; הביא[r:reviewed:af] || J(אָתָא I): letter, sign || J(אֲתָא ch): to join; to come, to arrive; to occur to; surely, indeed || J(*אָתָא III): Great Bear, Ursa Major
39	אית	1822	יש	אית/-/-/reviewed/reviewed form: Krupnik אִית "יש"	{אית} particle יש[k:def:bavli] ; עודי[j:eq:targum+yerushalmi+midrash+bavli] ; יש[j:targum-h:targum] || J(אִית): being, existence; there is, are; est qui; I have, I hold
40	דאיהי	1753	שהיא	דאיהי/-/-/reviewed/reviewed form: ד + אִיהִי (Krupnik: היא)	
41	בהו	1722	בהם	pron:בהו/fixed/-/pronominal/pronominal preposition table	{בהו} n  || J(בֹּהוּ bh): chaotic condition; || J(בְּהוֹ ch): with, in them
42	אתר	1708	מקום	אתר/-/-/exact/the sense cited from midrash	{אתר} n מקום[k:def:midrash] || J(אָתַר): place, town; our; local custom
43	איהי	1672	היא	איהי/-/-/exact/the sense cited from bavli	{איהי} other היא[k:def:bavli] || J(*אִיהִי II): Ihi Dakkira
44	דאתמר	1672	שנאמר	דאתמר/-/-/reviewed/reviewed form: ד + אִתְּמַר (it has been said)	
45	תרינ	1662	שנים	תרינ/-/-/exact/the sense cited from targum	{תרינ} particle שנים[k:def:targum] || 
46	הוו	1644	הווים	הוה/pe.ptcp.mp/-/irregular/reviewed choice	{הוו} ?  || J(הֲווֹ): he who  ##  {הוה} v היה[r:reviewed:pe] || J(הַוָּה bh): change; misfortune || J(*הֵוָה): Ḥevah || J(הֲוָהּ): ah!
47	הכא	1625	כאן	הכא/-/-/exact/single sense	{הכא} adv כאן[k:def] || J(הָכָא): here, hither; in this case, now
48	ואינונ	1604	והם	pron:אינונ/fixed/w/pronominal/pronominal preposition table	
49	יומא	1602	יום	יומא/-/-/exact/reviewed choice	{יומא} n יום[k:def:bavli] ; שמש[k:def:bavli] || K: name of a treatise of the Talmud on the order of exercises of the Day of Atonement | Name eines Talmudtraktates über den Versöhnungstag
50	כגוונא	1578	כמו	כגוונא/-/-/reviewed/reviewed form: כ + גַּוְונָא "manner" (Jastrow) — "כגוונא דא" = like this	
51	דכל	1552	של כל	דכל/-/-/reviewed/reviewed form: ד + כֹּל	
52	והא	1552	וזה · והלא	הא/-/w/exact/reviewed choice	{הא} n זה[k:def-en] ; כאן[k:def:bavli] ; הלא[k:def:bavli] || K: this means to say) but.. | aber, dagegen || K: oh! (interjection) | o! || J(הָא I): this; both; of this || J(הָא II): Oh!; korban; ha-korban || J(הִא III): a worm
53	אי	1454	אם	אי/-/-/exact/reviewed choice	{אי} other לא, אין[k:def:mishnah] ; אם[k:def-en] ; או[k:def:bavli] ; אין[j:eq:mishnah] || K: it | es || K: or | oder || J(אִי II): if, whether; khi; even if || J(אִי III): not. || J(אִי IV): there is || J(אֵי II bh): Eh! Oh! Woe! || J(אֵי III): where? what? how?; whence?; who? which?
54	עלייהו	1399	עליהם	pron:עלייהו/fixed/-/pronominal/pronominal preposition table	
55	תמנ	1399	שם	תמנ/-/-/reviewed/reviewed form: Jastrow תַּמָּן "there" (= h. שָׁם)	{תמנ} ?  || K: there | dort || J(תַּמָּן): there
56	חדא	1397	אחד	חדא/-/-/exact/reviewed choice	{חדא} particle אחד[k:def:bavli] ; שמח[k:def:pe:bavli] || J(חֲדָא II): to be glad
57	דעלמא	1367	של עולם	עלמא/-/d/exact/the sense cited from bavli	{עלמא} n עולם[k:def:midrash+bavli] || 
58	אתוונ	1351	אותיות	אתוונ/-/-/reviewed/reviewed form: Jastrow אָת ch. (plural אַתְוָון) = h. אוֹת	
59	מלכא	1340	מלך	מלכא/-/-/reviewed/reviewed form: Jastrow מַלְכָּא = h. מֶלֶךְ	
60	זמנא	1328	פעם	זמנא/-/-/reviewed/reviewed form: Jastrow זִמְנָא "time, occasion" — "חד זמנא" = once	{זמנא} n עת[k:def:targum] ; פעם[k:def:targum] || 
61	דלעילא	1312	של לחמור צעיר	עילא/-/dl/exact/the sense cited from targum	{עילא} adj חמור צעיר[k:def:targum] ; תואנה[k:def:bavli] ; עולת[j:targum-h:targum] || K: uppermost | oberste || K: wrong | Unrecht || J(עִילָא II ch): going around; circumvention, intrigue, falsehood; pretext
62	שכינתא	1311	שכינה	שכינתא/-/-/reviewed/reviewed form: Jastrow שְׁכִינְתָּא = h. שְׁכִינָה	
63	דינא	1290	דין ומשפט	דינא/-/-/exact/reviewed choice	{דינא} n דין ומשפט[k:def:bavli] ; ריב[k:def] ; שופט[k:def] || 
64	תלת	1287	שלש	תלת/-/-/exact/the sense cited from targum	{תלת} v חילק לשלשה חלקים[k:def:pa:targum] ; עשה בפעם השלישית[k:def:pa:targum] ; נעשה בפעם השלישית[k:def:itpe:targum] ; שלש[j:eq:targum+bavli+yerushalmi] || J(תַּלֵּת): to divide into three parts; to do a third time; Part. pass || J(תְּלַת): three; on the third; thirteen
65	ואי	1235	ואם	אי/-/w/exact/reviewed choice	{ואי} ?  ||   ##  {אי} other לא, אין[k:def:mishnah] ; אם[k:def-en] ; או[k:def:bavli] ; אין[j:eq:mishnah] || K: it | es || K: or | oder || J(אִי II): if, whether; khi; even if || J(אִי III): not. || J(אִי IV): there is || J(אֵי II bh): Eh! Oh! Woe! || J(אֵי III): where? what? how?; whence?; who? which?
66	עלאינ	1194	עליונים	עלאינ/-/-/reviewed/reviewed form: plural of עִילָּאָה (Krupnik: עליון)	
67	ואיהו	1171	והוא	איהו/-/w/exact/the sense cited from targum	{איהו} n הוא[k:def:bavli+targum] || J(אִיהוּ): he, himself; she, herself
68	קרא	1159	מקרא	קרא/-/-/exact/reviewed choice	{קרא} n קשוא בצורת בקבוק[k:def:bavli] ; בקי במקרא[k:def] ; קרא[j:same] ; מקרא[j:eq:targum+bavli] ; דלעת[h:wikt] || K: Biblical verse | Bibelvers || J(קָרָא I): pumpkin, gourd; all kinds of gourds || J(קָרָא II): to call || J(קְרָא II): Biblical verse; babboḳer || J(קַרָא): a Biblical scholar, Bible teacher; Pl.; Karaites
69	וכתיב	1156	וכתוב	וכתיב/-/-/reviewed/reviewed form: ו + כְּתִיב	
70	דהוה	1151	שהיה	הוה/-/d/exact/reviewed choice	{הוה} v היה[r:reviewed:pe] || J(הַוָּה bh): change; misfortune || J(*הֵוָה): Ḥevah || J(הֲוָהּ): ah!
71	אקרי	1150	נקרא	אקרי/-/-/reviewed/reviewed form: Jastrow קְרֵי Ithpe. (אִיקְּרִי) "to be called"	
72	דאתי	1114		NO ANALYSIS	
73	וחד	1098	ואחד	חד/-/w/exact/the sense cited from targum	{חד} particle אחד[k:def:bavli] ; אחד[j:eq:targum+yerushalmi+bavli] || J(חַד I bh): pointed, sharp; swift; Pl. || J(חַד II): one, singular, particular; like one; together, simultaneously
74	רוחא	1095	רוח	רוחא/-/-/reviewed/reviewed form: Jastrow רוּחָא ch. = h. רוּחַ	{רוחא} ? רוח[j:same:targum+midrash+bavli] ; רוח הקדש[j:eq:targum+midrash+bavli] || 
75	דאורייתא	1058	של תורה	אורייתא/-/d/exact/reviewed choice	{אורייתא} n תורה[k:def] ; ספר תורה[k:def:yerushalmi] || 
76	והאי	1048	וזה, זאת	האי/-/w/exact/the sense cited from bavli	{האי} other זה, זאת[k:def:bavli] || J(הַאי): this, that; v’taher; locale
77	אורייתא	1032	תורה	אורייתא/-/-/exact/reviewed choice	{אורייתא} n תורה[k:def] ; ספר תורה[k:def:yerushalmi] || 
78	סטרא	1025	צד	סטרא/-/-/exact/the sense cited from targum	{סטרא} n צד[k:def:targum] || 
79	בהונ	1022	בהם	pron:בהונ/fixed/-/pronominal/pronominal preposition table	
80	סטרינ	1013	צד	סטר/n.pl/-/source-form/reviewed choice	{סטר} v הכה בפסת היד[k:def:pa:mishnah+yerushalmi] ; צד[k:def:targum] ; סטר[j:same:pe:targum] || J(סָטַר): to turn sideways; to strike sideways, slap || J(סְטַר I ch): to strike with the flat hand; to flatten || J(סְטַר II): to be near; side, border; wages
81	קיימא	1008	עומדת	קיימא/-/-/reviewed/reviewed form: קוּם, participle fem.	{קיימא} n קיום, חיים[k:def:bavli] || J(קַיָּימָא): existence, duration, permanence
82	דההוא	1002		NO ANALYSIS	
83	כדקא	998		NO_HEBREW_SENSE דק	{דק} n דק[j:same:bavli] || J(דַּק I bh): thin, fine, tender; small bowels; retail. || J(דַּק II bh): a veiled; withered spot; cataract
84	כחדא	992	יחד	כחדא/-/-/reviewed/reviewed form: Jastrow כַּחֲדָא "together"	{כחדא} adv כאחד, ביחד[k:def:targum] || 
85	באורייתא	981	בתורה	אורייתא/-/b/exact/reviewed choice	{אורייתא} n תורה[k:def] ; ספר תורה[k:def:yerushalmi] || 
86	לבתר	979	אחר כך	לבתר/-/-/reviewed/reviewed form: Jastrow לְבָתַר "afterwards"	
87	לית	973	אין	לית/-/-/exact/the sense cited from targum	{לית} particle אין[k:def:targum] ; אין[h:wikt] || J(לַיִת): there is; was; not, none
88	בשעתא	964	בשעה	שעתא/-/b/exact/the sense cited from targum	{שעתא} n שעה[j:eq:targum+bavli+yerushalmi] || J(שַׁעְתָּא): while, time; hour
89	יאות	936	ראוי	יאות/-/-/reviewed/reviewed form: Jastrow יָאוּת "it is proper"	{יאות} adv  || K: well, right | richtig, schön || K: honesty | Redlichkeit || J(יָאוּת ch): propriety;; right; properly; it is right
90	לבר	923	לחוץ	לבר/-/-/reviewed/reviewed form: Jastrow בַּר ch.: outside	
91	דכלא	921	של הכל	דכלא/-/-/reviewed/reviewed form: ד + כֹּלָּא	
92	דמלכא	910	של המלך	דמלכא/-/-/reviewed/reviewed form: ד + מַלְכָּא (Jastrow ch. = h. מֶלֶךְ)	
93	וכלא	909	והכל	וכלא/-/-/reviewed/reviewed form: ו + כֹּלָּא	
94	וכלהו	909	וכולם	pron:כלהו/fixed/w/pronominal/pronominal preposition table	
95	בקדמיתא	894	בתחילה	בקדמיתא/-/-/reviewed/reviewed form: Jastrow בְּקַדְמֵיתָא "at first"	
96	דקודשא	894	של קודש, קדושה	קודשא/-/d/exact/the sense cited from targum	{קודשא} n קודש, קדושה[k:def:targum] || 
97	זכאה	867	צדיק	זכאה/-/-/exact/the sense cited from targum	{זכאה} adj צדיק[k:def:targum] ; זכאה[j:same:targum] || J(זַכָּאָה ² ch): clear, innocent
98	אחרנינ	860	אחרים	אחרנינ/-/-/reviewed/reviewed form: plural of אָחֳרָן (Jastrow: other)	
99	קדמאה	853	ראשון, קדום	קדמאה/-/-/exact/the sense cited from targum	{קדמאה} adj ראשון, קדום[k:def:targum+tanakh] || 
100	תתאה	849	תחתון	תתאה/-/-/exact/the sense cited from bavli	{תתאה} adj תחתון[k:def:bavli] || J(תַּתָּאָה): lower, nethermost; Pl.; Fem
101	אשתכח	840	נמצא	אשתכח/-/-/reviewed/reviewed form: Jastrow שְׁכַח Ithpa. "to be found"	
102	קמיה	835	לפניו	pron:קמיה/fixed/-/pronominal/pronominal preposition table	
103	ואלינ	834	ואלה	ואלינ/-/-/reviewed/reviewed form: ו + אִלֵּין	
104	דלהונ	823	שלהם	דלהונ/-/-/reviewed/reviewed form: דִּילְהוֹן "theirs"	{דלהונ} other שלהם[k:def:bavli] || 
105	מההוא	823	מאותו	מההוא/-/-/reviewed/reviewed form: מן + הַהוּא	
106	סליק	821	עולה	סליק/-/-/reviewed/reviewed form: סְלֵק (Krupnik: עלה), participle	
107	אוקמוה	813	ביארוה	אוקמוה/-/-/reviewed/reviewed form: קוּם Af. (Jastrow: to establish, explain), perfect pl. + object	
108	דהאי	801	שזה, זאת	האי/-/d/exact/the sense cited from bavli	{האי} other זה, זאת[k:def:bavli] || J(הַאי): this, that; v’taher; locale
109	לההוא	800		NO ANALYSIS	
110	אמאי	793	למה, מדוע	אמאי/-/-/exact/the sense cited from bavli	{אמאי} particle למה, מדוע[k:def:bavli] || J(אַמַּאי): wherefore? why?; why not?
111	דרגינ	790	דרגות	דרגינ/-/-/reviewed/reviewed form: plural of דַּרְגָּא (reviewed: מדרגה)	
112	טעמא	782	סבה	טעמא/-/-/exact/the sense cited from bavli	{טעמא} n סבה[k:def:bavli] ; טעם[k:def] || J(טָעֲמָא): pleader.; pleaders
113	קמי	781	לפני	קמי/-/-/reviewed/reviewed form: Jastrow קַמֵּי "before"	{קמי} n לפני[k:def:bavli] || J(קַמֵּי): before, in the presence of; before, ere
114	דילה	780	שלה	pron:דילה/fixed/-/pronominal/pronominal preposition table	
115	ומאנ	777	ומי	ומאנ/-/-/reviewed/reviewed form: ו + מַאן (Krupnik: מי)	
116	שעתא	776	שעה	שעתא/-/-/exact/the sense cited from targum	{שעתא} n שעה[j:eq:targum+bavli+yerushalmi] || J(שַׁעְתָּא): while, time; hour
117	דאקרי	773	שנקרא	דאקרי/-/-/reviewed/reviewed form: ד + אִיקְּרִי "is called"	
118	גופא	771	גוף	גופא/-/-/exact/the sense cited from targum	{גופא} n גוף[k:def:midrash] ; עיקר הדבר[k:def] ; הלא יש סתירה בדבר[k:def:bavli] ; גוף[j:same:targum+midrash+bavli+yerushalmi] || K: i>Zitierungsform in der talmudischen Diskussion, wenn ein vorher gelegentlich angeführter Ausspruch zum Hauptgegenstand der Erörterung werden soll || J(גּוּפָא ch): body; self, substance; Gufa
119	ורזא	770	וסוד	ורזא/-/-/reviewed/reviewed form: ו + רָזָא	
120	וההוא	763	וההוא	וההוא/-/-/reviewed/reviewed form: ו + הַהוּא "that"	
121	דאמר	760	שאמר	אמר/-/d/exact/the sense cited from targum	{אמר} v הלעיט[k:def:af:bavli] ; אמר[j:same:pe:targum+bavli+yerushalmi] ; טלה, כבש[h:wikt] || J(אָמַר I bh): to join, knot; to be knotted, thick;; to heap up;; to join words, compose || J(אֲמַר ch): they say, it is said; Inf; does this mean to say? || J(אָמַר II bh): to be thick, strong; to thrive; to boast, vaunt, be oppressive; to fatten || J(אִמַּר): lamb
122	ואית	757	ויש	ואית/-/-/reviewed/reviewed form: ו + אִית	
123	ולבתר	755	ואחר כך	ולבתר/-/-/reviewed/reviewed form: ו + לְבָתַר	
124	מהימנא	755	נאמן	מהימנ/n.sg/-/generated-noun/the sense cited from targum	{מהימנ} adj נאמן[k:def:targum] || 
125	מנייהו	755	מהם	pron:מנייהו/fixed/-/pronominal/pronominal preposition table	
126	יומינ	752	ימים	יומינ/-/-/reviewed/reviewed form: plural of יוֹמָא	
127	בעי	750	בקש	בעי/-/-/exact/the sense cited from targum	{בעי} v שאל[k:def:pe:bavli] ; התפלל, בקש רחמים[k:def:bavli] ; היה צריך[k:def:pe:bavli] ; נתבקש[k:def:targum] ; נבהל ללכת[k:def:tanakh] ; נשאל[k:def:itpe] ; צריך להיות[k:def:itpe:bavli] ; פיהק[k:def:pe] ; בעי[j:same:pe:targum+bavli+yerushalmi] ; בקש[j:targum-h:targum] || K: not only … but | nicht nur … sondern auch || J(בעי bh): to enter into, split;; to be empty, bare; to lay bare, destroy the crop || J(בְּעֵי I ch): to search, inquire, ask, examine; uba hash-shemesh; to ask, pray || J(בְּעֵי II): to open wide; to yawn
128	מגו	720	מתוך	מגו/-/-/reviewed/reviewed form: מן + גּוֹ "inside" (Jastrow)	
129	תימא	720	תאמר	אמר/pe.impf.2ms/-/irregular/the sense cited from targum	{אמר} v הלעיט[k:def:af:bavli] ; אמר[j:same:pe:targum+bavli+yerushalmi] ; טלה, כבש[h:wikt] || J(אָמַר I bh): to join, knot; to be knotted, thick;; to heap up;; to join words, compose || J(אֲמַר ch): they say, it is said; Inf; does this mean to say? || J(אָמַר II bh): to be thick, strong; to thrive; to boast, vaunt, be oppressive; to fatten || J(אִמַּר): lamb
130	להאי	715	לזה, זאת	האי/-/l/exact/the sense cited from bavli	{האי} other זה, זאת[k:def:bavli] || J(הַאי): this, that; v’taher; locale
131	דלית	712	שאין	דלית/-/-/reviewed/reviewed form: ד + לֵית (Krupnik: אין)	{דלית} n  || J(דָּלִית bh): suspended; branches of the vine trained to an espalier; grapes of the espalier
132	דרגא	699	מדרגה	דרגא/-/-/exact/reviewed choice	{דרגא} n מדרגה[k:def] ; פסיעה[k:def:targum] || 
133	דלתתא	697	של מטה	דלתתא/-/-/reviewed/reviewed form: ד + לְתַתָּא	
134	ברכאנ	695	ברכות	ברכאנ/-/-/reviewed/reviewed form: plural of בִּרְכְתָא (Jastrow = h. בְּרָכָה)	
135	עביד	695	עושה	עביד/-/-/reviewed/reviewed form: Krupnik עֲבַד "עשה" (Jastrow עֲבַד ch. "to do"), participle	{עביד} adj עשוי, נהוג[k:def:bavli] || 
136	להו	684	להם	pron:להו/fixed/-/pronominal/pronominal preposition table	
137	לעלמא	684	לעולם	עלמא/-/l/exact/the sense cited from bavli	{עלמא} n עולם[k:def:midrash+bavli] || 
138	דהוו	681	שהיו	דהוו/-/-/reviewed/reviewed form: ד + הֲווֹ	
139	קדישינ	673	קדושים	קדישינ/-/-/reviewed/reviewed form: plural of קַדִּישׁ (Jastrow ch. = h. קָדוֹשׁ)	
140	גו	663	תוך	גו/-/-/reviewed/reviewed form: Jastrow גּוֹ "inside"	{גו} n יש דברים בענין הזה[k:def] ; גו[j:same:targum+bavli+midrash+yerushalmi] ; קרב[j:eq:targum+bavli+midrash+yerushalmi] ; מתוך[j:eq:targum+bavli+midrash+yerushalmi] ; תוך[j:targum-h:targum] || K: belly, innermost | Inneres, Mitte || J(גֵּו bh): belly, body;; within, among || J(גֵּו ² ch): belly; innermost; among, amid; in, into; because, in consequence of
141	לגביה	654	אליו	לגביה/-/-/reviewed/reviewed form: לְגַבֵּי "towards" + ־יה	
142	בדא	650	בזה	בדא/-/-/reviewed/reviewed form: ב + דָּא "this"	{בדא} v המציא ובדה[k:def:pa:yerushalmi] ; ביזא[k:def:pe:midrash] ; בד[j:eq:bavli] ; בד[j:eq:yerushalmi] || J(בַּדָּא II): fine linen woof || J(בְּדָא): in this case
143	רעיא	646	רועה	רעיא/-/-/exact/reviewed choice	{רעיא} n רועה[k:def:targum] ; מרעה[k:def] || J(רָעֲיָא): shepherd; Fem.
144	דאמצעיתא	627	של האמצעי	דאמצעיתא/-/-/reviewed/reviewed form: ד + אֶמְצָעִיתָא "middle"	
145	ואיהי	625	והיא	איהי/-/w/exact/the sense cited from bavli	{איהי} other היא[k:def:bavli] || J(*אִיהִי II): Ihi Dakkira
146	עמיה	611	עמו	pron:עמיה/fixed/-/pronominal/pronominal preposition table	
147	אופ	608	גם	אופ/-/-/reviewed/reviewed form: Jastrow אוּף "also"	{אופ} n גם[k:def] || J(אוֹף I): too, also || J(אוֹף II): nature
148	בתר	606	אחר	בתר/-/-/reviewed/reviewed form: Jastrow בָּתַר ch. "after, behind" (= h. אַחַר)	{בתר} n  || J(בֶּתֶר ch): to cut; piece, decree, allotment || J(בָּתַר): after, behind.
149	ימינא	606	ימין	ימינא/-/-/exact/the sense cited from targum	{ימינא} ? ימין[j:same:targum+midrash] || 
150	ולית	605	ואין	לית/-/w/exact/the sense cited from targum	{לית} particle אין[k:def:targum] ; אין[h:wikt] || J(לַיִת): there is; was; not, none
151	באינונ	598	בהם	pron:אינונ/fixed/b/pronominal/pronominal preposition table	
152	דאית	598	שיש	דאית/-/-/reviewed/reviewed form: ד + אִית (Krupnik: יש)	{דאית} v חמד[k:def:pe] || 
153	אצטריכ	595	היה זקוק לדבר	צרכ/itpe.perf.3ms/-/source-form/the sense cited from bavli	{צרכ} v היה זקוק לדבר[k:def:itpe:yerushalmi+bavli] ; נפנה[k:def:bavli] ; חייב, הזקיק[k:def:af:bavli] ; צרך[j:same:pe:targum+yerushalmi+bavli+tanakh+midrash] || J(צָרַךְ): to be narrow; to need, want; to be in need, be forced || J(צְרַךְ ch): pass; to need, be needed; to be needed; to need
154	למעבד	584	לעשות	למעבד/-/-/reviewed/reviewed form: עֲבַד infinitive + ל	
155	נשמתא	577	נשמה	נשמתא/-/-/exact/the sense cited from targum	{נשמתא} ? נשמה[j:same:targum] || 
156	נהורא	575	אור	נהורא/-/-/reviewed/reviewed form: Jastrow נְהוֹרָא "light"	
157	יכיל	551	יכול	יכיל/-/-/exact/the sense cited from targum	{יכיל} ? יכול[j:eq:targum] || 
158	שלימ	548	שלם, תמים	שלימ/-/-/exact/the sense cited from targum	{שלימ} adj שלם, תמים[k:def:targum+tanakh] || J(שְׁלִים): complete, perfect; whole, unimpaired; Fem.; peaceful, sincere, friendly.
159	בגלותא	547	בגלות	גלותא/-/b/exact/the sense cited from targum	{גלותא} n גלות[k:def] ; ראש הגולים בבבל[k:def] ; גלות[j:same:targum+bavli] || J(גָּלוּתָא ch): Resh-Galutha; exiles
160	שריא	541	שורה	שריא/-/-/reviewed/reviewed form: Jastrow שְׁרֵי "to dwell, rest upon", participle	
161	אתער	539	התעורר	אתער/-/-/reviewed/reviewed form: Jastrow עוּר Ithpe. אִתְּעַר "to be aroused"	
162	עילאה	538	עליון	עילאה/-/-/exact/the sense cited from targum	{עילאה} adj עליון[k:def:targum+bavli] || J(עִילָאָה): high, uppermost; Most High; Pl.; Fem
163	שית	537	ששה	שית/-/-/exact/the sense cited from targum	{שית} n יסוד, מסד[k:def:mishnah] ; ששה[k:def:targum+tanakh] ; ששה[k:def:targum+tanakh] ; שש[j:eq:targum+bavli] || J(שִׁית I bh): to place, set, make || J(שִׁית II): foundation; bottom; Shith, a pit by the side of the altar || J(שִׁית III): wild fig.—Pl. || J(שִׁית): six.; sixty; sixteen; sixteenth
164	וכי	536		NO ANALYSIS	
165	סלקא	536	עולה	סלקא/-/-/reviewed/reviewed form: Krupnik סְלֵק "עלה", participle fem. — "סלקא דעתך" = it would arise in your mind	{סלקא} n  || J(סִלְקָא): beet || J(סִלְקָא ²): well-boiled vegetable
166	קלא	535	קול	קלא/-/-/reviewed/reviewed form: Jastrow קָלָא = h. קוֹל	{קלא} n  || K: stone | Stein || J(קָלָא): voice || J(קְלָא I): something round; clod, stone || J(קְלָא II): to burn
167	שמאלא	535	שמאל	שמאלא/-/-/exact/the sense cited from targum	{שמאלא} ? שמאל[j:eq:targum+yerushalmi] || 
168	מהאי	530	מזה, זאת	האי/-/m/exact/the sense cited from bavli	{האי} other זה, זאת[k:def:bavli] || J(הַאי): this, that; v’taher; locale
169	היכלא	529	היכל	היכלא/-/-/exact/the sense cited from targum	{היכלא} ? היכל[j:same:targum+bavli+yerushalmi+midrash+tanakh] || 
170	גוונינ	528	צבע	גוונ/n.pl/-/source-form/reviewed choice	{גוונ} n צבע, מראה פנים[k:def:bavli+targum] ; כעין, כמו, למשל[k:def:bavli] ; צבע[k:def:pa:bavli] ; גוון[j:same:targum+bavli] ; ענין[j:targum-h:targum] || K: like this, in a case like this | so, auf diese Weise || J(גַּוָּון): surface, color; resemblance; like, similar to; for example; for instance if, when. || J(גַּוָּון ² ch): way, manner; like this, in this way, in a case like this
171	נפיק	524	יוצא	נפיק/-/-/reviewed/reviewed form: נְפַק, participle	{נפיק} n ערם יערים[j:targum-h:targum] || J(נָפִיק): quick, alert
172	אנפינ	522	פנים	אנפינ/-/-/reviewed/reviewed form: Jastrow אַנְפִּין = h. פָּנִים	
173	השתא	519	עכשיו	השתא/-/-/exact/reviewed choice	{השתא} adv עכשיו[r:reviewed] || K: now | jetzt || K: since, if | da, wenn || J(הַשְׁתָּא): now; so now!, indeed; how can you compare these two cases?
174	באתר	517	במקום	אתר/-/b/exact/the sense cited from midrash	{אתר} n מקום[k:def:midrash] || J(אָתַר): place, town; our; local custom
175	סלקינ	516	עולים	סלקינ/-/-/reviewed/reviewed form: סְלֵק (Krupnik: עלה), participle pl.	
176	זמנינ	511	לפעמים	זמנינ/-/-/exact/the sense cited from bavli	{זמנינ} adv לפעמים[k:def:bavli] || 
177	בישא	509	רע	בישא/-/-/reviewed/reviewed form: Jastrow בִּישׁ "bad"	{בישא} adj רע[k:def:midrash] ; חולה[k:def:midrash] || 
178	אתא	503	בא	אתא/-/-/exact/reviewed choice	{אתא} v סימן[k:def:targum] ; בא[k:def:pe:bavli] ; הביא[r:reviewed:af] || J(אָתָא I): letter, sign || J(אֲתָא ch): to join; to come, to arrive; to occur to; surely, indeed || J(*אָתָא III): Great Bear, Ursa Major
179	נטיל	502	נוטל	נטיל/-/-/reviewed/reviewed form: Jastrow נְטַל = h. נָטַל, participle	{נטיל} n  || J(נְטִיל): heavy
180	ותתא	494	ומטה	ותתא/-/-/reviewed/reviewed form: ו + תַּתָּא "below"	
181	מתמנ	490	משם	מתמנ/-/-/reviewed/reviewed form: מן + תַּמָּן	
182	אימא	488	אם	אימא/-/-/reviewed/reviewed form: אִימָּא "mother" (Jastrow אִימָּא II ch.: mother; = h. אֵם)	{אימא} n אם[j:eq:targum+bavli] || K: mother | Mutter || J(אימָּא I): distaff || J(אִימָּא II ch): mother; my mother; grandmother
183	נחית	483	יורד	נחית/-/-/reviewed/reviewed form: Krupnik נְחַת "ירד", participle	
184	בזמנא	482	בזמן	בזמנא/-/-/reviewed/reviewed form: ב + זִמְנָא	
185	ארעא	481	אדמה, ארץ	ארעא/-/-/exact/reviewed choice	{ארעא} n אדמה, ארץ[k:def:bavli+targum] ; מקרה[k:def:targum] ; פגע[k:def] || J(אִרְעָא): accident, occurrence; evils, diseases || J(אַרְעָא): land, earth, ground, field; gout, sore on the toes; fields
186	לעלמינ	479	לעולמים	לעלמינ/-/-/reviewed/reviewed form: ל + עָלְמִין (plural of עָלְמָא)	
187	זכאינ	476	צדיקים	זכאינ/-/-/reviewed/reviewed form: plural of זַכָּאָה (Krupnik: צדיק)	
188	תניננ	473	שנינו	תניננ/-/-/reviewed/reviewed form: תְּנֵי (reviewed: שנה) + ־ינן	
189	אנא	470	אני	pron:אנא/fixed/-/pronominal/pronominal preposition table	{אנא} other אנכי[k:def] ; אני[j:eq:targum+bavli+yerushalmi] || J(אָנָּא bh): oh! I pray || J(אִנָּא): if I
190	אתקרי	465		NO_HEBREW_SENSE קרי	{קרי} n עיר, קריה[k:def:targum] ; קרי[j:same:pe:targum+bavli+midrash+tanakh+yerushalmi+other] ; קרי[j:same:pe:bavli] || J(קרי ² bh): to call, name; to invite; yeraëh; those called up to read from the Torah || J(קְרֵי I ch): to call, name, invite; to read; evil || J(קרי ³): to join; to meet; to meet, join || J(קְרֵי II ch): to join; to do something by accident; to happen || J(קרי ⁴): Pi.; to lay beams; to cover; to wa
191	קיימינ	460	עמד, היה קיים	קומ/pe.ptcp.mp/-/irregular/the sense cited from bavli	{קומ} v עמד, היה קיים[k:def:pe:bavli] ; מי חלב[k:def:mishnah] ; קום[j:same:pe:targum+bavli+midrash+yerushalmi+tanakh] ; העמיד[r:reviewed:af] || J(קוּם bh): to stand up, rise; to stand, exist; a transgression of a prohibitive law which you must re || J(קוּם ² ch): ḥălitsah; to ascertain; to bargain for || J(קוֹם): curdled milk, curd; whey; ḳom?
192	סבא	457	זקן	סבא/-/-/reviewed/reviewed form: Jastrow סָבָא "old man"	{סבא} v שתה לשכרה[k:def:pe:targum] ; סבא[j:same:pe:targum+bavli] || K: a man’s name | männlicher Name || J(סָבָא III bh): to drink freely; soaked, satiated; porous || J(סְבָא ch): to retail wine; to satiate, soak; to lash
193	ההיא	456	ההיא	ההיא/-/-/reviewed/reviewed form: Jastrow הַהִיא "that (fem.)" — the same Hebrew word	
194	לגו	455	לתוך	לגו/-/-/reviewed/reviewed form: ל + גּוֹ	
195	מעלמא	452	מעולם	עלמא/-/m/exact/the sense cited from bavli	{עלמא} n עולם[k:def:midrash+bavli] || 
196	אזיל	449	הולך	אזיל/-/-/reviewed/reviewed form: אֲזַל (Krupnik: הלך), participle	{אזיל} adj פחות ובטל[k:def:yerushalmi] || 
197	ותרינ	449	ושנים	תרינ/-/w/exact/the sense cited from targum	{תרינ} particle שנים[k:def:targum] || 
198	בארעא	448	באדמה, ארץ	ארעא/-/b/exact/reviewed choice	{ארעא} n אדמה, ארץ[k:def:bavli+targum] ; מקרה[k:def:targum] ; פגע[k:def] || J(אִרְעָא): accident, occurrence; evils, diseases || J(אַרְעָא): land, earth, ground, field; gout, sore on the toes; fields
199	ליליא	443	לילה	ליליא/-/-/reviewed/reviewed form: Jastrow לֵילְיָא = h. לַיְלָה	
200	עמודא	438	עמוד	עמודא/-/-/exact/reviewed choice	{עמודא} n עמוד[k:def] ; ניצוק של מים[k:def:bavli] || K: name of a place | Ortsname
201	רישא	438	ראש	רישא/-/-/reviewed/reviewed form: Krupnik רֵישׁ "ראש, גלגולת" (first alternative); the Gemara's רישא = the head (first clause)	
202	תרי	438	שנים	תרי/-/-/exact/reviewed choice	{תרי} v שרה במים[k:def:pe:bavli] ; התרה והזהיר[k:def:af:bavli] ; נשרה[k:def:itpe:targum] ; שנים[k:def:bavli] ; תרי[j:same:targum+bavli+midrash] ; שרה[j:eq:bavli+targum] || J(*תָּרַי): Taray || J(תרי): Hif.; to forewarn; to inform a person about to commit a criminal act of the penalty which  || J(תְּרֵי ch): Af. || J(תְּרֵי ²): to dissolve, soak; to be soaked || J(תְּרֵי ³): two; twelve
203	חברייא	435	החברים	חברייא/-/-/reviewed/reviewed form: plural of חַבְרָא (= h. חָבֵר)	
204	תחות	428	תחת	תחות/-/-/exact/the sense cited from targum	{תחות} ? תחת[j:eq:targum+yerushalmi] || J(תְּחוֹת): under, beneath, in place of
205	אילנא	427	עץ	אילנ/-/-/alias/the sense cited from midrash	{אילנ} n עץ[k:def:midrash] ; אילן[j:same:targum+bavli+midrash] || J(אִילָּן): oak; tree.
206	לנ	427	לנו	pron:לנ/fixed/-/pronominal/pronominal preposition table	
207	והוה	426	והיה	הוה/-/w/exact/reviewed choice	{הוה} v היה[r:reviewed:pe] || J(הַוָּה bh): change; misfortune || J(*הֵוָה): Ḥevah || J(הֲוָהּ): ah!
208	ממנא	422	ממונה	ממנא/-/-/reviewed/reviewed form: Jastrow מְמַנָּא "appointed, officer"	
209	דיוקנא	420	דיוקן	דיוקנא/-/-/exact/the sense cited from targum	{דיוקנא} n תמונה[k:def:bavli] ; דיוקן[j:same:targum] || 
210	דכלהו	417	שכולם	pron:כלהו/fixed/d/pronominal/pronominal preposition table	
211	צלותא	417	תפלה	צלותא/-/-/exact/the sense cited from bavli	{צלותא} n תפלה[k:def:bavli] || 
212	די	416	זה	די/-/-/exact/the sense cited from targum	{די} n אשר, ש־[k:def:yerushalmi] ; כי[k:def:yerushalmi] ; שאם[k:def] ; זה[j:targum-h:targum] ; של[h:wikt] ; אשר, ש־[h:wikt] || J(דִּי): who, which, where, whom; mine, thine; ḥazith || J(דִּי II): for if; for if not; for if not so || J(דַּי bh): sufficiency, plenty; enough for; enough for me || J(דִּי־): two, twice
213	נוקבא	409	נקבה	נוקבא/-/-/exact/the sense cited from targum	{נוקבא} n נקבה[j:eq:targum+yerushalmi+midrash+mishnah] || K: hole | Loch || J(נוּקְבָּא): hole || J(נוּקְבָא II ch): female
214	אוקימנא	408	הקים, העמיד · קבע, הניח	קימ/af.perf.1pl/-/generated/two senses	{קימ} v אישר[k:def:pa:bavli] ; הקים, העמיד[k:def:af] ; קבע, הניח[k:def:af] ; הוקם[k:def:itpe:targum] ; חוק[k:def:targum] ; ברית[k:def:targum] ; שבועה[k:def:targum] || J(קִים): standing;; it is; established, certain
215	נהירו	405	אור	נהירו/-/-/reviewed/reviewed form: Jastrow נְהִירוּ "light"	
216	שמהנ	400	שמות	שמהנ/-/-/reviewed/reviewed form: plural of שְׁמָא (= h. שֵׁם)	
217	שמיה	399	שמו	שמיה/-/-/reviewed/reviewed form: שְׁמָא + ־יה	
218	מאינונ	398	מהם	pron:אינונ/fixed/m/pronominal/pronominal preposition table	{מאינונ} ?  || 
219	שנינ	395		AMBIGUOUS שננ/pa.perf.3ms "ליטש וחידד" ~ שנא/n.pl "שנה"	{שננ} v ליטש וחידד[k:def:pa:targum] ; נלטש והוחד[k:def:itpe:targum] ; צוק סלע[k:def:mishnah] ; שנן[j:same:pe:targum] || J(שָׁנַן bh): to be pointed, sharp; to sharpen.; —Part. pass; sharpened || J(שְׁנַן ch): to sharpen; to be sharpened, polished || J(שָׁנָן): pointed rock, cliff.
220	עמינ	391	עמים	עמינ/-/-/reviewed/reviewed form: plural of עַמָּא (= h. עַם)	
221	אתחזי	390		AMBIGUOUS_SENSE חזי: נראה | היה ראוי	{חזי} v ראה[k:def:pe:bavli] ; הראה[k:def:af:bavli] ; נראה[k:def:itpe:bavli] ; היה ראוי[k:def:itpe:bavli] ; הָראה[k:def:itpe] ; ראוי[k:def:bavli] ; חזי[j:same:pe:targum+bavli] || J(חזי bh): to divide; to discern, see; to distribute kindled chips between logs of wood || J(חֲזִי ch): to see, recognize, to decide; Part. pass; pointed out, fit for, prepared;
222	לאסתכלא	389		NO ANALYSIS	
223	נהיר	384	מאיר	נהיר/-/-/reviewed/reviewed form: Jastrow נְהַר "to shine", participle	
224	דכר	381	זכר	דכר/-/-/exact/the sense cited from targum	{דכר} v זכר, פקד[k:def:pe:bavli] ; הזכיר[k:def:af:yerushalmi] ; העלה בזכרונו[k:def:itpe] ; נזכר[k:def:itpe:targum] ; זכר[k:def:midrash] ; איל[k:def] ; בעל תאוה[k:def:midrash] ; תרנגול[k:def] ; יחור זכר[k:def] ; זכר[j:eq:targum+bavli] ; זכר[j:eq:targum+midrash+bavli+mishnah] || J(דְּכַר I): to mark; to remember; remembering, reminded || J(דְּכַר II): marked; male, man; the male of the flock, ram
225	אקרונ	380	נקראו	אקרונ/-/-/reviewed/reviewed form: קְרֵי Ithpe., plural	
226	דכד	379	שכאשר	דכד/-/-/reviewed/reviewed form: ד + כַּד "when" (Krupnik כד: כאשר)	
227	רשו	376	רשות	רשו/-/-/reviewed/reviewed form: Jastrow רְשׁוּ "permission, power"	{רשו} n הרשאה, יפוי כח[k:def:yerushalmi] ; רשיון[k:def:targum] ; הלואה[k:def:targum] || 
228	דתמנ	375	ששם	דתמנ/-/-/reviewed/reviewed form: ד + תַּמָּן	
229	בכלא	374	בכל	בכלא/-/-/reviewed/reviewed form: ב + כֹּלָּא	
230	נשמתינ	370	נשמות	נשמתינ/-/-/reviewed/reviewed form: plural of נִשְׁמְתָא	
231	דדינא	368	של דין ומשפט	דינא/-/d/exact/reviewed choice	{דינא} n דין ומשפט[k:def:bavli] ; ריב[k:def] ; שופט[k:def] || 
232	דימינא	368	של ימין	ימינא/-/d/exact/the sense cited from targum	{ימינא} ? ימין[j:same:targum+midrash] || 
233	בההיא	367	באותה	בההיא/-/-/reviewed/reviewed form: ב + הַהִיא	
234	מהו	367	מה הוא	מהו/-/-/reviewed/reviewed form: Krupnik מַהוּ, second headword מַה הוּא	{מהו} ?  || J(מָהוּ ch): what is it? how is it?; bor’kay
235	דקיימא	366	שעומדת	דקיימא/-/-/reviewed/reviewed form: ד + קוּם, participle fem.	
236	יהיב	365	יהב	יהב/pe.ptcp.ms/-/irregular/the sense cited from targum	{יהב} v יהב[j:targum-h:targum] || J(יְהַב): to give; to deal; to put, place
237	דהוא	364		NO ANALYSIS	
238	כללא	364	כלל	כללא/-/-/exact/the sense cited from targum	{כללא} v מתוך הכלל, סתם[k:def:bavli] ; כלל[j:same:targum+bavli+midrash] || 
239	נהורינ	364	אורות	נהורינ/-/-/reviewed/reviewed form: plural of נְהוֹרָא	
240	הני	363	אלה	הני/-/-/reviewed/reviewed form: Krupnik הָנֵי "הללו"	{הני} v הללו[k:def] ; הני[j:same:pe:targum+midrash+tanakh+bavli] || J(הני): Nif; to be pleased, to enjoy, to profit; to be enjoyed || J(הֲנִי ch): to please, to profit; Part.; to please, do good, benefit
241	תליינ	363	תלויים	תליינ/-/-/reviewed/reviewed form: Jastrow תְּלָא, passive participle pl.	
242	לקודשא	360	לקודש, קדושה	קודשא/-/l/exact/the sense cited from targum	{קודשא} n קודש, קדושה[k:def:targum] || 
243	באלינ	358	באלה	באלינ/-/-/reviewed/reviewed form: ב + אִלֵּין	
244	קאימ	356	עמד, היה קיים	קומ/pe.ptcp.ms/-/irregular/the sense cited from bavli	{קאימ} n  || J(קָאֵים): standing, rising  ##  {קומ} v עמד, היה קיים[k:def:pe:bavli] ; מי חלב[k:def:mishnah] ; קום[j:same:pe:targum+bavli+midrash+yerushalmi+tanakh] ; העמיד[r:reviewed:af] || J(קוּם bh): to stand up, rise; to stand, exist; a transgression of a prohibitive law which you must re || J(קוּם ² ch): ḥălitsah; to ascertain; to bargain for || J(קוֹם): curdled milk, curd; whey; ḳom?
245	בהדיה	355	עמו	pron:בהדיה/fixed/-/pronominal/pronominal preposition table	
246	דגופא	353	של גוף	גופא/-/d/exact/the sense cited from targum	{גופא} n גוף[k:def:midrash] ; עיקר הדבר[k:def] ; הלא יש סתירה בדבר[k:def:bavli] ; גוף[j:same:targum+midrash+bavli+yerushalmi] || K: i>Zitierungsform in der talmudischen Diskussion, wenn ein vorher gelegentlich angeführter Ausspruch zum Hauptgegenstand der Erörterung werden soll || J(גּוּפָא ch): body; self, substance; Gufa
247	בלחודוי	348	לבדו	בלחודוי/-/-/reviewed/reviewed form: Jastrow בִּלְחוֹדוֹי "by himself"	
248	בעא	348	שאל	בעא/-/-/reviewed/reviewed form: Krupnik בְּעֵי 1) "שאל" (בעא מיניה = asked of him), the perfect	
249	עאל	348	נכנס	עאל/-/-/reviewed/reviewed form: Jastrow עֲלַל "to enter", participle	
250	אנת	347	אתה	אנת/-/-/exact/the sense cited from bavli	{אנת} ? אתה[j:eq:tanakh+bavli] || J(אַנְתְּ): thou.
251	נפקינ	344	יוצאים	נפקינ/-/-/reviewed/reviewed form: נְפַק (Krupnik: יצא), participle pl.	
252	תניינא	344	השני	תניינא/-/-/reviewed/reviewed form: Jastrow תִּנְיָנָא "second"	
253	דחיי	342	של חיים	דחיי/-/-/reviewed/reviewed form: ד + חַיֵּי "life"	
254	ביומא	340	ביום	יומא/-/b/exact/reviewed choice	{יומא} n יום[k:def:bavli] ; שמש[k:def:bavli] || K: name of a treatise of the Talmud on the order of exercises of the Day of Atonement | Name eines Talmudtraktates über den Versöhnungstag
255	לאינונ	340	להם	pron:אינונ/fixed/l/pronominal/pronominal preposition table	
256	מכלא	339	מכל	מכלא/-/-/reviewed/reviewed form: מן + כֹּלָּא	
257	למנדע	336	לדעת	למנדע/-/-/reviewed/reviewed form: יְדַע infinitive (מִנְדַּע) + ל	
258	דשכינתא	335	של השכינה	דשכינתא/-/-/reviewed/reviewed form: ד + שְׁכִינְתָּא	
259	סתימ	335	סתום	סתימ/-/-/reviewed/reviewed form: Jastrow סְתַם, passive participle	
260	רבא	335	גדול	רבא/-/-/reviewed/reviewed form: Jastrow רַבָּא ch. "great"	
261	רחמי	333	רחמים	רחמינ/-/-/alias/the sense cited from targum	{רחמינ} ? רחמים[j:same:targum+bavli] || 
262	בסטרא	331	בצד	סטרא/-/b/exact/the sense cited from targum	{סטרא} n צד[k:def:targum] || 
263	גרמיה	331	עצמו	גרמיה/-/-/reviewed/reviewed form: Jastrow גַּרְמָא "bone; self" + ־יה	
264	מקדשא	331	מקדש	מקדשא/-/-/reviewed/reviewed form: Jastrow מַקְדְּשָׁא = h. מִקְדָּשׁ	
265	בינייהו	330	ביניהם	pron:בינייהו/fixed/-/pronominal/pronominal preposition table	
266	עובדא	330	מעשה, מאורע	עובדא/-/-/exact/the sense cited from bavli	{עובדא} n מעשה, מאורע[k:def:bavli+yerushalmi] ; מעשה, מאורע[k:def:bavli+yerushalmi] || J(עוֹבָדָא): deed, work; occurrence, event, fact, case, precedent; billʿa
267	נמי	328	גם, כמו כן	נמי/-/-/exact/the sense cited from bavli	{נמי} adv גם, כמו כן[k:def:bavli] || J(נַמִּי): at all events, really, even, likewise; it is really so; is it really so?
268	רזינ	328	סודות	רזינ/-/-/reviewed/reviewed form: plural of רָזָא	
269	והיינו	326		NO ANALYSIS	
270	מנהונ	321	מהם	pron:מנהונ/fixed/-/pronominal/pronominal preposition table	
271	אתונ	320	אתם	pron:אתונ/fixed/-/pronominal/pronominal preposition table	{אתונ} other אתם[k:def:yerushalmi] || 
272	קמ	320	עמד, היה קיים	קומ/pe.perf.3ms/-/irregular/the sense cited from bavli	{קמ} n  || J(קָם bh): one standing up against, adversary. || J(קָמ־): before, in the presence of  ##  {קומ} v עמד, היה קיים[k:def:pe:bavli] ; מי חלב[k:def:mishnah] ; קום[j:same:pe:targum+bavli+midrash+yerushalmi+tanakh] ; העמיד[r:reviewed:af] || J(קוּם bh): to stand up, rise; to stand, exist; a transgression of a prohibitive law which you must re || J(קוּם ² ch): ḥălitsah; to ascertain; to bargain for || J(קוֹם): curdled milk, curd; whey; ḳom?
273	דשמאלא	319	של שמאל	שמאלא/-/d/exact/the sense cited from targum	{שמאלא} ? שמאל[j:eq:targum+yerushalmi] || 
274	ונוקבא	319	ונקבה	נוקבא/-/w/exact/the sense cited from targum	{נוקבא} n נקבה[j:eq:targum+yerushalmi+midrash+mishnah] || K: hole | Loch || J(נוּקְבָּא): hole || J(נוּקְבָא II ch): female
275	שמשא	319	חמה, שמש	שמשא/-/-/exact/reviewed choice	{שמשא} n חמה, שמש[k:def:midrash] ; קדחת[k:def:bavli] ; שמש[j:same:targum+bavli+midrash+tanakh] ; בין הערבים[j:targum-h:targum] ; שמש[j:eq:targum+yerushalmi] || J(שִׁמְשָׁא ch): Pl.; at twilight; Friday evening, Sabbath eve || J(שַׁמָּשָׁא): prostitute
276	דעדנ	314	של עדן	דעדנ/-/-/reviewed/reviewed form: ד + עֵדֶן	
277	מבעי	314	צריך	מבעי/-/-/reviewed/reviewed form: בְּעֵי itpe. (Krupnik: צריך להיות), participle	
278	דמהימנותא	313	של האמונה	דמהימנותא/-/-/reviewed/reviewed form: ד + Jastrow מְהֵימְנוּתָא "faith"	
279	אתעביד	312	נעשה	אתעביד/-/-/reviewed/reviewed form: Jastrow עֲבַד Ithpe. "to be made"	
280	בישינ	312	רעים	בישינ/-/-/reviewed/reviewed form: plural of בִּישׁ	
281	בתרינ	312	בשנים	תרינ/-/b/exact/the sense cited from targum	{תרינ} particle שנים[k:def:targum] || 
282	מיא	312	מים	מיא/-/-/reviewed/reviewed form: Jastrow מַיָּא = h. מַיִם	{מיא} n מים[k:def:bavli] || J(מַיָּא ch): water
283	כנסת	311	כנסת	כנסת/-/-/reviewed/reviewed form: = h. כְּנֶסֶת (כנסת ישראל)	{כנסת} n אספה, קיבוץ[k:def:midrash+mishnah] ; בית הכנסת, בית התפלה[k:def:midrash+mishnah] || J(כְּנֶסֶת): gathering, storage; assembly, community, congregation; congregation of worshippers
284	ימא	310	ים	ימא/-/-/exact/the sense cited from targum	{ימא} ? ים[j:same:targum+bavli+midrash] || J(יַמָּא ch): Yammé
285	למלכא	309	למלך	למלכא/-/-/reviewed/reviewed form: ל + מַלְכָּא	
286	מינה	309	ממנה	pron:מינה/fixed/-/pronominal/pronominal preposition table	
287	מתניתינ	309	משנתנו	מתניתינ/-/-/reviewed/reviewed form: Jastrow מַתְנִיתִין "our Mishnah"	
288	בחד	308	באחד	חד/-/b/exact/the sense cited from targum	{חד} particle אחד[k:def:bavli] ; אחד[j:eq:targum+yerushalmi+bavli] || J(חַד I bh): pointed, sharp; swift; Pl. || J(חַד II): one, singular, particular; like one; together, simultaneously
289	מסאבא	308	טמא	מסאבא/-/-/exact/the sense cited from targum	{מסאבא} adj טמא[k:def:targum] || 
290	דחכמתא	307	של חכמה	חכמתא/-/d/exact/the sense cited from targum	{חכמתא} n חכמה[k:def:targum] || 
291	אסתלק	306	הסתלק	אסתלק/-/-/reviewed/reviewed form: Jastrow סְלֵק Ithpa. = h. הִסְתַּלֵּק	
292	ומאי	306	ומה	ומאי/-/-/reviewed/reviewed form: ו + מַאי (Krupnik: מה)	
293	ותא	306	ובוא	ותא/-/-/reviewed/reviewed form: ו + תָּא	{ותא} n עוף החסידה[k:def:targum] || 
294	תקונא	305	תיקון	תקונא/-/-/reviewed/reviewed form: Jastrow תִּיקּוּנָא = h. תִּיקּוּן	
295	ולאו	303	ולא	ולאו/-/-/reviewed/reviewed form: ו + לָאו	
296	סתימינ	303	סתומים	סתימינ/-/-/reviewed/reviewed form: סְתַם, passive participle pl.	
297	אפיק	302	הוציא	אפיק/-/-/reviewed/reviewed form: נְפַק Af. (Jastrow: to take out)	{אפיק} v  || J(אָפִיק bh): to break through, go forth;; to be a free man, ruler; spring, rivulet
298	דנפיק	302	שיוצא	דנפיק/-/-/reviewed/reviewed form: ד + נְפַק, participle	
299	והכא	301	וכאן	הכא/-/w/exact/single sense	{הכא} adv כאן[k:def] || J(הָכָא): here, hither; in this case, now
300	אנונ	299	הם	pron:אנונ/fixed/-/pronominal/pronominal preposition table	{אנונ} ?  || 
301	אתקריאת	299		NO_HEBREW_SENSE קרי	{קרי} n עיר, קריה[k:def:targum] ; קרי[j:same:pe:targum+bavli+midrash+tanakh+yerushalmi+other] ; קרי[j:same:pe:bavli] || J(קרי ² bh): to call, name; to invite; yeraëh; those called up to read from the Torah || J(קְרֵי I ch): to call, name, invite; to read; evil || J(קרי ³): to join; to meet; to meet, join || J(קְרֵי II ch): to join; to do something by accident; to happen || J(קרי ⁴): Pi.; to lay beams; to cover; to wa
302	יתיב	298	ישב	יתב/-/-/alias/reviewed choice	{יתב} v ישב[k:def:pe:bavli] ; נתן[k:def:pe:bavli] ; הושיב[k:def:pa:targum] ; הרגיע[k:def:pa] ; הושיב[k:def:af:targum] ; הקשה, שאל[k:def:af] ; נח[k:def:itpe:bavli] ; ישב[j:eq:targum+bavli+tanakh+midrash] ; גור[j:targum-h:targum] ; הושיב[r:reviewed:af] || K: i>to dwell | sich aufhalten || J(יתֵב ch): to sit, dwell; to be inhabited, settled; inhabited || J(יְתֵב II): to give; to place; to give || J(יָתֵב): inhabitant
303	תריסר	298	שנים עשר	תריסר/-/-/exact/the sense cited from targum	{תריסר} particle שנים עשר[k:def:targum] || 
304	חילא	294	כח	חילא/-/-/reviewed/reviewed form: Jastrow חֵילָא "strength, host"	{חילא} n  || J(חֵילָא II): valley || J(חֵילָא III): vinegar
305	עמהונ	292	עמהם	pron:עמהונ/fixed/-/pronominal/pronominal preposition table	
306	פקודא	292	מצוה	פקודא/-/-/reviewed/reviewed form: Jastrow פִּקּוּדָא "command, precept"	
307	רוחינ	292	רוחות	רוחינ/-/-/reviewed/reviewed form: plural of רוּחָא	
308	תאנא	291	שנינו	תאנא/-/-/reviewed/reviewed form: Zoharic תָּאנָא "we have learned"	
309	ובההוא	284		NO ANALYSIS	
310	עילאינ	283	עליונים	עילאינ/-/-/reviewed/reviewed form: plural of עִילָּאָה	
311	באמצעיתא	281	באמצע	באמצעיתא/-/-/reviewed/reviewed form: ב + אֶמְצָעִיתָא	
312	ביתא	280	בית	ביתא/-/-/exact/reviewed choice	{ביתא} n בית[k:def:bavli] ; בת, מדת הלח[k:def:targum] ; בית[j:same:targum+bavli+midrash+yerushalmi] ; בת[j:eq:targum] || J(בֵּיתָא I ch): Pi.; the case of T’fillin; night-lodging || J(בֵּיתָא II): bath || J(בַּיְתָא): night-bird
313	דילכ	280	שלך	pron:דילכ/fixed/-/pronominal/pronominal preposition table	
314	והוו	280	והווים	הוה/pe.ptcp.mp/w/irregular/reviewed choice	{הוה} v היה[r:reviewed:pe] || J(הַוָּה bh): change; misfortune || J(*הֵוָה): Ḥevah || J(הֲוָהּ): ah!
315	לימינא	280	לימין	ימינא/-/l/exact/the sense cited from targum	{ימינא} ? ימין[j:same:targum+midrash] || 
316	אבהנ	279	אבות	אבהנ/-/-/reviewed/reviewed form: plural of אַבָּא	
317	בשמא	279	בשם	בשמא/-/-/reviewed/reviewed form: ב + שְׁמָא	
318	דסליק	279	שעולה	דסליק/-/-/reviewed/reviewed form: ד + סְלֵק, participle	
319	סיהרא	279	סהר, ירֵח, לבנה	סיהרא/-/-/exact/single sense	{סיהרא} n סהר, ירֵח, לבנה[k:def] || 
320	לקבלא	278	לעומת	לקבלא/-/-/reviewed/reviewed form: Jastrow לָקֳבֵל "opposite, corresponding to"	
321	בוצינא	276	נר	בוצינא/-/-/exact/reviewed choice	{בוצינא} n נר[k:def] ; ציר הסובב[k:def] || K: pumpkin | Kürbis
322	אחיד	274	מיוחד	אחיד/-/-/exact/the sense cited from targum	{אחיד} particle מיוחד[j:eq:targum] || J(אֲחִיד): singled out, devoted, betrothed
323	דאצטריכ	273	שהיה זקוק לדבר	צרכ/itpe.perf.3ms/d/source-form/the sense cited from bavli	{צרכ} v היה זקוק לדבר[k:def:itpe:yerushalmi+bavli] ; נפנה[k:def:bavli] ; חייב, הזקיק[k:def:af:bavli] ; צרך[j:same:pe:targum+yerushalmi+bavli+tanakh+midrash] || J(צָרַךְ): to be narrow; to need, want; to be in need, be forced || J(צְרַךְ ch): pass; to need, be needed; to be needed; to need
324	שלטא	273	שלט	שלטא/-/-/exact/the sense cited from targum	{שלטא} ? שלט[j:same:targum] || J(שִׁלְטָא ch): skin;
325	דמשה	272		NO ANALYSIS	
326	עינא	272	עין	עינא/-/-/exact/the sense cited from targum	{עינא} n עין[k:def:targum] || 
327	נפק	270	כיוצא בו	נפק/-/-/exact/the sense cited from targum	{נפק} v יצא[k:def:pe:midrash] ; יצא ידי חובתו[k:def:bavli] ; הוציא[k:def:bavli] ; נפק[j:same:pe:midrash+yerushalmi+targum+bavli+tanakh] ; כיוצא בו[j:eq:midrash+yerushalmi+targum+bavli+tanakh] ; הוציא[r:reviewed:af] || J(*נָפַק): to go out || J(נְפַק ch): to go out, come out; to result, end; similar to, corresponding; to take out, exclude || J(נָפֵק): going out; a male prostitute; fem; a female prostitute
328	טב	269	היה טוב	טב/-/-/exact/the sense cited from targum	{טב} v היה טוב[k:def:pe:targum] ; היטיב[k:def:af] ; טוב[k:def:bavli] ; שוה[k:def:yerushalmi] ; ראש ונשיא[k:def:yerushalmi] ; יותר[k:def:bavli] ; טוב[j:eq:targum] ; טוב[h:wikt] || J(טַב I): to be good, well; to feel well, be satisfied, fare well; to do good || J(טַב II): good, precious; worth, valued; best man, elder, officer
329	לכלא	269	נגמר	כלי/pe.impf.3ms/-/generated/the sense cited from bavli	{כלי} v נגמר[k:def:pe:bavli] ; איבד[k:def:pa:bavli] ; שאג[k:def:af:targum] ; עצר[k:def:af:targum] ; נעצר[k:def:itpe:targum] ; כְּלִי רִאשׁוֹן[k:def] ; כלי[j:same:pe:targum+bavli] || J(כְּלִי bh): vessel, receptacle; bag; outfit, apparel, garment, tool, weapon.; Pl. || J(כלי bh): to enclose; to restrain, keep back; iron points; to be full, to be finished, to cease || J(כְּלֵי ch): to keep enclosed, to withhold, restrain; to be finished, gone; to be entirely with || J(כְּלֵי ²): 
330	סתימא	269		NO_HEBREW_SENSE סתמ	{סתמ} n סתם[j:same:pe:targum+bavli+mishnah+midrash] || K: something unknown, undefined | Unbekanntes, Unbestimmtes || K: anonymous Halakhah | anonyme Halacha || K: without terms | ohne nähere Angaben, schlechtweg || J(סָתַם bh): Saf.; to stop up, close, shut; a paragraph in the Torah separated from the preceding by a  || J(סְתַם ch): to conceal an autho
331	תליא	267	יתד, תלי	תליא/-/-/exact/the sense cited from bavli	{תליא} n יתד, תלי[k:def:bavli] || J(תַּלְיָא): hook, string
332	דביה	266	שבו	pron:ביה/fixed/d/pronominal/pronominal preposition table	
333	בימינא	265	בימין	ימינא/-/b/exact/the sense cited from targum	{ימינא} ? ימין[j:same:targum+midrash] || 
334	תליתאה	264		NO ANALYSIS	{תליתאה} n  || J(תְּלִיתָאָה): third; Fem.; threefold
335	דלאו	263	שלא	דלאו/-/-/reviewed/reviewed form: ד + לָאו "not" (Jastrow לָאו)	
336	בגו	262	בתוך	בגו/-/-/reviewed/reviewed form: ב + גּוֹ	
337	דאברהמ	261		NO ANALYSIS	
338	מזונא	260		NO_HEBREW_SENSE מזונ	{מזונ} n מזון[j:same:tanakh+targum+bavli] || J(מָזוֹן bh): food, sustenance; meal; alimentation; mazon || J(מָזוֹן ² ch): ḥok
339	אמרי	258	אומרים	אמר/pe.ptcp.mp/-/irregular/the sense cited from targum	{אמרי} ?  ||   ##  {אמר} v הלעיט[k:def:af:bavli] ; אמר[j:same:pe:targum+bavli+yerushalmi] ; טלה, כבש[h:wikt] || J(אָמַר I bh): to join, knot; to be knotted, thick;; to heap up;; to join words, compose || J(אֲמַר ch): they say, it is said; Inf; does this mean to say? || J(אָמַר II bh): to be thick, strong; to thrive; to boast, vaunt, be oppressive; to fatten || J(אִמַּר): lamb
340	למאנ	257	למי	מאנ/-/l/exact/reviewed choice	{מאנ} n מי[k:def:bavli] ; קנקן[j:eq:targum+bavli+yerushalmi] || J(מָאַן): Pi.; to deny, refuse; to protest against, to annul one’s marriage || J(מַאן): who?, what?, which?;; who, which || J(מָאן): thing; vessel, utensil; garment, dress
341	ידא	255	יד	ידא/-/-/exact/the sense cited from targum	{ידא} v עף, פרח[k:def:pa:midrash] ; יד[k:def:targum] ; על ידי[k:def:bavli] || 
342	לאחזאה	253		NO ANALYSIS	
343	לסלקא	253		NO ANALYSIS	
344	פתחא	252	פתח	פתחא/-/-/exact/the sense cited from targum	{פתחא} ? פתח[j:same:targum+bavli+tanakh+midrash] || 
345	קשיא	252	קשה	קשיא/-/-/exact/reviewed choice	{קשיא} adj קשה[r:reviewed] || K: objection, contradiction | Schwierigkeit, Einwand, Widerspruch || J(קַשְׁיָא II): difficult, open to objection; unanswerable objection; contradiction
346	ותתאינ	251		NO ANALYSIS	
347	זעירא	250	היה קטן	זער/pe.pass.fs/-/generated/single sense	{זער} v היה קטן[k:def:pe] ; הקטין והמעיט[k:def:af:targum] ; נתמעט[k:def:itpe:yerushalmi] || 
348	רקיע	249	מפורסם	רקיע/-/-/exact/the sense cited from bavli	{רקיע} adj מפורסם[k:def:bavli] ; רקיע[j:same:targum+bavli] || J(רָקִיעַ bh): expanse, sky; Raḳiʿa
349	דבעי	248	שבקש	בעי/-/d/exact/the sense cited from targum	{בעי} v שאל[k:def:pe:bavli] ; התפלל, בקש רחמים[k:def:bavli] ; היה צריך[k:def:pe:bavli] ; נתבקש[k:def:targum] ; נבהל ללכת[k:def:tanakh] ; נשאל[k:def:itpe] ; צריך להיות[k:def:itpe:bavli] ; פיהק[k:def:pe] ; בעי[j:same:pe:targum+bavli+yerushalmi] ; בקש[j:targum-h:targum] || K: not only … but | nicht nur … sondern auch || J(בעי bh): to enter into, split;; to be empty, bare; to lay bare, destroy the crop || J(בְּעֵי I ch): to search, inquire, ask, examine; uba hash-shemesh; to ask, pray || J(בְּעֵי II): to open wide; to yawn
350	מהימנותא	248		NO ANALYSIS	
351	מלעילא	248		NO ANALYSIS	
352	רישיה	248		AMBIGUOUS_SENSE ריש: עומד בראש, נשיא | התחלה | החלק העליון | ארס	{ריש} n ראש, גלגולת[k:def:bavli] ; עומד בראש, נשיא[k:def:targum] ; התחלה[k:def:targum] ; החלק העליון[k:def:targum] ; ארס[k:def:targum] ; ראש[j:eq:targum+bavli+yerushalmi+midrash+tosefta] ; ראש[j:eq:targum] || J(רִישׁ bh): poverty, misery || J(רֵישׁ II): head, chief; beginning, first thing, firstling; at first, formerly || J(רֵישׁ III): drop; poison; pl.
353	שמיא	248	שמים	שמיא/-/-/exact/the sense cited from targum	{שמיא} n שמים[j:eq:targum+bavli+yerushalmi] || J(שְׁמַיָּא): heaven; God.; arch, ceiling
354	והשתא	247	ועכשיו	השתא/-/w/exact/reviewed choice	{השתא} adv עכשיו[r:reviewed] || K: now | jetzt || K: since, if | da, wenn || J(הַשְׁתָּא): now; so now!, indeed; how can you compare these two cases?
355	דאוקמוה	246		NO ANALYSIS	
356	אזלי	245		NO ANALYSIS	
357	דמאריה	245		NO ANALYSIS	
358	זמינ	245	מוכן ומזומן	זמינ/-/-/exact/the sense cited from targum	{זמינ} adj מוכן ומזומן[k:def:targum] || 
359	חויא	244		NO_HEBREW_SENSE חוי	{חוי} v אַחֲוֵי הראה[k:def:pa:bavli] || J(חוי): to point; to show, teach, tell || J(חוי ² ch): Pa.; to show;to tell; to be announced; to be told
360	כלילנ	244	נזר	כליל/n.pl/-/source-form/the sense cited from targum	{כליל} n זֵר, נזר[k:def:yerushalmi+bavli] ; התקסרות[k:def:bavli] ; נזר[j:targum-h:targum] || J(כָּלִיל): entire; Kalil, a sacrifice burnt entirely; Kalil || J(כְּלִיל): circle, wreath, crown; sing; sing
361	עמא	244	עם, אומה	עמא/-/-/exact/the sense cited from bavli	{עמא} n עם, אומה[k:def:bavli] ; כעס, שנאה[k:def] || J(עֵמָּא): leaven;; passion
362	תקיפא	244		NO_HEBREW_SENSE תקיפ	{תקיפ} n תקיף[j:same:targum+bavli] || J(תַּקִּיף bh): strong, powerful; Fem. || J(תַּקִּיף ² ch): strong, mighty; protector; hard, stern, severe; Fem.
363	חולקיה	243	חלק שלו	חולק/n.pl+3ms/-/generated-noun/the sense cited from targum	{חולק} n חלק[k:def:other] ; חלק[j:eq:targum+yerushalmi+bavli] || J(חוּלַּק ch): portion, share
364	וקודשא	241	וקודש, קדושה	קודשא/-/w/exact/the sense cited from targum	{קודשא} n קודש, קדושה[k:def:targum] || 
365	אשתכחו	240	נמצא	שכח/itpe.perf.3mp/-/generated/the sense cited from targum	{שכח} v שכח, נשמט מזכרונו[k:def:pe:yerushalmi] ; מצא[k:def:af:bavli] ; נמצא[k:def:itpe:bavli] ; נשכח[k:def:itpe:bavli] ; שכח[j:same:pe:yerushalmi+bavli] ; נמצא[j:eq:targum+bavli+yerushalmi+midrash] ; נמצא[j:eq:itpe:targum+bavli+midrash] ; מצא[r:reviewed:af] || J(שָׁכַח bh): to sink,; to forget, discard; forgetting || J(שְׁכַח ch): to be forgotten || J(שְׁכַח II): Af.; to uncover,; to find
366	טבינ	240		AMBIGUOUS טב/n.pl "היה טוב" ~ טביא/n.pl "צבי"	{טב} v היה טוב[k:def:pe:targum] ; היטיב[k:def:af] ; טוב[k:def:bavli] ; שוה[k:def:yerushalmi] ; ראש ונשיא[k:def:yerushalmi] ; יותר[k:def:bavli] ; טוב[j:eq:targum] ; טוב[h:wikt] || J(טַב I): to be good, well; to feel well, be satisfied, fare well; to do good || J(טַב II): good, precious; worth, valued; best man, elder, officer
367	נפקי	240		AMBIGUOUS_SENSE נפקא: צואה | מוצא	{נפקא} n צואה[k:def:bavli] ; מוצא[k:def:bavli] ; צאה[j:eq:bavli] ; מוצא[j:eq:bavli] || J(נִפִקָא): excrements; outlet, opening; projection
368	דילהונ	237	שלהם	pron:דילהונ/fixed/-/pronominal/pronominal preposition table	{דילהונ} other שלהם[k:def:bavli] || 
369	שליט	237		NO_HEBREW_SENSE שליט	{שליט} n שליט[j:same:targum] || J(שַׁלִּיט bh): having control, ruler; Fem. || J(שַׁלִּיט ² ch): Fem.
370	ידוי	236		NO ANALYSIS	
371	חמי	234	אראה	חמי/-/-/exact/the sense cited from targum	{חמי} v ראה[k:def:pe:yerushalmi] ; נראה[k:def:itpe:bavli] ; ראוי[k:def] ; אראה[j:targum-h:targum] || J(חֲמִי): ḥama; to surround, guard; to observe, see
372	קיימי	234	עמד, היה קיים	קומ/pe.ptcp.mp/-/irregular/the sense cited from bavli	{קומ} v עמד, היה קיים[k:def:pe:bavli] ; מי חלב[k:def:mishnah] ; קום[j:same:pe:targum+bavli+midrash+yerushalmi+tanakh] ; העמיד[r:reviewed:af] || J(קוּם bh): to stand up, rise; to stand, exist; a transgression of a prohibitive law which you must re || J(קוּם ² ch): ḥălitsah; to ascertain; to bargain for || J(קוֹם): curdled milk, curd; whey; ḳom?
373	שלימו	234		NO ANALYSIS	
374	ובעלמא	233	ובעולם	עלמא/-/wb/exact/the sense cited from bavli	{עלמא} n עולם[k:def:midrash+bavli] || 
375	בדיוקנא	231	בדיוקן	דיוקנא/-/b/exact/the sense cited from targum	{דיוקנא} n תמונה[k:def:bavli] ; דיוקן[j:same:targum] || 
376	דעבד	231		NO ANALYSIS	
377	חכמתא	231	חכמה	חכמתא/-/-/exact/the sense cited from targum	{חכמתא} n חכמה[k:def:targum] || 
378	שבעינ	231		NO_HEBREW_SENSE שבע	{שבע} v נשבע[k:def:itpe] ; שבע[j:same:targum+yerushalmi] ; שבע[j:same:pe:targum+midrash+bavli] || J(שֶׁבַע bh): seven; Shib ah, the seven days of mourning for a near relative; seventy || J(שְׁבַע ch): seventy || J(שָׁבַע): Nif.; to be sworn, to swear; to adjure; to impose, administer an oath || J(שְׁבַע II ch): Ithpa.; Ithpe.; Nif. || J(שָׂבֵעַ I bh): sated, filled, satisfied; Fem. || J(שָׂבֵעַ 
379	תו	231		AMBIGUOUS תו/ "שוב, עוד" ~ אתא/pe.impv.mp "בואו"	{תו} adv שוב, עוד[k:def:bavli] || J(תּוּ I): come ye || J(תּוּ II): again, furthermore
380	ותמנ	230		NO ANALYSIS	
381	לקיימא	230	לקיום, חיים	קיימא/-/l/exact/the sense cited from bavli	{קיימא} n קיום, חיים[k:def:bavli] || J(קַיָּימָא): existence, duration, permanence
382	ספירנ	230		NO ANALYSIS	
383	תתאינ	230		NO ANALYSIS	
384	דאלינ	229	של אלה	דאלינ/-/-/reviewed/reviewed form: ד + אִלֵּין	
385	דהכי	229	שכן	הכי/-/d/exact/the sense cited from bavli	{הכי} other כן[k:def:bavli] || J(הָכִי): so, in this manner, thus; if this be so; fit for such a thing, old enough
386	ומסטרא	229	ומצד	סטרא/-/wm/exact/the sense cited from targum	{סטרא} n צד[k:def:targum] || 
387	ואוקמוה	228		NO ANALYSIS	
388	יכלינ	227		NO ANALYSIS	
389	גוונ	226	צבע	גוונ/-/-/exact/reviewed choice	{גוונ} n צבע, מראה פנים[k:def:bavli+targum] ; כעין, כמו, למשל[k:def:bavli] ; צבע[k:def:pa:bavli] ; גוון[j:same:targum+bavli] ; ענין[j:targum-h:targum] || K: like this, in a case like this | so, auf diese Weise || J(גַּוָּון): surface, color; resemblance; like, similar to; for example; for instance if, when. || J(גַּוָּון ² ch): way, manner; like this, in this way, in a case like this
390	ואתמר	225	ונאמר	אמר/itpe.perf.3ms/w/irregular/the sense cited from targum; reflexive by the Hebrew nif'al	{אמר} v הלעיט[k:def:af:bavli] ; אמר[j:same:pe:targum+bavli+yerushalmi] ; טלה, כבש[h:wikt] || J(אָמַר I bh): to join, knot; to be knotted, thick;; to heap up;; to join words, compose || J(אֲמַר ch): they say, it is said; Inf; does this mean to say? || J(אָמַר II bh): to be thick, strong; to thrive; to boast, vaunt, be oppressive; to fatten || J(אִמַּר): lamb
391	כלילא	225	זֵר, נזר	כלילא/-/-/exact/reviewed choice	{כלילא} n זֵר, נזר[k:def:yerushalmi+bavli] ; התקסרות[k:def:bavli] || 
392	דעביד	224	של עשוי, נהוג	עביד/-/d/exact/the sense cited from bavli	{עביד} adj עשוי, נהוג[k:def:bavli] || 
393	לסטר	224		NO ANALYSIS	
394	עלוי	224		AMBIGUOUS_SENSE עילוי: על גבי | ערך, הערכה	{עילוי} n על גבי[k:def:bavli] ; ערך, הערכה[k:def:bavli] || J(עִילָוֵי): above, upon, around || J(עִילּוּי): going up; elevation; Pi.; valuation, value
395	להונ	223	להם	pron:להונ/fixed/-/pronominal/pronominal preposition table	
396	אמרת	222	אתה אומר	אמר/pe.ptcp.2ms/-/irregular/the sense cited from targum	{אמר} v הלעיט[k:def:af:bavli] ; אמר[j:same:pe:targum+bavli+yerushalmi] ; טלה, כבש[h:wikt] || J(אָמַר I bh): to join, knot; to be knotted, thick;; to heap up;; to join words, compose || J(אֲמַר ch): they say, it is said; Inf; does this mean to say? || J(אָמַר II bh): to be thick, strong; to thrive; to boast, vaunt, be oppressive; to fatten || J(אִמַּר): lamb
397	פקודינ	222		NO_HEBREW_SENSE פקד	{פקד} v נתן צו[k:def:pa] ; פקד[j:same:pe:targum+bavli+midrash] || J(פָּקַד bh): to search, examine; to visit; to have marital connection with || J(פְּקַד ch): to command; Ithpa.; Pa.
398	לשלטאה	221		NO ANALYSIS	
399	סטר	221	צד	סטר/-/-/exact/reviewed choice	{סטר} v הכה בפסת היד[k:def:pa:mishnah+yerushalmi] ; צד[k:def:targum] ; סטר[j:same:pe:targum] || J(סָטַר): to turn sideways; to strike sideways, slap || J(סְטַר I ch): to strike with the flat hand; to flatten || J(סְטַר II): to be near; side, border; wages
400	רשימינ	221		NO ANALYSIS	
401	בכלהו	220	בכולם	pron:כלהו/fixed/b/pronominal/pronominal preposition table	
402	לאנהרא	220		NO ANALYSIS	
403	נפקא	219		AMBIGUOUS_SENSE נפקא: צואה | מוצא	{נפקא} n צואה[k:def:bavli] ; מוצא[k:def:bavli] ; צאה[j:eq:bavli] ; מוצא[j:eq:bavli] || J(נִפִקָא): excrements; outlet, opening; projection
404	אשתלימ	218	כלה ונגמר · נפרע הכסף	שלמ/itpa.perf.3ms/-/generated/two senses	{שלמ} v כלה ונגמר[k:def:itpa] ; נפרע הכסף[k:def:itpa] ; שלם[j:same:pe:targum+bavli] ; מלא[j:targum-h:targum] ; שלום[j:eq:targum+bavli+yerushalmi] || K: to end | zu Ende sein || J(שָׁלֵם bh): to be whole, complete; to end, cease; to complete, finish; to finish the fast-day || J(שִׁלֵם ch): to be perfect, complete, finished, spent; to be peaceful, sincere, friendly; to complete,  || J(שָׁלֵם II bh): preced; whole, complete; Fem. || J(שְׁלָם): perf
405	בתלת	218		NO ANALYSIS	
406	גוונא	217	צבע, מראה פנים	גוונא/-/-/exact/the sense cited from targum	{גוונא} n צבע, מראה פנים[k:def:bavli+targum] || 
407	קרבא	217	קרב	קרב/-/-/alias/the sense cited from targum	{קרב} v נעשה קרוב[k:def:itpa:midrash] ; קרב, נגע[k:def] ; הגין[k:def:yerushalmi] ; קרב[j:same:pe:targum+mishnah+yerushalmi+bavli+midrash] ; תנגשו[j:targum-h:targum] ; קרב[j:same:targum+tosefta+bavli+midrash] || K: to do in near intervals | häufen, in kurzen Intervallen tun || J(קָרֵב bh): to join, come near, be near; to be offered as; to come before court; to sue, complain; to  || J(קְרֵב ch): to be near, come near, touch; to intercede, protect; to complain, sue || J(קֶרֶב bh): inside, intestine.; Du.; inn
408	בריה	213	בנו	בריה/-/-/reviewed/reviewed form: בַּר "son" (Jastrow בַּר II: son) + ־יה "his"	{בריה} n דבר הנברא[k:def:bavli] ; בני האדם[k:def:midrash] || J(בִּרְיָה): creature; human being;; man; people, mankind
409	בליליא	212		AMBIGUOUS ליל/n.pl "ביללה" ~ לילי/n.sg "בליליות, רוחות הלילה"	{ליל} n יללה[k:def:targum] || J(לַיִל bh): night, evening; darkness; suffering, misery
410	חדוה	212		NO ANALYSIS	{חדוה} n  || J(חֶדְוָה bh): joy, rejoicing
411	כהנא	212	כהן	כהנ/-/-/alias/the sense cited from targum	{כהנ} n כהן[j:eq:targum+bavli] || J(כֹּהֵן bh): standing, stationed; officer; priest || J(כָּהַן bh): Nithpa.; to be appointed priest, to act as priest || J(כָּהֵן ch): Fem || J(כָּהֵן ²): Kahen, Kahăna
412	לאתערא	212		NO ANALYSIS	
413	טבא	210	טוב	טבא/-/-/exact/reviewed choice	{טבא} adj טוב[k:def:bavli] ; שוה[k:def:yerushalmi] ; ראש ונשיא[k:def:yerushalmi] ; יותר[k:def:bavli] || J(טִבָּא): rumor
414	אוליפנא	209		NO_HEBREW_SENSE אלפ	{אלפ} n אלף[j:same:targum+bavli+yerushalmi] ; אלף[j:targum-h:targum] || K: the first letter of the alphabet | der erste Buchstabe des Alphabets || J(אֶלֶף bh): thousand.; Du.; a million || J(אֲלַף II): to join, be joined; to become used; to learn, study, train one’s self; accustomed, used to
415	בתיובתא	209	בקושיא ופירכא	תיובתא/-/b/exact/reviewed choice	{תיובתא} n תשובה וחרטה[k:def:bavli] ; מענה[k:def:targum] ; קושיא ופירכא[k:def:bavli] || 
416	דלבא	209		NO ANALYSIS	
417	ואקרי	209		NO_HEBREW_SENSE קרי	{קרי} n עיר, קריה[k:def:targum] ; קרי[j:same:pe:targum+bavli+midrash+tanakh+yerushalmi+other] ; קרי[j:same:pe:bavli] || J(קרי ² bh): to call, name; to invite; yeraëh; those called up to read from the Torah || J(קְרֵי I ch): to call, name, invite; to read; evil || J(קרי ³): to join; to meet; to meet, join || J(קְרֵי II ch): to join; to do something by accident; to happen || J(קרי ⁴): Pi.; to lay beams; to cover; to wa
418	תרעינ	209	שער	תרע/n.pl/-/source-form/the sense cited from targum	{תרע} v תקע בשופר בעת צרה[k:def:af:mishnah] ; פרץ ושיבר[k:def:pa:targum] ; שער[k:def:targum+midrash] ; מקח, מחיר[k:def] ; יפרע[j:targum-h:targum] ; שער[j:eq:targum+midrash+bavli] || K: to be shattered | zerschmettert werden || J(תָּרַע): Hif.; to sound alarm; to blow the Shofar at public services || J(תְּרַע I): Tafel; to break, shatter, make a breach; Part. pass || J(תְּרַע): opening; door, gate; market, market price
419	יחודא	208	אחדות ויחידות	יחודא/-/-/exact/the sense cited from targum	{יחודא} n אחדות ויחידות[k:def:targum] || 
420	מאתר	208	ממקום	אתר/-/m/exact/the sense cited from midrash	{אתר} n מקום[k:def:midrash] || J(אָתַר): place, town; our; local custom
421	רביעאה	208	רביעי	רביעאה/-/-/exact/the sense cited from targum	{רביעאה} adj רביעי[k:def:targum] ; רביעי[j:eq:targum] || J(רְבִיעָאָה): fourth; Fem.
422	אתכליל	207	נכנס לחופה	כלל/itpa.perf.3ms/-/generated/the sense cited from bavli	{כלל} v הכתיר[k:def:pa:midrash] ; חיבר[k:def:pe:yerushalmi] ; הוכתר[k:def:itpa:midrash] ; נכנס לחופה[k:def:itpa:bavli] ; חוק ועיקר[k:def:mishnah] ; צבור[k:def] ; סוג הכולל[k:def] ; סך הכל[k:def:bavli] ; כלל[j:same:pe:targum+yerushalmi+bavli+midrash+tanakh] || J(כָּלַל bh): to surround, comprise, include; Part. pass; included || J(כְּלַל ch): to surround, crown; to make whole, combine; to surround, crown || J(כְּלָל): general rule, principle; under the influence of; community
423	אתתא	207	אשה	איתתא/-/-/alias/single sense	{איתתא} n אשה[k:def] || 
424	בגויה	207		NO ANALYSIS	
425	דאוקימנא	207	שהקים, העמיד · שקבע, הניח	קימ/af.perf.1pl/d/generated/two senses	{קימ} v אישר[k:def:pa:bavli] ; הקים, העמיד[k:def:af] ; קבע, הניח[k:def:af] ; הוקם[k:def:itpe:targum] ; חוק[k:def:targum] ; ברית[k:def:targum] ; שבועה[k:def:targum] || J(קִים): standing;; it is; established, certain
426	דתניננ	207		AMBIGUOUS תנינא/n.pl "של תנין" ~ תני/pe.ptcp.1pl "שאנו שונים"	{תנינא} ? תנין[j:same:targum] || 
427	ומתמנ	207		NO ANALYSIS	
428	מטרוניתא	207	מטרונית	מטרוניתא/-/-/exact/the sense cited from targum	{מטרוניתא} n גברת, אדונה[k:def:yerushalmi+midrash+bavli] ; מטרונית[j:same:bavli+targum] ; שרות[j:targum-h:targum] || 
429	מלאכינ	207		NO_HEBREW_SENSE מלאכ	{מלאכ} n מלאך[j:same:targum+bavli+midrash+tanakh] || J(מַלְאָךְ bh): to work; messenger; angel
430	קרבנא	207		NO_HEBREW_SENSE קרבנ	{קרבנ} n קרבן[j:same:targum+bavli+midrash+yerushalmi] || J(קָרְבָּן bh): gift, offering, sacrifice; ḳorban; ḳorban
431	מתתא	206		NO_HEBREW_SENSE מות	{מות} v מות[j:same] ; מות[j:same:targum+bavli] || J(מוֹת bh): to die.; to put to death; to cause death; to be put to death || J(מָוֶת bh): death. || J(מוֹת ² ch): poison; fem
432	דנהיר	205	שהאיר · שנזכר	נהר/-/d/alias/two senses	{נהר} v האיר[k:def:pe] ; נזכר[k:def:pe:yerushalmi] ; הואר[k:def:itpe:targum] ; נהר[j:same:pe:targum+bavli+midrash+yerushalmi] ; נהר[j:same:targum+midrash+bavli+yerushalmi] || K: to enlighten | erleuchten || J(נָהַר bh): to break forth, shine; to enlighten || J(נְהַר I ch): to shine; Part. pass; bright, clear || J(נָהָר bh): river, stream, canal || J(נְהַר II ch): N’har Abba
433	אתתקנ	204	נתכן	תקנ/itpa.perf.3ms/-/generated/the sense cited from targum; reflexive by the Hebrew nif'al	{תקנ} v תקן[j:same:pe:targum+bavli+midrash] ; תכן[j:targum-h:targum] || J(תָּקַן bh): to make straight, firm, right; to straighten, mend, repair, set in order, prepare; to make || J(תְּקֵן ch): to be firm, stand; Ithpa.; Ithpa.
434	גלותא	204	גלות	גלותא/-/-/exact/the sense cited from targum	{גלותא} n גלות[k:def] ; ראש הגולים בבבל[k:def] ; גלות[j:same:targum+bavli] || J(גָּלוּתָא ch): Resh-Galutha; exiles
435	לקבליה	204		NO ANALYSIS	
436	משריינ	204	משריון	שריינ/-/m/exact/the sense cited from targum	{שריינ} n שריון[j:eq:targum] || 
437	נקודינ	204		NO ANALYSIS	
438	דאתוונ	203		NO_HEBREW_SENSE אתוא	{אתוא} ?  || J(אַתְוָא): sign
439	כמלקדמינ	203		NO ANALYSIS	
440	ידעי	202		NO ANALYSIS	
441	סגיאינ	202		AMBIGUOUS_SENSE סגי: שפע | גדול, רב	{סגי} v גדל, נתרבה[k:def:pe] ; הספיק, היה די[k:def:pe:bavli] ; היה באפשרות[k:def:pe:bavli] ; הלך[k:def:pe:bavli] ; הגדיל, הרבה[k:def:targum] ; הלך[k:def] ; התרבה[k:def:targum] ; הלך[k:def:bavli] ; שפע[k:def:targum] ; גדול, רב[k:def:targum+tanakh] ; רב[j:eq:tanakh+targum+midrash+mishnah+bavli] || J(סְגֵי bh): to swell, rise, grow, spread, increase, thrive; to be sufficient; to enlarge, increase, ma || J(סְגֵי ²): to progress, pass, walk; to be marched, be set in motion; he moved on || J(סְגֵי III): multitude, greatness; majority || J(סַגִּי): spreading; numerous, large, great; much, enough; 
442	מהכא	200	מכאן	הכא/-/m/exact/single sense	{הכא} adv כאן[k:def] || J(הָכָא): here, hither; in this case, now
443	וסליק	199	והס	סלק/pe.ptcp.ms/w/irregular/the sense cited from targum	{סלק} v הסיר והעביר[k:def:mishnah] ; הרים[k:def:bavli] ; התרחק[k:def:itpa:midrash] ; מת[k:def:itpa:tosefta] ; סלק[j:same:pe:targum+bavli+midrash] ; הס[j:targum-h:targum] ; עָלָה[h:wikt] ; העלה[r:reviewed:af] || J(סָלַק): to go up, go away; to pile up; to remove; to cause cessation, suspend || J(סְלֵק ch): to rise, go up; to go away; to occur; to stop, hush, keep silence || J(סְלַק): to boil down
444	ועביד	199	ועשוי, נהוג	עביד/-/w/exact/the sense cited from bavli	{עביד} adj עשוי, נהוג[k:def:bavli] || 
445	אתיינ	198	באים	אתא/pe.ptcp.mp/-/irregular/reviewed choice	{אתא} v סימן[k:def:targum] ; בא[k:def:pe:bavli] ; הביא[r:reviewed:af] || J(אָתָא I): letter, sign || J(אֲתָא ch): to join; to come, to arrive; to occur to; surely, indeed || J(*אָתָא III): Great Bear, Ursa Major
446	ושמאלא	198	ושמאל	שמאלא/-/w/exact/the sense cited from targum	{שמאלא} ? שמאל[j:eq:targum+yerushalmi] || 
447	מיניה	198	ממנו	pron:מיניה/fixed/-/pronominal/pronominal preposition table	
448	עילא	198	חמור צעיר	עילא/-/-/exact/the sense cited from targum	{עילא} adj חמור צעיר[k:def:targum] ; תואנה[k:def:bavli] ; עולת[j:targum-h:targum] || K: uppermost | oberste || K: wrong | Unrecht || J(עִילָא II ch): going around; circumvention, intrigue, falsehood; pretext
449	ונפיק	197	וערם יערים	נפיק/-/w/exact/the sense cited from targum	{נפיק} n ערם יערים[j:targum-h:targum] || J(נָפִיק): quick, alert
450	מכלהו	197	מכולם	pron:כלהו/fixed/m/pronominal/pronominal preposition table	
451	מעילא	196	מחמור צעיר	עילא/-/m/exact/the sense cited from targum	{עילא} adj חמור צעיר[k:def:targum] ; תואנה[k:def:bavli] ; עולת[j:targum-h:targum] || K: uppermost | oberste || K: wrong | Unrecht || J(עִילָא II ch): going around; circumvention, intrigue, falsehood; pretext
452	נפקו	196		NO ANALYSIS	
453	עיינינ	196	חצר עינן	עינ/n.pl/-/source-form/the sense cited from targum	{עינ} n קרא בספר[k:def:midrash] ; חקר ודרש[k:def:bavli] ; הרהר[k:def:bavli] ; שקל בדיוק[k:def:bavli] ; הגה[k:def:bavli] ; עין[j:same:targum+bavli] ; חצר עינן[j:targum-h:targum] || K: prefixed to numerous names of places in Palestine | vielen Ortsnamen in Palästina vorgesetzt: || J(עַיִן bh): eye, sight, look; good will, liberality; ill-will, selfishness, envy. || J(עַיִן ² ch): eye, sight; discernible, in natural form; evil eye
454	עלאי	195		NO ANALYSIS	
455	דאילנא	194	של עץ	אילנ/-/d/alias/the sense cited from midrash	{אילנ} n עץ[k:def:midrash] ; אילן[j:same:targum+bavli+midrash] || J(אִילָּן): oak; tree.
456	דרישא	194		AMBIGUOUS_SENSE ריש: עומד בראש, נשיא | התחלה | החלק העליון | ארס	{ריש} n ראש, גלגולת[k:def:bavli] ; עומד בראש, נשיא[k:def:targum] ; התחלה[k:def:targum] ; החלק העליון[k:def:targum] ; ארס[k:def:targum] ; ראש[j:eq:targum+bavli+yerushalmi+midrash+tosefta] ; ראש[j:eq:targum] || J(רִישׁ bh): poverty, misery || J(רֵישׁ II): head, chief; beginning, first thing, firstling; at first, formerly || J(רֵישׁ III): drop; poison; pl.
457	דילי	192	שלי	pron:דילי/fixed/-/pronominal/pronominal preposition table	{דילי} other  || K: mine; your | mein; euer
458	לזמנינ	192	ללפעמים	זמנינ/-/l/exact/the sense cited from bavli	{זמנינ} adv לפעמים[k:def:bavli] || 
459	שפיר	192	יפה	שפיר/-/-/reviewed/reviewed form: Jastrow שַׁפִּיר "beautiful; well, right"	{שפיר} adj שפיר[j:same:targum+bavli] || K: handsome | schön || K: right, well | gut, richtig || K: sac of the) foetus | Hautblase des Embryos || J(שְׁפִיר): membraneous bag, sac of a fœtus; fœtus || J(שַׁפִּיר): handsome, pleasing; good; cheerful; Fem; right, well
460	אבתריה	191		NO ANALYSIS	
461	רבננ	191	חכמים	רבננ/-/-/reviewed/reviewed form: Krupnik רַבָּנָן: "שם כללי לחכמי המשנה והתלמוד" (the general name of the sages)	
462	שירתא	191	שירה	שירתא/-/-/exact/the sense cited from targum	{שירתא} n שירה[k:def:targum] ; שירה[j:eq:targum] || 
463	דרא	190	שורה	דרא/-/-/exact/the sense cited from bavli	{דרא} n דור[k:def] ; שורה[k:def:midrash+bavli] ; מדורה[k:def:midrash] ; מין אבן טובה[k:def] ; נשא[k:def:pe] ; זרה[k:def:pe] || K: court | Hof || K: damp | feucht || J(דָּרָא II): court; shed || J(דְּרָא): to winnow;; to carry
464	ותלת	190	ושלש	תלת/-/w/exact/the sense cited from targum	{תלת} v חילק לשלשה חלקים[k:def:pa:targum] ; עשה בפעם השלישית[k:def:pa:targum] ; נעשה בפעם השלישית[k:def:itpe:targum] ; שלש[j:eq:targum+bavli+yerushalmi] || J(תַּלֵּת): to divide into three parts; to do a third time; Part. pass || J(תְּלַת): three; on the third; thirteen
465	ידעינ	190		NO ANALYSIS	
466	בשלימו	189		NO ANALYSIS	
467	דחמא	189	של חם	חמא/-/d/exact/the sense cited from targum	{חמא} n צנון[k:def:bavli] ; חם[j:same:targum+bavli] ; חמה[j:eq:tanakh] || J(חָמָא I ch): his daughter’s father-in-law || J(חֲמָא): to see || J(חֵמָא ch): anger. || J(חַמָּא): radish.
468	צדיקייא	189		NO_HEBREW_SENSE צדיק	{צדיק} n צדיק[j:same:targum+bavli] || J(צַדִּיק bh): virtuous, just, pious man; Fem. || J(צַדִּיק ² ch): pl.; Pl.; Fem.
469	זכי	188	נקה	זכי/-/-/exact/the sense cited from targum	{זכי} v זכי[j:same:pe:targum+midrash+yerushalmi+bavli] ; נקה[j:targum-h:targum] || J(זכי bh): to be pure, clear; to be acquitted, be right; to be found worthy of, to be privileged, to  || J(זְכֵי ch): to be clear, pure; to go unpunished; to deserve welt, do good, to obtain a claim on divine || J(זַכַּי): innocent, righteous
470	מוחא	188	מח, קדקוד	מוחא/-/-/exact/the sense cited from bavli	{מוחא} n מח, קדקוד[k:def:bavli] || 
471	שבטינ	188	הכה בשבט, חבט	שבט/n.pl/-/source-form/the sense cited from bavli	{שבט} v הכה בשבט, חבט[k:def:pe:bavli] ; שבט[j:same:pe:targum] ; שבט[j:same:targum+yerushalmi+bavli] || J(שָׁבַט): to press the weaving rod, to make the web close || J(שְׁבַט I ch): to strike with the rod, to beat || J(שֵׁבֶט bh): rod, staff; tribe || J(שְׁבַט ch): rod, staff; tribe || J(שְׁבָט bh): Shebat
472	דאתחזי	187		AMBIGUOUS_SENSE חזי: נראה | היה ראוי	{חזי} v ראה[k:def:pe:bavli] ; הראה[k:def:af:bavli] ; נראה[k:def:itpe:bavli] ; היה ראוי[k:def:itpe:bavli] ; הָראה[k:def:itpe] ; ראוי[k:def:bavli] ; חזי[j:same:pe:targum+bavli] || J(חזי bh): to divide; to discern, see; to distribute kindled chips between logs of wood || J(חֲזִי ch): to see, recognize, to decide; Part. pass; pointed out, fit for, prepared;
473	חובינ	187		AMBIGUOUS חוב/n.pl "גזע האילן" ~ חובא/n.pl "חטא"	{חוב} v היה חייב[k:def:pe:mishnah] ; גרם נזק[k:def:pe] ; גזע האילן[k:def:bavli] ; תפר[k:def] ; מַשה יד[k:def:mishnah] || J(חוּב bh): to be bound over, seized; to be declared guilty, be sentenced; to be punishable; to be; le || J(חוּב ² ch): to incur guilt, to sin; ḥayaba; ͑ayaba || J(חוֹב I bh): debt, indebtedness; creditor; note of indebtedness || J(חוֹב II bh): bosom; the full ramification of a tree; seam, rim
474	רתיכינ	187		NO_HEBREW_SENSE רתכא	{רתכא} ?  || J(רְתִכָּא): chariot with horses
475	אתפשט	185	נתישר	פשט/itpe.perf.3ms/-/generated/single sense	{פשט} v הושיט[k:def:mishnah] ; פירש וביאר[k:def:midrash] ; נתישר[k:def:itpe:mishnah] ; הישיר[k:def] ; הסיר[k:def] ; פשט[j:same:pe:targum+midrash+bavli+yerushalmi] || J(פָּשַׁט bh): to stretch, straighten; Pi.; to strip || J(פְּשַׁט ch): to stretch, stretch forth; to straighten; to strip, tear, flay; to be stretched forth, rea
476	בתראה	185	אחרון	בתראה/-/-/exact/the sense cited from targum	{בתראה} adj אחרון[k:def:bavli+targum] || 
477	ואנא	185	ואני	pron:אנא/fixed/w/pronominal/pronominal preposition table	
478	ואתעביד	184	ונעשה	עבד/itpe.perf.3ms/w/generated/reviewed choice; reflexive by the Hebrew nif'al	{עבד} v תיקן והכשיר[k:def:bavli] ; עבד[j:same:pe:targum+bavli+midrash+yerushalmi] ; עבד[j:same:targum+midrash+bavli+yerushalmi] ; עשה[r:reviewed:pe] || K: to tan | gerben || J(עָבַד bh): to work; to serve, work for.; to do priestly service || J(עֲבַד I ch): to do, labor; to make; to act; to do, fare, prosper; to spend time || J(עֶבֶד bh): slave; servant || J(עֲבַד ch): worshipper
479	ובגיני	183		NO ANALYSIS	
480	כמאנ	182	כמי	מאנ/-/k/exact/reviewed choice	{מאנ} n מי[k:def:bavli] ; קנקן[j:eq:targum+bavli+yerushalmi] || J(מָאַן): Pi.; to deny, refuse; to protest against, to annul one’s marriage || J(מַאן): who?, what?, which?;; who, which || J(מָאן): thing; vessel, utensil; garment, dress
481	אתקיימ	181		NO_HEBREW_SENSE קומ	{קומ} v עמד, היה קיים[k:def:pe:bavli] ; מי חלב[k:def:mishnah] ; קום[j:same:pe:targum+bavli+midrash+yerushalmi+tanakh] ; העמיד[r:reviewed:af] || J(קוּם bh): to stand up, rise; to stand, exist; a transgression of a prohibitive law which you must re || J(קוּם ² ch): ḥălitsah; to ascertain; to bargain for || J(קוֹם): curdled milk, curd; whey; ḳom?
482	בצלותא	181	בתפלה	צלותא/-/b/exact/the sense cited from bavli	{צלותא} n תפלה[k:def:bavli] || 
483	דאי	181	שאם	דאי/-/-/reviewed/reviewed form: ד + אִי "if" (Krupnik אִי 2; Jastrow אִי II "if"); Krupnik's דַּאי "sufficiency" is rare	{דאי} n מדה מספקת[k:def] ; ראוי והגון[k:def:midrash+bavli] || J(דַּאי): sufficiency; too much
484	בגיניה	180		NO ANALYSIS	
485	בידיה	180	עלילת שוא שלו	בידא/n.pl+3ms/-/generated-noun/single sense	{בידא} n עלילת שוא[k:def:yerushalmi] || J(בִּידָּא ²): fiction, false report, information
486	בעינא	180	בעין	עינא/-/b/exact/the sense cited from targum	{עינא} n עין[k:def:targum] || 
487	ידענא	180	אני יודע	ידע/pe.ptcp.1s/-/generated/the sense cited from targum	{ידע} v ידע[j:same:pe:targum+bavli+midrash] ; הודיע[r:reviewed:af] || J(יָדַע bh): to point out, select, love; to recognize, know; to find out; Part. pass || J(יְדַע ch): Hif.; Part. pass; friend
488	לאפקא	180		NO ANALYSIS	
489	לגבייהו	180	לאצלם	pron:גבייהו/fixed/l/pronominal/pronominal preposition table	
490	קרי	180	קורא	קרי/-/-/reviewed/reviewed form: Jastrow קְרֵי ch. "to call; to read", participle	{קרי} n עיר, קריה[k:def:targum] ; קרי[j:same:pe:targum+bavli+midrash+tanakh+yerushalmi+other] ; קרי[j:same:pe:bavli] || J(קרי ² bh): to call, name; to invite; yeraëh; those called up to read from the Torah || J(קְרֵי I ch): to call, name, invite; to read; evil || J(קרי ³): to join; to meet; to meet, join || J(קְרֵי II ch): to join; to do something by accident; to happen || J(קרי ⁴): Pi.; to lay beams; to cover; to wa
491	דכליל	179		NO ANALYSIS	
492	לשמאלא	179	לשמאל	שמאלא/-/l/exact/the sense cited from targum	{שמאלא} ? שמאל[j:eq:targum+yerushalmi] || 
493	אננ	178	אנו	אננ/-/-/reviewed/reviewed form: Jastrow אֲנַן ch. "we" (= h. אֲנַחְנוּ)	{אננ} v אנחנו[k:def:bavli] ; אנין[j:eq:targum+bavli] || J(אָנַן bh): to press, oppress, wrong; one who feels grieved, mourner; Onan || J(אֲנַן ch): to be grieved, to mourn
494	דאתא	178	שבא	אתא/-/d/exact/reviewed choice	{אתא} v סימן[k:def:targum] ; בא[k:def:pe:bavli] ; הביא[r:reviewed:af] || J(אָתָא I): letter, sign || J(אֲתָא ch): to join; to come, to arrive; to occur to; surely, indeed || J(*אָתָא III): Great Bear, Ursa Major
495	ברעותא	177		NO ANALYSIS	
496	מאלינ	177		NO ANALYSIS	
497	תלתא	177	שלושה	תלתא/-/-/reviewed/reviewed form: Jastrow תְּלָת ch. "three" (= h. שָׁלֹשׁ)	{תלתא} n שליש[k:def:targum] || J(תִּלְתָּא): a third part; having reached one-third of the full growth; a third-grown calf
498	אסתכל	176	השכיל והחכים	סכל/itpe.perf.3ms/-/source-form/the sense cited from targum	{סכל} v הסביר[k:def:af:targum] ; עשה אולת[k:def:af:targum] ; השכיל והחכים[k:def:itpe:targum] ; סכל[j:same:pe:targum+midrash+bavli] ; סכל[j:same:pe:targum] || J(סָכַל I bh): to be bright; to look at, observe; to reflect, keep in mind || J(סְכַל ch): to see clearly, be sensible; to become wise; to explain, give to understand || J(סָכַל II bh): Hithpa.; to become confused || J(סְכַל ² ch): to be confused, to be foolish; to act foolishly; to be confused, foo
499	חיילינ	176		NO ANALYSIS	
500	קיומא	176	קיום	קיומא/-/-/reviewed/reviewed form: Jastrow קִיּוּמָא "existence, permanence"	{קיומא} n חיים[k:def:yerushalmi] ; שבועה[k:def:targum] || 
501	בארחא	175	בדרך	ארחא/-/b/exact/the sense cited from targum	{ארחא} n דרך[k:def:targum] ; אורח[k:def:yerushalmi] ; אור[k:def:yerushalmi] || J(אָרְחָא): traveler, guest; path || J(אַרְחָא): lath
502	חוורא	175	לבן	חוור/n.sg/-/generated-noun/the sense cited from bavli	{חוור} adj לבן[k:def:bavli] || 
503	לקרבא	175	לקרב, מלחמה	קרבתא/n.sg/l/generated-noun/the sense cited from targum	{קרבתא} n קרב, מלחמה[k:def:targum] || 
504	שבחא	175		AMBIGUOUS_SENSE שבחא: תהלה והודאה | הטבה, עלית הערך	{שבחא} n תהלה והודאה[k:def:bavli] ; הטבה, עלית הערך[k:def:mishnah+bavli] || 
505	דהיא	174	זה, זאת	דה/n.pl/-/generated-noun/single sense	{דה} n זה, זאת[k:def:yerushalmi] || 
506	הות	174	היתה	הוה/pe.perf.3fs/-/irregular/reviewed choice	{הוה} v היה[r:reviewed:pe] || J(הַוָּה bh): change; misfortune || J(*הֵוָה): Ḥevah || J(הֲוָהּ): ah!
507	לאתר	174	למקום	אתר/-/l/exact/the sense cited from midrash	{אתר} n מקום[k:def:midrash] || J(אָתַר): place, town; our; local custom
508	שירותא	174	שירות	שירותא/-/-/exact/the sense cited from targum	{שירותא} n סעודה[k:def:bavli] ; שירות[j:same:targum] || K: service | Dienst || J(שֵׁירוּתָא ²): beginning. || J(שֵׁירוּתָא ³): rest, encampment,; meal, refreshment; ration, sustenance
509	דידע	173		NO ANALYSIS	
510	כולהו	173	כולם	pron:כולהו/fixed/-/pronominal/pronominal preposition table	
511	דיוקנינ	172	דיוקן	דיוקנא/n.pl/-/source-form/the sense cited from targum	{דיוקנא} n תמונה[k:def:bavli] ; דיוקן[j:same:targum] || 
512	דצלותא	172	של תפלה	צלותא/-/d/exact/the sense cited from bavli	{צלותא} n תפלה[k:def:bavli] || 
513	לאתחברא	172		NO ANALYSIS	
514	נחתינ	172		NO ANALYSIS	
515	בגנתא	171	בגן	גינתא/-/b/alias/the sense cited from targum	{גינתא} n גן[k:def:targum] || J(גִּינְּתָא): garden
516	התמ	171	שם	התמ/-/-/reviewed/reviewed form: Krupnik הָתָם "שם"	{התמ} adv שם[k:def] || J(הָתָם): there; in that case;
517	לאעלא	171		NO ANALYSIS	
518	נהרינ	171	האיר · נזכר	נהר/n.pl/-/source-form/two senses	{נהר} v האיר[k:def:pe] ; נזכר[k:def:pe:yerushalmi] ; הואר[k:def:itpe:targum] ; נהר[j:same:pe:targum+bavli+midrash+yerushalmi] ; נהר[j:same:targum+midrash+bavli+yerushalmi] || K: to enlighten | erleuchten || J(נָהַר bh): to break forth, shine; to enlighten || J(נְהַר I ch): to shine; Part. pass; bright, clear || J(נָהָר bh): river, stream, canal || J(נְהַר II ch): N’har Abba
519	אזלינ	170		NO ANALYSIS	
520	דדא	170		HOMOGRAPH דדא "שד האשה" ~ d+דא "של זו"	{דדא} n שד האשה[k:def] || 
521	ועלייהו	170	ועליהם	pron:עלייהו/fixed/w/pronominal/pronominal preposition table	
522	רקיעינ	170	מפורסם	רקיע/n.pl/-/source-form/the sense cited from bavli	{רקיע} adj מפורסם[k:def:bavli] ; רקיע[j:same:targum+bavli] || J(רָקִיעַ bh): expanse, sky; Raḳiʿa
523	ושכינתא	169		NO_HEBREW_SENSE שכינה	{שכינה} n שכינה[j:same:targum+bavli] || J(שְׁכִינָה): royal residence, royalty; Shechinah, Divine Presence, holy inspiration
524	משכנא	169	משכן	משכנא/-/-/exact/the sense cited from targum	{משכנא} ? משכן[j:same:targum] || J(מַשְׁכְּנָא ch): dwelling, tent; the Tabernacle
525	וקיימא	168		AMBIGUOUS קיימא/ "וקיום, חיים" ~ קומ/pe.ptcp.fs "ועמד, היה קיים"	{קיימא} n קיום, חיים[k:def:bavli] || J(קַיָּימָא): existence, duration, permanence
526	נייחא	168	נחת רוח, מנוחה	נייחא/-/-/exact/the sense cited from midrash	{נייחא} n נחת רוח, מנוחה[k:def:yerushalmi+midrash] || 
527	עבדינ	168	עשה	עבד/n.pl/-/source-form/reviewed choice	{עבד} v תיקן והכשיר[k:def:bavli] ; עבד[j:same:pe:targum+bavli+midrash+yerushalmi] ; עבד[j:same:targum+midrash+bavli+yerushalmi] ; עשה[r:reviewed:pe] || K: to tan | gerben || J(עָבַד bh): to work; to serve, work for.; to do priestly service || J(עֲבַד I ch): to do, labor; to make; to act; to do, fare, prosper; to spend time || J(עֶבֶד bh): slave; servant || J(עֲבַד ch): worshipper
528	אהדר	166		NO_HEBREW_SENSE הדר	{הדר} v קישט וכיבד[k:def:pe] ; הקפיד ודקדק[k:def:pe] ; חזר[k:def:pe:bavli] ; שב מדעתו[k:def:pe:bavli] ; חזר אחרי־, בקש[k:def:pa:bavli] ; החזיר[k:def:bavli] ; שנה[k:def:bavli] ; השיב[k:def:bavli] ; סבב[k:def] ; הדר[j:same:pe:targum+bavli+tanakh] || J(הָדַר bh): to enclose, go around.; Part. pass; rounded || J(הֲדַר ch): to go around, come back, return; Pi.; to honor, distinguish. || J(הָדָר bh): adornment, crown, beauty, glory; haddar; Hadar
529	עאלינ	166	באים	עלל/pe.ptcp.mp/-/irregular/the sense cited from targum	{עלל} v טיפל, עסק[k:def:pe:midrash] ; נכנס[k:def:pe] ; בא[k:def:pe:targum] ; הביא[k:def:af:targum] ; הובא והושם[k:def:itpe:targum] ; עלל[j:same:pe:targum+yerushalmi+bavli+midrash+tanakh] ; בול[j:targum-h:targum] ; הכניס[r:reviewed:af] || J(עָלַל bh): Pol. to bring about; to go about; to superintend, be busy || J(עֲלַל I ch): to enter a town, a house; to come in; to set || J(עֲלַל II): that which is brought in; harvest, provision; income; ʿălalta
530	קאמר	166	אומר	אמר/pe.ptcp.ms/q/irregular/the sense cited from targum	{אמר} v הלעיט[k:def:af:bavli] ; אמר[j:same:pe:targum+bavli+yerushalmi] ; טלה, כבש[h:wikt] || J(אָמַר I bh): to join, knot; to be knotted, thick;; to heap up;; to join words, compose || J(אֲמַר ch): they say, it is said; Inf; does this mean to say? || J(אָמַר II bh): to be thick, strong; to thrive; to boast, vaunt, be oppressive; to fatten || J(אִמַּר): lamb
531	אתברי	165	נברא	ברי/itpe.perf.3ms/-/source-form/the sense cited from targum	{ברי} v ברא[k:def:tanakh] ; היה בריא וחזק[k:def:bavli] ; נברא[k:def:itpe:targum+bavli] ; חיזק[k:def:bavli] ; נקב[k:def] ; נקב, חדר[k:def:pe:targum] ; חזר לאיתנו[k:def] ; חזק[k:def:mishnah+bavli] ; ודאי, ברור[k:def:bavli+yerushalmi] ; ברי[j:same:pe:targum+bavli+midrash] ; זעם[j:targum-h:targum] ; ברי[j:same:targum+bavli] || J(ברי I bh): to hollow out, perforate; to think out, plan; to create || J(ברי ch): to create; to get well, strong; to cut, shape || J(ברי II bh): to cut out; hollowed out; to strengthen, to offer refreshment || J(בָּרִי bh): in natural condition; healthy, strong, stout, fat; sound, sure, evident
532	סמכינ	165	בסיס	סמכא/n.pl/-/source-form/the sense cited from targum	{סמכא} n בסיס[k:def:targum] ; ראוי לסמוך עליו[k:def:bavli] || J(סַמְכָא): socket; base; reclining
533	שביעאה	165	דשביעי	שביעאה/-/-/exact/the sense cited from targum	{שביעאה} particle דשביעי[k:def:targum] ; שביעי[j:eq:targum] || J(שְׁבִיעָאָה): seventh; Fem.
534	דכורא	164		NO ANALYSIS	{דכורא} n  || J(דְּכוּרָא): male person, male population
535	צדיקיא	164		NO_HEBREW_SENSE צדיק	{צדיק} n צדיק[j:same:targum+bavli] || J(צַדִּיק bh): virtuous, just, pious man; Fem. || J(צַדִּיק ² ch): pl.; Pl.; Fem.
536	ולזמנינ	163	וללפעמים	זמנינ/-/wl/exact/the sense cited from bavli	{זמנינ} adv לפעמים[k:def:bavli] || 
537	וסלקינ	163	והס	סלק/pe.ptcp.mp/w/irregular/the sense cited from targum	{סלק} v הסיר והעביר[k:def:mishnah] ; הרים[k:def:bavli] ; התרחק[k:def:itpa:midrash] ; מת[k:def:itpa:tosefta] ; סלק[j:same:pe:targum+bavli+midrash] ; הס[j:targum-h:targum] ; עָלָה[h:wikt] ; העלה[r:reviewed:af] || J(סָלַק): to go up, go away; to pile up; to remove; to cause cessation, suspend || J(סְלֵק ch): to rise, go up; to go away; to occur; to stop, hush, keep silence || J(סְלַק): to boil down
538	דאתקרי	162		NO_HEBREW_SENSE קרי	{קרי} n עיר, קריה[k:def:targum] ; קרי[j:same:pe:targum+bavli+midrash+tanakh+yerushalmi+other] ; קרי[j:same:pe:bavli] || J(קרי ² bh): to call, name; to invite; yeraëh; those called up to read from the Torah || J(קְרֵי I ch): to call, name, invite; to read; evil || J(קרי ³): to join; to meet; to meet, join || J(קְרֵי II ch): to join; to do something by accident; to happen || J(קרי ⁴): Pi.; to lay beams; to cover; to wa
539	ויומא	162	ויום	יומא/-/w/exact/reviewed choice	{יומא} n יום[k:def:bavli] ; שמש[k:def:bavli] || K: name of a treatise of the Talmud on the order of exercises of the Day of Atonement | Name eines Talmudtraktates über den Versöhnungstag
540	אדהכי	161	בינתיים	אדהכי/-/-/exact/the sense cited from bavli	{אדהכי} adv בינתיים[k:def:bavli] || 
541	אתקשר	161		NO ANALYSIS	
542	דמאריהונ	161		NO ANALYSIS	
543	היכ	161	כיצד	היכ/-/-/exact/single sense	{היכ} particle כיצד[k:def:yerushalmi] || J(הֵיךְ ch): how?; as, like;; as that which, even as
544	משיחא	161	משיח	משיחא/-/-/exact/the sense cited from targum	{משיחא} n משוח למלכות[k:def] ; חבל[k:def:yerushalmi] ; משיח[j:same:targum+midrash+mishnah+bavli] || J(מְשִׁיחָא I ch): the Messiah || J(מְשִׁיחָא II): rope
545	דמאנ	160	של מי	מאנ/-/d/exact/reviewed choice	{מאנ} n מי[k:def:bavli] ; קנקן[j:eq:targum+bavli+yerushalmi] || J(מָאַן): Pi.; to deny, refuse; to protest against, to annul one’s marriage || J(מַאן): who?, what?, which?;; who, which || J(מָאן): thing; vessel, utensil; garment, dress
546	דסטרא	160	של צד	סטרא/-/d/exact/the sense cited from targum	{סטרא} n צד[k:def:targum] || 
547	ונטיל	160		NO_HEBREW_SENSE נטל	{נטל} v נלקח ביד[k:def:mishnah] ; הופרש והורם[k:def:mishnah] ; הוסר ולוקח[k:def:mishnah] ; הוציא לאויר העולם[k:def:mishnah] ; המליטה התרנגולת ביצה[k:def:bavli] ; יצק מים[k:def:mishnah] ; השתין[k:def:mishnah] ; עשה שלום[k:def] ; לקח[k:def:pe:targum] ; נסע[k:def:pe:targum] ; רחץ[k:def:pe:yerushalmi] ; הורם[k:def:itpe:targum] ; נטל[j:same:pe:targum+yerushalmi+bavli] || K: to put | legen || J(נָטַל bh): to move, carry off; to receive, take; removed; to pour water over one’s hands || J(נְטַל ch): to take, lift, move, carry; to move; to wash the hands
548	נהירינ	160	האיר · נזכר	נהר/pe.ptcp.mp/-/source-form/two senses	{נהר} v האיר[k:def:pe] ; נזכר[k:def:pe:yerushalmi] ; הואר[k:def:itpe:targum] ; נהר[j:same:pe:targum+bavli+midrash+yerushalmi] ; נהר[j:same:targum+midrash+bavli+yerushalmi] || K: to enlighten | erleuchten || J(נָהַר bh): to break forth, shine; to enlighten || J(נְהַר I ch): to shine; Part. pass; bright, clear || J(נָהָר bh): river, stream, canal || J(נְהַר II ch): N’har Abba
549	קשרא	160		NO_HEBREW_SENSE קשר	{קשר} v  || J(קָשַׁר bh): to strengthen; to join, knot, tie; to fold; to compose and arrange || J(קֶשֶׁר bh): knot, band, loop; union, conspiracy; protuberance, joint
550	קשרינ	160		NO_HEBREW_SENSE קשר	{קשר} v  || J(קָשַׁר bh): to strengthen; to join, knot, tie; to fold; to compose and arrange || J(קֶשֶׁר bh): knot, band, loop; union, conspiracy; protuberance, joint
551	אתגלי	159	נגלה	אתגלי/-/-/reviewed/reviewed form: Jastrow גְּלֵי Ithpe. "to be revealed" (= h. נִגְלָה)	
552	קדמאי	159		AMBIGUOUS pron:קדמאי/fixed "לפני" ~ קדמאי/ "ראשון, קדום"	{קדמאי} adj ראשון, קדום[k:def:targum+tanakh] || 
553	רברבינ	159		NO ANALYSIS	
554	שמענא	159	אני שומע	שמע/pe.ptcp.1s/-/generated/the sense cited from targum	{שמע} v שמע והקשיב[k:def:pe:bavli] ; הבין[k:def:pe:bavli] ; שרת[k:def:pa:bavli] ; השמיע[k:def:af:targum] ; הורה, הודיע[k:def:af] ; נשמע[k:def:itpe:bavli] ; נכנע[k:def:itpe:targum] ; שמע[j:same:pe:targum+yerushalmi+bavli+midrash+tanakh] ; נפלו[j:targum-h:targum] ; שמע[j:same:targum+tanakh] ; השמיע[r:reviewed:af] || K: recitation of the Sh'ma (Deut. 6, 4-9) | zweimal täglich zu rezitierender Abschnitt des Pentateuchs || J(שָׁמַע bh): to be still,; to hear, listen, obey; to understand; m’ḳuddash || J(שְׁמַע I ch): he knows of; to understand from, to infer, prove; and || J(שְׁמַע II): Sh’mʿa, the confession of fa
555	דצדיק	158		NO ANALYSIS	
556	דקאמרנ	158		NO ANALYSIS	
557	דרחמי	158	של רחמים	רחמינ/-/d/alias/the sense cited from targum	{רחמינ} ? רחמים[j:same:targum+bavli] || 
558	היכלינ	158		NO ANALYSIS	
559	יהב	158	יהב	יהב/-/-/exact/the sense cited from targum	{יהב} v יהב[j:targum-h:targum] || J(יְהַב): to give; to deal; to put, place
560	מטא	158	הגיע ובא	מטי/-/-/alias/reviewed choice	{מטי} v הגיע ובא[k:def:pe] ; נתבכר[k:def:pe:bavli] ; הביא[k:def:af] ; הלך[k:def:itpe:targum] ; מצא[j:eq:targum+bavli+midrash+yerushalmi] ; הוליך והביא[j:eq:targum+bavli+midrash+yerushalmi] ; באכה[j:targum-h:targum] || J(מְטֵי): to stretch, reach; to arrive at; to obtain; to happen to; to be ripe, ready
561	בקיומא	157	בקיום	בקיומא/-/-/reviewed/reviewed form: ב + קִיּוּמָא (Jastrow: existence, permanence)	
562	ונחית	157	והצג	נחת/-/w/alias/the sense cited from targum	{נחת} v ירד[k:def:pe:bavli] ; הוריד[k:def:af:yerushalmi+midrash] ; הרגיע[k:def:af:bavli] ; הורד[k:def:itpe:yerushalmi] ; נחת[j:same:pe:targum+bavli] ; הצג[j:targum-h:targum] || J(נַחַת bh): rest, tray, stand; ease; gentleness; comfort; gratification, pleasure || J(נָחַת bh): to be put down, to go down; to be humbled, bow || J(נְחַת ch): to go down; to put down; to lower, remove
563	לגלאה	157		NO ANALYSIS	
564	בהדה	156		AMBIGUOUS pron:בהדה/fixed "עמה" ~ בהדה/ "עם ובמעמד"	{בהדה} other עם ובמעמד[k:def] ; בעוד, בשעה[k:def:bavli] || 
565	ובזמנא	156		AMBIGUOUS_SENSE זמנא: עת | פעם	{זמנא} n עת[k:def:targum] ; פעם[k:def:targum] || 
566	למחמי	156		NO ANALYSIS	
567	רתיכא	156	מרכבה	רתיכא/-/-/exact/the sense cited from targum	{רתיכא} n מרכבה[k:def:targum] || 
568	חובא	155	חטא	חובא/-/-/exact/reviewed choice	{חובא} n חטא[k:def] ; חוק[k:def:targum] ; חוב[j:eq:targum+yerushalmi+bavli+midrash] ; נשים[j:targum-h:targum] ; חוב[j:eq:targum] || K: name of a bird | eine Vogelart || J(חוֹבָא ch): debt; sin, guilt || J(חוּבָא): storage || J(חוּבָּא I ch): lap, bosom || J(חוּבָּא II): ḥubba
569	תקונינ	155		NO ANALYSIS	
570	אתפרש	154	נתבאר · נאמר בפירוש	פרש/itpa.perf.3ms/-/source-form/two senses	{פרש} v נבדל[k:def:mishnah] ; הפליג[k:def] ; הבדיל[k:def:midrash] ; הבדיל[k:def:af:mishnah] ; הפליג[k:def:af:midrash] ; נתבאר[k:def:itpa] ; נאמר בפירוש[k:def:itpa:mishnah] ; דרבן[k:def:targum+bavli] ; פרש[j:same:pe:targum+bavli+midrash+tanakh+mishnah] ; שם המפורש[j:eq:targum+bavli+midrash+tanakh+mishnah] ; פרש[j:same:targum+bavli] || K: to be kept away | ferngehalten werden || J(פָּרַשׁ bh): to divide, separate; to go away, go aside, depart; to keep off; to pass, cross || J(פְּרַשׁ ch): to keep off, abstain; to cross; to set aside, distinguish || J(פֶּרֶשׁ bh): secretion, excrements || J(פָּרָשׁ bh): to chase, be fast; horseman,
571	דצדיקייא	154		NO_HEBREW_SENSE צדיק	{צדיק} n צדיק[j:same:targum+bavli] || J(צַדִּיק bh): virtuous, just, pious man; Fem. || J(צַדִּיק ² ch): pl.; Pl.; Fem.
572	למיקמ	154		NO ANALYSIS	
573	דדוד	153		NO ANALYSIS	
574	למימר	153	לומר	למימר/-/-/reviewed/reviewed form: אֲמַר infinitive (Jastrow: Inf. מֵימַר) + ל	
575	דגיהנמ	152		NO ANALYSIS	
576	ותאנא	152	ותאנה	תאנתא/n.sg/w/generated-noun/the sense cited from targum	{תאנתא} ? תאנה[j:eq:targum+yerushalmi+midrash] || 
577	כולא	152	הכל, כל	כולא/-/-/exact/single sense	{כולא} other הכל, כל[k:def:yerushalmi] || 
578	תיבינ	152	שב, חזר	תוב/pe.ptcp.mp/-/source-form/the sense cited from targum	{תוב} v שב, חזר[k:def:pe:targum] ; השיב[k:def:af:targum] ; הקשה, פירך[k:def:af:bavli] ; הושב[k:def:itpe] ; הופרך[k:def:itpe:yerushalmi] ; שוב[j:eq:targum+tanakh+bavli+midrash] ; שוב[j:eq:targum+bavli+yerushalmi] || J(תּוּב I): to go back, return, do again; to restore; to go back on, || J(תּוּב II): again, furthermore
579	דייקא	151	דיוק ומסקנא	דייקא/-/-/exact/the sense cited from bavli	{דייקא} n דיוק ומסקנא[k:def:bavli] || J(דַּיְיקָא): evidence by implication
580	דצדיקיא	151		NO_HEBREW_SENSE צדיק	{צדיק} n צדיק[j:same:targum+bavli] || J(צַדִּיק bh): virtuous, just, pious man; Fem. || J(צַדִּיק ² ch): pl.; Pl.; Fem.
581	חיזו	151	מראה	חיזו/-/-/exact/the sense cited from targum	{חיזו} n מראה[k:def:targum+tanakh] || 
582	לבושינ	151	לבושים	לבושינ/-/-/reviewed/reviewed form: plural of לְבוּשָׁא	
583	נפקת	151	כיוצא בו	נפק/n.sg/-/source-form/the sense cited from targum	{נפקת} ?  ||   ##  {נפק} v יצא[k:def:pe:midrash] ; יצא ידי חובתו[k:def:bavli] ; הוציא[k:def:bavli] ; נפק[j:same:pe:midrash+yerushalmi+targum+bavli+tanakh] ; כיוצא בו[j:eq:midrash+yerushalmi+targum+bavli+tanakh] ; הוציא[r:reviewed:af] || J(*נָפַק): to go out || J(נְפַק ch): to go out, come out; to result, end; similar to, corresponding; to take out, exclude || J(נָפֵק): going out; a male prostitute; fem; a female prostitute
584	ברישא	150		AMBIGUOUS_SENSE ריש: עומד בראש, נשיא | התחלה | החלק העליון | ארס	{ריש} n ראש, גלגולת[k:def:bavli] ; עומד בראש, נשיא[k:def:targum] ; התחלה[k:def:targum] ; החלק העליון[k:def:targum] ; ארס[k:def:targum] ; ראש[j:eq:targum+bavli+yerushalmi+midrash+tosefta] ; ראש[j:eq:targum] || J(רִישׁ bh): poverty, misery || J(רֵישׁ II): head, chief; beginning, first thing, firstling; at first, formerly || J(רֵישׁ III): drop; poison; pl.
585	דנוקבא	150	של נקבה	נוקבא/-/d/exact/the sense cited from targum	{נוקבא} n נקבה[j:eq:targum+yerushalmi+midrash+mishnah] || K: hole | Loch || J(נוּקְבָּא): hole || J(נוּקְבָא II ch): female
586	ואימא	150		AMBIGUOUS אימא/ "ואם" ~ אמר/pe.impf.1s "ואומר"	{אימא} n אם[j:eq:targum+bavli] || K: mother | Mutter || J(אימָּא I): distaff || J(אִימָּא II ch): mother; my mother; grandmother
587	כפומ	150	כפה	פומ/-/k/exact/reviewed choice	{פומ} n פה[k:def:bavli+other] ; פה[j:eq:targum+bavli+midrash+yerushalmi] ; כפי[j:eq:targum+bavli+midrash+yerushalmi] ; לפיכך[j:eq:targum+bavli+midrash+yerushalmi] ; פֶּה[h:wikt] || J(פּוּם): according to; because; therefore
588	דבראשית	149		NO ANALYSIS	
589	דחיל	149	נורא	דחיל/-/-/exact/the sense cited from targum	{דחיל} adj נורא[k:def:targum] || J(דּחֵיל): daḥala; to be depressed, bent; to fear, be afraid of, shun; to worship, revere || J(דּחִיל): fearing; fearful, terrible, awe-inspiring
590	דנטיל	149		NO_HEBREW_SENSE נטל	{נטל} v נלקח ביד[k:def:mishnah] ; הופרש והורם[k:def:mishnah] ; הוסר ולוקח[k:def:mishnah] ; הוציא לאויר העולם[k:def:mishnah] ; המליטה התרנגולת ביצה[k:def:bavli] ; יצק מים[k:def:mishnah] ; השתין[k:def:mishnah] ; עשה שלום[k:def] ; לקח[k:def:pe:targum] ; נסע[k:def:pe:targum] ; רחץ[k:def:pe:yerushalmi] ; הורם[k:def:itpe:targum] ; נטל[j:same:pe:targum+yerushalmi+bavli] || K: to put | legen || J(נָטַל bh): to move, carry off; to receive, take; removed; to pour water over one’s hands || J(נְטַל ch): to take, lift, move, carry; to move; to wash the hands
591	כדקאמרנ	149		NO ANALYSIS	
592	לבושא	149	לבוש	לבושא/-/-/reviewed/reviewed form: Jastrow לְבוּשָׁא = h. לְבוּשׁ	
593	בגיני	148		NO ANALYSIS	
594	ובהאי	148	ובזה, זאת	האי/-/wb/exact/the sense cited from bavli	{האי} other זה, זאת[k:def:bavli] || J(הַאי): this, that; v’taher; locale
595	ותו	148		AMBIGUOUS תו/ "ושוב, עוד" ~ אתא/pe.impv.mp "ובואו"	{תו} adv שוב, עוד[k:def:bavli] || J(תּוּ I): come ye || J(תּוּ II): again, furthermore
596	נפשא	147	נשמה, נפש	נפשא/-/-/exact/the sense cited from bavli	{נפשא} n נשמה, נפש[k:def:bavli] || K: name of a place | Ortsname
597	דאקרונ	146		NO ANALYSIS	
598	דעאל	146	שבא	עלל/pe.ptcp.ms/d/irregular/the sense cited from targum	{עלל} v טיפל, עסק[k:def:pe:midrash] ; נכנס[k:def:pe] ; בא[k:def:pe:targum] ; הביא[k:def:af:targum] ; הובא והושם[k:def:itpe:targum] ; עלל[j:same:pe:targum+yerushalmi+bavli+midrash+tanakh] ; בול[j:targum-h:targum] ; הכניס[r:reviewed:af] || J(עָלַל bh): Pol. to bring about; to go about; to superintend, be busy || J(עֲלַל I ch): to enter a town, a house; to come in; to set || J(עֲלַל II): that which is brought in; harvest, provision; income; ʿălalta
599	בידא	145	עלילת שוא	בידא/-/-/exact/single sense	{בידא} n עלילת שוא[k:def:yerushalmi] || J(בִּידָּא ²): fiction, false report, information
600	דגבורה	145		NO ANALYSIS	
601	דיצחק	145		NO ANALYSIS	
602	דרוחא	145		AMBIGUOUS_SENSE רוחא: רוח | רוח הקדש	{רוחא} ? רוח[j:same:targum+midrash+bavli] ; רוח הקדש[j:eq:targum+midrash+bavli] || 
603	לדא	145	לזו	דא/-/l/exact/the sense cited from targum	{דא} n זו[j:eq:targum+bavli+yerushalmi+midrash] || K: this | sie, diese || K: but | aber || J(דָּא I): this; not in this case || J(דָּא II): da da
604	מותא	145		NO_HEBREW_SENSE מות	{מותא} n  || J(מוֹתָא II): oath  ##  {מות} v מות[j:same] ; מות[j:same:targum+bavli] || J(מוֹת bh): to die.; to put to death; to cause death; to be put to death || J(מָוֶת bh): death. || J(מוֹת ² ch): poison; fem
605	סטרי	145		NO ANALYSIS	
606	קריב	145	קרוב	קריב/-/-/reviewed/reviewed form: Jastrow קְרִיב "near"	{קריב} n  || J(קָרֵיב): near, related
607	אוכמא	144	שחור	אוכמא/-/-/exact/the sense cited from targum	{אוכמא} adj שחור[k:def:targum+bavli] || J(אוּכְמָא): black color, darkness; distress
608	ברוחא	144		AMBIGUOUS_SENSE רוחא: רוח | רוח הקדש	{רוחא} ? רוח[j:same:targum+midrash+bavli] ; רוח הקדש[j:eq:targum+midrash+bavli] || 
609	זרעא	144		AMBIGUOUS_SENSE זרע: נטע	{זרע} v נטע[k:def:pe:yerushalmi] ; נזרע[k:def:itpe] ; זרע[j:same:pe:targum+midrash+yerushalmi] ; זרע[j:same:targum+yerushalmi] || K: to sow | säen || J(זָרַע bh): to strew, sow.; to be sown, to be stocked with seed; to emit semen || J(זְרַע I ch): Nif.; Hif. || J(זֶרַע bh): seed;; semen; issue, descent || J(זְרַע II ch): seed-capsule
610	סומקא	144	טחול	סומקא/-/-/exact/the sense cited from bavli	{סומקא} n טחול[k:def:bavli] || J(סוּמְּקָא II): milt; inflammation of the eye
611	קרבנינ	144		NO_HEBREW_SENSE קרבנ	{קרבנ} n קרבן[j:same:targum+bavli+midrash+yerushalmi] || J(קָרְבָּן bh): gift, offering, sacrifice; ḳorban; ḳorban
612	רעותיה	144	רצון שלו	רעותא/n.sg+3ms/-/generated-noun/the sense cited from targum	{רעותא} n רצון[k:def:targum+bavli] ; אות[j:targum-h:targum] || J(רְעוּתָא): pleasure, will; good will; ambition
613	ארחא	143	דרך	ארחא/-/-/exact/the sense cited from targum	{ארחא} n דרך[k:def:targum] ; אורח[k:def:yerushalmi] ; אור[k:def:yerushalmi] || J(אָרְחָא): traveler, guest; path || J(אַרְחָא): lath
614	אתגלייא	143		NO ANALYSIS	
615	דיחודא	143	של אחדות ויחידות	יחודא/-/d/exact/the sense cited from targum	{יחודא} n אחדות ויחידות[k:def:targum] || 
616	כתרינ	143	כשנים	תרינ/-/k/exact/the sense cited from targum	{תרינ} particle שנים[k:def:targum] || 
617	לארעא	143	לאדמה, ארץ	ארעא/-/l/exact/reviewed choice	{ארעא} n אדמה, ארץ[k:def:bavli+targum] ; מקרה[k:def:targum] ; פגע[k:def] || J(אִרְעָא): accident, occurrence; evils, diseases || J(אַרְעָא): land, earth, ground, field; gout, sore on the toes; fields
618	נטיר	143	שמורים	נטיר/-/-/exact/the sense cited from targum	{נטיר} n שמורים[k:def:targum] ; בסתר[k:def:targum] || J(נְטִיר): observance, worth observing; in secret || J(נָטֵיר): guardsman
619	חילינ	142		NO ANALYSIS	
620	ייתי	142	יבוא	אתא/af.impf.3ms/-/irregular/reviewed choice	{אתא} v סימן[k:def:targum] ; בא[k:def:pe:bavli] ; הביא[r:reviewed:af] || J(אָתָא I): letter, sign || J(אֲתָא ch): to join; to come, to arrive; to occur to; surely, indeed || J(*אָתָא III): Great Bear, Ursa Major
621	לאתדבקא	142	להִתְדַּבֵּק התחבר והתאחד	דבק/itpe.inf/l/generated/the sense cited from bavli	{דבק} v התחבר[k:def:midrash] ; הִתְדַּבֵּק התחבר והתאחד[k:def:itpe:bavli+midrash] ; נאחז ונתחבר[k:def:targum] ; דיבק וחיבר[k:def] ; היה דבוק וקשור[k:def] ; השיג והגיע[k:def:af:targum] ; רדף והשיג[k:def:af:targum] ; היה ביכלתו[k:def:af] ; התחבר אל־[k:def:itpe] ; היה מדובק ומחובר ביחד[k:def:itpe:midrash] ; חומר המדביק[k:def:mishnah] ; חיבור[k:def] ; דבק[j:same:pe:targum+bavli+midrash] ; ליות[j:targum-h:targum] || J(דָּבֵק bh): to cleave, adhere, stick; to join, glue, affix; Part. pass || J(דְּבֵק ch): to adhere; to paste, glue; to be attached, join || J(דֶּבֶק bh): glue, paste; junction; followers
622	למיכל	142		NO ANALYSIS	
623	דאחיד	141	שמיוחד	אחיד/-/d/exact/the sense cited from targum	{אחיד} particle מיוחד[j:eq:targum] || J(אֲחִיד): singled out, devoted, betrothed
624	דאנא	141	שאני	pron:אנא/fixed/d/pronominal/pronominal preposition table	
625	דדכורא	141		NO ANALYSIS	
626	לברכא	141		NO ANALYSIS	
627	מימינא	141	מימין	ימינא/-/m/exact/the sense cited from targum	{ימינא} ? ימין[j:same:targum+midrash] || 
628	נהרא	141	נהר, נחל	נהרא/-/-/exact/reviewed choice	{נהרא} n נהר, נחל[k:def:bavli] ; אור[k:def:targum] || J(נַהֲרָא III): brightness
629	צלותינ	141		NO ANALYSIS	
630	רברבא	141		NO_HEBREW_SENSE רברב	{רברבא} n  || J(רַבְרְבָא): great; great man; prince, officer.; Pl.; Fem.  ##  {רברב} v התגדל והתנשא[k:def:itpa:midrash] ; רברב[j:same:pe:targum+midrash] ; יסר[j:targum-h:targum] || J(רִבְרֵב): to raise, make great; to assume superiority || J(רַבְרֵב ch): to be chief; to lead; to be great; to claim superiority; to boast
631	אתיא	140	באה	אתא/pe.ptcp.fs/-/irregular/reviewed choice	{אתא} v סימן[k:def:targum] ; בא[k:def:pe:bavli] ; הביא[r:reviewed:af] || J(אָתָא I): letter, sign || J(אֲתָא ch): to join; to come, to arrive; to occur to; surely, indeed || J(*אָתָא III): Great Bear, Ursa Major
632	אתקריאו	140		NO_HEBREW_SENSE קרי	{קרי} n עיר, קריה[k:def:targum] ; קרי[j:same:pe:targum+bavli+midrash+tanakh+yerushalmi+other] ; קרי[j:same:pe:bavli] || J(קרי ² bh): to call, name; to invite; yeraëh; those called up to read from the Torah || J(קְרֵי I ch): to call, name, invite; to read; evil || J(קרי ³): to join; to meet; to meet, join || J(קְרֵי II ch): to join; to do something by accident; to happen || J(קרי ⁴): Pi.; to lay beams; to cover; to wa
633	ורוחא	140		AMBIGUOUS_SENSE רוחא: רוח | רוח הקדש	{רוחא} ? רוח[j:same:targum+midrash+bavli] ; רוח הקדש[j:eq:targum+midrash+bavli] || 
634	מעדנ	140	קשר	מעדנ/-/-/exact/single sense	{מעדנ} n קשר[k:def:mishnah] || J(מַעֲדֵן I bh): Hif.; knots || J(מַעֲדֵן II bh): dainties, sweets
635	אתערו	139	התעוררות	אתערותא/n.sg/-/generated-noun/the sense cited from targum	{אתערותא} n התעוררות[k:def:targum] ; התעוררות[h:wikt] || J(אַתְעָרוּתָא): inciting, exciting the funeral escort to weeping
636	דתרינ	139	ששנים	תרינ/-/d/exact/the sense cited from targum	{תרינ} particle שנים[k:def:targum] || 
637	טמירא	139	נסתר	טמיר/-/-/alias/the sense cited from targum	{טמיר} adj נסתר[k:def:targum] ; אלמני[j:targum-h:targum] || J(טָמִיר): hidden, secret;; secrecy; to live hidden
638	ידיע	139		NO ANALYSIS	
639	כרסייא	139	כסא	כרסייא/-/-/reviewed/reviewed form: Jastrow כּוּרְסְיָא "throne" (= h. כִּסֵּא)	
640	דאשתדל	138	שהתרצה והתפייס · שהתאמץ	שדל/itpa.perf.3ms/d/source-form/two senses	{שדל} v פייס וריצה[k:def:pa] ; התרצה והתפייס[k:def:itpa] ; התאמץ[k:def:itpa:mishnah] || J(שָׁדַל): Shaf.; to swing, be wide open; to persuade, speak suasively || J(שְׁדַל ch): Pa.; to persuade, entice; to insinuate one’s self, win favor
641	דסיהרא	138	של סהר, ירֵח, לבנה	סיהרא/-/d/exact/single sense	{סיהרא} n סהר, ירֵח, לבנה[k:def] || 
642	זמינינ	138		NO ANALYSIS	
643	זעירינ	138		NO ANALYSIS	
644	חיונ	138		NO ANALYSIS	
645	תקיפ	138		NO_HEBREW_SENSE תקיפ	{תקיפ} n תקיף[j:same:targum+bavli] || J(תַּקִּיף bh): strong, powerful; Fem. || J(תַּקִּיף ² ch): strong, mighty; protector; hard, stern, severe; Fem.
646	דסיני	137		NO ANALYSIS	
647	מט	137		NO ANALYSIS	{מט} n  || 
648	אנפוי	136		NO ANALYSIS	
649	ובשעתא	136	ובשעה	שעתא/-/wb/exact/the sense cited from targum	{שעתא} n שעה[j:eq:targum+bavli+yerushalmi] || J(שַׁעְתָּא): while, time; hour
650	כענ	136	היום	כענ/-/-/exact/the sense cited from targum	{כענ} ? היום[j:targum-h:targum] || J(כְּעַן): now
651	אשתמודע	135	הכיר	אשתמודע/-/-/exact/reviewed choice	{אשתמודע} n הכיר[k:def:bavli] ; הכיר פנים[k:def:targum] ; נודע[k:def:targum] || K: relative | Verwandter || J(אִשְׁתְּמוֹדַע I): to satisfy one’s self from the evidence of friends, to have one identified; to recognise.; || J(אִשְׁתְּמוֹדַע II): one who proved himself a friend, acquaintance
652	דארעא	135	של אדמה, ארץ	ארעא/-/d/exact/reviewed choice	{ארעא} n אדמה, ארץ[k:def:bavli+targum] ; מקרה[k:def:targum] ; פגע[k:def] || J(אִרְעָא): accident, occurrence; evils, diseases || J(אַרְעָא): land, earth, ground, field; gout, sore on the toes; fields
653	דעמודא	135	של עמוד	עמודא/-/d/exact/reviewed choice	{עמודא} n עמוד[k:def] ; ניצוק של מים[k:def:bavli] || K: name of a place | Ortsname
654	שלמא	135	שלום	שלמא/-/-/reviewed/reviewed form: Jastrow שְׁלָמָא = h. שָׁלוֹם	
655	ואמרי	134	ואומרים	אמר/pe.ptcp.mp/w/irregular/the sense cited from targum	{אמר} v הלעיט[k:def:af:bavli] ; אמר[j:same:pe:targum+bavli+yerushalmi] ; טלה, כבש[h:wikt] || J(אָמַר I bh): to join, knot; to be knotted, thick;; to heap up;; to join words, compose || J(אֲמַר ch): they say, it is said; Inf; does this mean to say? || J(אָמַר II bh): to be thick, strong; to thrive; to boast, vaunt, be oppressive; to fatten || J(אִמַּר): lamb
656	חמינא	134		AMBIGUOUS חמא/pe.ptcp.1s "חם" ~ חמי/pe.ptcp.1s "אראה"	{חמא} n צנון[k:def:bavli] ; חם[j:same:targum+bavli] ; חמה[j:eq:tanakh] || J(חָמָא I ch): his daughter’s father-in-law || J(חֲמָא): to see || J(חֵמָא ch): anger. || J(חַמָּא): radish.
657	שוי	134		AMBIGUOUS_SENSE שוי: עולה בערך, במחיר פלוני | זול	{שוי} n עולה בערך, במחיר פלוני[k:def:bavli] ; זול[k:def:bavli] ; שוי[j:same:pe:targum+yerushalmi+bavli+tanakh] ; שוי[j:same:bavli] ; שוה[j:eq:midrash+bavli] || K: a thing) moderate in price | Preiswertes || J(שוי bh): to join, combine; to be even, equal, alike; to be of value || J(שְׁוֵי ch): to be alike; to be worthy, deserve; to do alike, retaliate. || J(שְׁוִי): equivalent, value || J(שָׁוְי): valued, worth; worth its money, cheap
658	תלייא	134		NO_HEBREW_SENSE תל	{תל} n תל[j:same:targum+bavli] || J(תֵּל bh): hill, mound; lock, curl.; —Pl. || J(תֵּל ² ch): mound, ruins
659	דקדושה	133		NO ANALYSIS	
660	ואנונ	133	והם	pron:אנונ/fixed/w/pronominal/pronominal preposition table	
661	וארעא	133	ואדמה, ארץ	ארעא/-/w/exact/reviewed choice	{ארעא} n אדמה, ארץ[k:def:bavli+targum] ; מקרה[k:def:targum] ; פגע[k:def] || J(אִרְעָא): accident, occurrence; evils, diseases || J(אַרְעָא): land, earth, ground, field; gout, sore on the toes; fields
662	וחמא	133	וחם	חמא/-/w/exact/the sense cited from targum	{חמא} n צנון[k:def:bavli] ; חם[j:same:targum+bavli] ; חמה[j:eq:tanakh] || J(חָמָא I ch): his daughter’s father-in-law || J(חֲמָא): to see || J(חֵמָא ch): anger. || J(חַמָּא): radish.
663	חוור	133	לבן	חוור/-/-/exact/the sense cited from bavli	{חוור} adj לבן[k:def:bavli] || 
664	רחימו	133		NO ANALYSIS	
665	בשכינתא	132		NO_HEBREW_SENSE שכינה	{שכינה} n שכינה[j:same:targum+bavli] || J(שְׁכִינָה): royal residence, royalty; Shechinah, Divine Presence, holy inspiration
666	חיוונ	132	חיה	חיוא/n.pl/-/source-form/the sense cited from targum	{חיוא} n חיה[k:def:targum] ; חיה[j:eq:targum+bavli+midrash] || J(חֵיוָא): animal; beasts
667	מקמי	132	מלפני	קמי/-/m/exact/the sense cited from bavli	{קמי} n לפני[k:def:bavli] || J(קַמֵּי): before, in the presence of; before, ere
668	שייפינ	132		NO ANALYSIS	
669	שערא	132	שער	שערא/-/-/reviewed/reviewed form: Jastrow שַׂעֲרָא "hair"	{שערא} n נשך, רבית[k:def:targum] ; שער[j:same:targum] ; נשך[j:targum-h:targum] ; שער[j:eq] ; שער[j:eq:targum+midrash+yerushalmi] || J(שַׁעֲרָא I ch): percent.; , interest || J(שַׁעֲרָא II): market price || J(שַׂעֲרָא): hair
670	אתקינ	131	נתכן	תקנ/itpa.perf.3ms/-/source-form/the sense cited from targum; reflexive by the Hebrew nif'al	{תקנ} v תקן[j:same:pe:targum+bavli+midrash] ; תכן[j:targum-h:targum] || J(תָּקַן bh): to make straight, firm, right; to straighten, mend, repair, set in order, prepare; to make || J(תְּקֵן ch): to be firm, stand; Ithpa.; Ithpa.
671	דאתברי	131	שנברא	ברי/itpe.perf.3ms/d/source-form/the sense cited from targum	{ברי} v ברא[k:def:tanakh] ; היה בריא וחזק[k:def:bavli] ; נברא[k:def:itpe:targum+bavli] ; חיזק[k:def:bavli] ; נקב[k:def] ; נקב, חדר[k:def:pe:targum] ; חזר לאיתנו[k:def] ; חזק[k:def:mishnah+bavli] ; ודאי, ברור[k:def:bavli+yerushalmi] ; ברי[j:same:pe:targum+bavli+midrash] ; זעם[j:targum-h:targum] ; ברי[j:same:targum+bavli] || J(ברי I bh): to hollow out, perforate; to think out, plan; to create || J(ברי ch): to create; to get well, strong; to cut, shape || J(ברי II bh): to cut out; hollowed out; to strengthen, to offer refreshment || J(בָּרִי bh): in natural condition; healthy, strong, stout, fat; sound, sure, evident
672	דחסד	130		NO ANALYSIS	
673	דנא	130	הגה, דיבר	דנא/-/-/exact/the sense cited from targum	{דנא} n זה[k:def:yerushalmi] ; חבית גדולה[k:def:bavli] ; הגה, דיבר[k:def:pe:targum] || J(דָּנָא): a cylindrical vessel, jar
674	ויהיב	130	ויהב	יהב/pe.ptcp.ms/w/irregular/the sense cited from targum	{יהב} v יהב[j:targum-h:targum] || J(יְהַב): to give; to deal; to put, place
675	ותניננ	130		AMBIGUOUS תנינא/n.pl "ותנין" ~ תני/pe.ptcp.1pl "ואנו שונים"	{תנינא} ? תנין[j:same:targum] || 
676	טמירינ	130	נסתר	טמיר/n.pl/-/source-form/the sense cited from targum	{טמיר} adj נסתר[k:def:targum] ; אלמני[j:targum-h:targum] || J(טָמִיר): hidden, secret;; secrecy; to live hidden
677	תקיפינ	130		NO_HEBREW_SENSE תקיפ	{תקיפ} n תקיף[j:same:targum+bavli] || J(תַּקִּיף bh): strong, powerful; Fem. || J(תַּקִּיף ² ch): strong, mighty; protector; hard, stern, severe; Fem.
678	איקרי	129		NO_HEBREW_SENSE קרי	{קרי} n עיר, קריה[k:def:targum] ; קרי[j:same:pe:targum+bavli+midrash+tanakh+yerushalmi+other] ; קרי[j:same:pe:bavli] || J(קרי ² bh): to call, name; to invite; yeraëh; those called up to read from the Torah || J(קְרֵי I ch): to call, name, invite; to read; evil || J(קרי ³): to join; to meet; to meet, join || J(קְרֵי II ch): to join; to do something by accident; to happen || J(קרי ⁴): Pi.; to lay beams; to cover; to wa
679	בבי	129	פתח	בב/n.pl/-/source-form/the sense cited from bavli	{בב} n פתח[k:def:bavli] || K: a river in Babylonia | Fluss in Babylonien || J(בָּב): entrance, door, gate; section, clause; Baba Kamma, Baba Metsia, Baba Bathra
680	בהדייהו	129	עמהם	pron:בהדייהו/fixed/-/pronominal/pronominal preposition table	
681	מתערינ	129		NO ANALYSIS	
682	דבהונ	128	שבהם	pron:בהונ/fixed/d/pronominal/pronominal preposition table	
683	דההיא	128		NO ANALYSIS	
684	ענפינ	128		NO ANALYSIS	
685	ביחודא	127	בייחוד	ביחודא/-/-/reviewed/reviewed form: ב + יִחוּדָא "union" (Jastrow)	
686	לאתריה	127	למקום שלו	אתר/n.pl+3ms/l/generated-noun/the sense cited from midrash	{אתר} n מקום[k:def:midrash] || J(אָתַר): place, town; our; local custom
687	לקביל	127	לחשיכה	קבלא/n.sg/l/source-form/the sense cited from targum	{קבלא} n חשיכה[k:def:targum] ; לרוח[j:targum-h:targum] || J(קִבְלָא): junction, meeting; towards, corresponding to, alongside of, opposite || J(קִבְלָא ²): a means against; charm; a traditional rule of conduct || J(קִבְלָא ³): woe, pain || J(קַבָּלָא): vapor, vanity
688	אחזי	126	הראה	חזי/af.perf.3ms/-/source-form/the sense cited from bavli	{חזי} v ראה[k:def:pe:bavli] ; הראה[k:def:af:bavli] ; נראה[k:def:itpe:bavli] ; היה ראוי[k:def:itpe:bavli] ; הָראה[k:def:itpe] ; ראוי[k:def:bavli] ; חזי[j:same:pe:targum+bavli] || J(חזי bh): to divide; to discern, see; to distribute kindled chips between logs of wood || J(חֲזִי ch): to see, recognize, to decide; Part. pass; pointed out, fit for, prepared;
689	דסלקינ	126	שהס	סלק/pe.ptcp.mp/d/irregular/the sense cited from targum	{סלק} v הסיר והעביר[k:def:mishnah] ; הרים[k:def:bavli] ; התרחק[k:def:itpa:midrash] ; מת[k:def:itpa:tosefta] ; סלק[j:same:pe:targum+bavli+midrash] ; הס[j:targum-h:targum] ; עָלָה[h:wikt] ; העלה[r:reviewed:af] || J(סָלַק): to go up, go away; to pile up; to remove; to cause cessation, suspend || J(סְלֵק ch): to rise, go up; to go away; to occur; to stop, hush, keep silence || J(סְלַק): to boil down
690	שלימתא	126		NO_HEBREW_SENSE שלמ	{שלמ} v כלה ונגמר[k:def:itpa] ; נפרע הכסף[k:def:itpa] ; שלם[j:same:pe:targum+bavli] ; מלא[j:targum-h:targum] ; שלום[j:eq:targum+bavli+yerushalmi] || K: to end | zu Ende sein || J(שָׁלֵם bh): to be whole, complete; to end, cease; to complete, finish; to finish the fast-day || J(שִׁלֵם ch): to be perfect, complete, finished, spent; to be peaceful, sincere, friendly; to complete,  || J(שָׁלֵם II bh): preced; whole, complete; Fem. || J(שְׁלָם): perf
691	אבנינ	125		NO_HEBREW_SENSE אבנ	{אבנ} n אבן[j:same:targum+midrash+bavli+yerushalmi] || J(אֶבֶן bh): stone; jewel; Stone Chamber || J(אֶבֶן ² ch): weight-stones; black marble stone || J(אֹבֶן): the potter’s turning implement; the passage of the embryo, vagina
692	דחילו	125	מורא ופחד	דחילו/-/-/exact/the sense cited from targum	{דחילו} n מורא ופחד[k:def:targum] || J(דְּחִילוּ): fear, worship; manifestations of worship
693	דנשמתא	125	של נשמה	נשמתא/-/d/exact/the sense cited from targum	{נשמתא} ? נשמה[j:same:targum] || 
694	דרזא	125		NO_HEBREW_SENSE רז	{רז} n רז[j:same:targum+bavli] || J(רָז): strength, foundation; secret || J(רָז ² ch): council
695	דשבתא	125	של שבת	דשבתא/-/-/reviewed/reviewed form: ד + שַׁבְּתָא	
696	דתליינ	125		NO_HEBREW_SENSE תלי	{תלי} v תלי[j:same:pe:targum+bavli+midrash+yerushalmi] || J(תלי bh): to swing, raise; to suspend, hang; to hang on; to attach, assign; to hold in suspense, lea || J(תְּלֵי ch): to lift up; to suspend, hang; to be hanged; to be hanged
697	דתלת	125	ששלש	תלת/-/d/exact/the sense cited from targum	{תלת} v חילק לשלשה חלקים[k:def:pa:targum] ; עשה בפעם השלישית[k:def:pa:targum] ; נעשה בפעם השלישית[k:def:itpe:targum] ; שלש[j:eq:targum+bavli+yerushalmi] || J(תַּלֵּת): to divide into three parts; to do a third time; Part. pass || J(תְּלַת): three; on the third; thirteen
698	חדוותא	125	שמחה	חדוותא/-/-/exact/the sense cited from targum	{חדוותא} n שמחה[k:def:targum] || 
699	חמאנ	125		NO ANALYSIS	
700	לכלהו	125	לכולם	pron:כלהו/fixed/l/pronominal/pronominal preposition table	
701	מתחברנ	125		NO ANALYSIS	
702	שריינ	125	שריון	שריינ/-/-/exact/the sense cited from targum	{שריינ} n שריון[j:eq:targum] || 
703	באוירא	124	באויר	אוירא/-/b/exact/the sense cited from targum	{אוירא} n חלל העולם[k:def:bavli] ; אויר[j:same:targum+bavli+yerushalmi] || J(אָוֵירָא ch): empty space, air; air, weather; pile of bricks with openings between
704	גלי	124	ביד רמה	גלי/-/-/exact/the sense cited from targum	{גלי} v חשף[k:def:pe:tanakh] ; יצא ממקומו, הלך בשבי[k:def:pe:bavli] ; גילה סוד, הודיע בפומבי[k:def:bavli+midrash] ; נתגלה[k:def:itpe:bavli] ; הָגלה[k:def:itpe:targum] ; גלי[j:same:pe:targum+bavli+midrash+tanakh] ; ביד רמה[j:targum-h:targum] || K: to banish | ins Exil führen || K: an odoriferous) plant | eine Pflanze (Weidenart) || J(גלי bh): to be uncovered; Part. pass; open, revealed || J(גְּלֵי ch): to reveal, uncover; to go into exile, go away, disappear; exiles || J(גְּלַי): flash; as a flash, suddenly, rapidly || J(*גַּלִּי): galium,
705	דיהא	124	כהה, עכור	דיהה/-/-/alias/single sense	{דיהא} n  || J(דֵּיהֶא): faint, feeble, dim; light; thin.; morashah  ##  {דיהה} adj כהה, עכור[k:def:mishnah] || 
706	דנגיד	124		NO ANALYSIS	
707	דנפק	124	שכיוצא בו	נפק/-/d/exact/the sense cited from targum	{נפק} v יצא[k:def:pe:midrash] ; יצא ידי חובתו[k:def:bavli] ; הוציא[k:def:bavli] ; נפק[j:same:pe:midrash+yerushalmi+targum+bavli+tanakh] ; כיוצא בו[j:eq:midrash+yerushalmi+targum+bavli+tanakh] ; הוציא[r:reviewed:af] || J(*נָפַק): to go out || J(נְפַק ch): to go out, come out; to result, end; similar to, corresponding; to take out, exclude || J(נָפֵק): going out; a male prostitute; fem; a female prostitute
708	דעל	124		NO ANALYSIS	
709	יומי	124		NO_HEBREW_SENSE יומ	{יומ} ? יום[j:same:targum+bavli+midrash] || J(יוֹם bh): light, day; astronomical; day; || J(יוֹם ² ch): at once; of the same day, one day old, used the same day; Yoma
710	כביכול	124	כאילו אפשר לומר	כביכול/-/-/exact/the sense cited from bavli	{כביכול} ? כאילו אפשר לומר[k:def:bavli] || 
711	כמא	124	כמו	כמא/-/-/exact/the sense cited from targum	{כמא} other כמו[k:def:targum] || K: how! | o, wie || J(כְּמָא): like that which; how! how many!, how much!, how long!; how much?
712	מתיבתא	124	ישיבה, בית מדרש	מתיבתא/-/-/exact/reviewed choice	{מתיבתא} n ישיבה, בית מדרש[k:def:bavli] ; תשובה, ראיה[k:def] ; ישיבה[h:wikt] || J(מְתִיבְתָּא II): answer, argument.
713	אקדימ	123		NO_HEBREW_SENSE קדמ	{קדמ} v קדם[j:same:pe:targum+bavli] ; קדם[j:same:targum] || K: to advance, to precede | vorangehen || J(קָדַם bh): to bend, go forward; to advance, precede; to anticipate; Hif. || J(קְדַם ch): Pa.; to precede; to do early, be early, first; to go before, come to meet || J(קֶדֶם bh): olden time; before || J(קָדָם): precedence; before; pl.
714	ביממא	123	ביום, שעות היום	יממא/-/b/exact/reviewed choice	{יממא} n יום, שעות היום[k:def:bavli] ; אור היום[k:def:bavli] || J(יְמָמָא): day-time, day-light
715	בכללא	123	בהכתיר	כלל/pa.inf/b/generated/the sense cited from midrash	{כלל} v הכתיר[k:def:pa:midrash] ; חיבר[k:def:pe:yerushalmi] ; הוכתר[k:def:itpa:midrash] ; נכנס לחופה[k:def:itpa:bavli] ; חוק ועיקר[k:def:mishnah] ; צבור[k:def] ; סוג הכולל[k:def] ; סך הכל[k:def:bavli] ; כלל[j:same:pe:targum+yerushalmi+bavli+midrash+tanakh] || J(כָּלַל bh): to surround, comprise, include; Part. pass; included || J(כְּלַל ch): to surround, crown; to make whole, combine; to surround, crown || J(כְּלָל): general rule, principle; under the influence of; community
716	חמשינ	123	חמשים	חמשינ/-/-/exact/the sense cited from targum	{חמשינ} particle חמשים[k:def:targum] || 
717	לאכללא	123		NO ANALYSIS	
718	אחידנ	122	חידה	אחידה/n.pl/-/source-form/the sense cited from targum	{אחידה} n חידה[j:targum-h:targum] || K: conquering, conquest | Eroberung || J(אֲחִידָה I): taking possession, capture || J(אֲחִידָה II): enigma.
719	אמרינ	122	אומרים	אמר/pe.ptcp.mp/-/irregular/the sense cited from targum	{אמר} v הלעיט[k:def:af:bavli] ; אמר[j:same:pe:targum+bavli+yerushalmi] ; טלה, כבש[h:wikt] || J(אָמַר I bh): to join, knot; to be knotted, thick;; to heap up;; to join words, compose || J(אֲמַר ch): they say, it is said; Inf; does this mean to say? || J(אָמַר II bh): to be thick, strong; to thrive; to boast, vaunt, be oppressive; to fatten || J(אִמַּר): lamb
720	אתדבק	122	הִתְדַּבֵּק התחבר והתאחד	דבק/itpe.perf.3ms/-/source-form/the sense cited from bavli	{דבק} v התחבר[k:def:midrash] ; הִתְדַּבֵּק התחבר והתאחד[k:def:itpe:bavli+midrash] ; נאחז ונתחבר[k:def:targum] ; דיבק וחיבר[k:def] ; היה דבוק וקשור[k:def] ; השיג והגיע[k:def:af:targum] ; רדף והשיג[k:def:af:targum] ; היה ביכלתו[k:def:af] ; התחבר אל־[k:def:itpe] ; היה מדובק ומחובר ביחד[k:def:itpe:midrash] ; חומר המדביק[k:def:mishnah] ; חיבור[k:def] ; דבק[j:same:pe:targum+bavli+midrash] ; ליות[j:targum-h:targum] || J(דָּבֵק bh): to cleave, adhere, stick; to join, glue, affix; Part. pass || J(דְּבֵק ch): to adhere; to paste, glue; to be attached, join || J(דֶּבֶק bh): glue, paste; junction; followers
721	ואמאי	122	ולמה, מדוע	אמאי/-/w/exact/the sense cited from bavli	{אמאי} particle למה, מדוע[k:def:bavli] || J(אַמַּאי): wherefore? why?; why not?
722	פתורא	122	שולחן	פתורא/-/-/exact/the sense cited from targum	{פתורא} n שולחן[k:def:bavli+targum] || 
723	רשימ	122		NO_HEBREW_SENSE רש	{רש} n  || J(רָשׁ bh): dispossessed; poor; râsh
724	ברחמי	121	ברחמים	רחמינ/-/b/alias/the sense cited from targum	{רחמינ} ? רחמים[j:same:targum+bavli] || 
725	דאסתלק	121		NO ANALYSIS	
726	דיוספ	121		NO ANALYSIS	
727	ונהיר	121	והאיר · ונזכר	נהר/-/w/alias/two senses	{נהר} v האיר[k:def:pe] ; נזכר[k:def:pe:yerushalmi] ; הואר[k:def:itpe:targum] ; נהר[j:same:pe:targum+bavli+midrash+yerushalmi] ; נהר[j:same:targum+midrash+bavli+yerushalmi] || K: to enlighten | erleuchten || J(נָהַר bh): to break forth, shine; to enlighten || J(נְהַר I ch): to shine; Part. pass; bright, clear || J(נָהָר bh): river, stream, canal || J(נְהַר II ch): N’har Abba
728	קלינ	121		AMBIGUOUS_SENSE קל: קול | בת קול	{קל} v קול[j:eq:targum+bavli+yerushalmi+midrash] ; בת קול[j:eq:targum+bavli+yerushalmi+midrash] || J(קַל I): to be light || J(קַל II bh): light; unimportant, of minor value; easy to achieve; lowly, poor. || J(קַל III): voice, sound; rumor; divine voice
729	אזלא	120	הולכת	אזל/pe.ptcp.fs/-/generated/reviewed choice	{אזל} v הלך[k:def:pe:bavli] ; טוה[k:def:pe:bavli] || J(אֲזַל I bh): to be gone, to leave; to go; Imper; to depart life, die || J(אֲזַל II): to spin, weave
730	דאשתכח	120	שנמצא	שכח/itpe.perf.3ms/d/source-form/the sense cited from targum	{שכח} v שכח, נשמט מזכרונו[k:def:pe:yerushalmi] ; מצא[k:def:af:bavli] ; נמצא[k:def:itpe:bavli] ; נשכח[k:def:itpe:bavli] ; שכח[j:same:pe:yerushalmi+bavli] ; נמצא[j:eq:targum+bavli+yerushalmi+midrash] ; נמצא[j:eq:itpe:targum+bavli+midrash] ; מצא[r:reviewed:af] || J(שָׁכַח bh): to sink,; to forget, discard; forgetting || J(שְׁכַח ch): to be forgotten || J(שְׁכַח II): Af.; to uncover,; to find
731	ועלמא	120	ועולם	עלמא/-/w/exact/the sense cited from bavli	{עלמא} n עולם[k:def:midrash+bavli] || 
732	למיעל	120		NO ANALYSIS	
733	מאריהונ	120		NO ANALYSIS	
734	תוקפא	120	תוקף, עוז	תוקפא/-/-/exact/reviewed choice	{תוקפא} n תוקף, עוז[k:def:targum+tanakh] ; כעס[k:def:bavli] ; תוקף[j:same:targum+bavli] ; טבור[j:targum-h:targum] || J(תּוּקְפָא ch): strength, power; Omnipotence, Almighty; stronghold
735	אתחבר	119		NO_HEBREW_SENSE חבר	{חבר} n מכשף[k:def:bavli] ; כהן פרסי עובד האש[k:def:bavli] ; אחבירה[j:targum-h:targum] ; חבר[j:same:midrash+bavli] || J(חָבַר bh): to join, befriend, assist; having a share in the ownership of a sacrifice; to join against || J(חֲבַר ch): Pa.; to fasten, join; to combine against || J(חָבֵר bh): associate, friend, partner; colleague, fellow-student; fellow-being; of the same kind; fel || J(חֶבֶר bh): association; a t
736	בריינ	119		NO ANALYSIS	
737	עלכ	119	עליך	pron:עלכ/fixed/-/pronominal/pronominal preposition table	
738	קמייהו	119	לפניהם	pron:קמייהו/fixed/-/pronominal/pronominal preposition table	
739	אסוותא	118	רפואה	אסותא/n.pl/-/generated-noun/the sense cited from bavli	{אסותא} n רפואה[k:def:bavli] || J(אָסוּתָא): cure, remedy
740	למשמע	118		NO ANALYSIS	
741	בחכמתא	117	בחכמה	חכמתא/-/b/exact/the sense cited from targum	{חכמתא} n חכמה[k:def:targum] || 
742	דקאימ	117	שעמד, היה קיים	קומ/pe.ptcp.ms/d/irregular/the sense cited from bavli	{קומ} v עמד, היה קיים[k:def:pe:bavli] ; מי חלב[k:def:mishnah] ; קום[j:same:pe:targum+bavli+midrash+yerushalmi+tanakh] ; העמיד[r:reviewed:af] || J(קוּם bh): to stand up, rise; to stand, exist; a transgression of a prohibitive law which you must re || J(קוּם ² ch): ḥălitsah; to ascertain; to bargain for || J(קוֹם): curdled milk, curd; whey; ḳom?
743	דרועינ	117		NO ANALYSIS	
744	דשמשא	117	של חמה, שמש	שמשא/-/d/exact/reviewed choice	{שמשא} n חמה, שמש[k:def:midrash] ; קדחת[k:def:bavli] ; שמש[j:same:targum+bavli+midrash+tanakh] ; בין הערבים[j:targum-h:targum] ; שמש[j:eq:targum+yerushalmi] || J(שִׁמְשָׁא ch): Pl.; at twilight; Friday evening, Sabbath eve || J(שַׁמָּשָׁא): prostitute
745	במאי	116	במה	מאי/-/b/exact/the sense cited from bavli	{מאי} particle מה[k:def:bavli] || J(מַאי): what?; why?; v’taher; v’omer
746	בנהירו	116		NO ANALYSIS	
747	דאשא	116		NO ANALYSIS	
748	עתיקא	116	העתיק	עתיקא/-/-/reviewed/reviewed form: Jastrow עַתִּיק "ancient" (עתיקא קדישא)	{עתיקא} n  || J(עַתִּיקָא II bh): support?; a kind of peristyle
749	אשתדל	115	התרצה והתפייס · התאמץ	שדל/itpa.perf.3ms/-/source-form/two senses	{שדל} v פייס וריצה[k:def:pa] ; התרצה והתפייס[k:def:itpa] ; התאמץ[k:def:itpa:mishnah] || J(שָׁדַל): Shaf.; to swing, be wide open; to persuade, speak suasively || J(שְׁדַל ch): Pa.; to persuade, entice; to insinuate one’s self, win favor
750	טורא	115	מין ירק מר	טורא/-/-/exact/the sense cited from bavli	{טורא} n מין ירק מר[k:def:bavli] || J(טוּרָא II): clearness, sky || J(*טוּרָא III): tura
751	מנא	115	מנין	מנא/-/-/reviewed/reviewed form: Krupnik מְנָא "מנין" (whence) — "מנא הני מילי"	{מנא} n כלי[k:def] ; מנין[k:def:bavli+midrash] ; מנין[j:eq:bavli+midrash] || K: name of an Amora | Name eines Amoräers || J(מְנָא I): who?, what? || J(מְנָא II): whence?; whence is it proven?; whence do we have this?, how do we know? || J(מַנָּא): manna || J(מְנֵא): to count || J(מָנָא III): Mana; Mona || J(מָנָא IV): a weight
752	רשימא	115		NO_HEBREW_SENSE רשמ	{רשמ} v רשם וסימן[k:def:pa] ; רשם[j:same:pe:targum] || J(רָשַׁם): to mark, draw; those who interpret the Law metaphorically; to be marked, engraven || J(רְשַׁם I ch): to mark; to record; to make incisions; to be wrinkled || J(רְשַׁם II): incision, wound
753	אתעבידו	114	נעשו	עבד/itpe.perf.3mp/-/generated/reviewed choice; reflexive by the Hebrew nif'al	{עבד} v תיקן והכשיר[k:def:bavli] ; עבד[j:same:pe:targum+bavli+midrash+yerushalmi] ; עבד[j:same:targum+midrash+bavli+yerushalmi] ; עשה[r:reviewed:pe] || K: to tan | gerben || J(עָבַד bh): to work; to serve, work for.; to do priestly service || J(עֲבַד I ch): to do, labor; to make; to act; to do, fare, prosper; to spend time || J(עֶבֶד bh): slave; servant || J(עֲבַד ch): worshipper
754	בהדי	114	עם ובמעמד	בהדי/-/-/exact/reviewed choice	{בהדי} other עם ובמעמד[k:def] ; בעוד, בשעה[k:def:bavli] || 
755	בעובדא	114	במעשה, מאורע	עובדא/-/b/exact/the sense cited from bavli	{עובדא} n מעשה, מאורע[k:def:bavli+yerushalmi] ; מעשה, מאורע[k:def:bavli+yerushalmi] || J(עוֹבָדָא): deed, work; occurrence, event, fact, case, precedent; billʿa
756	גנתא	114	גן	גינתא/-/-/alias/the sense cited from targum	{גינתא} n גן[k:def:targum] || J(גִּינְּתָא): garden
757	דאנת	114	של אתה	אנת/-/d/exact/the sense cited from bavli	{אנת} ? אתה[j:eq:tanakh+bavli] || J(אַנְתְּ): thou.
758	דאפיק	114		AMBIGUOUS_SENSE נפק: הוציא	{נפק} v יצא[k:def:pe:midrash] ; יצא ידי חובתו[k:def:bavli] ; הוציא[k:def:bavli] ; נפק[j:same:pe:midrash+yerushalmi+targum+bavli+tanakh] ; כיוצא בו[j:eq:midrash+yerushalmi+targum+bavli+tanakh] ; הוציא[r:reviewed:af] || J(*נָפַק): to go out || J(נְפַק ch): to go out, come out; to result, end; similar to, corresponding; to take out, exclude || J(נָפֵק): going out; a male prostitute; fem; a female prostitute
759	דזמינ	114	של מוכן ומזומן	זמינ/-/d/exact/the sense cited from targum	{זמינ} adj מוכן ומזומן[k:def:targum] || 
760	דקרא	114		HOMOGRAPH דקרא "כלי לחפור בו בקרקע" ~ d+קרא "של מקרא"	{דקרא} n כלי לחפור בו בקרקע[k:def:mishnah+bavli] || 
761	ואחיד	114	ומיוחד	אחיד/-/w/exact/the sense cited from targum	{אחיד} particle מיוחד[j:eq:targum] || J(אֲחִיד): singled out, devoted, betrothed
762	וגניז	114	וטמון, שמור	גניז/-/w/exact/reviewed choice	{גניז} n טמון, שמור[k:def] ; אוצר[k:def] || 
763	שתיתאה	114	ששי	שתיתאה/-/-/exact/reviewed choice	{שתיתאה} n מאכל משבלים קלויות[k:def:bavli] ; ששי[k:def:targum+tanakh] || J(שְׁתִיתָאָה): sixth; Fem.
764	דברית	113		NO ANALYSIS	{דברית} n  || J(דַּבָּרִית): leader
765	דמותא	113		NO_HEBREW_SENSE דמות	{דמות} n דמות[j:same:targum+midrash] || J(דָּמוּת): gossip || J(דְּמוּת bh): resemblance, image; man’s divine image; designs
766	ומההוא	113		NO ANALYSIS	
767	לאתחזאה	113		NO ANALYSIS	
768	עייל	113	בא	עלל/pe.ptcp.ms/-/irregular/the sense cited from targum	{עלל} v טיפל, עסק[k:def:pe:midrash] ; נכנס[k:def:pe] ; בא[k:def:pe:targum] ; הביא[k:def:af:targum] ; הובא והושם[k:def:itpe:targum] ; עלל[j:same:pe:targum+yerushalmi+bavli+midrash+tanakh] ; בול[j:targum-h:targum] ; הכניס[r:reviewed:af] || J(עָלַל bh): Pol. to bring about; to go about; to superintend, be busy || J(עֲלַל I ch): to enter a town, a house; to come in; to set || J(עֲלַל II): that which is brought in; harvest, provision; income; ʿălalta
769	קשורא	113	האמנם	קשוט/-/-/alias/the sense cited from targum	{קשוט} n האמנם[j:targum-h:targum] || J(קְשׁוֹט): straightness; truth, righteousness; true
770	תב	113		NO ANALYSIS	{תב} v  || J(תַּב): to give
771	בדרגא	112	במדרגה	דרגא/-/b/exact/reviewed choice	{דרגא} n מדרגה[k:def] ; פסיעה[k:def:targum] || 
772	גיהנמ	112		NO ANALYSIS	
773	דהות	112	שהיתה	הוה/pe.perf.3fs/d/irregular/reviewed choice	{הוה} v היה[r:reviewed:pe] || J(הַוָּה bh): change; misfortune || J(*הֵוָה): Ḥevah || J(הֲוָהּ): ah!
774	דמטרוניתא	112	של מטרונית	מטרוניתא/-/d/exact/the sense cited from targum	{מטרוניתא} n גברת, אדונה[k:def:yerushalmi+midrash+bavli] ; מטרונית[j:same:bavli+targum] ; שרות[j:targum-h:targum] || 
775	וגופא	112	וגוף	גופא/-/w/exact/the sense cited from targum	{גופא} n גוף[k:def:midrash] ; עיקר הדבר[k:def] ; הלא יש סתירה בדבר[k:def:bavli] ; גוף[j:same:targum+midrash+bavli+yerushalmi] || K: i>Zitierungsform in der talmudischen Diskussion, wenn ein vorher gelegentlich angeführter Ausspruch zum Hauptgegenstand der Erörterung werden soll || J(גּוּפָא ch): body; self, substance; Gufa
776	חולקהונ	112	חלק שלהם	חולק/n.sg+3mp/-/generated-noun/the sense cited from targum	{חולק} n חלק[k:def:other] ; חלק[j:eq:targum+yerushalmi+bavli] || J(חוּלַּק ch): portion, share
777	חייביא	112		AMBIGUOUS_SENSE חייב: מי שמוטלת עליו חובה | מי שיצא דינו לחובה	{חייב} adj מי שמוטלת עליו חובה[k:def] ; מי שיצא דינו לחובה[k:def:mishnah] ; חייב[j:same:targum] || K: debtor | Schuldner || J(חַיָּיב): debtor; he is; bound || J(חַיַּיב): sinner, wicked man
778	נחתא	112	שכבה	נחתא/-/-/exact/the sense cited from targum	{נחתא} n שכבה[k:def:targum] || J(נַחֲתָא): layer
779	נשמתיה	112	נשמה שלו	נשמתא/n.sg+3ms/-/generated-noun/the sense cited from targum	{נשמתא} ? נשמה[j:same:targum] || 
780	רוגזא	112	רוגז וכעס	רוגזא/-/-/exact/the sense cited from targum	{רוגזא} n רוגז וכעס[k:def:targum] ; רוגז[j:same:targum+midrash] || J(רוּגְזָא ch): masc
781	אזלו	111		NO ANALYSIS	
782	ברחימו	111		NO ANALYSIS	
783	ודינא	111	ודין ומשפט	דינא/-/w/exact/reviewed choice	{דינא} n דין ומשפט[k:def:bavli] ; ריב[k:def] ; שופט[k:def] || 
784	חושבנא	111	חשבון	חושבנא/-/-/exact/the sense cited from targum	{חושבנא} n חשבון[k:def:midrash] ; חשבון[j:eq:targum+bavli+yerushalmi+midrash] || J(חוּשְׁבָּנָא): calculation, number, measurement
785	מלכותא	111	ממשלה	מלכותא/-/-/exact/the sense cited from bavli	{מלכותא} n ממשלה[k:def:bavli] || J(מַלְכוּתָא): kingdom, rulership; Pl.
786	מקטרגא	111	נאשם	קטרג/itpa.ptcp.fs/-/generated/the sense cited from midrash	{קטרג} v האשים, לימד חובה[k:def:yerushalmi] ; נאשם[k:def:itpa:midrash] ; קטרג[j:same:targum] ; יבלע[j:targum-h:targum] || J(קִטְרֵג): to denounce, bring charges; to incite anger against; to be denounced
787	אשתאר	110		NO_HEBREW_SENSE שאר	{שאר} v השאיר, שייר[k:def:pa:mishnah] ; שאר[j:same:pe:targum+bavli] ; שאר[j:same:targum+midrash] ; אשר[j:targum-h:targum] || J(שָׁאַר bh): to swell, rise; to run over;; to remain over; to be left over, reserved, preserved, spared || J(שְׁאַר I ch): to leave over; Ithpa.; to leave over, spare || J(שְׁאַר II): Pa.; to plant in beds || J(שְׁאֵר bh): preservation, existence; sustenance, alimentation; body, flesh || J(שְׁאָר b
788	אתתקפ	110		NO_HEBREW_SENSE תקפ	{תקפ} v היה חזק[k:def:targum] ; התגבר[k:def:targum] ; החמיץ[k:def:bavli] ; התגבר[k:def:pa:bavli] ; חיזק[k:def:pa:targum] ; החזיק, אחז[k:def:af:targum] ; חיזק[k:def:af:targum] ; הקשה קושיא[k:def:af:bavli] ; תקף[j:same:pe:targum+bavli+midrash] ; פריצ׳[j:targum-h:targum] || J(תָּקַף bh): to seize, overpower; to rest heavily upon, be hard || J(תְּקַף ch): to seize, hold firmly; Ittof.; to be strong, become powerful
789	באתריה	110	במקום שלו	אתר/n.pl+3ms/b/generated-noun/the sense cited from midrash	{אתר} n מקום[k:def:midrash] || J(אָתַר): place, town; our; local custom
790	נטלי	110		NO_HEBREW_SENSE נטלא	{נטלא} ?  || J(נַטְלָא): a ladle; small vessel; one fourth of a Log
791	שתינ	110	ששים	שתינ/-/-/exact/the sense cited from midrash	{שתינ} particle ששים[k:def:midrash] || 
792	ואזיל	109	ופחות ובטל	אזיל/-/w/exact/single sense	{אזיל} adj פחות ובטל[k:def:yerushalmi] || 
793	יקירא	109		AMBIGUOUS_SENSE יקירא: כבד | נכבד | יקר המחיר	{יקירא} adj כבד[k:def:targum] ; נכבד[k:def:targum] ; יקר המחיר[k:def:targum] || 
794	לאתקנא	109		NO ANALYSIS	
795	מית	109	מות	מית/-/-/exact/the sense cited from targum	{מית} v מות[j:eq:targum+bavli+yerushalmi] || J(מִית I ch): to die, be dead; Part.; to cause death, slay || J(מִית II): dead; corpse
796	צפרא	109	בוקר	צפרא/-/-/exact/reviewed choice	{צפרא} n שריקה[k:def:yerushalmi] ; בוקר[k:def:targum+bavli] || 
797	אלפינ	108	אלף	אלפ/n.pl/-/source-form/the sense cited from targum	{אלפ} n אלף[j:same:targum+bavli+yerushalmi] ; אלף[j:targum-h:targum] || K: the first letter of the alphabet | der erste Buchstabe des Alphabets || J(אֶלֶף bh): thousand.; Du.; a million || J(אֲלַף II): to join, be joined; to become used; to learn, study, train one’s self; accustomed, used to
798	בקודשא	108	בקודש, קדושה	קודשא/-/b/exact/the sense cited from targum	{קודשא} n קודש, קדושה[k:def:targum] || 
799	דסלקא	108	שהס	סלק/pe.ptcp.fs/d/irregular/the sense cited from targum	{סלק} v הסיר והעביר[k:def:mishnah] ; הרים[k:def:bavli] ; התרחק[k:def:itpa:midrash] ; מת[k:def:itpa:tosefta] ; סלק[j:same:pe:targum+bavli+midrash] ; הס[j:targum-h:targum] ; עָלָה[h:wikt] ; העלה[r:reviewed:af] || J(סָלַק): to go up, go away; to pile up; to remove; to cause cessation, suspend || J(סְלֵק ch): to rise, go up; to go away; to occur; to stop, hush, keep silence || J(סְלַק): to boil down
800	יודאי	108		NO ANALYSIS	{יודאי} n  || K: Jew | Jude
801	לאבאשא	108		NO ANALYSIS	
802	למאריה	108		NO ANALYSIS	
803	לנטלא	108	לכלי שאיבה	נטילא/-/l/alias/the sense cited from targum	{נטילא} n כלי שאיבה[k:def:targum] || 
804	לפומ	108	על פי	לפומ/-/-/exact/the sense cited from midrash	{לפומ} other על פי[k:def:midrash] ; לפי[h:wikt] || J(לְפוּם): according to
805	צלותיה	108	תפלה שלו	צלותא/n.sg+3ms/-/generated-noun/the sense cited from bavli	{צלותא} n תפלה[k:def:bavli] || 
806	שבתא	108	שבת	שבתא/-/-/reviewed/reviewed form: Jastrow שַׁבְּתָא = h. שַׁבָּת	{שבתא} n שבתון[k:def:targum] ; שבת[j:same:targum+bavli+yerushalmi+midrash] ; שבתון[j:targum-h:targum] || J(שַׁבְּתָא ch): Sabbath; sing.; week || J(שְׁבָתָא): rest, solemn observance
807	בימא	107		HOMOGRAPH בימא "דוכן, עמוד" ~ b+ימא "בים"	{בימא} n דוכן, עמוד[k:def:mishnah+bavli+midrash] || 
808	ונחתינ	107		NO ANALYSIS	
809	כורסייא	107	כסא	כורסיא/-/-/alias/the sense cited from bavli	{כורסיא} n כסא[k:def:bavli] || J(כּוּרְסַיָּא): divan, upholstered chair, throne.; fem; privies
810	לההיא	107		NO ANALYSIS	
811	עקרא	107		NO_HEBREW_SENSE עקר	{עקרא} ?  ||   ##  {עקר} v עשה לָעקר[k:def:af:midrash] ; נעשה עקר[k:def:itpa:midrash] ; עקר[j:same:pe:targum+bavli] || K: to uproot | entwurzeln || J(עָקַר bh): to be curved, bent; root; to uproot, tear loose, detach, remove; to eradicate, undo, aboli || J(עֲקַר I ch): to uproot; to uproot, destroy; to mutilate, hamstring; Pe. || J(עָקָר bh): rootless; sterile, impotent, barren; ḳaʿãrath
812	בעאנ	106		NO ANALYSIS	
813	דאזיל	106	של פחות ובטל	אזיל/-/d/exact/single sense	{אזיל} adj פחות ובטל[k:def:yerushalmi] || 
814	דשבת	106		NO ANALYSIS	
815	ומגו	106		AMBIGUOUS_SENSE גו: קרב | מתוך	{גו} n יש דברים בענין הזה[k:def] ; גו[j:same:targum+bavli+midrash+yerushalmi] ; קרב[j:eq:targum+bavli+midrash+yerushalmi] ; מתוך[j:eq:targum+bavli+midrash+yerushalmi] ; תוך[j:targum-h:targum] || K: belly, innermost | Inneres, Mitte || J(גֵּו bh): belly, body;; within, among || J(גֵּו ² ch): belly; innermost; among, amid; in, into; because, in consequence of
816	חדי	106	שמח	חדי/-/-/exact/reviewed choice	{חדי} v שמח[k:def:pe:bavli] ; אַחְדֵי שימח[k:def:pa:targum+yerushalmi] || J(חֲדֵי bh): to be bright, glad; to rejoice; to gladden; to observe a festival
817	חשוכא	106		AMBIGUOUS_SENSE חשוכא: דל ורזה | עני	{חשוכא} ? דל ורזה[k:def:targum] ; עני[k:def:targum] || 
818	קדמאינ	106		NO_HEBREW_SENSE קדמי	{קדמי} n  || J(קַדְמַי): first, former, previous; Fem.; in ancient times
819	אתגליא	105	הָגלה	גלי/itpe.perf.3fs/-/generated/the sense cited from targum	{גלי} v חשף[k:def:pe:tanakh] ; יצא ממקומו, הלך בשבי[k:def:pe:bavli] ; גילה סוד, הודיע בפומבי[k:def:bavli+midrash] ; נתגלה[k:def:itpe:bavli] ; הָגלה[k:def:itpe:targum] ; גלי[j:same:pe:targum+bavli+midrash+tanakh] ; ביד רמה[j:targum-h:targum] || K: to banish | ins Exil führen || K: an odoriferous) plant | eine Pflanze (Weidenart) || J(גלי bh): to be uncovered; Part. pass; open, revealed || J(גְּלֵי ch): to reveal, uncover; to go into exile, go away, disappear; exiles || J(גְּלַי): flash; as a flash, suddenly, rapidly || J(*גַּלִּי): galium,
820	דזכי	105	שנקה	זכי/-/d/exact/the sense cited from targum	{זכי} v זכי[j:same:pe:targum+midrash+yerushalmi+bavli] ; נקה[j:targum-h:targum] || J(זכי bh): to be pure, clear; to be acquitted, be right; to be found worthy of, to be privileged, to  || J(זְכֵי ch): to be clear, pure; to go unpunished; to deserve welt, do good, to obtain a claim on divine || J(זַכַּי): innocent, righteous
821	דעשו	105		NO ANALYSIS	
822	דקיימינ	105	שעמד, היה קיים	קומ/pe.ptcp.mp/d/irregular/the sense cited from bavli	{קומ} v עמד, היה קיים[k:def:pe:bavli] ; מי חלב[k:def:mishnah] ; קום[j:same:pe:targum+bavli+midrash+yerushalmi+tanakh] ; העמיד[r:reviewed:af] || J(קוּם bh): to stand up, rise; to stand, exist; a transgression of a prohibitive law which you must re || J(קוּם ² ch): ḥălitsah; to ascertain; to bargain for || J(קוֹם): curdled milk, curd; whey; ḳom?
823	דרועא	105		AMBIGUOUS_SENSE דרע: זרע | זרע, מזרע | צאצאים	{דרע} v זרע[k:def:pe:targum] ; זרע, מזרע[k:def:targum] ; צאצאים[k:def:targum] || J(דְּרַע I): to sow || J(דְּרַע II): seed, produce; offspring || J(דְּרַע III): arm; shoulder
824	דשאר	105		NO ANALYSIS	
825	ובעי	105	ובקש	בעי/-/w/exact/the sense cited from targum	{בעי} v שאל[k:def:pe:bavli] ; התפלל, בקש רחמים[k:def:bavli] ; היה צריך[k:def:pe:bavli] ; נתבקש[k:def:targum] ; נבהל ללכת[k:def:tanakh] ; נשאל[k:def:itpe] ; צריך להיות[k:def:itpe:bavli] ; פיהק[k:def:pe] ; בעי[j:same:pe:targum+bavli+yerushalmi] ; בקש[j:targum-h:targum] || K: not only … but | nicht nur … sondern auch || J(בעי bh): to enter into, split;; to be empty, bare; to lay bare, destroy the crop || J(בְּעֵי I ch): to search, inquire, ask, examine; uba hash-shemesh; to ask, pray || J(בְּעֵי II): to open wide; to yawn
826	ינוקא	105	ילד	ינוקא/-/-/exact/the sense cited from bavli	{ינוקא} n ילד[k:def:bavli] || K: a man’s name | männlicher Name || J(יָנוּקָא I): suckling, infant; child; school-boy; pathia; Fem. || J(יַנּוֹקָא): breasts
827	מלכינ	105	מלך, משל	מלכ/n.pl/-/source-form/the sense cited from targum	{מלכ} v יעץ[k:def:pe] ; מלך, משל[k:def:pe:targum] ; המשיל[k:def:af:targum] ; נתיעץ[k:def:itpe:bavli] ; מלך[j:same:pe:targum+bavli] ; מלך[j:same:targum+bavli+yerushalmi] || K: to take counsel | sich beraten || J(*מַלָּךְ): what is it to thee?; of no practical value || J(מָלַךְ bh): to lead in council; to preside; to officiate; to be ruler || J(מְלַךְ ch): to rule; to decide; to advise || J(מֶלֶךְ bh): leader in council, chief, king; Princess; a certain disorder of the 
828	סתימאה	105		NO ANALYSIS	
829	פולחנא	105	עבודת אלהים	פולחנא/-/-/exact/the sense cited from targum	{פולחנא} n עבודה[k:def:tanakh] ; עבודת אלהים[k:def:targum] || 
830	בגלגולא	104	בסבוב, גמר לישה · במדרון תלול	גלגול/n.sg/b/generated-noun/two senses	{גלגול} n סבוב, גמר לישה[k:def] ; מדרון תלול[k:def] || K: an oath by implication (the rule permitting the court to insert in an oath an affirmation to which the person concerned could not have been compelled directly) | das Zuschieben eines Eides (den der Beklagte sonst nicht hätte zu leisten brauchen, den er aber leisten muss, wenn er ohnehin wegen ein
831	דביתא	104		HOMOGRAPH דביתא "אשה ביחס לבעלה" ~ d+ביתא "של בית"	{דביתא} n אשה ביחס לבעלה[k:def] || J(דְּבֵיתָא): of the house; wife; the wife of
832	דייתי	104	שיבוא	אתא/af.impf.3ms/d/irregular/reviewed choice	{אתא} v סימן[k:def:targum] ; בא[k:def:pe:bavli] ; הביא[r:reviewed:af] || J(אָתָא I): letter, sign || J(אֲתָא ch): to join; to come, to arrive; to occur to; surely, indeed || J(*אָתָא III): Great Bear, Ursa Major
833	דמצרימ	104		NO ANALYSIS	
834	יהבינ	104	יהב	יהב/pe.ptcp.mp/-/irregular/the sense cited from targum	{יהב} v יהב[j:targum-h:targum] || J(יְהַב): to give; to deal; to put, place
835	שרטוטינ	104		NO ANALYSIS	
836	אתחזונ	103		AMBIGUOUS_SENSE חזי: נראה | היה ראוי	{חזי} v ראה[k:def:pe:bavli] ; הראה[k:def:af:bavli] ; נראה[k:def:itpe:bavli] ; היה ראוי[k:def:itpe:bavli] ; הָראה[k:def:itpe] ; ראוי[k:def:bavli] ; חזי[j:same:pe:targum+bavli] || J(חזי bh): to divide; to discern, see; to distribute kindled chips between logs of wood || J(חֲזִי ch): to see, recognize, to decide; Part. pass; pointed out, fit for, prepared;
837	דאתער	103	שניער וגירח · שעורר	תער/pa.impf.1s/d/generated/two senses	{תער} v ניער וגירח[k:def:pa] ; עורר[k:def:pa:yerushalmi] ; תער[j:same:pe] || J(תָּעַר): to be awake; to awaken, stir up || J(תְּעַר ch): to waken || J(תַּעַר bh): razor; sheath
838	דמא	103	דם	דמא/-/-/exact/the sense cited from bavli	{דמא} n דם[k:def:bavli] || K: a man’s name | männlicher Name || J(דְּמָא): to resemble
839	דעד	103		NO ANALYSIS	{דעד} ?  || 
840	דעתיקא	103	של האתנים	עתיק/-/d/alias/the sense cited from targum	{עתיק} n עתיק[j:same:targum+bavli+tanakh+midrash+yerushalmi] ; האתנים[j:targum-h:targum] || J(עַתִּיק): old, ancient; Hif.; remote || J(עַתִּיק ² ch): enduring, strong, old
841	דרקיעא	103		NO ANALYSIS	
842	ומניה	103	וממנו	pron:מניה/fixed/w/pronominal/pronominal preposition table	
843	ונפק	103	וכיוצא בו	נפק/-/w/exact/the sense cited from targum	{נפק} v יצא[k:def:pe:midrash] ; יצא ידי חובתו[k:def:bavli] ; הוציא[k:def:bavli] ; נפק[j:same:pe:midrash+yerushalmi+targum+bavli+tanakh] ; כיוצא בו[j:eq:midrash+yerushalmi+targum+bavli+tanakh] ; הוציא[r:reviewed:af] || J(*נָפַק): to go out || J(נְפַק ch): to go out, come out; to result, end; similar to, corresponding; to take out, exclude || J(נָפֵק): going out; a male prostitute; fem; a female prostitute
844	כגונא	103		NO ANALYSIS	
845	פומא	103	פה	פומא/-/-/exact/the sense cited from bavli	{פומא} n פה[k:def:bavli+other] || 
846	רשימו	103		NO ANALYSIS	
847	תליסר	103		NO ANALYSIS	{תליסר} ?  || J(תְּלֵיסַר): thirteen
848	גדפינ	102		AMBIGUOUS_SENSE גדפא: כנף | קצה, שפה לפי הכלי	{גדפא} n כנף[k:def:targum] ; קצה, שפה לפי הכלי[k:def:targum] || K: feather, plumage, trnsf: bird | Feder, übetr: Vogel || J(גַּדְפָא): hollowed out; rim, border; wing
849	דבי	102	של בית	דבי/-/-/reviewed/reviewed form: ד + בֵּי "house of" (Jastrow בֵּי ch. = בֵּית)	{דבי} v  || J(*דְּבִי): to look out, lie in wait; Pa.; to lurk for, hunt
850	דשריא	102	שהתיר	שרי/-/d/alias/the sense cited from targum	{שרי} v שרי[j:same:pe:targum+bavli+midrash+yerushalmi] ; התיר[j:eq:targum+bavli+midrash+yerushalmi] || J(שרי bh): to dissolve, soak, steep; to be soaked, dissolved; halmé || J(שרי ² bh): to loosen, untie;; to take lodging; to rest, dwell; Hif. || J(שְׁרֵי ch): to untie, unharness; to disengage, dismiss; Pa.; to settle
851	יומוי	102		NO ANALYSIS	
852	מנלנ	102	מהיכן לנו זאת	מנלנ/-/-/exact/the sense cited from bavli	{מנלנ} ? מהיכן לנו זאת[k:def:bavli] || 
853	עאלו	102	באו	עלל/pe.perf.3mp/-/irregular/the sense cited from targum	{עלל} v טיפל, עסק[k:def:pe:midrash] ; נכנס[k:def:pe] ; בא[k:def:pe:targum] ; הביא[k:def:af:targum] ; הובא והושם[k:def:itpe:targum] ; עלל[j:same:pe:targum+yerushalmi+bavli+midrash+tanakh] ; בול[j:targum-h:targum] ; הכניס[r:reviewed:af] || J(עָלַל bh): Pol. to bring about; to go about; to superintend, be busy || J(עֲלַל I ch): to enter a town, a house; to come in; to set || J(עֲלַל II): that which is brought in; harvest, provision; income; ʿălalta
854	אמינא	101	אני אומר	אמר/pe.ptcp.1s/-/irregular/the sense cited from targum	{אמר} v הלעיט[k:def:af:bavli] ; אמר[j:same:pe:targum+bavli+yerushalmi] ; טלה, כבש[h:wikt] || J(אָמַר I bh): to join, knot; to be knotted, thick;; to heap up;; to join words, compose || J(אֲמַר ch): they say, it is said; Inf; does this mean to say? || J(אָמַר II bh): to be thick, strong; to thrive; to boast, vaunt, be oppressive; to fatten || J(אִמַּר): lamb
855	בירא	101		AMBIGUOUS_SENSE בירא: בור | באר	{בירא} n בור[k:def:bavli] ; באר[k:def:bavli] || 
856	בשמאלא	101	בשמאל	שמאלא/-/b/exact/the sense cited from targum	{שמאלא} ? שמאל[j:eq:targum+yerushalmi] || 
857	זווגא	101	חיבור והזדווגות	זווג/n.sg/-/generated-noun/the sense cited from bavli	{זווג} n חיבור והזדווגות[k:def:bavli] || 
858	מיומא	101	מיום	יומא/-/m/exact/reviewed choice	{יומא} n יום[k:def:bavli] ; שמש[k:def:bavli] || K: name of a treatise of the Talmud on the order of exercises of the Day of Atonement | Name eines Talmudtraktates über den Versöhnungstag
859	קליפינ	101	הסרת הקרום	קליפה/n.pl/-/source-form/the sense cited from bavli	{קליפה} n הסרת הקרום[k:def:bavli] ; קרום[k:def:mishnah] || J(קְלִיפָה): peeling, scaling; scale, husk, skin; class of demons
860	באתגליא	100	בהָגלה	גלי/itpe.inf/b/generated/the sense cited from targum	{גלי} v חשף[k:def:pe:tanakh] ; יצא ממקומו, הלך בשבי[k:def:pe:bavli] ; גילה סוד, הודיע בפומבי[k:def:bavli+midrash] ; נתגלה[k:def:itpe:bavli] ; הָגלה[k:def:itpe:targum] ; גלי[j:same:pe:targum+bavli+midrash+tanakh] ; ביד רמה[j:targum-h:targum] || K: to banish | ins Exil führen || K: an odoriferous) plant | eine Pflanze (Weidenart) || J(גלי bh): to be uncovered; Part. pass; open, revealed || J(גְּלֵי ch): to reveal, uncover; to go into exile, go away, disappear; exiles || J(גְּלַי): flash; as a flash, suddenly, rapidly || J(*גַּלִּי): galium,
861	בחבורא	100		AMBIGUOUS_SENSE חבורא: קוסם | קבוץ, חברה	{חבורא} n קוסם[k:def:targum] ; קבוץ, חברה[k:def:targum+bavli+yerushalmi] || J(חֲבוּרָא ch): company, party || J(חַבּוּרָא II): charmer
862	גניז	100	טמון, שמור	גניז/-/-/exact/reviewed choice	{גניז} n טמון, שמור[k:def] ; אוצר[k:def] || 
863	דחד	100		HOMOGRAPH דחד "שימח" ~ d+חד "שאחד"	{דחד} v שימח[k:def] || J(*דְּחַד): to set apart of each kind
864	דכהנא	100	של כהן	כהנ/-/d/alias/the sense cited from targum	{כהנ} n כהן[j:eq:targum+bavli] || J(כֹּהֵן bh): standing, stationed; officer; priest || J(כָּהַן bh): Nithpa.; to be appointed priest, to act as priest || J(כָּהֵן ch): Fem || J(כָּהֵן ²): Kahen, Kahăna
865	דעינא	100	של עין	עינא/-/d/exact/the sense cited from targum	{עינא} n עין[k:def:targum] || 
866	ובהונ	100	ובהם	pron:בהונ/fixed/w/pronominal/pronominal preposition table	
867	חייבא	100		AMBIGUOUS_SENSE חייב: מי שמוטלת עליו חובה | מי שיצא דינו לחובה	{חייב} adj מי שמוטלת עליו חובה[k:def] ; מי שיצא דינו לחובה[k:def:mishnah] ; חייב[j:same:targum] || K: debtor | Schuldner || J(חַיָּיב): debtor; he is; bound || J(חַיַּיב): sinner, wicked man
868	ליחדא	100	לייחד	ליחדא/-/-/reviewed/reviewed form: ל + יַחֵד Pa. "to unite" (Jastrow), infinitive	
869	אבנא	99		NO_HEBREW_SENSE אבנ	{אבנ} n אבן[j:same:targum+midrash+bavli+yerushalmi] || J(אֶבֶן bh): stone; jewel; Stone Chamber || J(אֶבֶן ² ch): weight-stones; black marble stone || J(אֹבֶן): the potter’s turning implement; the passage of the embryo, vagina
870	אוקמוהו	99		NO ANALYSIS	
871	אזדמנ	99	נקרה	זמנ/itpa.perf.3ms/-/source-form/the sense cited from bavli	{זמנ} v הכין[k:def:mishnah] ; קרא לסעודה וכדומה[k:def:bavli] ; בירך ברכת הזימון[k:def:mishnah] ; נקרה[k:def:itpa:bavli] ; הוזמן[k:def:itpa:midrash] ; זמן[j:same:pe:targum+bavli+midrash] ; זמן[j:same:targum+bavli] ; אהל מועד[j:eq:targum+bavli] ; הפעם[j:targum-h:targum] || J(זָמַן bh): to arrange, designate; to invite; to a meal || J(זְמַן I ch): Part. pass; ready, prepared; to invite; to appoint; to summon; to prepare || J(זְמָן bh): appointed time, term, time; in the case of, when, if; in its prescribed || J(זְמַן II ch): at times; at other times; appointed banquets
872	ארחוי	99		NO ANALYSIS	
873	בספרא	99	בספר	ספרא/-/b/exact/the sense cited from targum	{ספרא} n ספר[k:def:bavli] ; סופר[k:def:bavli] ; מלמד[k:def:yerushalmi] ; ספר[j:eq:targum+bavli+yerushalmi] || K: a halakhic Midrash on Leviticus | ein halachischer Midrasch zum 3. Buch Mosis || K: name of an Amora | Name eines Amoräers || J(סִפְרָא ch): Biblical book; Pentateuch; Sifra; of the school
874	בתרי	99		NO ANALYSIS	
875	דוכתא	99	מקום	דוכתא/-/-/exact/the sense cited from bavli	{דוכתא} n מקום[k:def:bavli] || J(דּוּכְתָּא): place
876	דיצר	99		NO ANALYSIS	
877	לנחתא	99	לשכבה	נחתא/-/l/exact/the sense cited from targum	{נחתא} n שכבה[k:def:targum] || J(נַחֲתָא): layer
878	משמאלא	99	משמאל	שמאלא/-/m/exact/the sense cited from targum	{שמאלא} ? שמאל[j:eq:targum+yerushalmi] || 
879	אתרעי	98		AMBIGUOUS_SENSE רעי: נרצה | רצה ב־ | בחר	{רעי} v רעה את הצאן[k:def:pe:targum] ; רצה[k:def:pe:targum] ; נרצה[k:def:itpe:targum] ; רצה ב־[k:def:itpe:targum] ; בחר[k:def:itpe:targum] ; רעי[j:same:pe:targum+bavli] ; רצה[j:eq:targum+midrash+yerushalmi+bavli] ; רעי[j:same:targum] || J(רעי bh): to join, arrange; to lead, pasture, feed; to graze || J(רְעֵי ch): to feed; to graze || J(רְעֵי ²): to join in; to desire, take delight in; to welcome; Af. || J(רְעִי): a grazing animal; soiled matter || J(רְעִי ²): secretion, excrements; privy || J(רְעִי III): pasture
880	בהיכלא	98	בהיכל	היכלא/-/b/exact/the sense cited from targum	{היכלא} ? היכל[j:same:targum+bavli+yerushalmi+midrash+tanakh] || 
881	דנחית	98	שהצג	נחת/-/d/alias/the sense cited from targum	{נחת} v ירד[k:def:pe:bavli] ; הוריד[k:def:af:yerushalmi+midrash] ; הרגיע[k:def:af:bavli] ; הורד[k:def:itpe:yerushalmi] ; נחת[j:same:pe:targum+bavli] ; הצג[j:targum-h:targum] || J(נַחַת bh): rest, tray, stand; ease; gentleness; comfort; gratification, pleasure || J(נָחַת bh): to be put down, to go down; to be humbled, bow || J(נְחַת ch): to go down; to put down; to lower, remove
882	דנפקי	98		AMBIGUOUS_SENSE נפקא: צואה | מוצא	{נפקא} n צואה[k:def:bavli] ; מוצא[k:def:bavli] ; צאה[j:eq:bavli] ; מוצא[j:eq:bavli] || J(נִפִקָא): excrements; outlet, opening; projection
883	יהונ	98	יהיו	הוה/pe.impf.3mp/-/irregular/reviewed choice	{הוה} v היה[r:reviewed:pe] || J(הַוָּה bh): change; misfortune || J(*הֵוָה): Ḥevah || J(הֲוָהּ): ah!
884	מטי	98	הגיע ובא	מטי/-/-/exact/reviewed choice	{מטי} v הגיע ובא[k:def:pe] ; נתבכר[k:def:pe:bavli] ; הביא[k:def:af] ; הלך[k:def:itpe:targum] ; מצא[j:eq:targum+bavli+midrash+yerushalmi] ; הוליך והביא[j:eq:targum+bavli+midrash+yerushalmi] ; באכה[j:targum-h:targum] || J(מְטֵי): to stretch, reach; to arrive at; to obtain; to happen to; to be ripe, ready
885	מתפרשנ	98		NO ANALYSIS	
886	סליקת	98		NO ANALYSIS	
887	תרעא	98	שער	תרעא/-/-/exact/reviewed choice	{תרעא} n שער[k:def:targum+midrash] ; מקח, מחיר[k:def] || J(תָּרָעָא): gate-keeper, guard; locksmith.
888	אזל	97	הלך	אזל/-/-/exact/reviewed choice	{אזל} v הלך[k:def:pe:bavli] ; טוה[k:def:pe:bavli] || J(אֲזַל I bh): to be gone, to leave; to go; Imper; to depart life, die || J(אֲזַל II): to spin, weave
889	אשגח	97		NO ANALYSIS	
890	אתהדר	97		NO_HEBREW_SENSE הדר	{הדר} v קישט וכיבד[k:def:pe] ; הקפיד ודקדק[k:def:pe] ; חזר[k:def:pe:bavli] ; שב מדעתו[k:def:pe:bavli] ; חזר אחרי־, בקש[k:def:pa:bavli] ; החזיר[k:def:bavli] ; שנה[k:def:bavli] ; השיב[k:def:bavli] ; סבב[k:def] ; הדר[j:same:pe:targum+bavli+tanakh] || J(הָדַר bh): to enclose, go around.; Part. pass; rounded || J(הֲדַר ch): to go around, come back, return; Pi.; to honor, distinguish. || J(הָדָר bh): adornment, crown, beauty, glory; haddar; Hadar
891	בוצינינ	97		NO ANALYSIS	
892	דאימא	97		AMBIGUOUS אימא/ "של אם" ~ אמר/pe.impf.1s "שאומר"	{אימא} n אם[j:eq:targum+bavli] || K: mother | Mutter || J(אימָּא I): distaff || J(אִימָּא II ch): mother; my mother; grandmother
893	דנפקו	97		NO ANALYSIS	
894	ותתאי	97		NO ANALYSIS	
895	טמיר	97	נסתר	טמיר/-/-/exact/the sense cited from targum	{טמיר} adj נסתר[k:def:targum] ; אלמני[j:targum-h:targum] || J(טָמִיר): hidden, secret;; secrecy; to live hidden
896	יממא	97	יום, שעות היום	יממא/-/-/exact/reviewed choice	{יממא} n יום, שעות היום[k:def:bavli] ; אור היום[k:def:bavli] || J(יְמָמָא): day-time, day-light
897	אשלימ	96		NO_HEBREW_SENSE שלמ	{שלמ} v כלה ונגמר[k:def:itpa] ; נפרע הכסף[k:def:itpa] ; שלם[j:same:pe:targum+bavli] ; מלא[j:targum-h:targum] ; שלום[j:eq:targum+bavli+yerushalmi] || K: to end | zu Ende sein || J(שָׁלֵם bh): to be whole, complete; to end, cease; to complete, finish; to finish the fast-day || J(שִׁלֵם ch): to be perfect, complete, finished, spent; to be peaceful, sincere, friendly; to complete,  || J(שָׁלֵם II bh): preced; whole, complete; Fem. || J(שְׁלָם): perf
898	בהני	96		AMBIGUOUS_SENSE הנ: זה, ההוא	{הנ} other זה, ההוא[k:def] || K: here | hier || J(הֵן): they || J(הֵן ² ch): here is, behold; behold, they are; how?, indeed! || J(הָן): he who; this one, that one; what?
899	דברא	96		AMBIGUOUS_SENSE דברא: מסלות | גולן	{דברא} n שדה[k:def] ; תנועה, התנהגות[k:def] ; מסלות[j:targum-h:targum] ; גולן[j:targum-h:targum] || K: name of a place | Ortsname || J(דַּבָּרָא I): drive, way of moving || J(דַּבָּרָא II): bees || J(דַּבְרָא): pasture, field; Dabra
900	דכיונ	96		NO ANALYSIS	
901	וההיא	96		NO ANALYSIS	
902	ומנהונ	96	ומהם	pron:מנהונ/fixed/w/pronominal/pronominal preposition table	
903	ומשריינ	96	ומשריון	שריינ/-/wm/exact/the sense cited from targum	{שריינ} n שריון[j:eq:targum] || 
904	למיהכ	96		NO ANALYSIS	
905	פשיטו	96		NO ANALYSIS	
906	אבוי	95		NO ANALYSIS	{אבוי} n  || J(אֲבוֹי bh): woe! ah!; woe
907	באתוונ	95		NO_HEBREW_SENSE אתוא	{אתוא} ?  || J(אַתְוָא): sign
908	דאבהנ	95	של אב	אבא/n.pl/d/source-form/the sense cited from targum	{אבא} n אב, אבי[k:def:bavli] ; יער[k:def:bavli] ; אב[j:eq:targum+mishnah+bavli+yerushalmi+tanakh] || K: name of Amoraim | Name von Amoräern || J(אַבָּא I ch): my father; my grandfather; grandfather || J(אַבָּא II): Abba; Ba, Va; Abba Mari || J(אַבָּא III): Abba || J(אִבָּא): thicket, woods, grove; fruit
909	דאוריתא	95	שהוריש, הנחיל	ירת/af.perf.3fs/d/generated/the sense cited from targum	{ירת} v ירש[k:def:pe:mishnah] ; הוריש, הנחיל[k:def:af:targum] ; ירש[j:same:pe:targum+mishnah+bavli+midrash+yerushalmi] || J(יְרֵת ch): to bequeathe, leave, give possession
910	דנהרא	95	של נהר, נחל	נהרא/-/d/exact/reviewed choice	{נהרא} n נהר, נחל[k:def:bavli] ; אור[k:def:targum] || J(נַהֲרָא III): brightness
911	ושכינתיה	95	ושכינתו	ושכינתיה/-/-/reviewed/reviewed form: ו + שְׁכִינְתָּא + ־יה	
912	כלהונ	95		HOMOGRAPH pron:כלהונ "כולם" ~ k+להונ "כלהם"	
913	למללא	95		NO ANALYSIS	
914	עיטא	95	עצה	עיטא/-/-/exact/the sense cited from targum	{עיטא} n עצה[k:def] ; עצה[j:eq:targum] ; העץ[j:targum-h:targum] || J(עֵיטָא): counsel, advice, order; masc
915	תתאי	95		NO ANALYSIS	{תתאי} ?  || 
916	איבא	94	פרי	איבא/-/-/exact/the sense cited from targum	{איבא} n פרי[k:def:targum] || J(אִיבָּא I): growth, fruit || J(אִיבָּא II): father
917	אמירנ	94		NO ANALYSIS	
918	בחושבנא	94	בחשבון	חושבנא/-/b/exact/the sense cited from targum	{חושבנא} n חשבון[k:def:midrash] ; חשבון[j:eq:targum+bavli+yerushalmi+midrash] || J(חוּשְׁבָּנָא): calculation, number, measurement
919	בנוקבא	94	בנקבה	נוקבא/-/b/exact/the sense cited from targum	{נוקבא} n נקבה[j:eq:targum+yerushalmi+midrash+mishnah] || K: hole | Loch || J(נוּקְבָּא): hole || J(נוּקְבָא II ch): female
920	גווני	94	צבע	גוונ/n.pl/-/source-form/reviewed choice	{גוונ} n צבע, מראה פנים[k:def:bavli+targum] ; כעין, כמו, למשל[k:def:bavli] ; צבע[k:def:pa:bavli] ; גוון[j:same:targum+bavli] ; ענין[j:targum-h:targum] || K: like this, in a case like this | so, auf diese Weise || J(גַּוָּון): surface, color; resemblance; like, similar to; for example; for instance if, when. || J(גַּוָּון ² ch): way, manner; like this, in this way, in a case like this
921	דבוצינא	94	של נר	בוצינא/-/d/exact/reviewed choice	{בוצינא} n נר[k:def] ; ציר הסובב[k:def] || K: pumpkin | Kürbis
922	דמתמנ	94		NO ANALYSIS	
923	זוגיה	94	זכוכית	זוגיתא/n.sg/-/generated-noun/the sense cited from bavli	{זוגיתא} n זכוכית[k:def:bavli] || 
924	לאתקשרא	94		NO ANALYSIS	
925	לאתתקנא	94	להיתכן	תקנ/itpa.inf/l/generated/the sense cited from targum; reflexive by the Hebrew nif'al	{תקנ} v תקן[j:same:pe:targum+bavli+midrash] ; תכן[j:targum-h:targum] || J(תָּקַן bh): to make straight, firm, right; to straighten, mend, repair, set in order, prepare; to make || J(תְּקֵן ch): to be firm, stand; Ithpa.; Ithpa.
926	לשבחא	94		AMBIGUOUS_SENSE שבחא: תהלה והודאה | הטבה, עלית הערך	{שבחא} n תהלה והודאה[k:def:bavli] ; הטבה, עלית הערך[k:def:mishnah+bavli] || 
927	נביעו	94		NO ANALYSIS	
928	אתמסר	93		NO_HEBREW_SENSE מסר	{מסר} n משור[k:def] || J(מָסַר bh): to seize; to hand over; to deliver, transmit.; to surrender a person to the authorities, t || J(מְסַר): to be surrendered, transmitted; to surrender one’s self || J(מְסַר II): to saw || J(מַסָּר bh): a tool with rough edges; teeth, file, saw
929	אתערותא	93	התעוררות	אתערותא/-/-/exact/the sense cited from targum	{אתערותא} n התעוררות[k:def:targum] ; התעוררות[h:wikt] || J(אַתְעָרוּתָא): inciting, exciting the funeral escort to weeping
930	ביש	93		AMBIGUOUS_SENSE ביש: רע | חולה	{ביש} adj רע[k:def:midrash] ; חולה[k:def:midrash] ; רַע[h:wikt] || J(בִּישׁ I): bad, wrong; ill, sick; the sick
931	גליפינ	93		NO ANALYSIS	
932	דאמרנ	93	שאמרנו	אמר/pe.perf.1pl/d/irregular/the sense cited from targum	{אמר} v הלעיט[k:def:af:bavli] ; אמר[j:same:pe:targum+bavli+yerushalmi] ; טלה, כבש[h:wikt] || J(אָמַר I bh): to join, knot; to be knotted, thick;; to heap up;; to join words, compose || J(אֲמַר ch): they say, it is said; Inf; does this mean to say? || J(אָמַר II bh): to be thick, strong; to thrive; to boast, vaunt, be oppressive; to fatten || J(אִמַּר): lamb
933	דכלילנ	93	של נזר	כליל/n.pl/d/source-form/the sense cited from targum	{כליל} n זֵר, נזר[k:def:yerushalmi+bavli] ; התקסרות[k:def:bavli] ; נזר[j:targum-h:targum] || J(כָּלִיל): entire; Kalil, a sacrifice burnt entirely; Kalil || J(כְּלִיל): circle, wreath, crown; sing; sing
934	דמשכנא	93	של משכן	משכנא/-/d/exact/the sense cited from targum	{משכנא} ? משכן[j:same:targum] || J(מַשְׁכְּנָא ch): dwelling, tent; the Tabernacle
935	לאמשכא	93		NO ANALYSIS	
936	לנטרא	93		NO_HEBREW_SENSE נטר	{נטר} v נטר[j:same:pe:targum+bavli+midrash] || J(נָטַר bh): to guard, observe; to reserve anger, bear grudge || J(נְטַר ch): to guard, wait; to observe; to reserve; to be guarded; to be reserved; to keep watch
937	שאיל	93	דרש, בקש	שאל/-/-/alias/the sense cited from targum	{שאל} v ניתן בתורת שאילה[k:def:itpe:bavli] ; חקר ודרש[k:def:af:bavli] ; דרש, בקש[k:def:pe:targum] ; חקר דבר מפי אחרים[k:def:pe:yerushalmi] ; שאל[j:same:pe:targum+bavli+yerushalmi+midrash] || K: to borrow | entleihen || J(שָׁאַל bh): to ask, beg; to inquire, question; Nif.; to salute || J(שְׁאַל ch): to ask, inquire, beg.; to borrow; to ask, borrow
938	אדכר	92	נזכר	דכר/itpe.perf.3ms/-/source-form/the sense cited from targum	{דכר} v זכר, פקד[k:def:pe:bavli] ; הזכיר[k:def:af:yerushalmi] ; העלה בזכרונו[k:def:itpe] ; נזכר[k:def:itpe:targum] ; זכר[k:def:midrash] ; איל[k:def] ; בעל תאוה[k:def:midrash] ; תרנגול[k:def] ; יחור זכר[k:def] ; זכר[j:eq:targum+bavli] ; זכר[j:eq:targum+midrash+bavli+mishnah] || J(דְּכַר I): to mark; to remember; remembering, reminded || J(דְּכַר II): marked; male, man; the male of the flock, ram
939	אכיל	92		NO_HEBREW_SENSE כול	{כול} v מדד[k:def:pe:bavli] ; כול[j:same:pe:targum+bavli] ; כל[j:eq:targum+yerushalmi+bavli+midrash+tanakh] ; כל שכן[j:eq:targum+yerushalmi+bavli+midrash+tanakh] || J(כּוּל bh): to enclose; to measure. || J(כּוּל ² ch): kor; kab; kab || J(כּוֹל ch): all, every one; any; all of thee, of him; entire
940	אתגזר	92	נגזר	גזר/itpe.perf.3ms/-/source-form/the sense cited from targum; reflexive by the Hebrew nif'al	{גזר} n חתך, גזר[k:def:bavli] ; גְּזַר דִּין משפט חרוץ[k:def:bavli] ; גזר[j:same:pe:targum+bavli+midrash+yerushalmi] || J(גָּזַר bh): to cut;; to cut off, to guard;; to institute a precautionary measure || J(גְּזַר ch): to cut, split; to make a covenant; to circumcise, have one’s self circumcised || J(גָּזָר): decree; sentence, legal decision, divine dispensation || J(גֶּזֶר): piece; log, club
941	ברתא	92	ברוש	ברתא/-/-/exact/the sense cited from targum	{ברתא} n מין עץ, ברש[k:def:bavli+yerushalmi] ; ברוש[j:eq:tanakh+yerushalmi+midrash+bavli+targum] || J(בְּרָתָא): the chosen; strong; cypress
942	דחמי	92	שרואה	דחמי/-/-/reviewed/reviewed form: ד + Jastrow חֲמָא "to see", participle	
943	דרזינ	92		NO_HEBREW_SENSE רז	{רז} n רז[j:same:targum+bavli] || J(רָז): strength, foundation; secret || J(רָז ² ch): council
944	מרזא	92		NO_HEBREW_SENSE רז	{רז} n רז[j:same:targum+bavli] || J(רָז): strength, foundation; secret || J(רָז ² ch): council
945	אסיר	91		NO ANALYSIS	{אסיר} n  || J(אָסִיר bh): prisoner. || J(אָסִיר ²): imprisoned, prisoner; tied, connected; forbidden
946	בגווייהו	91		NO ANALYSIS	
947	בטש	91	בעט	בטש/-/-/exact/the sense cited from bavli	{בטש} v בעט[k:def:pe:bavli] ; נרמס[k:def:itpe:targum] || J(בְּטַשׁ): to tread; to kick, knock down; crush; to stamp
948	דיקנא	91	זקן	דיקנא/-/-/exact/single sense	{דיקנא} n זקן[k:def] || 
949	דתפלינ	91		NO ANALYSIS	
950	חבריא	91	אחבירה	חבר/n.pl/-/source-form/the sense cited from targum	{חבר} n מכשף[k:def:bavli] ; כהן פרסי עובד האש[k:def:bavli] ; אחבירה[j:targum-h:targum] ; חבר[j:same:midrash+bavli] || J(חָבַר bh): to join, befriend, assist; having a share in the ownership of a sacrifice; to join against || J(חֲבַר ch): Pa.; to fasten, join; to combine against || J(חָבֵר bh): associate, friend, partner; colleague, fellow-student; fellow-being; of the same kind; fel || J(חֶבֶר bh): association; a t
951	כחושבנ	91		NO ANALYSIS	
952	לאלינ	91		NO ANALYSIS	
953	לתרינ	91	לשנים	תרינ/-/l/exact/the sense cited from targum	{תרינ} particle שנים[k:def:targum] || 
954	פרקינ	91	פרק	פרקא/n.pl/-/source-form/the sense cited from targum	{פרקא} n שעור בלימודים[k:def:bavli] ; פרק[j:same:targum+tosefta+yerushalmi+bavli+mishnah] || J(פִּרְקָא ch): cross-road; period.; joint
955	תושבחתא	91	שיר ושבח	תושבחתא/-/-/exact/the sense cited from targum	{תושבחתא} n שיר ושבח[k:def:targum+bavli] ; תושבחה[j:same:targum] || J(תּוּשְׁבַּחְתָּא ch): praise, song, glory; praiseworthy thing, treasure.
956	אשכחנא	90	מצאנו	שכח/af.perf.1pl/-/generated/the sense cited from bavli	{שכח} v שכח, נשמט מזכרונו[k:def:pe:yerushalmi] ; מצא[k:def:af:bavli] ; נמצא[k:def:itpe:bavli] ; נשכח[k:def:itpe:bavli] ; שכח[j:same:pe:yerushalmi+bavli] ; נמצא[j:eq:targum+bavli+yerushalmi+midrash] ; נמצא[j:eq:itpe:targum+bavli+midrash] ; מצא[r:reviewed:af] || J(שָׁכַח bh): to sink,; to forget, discard; forgetting || J(שְׁכַח ch): to be forgotten || J(שְׁכַח II): Af.; to uncover,; to find
957	באילנא	90	בעץ	אילנ/-/b/alias/the sense cited from midrash	{אילנ} n עץ[k:def:midrash] ; אילן[j:same:targum+bavli+midrash] || J(אִילָּן): oak; tree.
958	בביתא	90		HOMOGRAPH בביתא "בבה" ~ b+ביתא "בבית"	{בביתא} n בבה[j:eq:targum+bavli] || K: pupil of the eye | Augapfel || J(בָּבִיתָא I): the innermost; pupil of the eye; their || J(*בָּבִיתָא II): gutter, outlet
959	במדברא	90	במנהיג	מדברא/-/b/exact/the sense cited from targum	{מדברא} n מדבר[k:def:bavli] ; מנהיג[k:def:targum] ; מדבר[j:same:targum+bavli+midrash] || J(מַדְבְּרָא ch): midbar; thy speech || J(מְדַבְּרָא): leader
960	גניזינ	90	הטמין, הסתיר, קבע באדמה	גנז/pe.ptcp.mp/-/source-form/the sense cited from bavli	{גנז} v הטמין, הסתיר, קבע באדמה[k:def:pe:mishnah+bavli] ; גנז[j:same:pe:targum] || K: to be hidden | verborgen werden || J(גָּנַז): to cut off, set aside; to save, hoard up, reserve; Part. pass || J(גְּנַז ch): to save; hidden, stored up, reserved; to disappear || J(גֵּנֶז bh): store, treasure
961	דאנפינ	90		NO ANALYSIS	
962	דימא	90	של ים	ימא/-/d/exact/the sense cited from targum	{ימא} ? ים[j:same:targum+bavli+midrash] || J(יַמָּא ch): Yammé
963	לשכינתא	90		NO_HEBREW_SENSE שכינה	{שכינה} n שכינה[j:same:targum+bavli] || J(שְׁכִינָה): royal residence, royalty; Shechinah, Divine Presence, holy inspiration
964	אומינ	89		NO ANALYSIS	
965	בלבא	89		NO ANALYSIS	
966	דטוב	89		NO ANALYSIS	
967	דידעינ	89		NO ANALYSIS	
968	דילנ	89	שלנו	pron:דילנ/fixed/-/pronominal/pronominal preposition table	
969	דקיק	89	קטן, דק	דקיק/-/-/exact/the sense cited from targum	{דקיק} adj קטן, דק[k:def:targum+yerushalmi] ; קטן, דק[k:def:targum+yerushalmi] || J(דַּקִּיק): broken, powdered, pounded; minute, tender, little, young; minors
970	דקשוט	89		NO ANALYSIS	
971	ואנת	89	ואתה	אנת/-/w/exact/the sense cited from bavli	{אנת} ? אתה[j:eq:tanakh+bavli] || J(אַנְתְּ): thou.
972	ואשתכח	89	ונמצא	שכח/itpe.perf.3ms/w/source-form/the sense cited from targum	{שכח} v שכח, נשמט מזכרונו[k:def:pe:yerushalmi] ; מצא[k:def:af:bavli] ; נמצא[k:def:itpe:bavli] ; נשכח[k:def:itpe:bavli] ; שכח[j:same:pe:yerushalmi+bavli] ; נמצא[j:eq:targum+bavli+yerushalmi+midrash] ; נמצא[j:eq:itpe:targum+bavli+midrash] ; מצא[r:reviewed:af] || J(שָׁכַח bh): to sink,; to forget, discard; forgetting || J(שְׁכַח ch): to be forgotten || J(שְׁכַח II): Af.; to uncover,; to find
973	חמרא	89	חמוד	חמרא/-/-/exact/the sense cited from bavli	{חמרא} n חמוד[k:def:bavli] || J(חַמְרָא): wine || J(חֲמָרָא): ass
974	לאתעטרא	89	להיה מעוטר	עטר/itpe.inf/l/generated/the sense cited from targum	{עטר} v אזל, כלה[k:def:pe:targum] ; עשן[k:def:pe:targum] ; קישט[k:def:pa:bavli] ; ביטל, הרחיק[k:def:pa:targum] ; היה מעוטר[k:def:itpe:targum] ; דשאו[j:targum-h:targum] || J(עָטַר bh): to cut off, surround; to wreathe, adorn; to crown, offer a crown || J(עֲטַר I): Part. pass.; surrounded, guarded; distinguished || J(עַטַר II): to be gone; tocease entirely; Part. pass.; removed || J(עֲטַר III): to whirl around; to smoke
975	מלגאו	89		NO ANALYSIS	
976	פריש	89		NO_HEBREW_SENSE פריש	{פריש} n פריש[j:same:targum] || J(פָּרִישׁ I): a fruit, quince; p’rishin; set aside, excellent || J(פָּרִישׁ II): set aside, excellent || J(פָּרֵישׁ ch): separated, set aside; lonely; different
977	אתייהיב	88		NO ANALYSIS	
978	בסטר	88		NO ANALYSIS	
979	דשליט	88		NO_HEBREW_SENSE שליט	{שליט} n שליט[j:same:targum] || J(שַׁלִּיט bh): having control, ruler; Fem. || J(שַׁלִּיט ² ch): Fem.
980	ואשתאר	88		NO_HEBREW_SENSE שאר	{שאר} v השאיר, שייר[k:def:pa:mishnah] ; שאר[j:same:pe:targum+bavli] ; שאר[j:same:targum+midrash] ; אשר[j:targum-h:targum] || J(שָׁאַר bh): to swell, rise; to run over;; to remain over; to be left over, reserved, preserved, spared || J(שְׁאַר I ch): to leave over; Ithpa.; to leave over, spare || J(שְׁאַר II): Pa.; to plant in beds || J(שְׁאֵר bh): preservation, existence; sustenance, alimentation; body, flesh || J(שְׁאָר b
981	לאשלמא	88		NO ANALYSIS	
982	לגבכ	88	לאצלך	pron:גבכ/fixed/l/pronominal/pronominal preposition table	
983	מארעא	88	מאדמה, ארץ	ארעא/-/m/exact/reviewed choice	{מארעא} ?  || J(מְאָרְעָא): holy convocation, festival  ##  {ארעא} n אדמה, ארץ[k:def:bavli+targum] ; מקרה[k:def:targum] ; פגע[k:def] || J(אִרְעָא): accident, occurrence; evils, diseases || J(אַרְעָא): land, earth, ground, field; gout, sore on the toes; fields
984	תלתינ	88	שלש	תלת/n.pl/-/source-form/the sense cited from targum	{תלת} v חילק לשלשה חלקים[k:def:pa:targum] ; עשה בפעם השלישית[k:def:pa:targum] ; נעשה בפעם השלישית[k:def:itpe:targum] ; שלש[j:eq:targum+bavli+yerushalmi] || J(תַּלֵּת): to divide into three parts; to do a third time; Part. pass || J(תְּלַת): three; on the third; thirteen
985	באנפינ	87		NO ANALYSIS	
986	ביקרא	87		NO ANALYSIS	{ביקרא} ?  || 
987	דאתגזר	87	שנגזר	גזר/itpe.perf.3ms/d/source-form/the sense cited from targum; reflexive by the Hebrew nif'al	{גזר} n חתך, גזר[k:def:bavli] ; גְּזַר דִּין משפט חרוץ[k:def:bavli] ; גזר[j:same:pe:targum+bavli+midrash+yerushalmi] || J(גָּזַר bh): to cut;; to cut off, to guard;; to institute a precautionary measure || J(גְּזַר ch): to cut, split; to make a covenant; to circumcise, have one’s self circumcised || J(גָּזָר): decree; sentence, legal decision, divine dispensation || J(גֶּזֶר): piece; log, club
988	דאתונ	87	שאתם	pron:אתונ/fixed/d/pronominal/pronominal preposition table	
989	דבכל	87		NO ANALYSIS	
990	דשלטא	87	ששולטת	דשלטא/-/-/reviewed/reviewed form: ד + Jastrow שְׁלֵט "to rule", participle fem.	
991	יתבי	87	ישב	יתב/n.pl/-/source-form/reviewed choice	{יתב} v ישב[k:def:pe:bavli] ; נתן[k:def:pe:bavli] ; הושיב[k:def:pa:targum] ; הרגיע[k:def:pa] ; הושיב[k:def:af:targum] ; הקשה, שאל[k:def:af] ; נח[k:def:itpe:bavli] ; ישב[j:eq:targum+bavli+tanakh+midrash] ; גור[j:targum-h:targum] ; הושיב[r:reviewed:af] || K: i>to dwell | sich aufhalten || J(יתֵב ch): to sit, dwell; to be inhabited, settled; inhabited || J(יְתֵב II): to give; to place; to give || J(יָתֵב): inhabitant
992	יתער	87		NO ANALYSIS	
993	לנשמתא	87	לנשמה	נשמתא/-/l/exact/the sense cited from targum	{נשמתא} ? נשמה[j:same:targum] || 
994	עפרא	87	עפר	עפרא/-/-/exact/the sense cited from targum	{עפרא} ? עפר[j:same:targum+bavli] ; עפרות[j:targum-h:targum] || 
995	בצדיק	86		NO ANALYSIS	
996	דנהורא	86		NO ANALYSIS	
997	ואסתלק	86		NO ANALYSIS	
998	ועאלינ	86	ובאים	עלל/pe.ptcp.mp/w/irregular/the sense cited from targum	{עלל} v טיפל, עסק[k:def:pe:midrash] ; נכנס[k:def:pe] ; בא[k:def:pe:targum] ; הביא[k:def:af:targum] ; הובא והושם[k:def:itpe:targum] ; עלל[j:same:pe:targum+yerushalmi+bavli+midrash+tanakh] ; בול[j:targum-h:targum] ; הכניס[r:reviewed:af] || J(עָלַל bh): Pol. to bring about; to go about; to superintend, be busy || J(עֲלַל I ch): to enter a town, a house; to come in; to set || J(עֲלַל II): that which is brought in; harvest, provision; income; ʿălalta
999	כדכתיב	86		NO ANALYSIS	
1000	כתרא	86		NO_HEBREW_SENSE כתר	{כתר} v קישט בכתר וכדומה[k:def:af] ; חיכה, ציפה, קוה[k:def:af:targum+tanakh] ; כתר[j:same:pe:targum] ; כתר[j:same:targum] || J(כָּתַר bh): to knot, tie, join closely; to tie a wreath, to offer a crown; Part. pass || J(כְּתַר ch): to turn around; to wait upon, hope for; made to wait, dependent upon || J(כֶּתֶר bh): garland, crown
