rank	form	count	gloss	analysis	lexicon
1	די	331	אשר	די/-/-/reviewed/reviewed form: Jastrow דִּי "who, which, that" (= h. אֲשֶׁר)	{די} n אשר, ש־[k:def:yerushalmi] ; כי[k:def:yerushalmi] ; שאם[k:def] ; של[h:wikt] ; אשר, ש־[h:wikt] || J(דִּי): who, which, where, whom; mine, thine; ḥazith || J(דִּי II): for if; for if not; for if not so || J(דַּי bh): sufficiency, plenty; enough for; enough for me || J(דִּי־): two, twice
2	מלכא	134	מלך	מלכא/-/-/reviewed/reviewed form: Jastrow מַלְכָּא = h. מֶלֶךְ	
3	מנ	76	מן	מנ/-/-/reviewed/reviewed form: Jastrow מִן ch. = h. מִן	{מנ} n מאין[j:eq:bavli+tanakh] ; מן[j:same:targum+yerushalmi+bavli+midrash] ; מן[j:same:bavli+targum] ; מי[h:wikt] || J(מִן bh): from, of; more; less; than || J(מִן ² ch): from me; from thee;; from him || J(מָן I bh): portion, food; man; the manna || J(מַן I ch): a day’s; support; man || J(מַן): who?, what? || J(מָן III): thing, vessel, garment; coulter
4	על	68	על	על/-/-/reviewed/reviewed form: Jastrow עַל ch. = h. עַל	{על} n על[j:same:targum+midrash] || J(עַל bh): height; upon, above; about || J(*עָל): plan
5	לא	67	לא	לא/-/-/exact/the sense cited from targum; the same analysis published in onkelos	{לא} n לא[j:same:targum+bavli] || K: you have no right | du bist nicht berechtigt || J(לֹא bh): not, no; indeed not; a prohibitory law || J(לָא II): particle, mote
6	כל	61	כל	כל/-/-/reviewed/reviewed form: Jastrow כֹּל ch. = h. כָּל	{כל} ?  || J(כֹּל): all, every one; it is; the unanimous opinion, all agree
7	דנה	53	זה	דנה/-/-/reviewed/reviewed form: BDB/Jastrow דְּנָה "this"	{דנה} ?  || J(דְּנָה): which I
8	שמיא	32	שמים	שמיא/-/-/exact/the sense cited from targum; the same analysis published in onkelos	{שמיא} n שמים[j:eq:targum+bavli+yerushalmi] || J(שְׁמַיָּא): heaven; God.; arch, ceiling
9	אלהא	29	אלוה	אלה/-/-/alias/the sense cited from tanakh; the same analysis published in onkelos	{אלה} n מקל שראשו מעובה[k:def:mishnah] ; קלשון[k:def:yerushalmi] ; אלוה[j:eq:tanakh+targum+midrash+yerushalmi] || J(אָלָה): to curse || J(אָלָה ² bh): to point; imprecation, curse || J(אֵלֶּה): these, those; v’elleh; elleh || J(אֵלָה bh): terebinth. || J(אַלָּה bh): lance, fork.; sign-pole || J(אֱלָהּ ch): God.; Pl.; gods.
10	באדינ	29	אז	באדינ/-/-/reviewed/reviewed form: ב + אֱדַיִן "then" (Jastrow אֱדַיִן)	
11	ואמר	28	ואמר	אמר/-/w/exact/the sense cited from targum; the same analysis published in onkelos	{אמר} v הלעיט[k:def:af:bavli] ; אמר[j:same:pe:targum+bavli+yerushalmi] ; טלה, כבש[h:wikt] || J(אָמַר I bh): to join, knot; to be knotted, thick;; to heap up;; to join words, compose || J(אֲמַר ch): they say, it is said; Inf; does this mean to say? || J(אָמַר II bh): to be thick, strong; to thrive; to boast, vaunt, be oppressive; to fatten || J(אִמַּר): lamb
12	אדינ	27	אז	אדינ/-/-/reviewed/reviewed form: Jastrow אֱדַיִן "then"	{אדינ} ? אזי[j:eq:tanakh] ; ז[j:eq:tanakh] || J(אֱדַיִן ch): at that time, thereupon.; at the same time, forthwith; from that time.
13	עד	26	עד	עד/-/-/reviewed/reviewed form: Jastrow עַד ch. = h. עַד	{עד} n עד[j:same:targum+bavli+midrash] || J(עַד bh): turn; continuation;; up to, until, during, while; in place of || J(עֵד bh): present; confirming; witness
14	טעמ	24	ציווי	טעמ/-/-/reviewed/reviewed form: Jastrow טְעֵם "decree, command" (Biblical)	{טעמ} v סבה[k:def:bavli] ; סימן ההפסק במקרא, נגינה[k:def:bavli] ; טעם[j:same:tanakh+targum+bavli] ; צו, פקודה[h:wikt] || J(טָעַם bh): to be bright, wise; to examine, to taste, test, try, experience; to give to taste || J(טְעַם): to give to taste; to taste; tasted, touched || J(טַעַם bh): pleasure, will; sense, wisdom, sound reasoning; reason, cause, ground; the incisions, in t || J(טְעַם ² ch): pleasure, will.; good c
15	לה	24	לה	לה/-/-/reviewed/reviewed form: ל + ־הּ "to her"	
16	ענה	23	ענה	ענה/-/-/reviewed/reviewed form: Jastrow עֲנָה ch. = h. עָנָה (answered)	
17	קבל	23	מול	קבל/-/-/reviewed/reviewed form: Jastrow קֳבֵל "before, in front of"	{קבל} v צווח, טען[k:def:pe] ; יצא לקראת, ביקר[k:def:bavli] ; קיבל[k:def:mishnah] ; חשיכה[k:def:targum] ; קבל[j:same:pe:targum+bavli] ; קבל[j:same:pe:targum+bavli+yerushalmi+midrash] || K: to be received, to be accepted | aufgenommen werden || J(קָבַל I bh): to seize; to join, meet, correspond; to receive, accept; to take an obligation upon one’s  || J(קְבַל ch): to visit; to listen, obey; to receive, take, accept || J(קָבַל II): to feel oppressed; to cry; to complain, bring charge
18	בית	21	בית	בית/-/-/reviewed/reviewed form: Jastrow בֵּית ch. = h. בַּיִת	{בית} v לן לינת לילה[k:def:pe:bavli] || K: second letter of the alphabet | zweiter Buchstabe des Alphabets || J(בִּית): to go in, lodge, pass the night.; to keep over night, postpone burial || J(בַּיִת bh): house, household, home; bayith; owner, landlord; host; private man
19	קדמ	20	לפני	קדמ/-/-/reviewed/reviewed form: Jastrow קֳדָם "before" (= h. לִפְנֵי)	{קדמ} v קדם[j:same:pe:targum+bavli] ; קדם[j:same:targum] || K: to advance, to precede | vorangehen || J(קָדַם bh): to bend, go forward; to advance, precede; to anticipate; Hif. || J(קְדַם ch): Pa.; to precede; to do early, be early, first; to go before, come to meet || J(קֶדֶם bh): olden time; before || J(קָדָם): precedence; before; pl.
20	בה	19	בה	בה/-/-/reviewed/reviewed form: ב + ־הּ	
21	וכל	18	וכל	וכל/-/-/reviewed/reviewed form: ו + כֹּל	
22	חזה	18	רואה	חזה/-/-/reviewed/reviewed form: חֲזָה (Krupnik: ראה), participle — "חזה הוית" = I was seeing	
23	הוא	17	הוא	הוא/-/-/reviewed/reviewed form: Jastrow הוּא ch. "he"	{הוא} v היה[k:def:pe:bavli] ; הוא[j:same:targum+yerushalmi+mishnah+bavli] || K: supposed | vorausgesetzt || J(הוּא bh): he, it; she; it is; whosoever, whatsoever; whatever it may be, a minimum || J(הוּא ² ch): myself, thyself
24	למלכא	17	למלך	למלכא/-/-/reviewed/reviewed form: ל + מַלְכָּא	
25	אמר	16	אמר	אמר/-/-/exact/the sense cited from targum; the same analysis published in onkelos	{אמר} v הלעיט[k:def:af:bavli] ; אמר[j:same:pe:targum+bavli+yerushalmi] ; טלה, כבש[h:wikt] || J(אָמַר I bh): to join, knot; to be knotted, thick;; to heap up;; to join words, compose || J(אֲמַר ch): they say, it is said; Inf; does this mean to say? || J(אָמַר II bh): to be thick, strong; to thrive; to boast, vaunt, be oppressive; to fatten || J(אִמַּר): lamb
26	להוא	16	יהיה	להוא/-/-/reviewed/reviewed form: הֲוָה, imperfect 3rd (Biblical ל־)	
27	ארעא	15	אדמה, ארץ	ארעא/-/-/exact/reviewed choice; the same analysis published in onkelos	{ארעא} n אדמה, ארץ[k:def:bavli+targum] ; מקרה[k:def:targum] ; פגע[k:def] || J(אִרְעָא): accident, occurrence; evils, diseases || J(אַרְעָא): land, earth, ground, field; gout, sore on the toes; fields
28	הוית	15	הייתי	הוית/-/-/reviewed/reviewed form: הֲוָה (reviewed: היה), perfect 1st	
29	ועבד	15	ועשה	ועבד/-/-/reviewed/reviewed form: ו + עֲבַד	
30	חלמא	15	חלום	חלמא/-/-/exact/the sense cited from targum; the same analysis published in onkelos	{חלמא} n חלום[k:def:bavli] ; חלום[j:eq:targum+bavli] || J(חָלְמָא): dreamer, or interpreter of dreams || J(חֲלָמָא): a sort of cement
31	אלכ	14	אלה	אלכ/-/-/reviewed/reviewed form: Jastrow אִלֵּךְ "these"	{אלכ} ?  || 
32	אנה	14	אני	אנה/-/-/reviewed/reviewed form: Jastrow אֲנָה ch. "I" (= h. אֲנִי)	{אנה} v ציער והקניט[k:def:pe:bavli] || 
33	ופשרה	14	ופשרו	ופשרה/-/-/reviewed/reviewed form: ו + פְּשַׁר "interpretation" + ־הּ	
34	להונ	14	להם	pron:להונ/fixed/-/pronominal/pronominal preposition table; the same analysis published in onkelos	
35	לכ	14	לך	לכ/-/-/reviewed/reviewed form: ל + ־ךְ "to you"	{לכ} ?  || J(לְךָ): unto thee
36	מלכותא	14		REVIEW_GATE מלכותא/-/- "ממשלה" n=14	{מלכותא} n ממשלה[k:def:bavli] || J(מַלְכוּתָא): kingdom, rulership; Pl.
37	עמ	14	עם	עמ/-/-/reviewed/reviewed form: Jastrow עִם ch. = h. עִם	{עמ} particle עם[j:same:targum] ; עם[j:same:targum+bavli+yerushalmi+mishnah] || J(עִם bh): junction; with, near || J(עַם bh): to press, crowd, join; gathering, crowd, people; gentiles
38	דהבא	13	זהב	דהבא/-/-/exact/reviewed choice; the same analysis published in onkelos	{דהבא} n זהב[k:def:yerushalmi] ; מטבע של זהב[k:def:bavli] || 
39	דכ	13	זה	דכ/-/-/reviewed/reviewed form: Jastrow דָּךְ "that"	{דכ} n זה, זאת[k:def] ; זה, זאת[k:def] ; פצוע דכה[k:def:bavli] || J(דֵּךְ): this, that. || J(דַּךְ bh): crushed, broken; afflicted, contrite; dakh
40	הנ	13	אם	הנ/-/-/reviewed/reviewed form: Jastrow הֵן "if"	{הנ} other זה, ההוא[k:def] || K: here | hier || J(הֵן): they || J(הֵן ² ch): here is, behold; behold, they are; how?, indeed! || J(הָן): he who; this one, that one; what?
41	נהרה	13		REVIEW_GATE נהר/-/- "האיר · נזכר" n=13	{נהר} v האיר[k:def:pe] ; נזכר[k:def:pe:yerushalmi] ; הואר[k:def:itpe:targum] ; נהר[j:same:pe:targum+bavli+midrash+yerushalmi] ; נהר[j:same:targum+midrash+bavli+yerushalmi] || K: to enlighten | erleuchten || J(נָהַר bh): to break forth, shine; to enlighten || J(נְהַר I ch): to shine; Part. pass; bright, clear || J(נָהָר bh): river, stream, canal || J(נְהַר II ch): N’har Abba
42	נורא	13	אש	נורא/-/-/reviewed/reviewed form: Jastrow נוּרָא "fire"	
43	איתי	12	יש	איתי/-/-/reviewed/reviewed form: Jastrow אִיתַי "there is" (Biblical)	
44	אנשא	12	אנשים	אנשא/-/-/reviewed/reviewed form: Jastrow אֱנָשָׁא "men, people"	
45	עלוהי	12	עליו	pron:עלוהי/fixed/-/pronominal/pronominal preposition table; the same analysis published in onkelos	
46	גבריא	11	האנשים	גבריא/-/-/reviewed/reviewed form: plural of גַּבְרָא	
47	ולא	11	ולא	לא/-/w/exact/the sense cited from targum; the same analysis published in onkelos	{ולא} n  || J(וָלָא): it is; becoming  ##  {לא} n לא[j:same:targum+bavli] || K: you have no right | du bist nicht berechtigt || J(לֹא bh): not, no; indeed not; a prohibitory law || J(לָא II): particle, mote
48	ומנ	11		REVIEW_GATE מנ/-/w "ומאין" n=11	{מנ} n מאין[j:eq:bavli+tanakh] ; מן[j:same:targum+yerushalmi+bavli+midrash] ; מן[j:same:bavli+targum] ; מי[h:wikt] || J(מִן bh): from, of; more; less; than || J(מִן ² ch): from me; from thee;; from him || J(מָן I bh): portion, food; man; the manna || J(מַן I ch): a day’s; support; man || J(מַן): who?, what? || J(מָן III): thing, vessel, garment; coulter
49	מלתא	11	הדבר	מלתא/-/-/reviewed/reviewed form: Jastrow מִלְּתָא "word, thing"	{מלתא} ?  || J(מִלֵּתָא): mound || J(מְלָתָא): place for drawing water
50	שגיא	11	רב	שגיא/-/-/reviewed/reviewed form: Jastrow שַׂגִּיא "much, great"	
51	אנתה	10		REVIEW_GATE אנת/-/- "אתה" n=10	{אנת} ? אתה[j:eq:tanakh+bavli] || J(אַנְתְּ): thou.
52	ודי	10		AMBIGUOUS_SENSE די: אשר, ש־ | כי | שאם	{ודי} ?  ||   ##  {די} n אשר, ש־[k:def:yerushalmi] ; כי[k:def:yerushalmi] ; שאם[k:def] ; של[h:wikt] ; אשר, ש־[h:wikt] || J(דִּי): who, which, where, whom; mine, thine; ḥazith || J(דִּי II): for if; for if not; for if not so || J(דַּי bh): sufficiency, plenty; enough for; enough for me || J(דִּי־): two, twice
53	כענ	10	עתה	כענ/-/-/reviewed/reviewed form: Jastrow כְּעַן "now" (= h. עַתָּה)	{כענ} ?  || J(כְּעַן): now
54	להנ	10	אבל	להנ/-/-/reviewed/reviewed form: Jastrow לָהֵן "but, except"	{להנ} ?  || J(לָהֵן): but, only
55	לכל	10	לכל	לכל/-/-/reviewed/reviewed form: ל + כֹּל	{לכל} ?  || 
56	פרזלא	10	ברזל	פרזל/-/-/alias/the sense cited from targum; the same analysis published in onkelos	{פרזל} v התמרמר[k:def:itpe] ; ברזל[j:eq:targum+midrash+yerushalmi] || J(פַּרְזֵל): Parel; to turn, twist; to twist one’s self, to struggle || J(פַּרְזֶל): iron tools
57	אלהינ	9	אלהים	אלהינ/-/-/reviewed/reviewed form: plural of אֱלָהּ	{אלהינ} ?  || J(אִלָּהֵין): but that, unless, except, only; even only; so much the more
58	אנש	9	איש	אנש/-/-/reviewed/reviewed form: Jastrow אֱנָשׁ "man"	
59	אריותא	9	האריות	אריותא/-/-/reviewed/reviewed form: plural of אַרְיָא (= h. אַרְיֵה)	{אריותא} n לביאה[k:def:targum] || 
60	הוה	9	היה	הוה/-/-/exact/reviewed choice; the same analysis published in onkelos	{הוה} v היה[r:reviewed:pe] || J(הַוָּה bh): change; misfortune || J(*הֵוָה): Ḥevah || J(הֲוָהּ): ah!
61	המו	9	הם	המו/-/-/reviewed/reviewed form: Jastrow הִמּוֹ "they"	
62	ואמרינ	9		REVIEW_GATE אמר/pe.ptcp.mp/w "ואומרים" n=9	{אמר} v הלעיט[k:def:af:bavli] ; אמר[j:same:pe:targum+bavli+yerushalmi] ; טלה, כבש[h:wikt] || J(אָמַר I bh): to join, knot; to be knotted, thick;; to heap up;; to join words, compose || J(אֲמַר ch): they say, it is said; Inf; does this mean to say? || J(אָמַר II bh): to be thick, strong; to thrive; to boast, vaunt, be oppressive; to fatten || J(אִמַּר): lamb
63	ועד	9	ועד	ועד/-/-/reviewed/reviewed form: ו + עַד	{ועד} n הזדמנות והתועדות[k:def] || J(וַעַד): meeting, appointment; meeting place; scholars’ meeting place
64	חיותא	9	החיה	חיותא/-/-/reviewed/reviewed form: Jastrow חֵיוְתָא "the beast"	{חיותא} n בהמה[k:def:bavli] ; רחם[k:def:bavli] ; חיות[j:same:bavli+midrash+tanakh] || J(חַיּוּתָא ch): life, livelihood; womb; animal || J(חֵיוְתָא): living, provision
65	יהב	9	נתן	יהב/-/-/reviewed/reviewed form: Jastrow יְהַב "to give" (= h. נָתַן)	{יהב} v  || J(יְהַב): to give; to deal; to put, place
66	יהודיא	9	היהודים	יהודיא/-/-/reviewed/reviewed form: plural of יְהוּדַי	
67	מלכינ	9	מלכים	מלכינ/-/-/reviewed/reviewed form: plural of מֶלֶךְ	
68	עבר	9	עבר	עבר/-/-/reviewed/reviewed form: Jastrow עֲבַר "across" (עבר נהרא)	{עבר} v פועל נשתנה ונסתרס[k:def:mishnah] ; הרתה האשה[k:def:midrash] ; נעשתה השנה מעוברת[k:def:mishnah+yerushalmi] ; הסיר[k:def:pa:bavli] ; עבר[j:same:pe:targum+bavli+yerushalmi+midrash] || K: to stroke | streichen || K: to be consolidated into one township | eingemeindet werden || J(עָבַר bh): to be thick, swell; to run over.; to pass, to cross; to cross the line of justice, to be t || J(עֲבַר ch): to pass, cross, step over, forgive; Hif.; to pass through; to bar || J(עֵבֶר II bh): bo
69	עליא	9	העליון	עליא/-/-/reviewed/reviewed form: Jastrow עִלָּיָא "the Most High"	
70	שימ	9		REVIEW_GATE שומ/-/- "שם" n=9	{שומ} v אמד, שיער, העריך[k:def:pe:mishnah] ; נערך[k:def:itpe:bavli] ; הערכה ואומד[k:def] ; שם[k:def:targum] ; בשביל[k:def:mishnah] ; כשם[k:def:mishnah] ; בסבת, מפאת[k:def:bavli] ; מפני שׁ־[k:def:mishnah] ; שום[j:same:pe:targum] ; שום[j:same:pe:midrash+tanakh+bavli] ; שום[j:same:targum] || J(שׂוּם bh): to place, put, appoint, make || J(שׂוּם ² ch): to be placed || J(שׁוּם I): to arrange;; to value, estimate; to mark, name; v’sam || J(שׁוּם ch): to tax, impose fine || J(שׁוּם II): valuation, estimate; the description and valuation of seized property; appraised goods bro || J(שׁוּם ² ch
71	שמ	9	שם	שמ/-/-/reviewed/reviewed form: Jastrow שְׁמָא/שֻׁם = h. שֵׁם	{שמ} n שם[j:same:targum+bavli+midrash+yerushalmi] || J(שָׁם bh): there, thither; thither || J(שֵׁם II bh): mark, name, title, nature, denomination; the Divine Name, the Tetragrammaton; the Lord
72	אלהכ	8	אלהיך	אלהכ/-/-/reviewed/reviewed form: אֱלָהּ (Jastrow = h. אֱלוֹהַּ) + ־ךְ	
73	אמרינ	8	אומרים	אמר/pe.ptcp.mp/-/irregular/the sense cited from targum; the same analysis published in onkelos	{אמר} v הלעיט[k:def:af:bavli] ; אמר[j:same:pe:targum+bavli+yerushalmi] ; טלה, כבש[h:wikt] || J(אָמַר I bh): to join, knot; to be knotted, thick;; to heap up;; to join words, compose || J(אֲמַר ch): they say, it is said; Inf; does this mean to say? || J(אָמַר II bh): to be thick, strong; to thrive; to boast, vaunt, be oppressive; to fatten || J(אִמַּר): lamb
74	ברא	8		REVIEW_GATE ברא/-/- "ברא" n=8	{ברא} n יער, שדה[k:def:targum] ; פרא, מדברי[k:def] ; ברא[k:def:pe] ; נקב[k:def:pe] ; ברא[k:def:tanakh] ; היה בריא וחזק[k:def:bavli] ; נקב, חדר[k:def:pe:targum] || J(בָּרָא I ch): outside, forest || J(בָּרָא II): to create || J(בְּרָא II): son
75	ושאר	8	ושאר	ושאר/-/-/reviewed/reviewed form: ו + שְׁאָר = h. שְׁאָר	
76	חדה	8	אחת	חדה/-/-/reviewed/reviewed form: Jastrow חֲדָה "one (fem.)"	{חדה} n  || J(חַדָּה): sharp side, edge
77	יקדתא	8	הבוערת	יקדתא/-/-/reviewed/reviewed form: Jastrow יְקַד "to burn", participle fem.	
78	מלכ	8	מלך	מלכ/-/-/reviewed/reviewed form: Jastrow מֶלֶךְ ch.	{מלכ} v יעץ[k:def:pe] ; מלך, משל[k:def:pe:targum] ; המשיל[k:def:af:targum] ; נתיעץ[k:def:itpe:bavli] ; מלך[j:same:pe:targum+bavli] ; מלך[j:same:targum+bavli+yerushalmi] || K: to take counsel | sich beraten || J(*מַלָּךְ): what is it to thee?; of no practical value || J(מָלַךְ bh): to lead in council; to preside; to officiate; to be ruler || J(מְלַךְ ch): to rule; to decide; to advise || J(מֶלֶךְ bh): leader in council, chief, king; Princess; a certain disorder of the 
79	עליכ	8	עליך	עליכ/-/-/reviewed/reviewed form: עַל + ־ךְ	
80	פרזל	8	ברזל	פרזל/-/-/reviewed/reviewed form: Jastrow פַּרְזֶל = h. בַּרְזֶל	{פרזל} v התמרמר[k:def:itpe] ; ברזל[j:eq:targum+midrash+yerushalmi] || J(פַּרְזֵל): Parel; to turn, twist; to twist one’s self, to struggle || J(פַּרְזֶל): iron tools
81	קדמי	8	לפני	קדמי/-/-/reviewed/reviewed form: Jastrow קֳדָם + ־י	{קדמי} n  || J(קַדְמַי): first, former, previous; Fem.; in ancient times
82	שמה	8	שמו	שמה/-/-/reviewed/reviewed form: שְׁמָא + ־הּ "his name" (Targumic)	{שמה} n  || J(שַׁמָּה bh): desolation
83	אחרי	7		AMBIGUOUS אחורי/ "אחרת" ~ אחר/n.sg "נהג בשגעון"	{אחורי} n אחרת[j:eq:yerushalmi+midrash+targum+tanakh] || J(אֲחוֹרִי): another, something else
84	אמיא	7	האומות	אמיא/-/-/reviewed/reviewed form: Jastrow אֻמַּיָּא "nations"	
85	אספרנא	7	במהירות	אספרנא/-/-/reviewed/reviewed form: Jastrow אָסְפַּרְנָא "diligently, speedily"	{אספרנא} v  || J(*אָסְפַּרְנָא): to run; quickly, diligently.
86	אתונ	7	אתם	pron:אתונ/fixed/-/pronominal/pronominal preposition table; the same analysis published in onkelos	{אתונ} other אתם[k:def:yerushalmi] || 
87	בכל	7	בכל	בכל/-/-/reviewed/reviewed form: ב + כֹּל	
88	בני	7	בני	בני/-/-/reviewed/reviewed form: Jastrow בְּנֵי, construct plural of בַּר "son" (= h. בְּנֵי)	{בני} v עשה בנין[k:def:pe:targum] ; בנה[j:eq:targum+bavli] || J(בני bh): to combine; to build; to educate, train
89	היכלא	7		REVIEW_GATE היכלא/-/- "היכל" n=7	{היכלא} ? היכל[j:same:targum+bavli+yerushalmi+midrash+tanakh] || 
90	וכנ	7		NO ANALYSIS	
91	ומני	7		REVIEW_GATE מני/-/w "ומנה וספר" n=7	{מני} v מנה וספר[k:def:pe:targum] ; קבע והפקיד[k:def:pa:targum] ; הכניס בחשבון המנויים[k:def:af:bavli] ; נמנה[k:def:itpe:targum] ; נתמנה[k:def:itpe:targum] ; נכנס בחשבון המשתתפים[k:def:itpe:bavli] ; מי היא[k:def:bavli] ; דעת מי היא[k:def:bavli] ; מני[j:same:pe:targum+bavli+midrash+tanakh] || J(מָנֵי): a weight || J(מני bh): to divide, distribute; to count; counted || J(מְנֵי ch): to count; to appoint; to appoint, ordain
92	ועל	7	ועל	ועל/-/-/reviewed/reviewed form: ו + עַל	
93	חזית	7	ראיתי	חזית/-/-/reviewed/reviewed form: חֲזָה (Krupnik: ראה), perfect 1st	{חזית} n בליטה בכותל לנוי[k:def:mishnah] ; פני הבית[k:def:tosefta] || J(חָזִית): cutting; rough, unfinished side; the rough side of a fence or wall; border-mark
94	כתבא	7	הכתב	כתבא/-/-/reviewed/reviewed form: Jastrow כְּתָבָא "writing"	
95	לי	7	לי	לי/-/-/reviewed/reviewed form: ל + ־י	{לי} other לא[k:def:yerushalmi] || J(לֵי): not
96	לעלמינ	7	לעולמים	לעלמינ/-/-/reviewed/reviewed form: ל + עָלְמִין (plural of עָלְמָא)	
97	מאה	7	מאה	מאה/-/-/reviewed/reviewed form: Jastrow מְאָה = h. מֵאָה	{מאה} ? מאה[j:same:targum+tanakh+yerushalmi+midrash] || J(מֵאָה bh): one hundred
98	מה	7	מה	מה/-/-/reviewed/reviewed form: Jastrow מָה ch. = h. מָה	{מה} ? כמו[k:def] ; אִם[k:def:bavli] ; מה[j:same:targum+bavli+midrash+yerushalmi] || J(מָה bh): something; anything; what? which?; as … so
99	עבד	7	עשה	עבד/-/-/reviewed/reviewed form: Krupnik עֲבַד "עשה"	{עבד} v תיקן והכשיר[k:def:bavli] ; עבד[j:same:pe:targum+bavli+midrash+yerushalmi] ; עבד[j:same:targum+midrash+bavli+yerushalmi] ; עשה[r:reviewed:pe] || K: to tan | gerben || J(עָבַד bh): to work; to serve, work for.; to do priestly service || J(עֲבַד I ch): to do, labor; to make; to act; to do, fare, prosper; to spend time || J(עֶבֶד bh): slave; servant || J(עֲבַד ch): worshipper
100	עלאה	7	עליון	עלאה/-/-/reviewed/reviewed form: Jastrow עִלָּאָה "most high"	{עלאה} ?  || J(עִלָּאָה): rib
101	עלכ	7	עליך	pron:עלכ/fixed/-/pronominal/pronominal preposition table; the same analysis published in onkelos	
102	עממיא	7	העמים	עממיא/-/-/reviewed/reviewed form: plural of עַמָּא	
103	קדישינ	7	קדושים	קדישינ/-/-/reviewed/reviewed form: plural of קַדִּישׁ (Jastrow ch. = h. קָדוֹשׁ)	
104	קדמוהי	7	לפניו	pron:קדמוהי/fixed/-/pronominal/pronominal preposition table; the same analysis published in onkelos	
105	רוח	7	רוח	רוח/-/-/reviewed/reviewed form: Jastrow רוּחַ ch. = h. רוּחַ	{רוח} v  || J(רוּחַ I): to smell || J(רוּחַ II bh): wind, air; direction, side; mind, disposition, spirit; spirit, soul
106	אנת	6		REVIEW_GATE אנת/-/- "אתה" n=6	{אנת} ? אתה[j:eq:tanakh+bavli] || J(אַנְתְּ): thou.
107	בהונ	6	בהם	pron:בהונ/fixed/-/pronominal/pronominal preposition table; the same analysis published in onkelos	
108	ולשניא	6		NO ANALYSIS	
109	ועמ	6	ועם	ועמ/-/-/reviewed/reviewed form: ו + עִם	
110	ופשרא	6		AMBIGUOUS_SENSE פישרא: פתרון | גרה שהבהמה מעלה	{פישרא} n פתרון[k:def:targum] ; גרה שהבהמה מעלה[k:def:targum] ; שלג נמס[k:def] || J(פִּישְׁרָא): solution, interpretation; dissolved food, cud; thawing snow
111	חיות	6	חיות	חיות/-/-/reviewed/reviewed form: Jastrow חֵיוָא "beast"	{חיות} n חיים[k:def] || J(חַיּוּת bh): living, support
112	חכימי	6	חכמי	חכימי/-/-/reviewed/reviewed form: construct plural of חַכִּים	
113	לגוא	6	לתוך	לגוא/-/-/reviewed/reviewed form: ל + גּוֹא "inside"	
114	עלמא	6	עולם	עלמא/-/-/reviewed/reviewed form: Jastrow עָלְמָא = h. עוֹלָם	{עלמא} n עולם[k:def:midrash+bavli] || 
115	קל	6		AMBIGUOUS_SENSE קל: קול | בת קול	{קל} v קול[j:eq:targum+bavli+yerushalmi+midrash] ; בת קול[j:eq:targum+bavli+yerushalmi+midrash] || J(קַל I): to be light || J(קַל II bh): light; unimportant, of minor value; easy to achieve; lowly, poor. || J(קַל III): voice, sound; rumor; divine voice
116	קריתא	6	הקריה	קריתא/-/-/reviewed/reviewed form: Jastrow קִרְיְתָא "town"	{קריתא} n עיר, קריה[k:def:targum] ; עגלת צב[k:def:bavli] || J(*קְרִיתָא): a covered arched vehicle
117	שלח	6	שלח	שלח/-/-/exact/the sense cited from tanakh; the same analysis published in onkelos	{שלח} v שלח[k:def:af:targum+tanakh] ; הפשיט, פשט[k:def:af:targum+tanakh+bavli] ; הוסר מעל־[k:def:itpe:targum] ; נפשט עורו[k:def:itpe:bavli] ; שלח[j:same:pe:targum+tanakh+bavli+midrash+yerushalmi] || J(שָׁלַח bh): to draw out; to stretch forth; to send; to stretch out a hand against,; to make illegitima || J(שְׁלַח ch): to send, send off; to throw off, undress, flay; to send; to send off, dismiss || J(שֶׁלַח I): hide, fresh skin || J(שֶׁלַח): stripped of its skin,; a pressed olive the stone of w
118	שליט	6	שולט	שליט/-/-/reviewed/reviewed form: Jastrow שְׁלֵט "to rule", participle	{שליט} n שליט[j:same:targum] || J(שַׁלִּיט bh): having control, ruler; Fem. || J(שַׁלִּיט ² ch): Fem.
119	אבנ	5	אבן	אבנ/-/-/reviewed/reviewed form: Jastrow אֶבֶן ch. = h. אֶבֶן	{אבנ} n אבן[j:same:targum+midrash+bavli+yerushalmi] || J(אֶבֶן bh): stone; jewel; Stone Chamber || J(אֶבֶן ² ch): weight-stones; black marble stone || J(אֹבֶן): the potter’s turning implement; the passage of the embryo, vagina
120	אזל	5	הלך	אזל/-/-/exact/reviewed choice; the same analysis published in onkelos	{אזל} v הלך[k:def:pe:bavli] ; טוה[k:def:pe:bavli] || J(אֲזַל I bh): to be gone, to leave; to go; Imper; to depart life, die || J(אֲזַל II): to spin, weave
121	אילנא	5	האילן	אילנא/-/-/reviewed/reviewed form: Jastrow אִילָנָא "tree"	
122	אל	5		NO ANALYSIS	{אל} particle  || J(אַל־): appointed over treasures || J(אַל bh): not, no || J(אֶל bh): to turn; to, toward.; of itself, of my || J(אֵל bh): God
123	במלכות	5		NO ANALYSIS	
124	בעבר	5	בעבר	בעבר/-/-/reviewed/reviewed form: ב + עֲבַר	
125	ברמ	5	אבל	ברמ/-/-/reviewed/reviewed form: Jastrow בְּרַם "but"	{ברמ} particle  || J(בְּרַם ch): to split; besides; however.
126	דא	5	זאת	דא/-/-/reviewed/reviewed form: Jastrow דָּא "this (fem.)" (= h. זֹאת)	{דא} n זו[j:eq:targum+bavli+yerushalmi+midrash] || K: this | sie, diese || K: but | aber || J(דָּא I): this; not in this case || J(דָּא II): da da
127	הוו	5	היו	הוה/pe.perf.3mp/-/irregular/reviewed choice; the same analysis published in onkelos	{הוו} ?  || J(הֲווֹ): he who  ##  {הוה} v היה[r:reviewed:pe] || J(הַוָּה bh): change; misfortune || J(*הֵוָה): Ḥevah || J(הֲוָהּ): ah!
128	היא	5	היא	היא/-/-/reviewed/reviewed form: Jastrow הִיא ch. = h. הִיא	{היא} ?  || 
129	הקימ	5		AMBIGUOUS_SENSE קומ: העמיד	{קומ} v עמד, היה קיים[k:def:pe:bavli] ; מי חלב[k:def:mishnah] ; קום[j:same:pe:targum+bavli+midrash+yerushalmi+tanakh] ; העמיד[r:reviewed:af] || J(קוּם bh): to stand up, rise; to stand, exist; a transgression of a prohibitive law which you must re || J(קוּם ² ch): ḥălitsah; to ascertain; to bargain for || J(קוֹם): curdled milk, curd; whey; ḳom?
130	השתכחת	5	נמצאה	השתכחת/-/-/reviewed/reviewed form: Jastrow שְׁכַח Ithpe. "to be found", 3rd fem.	
131	ואלו	5	והנה	ואלו/-/-/reviewed/reviewed form: ו + Jastrow אֲלוּ "behold"	
132	ואנת	5	ואתה	ואנת/-/-/reviewed/reviewed form: ו + אַנְתְּ "thou"	
133	וארו	5		NO ANALYSIS	
134	וחזוי	5		NO ANALYSIS	
135	ומלכותה	5		NO ANALYSIS	
136	חד	5	אחד	חד/-/-/exact/the sense cited from targum; the same analysis published in onkelos	{חד} particle אחד[k:def:bavli] ; אחד[j:eq:targum+yerushalmi+bavli] || J(חַד I bh): pointed, sharp; swift; Pl. || J(חַד II): one, singular, particular; like one; together, simultaneously
137	חיי	5		NO_HEBREW_SENSE חיי	{חיי} v חיי[j:same:pe:targum+bavli] || J(חיי bh): to live; Part.; to heal; to recover, regain health || J(חֲיִי ch): Part. || J(חַיֵּי): life; the living
138	ידע	5	ידע	ידע/-/-/exact/the sense cited from targum; the same analysis published in onkelos	{ידע} v ידע[j:same:pe:targum+bavli+midrash] ; הודיע[r:reviewed:af] || J(יָדַע bh): to point out, select, love; to recognize, know; to find out; Part. pass || J(יְדַע ch): Hif.; Part. pass; friend
139	יתעבד	5		NO ANALYSIS	
140	לאלה	5	לאלוה	אלה/-/l/exact/the sense cited from tanakh; the same analysis published in onkelos	{אלה} n מקל שראשו מעובה[k:def:mishnah] ; קלשון[k:def:yerushalmi] ; אלוה[j:eq:tanakh+targum+midrash+yerushalmi] || J(אָלָה): to curse || J(אָלָה ² bh): to point; imprecation, curse || J(אֵלֶּה): these, those; v’elleh; elleh || J(אֵלָה bh): terebinth. || J(אַלָּה bh): lance, fork.; sign-pole || J(אֱלָהּ ch): God.; Pl.; gods.
141	לבית	5	לבית	לבית/-/-/reviewed/reviewed form: ל + בֵּית	
142	להחויה	5		NO ANALYSIS	
143	להמ	5		NO ANALYSIS	{להמ} ?  || J(לָהַם): Hithpa.
144	לקבל	5	כנגד	לקבל/-/-/reviewed/reviewed form: Jastrow לָקֳבֵל "opposite, in front of; corresponding to"	
145	לשדרכ	5		NO ANALYSIS	
146	מלכו	5		AMBIGUOUS pron:לכו/fixed "מלכם" ~ מלכו/ "עצה · מלכות, ממשלה"	{מלכו} n עצה[k:def] ; מלכות, ממשלה[k:def] || J(מִלְכוּ): consultation
147	מלכותה	5		NO ANALYSIS	
148	מנה	5	ממנה	pron:מנה/fixed/-/pronominal/pronominal preposition table; the same analysis published in onkelos	{מנה} n  || J(מָנֶה bh): one hundred; Maneh; Maneh || J(מָנָה I bh): share, portion || J(מָנָה II): to count
149	מנהונ	5	מהם	pron:מנהונ/fixed/-/pronominal/pronominal preposition table; the same analysis published in onkelos	
150	מנכ	5	ממך	pron:מנכ/fixed/-/pronominal/pronominal preposition table; the same analysis published in onkelos	
151	נחשא	5	נחושת	נחשא/-/-/exact/reviewed choice; the same analysis published in onkelos	{נחשא} n נחושת[k:def:targum] ; נחש, כשוף[k:def:midrash] || K: a man’s name | männlicher Name
152	עלמ	5	עולם	עלמ/-/-/reviewed/reviewed form: Jastrow עָלַם = h. עוֹלָם	{עלמ} v סגר ואטם[k:def:pa:midrash] ; חיזק[k:def:pa:targum] ; התחזק[k:def:itpe:targum] ; עולם[k:def:midrash+bavli] ; עלם[j:same:pe:targum] ; עולם[j:eq:targum+midrash+bavli] ; עולם הבא[j:eq:targum+midrash+bavli] ; עוֹלָם[h:wikt] || J(עָלַם I): to surround, tie up; to be strong; to tie up || J(עֲלֵם ch): to be strong; to strengthen; to be strengthened || J(עָלַם II bh): to surround, tie up; to conceal; ʿălumoth || J(עֶלֶם I): secret; l’‘elem; forgetfulness || J(עֶלֶם II bh): vigorous; lad; Fem || J(עָלַם III): eternity, world; 
153	ענו	5		NO ANALYSIS	
154	עשר	5	עשר	עשר/-/-/reviewed/reviewed form: Jastrow עֲשַׂר = h. עֶשֶׂר	{עשר} v עשר[j:same:pe:bavli] || J(עָשַׁר): to be strong, substantial, wealthy; to become wealthy; Hif. || J(עֲשַׁר ch): to become rich || J(עֶשֶׂר bh): ten.; eleven; twelve || J(עֲשַׂר I): eleven; twelve; g’rivas || J(עָשַׂר): Pi.; to give one-tenth, separate tithes; to reduce to one-tenth || J(עֲשַׂר II ch): Pa.; to tithe; Af.
155	פחת	5		AMBIGUOUS_SENSE פחת: ניקר וחיטט | מיעט | נתמעט | מיעט, החסיר | נשבר | כלי שבור | גרעון	{פחת} v ניקר וחיטט[k:def:pe:mishnah] ; מיעט[k:def:pe:mishnah] ; נשבר קצתו[k:def:itpe:mishnah] ; נתמעט[k:def:itpe:bavli] ; מיעט[k:def:mishnah+yerushalmi] ; נתמעט[k:def:midrash+bavli] ; מיעט, החסיר[k:def:bavli] ; נשבר[k:def:yerushalmi] ; נתמעט[k:def:itpe] ; כלי שבור[k:def] ; גרעון[k:def] ; פחת[j:same:pe:bavli+targum+yerushalmi+midrash] ; פחת[j:same:targum+bavli+yerushalmi+midrash+tanakh] || J(פָּחַת): to hollow out, dig; to diminish, lessen, decrease; to diminish, lessen. || J(פְּחַת ch): to diminish; to become defective, be broken; to become defective, be broken, damaged || J(פַּחַת): cavity, pit.; defective spot, breach; broken vessel, fragment. || J(פַּחַת ² ch): cavity, pit; deprec
156	פשרא	5		AMBIGUOUS_SENSE פישרא: פתרון | גרה שהבהמה מעלה	{פישרא} n פתרון[k:def:targum] ; גרה שהבהמה מעלה[k:def:targum] ; שלג נמס[k:def] || J(פִּישְׁרָא): solution, interpretation; dissolved food, cud; thawing snow
157	פתגמא	5	דבר	פתגמ/-/-/alias/the sense cited from targum; the same analysis published in onkelos	{פתגמ} n דבר[j:eq:targum] || J(פִּתְגָּם bh): decree; word; affair, event
158	צלמא	5		NO_HEBREW_SENSE צלמ	{צלמ} v צייר[k:def:pa:bavli] ; צלם[j:same:targum+midrash+yerushalmi+bavli] || J(צְלַם): to paint; dark || J(צֶלֶם bh): shadow, picture, image; ur’du; yerʾdu
159	קרנא	5		NO_HEBREW_SENSE קרנ	{קרנ} v קרן[j:same:targum+bavli+yerushalmi] || J(קָרַן bh): to emit horns; rays; to be horned. || J(קְרַן I): ḳaran; to join, harness, put to || J(קֶרֶן): joint, attachment; roundness, fulness; horn; shofars || J(קְרַן II ch): horn; strength; beam, ray; projection; corner
160	רברבנ	5		NO_HEBREW_SENSE רברבא	{רברבא} n  || J(רַבְרְבָא): great; great man; prince, officer.; Pl.; Fem.
161	שלטנ	5		NO ANALYSIS	{שלטנ} ?  || 
162	שתינ	5	ששים	שתינ/-/-/exact/single sense; the same analysis published in onkelos	{שתינ} particle ששים[k:def:midrash] || 
163	אבוכ	4		NO ANALYSIS	
164	אלהה	4		NO ANALYSIS	
165	אלינ	4	אלה	אלינ/-/-/reviewed/reviewed form: Jastrow אִלֵּין ch. = h. אֵלֶּה	
166	אמינ	4	אמה	אמתא/n.pl/-/source-form/the sense cited from targum; the same analysis published in onkelos	{אמתא} n אמה[k:def:bavli] ; שפחה[k:def:bavli] ; אמה[j:eq:targum+yerushalmi+bavli] || J(אַמְּתָא ch): cubit; membrum virile; enclosure; protection || J(אַמְתָא): hand-maid
167	אסר	4		NO_HEBREW_SENSE אסר	{אסר} v אסר[j:same:pe:targum+bavli+yerushalmi+tanakh] || J(אָסַר bh): to surround, enclose; to chain, imprison; to sentence to prison; to harness, put the horse || J(אֲסַר ch): to chain, imprison; to bind by spell, charm; to tie up, put on
168	ארבע	4		NO_HEBREW_SENSE ארבעה	{ארבע} ?  || J(אַרְבַּע): four  ##  {ארבעה} n ארבעה[j:same:targum+bavli+midrash] || J(אַרְבָּעָה I): four; forty || J(אַרְבְּעָה ch): the fourth; forty; fourteen, fourteenth || J(*אַרְבָּעָה II): couching
169	בגוה	4		NO ANALYSIS	
170	בחזוי	4		NO ANALYSIS	
171	בחיל	4		NO ANALYSIS	
172	ביתא	4	בית	ביתא/-/-/exact/reviewed choice; the same analysis published in onkelos	{ביתא} n בית[k:def:bavli] ; בת, מדת הלח[k:def:targum] ; בית[j:same:targum+bavli+midrash+yerushalmi] ; בת[j:eq:targum] || J(בֵּיתָא I ch): Pi.; the case of T’fillin; night-lodging || J(בֵּיתָא II): bath || J(בַּיְתָא): night-bird
173	בכ	4		NO ANALYSIS	
174	בר	4	בן	בר/-/-/exact/reviewed choice; the same analysis published in onkelos	{בר} n בקי[k:def:tosefta] ; בר[j:same:targum+bavli+yerushalmi+midrash] ; שדה[j:eq:targum+bavli+yerushalmi+midrash] ; חוץ[j:eq:targum+bavli+yerushalmi+midrash] ; בן[r:reviewed] || J(בַּר I bh): empty, open; uncultivated ground, forest, prairie;; buffalo || J(בַּר ch): forest, prairie; living in the forest; wild || J(בַּר II ch): son, offspring; grandson; a scholar || J(בַּר III bh): clear, bright, clean, pure; bar || J(בַּר IV bh): sifted; grain
175	גבא	4		REVIEW_GATE גבא/-/- "גב, הצד העליון · אצל, אל" n=4	{גבא} n גב, הצד העליון[k:def:bavli] ; אצל, אל[k:def:yerushalmi] ; ממעל ל־[k:def] ; הוקיר[k:def:itpe:targum] || K: to collect, to tax | einfordern, Steuern, Tribut, Strafe erheben || K: to fine, to confiscate, to gain | eintreiben, Vorteil ziehen || K: to be fined | erhoben werden (Strafe) || J(גֶּבֶא): cavity for collecting water, pond, cistern || J(גְּבָא): to collect
176	גברינ	4		REVIEW_GATE גבר/n.pl/- "היה חזק, הלך וגדול" n=4	{גבר} v היה חזק, הלך וגדול[k:def:pe:bavli+targum] ; חיזק[k:def:pa:targum] ; עשה שיתגבר[k:def:af:bavli] ; איש[k:def:bavli] ; גבר[j:same:pe:targum+bavli] ; גבר[j:same:targum+bavli+midrash] || K: a certain man, euphem: I, thou | ein gewisser Mann, (euphem): ich, du || J(גָּבַר bh): to be uppermost, prevail; to be strong; to make strong, strengthen, sustain; to grow stron || J(גְּבַר I ch): Pi.; growing, swelling; to make strong, to cause to overpower || J(גֶּבֶר bh): man, master; cock.; m
177	גלותא	4		REVIEW_GATE גלותא/-/- "גלות" n=4	{גלותא} n גלות[k:def] ; ראש הגולים בבבל[k:def] ; גלות[j:same:targum+bavli] || J(גָּלוּתָא ch): Resh-Galutha; exiles
178	דתא	4		NO_HEBREW_SENSE דת	{דת} n דת[j:same:tanakh] || J(דָּת bh): dîn; custom, law; judgment, punishment; religion
179	הנפק	4		NO ANALYSIS	{הנפק} n  || K: legalization | gerichtliche Bestätigung || J(הֶנְפֵּק): producing; the legal endorsement of a note, stating that it has been produced in court and
180	הקימת	4		NO ANALYSIS	
181	ואחשדרפניא	4		NO ANALYSIS	
182	ואנתה	4		REVIEW_GATE אנת/-/w "ואתה" n=4	{אנת} ? אתה[j:eq:tanakh+bavli] || J(אַנְתְּ): thou.
183	ואפ	4	ואף	ואפ/-/-/reviewed/reviewed form: ו + אַף	
184	וכנותהונ	4		NO ANALYSIS	
185	וכספא	4		NO ANALYSIS	
186	ולויא	4		NO ANALYSIS	
187	ולמנ	4		REVIEW_GATE מנ/-/wl "ולמאין" n=4	{מנ} n מאין[j:eq:bavli+tanakh] ; מן[j:same:targum+yerushalmi+bavli+midrash] ; מן[j:same:bavli+targum] ; מי[h:wikt] || J(מִן bh): from, of; more; less; than || J(מִן ² ch): from me; from thee;; from him || J(מָן I bh): portion, food; man; the manna || J(מַן I ch): a day’s; support; man || J(מַן): who?, what? || J(מָן III): thing, vessel, garment; coulter
188	ומלכא	4	והמלך	ומלכא/-/-/reviewed/reviewed form: ו + מַלְכָּא	
189	ופחותא	4		NO ANALYSIS	
190	ופרס	4		NO ANALYSIS	
191	ורברבנוהי	4		NO ANALYSIS	
192	ושמשי	4		NO ANALYSIS	
193	זמנא	4	פעם	זמנא/-/-/reviewed/reviewed form: Jastrow זִמְנָא "time, occasion" — "חד זמנא" = once	{זמנא} n עת[k:def:targum] ; פעם[k:def:targum] || 
194	זמרא	4		REVIEW_GATE זמרא/-/- "זמר" n=4	{זמרא} n שירה ונגינה[k:def] ; זמר[j:same:targum] || J(זַמָּרָא ch): Pl. || J(זְמָרָא I ch): musical instruments. || J(זִמְרָא): song, music
195	זני	4		NO_HEBREW_SENSE זנ	{זני} v  || J(זני bh): to run to and fro, wander;; to run after; to run away from; || J(זְנֵי): a runner; after men  ##  {זנ} ?  || J(זַן bh): quality, nature; kind, species
196	חמרא	4		AMBIGUOUS_SENSE חמרא: חמוד	{חמרא} n חמוד[k:def:bavli] || J(חַמְרָא): wine || J(חֲמָרָא): ass
197	ידיע	4		NO ANALYSIS	
198	יחלפונ	4		NO ANALYSIS	
199	יפל	4		NO ANALYSIS	
200	יצטבע	4		NO ANALYSIS	
201	יתירה	4		NO ANALYSIS	{יתירה} n  || J(יְתֵירָה): superfluity
202	יתרמא	4		NO ANALYSIS	
203	כדי	4		REVIEW_GATE כדי/-/- "סתם · בלבד" n=4	{כדי} v סתם[k:def:bavli] ; בלבד[k:def:bavli] ; בחנם, לחנם[k:def:bavli] ; אלא מעתה[k:def:bavli] || K: when | als || K: name of an Amora | Name eines Amoräers || J(כְּדִי I): when; now; that; as it is || J(*כְּדִי II): K’di; as the case may be
204	כהניא	4	כהן	כהנ/n.pl/-/source-form/the sense cited from targum; the same analysis published in onkelos	{כהנ} n כהן[j:eq:targum+bavli] || J(כֹּהֵן bh): standing, stationed; officer; priest || J(כָּהַן bh): Nithpa.; to be appointed priest, to act as priest || J(כָּהֵן ch): Fem || J(כָּהֵן ²): Kahen, Kahăna
205	כנמא	4		NO ANALYSIS	
206	כספ	4		AMBIGUOUS_SENSE כספ: צורף כסף | התבייש | בייש | גרם ירידת הערך	{כספ} n צורף כסף[k:def:tosefta] ; נעשה חוור[k:def:itpe:tosefta] ; ירד מערכו[k:def:af] ; בייש[k:def:af:yerushalmi] ; התבייש[k:def:pe] ; בייש[k:def:bavli] ; גרם ירידת הערך[k:def:bavli] ; נתבייש[k:def:itpe:targum+bavli] ; כסף[j:same:pe:targum+bavli] ; כסף[j:same:targum+yerushalmi+bavli] || J(כָּסַף bh): to peel, whiten; bright; to grow pale, fade, wither || J(כְּסַף I ch): to feel ashamed, frightened; Ithpe.; to frighten; to put to shame || J(כֶּסֶף bh): silver; a silver piece, M’ah; money, value || J(כַּסָּף): silver-smith
207	כספא	4		AMBIGUOUS_SENSE כספ: צורף כסף | התבייש | בייש | גרם ירידת הערך	{כספא} ?  ||   ##  {כספ} n צורף כסף[k:def:tosefta] ; נעשה חוור[k:def:itpe:tosefta] ; ירד מערכו[k:def:af] ; בייש[k:def:af:yerushalmi] ; התבייש[k:def:pe] ; בייש[k:def:bavli] ; גרם ירידת הערך[k:def:bavli] ; נתבייש[k:def:itpe:targum+bavli] ; כסף[j:same:pe:targum+bavli] ; כסף[j:same:targum+yerushalmi+bavli] || J(כָּסַף bh): to peel, whiten; bright; to grow pale, fade, wither || J(כְּסַף I ch): to feel ashamed, frightened; Ithpe.; to frighten; to put to shame || J(כֶּסֶף bh): silver; a silver piece, M’ah; money, value || J(כַּסָּף): silver-smith
208	כשדיא	4		NO_HEBREW_SENSE כשדי	{כשדי} n  || J(כַּשְׂדִּי bh): pl.; Chaldean; Pl.
209	כתורינ	4		NO ANALYSIS	
210	להודעתני	4		NO ANALYSIS	
211	להשניה	4		NO ANALYSIS	
212	לחכימי	4		NO ANALYSIS	
213	ליליא	4	לילה	ליליא/-/-/reviewed/reviewed form: Jastrow לֵילְיָא = h. לַיְלָה	
214	לשמיא	4	לשמים	שמיא/-/l/exact/the sense cited from targum; the same analysis published in onkelos	{שמיא} n שמים[j:eq:targum+bavli+yerushalmi] || J(שְׁמַיָּא): heaven; God.; arch, ceiling
215	מדינת	4		NO ANALYSIS	
216	מלכות	4		NO ANALYSIS	{מלכות} n  || J(מַלְכוּת bh): kingdom, government; office.; a benediction invoking God as king; the references to the di
217	מלכותי	4		NO ANALYSIS	
218	נור	4		NO_HEBREW_SENSE ניר	{נור} n  || J(נוּר ²): fire  ##  {ניר} v ניר[j:same:targum] ; ניר[j:same:targum] ; ניר[j:same:targum+yerushalmi+bavli] || J(נִיר I bh): to conquer; to break ground, clear; to plough over repeatedly || J(נִיר II bh): clearing, ploughing over; newly broken land. || J(נִיר III ch): nîru; yoke; servitude || J(נִיר IV): cross-beam of the loom; the cross-rod; the leashes
219	סגניא	4		NO_HEBREW_SENSE סגנ	{סגנ} n סגן[j:same:targum+bavli+midrash] || J(סָגָן bh): grandee, chief, viceroy; the chief of the priests, adjutant high priest. || J(סְגַן ch): pl.; Pl.
220	ספרא	4	ספר	ספרא/-/-/exact/the sense cited from targum; the same analysis published in onkelos	{ספרא} n ספר[k:def:bavli] ; סופר[k:def:bavli] ; מלמד[k:def:yerushalmi] ; ספר[j:eq:targum+bavli+yerushalmi] || K: a halakhic Midrash on Leviticus | ein halachischer Midrasch zum 3. Buch Mosis || K: name of an Amora | Name eines Amoräers || J(סִפְרָא ch): Biblical book; Pentateuch; Sifra; of the school
221	עדנינ	4		NO ANALYSIS	
222	עלה	4	עליה	עלה/-/-/reviewed/reviewed form: עַל + ־הּ	{עלה} v שיבח[k:def:pa:mishnah] ; ביטל[k:def:mishnah] ; הביא בחשבון[k:def:mishnah] ; התרומם[k:def:itpa:bavli] || J(עָלֶה bh): cover; foliage, leaf
223	עלי	4		NO_HEBREW_SENSE עלי	{עלי} v עלי[j:same:pe:targum] || J(עלי bh): to go up, rise; to come up, arrive; ‘ăle ‘ayin; ‘ole ‘ayin || J(עֲלֵי ch): Hif.; to balance; to estimate, value; to be elevated, exalted || J(עֱלִי bh): pestle
224	עליונינ	4		NO_HEBREW_SENSE עליונ	{עליונ} n  || J(עֶלְיוֹן bh): uppermost, highest; most high; lof; Fem
225	פלחינ	4	עובד עבודה זרה	פלחא/n.pl/-/source-form/the sense cited from targum; the same analysis published in onkelos	{פלחא} n עובד עבודה זרה[k:def:targum] ; פלח[j:same:targum+yerushalmi+midrash] || J(פִּלְחָא ch): millstone; slice, portion || J(פָּלְחָא): worker; servant; worshipper. || J(פָּלְחָא ²): Ithpa.; breaking through, birth.; first-born
226	צבא	4		AMBIGUOUS צבי/ "חפץ, רצה" ~ ציבא/ "צב"	{צבא} n  || J(צָבָא ² bh): to join, follow; service; army, host; Pl.  ##  {צבי} v חפץ, רצה[k:def:pe:targum] || J(צבי bh): to swell; to cause to swell; to cause the appearance of being swollen || J(צְבֵי): to seize; to bend; to find pleasure in, to choose, desire || J(צְבִי bh): desirable thing, beauty; deer, gazelle || J(צְבִי ² ch): desire
227	קרא	4		REVIEW_GATE קרא/-/- "מקרא" n=4	{קרא} n קשוא בצורת בקבוק[k:def:bavli] ; בקי במקרא[k:def] ; קרא[j:same] ; מקרא[j:eq:targum+bavli] ; דלעת[h:wikt] || K: Biblical verse | Bibelvers || J(קָרָא I): pumpkin, gourd; all kinds of gourds || J(קָרָא II): to call || J(קְרָא II): Biblical verse; babboḳer || J(קַרָא): a Biblical scholar, Bible teacher; Pl.; Karaites
228	ראשה	4		AMBIGUOUS_SENSE ריש: עומד בראש, נשיא | התחלה | החלק העליון | ארס	{ריש} n ראש, גלגולת[k:def:bavli] ; עומד בראש, נשיא[k:def:targum] ; התחלה[k:def:targum] ; החלק העליון[k:def:targum] ; ארס[k:def:targum] ; ראש[j:eq:targum+bavli+yerushalmi+midrash+tosefta] ; ראש[j:eq:targum] || J(רִישׁ bh): poverty, misery || J(רֵישׁ II): head, chief; beginning, first thing, firstling; at first, formerly || J(רֵישׁ III): drop; poison; pl.
229	ראשי	4		NO ANALYSIS	
230	רביעאה	4	רביעי	רביעאה/-/-/exact/the sense cited from targum; the same analysis published in onkelos	{רביעאה} adj רביעי[k:def:targum] ; רביעי[j:eq:targum] || J(רְבִיעָאָה): fourth; Fem.
231	רזה	4		NO ANALYSIS	{רזה} n  || J(רָזֶה bh): hard, lean.
232	רחומ	4		NO ANALYSIS	{רחומ} n  || J(רַחוּם bh): merciful
233	שלו	4		REVIEW_GATE שלו/-/- "טעות" n=4	{שלו} n טעות[k:def:targum] || J(שָׁלֵו bh): to be lax,; to rest, be at ease, careless || J(שָׁלֵו ² bh): at ease, secure
234	שנינ	4	שנים	שנינ/-/-/reviewed/reviewed form: plural of שַׁתָּא "year" (Jastrow שְׁנִין)	
235	תהוא	4		NO ANALYSIS	
236	תלתא	4	שלושה	תלתא/-/-/reviewed/reviewed form: Jastrow תְּלָת ch. "three" (= h. שָׁלֹשׁ)	{תלתא} n שליש[k:def:targum] || J(תִּלְתָּא): a third part; having reached one-third of the full growth; a third-grown calf
237	תמה	4		NO_HEBREW_SENSE תמה	{תמה} v תמה והשתומם[k:def:af:midrash] ; עורר תמהון[k:def:af:bavli] ; תמה[j:same:pe:targum+midrash+bavli+tanakh] || J(תָּמַהּ bh): to stand still,; to be astonished, amazed; to wonder; to be undecided; to create astonishm || J(תְּמַהּ ch): to wonder; to be astonishing; Ithpe.
238	תנדע	4		NO ANALYSIS	
239	אחשדרפניא	3		NO ANALYSIS	{אחשדרפניא} n  || J(אֲחַשְׁדַּרְפְּנַיָּא): satraps, Persian governors.
240	אנונ	3	הם	pron:אנונ/fixed/-/pronominal/pronominal preposition table; the same analysis published in onkelos	{אנונ} ?  || 
241	ארגונא	3		NO ANALYSIS	
242	בארעא	3	באדמה, ארץ	ארעא/-/b/exact/reviewed choice; the same analysis published in onkelos	{ארעא} n אדמה, ארץ[k:def:bavli+targum] ; מקרה[k:def:targum] ; פגע[k:def] || J(אִרְעָא): accident, occurrence; evils, diseases || J(אַרְעָא): land, earth, ground, field; gout, sore on the toes; fields
243	בבית	3		AMBIGUOUS ביתא/ "בבית" ~ פרס/n.pl "בהעריך"	{ביתא} n בית[k:def:bavli] ; בת, מדת הלח[k:def:targum] ; בית[j:same:targum+bavli+midrash+yerushalmi] ; בת[j:eq:targum] || J(בֵּיתָא I ch): Pi.; the case of T’fillin; night-lodging || J(בֵּיתָא II): bath || J(בַּיְתָא): night-bird
244	בגוא	3		NO ANALYSIS	
245	בידה	3		REVIEW_GATE בדה/-/- "המציא מלבו · הפריש, בחר" n=3	{בדה} v המציא מלבו[k:def:pe:bavli] ; הפריש, בחר[k:def:pe:mishnah] ; שיקר[k:def:pa] ; נתפס בדברי שקר[k:def:itpa] || 
246	בידכ	3		NO ANALYSIS	
247	בלו	3		REVIEW_GATE בלו/-/- "מס האוכל" n=3	{בלו} n מס האוכל[k:def:tanakh] || J(בְּלוֹ): a tax; biltu; capitation tax;
248	במלכותא	3		REVIEW_GATE מלכותא/-/b "בממשלה" n=3	{מלכותא} n ממשלה[k:def:bavli] || J(מַלְכוּתָא): kingdom, rulership; Pl.
249	בנינ	3	בנים	בנינ/-/-/reviewed/reviewed form: plural of בַּר	{בנינ} n  || J(בִּנְיָן bh): building, structure; erection; standard rule; human frame, skeleton.
250	בעא	3	שאל	בעא/-/-/reviewed/reviewed form: Krupnik בְּעֵי 1) "שאל" (בעא מיניה = asked of him), the perfect	
251	בעל	3		REVIEW_GATE בעל/-/- "שכב אשה" n=3	{בעל} v שכב אשה[k:def:pe] ; בעל[j:same:pe:targum+bavli] || J(בָּעַל bh): to enter into, take possession; to be master, protect;; to have sexual intercourse || J(בְּעַל ch): married, having had intercourse || J(בַּעַל bh): husband; the idol Baal; the fructifier
252	בשנת	3		NO ANALYSIS	
253	גשמה	3		REVIEW_GATE גשמה/-/- "בריח" n=3	{גשמה} n בריח[k:def:bavli] || J(גְּשָׁמָה): frame, door-stop
254	דארינ	3		NO ANALYSIS	
255	דירינ	3		REVIEW_GATE דירא/n.pl/- "רפת" n=3	{דירא} n אכסניא[k:def:bavli] ; אכסניא[k:def:bavli] ; רפת[k:def:targum] ; רפת[k:def:targum] || J(דִּירָא): shed; tent
256	דכנ	3		NO_HEBREW_SENSE דכנ	{דכנ} v כתת[k:def:pa] ; דכן[j:same:pe:targum] || J(דָּכַן): Pi.; to pound || J(דְּכַן ch): to crush
257	הודע	3		REVIEW_GATE ידע/af.perf.3ms/- "הודיע" n=3	{הודע} ?  || J(הוֹדַע): Af.  ##  {ידע} v ידע[j:same:pe:targum+bavli+midrash] ; הודיע[r:reviewed:af] || J(יָדַע bh): to point out, select, love; to recognize, know; to find out; Part. pass || J(יְדַע ch): Hif.; Part. pass; friend
258	הות	3	היתה	הוה/pe.perf.3fs/-/irregular/reviewed choice; the same analysis published in onkelos	{הוה} v היה[r:reviewed:pe] || J(הַוָּה bh): change; misfortune || J(*הֵוָה): Ḥevah || J(הֲוָהּ): ah!
259	היתיו	3		REVIEW_GATE אתא/af.perf.3mp/- "באו" n=3	{אתא} v סימן[k:def:targum] ; בא[k:def:pe:bavli] ; הביא[r:reviewed:af] || J(אָתָא I): letter, sign || J(אֲתָא ch): to join; to come, to arrive; to occur to; surely, indeed || J(*אָתָא III): Great Bear, Ursa Major
260	הלא	3		NO_HEBREW_SENSE הול	{הלא} ?  || J(הָלָא bh): further on  ##  {הול} v  || J(הוּל): to be merry.; —Polel; to deride, laugh at
261	המונ	3		NO_HEBREW_SENSE המונ	{המונ} n המון[j:same:targum] || J(הָמוֹן bh): noise, tumult; multitude || J(הָמוֹן ² ch): multitude
262	הרגשו	3		NO ANALYSIS	
263	ואבנא	3		NO ANALYSIS	
264	וביתה	3		REVIEW_GATE pron:יתה/fixed/wb "ובאותה" n=3	
265	ודהבא	3	וזהב	דהבא/-/w/exact/reviewed choice; the same analysis published in onkelos	{דהבא} n זהב[k:def:yerushalmi] ; מטבע של זהב[k:def:bavli] || 
266	והוא	3		AMBIGUOUS rev:הוא/ "והוא" ~ הוא/ "והיה"	
267	והלכ	3		NO ANALYSIS	
268	והמונכא	3		NO ANALYSIS	
269	והמניכא	3		NO ANALYSIS	
270	והנ	3		AMBIGUOUS_SENSE הנ: זה, ההוא	{הנ} other זה, ההוא[k:def] || K: here | hier || J(הֵן): they || J(הֵן ² ch): here is, behold; behold, they are; how?, indeed! || J(הָן): he who; this one, that one; what?
271	ויסגד	3		NO ANALYSIS	
272	וכענ	3	ועתה	וכענ/-/-/reviewed/reviewed form: ו + כְּעַן	
273	וכענת	3		NO ANALYSIS	
274	ולצלמ	3		NO ANALYSIS	
275	ומטל	3		NO ANALYSIS	
276	ומלכו	3		AMBIGUOUS pron:לכו/fixed "ומלכם" ~ מלכו/ "ועצה · ומלכות, ממשלה"	
277	ומנהונ	3		REVIEW_GATE pron:מנהונ/fixed/w "ומהם" n=3	
278	ומנהינ	3		NO ANALYSIS	
279	ורומה	3		NO ANALYSIS	
280	ושבעה	3		NO ANALYSIS	
281	ושחיתה	3		NO ANALYSIS	
282	ושכלתנו	3		NO ANALYSIS	
283	ושלטנה	3		NO ANALYSIS	
284	חיוה	3		NO ANALYSIS	
285	חכמתא	3	חכמה	חכמתא/-/-/exact/the sense cited from targum; the same analysis published in onkelos	{חכמתא} n חכמה[k:def:targum] || 
286	חספ	3		REVIEW_GATE חספ/-/- "חרש" n=3	{חספ} v כתש[k:def:pa:yerushalmi] ; הלבין, החויר[k:def:itpe] ; חרש[j:eq:targum+bavli+midrash] || J(חֲסַף I): to peel off; to be scaly, rough; to pound grain || J(חֲסַף II): rough clay; clay vessel; something with which to peel or scrape
287	חספא	3		REVIEW_GATE חספא/-/- "טיט" n=3	{חספא} n חרס[k:def] ; טיט[k:def:targum] || J(חַסְפָּא): shame;; idol; ḥeres
288	טעמא	3		REVIEW_GATE טעמא/-/- "סבה · טעם" n=3	{טעמא} n סבה[k:def:bavli] ; טעם[k:def] || J(טָעֲמָא): pleader.; pleaders
289	יבהלנני	3		NO ANALYSIS	
290	יהיב	3		NO_HEBREW_SENSE יהב	{יהב} v  || J(יְהַב): to give; to deal; to put, place
291	יומיא	3		NO_HEBREW_SENSE יומ	{יומ} ? יום[j:same:targum+bavli+midrash] || J(יוֹם bh): light, day; astronomical; day; || J(יוֹם ² ch): at once; of the same day, one day old, used the same day; Yoma
292	יומינ	3	ימים	יומינ/-/-/reviewed/reviewed form: plural of יוֹמָא	
293	יכל	3		REVIEW_GATE יכול/-/- "שמא תאמר" n=3	{יכול} v שמא תאמר[k:def] ; כאילו[k:def] || J(יָכוֹל bh): capable, able to sustain, enduring;; to be capable, able; one can, may; it is possible; yo
294	יכלינ	3		NO ANALYSIS	
295	יפלחונ	3		NO ANALYSIS	
296	יצבא	3		AMBIGUOUS יצב/pe.ptcp.fs "פַּעל, ביסס" ~ צבי/pe.impf.3ms "חפץ, רצה"	{יצב} v פַּעל, ביסס[k:def:targum] ; יצב[j:same:pe:tanakh+targum] || J(יָצַב bh): to stand, be erect; to place one’s self; to be firm || J(יְצַב ch): to establish; to ascertain
297	ישגא	3		AMBIGUOUS_SENSE שגי: נבוך | נפקד, נעדר	{שגי} v נבוך[k:def:pe:targum] ; טעה[k:def:pe] ; נפקד, נעדר[k:def:pe:targum] ; שגי[j:same:pe:targum+bavli] || J(שגי bh): to be confused; to reel; to err; to cause to reel; to lead astray || J(שְׁגֵי ch): to reel, be intoxicated; to err, deviate; to be lost, missed
298	יתב	3	ישב	יתב/-/-/exact/reviewed choice; the same analysis published in onkelos	{יתב} v ישב[k:def:pe:bavli] ; נתן[k:def:pe:bavli] ; הושיב[k:def:pa:targum] ; הרגיע[k:def:pa] ; הושיב[k:def:af:targum] ; הקשה, שאל[k:def:af] ; נח[k:def:itpe:bavli] ; ישב[j:eq:targum+bavli+tanakh+midrash] ; הושיב[r:reviewed:af] || K: i>to dwell | sich aufhalten || J(יתֵב ch): to sit, dwell; to be inhabited, settled; inhabited || J(יְתֵב II): to give; to place; to give || J(יָתֵב): inhabitant
299	יתוב	3		NO ANALYSIS	
300	יתירא	3		REVIEW_GATE יתירא/-/- "יתר, חבל" n=3	{יתירא} n יתר, חבל[k:def:bavli] || J(יְתֵירָא): cord
301	יתננה	3		NO ANALYSIS	
302	כדנה	3		REVIEW_GATE rev:דנה/-/k "כזה" n=3	
303	כלא	3	הכל	כלא/-/-/reviewed/reviewed form: Jastrow כֹּלָּא "all, everything"	
304	כשדאי	3		REVIEW_GATE כשדאה/n.pl/- "כשדי" n=3	{כשדאה} adj כשדי[k:def:targum] || 
305	כתב	3		REVIEW_GATE כתב/-/- "כתב" n=3	{כתב} v כתב ורשם[k:def:pe:bavli] ; נכתב ונרשם[k:def:itpe:targum+bavli] ; כתב[j:same:pe:targum+bavli+tanakh+midrash+mishnah] ; כתב[j:same:targum+midrash] || J(כָּתַב): to join sign to sign; to compose, write; to promise in writing, to will, assign, consign;  || J(כְּתַב I ch): the text reads; evening; it is written, it reads || J(כְּתָב bh): writing, writ; character.; signature
306	כתבה	3		NO ANALYSIS	{כתבה} other  || K: a man’s name | männlicher Name
307	לגבא	3		NO ANALYSIS	
308	לחנכת	3		NO ANALYSIS	
309	למבנא	3		NO ANALYSIS	
310	לצלמ	3		NO ANALYSIS	
311	לצלמא	3		NO ANALYSIS	
312	מדינתא	3		REVIEW_GATE מדינתא/-/- "מדינה" n=3	{מדינתא} n כרך[k:def:midrash] ; מדינה[j:eq:targum+bavli+midrash] || 
313	מהודעינ	3		NO ANALYSIS	
314	מלכותכ	3		NO ANALYSIS	
315	מלכיא	3		REVIEW_GATE מלכיא/-/- "מחלה" n=3	{מלכיא} n מחלה[k:def:midrash] || J(*מַלַכְיָא): want of appetite, nausea
316	מלת	3		REVIEW_GATE מלת/-/- "תנוך האוזן" n=3	{מלת} v נהג בספינה[k:def:pa:bavli] ; נמלח[k:def:itpe:targum+bavli] ; תנוך האוזן[k:def:midrash] || 
317	מנא	3		REVIEW_GATE מנא/-/- "מנין" n=3	{מנא} n כלי[k:def] ; מנין[k:def:bavli+midrash] ; מנין[j:eq:bavli+midrash] || K: name of an Amora | Name eines Amoräers || J(מְנָא I): who?, what? || J(מְנָא II): whence?; whence is it proven?; whence do we have this?, how do we know? || J(מַנָּא): manna || J(מְנֵא): to count || J(מָנָא III): Mana; Mona || J(מָנָא IV): a weight
318	משכבי	3	משכב	משכבא/n.sg/-/source-form/the sense cited from targum; the same analysis published in onkelos	{משכבא} ? משכב[j:same:targum+bavli] || 
319	משרוקיתא	3		NO ANALYSIS	
320	נשתונא	3		NO ANALYSIS	
321	סגדינ	3		NO ANALYSIS	
322	סופא	3		NO_HEBREW_SENSE סופ	{סופ} n סוף[j:same:targum] ; סוף[j:same:pe:targum+midrash] ; סוף[j:same:targum+yerushalmi+bavli] || J(סוּף I bh): reed, bulrush.; the sea of Suf; ăgam || J(סוּף II bh): to cut; to be cut off; to end; to cut, diminish; to exterminate; Part. pass || J(סוּף ² ch): to finish; to destroy; to cease; to finish; to consume, ruin || J(סוֹף bh): end.; remnant; fruit remaining on the tree after harvest time,
323	ספר	3		REVIEW_GATE ספר/-/- "שפת הים" n=3	{ספר} n ספירה[k:def:mishnah] ; גבול[k:def:bavli] ; שפת הים[k:def:tanakh] ; גלב[k:def:mishnah] ; מלמד מקרא[k:def:yerushalmi] ; ספר[j:same:pe:targum+midrash] ; ספר[j:same:midrash] ; סופר[j:eq:targum+bavli+yerushalmi+midrash+mishnah] || J(סָפַר bh): to cut; to mark; to write; to count; Pi. || J(סְפַר ch): to count, mark, write; to shear; to cut, shear, shave || J(סַפָּר): Bible teacher; ṭebel; hair-cutter, barber || J(סַפָּר ² ch): hair-cutter || J(סְפָר): mark; march; boundary, border district || J(סְפַר ² ch): sea-district || J(ס
324	סרכיא	3		REVIEW_GATE סרכא/n.pl/- "מנהג · ענף, שריג" n=3	{סרכא} n מנהג[k:def:bavli] ; ענף, שריג[k:def:midrash] ; סרך[j:same:bavli+midrash] || J(סִרְכָא ch): adhesion; cohesion; an adhesion || J(סָרְכָא): Saf.; manager; commander
325	עבדת	3		NO ANALYSIS	
326	עבידת	3		NO ANALYSIS	
327	עלינא	3		NO_HEBREW_SENSE עלי	{עלי} v עלי[j:same:pe:targum] || J(עלי bh): to go up, rise; to come up, arrive; ‘ăle ‘ayin; ‘ole ‘ayin || J(עֲלֵי ch): Hif.; to balance; to estimate, value; to be elevated, exalted || J(עֱלִי bh): pestle
328	עמה	3	עמו	עמה/-/-/reviewed/reviewed form: עִם + ־הּ "with him"	{עמה} v תשש, רפה[k:def:af:midrash] ; עכור ועמום[k:def:midrash] || 
329	עקר	3		NO_HEBREW_SENSE עקר	{עקר} v עשה לָעקר[k:def:af:midrash] ; נעשה עקר[k:def:itpa:midrash] ; עקר[j:same:pe:targum+bavli] || K: to uproot | entwurzeln || J(עָקַר bh): to be curved, bent; root; to uproot, tear loose, detach, remove; to eradicate, undo, aboli || J(עֲקַר I ch): to uproot; to uproot, destroy; to mutilate, hamstring; Pe. || J(עָקָר bh): rootless; sterile, impotent, barren; ḳaʿãrath
330	פסנתרינ	3		NO ANALYSIS	
331	פרס	3		REVIEW_GATE פרס/-/- "העריך" n=3	{פרס} v שבר, בצע[k:def:pe] ; התפרסם[k:def:itpe:midrash] ; חתיכה, פרוסה[k:def:tosefta] ; מזון[k:def:bavli] ; חצי מנה[k:def:mishnah] ; מסך[k:def:midrash+bavli] ; רשת[k:def:tosefta+bavli] ; פרס[j:same:pe:targum+midrash+tanakh+bavli+yerushalmi] ; העריך[j:eq:targum+midrash+tanakh+bavli+yerushalmi] ; פרס[j:same:targum] || J(פָּרַס I bh): to split, break; to break bread and say grace; to break through || J(פְּרַס I ch): to split, divide, break; to break bread and say grace; Af. || J(פְּרָס): part, half; a piece; a certain quantity of bread || J(פְּרַס II ch): the slave’s; serf’s fare || J(פָּרָס): curtain, canopy, bal
332	פרשגנ	3		NO ANALYSIS	
333	פשר	3		AMBIGUOUS_SENSE פשר: נמס | עשה פשרה וחוזה | התיר ונתק | תיווך	{פשר} v נמס[k:def:pe] ; עשה פשרה וחוזה[k:def:pe:yerushalmi] ; נעשה קצת חם[k:def:itpe:bavli] ; התיר ונתק[k:def:yerushalmi] ; תיווך[k:def:yerushalmi] ; עשה את המים פושרים[k:def:af:bavli] ; עשה פשרה, השלים[k:def:af:yerushalmi] ; פשר[j:same:pe:targum+bavli+midrash] || K: to be tepid | lauwarm sein || J(פָּשַׁר): to divide, to spread; to melt, dissolve; to be stale, tepid || J(פְּשַׁר I ch): to melt, be dissolved; to vanish, be broken; to dissolve || J(פַּשַּׁר): interpreter || J(פְּשַׁר II): interpretation
334	קדמיה	3		NO_HEBREW_SENSE קדמי	{קדמי} n  || J(קַדְמַי): first, former, previous; Fem.; in ancient times
335	קיתרס	3		AMBIGUOUS_SENSE קתרוס: ארז	{קתרוס} n ארז[k:def:bavli] || K: name of a family | Familienname || J(קַתְרוֹס I): cedar || J(קַתְרוֹס III): lute; lyre
336	קתרוס	3		AMBIGUOUS_SENSE קתרוס: ארז	{קתרוס} n ארז[k:def:bavli] || K: name of a family | Familienname || J(קַתְרוֹס I): cedar || J(קַתְרוֹס III): lute; lyre
337	רבא	3	גדול	רבא/-/-/reviewed/reviewed form: Jastrow רַבָּא ch. "great"	
338	רבה	3		REVIEW_GATE רבה/-/- "לקח רבית · הכניס בכלל" n=3	{רבה} v לקח רבית[k:def:mishnah] ; הכניס בכלל[k:def] ; נתוסף[k:def:itpa:mishnah] || K: great | groß || K: teacher | Lehrer || K: name of Amoraim | Name von Amoräern || K: lady | Herrin || J(רָבֶה): moist, saturated with liquid || J(רַבָּה I): large, great; senior; teacher; Fem.
339	רשימ	3		NO_HEBREW_SENSE רש	{רש} n  || J(רָשׁ bh): dispossessed; poor; râsh
340	שאל	3		REVIEW_GATE שאל/-/- "דרש, בקש" n=3	{שאל} v ניתן בתורת שאילה[k:def:itpe:bavli] ; חקר ודרש[k:def:af:bavli] ; דרש, בקש[k:def:pe:targum] ; חקר דבר מפי אחרים[k:def:pe:yerushalmi] ; שאל[j:same:pe:targum+bavli+yerushalmi+midrash] || K: to borrow | entleihen || J(שָׁאַל bh): to ask, beg; to inquire, question; Nif.; to salute || J(שְׁאַל ch): to ask, inquire, beg.; to borrow; to ask, borrow
341	שבכא	3		NO ANALYSIS	
342	שבקו	3		NO ANALYSIS	
343	שניה	3		NO_HEBREW_SENSE שניא	{שניה} ?  || K: incest of second degree | zweiter Grad des Eheverbotes  ##  {שניא} n  || J(שַׁנְיָא): different, a different thing; strange thing, folly
344	שרשוהי	3		NO ANALYSIS	
345	תהוה	3		NO ANALYSIS	
346	תורינ	3		REVIEW_GATE תור/n.pl/- "שור" n=3	{תור} n שוור, נוהג בשוורים[k:def] ; שור[j:eq:targum+midrash+tanakh+yerushalmi+bavli] || J(תּוּר I bh): to go around; to espy || J(תּוּר II ch): to be awake; to awaken || J(תּוֹר I bh): turn, order.; string, twist.; —Pl. || J(תּוֹר II bh): turtle-dove || J(תּוֹר): aurochs; tor; dove
347	תחתוהי	3		NO ANALYSIS	
348	תלתה	3		REVIEW_GATE תלת/-/- "שלש" n=3	{תלת} v חילק לשלשה חלקים[k:def:pa:targum] ; עשה בפעם השלישית[k:def:pa:targum] ; נעשה בפעם השלישית[k:def:itpe:targum] ; שלש[j:eq:targum+bavli+yerushalmi] || J(תַּלֵּת): to divide into three parts; to do a third time; Part. pass || J(תְּלַת): three; on the third; thirteen
349	תתבנא	3		NO ANALYSIS	
350	תתחבל	3		NO ANALYSIS	
351	אגרתא	2		RARE_UNREVIEWED אגרתא// "אגרת"	{אגרתא} ? אגרת[j:same] || 
352	אדרגזריא	2		NO ANALYSIS	{אדרגזריא} n  || J(אֲדַרְגָּזְרַיָּא): title of high officers.; adarg; governors
353	אזדא	2		NO_HEBREW_SENSE אזד	{אזדא} n  || J(אַזְדָּא): it is; decreed; this  ##  {אזד} v  || J(אֲזַד): to be cut off; to go apart, be gone
354	אחרנ	2		REVIEW_GATE אחרנ/-/- "אחרון" n=2	{אחרנ} n אחרון[j:eq:targum+tanakh+midrash+bavli] || 
355	איתיכונ	2		RARE_UNREVIEWED נתכ/pe.impf.3mp/ "יענשו"	{נתכ} v ענש[k:def:pe:targum] ; אַתֵּךְ המס והתיך באש[k:def:pa:targum+tanakh] ; נתך[j:same:pe:targum+midrash] || J(נָתַךְ bh): to cut, reduce, smelt; to be smelted, reduced to slags; to smelt, cast, pour || J(נְתַךְ I ch): to melt, cast, pour; Hof || J(*נְתַךְ II): Pi.; to distrain, fine
356	אכלה	2		NO ANALYSIS	{אכלה} n  || J(אָכְלָה I): mud-eater || J(אָכְלָה II): occupied space.
357	אלההונ	2		NO ANALYSIS	
358	אלההמ	2		NO ANALYSIS	
359	אלהי	2		NO_HEBREW_SENSE להי	{להי} v  || J(לְהִי): to be bent;; to be tired; to tire, annoy
360	אלהכמ	2		NO ANALYSIS	
361	אלפ	2		NO_HEBREW_SENSE אלפ	{אלפ} n אלף[j:same:targum+bavli+yerushalmi] || K: the first letter of the alphabet | der erste Buchstabe des Alphabets || J(אֶלֶף bh): thousand.; Du.; a million || J(אֲלַף II): to join, be joined; to become used; to learn, study, train one’s self; accustomed, used to
362	אמרו	2	אמרו	אמר/pe.perf.3mp/-/irregular/the sense cited from targum; the same analysis published in onkelos	{אמר} v הלעיט[k:def:af:bavli] ; אמר[j:same:pe:targum+bavli+yerushalmi] ; טלה, כבש[h:wikt] || J(אָמַר I bh): to join, knot; to be knotted, thick;; to heap up;; to join words, compose || J(אֲמַר ch): they say, it is said; Inf; does this mean to say? || J(אָמַר II bh): to be thick, strong; to thrive; to boast, vaunt, be oppressive; to fatten || J(אִמַּר): lamb
363	אמרנא	2		REVIEW_GATE אמר/pe.ptcp.1s/- "אני אומר" n=2	{אמר} v הלעיט[k:def:af:bavli] ; אמר[j:same:pe:targum+bavli+yerushalmi] ; טלה, כבש[h:wikt] || J(אָמַר I bh): to join, knot; to be knotted, thick;; to heap up;; to join words, compose || J(אֲמַר ch): they say, it is said; Inf; does this mean to say? || J(אָמַר II bh): to be thick, strong; to thrive; to boast, vaunt, be oppressive; to fatten || J(אִמַּר): lamb
364	אנושא	2		NO_HEBREW_SENSE אנוש	{אנוש} n  || J(אֱנוֹשׁ bh): man.; the Men. of the Great Assembly, Synagoga Magna || J(*אָנוּשׁ): strong, severe, overwhelming; anush; strong;
365	אנחנא	2	אנו	pron:אנחנא/fixed/-/pronominal/pronominal preposition table; the same analysis published in onkelos	{אנחנא} ?  || 
366	אנחנה	2		NO ANALYSIS	
367	אנפוהי	2		NO ANALYSIS	
368	אסרא	2		NO_HEBREW_SENSE אסר	{אסרא} n  || J(אָסְרָא): one who forbids  ##  {אסר} v אסר[j:same:pe:targum+bavli+yerushalmi+tanakh] || J(אָסַר bh): to surround, enclose; to chain, imprison; to sentence to prison; to harness, put the horse || J(אֲסַר ch): to chain, imprison; to bind by spell, charm; to tie up, put on
369	אע	2		NO ANALYSIS	{אע} n  || J(אָע ch): wood, woods;; wooden handle.; Hebr.
370	אעא	2		NO_HEBREW_SENSE אע	{אע} n  || J(אָע ch): wood, woods;; wooden handle.; Hebr.
371	אפרסכיא	2		NO ANALYSIS	
372	ארבעה	2		NO_HEBREW_SENSE ארבעה	{ארבעה} n ארבעה[j:same:targum+bavli+midrash] || J(אַרְבָּעָה I): four; forty || J(אַרְבְּעָה ch): the fourth; forty; fourteen, fourteenth || J(*אַרְבָּעָה II): couching
373	אשפיא	2		NO_HEBREW_SENSE אשפ	{אשפ} n אשף[j:same:tanakh] || J(אַשָּׁף bh): enchanter; astrologer; Ashshafim
374	אשפינ	2		NO_HEBREW_SENSE אשפ	{אשפ} n אשף[j:same:tanakh] || J(אַשָּׁף bh): enchanter; astrologer; Ashshafim
375	אתא	2	בא	אתא/-/-/exact/reviewed choice; the same analysis published in onkelos	{אתא} v סימן[k:def:targum] ; בא[k:def:pe:bavli] ; הביא[r:reviewed:af] || J(אָתָא I): letter, sign || J(אֲתָא ch): to join; to come, to arrive; to occur to; surely, indeed || J(*אָתָא III): Great Bear, Ursa Major
376	אתה	2		REVIEW_GATE אתא/pe.perf.3ms/- "בא" n=2	{אתה} n  || J(אַתָּה): thou; attem  ##  {אתא} v סימן[k:def:targum] ; בא[k:def:pe:bavli] ; הביא[r:reviewed:af] || J(אָתָא I): letter, sign || J(אֲתָא ch): to join; to come, to arrive; to occur to; surely, indeed || J(*אָתָא III): Great Bear, Ursa Major
377	אתר	2		RARE_UNREVIEWED אתר// "מקום"	{אתר} n מקום[k:def:midrash] || J(אָתַר): place, town; our; local custom
378	אתרה	2		AMBIGUOUS_SENSE נתר: השיר, הפיל	{נתר} v נפרד ונעתק ממקומו[k:def:itpe] ; נגאל ונפדה[k:def:itpe] ; ניטל ממנו האיסור[k:def:itpe] ; ביטל את האיסור[k:def:bavli] ; הפקיר[k:def] ; נשר ונפל[k:def:pe:bavli] ; נתפורר ונפל[k:def:pa:bavli] ; השיר, הפיל[k:def:af:yerushalmi] ; נשר[j:eq:targum+bavli] || J(נָתַר I bh): to sever, loosen; to be torn loose, be released; to be untied, released from an obligation || J(נָתַר II): Pi.; to move; to leap || J(נְתַר ch): to fall off, drop; to fall apart, decay; to become wearied, faint; to drop, shed, let fall || J(נֶתֶר bh): nitron; natron, native carbonate 
379	באתר	2		NO ANALYSIS	
380	בבבל	2		NO ANALYSIS	
381	בדת	2		NO ANALYSIS	
382	בדתאא	2		NO ANALYSIS	
383	בהתבהלה	2		NO ANALYSIS	
384	בחספ	2		NO ANALYSIS	
385	בידינ	2		RARE_UNREVIEWED בידינ// "אובות"	{בידינ} n אובות[k:def:targum] || 
386	ביומא	2		NO ANALYSIS	
387	במדינת	2		NO ANALYSIS	
388	בספר	2		NO ANALYSIS	
389	בעדנא	2		RARE_UNREVIEWED בעד/pe.ptcp.1s/ "הרחיק"	{בעד} v הרחיק[k:def:pe:midrash] || J(בעד): to keep off
390	ברגליה	2		NO ANALYSIS	
391	ברכ	2		AMBIGUOUS_SENSE ברכ: ברך | בריכה	{ברכ} v ברך[j:same:pe:targum+bavli+midrash] ; ברך[j:same:targum+bavli] ; בריכה[j:eq:targum+bavli] || J(בָּרַךְ bh): to cave out; to select, point out; to bless || J(בְּרַךְ ch): blessed; to bless; to say grace after meal || J(בֶּרֶךְ): knee; a knee-shaped pole; Du. || J(בֶּרֶךְ ² ch): knee; shoots, branches
392	בשמיא	2		RARE_UNREVIEWED שמיא//b "בשמים"	{שמיא} n שמים[j:eq:targum+bavli+yerushalmi] || J(שְׁמַיָּא): heaven; God.; arch, ceiling
393	בשרא	2	בשר, גוף	בשרא/-/-/exact/reviewed choice; the same analysis published in onkelos	{בשרא} n בשר, גוף[k:def:targum] ; אדם[k:def] ; בשורה[k:def:targum] ; בשר[j:same:targum+bavli] || J(בִּשְׂרָא ch): body, flesh, meat; mortal
394	בתדירא	2		NO ANALYSIS	
395	בתינ	2		RARE_UNREVIEWED ביתא/n.pl/ "בית"	{ביתא} n בית[k:def:bavli] ; בת, מדת הלח[k:def:targum] ; בית[j:same:targum+bavli+midrash+yerushalmi] ; בת[j:eq:targum] || J(בֵּיתָא I ch): Pi.; the case of T’fillin; night-lodging || J(בֵּיתָא II): bath || J(בַּיְתָא): night-bird
396	גבר	2	איש	גבר/-/-/reviewed/reviewed form: Jastrow גְּבַר "man"	{גבר} v היה חזק, הלך וגדול[k:def:pe:bavli+targum] ; חיזק[k:def:pa:targum] ; עשה שיתגבר[k:def:af:bavli] ; איש[k:def:bavli] ; גבר[j:same:pe:targum+bavli] ; גבר[j:same:targum+bavli+midrash] || K: a certain man, euphem: I, thou | ein gewisser Mann, (euphem): ich, du || J(גָּבַר bh): to be uppermost, prevail; to be strong; to make strong, strengthen, sustain; to grow stron || J(גְּבַר I ch): Pi.; growing, swelling; to make strong, to cause to overpower || J(גֶּבֶר bh): man, master; cock.; m
397	גדבריא	2		RARE_UNREVIEWED גדברא/n.pl/ "גזבר"	{גדברא} n גזבר[k:def:targum] || 
398	גדו	2		NO ANALYSIS	
399	גזרינ	2		RARE_UNREVIEWED גזר/n.pl/ "גזר"	{גזר} n חתך, גזר[k:def:bavli] ; גְּזַר דִּין משפט חרוץ[k:def:bavli] ; גזר[j:same:pe:targum+bavli+midrash+yerushalmi] || J(גָּזַר bh): to cut;; to cut off, to guard;; to institute a precautionary measure || J(גְּזַר ch): to cut, split; to make a covenant; to circumcise, have one’s self circumcised || J(גָּזָר): decree; sentence, legal decision, divine dispensation || J(גֶּזֶר): piece; log, club
400	גלא	2		REVIEW_GATE גלא/-/- "חשף" n=2	{גלא} n גל, ערֵמה[k:def] ; נחשול[k:def:bavli] ; צואה[k:def:targum] ; קש[k:def:targum] ; חשף[k:def:pe:tanakh] ; חשף[k:def:pe:tanakh] ; יצא ממקומו, הלך בשבי[k:def:pe:bavli] ; יצא ממקומו, הלך בשבי[k:def:pe:bavli] ; גל[j:same:targum+midrash+bavli+yerushalmi+tosefta+tanakh] || J(גַּלָּא ch): heap.; wave; revolving door
401	גלי	2		REVIEW_GATE גלי/-/- "חשף" n=2	{גלי} v חשף[k:def:pe:tanakh] ; יצא ממקומו, הלך בשבי[k:def:pe:bavli] ; גילה סוד, הודיע בפומבי[k:def:bavli+midrash] ; נתגלה[k:def:itpe:bavli] ; הָגלה[k:def:itpe:targum] ; גלי[j:same:pe:targum+bavli+midrash+tanakh] || K: to banish | ins Exil führen || K: an odoriferous) plant | eine Pflanze (Weidenart) || J(גלי bh): to be uncovered; Part. pass; open, revealed || J(גְּלֵי ch): to reveal, uncover; to go into exile, go away, disappear; exiles || J(גְּלַי): flash; as a flash, suddenly, rapidly || J(*גַּלִּי): galium,
402	גלל	2		RARE_UNREVIEWED גלל// "אבן לא מסותתה · גוש"	{גלל} n גַּלֵּל גלל[k:def:pa:targum] ; אבן לא מסותתה[k:def:bavli] ; גוש[k:def] ; לכן[k:def:targum] ; מפני[k:def] ; למען[k:def] ; גלל[j:same:pe:targum] ; גלל[j:same:tanakh+bavli+midrash+targum] || J(גָּלַל bh): to roll, unfold, fold; to roll off; disregard || J(גְּלַל ch): to roll, unfold; unfolded, visible; to roll off || J(גָּלָל bh): rolling along with, appendage; in consequence of, on account of; something rolled, rounded || J(גְּלָל ch): untrimmed stone, cobble; lump; ordure
403	גנזיא	2		RARE_UNREVIEWED גנזא/n.pl/ "אוצר"	{גנזא} other אוצר[k:def:targum] ; גנז[j:same:targum+midrash+bavli] || J(גִּנְזָא ch): garments kept in the royal treasury
404	דבחינ	2		RARE_UNREVIEWED דבח/n.pl/ "זבח"	{דבח} v זבח[j:eq:targum] ; זבח[j:eq:targum+bavli] || K: to slaughter, to sacrifice | schlachten, opfern || K: sacrifice | Opfer || J(דְּבַח I ch): to slaughter, to sacrifice, feast || J(דְּבַח II ch): slaughtering, sacrifice, feast; the feast of Passover
405	דברת	2		NO ANALYSIS	
406	דהב	2	זהב	דהב/-/-/exact/reviewed choice; the same analysis published in onkelos	{דהב} v הרגיז והאדים[k:def:af] ; זהב[k:def:yerushalmi] ; מטבע של זהב[k:def:bavli] ; זהב[j:eq:targum+yerushalmi+bavli] || J(דָּהַב): to be red; yellow; Hif. || J(דְּהַב ch): gold
407	דהבה	2		NO ANALYSIS	
408	דחילה	2		NO ANALYSIS	
409	דכרינ	2		RARE_UNREVIEWED דכר/n.pl/ "זכר"	{דכר} v זכר, פקד[k:def:pe:bavli] ; הזכיר[k:def:af:yerushalmi] ; העלה בזכרונו[k:def:itpe] ; נזכר[k:def:itpe:targum] ; זכר[k:def:midrash] ; איל[k:def] ; בעל תאוה[k:def:midrash] ; תרנגול[k:def] ; יחור זכר[k:def] ; זכר[j:eq:targum+bavli] ; זכר[j:eq:targum+midrash+bavli+mishnah] || J(דְּכַר I): to mark; to remember; remembering, reminded || J(דְּכַר II): marked; male, man; the male of the flock, ram
410	דכרניא	2		RARE_UNREVIEWED דכרנ/n.pl/ "זכרון"	{דכרנ} n זכרון[k:def:targum] ; זכרון[j:eq:targum+bavli] || J(דָּכְרָן): memorial, record
411	דר	2		AMBIGUOUS_SENSE דר: דור | שורה | מדורה	{דר} n דור[k:def] ; שורה[k:def:midrash+bavli] ; מדורה[k:def:midrash] ; דר[j:same:bavli+tanakh+midrash+targum] || J(דָּר ²): row || J(דָּר ³ ch): row, range, order; a range of wood, pyre; period, generation
412	דתבריא	2		NO ANALYSIS	{דתבריא} n  || J(דְּתָבְרַיָּא): judges.
413	הא	2	הנה	הא/-/-/reviewed/reviewed form: Jastrow הָא "behold" (the Targum's rendering of h. הִנֵּה)	{הא} n זה[k:def-en] ; כאן[k:def:bavli] ; הלא[k:def:bavli] || K: this means to say) but.. | aber, dagegen || K: oh! (interjection) | o! || J(הָא I): this; both; of this || J(הָא II): Oh!; korban; ha-korban || J(הִא III): a worm
414	הגלי	2		NO ANALYSIS	
415	הדמינ	2		AMBIGUOUS_SENSE הדמ: גזר לגזרים	{הדמ} v גזר לגזרים[k:def:pe:bavli] || J(הֲדַם): to dissect, dismember, tear to pieces; red; to arrange the parts of an animal || J(הַדָּם): part, member
416	הדרי	2		NO ANALYSIS	
417	היכל	2		NO ANALYSIS	{היכל} n  || J(הֵיכָל bh): palace, the Temple;; the Holy
418	הנעל	2		REVIEW_GATE עלל/af.perf.3ms/- "הביא" n=2	{עלל} v טיפל, עסק[k:def:pe:midrash] ; נכנס[k:def:pe] ; בא[k:def:pe:targum] ; הביא[k:def:af:targum] ; הובא והושם[k:def:itpe:targum] ; עלל[j:same:pe:targum+yerushalmi+bavli+midrash+tanakh] ; הכניס[r:reviewed:af] || J(עָלַל bh): Pol. to bring about; to go about; to superintend, be busy || J(עֲלַל I ch): to enter a town, a house; to come in; to set || J(עֲלַל II): that which is brought in; harvest, provision; income; ʿălalta
419	העדיו	2		NO ANALYSIS	
420	הצלח	2		NO ANALYSIS	
421	השתכח	2		NO ANALYSIS	
422	ואחרנ	2		NO ANALYSIS	
423	ואנבה	2		NO ANALYSIS	
424	ואנה	2		RARE_UNREVIEWED rev:אנה//w "ואני"	
425	ואנש	2		RARE_UNREVIEWED rev:אנש//w "ואיש"	
426	ואשרנא	2		NO ANALYSIS	
427	ואשתדור	2		NO ANALYSIS	
428	ובאסור	2		NO ANALYSIS	
429	ובטל	2		NO ANALYSIS	
430	ובנוהי	2		NO ANALYSIS	
431	ובענפוהי	2		NO ANALYSIS	
432	ובקרו	2		NO ANALYSIS	
433	וגבורתא	2		NO ANALYSIS	
434	וגזריא	2		NO ANALYSIS	
435	ודהב	2		NO ANALYSIS	
436	ודחלינ	2		NO ANALYSIS	
437	ודינא	2		NO ANALYSIS	
438	ודר	2		NO ANALYSIS	
439	ודתא	2		NO ANALYSIS	
440	והדקת	2		NO ANALYSIS	
441	והיא	2		RARE_UNREVIEWED rev:היא//w "והיא"	
442	והיבל	2		NO ANALYSIS	
443	והיתיו	2		NO ANALYSIS	
444	והשכחו	2		NO ANALYSIS	
445	וזמנינ	2		NO ANALYSIS	
446	וחברוהי	2		NO ANALYSIS	
447	וחזותה	2		NO ANALYSIS	
448	וחכמה	2		NO ANALYSIS	
449	וחלמא	2		RARE_UNREVIEWED חלמא//w "וחלום"	{חלמא} n חלום[k:def:bavli] ; חלום[j:eq:targum+bavli] || J(חָלְמָא): dreamer, or interpreter of dreams || J(חֲלָמָא): a sort of cement
450	ויהיבת	2		NO ANALYSIS	
451	ויקר	2		NO ANALYSIS	
452	ולבב	2		NO ANALYSIS	
453	ולה	2		NO ANALYSIS	
454	ולחנתה	2		NO ANALYSIS	
455	וליקר	2		NO ANALYSIS	
456	ומה	2		RARE_UNREVIEWED מה//w "ומה"	{מה} ? כמו[k:def] ; אִם[k:def:bavli] ; מה[j:same:targum+bavli+midrash+yerushalmi] || J(מָה bh): something; anything; what? which?; as … so
457	ומזונ	2		NO ANALYSIS	
458	ומלת	2		NO ANALYSIS	
459	ומלתא	2		RARE_UNREVIEWED rev:מלתא//w "והדבר"	
460	ומנה	2		REVIEW_GATE pron:מנה/fixed/w "וממנה" n=2	
461	ונחש	2		NO ANALYSIS	
462	ועשבא	2		NO ANALYSIS	
463	ופמ	2		NO ANALYSIS	
464	וקדיש	2		NO ANALYSIS	
465	וקימ	2		NO ANALYSIS	
466	וקרנא	2		NO_HEBREW_SENSE קרנ	{קרנ} v קרן[j:same:targum+bavli+yerushalmi] || J(קָרַן bh): to emit horns; rays; to be horned. || J(קְרַן I): ḳaran; to join, harness, put to || J(קֶרֶן): joint, attachment; roundness, fulness; horn; shofars || J(קְרַן II ch): horn; strength; beam, ray; projection; corner
467	ורבו	2		NO ANALYSIS	
468	ורבותא	2		NO ANALYSIS	
469	ורוה	2		NO ANALYSIS	
470	ורעינהי	2		NO ANALYSIS	
471	ושארא	2		NO ANALYSIS	
472	ושוריה	2		NO ANALYSIS	
473	ושער	2		NO ANALYSIS	
474	ושתר	2		NO ANALYSIS	
475	ותלת	2		NO ANALYSIS	
476	ותסגדונ	2		NO ANALYSIS	
477	ותקפ	2		NO ANALYSIS	
478	זאעינ	2		NO ANALYSIS	
479	זיעינ	2		NO ANALYSIS	
480	זמנ	2		RARE_UNREVIEWED זמנ// "אהל מועד"	{זמנ} v הכין[k:def:mishnah] ; קרא לסעודה וכדומה[k:def:bavli] ; בירך ברכת הזימון[k:def:mishnah] ; נקרה[k:def:itpa:bavli] ; הוזמן[k:def:itpa:midrash] ; זמן[j:same:pe:targum+bavli+midrash] ; זמן[j:same:targum+bavli] ; אהל מועד[j:eq:targum+bavli] || J(זָמַן bh): to arrange, designate; to invite; to a meal || J(זְמַן I ch): Part. pass; ready, prepared; to invite; to appoint; to summon; to prepare || J(זְמָן bh): appointed time, term, time; in the case of, when, if; in its prescribed || J(זְמַן II ch): at times; at other times; appointed banquets
481	חזינ	2		RARE_UNREVIEWED חזיא// "ראי"	{חזיא} n ראי[k:def:targum] || J(חַזְיָא): fit || J(חֶזְיָא II): mirror
482	חזיתה	2		NO ANALYSIS	
483	חיא	2		NO_HEBREW_SENSE חי	{חי} n חי[j:same:targum+bavli+midrash] || J(חַי bh): living, alive; living creature; healthy; in natural condition, raw; unmixed || J(חַי ² ch): Fem.; strong
484	חייא	2		AMBIGUOUS_SENSE חייא: מילדת	{חייא} n מילדת[k:def:yerushalmi] || J(חַיָּיא): midwife || J(חַיַּיָּא): life; the living
485	חלמ	2		RARE_UNREVIEWED חלמ// "ראה חלום"	{חלמ} v ראה חלום[k:def:targum] ; סגר, עצם[k:def:bavli] ; חלם[j:same:pe:bavli] ; חלם[j:same:pe:targum] || J(חָלַם I bh): to be soft, moist, viscous; to have good humors, to be well; sane || J(חֲלַם ch): to join closely || J(חָלַם II bh): to gather humors, to sleep well; dream;; to dream || J(חֲלַם ² ch): to consult an interpreter of dreams; a dreamer
486	חלקה	2		RARE_UNREVIEWED חלק/n.sg/ "שדה, אחוזה"	{חלק} n שדה, אחוזה[k:def:targum+tanakh] || J(חָלַק bh): to be smooth, to be viscous; to assign, allot; to honor, pay regards || J(חָלָק): smooth, blank; empty; to go out without having effected anything || J(חֵלֶק bh): smooth stone; lot, share, portion || J(חֲלַק ch): lot, field
487	חמר	2		REVIEW_GATE חמר/-/- "חמור" n=2	{חמר} v גדש[k:def:pe:mishnah] ; היה חמור וקשה[k:def:pe:mishnah] ; שרף[k:def:pe:mishnah] ; נשרף[k:def:itpe:mishnah] ; הכביד[k:def:af:bavli] ; דלק[k:def:targum] ; נעשה לתל מפלה[k:def:itpe:targum] ; מנהיג החמור[k:def] ; חמור[k:def:yerushalmi] ; חַמְרָא זי, יין[k:def:bavli] ; חמר[j:same:pe:bavli+targum] ; חמר[j:same:pe:targum] ; חמור[j:eq:targum+bavli+midrash+tanakh] ; חמר[j:same:yerushalmi+bavli] || K: to drive a beast | ein Tier treiben || J(חָמַר I): to join; to pile up, to load.; to be weighty, stringent.; to put a load on || J(חֲמַר ch): Hif.; Part. pass; piled up, ruins; || J(חָמַר II bh): to be hot; to glow, to parch; to be parched || J(חֲמַר ² ch): to be hot, parched; Pa.; to ferment || 
488	חנטינ	2		RARE_UNREVIEWED חנטא/n.pl/ "חטה"	{חנטא} n חונט גופות המתים[k:def:bavli] ; חטה[k:def:targum] || J(חַנָּטָא): embalmer
489	טב	2		RARE_UNREVIEWED טב// "היה טוב"	{טב} v היה טוב[k:def:pe:targum] ; היטיב[k:def:af] ; טוב[k:def:bavli] ; שוה[k:def:yerushalmi] ; ראש ונשיא[k:def:yerushalmi] ; יותר[k:def:bavli] ; טוב[j:eq:targum] ; טוב[h:wikt] || J(טַב I): to be good, well; to feel well, be satisfied, fare well; to do good || J(טַב II): good, precious; worth, valued; best man, elder, officer
490	טינא	2		RARE_UNREVIEWED טינא// "קנאה · תאוה"	{טינא} n קנאה[k:def:bavli] ; תאוה[k:def:bavli] || K: a worm | ein Wurm || J(טִינָּא): moist muddy ground, clay; impure thought, lust
491	טרדינ	2		NO ANALYSIS	{טרדינ} ?  || 
492	טריד	2		RARE_UNREVIEWED טרד// "גירש"	{טרד} v גירש[k:def] ; בלל, שכשך[k:def:bavli] ; בלבל[k:def:bavli] ; הוגלה[k:def:itpe:midrash] ; נתבלבל[k:def:itpe:midrash] ; סגר[k:def] ; הציק[k:def:bavli] ; גירש[k:def:targum] ; גורש[k:def:targum] ; התקוטט[k:def] ; נסגר[k:def:targum] ; טרד[j:same:pe:bavli+targum+midrash] || J(טָרַד bh): to move, shake; to be running, to drip; restless, constantly twinkling; || J(טְרַד I ch): to trouble, stir up, keep in commotion; to banish, expel; to be banished || J(טְרַד II): to guard, lock up, bolt; to be locked
493	יאמר	2		NO ANALYSIS	
494	יבעה	2		NO ANALYSIS	
495	יד	2		AMBIGUOUS_SENSE יד: על ידי | ע"י ש	{יד} n יד[j:same:targum+bavli] ; על ידי[j:eq:targum+bavli] ; ע"י ש[j:eq:targum+bavli] || J(יָד): hand; forefoot; handle; liberality
496	ידה	2	ידו	ידה/-/-/reviewed/reviewed form: יְדָא + ־הּ "his hand" (Targumic)	
497	ידעת	2		NO ANALYSIS	
498	יהודענני	2		NO ANALYSIS	
499	יהיבת	2		NO ANALYSIS	
500	יהכ	2		NO ANALYSIS	
501	יהקימ	2		NO ANALYSIS	
502	יומ	2		NO_HEBREW_SENSE יומ	{יומ} ? יום[j:same:targum+bavli+midrash] || J(יוֹם bh): light, day; astronomical; day; || J(יוֹם ² ch): at once; of the same day, one day old, used the same day; Yoma
503	יומת	2		NO ANALYSIS	
504	יטעמונ	2		NO ANALYSIS	
505	ימטא	2		RARE_UNREVIEWED מטי/pe.impf.3ms/ "הגיע ובא"	{מטי} v הגיע ובא[k:def:pe] ; נתבכר[k:def:pe:bavli] ; הביא[k:def:af] ; הלך[k:def:itpe:targum] ; מצא[j:eq:targum+bavli+midrash+yerushalmi] ; הוליך והביא[j:eq:targum+bavli+midrash+yerushalmi] || J(מְטֵי): to stretch, reach; to arrive at; to obtain; to happen to; to be ripe, ready
506	יציבא	2		NO_HEBREW_SENSE יציב	{יציב} n יציב[j:same:targum+bavli+midrash] || J(יַצִּיב): firm, irrefutable.; true and irrefutable; vayomer || J(יַצִּיב ² ch): firmly planted; native, citizen
507	יקומ	2	עמד, היה קיים · מי חלב	קומ/pe.impf.3ms/-/irregular/two senses; the same analysis published in onkelos	{יקומ} n  || K: a man’s name | männlicher Name || J(יְקוּם bh): existence, substance, being; hayy’kum; y’kum  ##  {קומ} v עמד, היה קיים[k:def:pe:bavli] ; מי חלב[k:def:mishnah] ; קום[j:same:pe:targum+bavli+midrash+yerushalmi+tanakh] ; העמיד[r:reviewed:af] || J(קוּם bh): to stand up, rise; to stand, exist; a transgression of a prohibitive law which you must re || J(קוּם ² ch): ḥălitsah; to ascertain; to bargain for || J(קוֹם): curdled milk, curd; whey; ḳom?
508	יקומונ	2	עמד, היה קיים · מי חלב	קומ/pe.impf.3mp/-/irregular/two senses; the same analysis published in onkelos	{קומ} v עמד, היה קיים[k:def:pe:bavli] ; מי חלב[k:def:mishnah] ; קום[j:same:pe:targum+bavli+midrash+yerushalmi+tanakh] ; העמיד[r:reviewed:af] || J(קוּם bh): to stand up, rise; to stand, exist; a transgression of a prohibitive law which you must re || J(קוּם ² ch): ḥălitsah; to ascertain; to bargain for || J(קוֹם): curdled milk, curd; whey; ḳom?
509	יקימ	2		AMBIGUOUS_SENSE קומ: העמיד	{יקימ} ?  || J(יָקִים): Jakim  ##  {קומ} v עמד, היה קיים[k:def:pe:bavli] ; מי חלב[k:def:mishnah] ; קום[j:same:pe:targum+bavli+midrash+yerushalmi+tanakh] ; העמיד[r:reviewed:af] || J(קוּם bh): to stand up, rise; to stand, exist; a transgression of a prohibitive law which you must re || J(קוּם ² ch): ḥălitsah; to ascertain; to bargain for || J(קוֹם): curdled milk, curd; whey; ḳom?
510	ישלח	2		NO ANALYSIS	
511	ישתכללונ	2		NO ANALYSIS	
512	יתבנא	2		RARE_UNREVIEWED יתב/pe.ptcp.1s/ "אני יושב"	{יתב} v ישב[k:def:pe:bavli] ; נתן[k:def:pe:bavli] ; הושיב[k:def:pa:targum] ; הרגיע[k:def:pa] ; הושיב[k:def:af:targum] ; הקשה, שאל[k:def:af] ; נח[k:def:itpe:bavli] ; ישב[j:eq:targum+bavli+tanakh+midrash] ; הושיב[r:reviewed:af] || K: i>to dwell | sich aufhalten || J(יתֵב ch): to sit, dwell; to be inhabited, settled; inhabited || J(יְתֵב II): to give; to place; to give || J(יָתֵב): inhabitant
513	כבר	2		AMBIGUOUS_SENSE כבר: ניפה בכברה	{כבר} v ניפה בכברה[k:def:pe] ; היה מנופה[k:def:itpe:tosefta] ; עישן בגפרות[k:def:pa:bavli] ; כבר[j:same:targum+bavli] || J(כְּבָר II bh): to be thick, strong, round; a long time since; long ago, already; once; retroactively || J(כָּבַר): to sift; to be sifted || J(כְּבַר II): to fumigate with sulphur, to bleach || J(*כְּבַר III): to be heavy, to grieve; to irritate, grieve
514	כדת	2		NO ANALYSIS	
515	כהל	2		NO ANALYSIS	
516	כהלינ	2		NO ANALYSIS	
517	כחכמת	2		NO ANALYSIS	
518	כמה	2		RARE_UNREVIEWED מה//k "כמה"	{כמה} ?  || J(כַּמֶּה): how much?, how many?; how!, how many!, how much!; how many, many  ##  {מה} ? כמו[k:def] ; אִם[k:def:bavli] ; מה[j:same:targum+bavli+midrash+yerushalmi] || J(מָה bh): something; anything; what? which?; as … so
519	כנותהונ	2		NO ANALYSIS	
520	כשדאינ	2		NO ANALYSIS	
521	כתיב	2	כתוב	כתיב/-/-/reviewed/reviewed form: Jastrow כְּתִיב "written, it is written" (כְּתַב, passive participle)	{כתיב} n  || K: the traditional spelling of some Biblical words, opp. to the Massoretic instruction for reading | die Schreibung mancher biblischer Worte, im Gegensatz zur massoretischen Lesung || J(כְּתִיב): written; it is written; K’thib; halakhah
522	לאחשדרפניא	2		NO ANALYSIS	
523	לאלהי	2		NO ANALYSIS	
524	לאלהיכ	2		NO ANALYSIS	
525	לאלהכ	2		NO ANALYSIS	
526	לבבה	2		NO ANALYSIS	
527	לבבכ	2		NO ANALYSIS	
528	לבבל	2		NO ANALYSIS	
529	לבטלא	2		NO ANALYSIS	
530	לביתה	2		NO ANALYSIS	
531	לבנא	2		RARE_UNREVIEWED לבנ/pe.ptcp.fs/ "לבנה"	{לבנא} n  || J(לִבְנָא): brick  ##  {לבנ} v עשה לבן[k:def:midrash] ; קלה באש[k:def:mishnah] ; בייש והלעיב[k:def:af:bavli] ; היה קלוי ומלובן באש[k:def:itpa:bavli] ; לבן[j:same:targum] ; לבנה[j:eq:targum] || J(לָבַן I bh): to make; pile bricks || J(לָבַן II): to glisten; to polish, brighten; to finish. || J(לְבַן ch): to have a strong rest; to be well balanced; falsehood; truth || J(לָבָן II bh): white; white color, white substance; Fem || J(לָבָן ch): brick || J(לְבָן): white poplar
532	לגבריא	2		RARE_UNREVIEWED rev:גבריא/n.pl/l "לאנשים"	
533	להובדה	2		NO ANALYSIS	
534	להיכלא	2		RARE_UNREVIEWED היכלא//l "להיכל"	{היכלא} ? היכל[j:same:targum+bavli+yerushalmi+midrash+tanakh] || 
535	להיתיה	2		NO ANALYSIS	
536	להשכחה	2		NO ANALYSIS	
537	לו	2		NO ANALYSIS	{לו} ?  || J(לוֹ): unto him || J(לוּ): hen, lu
538	לכורש	2		NO ANALYSIS	
539	לכמ	2		NO ANALYSIS	
540	למדי	2		NO ANALYSIS	
541	למה	2	למה	למה/-/-/reviewed/reviewed form: Jastrow לָמָּה "why?" — the same Hebrew word	{למה} ?  || J(לְמָה): whereto? || J(לָמָּה): why? || J(לָמָה): naught, vanity
542	למלכ	2		NO ANALYSIS	
543	למלכות	2		NO ANALYSIS	
544	למעבד	2	לעשות	למעבד/-/-/reviewed/reviewed form: עֲבַד infinitive + ל	
545	למקרא	2		NO ANALYSIS	
546	למרמא	2		NO ANALYSIS	
547	לסופ	2		NO ANALYSIS	
548	לעבדוהי	2		NO ANALYSIS	
549	לעמ	2		RARE_UNREVIEWED עמ//l "לעם"	{עמ} particle עם[j:same:targum] ; עם[j:same:targum+bavli+yerushalmi+mishnah] || J(עִם bh): junction; with, near || J(עַם bh): to press, crowd, join; gathering, crowd, people; gentiles
550	לשכללה	2		NO ANALYSIS	
551	מאני	2		RARE_UNREVIEWED מאנ/n.pl/ "מי"	{מאנ} n מי[k:def:bavli] ; קנקן[j:eq:targum+bavli+yerushalmi] || J(מָאַן): Pi.; to deny, refuse; to protest against, to annul one’s marriage || J(מַאן): who?, what?, which?;; who, which || J(מָאן): thing; vessel, utensil; garment, dress
552	מאניא	2		RARE_UNREVIEWED מאנ/n.pl/ "מי"	{מאנ} n מי[k:def:bavli] ; קנקן[j:eq:targum+bavli+yerushalmi] || J(מָאַן): Pi.; to deny, refuse; to protest against, to annul one’s marriage || J(מַאן): who?, what?, which?;; who, which || J(מָאן): thing; vessel, utensil; garment, dress
553	מדי	2		AMBIGUOUS_SENSE די: אשר, ש־ | כי | שאם	{די} n אשר, ש־[k:def:yerushalmi] ; כי[k:def:yerushalmi] ; שאם[k:def] ; של[h:wikt] ; אשר, ש־[h:wikt] || J(דִּי): who, which, where, whom; mine, thine; ḥazith || J(דִּי II): for if; for if not; for if not so || J(דַּי bh): sufficiency, plenty; enough for; enough for me || J(דִּי־): two, twice
554	מדרכ	2		NO ANALYSIS	
555	מהלכינ	2		NO ANALYSIS	
556	מטה	2		RARE_UNREVIEWED מטה// "משכב המת · צאצאים"	{מטה} n משכב המת[k:def:mishnah] ; צאצאים[k:def:midrash] || J(מִטָּה bh): couch, bed, frame, bier; family, offspring || J(מַטֶּה bh): staff.; tribe || J(מַטָּה bh): downward; below
557	מכפתינ	2		NO ANALYSIS	
558	מלאכה	2		NO ANALYSIS	{מלאכה} n  || J(מְלָאכָה bh): work, trade, vocation; task.; employer
559	מלח	2		AMBIGUOUS_SENSE מלח: מלח	{מלח} v מלח[k:def:pe:bavli] ; מלח[j:same:pe:targum+bavli] ; מלח[j:same:targum+midrash+bavli] || K: to be salted | (ein-)gesalzen werden || J(מָלַח bh): to salt, brine; to strew salt on raw meat; to be strewn with salt || J(מְלַח I ch): to be strewn with salt, be salted || J(מְלַח II): to row; to balance || J(מֶלַח): brittle; salt; ḥesed || J(מַלָּח bh): mariner, sailor
560	מליא	2	מלא	מליא/-/-/exact/the sense cited from tanakh; the same analysis published in onkelos	{מליא} adj מלוא[k:def] ; מלא[j:eq:tanakh+midrash+targum+bavli] || K: full | voll || J(מַלְיָא): fulness; the fill of, as much as
561	מלכתא	2		REVIEW_GATE מלכתא/-/- "עצה" n=2	{מלכתא} n מלכה[k:def:bavli] ; עצה[k:def:targum+tanakh] ; מלכה[j:eq:targum+bavli] || J(מִלְכְּתָא): counsel
562	ממלל	2		RARE_UNREVIEWED ממלל// "דיבור"	{ממלל} n דיבור[k:def:targum] || J(מַמְלָל): speech
563	מנדה	2		NO ANALYSIS	{מנדה} n  || J(מִנְדָּה): land-tax; mindah
564	מנהינ	2		NO ANALYSIS	
565	מערב	2		AMBIGUOUS_SENSE ערב: תיקן עירוב	{מערב} n  || J(מַעֲרָב bh): sun-set, West  ##  {ערב} v תיקן עירוב[k:def:yerushalmi] ; המתיק[k:def:af:bavli] ; ערב[j:same:pe:targum+yerushalmi+bavli] || K: bondsman | Bürge || J(עָרַב I bh): to insert, press into, interweave; to mix, confuse; Pi. || J(עֲרַב ch): to vouch for, be surety for; to mix; to combine || J(עָרַב II bh): to go in; to go in; to set || J(עֲרַב ² ch): Ithpe.; to set || J(עָרֵב I bh): to be well-mixed, seasoned; to be sweet, plea
566	מראי	2		NO ANALYSIS	
567	מרי	2		NO_HEBREW_SENSE מרי	{מרי} v מרי[j:same:pe:targum+bavli+midrash+tanakh] || J(מרי I bh): to be strong, fat; to fatten, stuff || J(מרי II bh): to rebel against; the rebellious son; sorer umoreh? || J(מְרֵי ch): to provoke; to get angry; to quarrel, rebel
568	משכבכ	2		NO ANALYSIS	
569	מתבנא	2		AMBIGUOUS נתב/af.ptcp.1s "הִשיב והפיח" ~ תבנ/pe.inf "מעורב בתבן"	{נתב} v נשב[k:def:pa:targum+tanakh] ; הִשיב והפיח[k:def:af:targum] || J(נְתַב): to blow; Ithpe:; to cause to blow
570	מתיהב	2		NO_HEBREW_SENSE יהב	{יהב} v  || J(יְהַב): to give; to deal; to put, place
571	מתעבד	2		NO ANALYSIS	
572	נביא	2		NO_HEBREW_SENSE נביא	{נביא} n נביא[j:same:targum+bavli+midrash] || J(נָבִיא bh): prophet; N’biim, Prophets; Fem
573	נביאה	2		NO ANALYSIS	
574	נביאיא	2		NO_HEBREW_SENSE נביא	{נביא} n נביא[j:same:targum+bavli+midrash] || J(נָבִיא bh): prophet; N’biim, Prophets; Fem
575	נבייא	2		NO_HEBREW_SENSE נביא	{נביא} n נביא[j:same:targum+bavli+midrash] || J(נָבִיא bh): prophet; N’biim, Prophets; Fem
576	נגד	2		RARE_UNREVIEWED נגד// "משך, מנע · הכה"	{נגד} v התנגד[k:def:pa:midrash] ; משך, מנע[k:def:pe:bavli] ; הכה[k:def:pe:bavli] ; הלקה[k:def:af:bavli] ; נמשך ונתארך[k:def:itpe:targum] ; נלקה[k:def:itpe] ; מת[k:def:itpe] || J(נָגַד bh): to draw; to show; to announce, tell; to testify; to be told, proclaimed || J(נְגַד ch): to stretch; to draw, pull, spread; to lash; to guide, rule || J(נֶגֶד bh): line, direction; towards, opposite, corresponding to; alav
577	נולי	2		NO ANALYSIS	
578	נחש	2		RARE_UNREVIEWED נחש// "נחושת"	{נחש} v עשה מעשה ניחוש וכישוף[k:def:pa] ; ציפה נחושת בכסף[k:def:af] ; נחושת[k:def:targum] ; נחש[j:eq:targum+bavli+midrash] ; נחושת[j:eq:targum+yerushalmi+midrash] || J(נָחַשׁ bh): to whisper; to divine, to make action dependent on an omen, to augur || J(נְחַשׁ II): to use copper; to plate || J(נַחַשׁ bh): divination from omen, superstition || J(נָחָשׁ bh): the hissing; serpent; a pungent
579	נחת	2		RARE_UNREVIEWED נחת// "ירד"	{נחת} v ירד[k:def:pe:bavli] ; הוריד[k:def:af:yerushalmi+midrash] ; הרגיע[k:def:af:bavli] ; הורד[k:def:itpe:yerushalmi] ; נחת[j:same:pe:targum+bavli] || J(נַחַת bh): rest, tray, stand; ease; gentleness; comfort; gratification, pleasure || J(נָחַת bh): to be put down, to go down; to be humbled, bow || J(נְחַת ch): to go down; to put down; to lower, remove
580	נפל	2		RARE_UNREVIEWED נפל// "נפל"	{נפל} v נתפורר[k:def:itpe] ; נפל[j:same:pe:targum+bavli] || J(נָפַל bh): to fall, lie down; to be dropped; to occur; to cause to fall; to throw down; to miscarry || J(נְפַל ch): Hif.; to be upset, fall in || J(נֵפֶל): capacity for seed; abortion; premature, not viable birth
581	סלקו	2		REVIEW_GATE סלק/pe.perf.3mp/- "הסיר והעביר · הרים" n=2	{סלק} v הסיר והעביר[k:def:mishnah] ; הרים[k:def:bavli] ; התרחק[k:def:itpa:midrash] ; מת[k:def:itpa:tosefta] ; סלק[j:same:pe:targum+bavli+midrash] ; עָלָה[h:wikt] ; העלה[r:reviewed:af] || J(סָלַק): to go up, go away; to pile up; to remove; to cause cessation, suspend || J(סְלֵק ch): to rise, go up; to go away; to occur; to stop, hush, keep silence || J(סְלַק): to boil down
582	סלקת	2		REVIEW_GATE סלק/pe.perf.3fs/- "הסיר והעביר · הרים" n=2	{סלק} v הסיר והעביר[k:def:mishnah] ; הרים[k:def:bavli] ; התרחק[k:def:itpa:midrash] ; מת[k:def:itpa:tosefta] ; סלק[j:same:pe:targum+bavli+midrash] ; עָלָה[h:wikt] ; העלה[r:reviewed:af] || J(סָלַק): to go up, go away; to pile up; to remove; to cause cessation, suspend || J(סְלֵק ch): to rise, go up; to go away; to occur; to stop, hush, keep silence || J(סְלַק): to boil down
583	עבדו	2		RARE_UNREVIEWED עבדו// "מצב העבד"	{עבדו} n מצב העבד[k:def:bavli+mishnah+targum] || 
584	עבדוהי	2		NO ANALYSIS	
585	עדוא	2		NO ANALYSIS	
586	עדנ	2		AMBIGUOUS_SENSE עדנ: התפתל | גרם עונג | הֵרך ופינק	{עדנ} v התפתל[k:def:bavli] ; גרם עונג[k:def:yerushalmi] ; הֵרך ופינק[k:def:bavli] ; עדן[j:same:targum] || J(עָדַן bh): to turn; to be round, smooth, pliant; Pi. || J(עֵדֶן bh): refreshment; pleasure; the garden of Eden; paradise
587	עדת	2		NO ANALYSIS	
588	עיר	2		RARE_UNREVIEWED עיר// "עיר"	{עיר} n עיר[j:eq:targum] ; שליח האל, מלאך[h:wikt] || J(*עַיִר ch): foal || J(עִיר I): guardian, angel; ʿir; awake || J(עִיר II bh): watch-tower, fort; town, city
589	עליה	2		REVIEW_GATE pron:עליה/fixed/- "עליו" n=2	{עליה} n  || J(עֲלִיָּה): upper chamber, upper story; sons of heaven, those enjoying the Divine Presence in the here
590	עליהונ	2	עליהם	pron:עליהונ/fixed/-/pronominal/pronominal preposition table; the same analysis published in onkelos	
591	עלינ	2		NO_HEBREW_SENSE עלה	{עלה} v שיבח[k:def:pa:mishnah] ; ביטל[k:def:mishnah] ; הביא בחשבון[k:def:mishnah] ; התרומם[k:def:itpa:bavli] || J(עָלֶה bh): cover; foliage, leaf
592	עללינ	2		REVIEW_GATE עלל/pe.ptcp.mp/- "באים" n=2	{עלל} v טיפל, עסק[k:def:pe:midrash] ; נכנס[k:def:pe] ; בא[k:def:pe:targum] ; הביא[k:def:af:targum] ; הובא והושם[k:def:itpe:targum] ; עלל[j:same:pe:targum+yerushalmi+bavli+midrash+tanakh] ; הכניס[r:reviewed:af] || J(עָלַל bh): Pol. to bring about; to go about; to superintend, be busy || J(עֲלַל I ch): to enter a town, a house; to come in; to set || J(עֲלַל II): that which is brought in; harvest, provision; income; ʿălalta
593	עלמיא	2		RARE_UNREVIEWED עלמא/n.pl/ "עולם"	{עלמא} n עולם[k:def:midrash+bavli] || 
594	ענינ	2		NO_HEBREW_SENSE עננ	{ענינ} n  || J(עִנְיָן bh): answer, corresponding affair; correspondence, relation; subject, object, affair, idea  ##  {עננ} v ענן[j:same:pe:targum] ; ענן[j:same:targum+bavli+midrash] || J(עָנַן bh): Pi.; to make cloudy; Polel || J(עֲנַן I ch): gather clouds; to augur from clouds; Pol || J(עָנָן II bh): cloud; cover protection
595	ענפוהי	2		NO ANALYSIS	
596	עפיה	2		RARE_UNREVIEWED עפיא/n.sg/ "נוף האילן"	{עפיא} n נוף האילן[k:def:targum] || 
597	עשבא	2		NO_HEBREW_SENSE עשב	{עשב} n עשב[j:same:targum+midrash+bavli] || J(עֵשֶׂב bh): herb, plant, grass
598	עתיק	2		NO_HEBREW_SENSE עתיק	{עתיק} n עתיק[j:same:targum+bavli+tanakh+midrash+yerushalmi] || J(עַתִּיק): old, ancient; Hif.; remote || J(עַתִּיק ² ch): enduring, strong, old
599	פלח	2		RARE_UNREVIEWED פלח// "עבד"	{פלח} v עבד[k:def:pe:targum] ; עבד לאלהות[k:def:pe:bavli] ; עשה, פעל[k:def:pa:targum] ; העביד[k:def:af:targum] ; נעבד[k:def:itpe:targum] ; פלח[j:same:pe:targum+bavli] || J(פָּלַח bh): to split; to dig, till; to cut out; to work for, serve; to worship || J(פְּלַח ch): to till, work; Pa.; to serve || J(פֶּלַח): segment, slice; millstone
600	פמ	2		RARE_UNREVIEWED פומ// "פה"	{פומ} n פה[k:def:bavli+other] ; פה[j:eq:targum+bavli+midrash+yerushalmi] ; כפי[j:eq:targum+bavli+midrash+yerushalmi] ; לפיכך[j:eq:targum+bavli+midrash+yerushalmi] ; פֶּה[h:wikt] || J(פּוּם): according to; because; therefore
601	פשרה	2		RARE_UNREVIEWED פשרה// "מיצוע הדין"	{פשרה} n מיצוע הדין[k:def:mishnah+targum] || J(פְּשָׁרָה): division; compromise, settlement
602	פתיה	2		RARE_UNREVIEWED פתיא// "פתי"	{פתיא} n פתי[j:same:midrash+tanakh+bavli] || K: i>Kind | || K: a vessel | ein Gefäß || J(פַּתְיָא I ch): inexperienced, child, lad; p’thaim; pathia || J(פַּתְיָא II): a wide earthen vessel, pot; open place, street; drinking vessel
603	צוארה	2		NO ANALYSIS	
604	צלמ	2		NO_HEBREW_SENSE צלמ	{צלמ} v צייר[k:def:pa:bavli] ; צלם[j:same:targum+midrash+yerushalmi+bavli] || J(צְלַם): to paint; dark || J(צֶלֶם bh): shadow, picture, image; ur’du; yerʾdu
605	צפרי	2		NO ANALYSIS	
606	קדישי	2		RARE_UNREVIEWED קדיש/n.pl/ "קדוש"	{קדיש} ? קדוש[j:eq:targum+midrash+bavli+other] || J(קַדִּישׁ): holy, sacred, pure; Ḳaddish
607	קדמה	2		NO ANALYSIS	
608	קדמיכ	2		NO ANALYSIS	
609	קדמיתא	2		RARE_UNREVIEWED קדמיתא// "רוח קדים"	{קדמיתא} n רוח קדים[k:def:yerushalmi] || 
610	קדמכ	2	לפניך	pron:קדמכ/fixed/-/pronominal/pronominal preposition table; the same analysis published in onkelos	
611	קטל	2		NO ANALYSIS	{קטל} v  || J(קְטַל): to cut; to kill; ṭarof
612	קרב	2		RARE_UNREVIEWED קרב// "קרב"	{קרב} v נעשה קרוב[k:def:itpa:midrash] ; קרב, נגע[k:def] ; הגין[k:def:yerushalmi] ; קרב[j:same:pe:targum+mishnah+yerushalmi+bavli+midrash] ; קרב[j:same:targum+tosefta+bavli+midrash] || K: to do in near intervals | häufen, in kurzen Intervallen tun || J(קָרֵב bh): to join, come near, be near; to be offered as; to come before court; to sue, complain; to  || J(קְרֵב ch): to be near, come near, touch; to intercede, protect; to complain, sue || J(קֶרֶב bh): inside, intestine.; Du.; inn
613	קרי	2		RARE_UNREVIEWED קרי// "עיר, קריה"	{קרי} n עיר, קריה[k:def:targum] ; קרי[j:same:pe:targum+bavli+midrash+tanakh+yerushalmi+other] ; קרי[j:same:pe:bavli] || J(קרי ² bh): to call, name; to invite; yeraëh; those called up to read from the Torah || J(קְרֵי I ch): to call, name, invite; to read; evil || J(קרי ³): to join; to meet; to meet, join || J(קְרֵי II ch): to join; to do something by accident; to happen || J(קרי ⁴): Pi.; to lay beams; to cover; to wa
614	קרניא	2		NO ANALYSIS	
615	קשט	2		RARE_UNREVIEWED קשט// "יישר"	{קשט} v ירה בקשת[k:def:pe:midrash] ; תיקן והידר[k:def:pe:bavli] ; קלח[k:def] ; הכין[k:def:af:midrash] ; התהדר[k:def:itpa:midrash] ; התאמת והתאשר[k:def:itpa:midrash] ; יישר[k:def:targum] ; תוקן[k:def:bavli] ; התהדר[k:def:itpe:bavli] ; התכונן[k:def:itpe] ; נזרק ביריה[k:def:itpe:targum] ; רובה קשת[k:def] ; קשט[j:same:pe:targum+bavli] || J(קָשַׁט bh): to be straight, strong; to go in a straight line, to shoot forth; Hif. || J(קְשַׁט ch): Pa.; to straighten, correct; to go in a straight line, to shoot forth || J(קַשָּׁט): shooter, archer.
616	רביעיא	2		RARE_UNREVIEWED רביע/n.pl/ "רבע, אחד מארבעה · חתיכה מרובעה"	{רביע} n רבע, אחד מארבעה[k:def:bavli] ; חתיכה מרובעה[k:def:mishnah] || J(רָבִיעַ): one fourth; square; blocks
617	רביעיה	2		NO_HEBREW_SENSE רביעי	{רביעי} n  || J(רְבִיעִי bh): fourth; fourth grade of uncleanness; Fem
618	רביעיתא	2		NO_HEBREW_SENSE רביעית	{רביעית} n  || J(רְבִיעִית): square block
619	רברבתא	2		NO_HEBREW_SENSE רברב	{רברב} v התגדל והתנשא[k:def:itpa:midrash] ; רברב[j:same:pe:targum+midrash] || J(רִבְרֵב): to raise, make great; to assume superiority || J(רַבְרֵב ch): to be chief; to lead; to be great; to claim superiority; to boast
620	רגלוהי	2		NO ANALYSIS	
621	רגליא	2		NO_HEBREW_SENSE רגלי	{רגלי} n  || J(רַגְלִי bh): footman, runner
622	רוחי	2		AMBIGUOUS_SENSE רוחא: רוח | רוח הקדש	{רוחא} ? רוח[j:same:targum+midrash+bavli] ; רוח הקדש[j:eq:targum+midrash+bavli] || 
623	רומה	2		NO ANALYSIS	
624	רזינ	2	סודות	רזינ/-/-/reviewed/reviewed form: plural of רָזָא	
625	רעיונכ	2		NO ANALYSIS	
626	רפסה	2		NO ANALYSIS	
627	רשמת	2		NO ANALYSIS	
628	שאלנא	2		RARE_UNREVIEWED שאל/pe.ptcp.1s/ "דרש, בקש"	{שאל} v ניתן בתורת שאילה[k:def:itpe:bavli] ; חקר ודרש[k:def:af:bavli] ; דרש, בקש[k:def:pe:targum] ; חקר דבר מפי אחרים[k:def:pe:yerushalmi] ; שאל[j:same:pe:targum+bavli+yerushalmi+midrash] || K: to borrow | entleihen || J(שָׁאַל bh): to ask, beg; to inquire, question; Nif.; to salute || J(שְׁאַל ch): to ask, inquire, beg.; to borrow; to ask, borrow
629	שבחת	2		NO ANALYSIS	
630	שבי	2		RARE_UNREVIEWED שבי// "לקח בשבי"	{שבי} v לקח בשבי[k:def:pe:targum] ; נשבה[k:def:itpe:bavli] ; שבי[j:same:pe:targum+tanakh+bavli+mishnah] ; שבי[j:same:targum] || J(שבי bh): to capture, carry off; to be captured || J(שְׁבֵי ch): to be taken captive, be carried off || J(שְׁבִי bh): captivity, prison || J(שְׁבִי ² ch): captivity; captives || J(שָׁבֵי): captor, marauder.
631	שבעה	2		NO_HEBREW_SENSE שבע	{שבע} v נשבע[k:def:itpe] ; שבע[j:same:targum+yerushalmi] ; שבע[j:same:pe:targum+midrash+bavli] || J(שֶׁבַע bh): seven; Shib ah, the seven days of mourning for a near relative; seventy || J(שְׁבַע ch): seventy || J(שָׁבַע): Nif.; to be sworn, to swear; to adjure; to impose, administer an oath || J(שְׁבַע II ch): Ithpa.; Ithpe.; Nif. || J(שָׂבֵעַ I bh): sated, filled, satisfied; Fem. || J(שָׂבֵעַ 
632	שגיאנ	2		NO ANALYSIS	
633	שגלתה	2		NO ANALYSIS	
634	שלחו	2		NO ANALYSIS	
635	שלטנה	2		NO ANALYSIS	
636	שלטני	2		NO ANALYSIS	
637	שליח	2		NO_HEBREW_SENSE שליח	{שליח} n שליח[j:same] || J(שָׁלִיחַ): deputy, agent
638	שלמ	2		RARE_UNREVIEWED שלמ// "שלום"	{שלמ} v כלה ונגמר[k:def:itpa] ; נפרע הכסף[k:def:itpa] ; שלם[j:same:pe:targum+bavli] ; שלום[j:eq:targum+bavli+yerushalmi] || K: to end | zu Ende sein || J(שָׁלֵם bh): to be whole, complete; to end, cease; to complete, finish; to finish the fast-day || J(שִׁלֵם ch): to be perfect, complete, finished, spent; to be peaceful, sincere, friendly; to complete,  || J(שָׁלֵם II bh): preced; whole, complete; Fem. || J(שְׁלָם): perf
639	שלמכונ	2		NO ANALYSIS	
640	שמעינ	2		NO ANALYSIS	
641	שמת	2		NO_HEBREW_SENSE שמת	{שמת} v החרים ונידה[k:def:pa:bavli] || J(שְׁמַת): to be still, desolate; to excommunicate, accurse
642	שנה	2		AMBIGUOUS_SENSE שני: חזר, כפל | היה משונה, שונה | שינה והחליף | השיב	{שנה} v  || K: to repeat | wiederholen || J(שָׁנָה II bh): year; birkhath hash-shanim  ##  {שני} v חזר, כפל[k:def:bavli] ; היה משונה, שונה[k:def:bavli] ; שינה והחליף[k:def:bavli] ; השיב[k:def:bavli] ; שינה והחליף[k:def:af:targum] ; נשתנה ונתחלף[k:def:itpe:bavli] ; שני[j:same:pe:targum+bavli+midrash+mishnah+tanakh] || J(שָׁנִי bh): scarlet; kasshanim?; kasshani || J(שני bh): to repeat, do a second time; to study the Mishnah; to study; to teach || J(שְׁנֵי ch): to repeat; to change; to be different; Part || J(שְׁנֵי ²): two || J(שְׂנֵי): to hate || J(שֵׁנִי bh): second; the second degree of levitical uncleanness, 
643	שנת	2		NO ANALYSIS	
644	שעתא	2		RARE_UNREVIEWED שעתא// "שעה"	{שעתא} n שעה[j:eq:targum+bavli+yerushalmi] || J(שַׁעְתָּא): while, time; hour
645	שעתה	2		NO ANALYSIS	
646	שפיר	2	יפה	שפיר/-/-/reviewed/reviewed form: Jastrow שַׁפִּיר "beautiful; well, right"	{שפיר} adj שפיר[j:same:targum+bavli] || K: handsome | schön || K: right, well | gut, richtig || K: sac of the) foetus | Hautblase des Embryos || J(שְׁפִיר): membraneous bag, sac of a fœtus; fœtus || J(שַׁפִּיר): handsome, pleasing; good; cheerful; Fem; right, well
647	שפר	2		RARE_UNREVIEWED שפר// "מבחר, מיטב"	{שפר} v הידר[k:def:pa:bavli] ; היה יפה[k:def:pe:bavli] ; התיפה[k:def:itpe:targum] ; מבחר, מיטב[k:def:targum] ; שפר[j:same:pe:targum+bavli+yerushalmi] ; שפר[j:same:targum+bavli] || K: to be adorned | sich schmücken || J(שָׁפַר bh): to be smooth, rounded; to be pleasing, good, cheerful; to cleanse, make pleasing; to conci || J(שְׁפַר ch): to cleanse, make handsome, pleasant; Pa.; to make one’s self fair, adorn one’s self || J(שֶׁפֶר bh): beauty, splendor, pleasantness; naḥălath
648	שת	2		NO ANALYSIS	
649	תדק	2		NO ANALYSIS	
650	תוכל	2		NO ANALYSIS	
651	תחות	2		RARE_UNREVIEWED תחות// "תחת"	{תחות} ? תחת[j:eq:targum+yerushalmi] || J(תְּחוֹת): under, beneath, in place of
652	תלתינ	2		RARE_UNREVIEWED תלת/n.pl/ "שלש"	{תלת} v חילק לשלשה חלקים[k:def:pa:targum] ; עשה בפעם השלישית[k:def:pa:targum] ; נעשה בפעם השלישית[k:def:itpe:targum] ; שלש[j:eq:targum+bavli+yerushalmi] || J(תַּלֵּת): to divide into three parts; to do a third time; Part. pass || J(תְּלַת): three; on the third; thirteen
653	תעבדונ	2	תעשו	תעבדונ/-/-/reviewed/reviewed form: עֲבַד imperfect 2nd pl.	
654	תעדא	2		RARE_UNREVIEWED עדא/pe.impf.2ms/ "שובב"	{עדא} v שובב[k:def:targum] || K: to capture | erbeuten || K: this | dies || J(עָדָא II): plunderer
655	תפלונ	2		NO ANALYSIS	
656	תפתיא	2		NO ANALYSIS	
657	תקומ	2	עמד, היה קיים · מי חלב	קומ/pe.impf.2ms/-/irregular/two senses; the same analysis published in onkelos	{קומ} v עמד, היה קיים[k:def:pe:bavli] ; מי חלב[k:def:mishnah] ; קום[j:same:pe:targum+bavli+midrash+yerushalmi+tanakh] ; העמיד[r:reviewed:af] || J(קוּם bh): to stand up, rise; to stand, exist; a transgression of a prohibitive law which you must re || J(קוּם ² ch): ḥălitsah; to ascertain; to bargain for || J(קוֹם): curdled milk, curd; whey; ḳom?
658	תקיפה	2		NO ANALYSIS	
659	תקיפינ	2		NO_HEBREW_SENSE תקיפ	{תקיפ} n תקיף[j:same:targum+bavli] || J(תַּקִּיף bh): strong, powerful; Fem. || J(תַּקִּיף ² ch): strong, mighty; protector; hard, stern, severe; Fem.
660	תקל	2		AMBIGUOUS_SENSE תקל: שקל | נכשל	{תקל} v הִתְקִיל נכשל[k:def:itpe:mishnah] ; שקל[k:def:targum] ; נכשל[k:def:targum] ; הכשיל[k:def:af:targum] ; סיקל מאבנים[k:def:af:bavli] ; נשקל[k:def:itpe:targum] ; נכשל[k:def:itpe:targum] ; שקל[j:eq:targum+bavli] ; תקל[j:same:pe:targum+bavli] || J(תְּקַל I): to weigh; Ithpe.; to be weighed || J(תָּקַל): to strike, knock; to strike against, stumble || J(תְּקַל II ch): to stumble, fail; to clear; Ithpe.
661	תרי	2	שנים	תרי/-/-/exact/reviewed choice; the same analysis published in onkelos	{תרי} v שרה במים[k:def:pe:bavli] ; התרה והזהיר[k:def:af:bavli] ; נשרה[k:def:itpe:targum] ; שנים[k:def:bavli] ; תרי[j:same:targum+bavli+midrash] ; שרה[j:eq:bavli+targum] || J(*תָּרַי): Taray || J(תרי): Hif.; to forewarn; to inform a person about to commit a criminal act of the penalty which  || J(תְּרֵי ch): Af. || J(תְּרֵי ²): to dissolve, soak; to be soaked || J(תְּרֵי ³): two; twelve
662	תשלט	2		NO ANALYSIS	
663	תשמעונ	2		NO ANALYSIS	
664	תשנא	2		RARE_UNREVIEWED שנא/pe.impf.2ms/ "תשנה"	{שנא} v שנא[j:same] ; שנה[j:eq:targum+midrash+bavli] || J(שָׂנֵא bh): to hate; to be hated; y’shunne || J(שְׁנָא I): to change || J(שְׁנָא II ch): year
665	אבהתי	1		NO ANALYSIS	
666	אבהתכ	1		NO ANALYSIS	
667	אבהתנא	1		NO_HEBREW_SENSE בהת	{בהת} v התבייש[k:def:pe:yerushalmi] ; נבהל[k:def:pe:bavli] ; בייש[k:def:yerushalmi] ; הפחיד[k:def] ; בוש[j:eq:targum+yerushalmi+bavli+midrash] || J(בְּהַת): to be confounded, abashed, ashamed; to be bewildered; to put to shame
668	אבוהי	1	אביו	אבוהי/-/-/reviewed/reviewed form: אַבָּא + ־וֹהִי	
669	אבי	1		NO ANALYSIS	{אבי} v  || J(אָבֵי): to press, surround, embrace; to be willing
670	אבעא	1		NO_HEBREW_SENSE נבע	{נבע} v נבע[j:same:pe:targum+bavli] || J(נָבַע bh): to burst forth; to flow, gush; to give forth, utter; to cause bubbling, fermenting || J(נְבַע ch): Hif.
671	אגרה	1		NO ANALYSIS	
672	אדר	1		AMBIGUOUS_SENSE אדר: כבד והדר | עור | גורן	{אדר} v כבד והדר[k:def:pe:bavli] ; עור[k:def] ; אדר[j:same:pe:bavli+tanakh] ; גורן[h:wikt] || K: holm-oak | Steineiche || J(אָדַר bh): to cut off, surround, isolate;; distinguish.; to darken || J(אֲדַר ch): to distinguish || J(אֲדָר): the cloudy; Adar; First Adar || J(אִדַּר): a place cut off, circle; threshing place, barn;; the grain piled up in the barn for thresh || J(אֵדֶר I): skin, hide
673	אדרזדא	1		NO ANALYSIS	{אדרזדא} ?  || J(*אַדְרַזְדָּא): diligently, quickly.
674	אדרי	1		AMBIGUOUS_SENSE אדר: כבד והדר | עור | גורן	{אדר} v כבד והדר[k:def:pe:bavli] ; עור[k:def] ; אדר[j:same:pe:bavli+tanakh] ; גורן[h:wikt] || K: holm-oak | Steineiche || J(אָדַר bh): to cut off, surround, isolate;; distinguish.; to darken || J(אֲדַר ch): to distinguish || J(אֲדָר): the cloudy; Adar; First Adar || J(אִדַּר): a place cut off, circle; threshing place, barn;; the grain piled up in the barn for thresh || J(אֵדֶר I): skin, hide
675	אהודענה	1		NO ANALYSIS	
676	אזה	1		NO ANALYSIS	
677	אזלו	1		NO ANALYSIS	
678	אזלנא	1		RARE_UNREVIEWED אזל/pe.ptcp.1s/ "אני הולך"	{אזל} v הלך[k:def:pe:bavli] ; טוה[k:def:pe:bavli] || J(אֲזַל I bh): to be gone, to leave; to go; Imper; to depart life, die || J(אֲזַל II): to spin, weave
679	אחוא	1		RARE_UNREVIEWED אחוא// "אחו"	{אחוא} n אחו[j:eq:targum] || J(אַחְוָא): meadow-grass, reed
680	אחידנ	1		NO_HEBREW_SENSE אחידה	{אחידה} n  || K: conquering, conquest | Eroberung || J(אֲחִידָה I): taking possession, capture || J(אֲחִידָה II): enigma.
681	אחיכ	1		NO_HEBREW_SENSE חוכ	{אחיכ} v  || J(אֲחִיךְ): to laugh  ##  {חוכ} v חכך[k:def:pe:bavli] ; צחוק, לעג[k:def:targum+bavli] ; חוך[j:same:bavli] || J(חוֹךְ): to rub, scratch || J(חוּךְ II): to hawk; to laugh; to jest with, caress; to laugh at || J(חוֹךְ I): scab || J(חוֹךְ II): laughter, gladness, object of derision
682	אחכ	1		NO ANALYSIS	
683	אחריהונ	1		NO ANALYSIS	
684	אחרינ	1		NO ANALYSIS	
685	אחת	1		RARE_UNREVIEWED אחת// "אחות"	{אחת} n אחות[j:eq:targum+bavli] || J(אֲחָת): twin sisters
686	אילנ	1		RARE_UNREVIEWED אילנ// "עץ"	{אילנ} n עץ[k:def:midrash] ; אילן[j:same:targum+bavli+midrash] || J(אִילָּן): oak; tree.
687	איתוהי	1		NO ANALYSIS	
688	איתינא	1		NO ANALYSIS	
689	איתנא	1		RARE_UNREVIEWED תני/itpa.perf.3ms/ "נשנה"	{תני} v חזר ועשה[k:def:pe:targum] ; לימד[k:def:pe:targum] ; קיבל ומסר הלכה[k:def:pe:bavli] ; שינה[k:def] ; דיבר, סיפר[k:def:targum] ; לימד[k:def:af] ; נכפל[k:def:itpe:targum] ; הוגד[k:def:itpe:targum] ; הוחד[k:def:itpe:targum] ; תני[j:same:pe:targum+bavli+mishnah+yerushalmi] ; שנה[r:reviewed:pe] || J(תני bh): to repeat; to tell; to stipulate, agree, make a condition || J(תְּנֵי ch): to repeat, do a second time; Pa.; to tell, relate; to teach || J(תְּנֵי II): to be pointed, sharp; to sharpen, to speak sharp words; to be sharpened
690	אכלו	1		NO ANALYSIS	
691	אכלי	1		AMBIGUOUS_SENSE כלי: שאג | עצר	{אכלי} v  || J(אַכְלִי): to cry  ##  {כלי} v נגמר[k:def:pe:bavli] ; איבד[k:def:pa:bavli] ; שאג[k:def:af:targum] ; עצר[k:def:af:targum] ; נעצר[k:def:itpe:targum] ; כְּלִי רִאשׁוֹן[k:def] ; כלי[j:same:pe:targum+bavli] || J(כְּלִי bh): vessel, receptacle; bag; outfit, apparel, garment, tool, weapon.; Pl. || J(כלי bh): to enclose; to restrain, keep back; iron points; to be full, to be finished, to cease || J(כְּלֵי ch): to keep enclosed, to withhold, restrain; to be finished, gone; to be entirely with || J(כְּלֵי ²): 
692	אלהיא	1		NO_HEBREW_SENSE להי	{להי} v  || J(לְהִי): to be bent;; to be tired; to tire, annoy
693	אלהכונ	1	אלהיכם	אלהכונ/-/-/reviewed/reviewed form: אֱלָהּ + ־כוֹן	
694	אלהנא	1		NO ANALYSIS	
695	אלנ	1		NO ANALYSIS	
696	אלפא	1		NO_HEBREW_SENSE אלפ	{אלפא} ?  || J(אִלְפָא): ship  ##  {אלפ} n אלף[j:same:targum+bavli+yerushalmi] || K: the first letter of the alphabet | der erste Buchstabe des Alphabets || J(אֶלֶף bh): thousand.; Du.; a million || J(אֲלַף II): to join, be joined; to become used; to learn, study, train one’s self; accustomed, used to
697	אלפימ	1		NO_HEBREW_SENSE אלפ	{אלפ} n אלף[j:same:targum+bavli+yerushalmi] || K: the first letter of the alphabet | der erste Buchstabe des Alphabets || J(אֶלֶף bh): thousand.; Du.; a million || J(אֲלַף II): to join, be joined; to become used; to learn, study, train one’s self; accustomed, used to
698	אלפינ	1	אלפים	אלפינ/-/-/reviewed/reviewed form: plural of אַלְפָּא (= h. אֶלֶף)	
699	אמה	1		RARE_UNREVIEWED אמא// "אמה"	{אמה} n  || J(אַמָּה bh): fore-arm, arm; arm-pit; cubit || J(אָמָה bh): hand-maid  ##  {אמא} v אמר[k:def:pe:bavli] ; אם, אמי[k:def:bavli] ; אמה[j:eq:targum] || J(אַמָּא): cubit || J(אֲמָא II): to join; to say, speak, think; does it mean to say?
700	אמרת	1	אתה אומר	אמר/pe.ptcp.2ms/-/irregular/the sense cited from targum; the same analysis published in onkelos	{אמר} v הלעיט[k:def:af:bavli] ; אמר[j:same:pe:targum+bavli+yerushalmi] ; טלה, כבש[h:wikt] || J(אָמַר I bh): to join, knot; to be knotted, thick;; to heap up;; to join words, compose || J(אֲמַר ch): they say, it is said; Inf; does this mean to say? || J(אָמַר II bh): to be thick, strong; to thrive; to boast, vaunt, be oppressive; to fatten || J(אִמַּר): lamb
701	אנבה	1		NO ANALYSIS	
702	אנינ	1		RARE_UNREVIEWED אנינ// "בעל הרגשה יתרה"	{אנינ} adj בעל הרגשה יתרה[k:def:bavli] || 
703	אנס	1		AMBIGUOUS_SENSE אנס: בעל זרוע	{אנס} v נוצח[k:def:itpe:bavli] ; נבעלה בעל כרחה[k:def:itpe:mishnah] ; אבד[k:def:itpe:bavli] ; בעל זרוע[k:def] || K: to violate | notzüchtigen || J(אָנַס bh): to bend, force; to do violence; to outrage; an outraged woman; the victim of an accident,  || J(אֲנַס ch): to take by force, snatch, rob; to oppress, rob; to distrain, fine || J(אַנָּס): one who acts violently, a violent man; Annas, one who is in possessi
704	אנשימ	1		NO_HEBREW_SENSE איש	{איש} n  || J(אִישׁ bh): being, man; husband; lord
705	אנתונ	1		NO_HEBREW_SENSE אנתו	{אנתו} n  || 
706	אפרסיא	1		NO ANALYSIS	
707	אצבענ	1		NO ANALYSIS	
708	אקימה	1		NO ANALYSIS	
709	אקרא	1		RARE_UNREVIEWED אקרא// "מבצר"	{אקרא} n מבצר[k:def] || J(אַקְרָא): fort; fortified ford; summit
710	ארחתכ	1		NO ANALYSIS	
711	אריכ	1		NO ANALYSIS	{אריכ} v  || J(אֲרִיךְ I bh): to be long, to project; to be prolonged; to lengthen; to be tall || J(אֲרִיךְ II): long; to arrange; right, befitting. || J(אָרִיךְ): prolonging, retarding || J(אָרֵיךְ): preparing, dressing
712	ארכה	1		RARE_UNREVIEWED ארכה// "מועד"	{ארכה} n מועד[k:def:midrash] || J(אַרְכָה): extension, a certain time
713	ארכוי	1		NO ANALYSIS	
714	ארכויא	1		NO ANALYSIS	
715	ארמית	1		NO ANALYSIS	
716	ארע	1		RARE_UNREVIEWED ארע// "אדמה, ארץ"	{ארע} v קרה[k:def:pa:mishnah] ; הגיע, בא[k:def:pe:midrash] ; אדמה, ארץ[k:def:bavli+targum] ; ארץ, אדמה[h:wikt] || J(אָרַע): to strike against.; Nif.; to come in contact with || J(אֲרַע I ch): to join, meet, find; to attack, visit; to be met; to meet; to be shaken, weakened || J(*אָרַע II): Hif.; to proclaim a festival; to be proclaimed || J(אַרַע): land; nether-, beneath
717	אשא	1		RARE_UNREVIEWED אשא// "אש"	{אשא} n אש[k:def:bavli] ; אש[j:same:targum+bavli] || J(אֶשָּׁא ch): fire; torches; fever || J(אָשָׁא): old
718	אשיא	1		AMBIGUOUS אשא/n.pl "אש" ~ אשיתא/n.sg "אשיה"	{אשא} n אש[k:def:bavli] ; אש[j:same:targum+bavli] || J(אֶשָּׁא ch): fire; torches; fever || J(אָשָׁא): old
719	אשכללו	1		NO ANALYSIS	
720	אשתוממ	1		NO_HEBREW_SENSE שממ	{אשתוממ} ?  || J(אֶשְׁתּוֹמַם): he was confounded, stood aghast  ##  {שממ} n משוגע, מוכה שממון[k:def:midrash] ; שמם[j:same:pe:targum+bavli+tanakh] || J(שָׁמֵם bh): to stand still,; to be astonished; to be waste; to lay waste, ruin; to confound || J(שְׁמַם ch): to be desolate; to be confounded, mad; to be perplexed || J(שַׁמָּם): confounded, demented
721	אשתיו	1		NO ANALYSIS	
722	אשתנו	1		NO_HEBREW_SENSE שני	{שני} v חזר, כפל[k:def:bavli] ; היה משונה, שונה[k:def:bavli] ; שינה והחליף[k:def:bavli] ; השיב[k:def:bavli] ; שינה והחליף[k:def:af:targum] ; נשתנה ונתחלף[k:def:itpe:bavli] ; שני[j:same:pe:targum+bavli+midrash+mishnah+tanakh] || J(שָׁנִי bh): scarlet; kasshanim?; kasshani || J(שני bh): to repeat, do a second time; to study the Mishnah; to study; to teach || J(שְׁנֵי ch): to repeat; to change; to be different; Part || J(שְׁנֵי ²): two || J(שְׂנֵי): to hate || J(שֵׁנִי bh): second; the second degree of levitical uncleanness, 
723	אשתני	1		NO_HEBREW_SENSE שני	{שני} v חזר, כפל[k:def:bavli] ; היה משונה, שונה[k:def:bavli] ; שינה והחליף[k:def:bavli] ; השיב[k:def:bavli] ; שינה והחליף[k:def:af:targum] ; נשתנה ונתחלף[k:def:itpe:bavli] ; שני[j:same:pe:targum+bavli+midrash+mishnah+tanakh] || J(שָׁנִי bh): scarlet; kasshanim?; kasshani || J(שני bh): to repeat, do a second time; to study the Mishnah; to study; to teach || J(שְׁנֵי ch): to repeat; to change; to be different; Part || J(שְׁנֵי ²): two || J(שְׂנֵי): to hate || J(שֵׁנִי bh): second; the second degree of levitical uncleanness, 
724	אתגזרת	1		RARE_UNREVIEWED גזר/itpe.perf.3fs/ "נגזרה"	{גזר} n חתך, גזר[k:def:bavli] ; גְּזַר דִּין משפט חרוץ[k:def:bavli] ; גזר[j:same:pe:targum+bavli+midrash+yerushalmi] || J(גָּזַר bh): to cut;; to cut off, to guard;; to institute a precautionary measure || J(גְּזַר ch): to cut, split; to make a covenant; to circumcise, have one’s self circumcised || J(גָּזָר): decree; sentence, legal decision, divine dispensation || J(גֶּזֶר): piece; log, club
725	אתו	1		REVIEW_GATE אתא/pe.ptcp.mp/- "באים" n=1	{אתו} ?  ||   ##  {אתא} v סימן[k:def:targum] ; בא[k:def:pe:bavli] ; הביא[r:reviewed:af] || J(אָתָא I): letter, sign || J(אֲתָא ch): to join; to come, to arrive; to occur to; surely, indeed || J(*אָתָא III): Great Bear, Ursa Major
726	אתוהי	1		NO ANALYSIS	
727	אתיא	1		REVIEW_GATE אתא/pe.ptcp.fs/- "באה" n=1	{אתא} v סימן[k:def:targum] ; בא[k:def:pe:bavli] ; הביא[r:reviewed:af] || J(אָתָא I): letter, sign || J(אֲתָא ch): to join; to come, to arrive; to occur to; surely, indeed || J(*אָתָא III): Great Bear, Ursa Major
728	אתינ	1		REVIEW_GATE אתא/pe.ptcp.mp/- "באים" n=1	{אתא} v סימן[k:def:targum] ; בא[k:def:pe:bavli] ; הביא[r:reviewed:af] || J(אָתָא I): letter, sign || J(אֲתָא ch): to join; to come, to arrive; to occur to; surely, indeed || J(*אָתָא III): Great Bear, Ursa Major
729	אתיעטו	1		RARE_UNREVIEWED יעט/itpe.perf.3mp/ "נמלך ונתיעץ"	{יעט} v נתן עצה, יעץ[k:def:pe:targum] ; נמלך ונתיעץ[k:def:itpe:targum] || J(יְעַט): to counsel; to take counsel, to deliberate, plan.
730	אתכרית	1		NO_HEBREW_SENSE כרה	{כרה} v התכווץ[k:def:pe:bavli] || J(כְּרַהּ): to shrink, be narrow; to be ill-tempered; to be ill
731	אתעקרה	1		RARE_UNREVIEWED עקר/itpa.perf.3fs/ "נעשה עקר"	{עקר} v עשה לָעקר[k:def:af:midrash] ; נעשה עקר[k:def:itpa:midrash] ; עקר[j:same:pe:targum+bavli] || K: to uproot | entwurzeln || J(עָקַר bh): to be curved, bent; root; to uproot, tear loose, detach, remove; to eradicate, undo, aboli || J(עֲקַר I ch): to uproot; to uproot, destroy; to mutilate, hamstring; Pe. || J(עָקָר bh): rootless; sterile, impotent, barren; ḳaʿãrath
732	אתעקרו	1		RARE_UNREVIEWED עקר/itpa.perf.3mp/ "נעשה עקר"	{עקר} v עשה לָעקר[k:def:af:midrash] ; נעשה עקר[k:def:itpa:midrash] ; עקר[j:same:pe:targum+bavli] || K: to uproot | entwurzeln || J(עָקַר bh): to be curved, bent; root; to uproot, tear loose, detach, remove; to eradicate, undo, aboli || J(עֲקַר I ch): to uproot; to uproot, destroy; to mutilate, hamstring; Pe. || J(עָקָר bh): rootless; sterile, impotent, barren; ḳaʿãrath
733	אתרו	1		AMBIGUOUS נתר/pe.impf.3mp "נשר" ~ תרי/af.perf.3mp "שנים"	{נתר} v נפרד ונעתק ממקומו[k:def:itpe] ; נגאל ונפדה[k:def:itpe] ; ניטל ממנו האיסור[k:def:itpe] ; ביטל את האיסור[k:def:bavli] ; הפקיר[k:def] ; נשר ונפל[k:def:pe:bavli] ; נתפורר ונפל[k:def:pa:bavli] ; השיר, הפיל[k:def:af:yerushalmi] ; נשר[j:eq:targum+bavli] || J(נָתַר I bh): to sever, loosen; to be torn loose, be released; to be untied, released from an obligation || J(נָתַר II): Pi.; to move; to leap || J(נְתַר ch): to fall off, drop; to fall apart, decay; to become wearied, faint; to drop, shed, let fall || J(נֶתֶר bh): nitron; natron, native carbonate 
734	באדרע	1		NO ANALYSIS	
735	באחרית	1		NO ANALYSIS	
736	באלהה	1		NO ANALYSIS	
737	באש	1		AMBIGUOUS_SENSE באש: חרה | חלה | התמרמר	{באש} v חרה[k:def:pe:yerushalmi] ; חלה[k:def:pe:bavli] ; התמרמר[k:def:pe:midrash] || J(בָּאַשׁ bh): to be disordered, bad; to cause decay, to make smell badly; to use insulting language
738	בבהילו	1		NO ANALYSIS	
739	בבירתא	1		NO ANALYSIS	
740	בביתי	1		NO ANALYSIS	
741	בבליא	1		RARE_UNREVIEWED בבלאה// "בבלי"	{בבלאה} n בבלי[j:eq:targum+bavli+yerushalmi] || J(בַּבְלָאָה ch): Babylonian
742	בבקעת	1		NO ANALYSIS	
743	בגזרת	1		NO ANALYSIS	
744	בגשמהונ	1		NO ANALYSIS	
745	בהיכלא	1		RARE_UNREVIEWED היכלא//b "בהיכל"	{היכלא} ? היכל[j:same:targum+bavli+yerushalmi+midrash+tanakh] || 
746	בהיכלי	1		NO ANALYSIS	
747	בזרע	1		NO ANALYSIS	
748	בחדוה	1		NO ANALYSIS	
749	בחזוא	1		NO ANALYSIS	
750	בחיינ	1		NO ANALYSIS	
751	בחילה	1		NO ANALYSIS	
752	בחכמה	1		NO ANALYSIS	
753	בחשוכא	1		NO ANALYSIS	
754	בטלא	1		RARE_UNREVIEWED בטל/pe.ptcp.fs/ "אינו קיים · מחוסר עבודה"	{בטל} v העביר, השבית[k:def:pa:mishnah] ; גרם בטלה[k:def:af:mishnah] ; אינו קיים[k:def:mishnah] ; מחוסר עבודה[k:def:tosefta] ; בטל[j:same:pe:targum+bavli+midrash] || J(בָּטֵל I bh): to be hollow; to be void, abolished, suspended; to cease to exist; Scroll of Fasts || J(בְּטֵל ch): annulled; neutralized; to be abolished, removed, undone; to be disturbed, to be forced to  || J(בָּטֵל II): null, void; vain.; vanities, absurdities; idle, unemployed, not needed
755	בטלו	1		NO ANALYSIS	
756	בטלת	1		NO ANALYSIS	
757	בטעמ	1		NO ANALYSIS	
758	בי	1		RARE_UNREVIEWED בי// "בין השמשות"	{בי} n בית[k:def] ; מקום[k:def] ; בין השמשות[j:eq:targum+bavli+yerushalmi] || K: son | Sohn || K: between | zwischen || J(בֵּי): in, with, at; between, among; son of;
759	ביד	1		RARE_UNREVIEWED בד// "אבד וכלה"	{ביד} ?  ||   ##  {בד} n אבד וכלה[k:def:pe:targum] ; נעלם ואבד[k:def:itpe:targum] ; בש[j:eq:bavli+targum] || K: olive press | Kelter || J(בִּדְּ־): concerning that; those; of; at the time of; treating of what refers to || J(בַּד II): olive press; tank.; the building containing the tank || J(בַּד III bh): single, separate; baddim; alone, only || J(בַּד IV bh): chosen, fine linen; bad; bad || J(בַּד  V): sin
760	בידהמ	1		NO ANALYSIS	
761	ביהוד	1		NO ANALYSIS	
762	ביומ	1		NO ANALYSIS	
763	בינ	1	בין	בינ/-/-/reviewed/reviewed form: Jastrow בֵּין = h. בֵּין	{בינ} v בין[j:same:pe:targum+midrash] || J(בִּין bh): to pierce, split, penetrate;; to discern, understand;; to cause to penetrate, to saturate || J(בִּין ² ch): Pa.; to teach, make wise; understand || J(בַּיִן): something split; placed between;; between, among || J(בֵּין ch): in the meantime; the difference between
764	בינה	1		NO_HEBREW_SENSE בינה	{בינה} v ערך בנין העיר במדה[k:def:pa:midrash] ; נתאזרח, נחשב ליליד הארץ[k:def:itpa] || J(בִּינָה bh): intelligence, wisdom
765	ביניהונ	1	ביניהם	pron:ביניהונ/fixed/-/pronominal/pronominal preposition table; the same analysis published in onkelos	
766	ביניהנ	1		NO ANALYSIS	
767	בכלהונ	1		REVIEW_GATE pron:כלהונ/fixed/b "בכולם" n=1	
768	בכספא	1		NO ANALYSIS	
769	בכתליא	1		NO ANALYSIS	
770	בל	1		RARE_UNREVIEWED בל// "אליל הבבלים"	{בל} n אליל הבבלים[k:def:bavli] || J(בַּל bh): not; a prohibitive law || J(*בָּל): care, anxiety.
771	בלבי	1		NO ANALYSIS	
772	בליליא	1		NO ANALYSIS	
773	במאזניא	1		NO ANALYSIS	
774	במדי	1		NO ANALYSIS	
775	במחלקתהונ	1		NO ANALYSIS	
776	במחנ	1		NO ANALYSIS	
777	במלכותי	1		NO ANALYSIS	
778	במלכותכ	1		NO ANALYSIS	
779	בנבואת	1		NO ANALYSIS	
780	בנגהא	1		NO ANALYSIS	
781	בנה	1		RARE_UNREVIEWED בני// "עשה בנין"	{בני} v עשה בנין[k:def:pe:targum] ; בנה[j:eq:targum+bavli] || J(בני bh): to combine; to build; to educate, train
782	בניהונ	1		NO ANALYSIS	
783	בנינא	1		RARE_UNREVIEWED בנינא// "בנין"	{בנינא} ? בנין[j:same:targum] || 
784	בניתה	1		NO ANALYSIS	
785	בנס	1		RARE_UNREVIEWED בנס// "קצף"	{בנס} v קצף[k:def:pe] || J(בְּנַס): to ferment, get sour;; to be angry, agitated.
786	בסרבליהונ	1		NO ANALYSIS	
787	בעו	1		RARE_UNREVIEWED בעו// "בקשה"	{בעו} n בקשה[k:def] || J(בָּעוּ): prayer; I pray
788	בעותה	1		NO ANALYSIS	
789	בעזקתה	1		NO ANALYSIS	
790	בעינ	1		NO ANALYSIS	
791	בעינא	1		AMBIGUOUS_SENSE בעי: שאל | התפלל, בקש רחמים | היה צריך | פיהק	{בעי} v שאל[k:def:pe:bavli] ; התפלל, בקש רחמים[k:def:bavli] ; היה צריך[k:def:pe:bavli] ; נתבקש[k:def:targum] ; נבהל ללכת[k:def:tanakh] ; נשאל[k:def:itpe] ; צריך להיות[k:def:itpe:bavli] ; פיהק[k:def:pe] ; בעי[j:same:pe:targum+bavli+yerushalmi] || K: not only … but | nicht nur … sondern auch || J(בעי bh): to enter into, split;; to be empty, bare; to lay bare, destroy the crop || J(בְּעֵי I ch): to search, inquire, ask, examine; uba hash-shemesh; to ask, pray || J(בְּעֵי II): to open wide; to yawn
792	בעליתה	1		NO ANALYSIS	
793	בעשב	1		NO ANALYSIS	
794	בפלגתהונ	1		NO ANALYSIS	
795	בפמ	1		NO ANALYSIS	
796	בפמה	1		NO ANALYSIS	
797	בצדקה	1		NO ANALYSIS	
798	בקל	1		NO ANALYSIS	
799	בקריה	1		NO ANALYSIS	
800	בקרנא	1		RARE_UNREVIEWED בקר/pe.ptcp.1s/ "אני בודק"	{בקר} v פֻעל נבדק[k:def] ; הפקיר[k:def:af:yerushalmi] ; נבדק[k:def] ; נשאל מה שלומו[k:def:midrash] ; היה להפקר[k:def:af] ; בדק[k:def:targum] ; בדק[k:def:targum] ; שאל בשלום החולה[k:def:yerushalmi] ; שאל בשלום החולה[k:def:yerushalmi] ; הפקיר[k:def] ; הפקיר[k:def] ; רועה בקר[k:def:yerushalmi] ; בקר[j:same:targum+bavli] || K: to glean | Nachlese halten || K: to let the herd graze | weiden lassen || J(בָּקַר bh): to enter into, to clear, split;; to eat up; to break forth, shine || J(בְּקַר ch): Pa.; to search, examine; to clear, glean || J(בֹּקֶר bh): morning, early day;; light, salvation; ben hab-b’karaim || J(בָּקָר 
801	בקרניא	1		NO ANALYSIS	
802	בראשה	1		NO ANALYSIS	
803	בראשיהמ	1		NO ANALYSIS	
804	ברגז	1		NO ANALYSIS	
805	ברגלה	1		NO ANALYSIS	
806	ברה	1		RARE_UNREVIEWED ברי// "ברא"	{ברה} ?  ||   ##  {ברי} v ברא[k:def:tanakh] ; היה בריא וחזק[k:def:bavli] ; נברא[k:def:itpe:targum+bavli] ; חיזק[k:def:bavli] ; נקב[k:def] ; נקב, חדר[k:def:pe:targum] ; חזר לאיתנו[k:def] ; חזק[k:def:mishnah+bavli] ; ודאי, ברור[k:def:bavli+yerushalmi] ; ברי[j:same:pe:targum+bavli+midrash] ; ברי[j:same:targum+bavli] || J(ברי I bh): to hollow out, perforate; to think out, plan; to create || J(ברי ch): to create; to get well, strong; to cut, shape || J(ברי II bh): to cut out; hollowed out; to strengthen, to offer refreshment || J(בָּרִי bh): in natural condition; healthy, strong, stout, fat; sound, sure, evident
807	בריכ	1	ברוך	בריכ/-/-/reviewed/reviewed form: Jastrow בְּרִיךְ = h. בָּרוּךְ	{בריכ} v היה ברוך[k:def:itpe:targum] || 
808	ברכוהי	1		NO ANALYSIS	
809	ברכת	1		NO ANALYSIS	{ברכת} ?  || 
810	בשאר	1		NO ANALYSIS	
811	בשמ	1		RARE_UNREVIEWED בשמ// "עושה או מוכר בשמים"	{בשמ} n עושה או מוכר בשמים[k:def:bavli] || J(בֹּשֶׂם): spices, perfumes
812	בשפרפרא	1		NO ANALYSIS	
813	בשר	1		NO_HEBREW_SENSE בשר	{בשר} v פַעֵל[k:def] ; נתבשר[k:def:itpe:targum] ; בשר[j:same:pe:targum] || J(בָּשַׂר): to be sweet, pleasant; to gladden, to bring good tidings to;; to announce || J(בְּשַׂר ch): to be glad;; Pa.; Pi. || J(בָּשָׂר bh): ripe, warm, sweet, well-looking;; body; flesh, meat
814	בתקפ	1		NO ANALYSIS	
815	בתרע	1		NO ANALYSIS	
816	גבה	1		AMBIGUOUS pron:גבה/fixed "אצלה" ~ גבה/ "התרומם"	{גבה} v תבע ולקח דמי פרעון[k:def:pe:mishnah] ; נשתלם[k:def:itpe:mishnah+bavli+midrash] ; התרומם[k:def:pe:bavli+tanakh] ; היה רם וגבוה, התגאה[k:def:itpe:targum] ; התרומם[k:def:itpe:bavli] ; גבה[j:same:pe:targum+bavli+yerushalmi] || K: to cause to be collected | einkassieren lassen || K: to raise, to take up | aufheben || J(גָּבַהּ bh): to be high; to be elated; to raise, elevate; to make elated; to take up || J(גְּבַהּ ch): to be high, elated; to raise; to take up
817	גביה	1		AMBIGUOUS pron:גביה/fixed "אצלו" ~ גביה/ "גבוה"	{גביה} n גבוה[j:eq:targum+yerushalmi] || 
818	גברי	1		RARE_UNREVIEWED גבר/n.pl/ "היה חזק, הלך וגדול"	{גבר} v היה חזק, הלך וגדול[k:def:pe:bavli+targum] ; חיזק[k:def:pa:targum] ; עשה שיתגבר[k:def:af:bavli] ; איש[k:def:bavli] ; גבר[j:same:pe:targum+bavli] ; גבר[j:same:targum+bavli+midrash] || K: a certain man, euphem: I, thou | ein gewisser Mann, (euphem): ich, du || J(גָּבַר bh): to be uppermost, prevail; to be strong; to make strong, strengthen, sustain; to grow stron || J(גְּבַר I ch): Pi.; growing, swelling; to make strong, to cause to overpower || J(גֶּבֶר bh): man, master; cock.; m
819	גוא	1		RARE_UNREVIEWED גוא// "תוך, קרב"	{גוא} n תוך, קרב[k:def:targum] || 
820	גזבריא	1		RARE_UNREVIEWED גזבר/n.pl/ "ממונה על קופת כסף"	{גזבר} n ממונה על קופת כסף[k:def:mishnah+targum] || J(גִּזְבָּר): manager, treasurer; Amarkhal; Gizbar;
821	גירא	1		AMBIGUOUS_SENSE גירא: חץ | שתיל | גר	{גירא} n חץ[k:def:bavli] ; שתיל[k:def:bavli] ; גר[k:def] ; גר[j:eq:bavli] || K: direct consequence of an act | direkte Folge || J(גִּירָא III): direct consequence; his arrows
822	גלגלוהי	1		NO ANALYSIS	
823	גמיר	1		AMBIGUOUS_SENSE גמיר: שלם | כליל	{גמיר} adj שלם[k:def:targum] ; כליל[k:def:targum] ; כליל[j:eq:targum] ; כלה[j:eq:targum] || J(גְּמִיר): finished, perfect; holocaust, entirely burnt; entire destruction, extermination
824	גנזי	1		AMBIGUOUS_SENSE גנז: הטמין, הסתיר, קבע באדמה	{גנז} v הטמין, הסתיר, קבע באדמה[k:def:pe:mishnah+bavli] ; גנז[j:same:pe:targum] || K: to be hidden | verborgen werden || J(גָּנַז): to cut off, set aside; to save, hoard up, reserve; Part. pass || J(גְּנַז ch): to save; hidden, stored up, reserved; to disappear || J(גֵּנֶז bh): store, treasure
825	גפיה	1		NO ANALYSIS	
826	גפינ	1		RARE_UNREVIEWED גפא/n.pl/ "גף"	{גפא} n סולם[k:def:bavli] ; שער העיר[k:def:bavli] ; גף[j:same:targum+midrash+bavli] || J(גַּפָּא I ch): wing, also winged animal; a pole with a hook; a ladder hooked || J(גַּפָּא II): city-gate
827	גרמיהונ	1		NO ANALYSIS	
828	גשמהונ	1		NO ANALYSIS	
829	גשמיהונ	1		NO ANALYSIS	
830	דאינינ	1		REVIEW_GATE pron:אינינ/fixed/d "שהן" n=1	
831	דאנינ	1		NO ANALYSIS	
832	דארי	1		NO ANALYSIS	
833	דבקינ	1		NO ANALYSIS	
834	דהוא	1		RARE_UNREVIEWED הוא//d "שהיה"	{הוא} v היה[k:def:pe:bavli] ; הוא[j:same:targum+yerushalmi+mishnah+bavli] || K: supposed | vorausgesetzt || J(הוּא bh): he, it; she; it is; whosoever, whatsoever; whatever it may be, a minimum || J(הוּא ² ch): myself, thyself
835	דהיא	1		RARE_UNREVIEWED הוא//d "שהיה"	{הוא} v היה[k:def:pe:bavli] ; הוא[j:same:targum+yerushalmi+mishnah+bavli] || K: supposed | vorausgesetzt || J(הוּא bh): he, it; she; it is; whosoever, whatsoever; whatever it may be, a minimum || J(הוּא ² ch): myself, thyself
836	דורא	1		AMBIGUOUS_SENSE דורא: משא | מין אבן טובה | כפר	{דורא} n משא[k:def:bavli] ; מין אבן טובה[k:def:midrash] ; כפר[k:def:bavli] || J(דּוּרָא I): district, settlement, village; Shephardville || J(דּוּרָא II bh): dura; a jewel, mother of pearl; durah; || J(דּוּרָא III): parasite worm || J(דּוּרָא IV): burden, load || J(*דּוּרָא IV): Be-Dura; Davvara
837	דחיל	1		RARE_UNREVIEWED דחיל// "נורא"	{דחיל} adj נורא[k:def:targum] || J(דּחֵיל): daḥala; to be depressed, bent; to fear, be afraid of, shun; to worship, revere || J(דּחִיל): fearing; fearful, terrible, awe-inspiring
838	דינ	1	זה	דינ/-/-/reviewed/reviewed form: Jastrow דֵּין "this"	{דינ} v חקר ודרש[k:def:pe:mishnah] ; הוציא מסקנא[k:def:pe:bavli] ; נשפט[k:def:itpe:mishnah] ; נחשב[k:def:itpe:bavli] ; התוכח, ריב[k:def:pa] ; שפט[k:def:pe:yerushalmi] ; הוציא מסקנא[k:def:pe] ; בא בדין[k:def:pe:targum] ; הוציא דין[k:def:pa] ; בא בדין[k:def:itpe:yerushalmi] ; נשפט[k:def:itpe:targum] ; נשפט, נענש[k:def:itpe:targum] ; סברא הגיונית[k:def] ; קל וחומר[k:def:bavli] ; זה[k:def] ; בזה, כאן[k:def] ; כזה, כן[k:def:targum] ; דין[j:same:pe:targum+bavli+tanakh+midrash] ; דין[j:same:targum+midrash+bavli] || J(*דֵּין): faintness, trouble, sickness; Oh! Ah!; Thou || J(דִּין I bh): to rule; to hold court, pass sentence, punish; to argue, conclude || J(דִּין ch): Part; to dispute, quarrel; to decide || J(דִּין II bh): law-suit, claim; judgment, justice, law; equity; argument, analogy || J(דִּין ² ch): law,
839	דינא	1		REVIEW_GATE דינא/-/- "דין ומשפט" n=1	{דינא} n דין ומשפט[k:def:bavli] ; ריב[k:def] ; שופט[k:def] || 
840	דיניא	1		RARE_UNREVIEWED דינא/n.pl/ "דין ומשפט"	{דינא} n דין ומשפט[k:def:bavli] ; ריב[k:def] ; שופט[k:def] || 
841	דירי	1		NO ANALYSIS	
842	דכרונה	1		NO ANALYSIS	
843	דלק	1		AMBIGUOUS_SENSE דלק: בער | רדף	{דלק} v בער[k:def:pe:targum] ; רדף[k:def:pe:targum] ; הדליק והבעיר[k:def:af:midrash] ; חומר לשריפה[k:def:mishnah] ; דלק[j:same:pe:targum+bavli+tanakh] || K: to be burnt | verbrannt werden || J(דָּלַק bh): to burn; to be illumined; enkindled, burning; to pursue eagerly || J(דְּלַק ch): to burn; to pursue; to kindle a light, start a fire || J(דֶּלֶק): light, burning material, wick, wood
844	דמה	1		D_UNKNOWN_POS מה "של מה"	{מה} ? כמו[k:def] ; אִם[k:def:bavli] ; מה[j:same:targum+bavli+midrash+yerushalmi] || J(מָה bh): something; anything; what? which?; as … so
845	דמיה	1		NO ANALYSIS	
846	דע	1		NO ANALYSIS	
847	דקו	1		NO ANALYSIS	
848	דת	1		NO_HEBREW_SENSE דת	{דת} n דת[j:same:tanakh] || J(דָּת bh): dîn; custom, law; judgment, punishment; religion
849	דתי	1		NO_HEBREW_SENSE דת	{דת} n דת[j:same:tanakh] || J(דָּת bh): dîn; custom, law; judgment, punishment; religion
850	דתכונ	1		NO ANALYSIS	
851	האיתיכ	1		NO ANALYSIS	
852	האיתכ	1		NO ANALYSIS	
853	הב	1		NO_HEBREW_SENSE יהב	{הב} ?  ||   ##  {יהב} v  || J(יְהַב): to give; to deal; to put, place
854	הדברי	1		NO ANALYSIS	
855	הדבריא	1		NO ANALYSIS	
856	הדקו	1		NO ANALYSIS	
857	הדרת	1		NO_HEBREW_SENSE הדרה	{הדרה} ?  || J(הֲדָרָה): beauty, dignity
858	הודעכ	1		NO ANALYSIS	
859	הודעתנא	1		NO ANALYSIS	
860	הודעתני	1		NO ANALYSIS	
861	הוספת	1		NO ANALYSIS	
862	הזדמנתונ	1		NO ANALYSIS	
863	הזמנתונ	1		NO_HEBREW_SENSE זמנ	{זמנ} v הכין[k:def:mishnah] ; קרא לסעודה וכדומה[k:def:bavli] ; בירך ברכת הזימון[k:def:mishnah] ; נקרה[k:def:itpa:bavli] ; הוזמן[k:def:itpa:midrash] ; זמן[j:same:pe:targum+bavli+midrash] ; זמן[j:same:targum+bavli] ; אהל מועד[j:eq:targum+bavli] || J(זָמַן bh): to arrange, designate; to invite; to a meal || J(זְמַן I ch): Part. pass; ready, prepared; to invite; to appoint; to summon; to prepare || J(זְמָן bh): appointed time, term, time; in the case of, when, if; in its prescribed || J(זְמַן II ch): at times; at other times; appointed banquets
864	החוני	1		NO ANALYSIS	
865	החסנו	1		NO ANALYSIS	
866	החרבת	1		NO ANALYSIS	
867	היתי	1		REVIEW_GATE אתא/af.perf.3ms/- "בא" n=1	{אתא} v סימן[k:def:targum] ; בא[k:def:pe:bavli] ; הביא[r:reviewed:af] || J(אָתָא I): letter, sign || J(אֲתָא ch): to join; to come, to arrive; to occur to; surely, indeed || J(*אָתָא III): Great Bear, Ursa Major
868	הכשדימ	1		NO ANALYSIS	
869	הנחת	1		NO ANALYSIS	
870	הנפקו	1		NO ANALYSIS	
871	הסקו	1		NO ANALYSIS	
872	העל	1		NO ANALYSIS	
873	העלו	1		NO ANALYSIS	
874	העלני	1		NO ANALYSIS	
875	הצדא	1		NO ANALYSIS	
876	הקימה	1		NO ANALYSIS	
877	הקמת	1		NO ANALYSIS	
878	הקרבוהי	1		NO ANALYSIS	
879	הרגזו	1		NO ANALYSIS	
880	השכחנה	1		NO ANALYSIS	
881	השכחת	1		NO ANALYSIS	
882	השלמ	1		NO ANALYSIS	
883	השפלת	1		NO ANALYSIS	
884	התגזרת	1		NO ANALYSIS	
885	התחרכ	1		NO ANALYSIS	
886	התיב	1		NO ANALYSIS	
887	התיבונא	1		NO ANALYSIS	
888	התמלי	1		NO ANALYSIS	
889	התנדבו	1		NO ANALYSIS	
890	התנדבות	1		NO ANALYSIS	
891	התקנת	1		NO ANALYSIS	
892	התרוממת	1		NO ANALYSIS	
893	התרחצו	1		NO ANALYSIS	
894	ואדינ	1		RARE_UNREVIEWED rev:אדינ//w "ואז"	
895	ואחוית	1		NO ANALYSIS	
896	ואחרי	1		AMBIGUOUS אחורי/ "ואחרת" ~ אחר/n.sg "ונהג בשגעון"	{אחורי} n אחרת[j:eq:yerushalmi+midrash+targum+tanakh] || J(אֲחוֹרִי): another, something else
897	ואימתני	1		NO ANALYSIS	
898	ואכלו	1		NO ANALYSIS	
899	ואלהא	1		RARE_UNREVIEWED אלה//w "ואלוה"	{אלה} n מקל שראשו מעובה[k:def:mishnah] ; קלשון[k:def:yerushalmi] ; אלוה[j:eq:tanakh+targum+midrash+yerushalmi] || J(אָלָה): to curse || J(אָלָה ² bh): to point; imprecation, curse || J(אֵלֶּה): these, those; v’elleh; elleh || J(אֵלָה bh): terebinth. || J(אַלָּה bh): lance, fork.; sign-pole || J(אֱלָהּ ch): God.; Pl.; gods.
900	ואמרת	1		NO ANALYSIS	
901	ואנדע	1		NO ANALYSIS	
902	ואסרא	1		NO ANALYSIS	
903	ואע	1		NO ANALYSIS	
904	ואפרסתכיא	1		NO ANALYSIS	
905	ואפתמ	1		NO ANALYSIS	
906	ואצבעת	1		NO ANALYSIS	
907	ואצבעתא	1		NO ANALYSIS	
908	וארבע	1		NO ANALYSIS	
909	וארבעה	1		NO ANALYSIS	
910	וארחתה	1		NO ANALYSIS	
911	וארכבתה	1		NO ANALYSIS	
912	וארכה	1		NO ANALYSIS	
913	וארעא	1		RARE_UNREVIEWED ארעא//w "ואדמה, ארץ"	{ארעא} n אדמה, ארץ[k:def:bavli+targum] ; מקרה[k:def:targum] ; פגע[k:def] || J(אִרְעָא): accident, occurrence; evils, diseases || J(אַרְעָא): land, earth, ground, field; gout, sore on the toes; fields
914	וארקא	1		NO ANALYSIS	
915	ואשוהי	1		NO ANALYSIS	
916	ואשיא	1		NO ANALYSIS	
917	ואשפ	1		NO ANALYSIS	
918	ואשתיו	1		NO ANALYSIS	
919	ואתו	1		NO ANALYSIS	
920	ואתונא	1		NO ANALYSIS	
921	ובאישתא	1		NO ANALYSIS	
922	ובארעא	1		RARE_UNREVIEWED ארעא//wb "ובאדמה, ארץ"	{ארעא} n אדמה, ארץ[k:def:bavli+targum] ; מקרה[k:def:targum] ; פגע[k:def] || J(אִרְעָא): accident, occurrence; evils, diseases || J(אַרְעָא): land, earth, ground, field; gout, sore on the toes; fields
923	ובדרו	1		NO ANALYSIS	
924	ובהתבהלה	1		NO ANALYSIS	
925	ובטלו	1		NO ANALYSIS	
926	וביומי	1		NO ANALYSIS	
927	וביומיהונ	1		NO ANALYSIS	
928	ובישתא	1		NO ANALYSIS	
929	ובית	1		RARE_UNREVIEWED rev:בית//w "ובית"	
930	ובכל	1		RARE_UNREVIEWED rev:בכל//w "ובכל"	
931	ובמלכות	1		NO ANALYSIS	
932	ובנו	1		NO ANALYSIS	
933	ובני	1	ובני	ובני/-/-/reviewed/reviewed form: ו + בְּנֵי	
934	ובנינ	1		NO ANALYSIS	
935	ובעה	1		NO ANALYSIS	
936	ובעו	1		NO ANALYSIS	
937	ובעזקת	1		NO ANALYSIS	
938	ובת	1		NO ANALYSIS	
939	ובתיכונ	1		NO ANALYSIS	
940	ובתרכ	1		REVIEW_GATE pron:בתרכ/fixed/w "ואחריך" n=1	
941	וגבריא	1		RARE_UNREVIEWED rev:גבריא/n.pl/w "והאנשים"	
942	וגזרת	1		NO ANALYSIS	
943	וגלא	1		NO ANALYSIS	
944	וגלה	1		NO ANALYSIS	
945	וגפינ	1		NO ANALYSIS	
946	ודארי	1		NO ANALYSIS	
947	ודהבה	1		NO ANALYSIS	
948	ודחונ	1		NO ANALYSIS	
949	ודינינ	1		NO ANALYSIS	
950	ודירי	1		NO ANALYSIS	
951	ודכרינ	1		NO ANALYSIS	
952	ודנה	1		RARE_UNREVIEWED rev:דנה//w "וזה"	
953	ודרעוהי	1		NO ANALYSIS	
954	ודת	1		NO ANALYSIS	
955	והדברי	1		NO ANALYSIS	
956	והדרה	1		NO ANALYSIS	
957	והדרת	1		NO ANALYSIS	
958	והובד	1		NO ANALYSIS	
959	והודע	1		NO ANALYSIS	
960	והודענא	1		NO ANALYSIS	
961	והוו	1	והיו	הוה/pe.perf.3mp/w/irregular/reviewed choice; the same analysis published in onkelos	{הוה} v היה[r:reviewed:pe] || J(הַוָּה bh): change; misfortune || J(*הֵוָה): Ḥevah || J(הֲוָהּ): ah!
962	והות	1		NO ANALYSIS	
963	והותב	1		NO ANALYSIS	
964	והיתית	1		NO ANALYSIS	
965	והכרזו	1		NO ANALYSIS	
966	והלבישו	1		NO ANALYSIS	
967	והסק	1		NO ANALYSIS	
968	והקימ	1		AMBIGUOUS_SENSE קומ: העמיד	{קומ} v עמד, היה קיים[k:def:pe:bavli] ; מי חלב[k:def:mishnah] ; קום[j:same:pe:targum+bavli+midrash+yerushalmi+tanakh] ; העמיד[r:reviewed:af] || J(קוּם bh): to stand up, rise; to stand, exist; a transgression of a prohibitive law which you must re || J(קוּם ² ch): ḥălitsah; to ascertain; to bargain for || J(קוֹם): curdled milk, curd; whey; ḳom?
969	והקימו	1		NO ANALYSIS	
970	והקרבו	1		NO ANALYSIS	
971	והרהרינ	1		NO ANALYSIS	
972	והשלטה	1		NO ANALYSIS	
973	והשלטכ	1		NO ANALYSIS	
974	והשלמה	1		NO ANALYSIS	
975	והשתכח	1		NO ANALYSIS	
976	והשתכחת	1		RARE_UNREVIEWED rev:השתכחת//w "ונמצאה"	
977	והתנבי	1		NO ANALYSIS	
978	וזהירינ	1		NO ANALYSIS	
979	וזוי	1		NO ANALYSIS	
980	וזיוהי	1		NO ANALYSIS	
981	וזיוי	1		NO ANALYSIS	
982	וזיויכ	1		NO ANALYSIS	
983	וזיוכ	1		NO ANALYSIS	
984	וזמנא	1		NO ANALYSIS	
985	וזמניא	1		NO ANALYSIS	
986	וזקיפ	1		NO ANALYSIS	
987	וחבל	1		NO ANALYSIS	
988	וחבלוהי	1		NO ANALYSIS	
989	וחזוה	1		NO ANALYSIS	
990	וחטאכ	1		NO ANALYSIS	
991	וחטיכ	1		NO ANALYSIS	
992	וחיל	1		NO ANALYSIS	
993	וחכימיא	1		NO ANALYSIS	
994	וחמה	1		NO ANALYSIS	
995	וחספא	1		NO ANALYSIS	
996	וחשל	1		NO ANALYSIS	
997	וחתמה	1		NO ANALYSIS	
998	וטעמ	1		AMBIGUOUS rev:טעמ/ "וציווי" ~ טעמ/ "וסבה · וסימן ההפסק במקרא, נגינה"	
999	וטפרוהי	1		NO ANALYSIS	
1000	וטפריה	1		NO ANALYSIS	
