rank	form	count	gloss	analysis	lexicon
1	אמר	35930	אמר	אמר/-/-/exact/the sense cited from bavli	{אמר} v הלעיט[k:def:af:bavli] ; אמר[j:same:pe:targum+bavli+yerushalmi] ; טלה, כבש[h:wikt] || J(אָמַר I bh): to join, knot; to be knotted, thick;; to heap up;; to join words, compose || J(אֲמַר ch): they say, it is said; Inf; does this mean to say? || J(אָמַר II bh): to be thick, strong; to thrive; to boast, vaunt, be oppressive; to fatten || J(אִמַּר): lamb
2	ליה	16341	לו	pron:ליה/fixed/-/pronominal/pronominal preposition table	
3	מאי	9108	מה	מאי/-/-/reviewed/reviewed form: Krupnik מַאי "מה"; Jastrow מַאי "what?"	{מאי} particle מה[k:def:bavli] || J(מַאי): what?; why?; v’taher; v’omer
4	בר	8246	בן	בר/-/-/exact/reviewed choice	{בר} n בקי[k:def:tosefta] ; בר[j:same:targum+bavli+yerushalmi+midrash] ; שדה[j:eq:targum+bavli+yerushalmi+midrash] ; חוץ[j:eq:targum+bavli+yerushalmi+midrash] ; בן[r:reviewed] || J(בַּר I bh): empty, open; uncultivated ground, forest, prairie;; buffalo || J(בַּר ch): forest, prairie; living in the forest; wild || J(בַּר II ch): son, offspring; grandson; a scholar || J(בַּר III bh): clear, bright, clean, pure; bar || J(בַּר IV bh): sifted; grain
5	נמי	6858	גם, כמו כן	נמי/-/-/exact/the sense cited from bavli	{נמי} adv גם, כמו כן[k:def:bavli] || J(נַמִּי): at all events, really, even, likewise; it is really so; is it really so?
6	הא	6734	זה · הלא	הא/-/-/exact/reviewed choice	{הא} n זה[k:def-en] ; כאן[k:def:bavli] ; הלא[k:def:bavli] || K: this means to say) but.. | aber, dagegen || K: oh! (interjection) | o! || J(הָא I): this; both; of this || J(הָא II): Oh!; korban; ha-korban || J(הִא III): a worm
7	דאמר	6184	שאמר	אמר/-/d/exact/the sense cited from bavli	{אמר} v הלעיט[k:def:af:bavli] ; אמר[j:same:pe:targum+bavli+yerushalmi] ; טלה, כבש[h:wikt] || J(אָמַר I bh): to join, knot; to be knotted, thick;; to heap up;; to join words, compose || J(אֲמַר ch): they say, it is said; Inf; does this mean to say? || J(אָמַר II bh): to be thick, strong; to thrive; to boast, vaunt, be oppressive; to fatten || J(אִמַּר): lamb
8	אי	6120	אם	אי/-/-/exact/reviewed choice	{אי} other לא, אין[k:def:mishnah] ; אם[k:def-en] ; או[k:def:bavli] ; אין[j:eq:mishnah] || K: it | es || K: or | oder || J(אִי II): if, whether; khi; even if || J(אִי III): not. || J(אִי IV): there is || J(אֵי II bh): Eh! Oh! Woe! || J(אֵי III): where? what? how?; whence?; who? which?
9	דלא	4330	שלא	דלא/-/-/reviewed/reviewed form: ד + לָא (Jastrow דְּלָא² "that not"); Krupnik's דְּלָא "lifted" is another, rare word	{דלא} v הרים[k:def:pe:bavli] ; נזל[k:def:pe:targum] || J(דְּלָא ²): that not, which not || J(דְּלָא ³): to draw
10	הכי	4285	כן	הכי/-/-/exact/the sense cited from bavli	{הכי} other כן[k:def:bavli] || J(הָכִי): so, in this manner, thus; if this be so; fit for such a thing, old enough
11	להו	4024	להם	pron:להו/fixed/-/pronominal/pronominal preposition table	
12	והא	3268	וזה · והלא	הא/-/w/exact/reviewed choice	{הא} n זה[k:def-en] ; כאן[k:def:bavli] ; הלא[k:def:bavli] || K: this means to say) but.. | aber, dagegen || K: oh! (interjection) | o! || J(הָא I): this; both; of this || J(הָא II): Oh!; korban; ha-korban || J(הִא III): a worm
13	דכתיב	3228	שכתוב	דכתיב/-/-/reviewed/reviewed form: ד + כְּתִיב (Jastrow: it is written)	
14	הכא	3063	כאן	הכא/-/-/exact/single sense	{הכא} adv כאן[k:def] || J(הָכָא): here, hither; in this case, now
15	הוה	2820	היה	הוה/-/-/exact/reviewed choice	{הוה} v היה[r:reviewed:pe] || J(הַוָּה bh): change; misfortune || J(*הֵוָה): Ḥevah || J(הֲוָהּ): ah!
16	רבננ	2713	חכמים	רבננ/-/-/reviewed/reviewed form: Krupnik רַבָּנָן: "שם כללי לחכמי המשנה והתלמוד" (the general name of the sages)	
17	סבר	2624	חשב	סבר/-/-/exact/reviewed choice	{סבר} v חשב[k:def] ; בירר, ביאר[k:def:af] ; התיחס בחבה[k:def] ; הבטיח[k:def:af:targum] ; ביאר ופירש[k:def:af:bavli] ; קוה[k:def:itpe:targum] ; היה מובן[k:def:itpe:bavli] ; הזדיין והצטייד[k:def:itpe:targum] ; תקוה[k:def] ; הסבר, פירוש[k:def] ; מחשבה, דעה[k:def:yerushalmi] ; סבר[j:same:pe:targum+bavli+midrash] ; סבר[j:same:targum+midrash+tanakh+yerushalmi] || K: to trust | vertrauen || J(סָבַר bh): Pi.; to be bright; to look for, be hopeful; to think, imagine. Part. pass || J(סְבַר ch): to show a bright face, be pleasant; to favor; Poël; Part. pass || J(סְבַר II): Poël; to encompass; to carry; to bear, endure; to sustain || J(סְבַר III): Poël; Saf; sabar
18	אימא	2596	אמור	אימא/-/-/reviewed/reviewed form: אֵימָא, imperative/1st person of אֲמַר "say" (Jastrow אֲמַר; the Gemara's "אימא סיפא", "ואימא")	{אימא} n אם[j:eq:targum+bavli] || K: mother | Mutter || J(אימָּא I): distaff || J(אִימָּא II ch): mother; my mother; grandmother
19	איכא	2488	יש	איכא/-/-/exact/reviewed choice	{איכא} particle היכן[k:def:targum] ; יש[k:def:bavli] || J(אֵיכָא): where now? || J(אִיכָּא): there is, there are; sunt qui; he who
20	התמ	2411	שם	התמ/-/-/reviewed/reviewed form: Krupnik הָתָם "שם"	{התמ} adv שם[k:def] || J(הָתָם): there; in that case;
21	דתניא	2326	שנאמר בברייתא	תניא/-/d/exact/the sense cited from bavli	{תניא} v נאמר בברייתא[k:def:bavli] || 
22	ואי	2254	ואם	אי/-/w/exact/reviewed choice	{ואי} ?  ||   ##  {אי} other לא, אין[k:def:mishnah] ; אם[k:def-en] ; או[k:def:bavli] ; אין[j:eq:mishnah] || K: it | es || K: or | oder || J(אִי II): if, whether; khi; even if || J(אִי III): not. || J(אִי IV): there is || J(אֵי II bh): Eh! Oh! Woe! || J(אֵי III): where? what? how?; whence?; who? which?
23	האי	2246	זה, זאת	האי/-/-/exact/the sense cited from bavli	{האי} other זה, זאת[k:def:bavli] || J(הַאי): this, that; v’taher; locale
24	תנא	2207	שנה	תני/-/-/alias/reviewed choice	{תני} v חזר ועשה[k:def:pe:targum] ; לימד[k:def:pe:targum] ; קיבל ומסר הלכה[k:def:pe:bavli] ; שינה[k:def] ; דיבר, סיפר[k:def:targum] ; לימד[k:def:af] ; נכפל[k:def:itpe:targum] ; הוגד[k:def:itpe:targum] ; הוחד[k:def:itpe:targum] ; תני[j:same:pe:targum+bavli+mishnah+yerushalmi] ; שנה[r:reviewed:pe] || J(תני bh): to repeat; to tell; to stipulate, agree, make a condition || J(תְּנֵי ch): to repeat, do a second time; Pa.; to tell, relate; to teach || J(תְּנֵי II): to be pointed, sharp; to sharpen, to speak sharp words; to be sharpened
25	כאנ	2202	פה, במקום זה	כאנ/-/-/exact/the sense cited from bavli	{כאנ} adv פה, במקום זה[k:def:bavli] || J(כַּאַן): here; now
26	טעמא	2149	סבה	טעמא/-/-/exact/the sense cited from bavli	{טעמא} n סבה[k:def:bavli] ; טעם[k:def] || J(טָעֲמָא): pleader.; pleaders
27	קרא	2065	מקרא	קרא/-/-/exact/reviewed choice	{קרא} n קשוא בצורת בקבוק[k:def:bavli] ; בקי במקרא[k:def] ; קרא[j:same] ; מקרא[j:eq:targum+bavli] ; דלעת[h:wikt] || K: Biblical verse | Bibelvers || J(קָרָא I): pumpkin, gourd; all kinds of gourds || J(קָרָא II): to call || J(קְרָא II): Biblical verse; babboḳer || J(קַרָא): a Biblical scholar, Bible teacher; Pl.; Karaites
28	מר	2006		AMBIGUOUS מור/ "אמר" ~ את/ "סימן"	{מר} n  || J(מֹר): myrrh || J(מַר I): to speak, say || J(מַר II bh): bitter; corrosive substance; care, worry || J(מַר III): exchange; instead of; as || J(מַר IV): marua; to be strong;; man, lord, master; somebody; || J(מָר): hoe, rake; marvu; flint  ##  {מור} v אמר[k:def:pe] || J(מוּר): Hif.; to exchange; to substitute a dedicated sacrifice || J(מוֹר bh): myrrh; lumps of gum
29	דמי	1964	דומה	דמי/-/-/reviewed/reviewed form: Krupnik דְּמֵי "דמה", participle	{דמי} v היה דומה[k:def:pe] ; צייר לעצמו[k:def:pe] ; שתק[k:def:pe] ; השוה[k:def:pa] ; דימה בנפשו[k:def:pa] ; נשתוה[k:def:itpe:targum] ; נדמה[k:def:itpe:bavli] ; כסף, מחיר[k:def:bavli] ; דמי[j:same:pe:tanakh+targum+bavli] || J(דמי bh): to mumble, think; to be silent; to imagine, compare || J(דְּמֵי I ch): to be dumb; to imagine, suspect, consider; suspected, considered; resembling, like || J(דְּמֵי II): value
30	קשיא	1899	קשה	קשיא/-/-/exact/reviewed choice	{קשיא} adj קשה[r:reviewed] || K: objection, contradiction | Schwierigkeit, Einwand, Widerspruch || J(קַשְׁיָא II): difficult, open to objection; unanswerable objection; contradiction
31	מהו	1861	מה הוא	מהו/-/-/reviewed/reviewed form: Krupnik מַהוּ, second headword מַה הוּא	{מהו} ?  || J(מָהוּ ch): what is it? how is it?; bor’kay
32	ביה	1858	בו	pron:ביה/fixed/-/pronominal/pronominal preposition table	
33	קאמר	1813	אומר	אמר/pe.ptcp.ms/q/irregular/the sense cited from bavli	{אמר} v הלעיט[k:def:af:bavli] ; אמר[j:same:pe:targum+bavli+yerushalmi] ; טלה, כבש[h:wikt] || J(אָמַר I bh): to join, knot; to be knotted, thick;; to heap up;; to join words, compose || J(אֲמַר ch): they say, it is said; Inf; does this mean to say? || J(אָמַר II bh): to be thick, strong; to thrive; to boast, vaunt, be oppressive; to fatten || J(אִמַּר): lamb
34	כתיב	1779	כתוב	כתיב/-/-/reviewed/reviewed form: Jastrow כְּתִיב "written, it is written" (כְּתַב, passive participle)	{כתיב} n  || K: the traditional spelling of some Biblical words, opp. to the Massoretic instruction for reading | die Schreibung mancher biblischer Worte, im Gegensatz zur massoretischen Lesung || J(כְּתִיב): written; it is written; K’thib; halakhah
35	תניא	1732	נאמר בברייתא	תניא/-/-/exact/the sense cited from bavli	{תניא} v נאמר בברייתא[k:def:bavli] || 
36	וכי	1605		NO ANALYSIS	
37	בעי	1515	צריך	בעי/-/-/reviewed/reviewed form: Krupnik בְּעֵי 3) "היה צריך" (Bavli), the participle	{בעי} v שאל[k:def:pe:bavli] ; התפלל, בקש רחמים[k:def:bavli] ; היה צריך[k:def:pe:bavli] ; נתבקש[k:def:targum] ; נבהל ללכת[k:def:tanakh] ; נשאל[k:def:itpe] ; צריך להיות[k:def:itpe:bavli] ; פיהק[k:def:pe] ; בעי[j:same:pe:targum+bavli+yerushalmi] || K: not only … but | nicht nur … sondern auch || J(בעי bh): to enter into, split;; to be empty, bare; to lay bare, destroy the crop || J(בְּעֵי I ch): to search, inquire, ask, examine; uba hash-shemesh; to ask, pray || J(בְּעֵי II): to open wide; to yawn
38	אמרת	1490	אתה אומר	אמר/pe.ptcp.2ms/-/irregular/the sense cited from bavli	{אמר} v הלעיט[k:def:af:bavli] ; אמר[j:same:pe:targum+bavli+yerushalmi] ; טלה, כבש[h:wikt] || J(אָמַר I bh): to join, knot; to be knotted, thick;; to heap up;; to join words, compose || J(אֲמַר ch): they say, it is said; Inf; does this mean to say? || J(אָמַר II bh): to be thick, strong; to thrive; to boast, vaunt, be oppressive; to fatten || J(אִמַּר): lamb
39	רחמנא	1489	אלהים	רחמנא/-/-/exact/the sense cited from bavli	{רחמנא} adj אלהים[k:def:bavli] || K: merciful | barmherzig || K: trnsf. The Word of God, Scripture | übertr. das Wort Gottes, die Schrift
40	למה	1450	למה	למה/-/-/reviewed/reviewed form: Jastrow לָמָּה "why?" — the same Hebrew word	{למה} ?  || J(לְמָה): whereto? || J(לָמָּה): why? || J(לָמָה): naught, vanity
41	בריה	1401	בנו	בריה/-/-/reviewed/reviewed form: בַּר "son" (Jastrow בַּר II: son) + ־יה "his"	{בריה} n דבר הנברא[k:def:bavli] ; בני האדם[k:def:midrash] || J(בִּרְיָה): creature; human being;; man; people, mankind
42	היכי	1399	כיצד	היכי/-/-/exact/the sense cited from bavli	{היכי} particle כיצד[k:def:bavli] || J(הֵיכִי): how?; how now; as well as
43	אמרי	1391	אומרים	אמר/pe.ptcp.mp/-/irregular/the sense cited from bavli	{אמרי} ?  ||   ##  {אמר} v הלעיט[k:def:af:bavli] ; אמר[j:same:pe:targum+bavli+yerushalmi] ; טלה, כבש[h:wikt] || J(אָמַר I bh): to join, knot; to be knotted, thick;; to heap up;; to join words, compose || J(אֲמַר ch): they say, it is said; Inf; does this mean to say? || J(אָמַר II bh): to be thick, strong; to thrive; to boast, vaunt, be oppressive; to fatten || J(אִמַּר): lamb
44	קתני	1361	שונה	תני/pe.ptcp.ms/q/generated/reviewed choice	{תני} v חזר ועשה[k:def:pe:targum] ; לימד[k:def:pe:targum] ; קיבל ומסר הלכה[k:def:pe:bavli] ; שינה[k:def] ; דיבר, סיפר[k:def:targum] ; לימד[k:def:af] ; נכפל[k:def:itpe:targum] ; הוגד[k:def:itpe:targum] ; הוחד[k:def:itpe:targum] ; תני[j:same:pe:targum+bavli+mishnah+yerushalmi] ; שנה[r:reviewed:pe] || J(תני bh): to repeat; to tell; to stipulate, agree, make a condition || J(תְּנֵי ch): to repeat, do a second time; Pa.; to tell, relate; to teach || J(תְּנֵי II): to be pointed, sharp; to sharpen, to speak sharp words; to be sharpened
45	דלמא	1352	שמא, אולי	דילמא/-/-/alias/reviewed choice	{דלמא} n  || K: perhaps | vielleicht || K: fact | Tatsache  ##  {דילמא} n שמא, אולי[k:def:bavli] ; עובדה[k:def:yerushalmi] ; מכסה[k:def] ; שמא[j:eq:tanakh+targum+bavli+midrash] || J(דִּילְמָא): for why; lest, perhaps; perhaps, it may be || J(דִּילְמָא ²): here is a confirmation; an illustration
46	דאמרי	1337	שאומרים	אמר/pe.ptcp.mp/d/irregular/the sense cited from bavli	{אמר} v הלעיט[k:def:af:bavli] ; אמר[j:same:pe:targum+bavli+yerushalmi] ; טלה, כבש[h:wikt] || J(אָמַר I bh): to join, knot; to be knotted, thick;; to heap up;; to join words, compose || J(אֲמַר ch): they say, it is said; Inf; does this mean to say? || J(אָמַר II bh): to be thick, strong; to thrive; to boast, vaunt, be oppressive; to fatten || J(אִמַּר): lamb
47	חד	1304	אחד	חד/-/-/exact/the sense cited from bavli	{חד} particle אחד[k:def:bavli] ; אחד[j:eq:targum+yerushalmi+bavli] || J(חַד I bh): pointed, sharp; swift; Pl. || J(חַד II): one, singular, particular; like one; together, simultaneously
48	מינה	1283	ממנה	pron:מינה/fixed/-/pronominal/pronominal preposition table	
49	בשלמא	1264	מובן	בשלמא/-/-/reviewed/reviewed form: Jastrow בִּשְׁלָמָא: "granted, it is right" (literally "in peace")	{בשלמא} ?  || J(בִּשְׁלָמָא): in peace, well; granted, it is right, it would be right
50	מיניה	1260	ממנו	pron:מיניה/fixed/-/pronominal/pronominal preposition table	
51	לנ	1253	לנו	pron:לנ/fixed/-/pronominal/pronominal preposition table	
52	דאי	1206	שאם	דאי/-/-/reviewed/reviewed form: ד + אִי "if" (Krupnik אִי 2; Jastrow אִי II "if"); Krupnik's דַּאי "sufficiency" is rare	{דאי} n מדה מספקת[k:def] ; ראוי והגון[k:def:midrash+bavli] || J(דַּאי): sufficiency; too much
53	היינו	1198	זהו	היינו/-/-/exact/the sense cited from bavli	{היינו} other זהו[k:def:bavli] || J(הַיְינוּ): it is this, it is he; it is the same, it corresponds to; which means
54	הני	1196		AMBIGUOUS_SENSE הני: הללו	{הני} v הללו[k:def] ; הני[j:same:pe:targum+midrash+tanakh+bavli] || J(הני): Nif; to be pleased, to enjoy, to profit; to be enjoyed || J(הֲנִי ch): to please, to profit; Part.; to please, do good, benefit
55	אתא	1192	בא	אתא/-/-/exact/reviewed choice	{אתא} v סימן[k:def:targum] ; בא[k:def:pe:bavli] ; הביא[r:reviewed:af] || J(אָתָא I): letter, sign || J(אֲתָא ch): to join; to come, to arrive; to occur to; surely, indeed || J(*אָתָא III): Great Bear, Ursa Major
56	דתננ	1187	ששנינו במשנה	תננ/-/d/exact/reviewed choice	{תננ} v אַתְנַן עשן[k:def:af:targum+tanakh] ; שנינו במשנה[k:def:bavli] ; עשן[k:def:targum] || K: i>stench | übler Geruch || J(תְּנַן): to smoke; Part; adj. || J(תְּנָן): smoke; vapor, reeking, stench
57	מאנ	1177	מי	מאנ/-/-/reviewed/reviewed form: Krupnik מַאן "מי"	{מאנ} n מי[k:def:bavli] ; קנקן[j:eq:targum+bavli+yerushalmi] || J(מָאַן): Pi.; to deny, refuse; to protest against, to annul one’s marriage || J(מַאן): who?, what?, which?;; who, which || J(מָאן): thing; vessel, utensil; garment, dress
58	תננ	1130	שנינו במשנה	תננ/-/-/exact/reviewed choice	{תננ} v אַתְנַן עשן[k:def:af:targum+tanakh] ; שנינו במשנה[k:def:bavli] ; עשן[k:def:targum] || K: i>stench | übler Geruch || J(תְּנַן): to smoke; Part; adj. || J(תְּנָן): smoke; vapor, reeking, stench
59	פליגי	1125	חולקים	פליגי/-/-/reviewed/reviewed form: Krupnik פְּלַג "היה מחולק בדעות" (Bavli), participle plural	
60	תימא	1058	תאמר	אמר/pe.impf.2ms/-/irregular/the sense cited from bavli	{אמר} v הלעיט[k:def:af:bavli] ; אמר[j:same:pe:targum+bavli+yerushalmi] ; טלה, כבש[h:wikt] || J(אָמַר I bh): to join, knot; to be knotted, thick;; to heap up;; to join words, compose || J(אֲמַר ch): they say, it is said; Inf; does this mean to say? || J(אָמַר II bh): to be thick, strong; to thrive; to boast, vaunt, be oppressive; to fatten || J(אִמַּר): lamb
61	במאי	1032	במה	rev:מאי/-/b/reviewed-base/a proclitic on the reviewed form מאי	
62	שנא	1029	שונה	שנא/-/-/reviewed/reviewed form: Krupnik שְׁנָא "שנה" (to differ), participle — "מאי שנא" = what differs	{שנא} v שנא[j:same] ; שנה[j:eq:targum+midrash+bavli] || J(שָׂנֵא bh): to hate; to be hated; y’shunne || J(שְׁנָא I): to change || J(שְׁנָא II ch): year
63	אילימא	1021	אם נאמר	אילימא/-/-/exact/reviewed choice	{אילימא} ? אם נאמר[k:def:bavli] ; אילמלא[k:def:midrash] || J(אִילֵימָא): if to say; you do not mean to say; shall I say || J(אִילֵּימָא I): unless, but for; || J(אִילֵּימָא II): mute
64	מנינ	1018	מאין, מהיכן	מנינ/-/-/exact/the sense cited from tosefta	{מנינ} particle מאין, מהיכן[k:def:tosefta] ; מנין[j:same:targum+bavli+yerushalmi] || J(מִנְיָן bh): number, count; ballot, vote; the requisite number of males for congregational worship || J(מִנְיַן ch): one
65	היכא	986	היכן	היכא/-/-/exact/reviewed choice	{היכא} particle היכן[r:reviewed] || K: where? | wo? || K: where | wo || J(הֵיכָא): where?; where
66	השתא	974	עכשיו	השתא/-/-/exact/reviewed choice	{השתא} adv עכשיו[r:reviewed] || K: now | jetzt || K: since, if | da, wenn || J(הַשְׁתָּא): now; so now!, indeed; how can you compare these two cases?
67	חדא	934	אחד	חדא/-/-/exact/reviewed choice	{חדא} particle אחד[k:def:bavli] ; שמח[k:def:pe:bavli] || J(חֲדָא II): to be glad
68	והתניא	932	והלא נאמר בברייתא	והתניא/-/-/reviewed/reviewed form: ו + הָא (Krupnik 3: הלא) + תַּנְיָא (Krupnik: נאמר בברייתא)	
69	דבי	925	של בית	דבי/-/-/reviewed/reviewed form: ד + בֵּי "house of" (Jastrow בֵּי ch. = בֵּית)	{דבי} v  || J(*דְּבִי): to look out, lie in wait; Pa.; to lurk for, hunt
70	אמרה	918	אמרה	אמרה/-/-/reviewed/reviewed form: אֲמַר (Jastrow ch. same) perfect 3rd fem.; Yerushalmi "הדא אמרה" = this says	{אמרה} n שפת הבגד[k:def] || J(אִמְרָה bh): speech; Amraphel; promises
71	אמינא	915	אני אומר	אמר/pe.ptcp.1s/-/irregular/the sense cited from bavli	{אמר} v הלעיט[k:def:af:bavli] ; אמר[j:same:pe:targum+bavli+yerushalmi] ; טלה, כבש[h:wikt] || J(אָמַר I bh): to join, knot; to be knotted, thick;; to heap up;; to join words, compose || J(אֲמַר ch): they say, it is said; Inf; does this mean to say? || J(אָמַר II bh): to be thick, strong; to thrive; to boast, vaunt, be oppressive; to fatten || J(אִמַּר): lamb
72	פשיטא	914	ודאי, ממילא מובן	פשיטא/-/-/exact/reviewed choice	{פשיטא} n למוד[k:def] ; מטבע קטנה[k:def] ; אבעבועה[k:def:bavli] ; ודאי, ממילא מובן[k:def:bavli] || J(פְּשִׁיטָא): explanation, teaching; plain, self-evident truth; is it not a matter of course?; Ps’hiṭa
73	סיפא	907	החלק האחרון של המשנה	סיפא/-/-/exact/reviewed choice	{סיפא} n סוף[k:def:yerushalmi] ; החלק האחרון של המשנה[k:def:bavli] ; סף[k:def:targum] || J(סֵיפָא): end; the last; second
74	מידי	906	דבר מה	מידי/-/-/exact/the sense cited from bavli	{מידי} n דבר מה[k:def:bavli] || J(מִידֵי): whatever it may be; something, anything; is there?
75	לימא	903	יאמר	לימא/-/-/reviewed/reviewed form: אֲמַר imperfect 3rd masc. (JBA לֵימָא: "shall we say")	
76	ומאי	889	ומה	ומאי/-/-/reviewed/reviewed form: ו + מַאי (Krupnik: מה)	
77	הוו	878	היו	הוה/pe.perf.3mp/-/irregular/reviewed choice	{הוו} ?  || J(הֲווֹ): he who  ##  {הוה} v היה[r:reviewed:pe] || J(הַוָּה bh): change; misfortune || J(*הֵוָה): Ḥevah || J(הֲוָהּ): ah!
78	דאיכא	871	שיש	איכא/-/d/exact/reviewed choice	{איכא} particle היכן[k:def:targum] ; יש[k:def:bavli] || J(אֵיכָא): where now? || J(אִיכָּא): there is, there are; sunt qui; he who
79	תני	853	שנה	תני/-/-/exact/reviewed choice	{תני} v חזר ועשה[k:def:pe:targum] ; לימד[k:def:pe:targum] ; קיבל ומסר הלכה[k:def:pe:bavli] ; שינה[k:def] ; דיבר, סיפר[k:def:targum] ; לימד[k:def:af] ; נכפל[k:def:itpe:targum] ; הוגד[k:def:itpe:targum] ; הוחד[k:def:itpe:targum] ; תני[j:same:pe:targum+bavli+mishnah+yerushalmi] ; שנה[r:reviewed:pe] || J(תני bh): to repeat; to tell; to stipulate, agree, make a condition || J(תְּנֵי ch): to repeat, do a second time; Pa.; to tell, relate; to teach || J(תְּנֵי II): to be pointed, sharp; to sharpen, to speak sharp words; to be sharpened
80	אמאי	851	למה, מדוע	אמאי/-/-/exact/the sense cited from bavli	{אמאי} particle למה, מדוע[k:def:bavli] || J(אַמַּאי): wherefore? why?; why not?
81	וכתיב	843	וכתוב	וכתיב/-/-/reviewed/reviewed form: ו + כְּתִיב	
82	למימר	843	לומר	למימר/-/-/reviewed/reviewed form: אֲמַר infinitive (Jastrow: Inf. מֵימַר) + ל	
83	עסקיננ	843	אנו עוסקים	עסקיננ/-/-/reviewed/reviewed form: Krupnik עֲסַק "פעל וטיפל בדבר" + ־ינן "we" (participle)	
84	ורבננ	815	וחכמים	ורבננ/-/-/reviewed/reviewed form: ו + רַבָּנָן (Krupnik: the sages)	
85	מילי	798	דברים	מילי/-/-/reviewed/reviewed form: plural of מִילְּתָא (reviewed: דבר) — "מנא הני מילי" = whence these things	{מילי} ?  || 
86	איתמר	797	נאמר	איתמר/-/-/reviewed/reviewed form: Jastrow אֲמַר Ithpe. אִתְאֲמַר, contr. אִתְּמַר "it has been said" — the nif'al of the Hebrew entry אָמַר, נֶאֱמַר	
87	מנא	780	מנין	מנא/-/-/reviewed/reviewed form: Krupnik מְנָא "מנין" (whence) — "מנא הני מילי"	{מנא} n כלי[k:def] ; מנין[k:def:bavli+midrash] ; מנין[j:eq:bavli+midrash] || K: name of an Amora | Name eines Amoräers || J(מְנָא I): who?, what? || J(מְנָא II): whence?; whence is it proven?; whence do we have this?, how do we know? || J(מַנָּא): manna || J(מְנֵא): to count || J(מָנָא III): Mana; Mona || J(מָנָא IV): a weight
88	תרי	779	שנים	תרי/-/-/exact/reviewed choice	{תרי} v שרה במים[k:def:pe:bavli] ; התרה והזהיר[k:def:af:bavli] ; נשרה[k:def:itpe:targum] ; שנים[k:def:bavli] ; תרי[j:same:targum+bavli+midrash] ; שרה[j:eq:bavli+targum] || J(*תָּרַי): Taray || J(תרי): Hif.; to forewarn; to inform a person about to commit a criminal act of the penalty which  || J(תְּרֵי ch): Af. || J(תְּרֵי ²): to dissolve, soak; to be soaked || J(תְּרֵי ³): two; twelve
89	אית	772	יש	אית/-/-/reviewed/reviewed form: Krupnik אִית "יש"	{אית} particle יש[k:def:bavli] ; עודי[j:eq:targum+yerushalmi+midrash+bavli] || J(אִית): being, existence; there is, are; est qui; I have, I hold
90	דהוה	761	שהיה	הוה/-/d/exact/reviewed choice	{הוה} v היה[r:reviewed:pe] || J(הַוָּה bh): change; misfortune || J(*הֵוָה): Ḥevah || J(הֲוָהּ): ah!
91	נינהו	760	הם	pron:נינהו/fixed/-/pronominal/pronominal preposition table	{נינהו} other הם[k:def:bavli] || 
92	משמיה	759	משמו	משמיה/-/-/reviewed/reviewed form: מן + שְׁמָא "name" (Jastrow שְׁמָא ch. = h. שֵׁם) + ־יה "his"	
93	קמיה	746	לפניו	pron:קמיה/fixed/-/pronominal/pronominal preposition table	
94	מילתא	743	דבר	מילתא/-/-/exact/reviewed choice	{מילתא} n מלה[k:def:bavli] ; דבר[k:def:bavli] || J(מִילְּתָא): word; thing, affair; to let blood; to be bled
95	דילמא	718	שמא, אולי	דילמא/-/-/exact/reviewed choice	{דילמא} n שמא, אולי[k:def:bavli] ; עובדה[k:def:yerushalmi] ; מכסה[k:def] ; שמא[j:eq:tanakh+targum+bavli+midrash] || J(דִּילְמָא): for why; lest, perhaps; perhaps, it may be || J(דִּילְמָא ²): here is a confirmation; an illustration
96	אמריננ	704	אנו אומרים	אמר/pe.ptcp.1pl/-/irregular/the sense cited from bavli	{אמר} v הלעיט[k:def:af:bavli] ; אמר[j:same:pe:targum+bavli+yerushalmi] ; טלה, כבש[h:wikt] || J(אָמַר I bh): to join, knot; to be knotted, thick;; to heap up;; to join words, compose || J(אֲמַר ch): they say, it is said; Inf; does this mean to say? || J(אָמַר II bh): to be thick, strong; to thrive; to boast, vaunt, be oppressive; to fatten || J(אִמַּר): lamb
97	וחד	690	ואחד	חד/-/w/exact/the sense cited from bavli	{חד} particle אחד[k:def:bavli] ; אחד[j:eq:targum+yerushalmi+bavli] || J(חַד I bh): pointed, sharp; swift; Pl. || J(חַד II): one, singular, particular; like one; together, simultaneously
98	רישא	688	ראש	רישא/-/-/reviewed/reviewed form: Krupnik רֵישׁ "ראש, גלגולת" (first alternative); the Gemara's רישא = the head (first clause)	
99	צריכא	687	צריך	צריכ/-/-/alias/the sense cited from bavli	{צריכא} n  || J(צְרִיכָא II): needy, poor man  ##  {צריכ} n צריך[j:eq:targum+bavli+yerushalmi] || J(צָרִיךְ): needing; needed; he; she, it; must || J(צְרִיךְ): to need || J(צְרִיךְ ²): it is doubtful; it is; necessary to state it.
100	דרבננ	679	של חכמים	דרבננ/-/-/reviewed/reviewed form: ד + רַבָּנָן (Krupnik: the sages)	{דרבננ} ? תקנת חכמים[k:def:bavli] || 
101	אנא	676	אני	pron:אנא/fixed/-/pronominal/pronominal preposition table	{אנא} other אנכי[k:def] ; אני[j:eq:targum+bavli+yerushalmi] || J(אָנָּא bh): oh! I pray || J(אִנָּא): if I
102	עביד	673	עושה	עביד/-/-/reviewed/reviewed form: Krupnik עֲבַד "עשה" (Jastrow עֲבַד ch. "to do"), participle	{עביד} adj עשוי, נהוג[k:def:bavli] || 
103	מיתיבי	669	מקשים	מיתיבי/-/-/reviewed/reviewed form: Jastrow תּוּב Af. אוֹתֵיב "to answer, to raise an objection", participle plural	
104	תלמוד	668	לימוד	תלמוד/-/-/exact/the sense cited from mishnah	{תלמוד} n לימוד[k:def:mishnah] || J(תַּלְמוּד): teaching, lesson; learning, study; Talmud; verbal communication, oral study
105	קסבר	664	חושב	סבר/pe.ptcp.ms/q/generated/reviewed choice	{סבר} v חשב[k:def] ; בירר, ביאר[k:def:af] ; התיחס בחבה[k:def] ; הבטיח[k:def:af:targum] ; ביאר ופירש[k:def:af:bavli] ; קוה[k:def:itpe:targum] ; היה מובן[k:def:itpe:bavli] ; הזדיין והצטייד[k:def:itpe:targum] ; תקוה[k:def] ; הסבר, פירוש[k:def] ; מחשבה, דעה[k:def:yerushalmi] ; סבר[j:same:pe:targum+bavli+midrash] ; סבר[j:same:targum+midrash+tanakh+yerushalmi] || K: to trust | vertrauen || J(סָבַר bh): Pi.; to be bright; to look for, be hopeful; to think, imagine. Part. pass || J(סְבַר ch): to show a bright face, be pleasant; to favor; Poël; Part. pass || J(סְבַר II): Poël; to encompass; to carry; to bear, endure; to sustain || J(סְבַר III): Poël; Saf; sabar
106	והאמר	654	והלא אמר	והאמר/-/-/reviewed/reviewed form: ו + הָא (Krupnik 3: הלא) + אֲמַר	
107	לית	653	אין	לית/-/-/exact/single sense	{לית} particle אין[k:def:targum] ; אין[h:wikt] || J(לַיִת): there is; was; not, none
108	מיבעי	651	צריך	מיבעי/-/-/reviewed/reviewed form: Krupnik אִיבָּעֵי "צריך להיות" (Bavli: מיבעי ליה), participle	
109	נפקא	644	יוצאת	נפקא/-/-/reviewed/reviewed form: Jastrow נְפַק "to go out; to result", participle fem. — "נפקא מינה" = results from it	{נפקא} n צואה[k:def:bavli] ; מוצא[k:def:bavli] ; צאה[j:eq:bavli] ; מוצא[j:eq:bavli] || J(נִפִקָא): excrements; outlet, opening; projection
110	עלמא	643	עולם	עלמא/-/-/exact/the sense cited from bavli	{עלמא} n עולם[k:def:midrash+bavli] || 
111	דקתני	636	ששונה	תני/pe.ptcp.ms/dq/generated/reviewed choice	{תני} v חזר ועשה[k:def:pe:targum] ; לימד[k:def:pe:targum] ; קיבל ומסר הלכה[k:def:pe:bavli] ; שינה[k:def] ; דיבר, סיפר[k:def:targum] ; לימד[k:def:af] ; נכפל[k:def:itpe:targum] ; הוגד[k:def:itpe:targum] ; הוחד[k:def:itpe:targum] ; תני[j:same:pe:targum+bavli+mishnah+yerushalmi] ; שנה[r:reviewed:pe] || J(תני bh): to repeat; to tell; to stipulate, agree, make a condition || J(תְּנֵי ch): to repeat, do a second time; Pa.; to tell, relate; to teach || J(תְּנֵי II): to be pointed, sharp; to sharpen, to speak sharp words; to be sharpened
112	בהו	623	בהם	pron:בהו/fixed/-/pronominal/pronominal preposition table	{בהו} n  || J(בֹּהוּ bh): chaotic condition; || J(בְּהוֹ ch): with, in them
113	גברא	622	איש	גברא/-/-/exact/reviewed choice	{גברא} n איש[k:def:bavli] ; גבור[k:def:targum] || 
114	לקמיה	618	לפניו	לקמיה/-/-/reviewed/reviewed form: ל + קַמֵּי (Krupnik: לפני) + ־יה "him"	
115	בינייהו	613	ביניהם	pron:בינייהו/fixed/-/pronominal/pronominal preposition table	
116	כמאנ	610	כמי	rev:מאנ/-/k/reviewed-base/a proclitic on the reviewed form מאנ	
117	אלמא	581	אם כן, נמצא	אלמא/-/-/exact/the sense cited from bavli	{אלמא} adv אם כן, נמצא[k:def:bavli] ; אלם[j:same:targum+bavli+midrash] || J(אַלְּמָא): strong || J(אַלְמָא): confirmation;; consequently || J(אַלָּמָּא): why?, wherefore?
118	בעיננ	574	אנו צריכים	בעיננ/-/-/reviewed/reviewed form: בְּעֵי 3) "היה צריך" + ־ינן "we" (participle)	
119	למאנ	573	למי	rev:מאנ/-/l/reviewed-base/a proclitic on the reviewed form מאנ	
120	מתקיפ	570	מקשה	מתקיפ/-/-/reviewed/reviewed form: Jastrow תְּקַף Af. "to attack, to raise an objection", participle	
121	ואמרי	565	ואומרים	אמר/pe.ptcp.mp/w/irregular/the sense cited from bavli	{אמר} v הלעיט[k:def:af:bavli] ; אמר[j:same:pe:targum+bavli+yerushalmi] ; טלה, כבש[h:wikt] || J(אָמַר I bh): to join, knot; to be knotted, thick;; to heap up;; to join words, compose || J(אֲמַר ch): they say, it is said; Inf; does this mean to say? || J(אָמַר II bh): to be thick, strong; to thrive; to boast, vaunt, be oppressive; to fatten || J(אִמַּר): lamb
122	והאי	565	וזה, זאת	האי/-/w/exact/the sense cited from bavli	{האי} other זה, זאת[k:def:bavli] || J(הַאי): this, that; v’taher; locale
123	הדר	548	חזר	הדר/-/-/reviewed/reviewed form: Krupnik הֲדַר "חזר" (Jastrow הֲדַר "to return; again")	{הדר} v קישט וכיבד[k:def:pe] ; הקפיד ודקדק[k:def:pe] ; חזר[k:def:pe:bavli] ; שב מדעתו[k:def:pe:bavli] ; חזר אחרי־, בקש[k:def:pa:bavli] ; החזיר[k:def:bavli] ; שנה[k:def:bavli] ; השיב[k:def:bavli] ; סבב[k:def] ; הדר[j:same:pe:targum+bavli+tanakh] || J(הָדַר bh): to enclose, go around.; Part. pass; rounded || J(הֲדַר ch): to go around, come back, return; Pi.; to honor, distinguish. || J(הָדָר bh): adornment, crown, beauty, glory; haddar; Hadar
124	דהא	540	שהרי	דהא/-/-/reviewed/reviewed form: ד + הָא (Krupnik 3: הלא)	
125	מנלנ	537	מהיכן לנו זאת	מנלנ/-/-/exact/the sense cited from bavli	{מנלנ} ? מהיכן לנו זאת[k:def:bavli] || 
126	דתימא	532	שתאמר	אמר/pe.impf.2ms/d/irregular/the sense cited from bavli	{אמר} v הלעיט[k:def:af:bavli] ; אמר[j:same:pe:targum+bavli+yerushalmi] ; טלה, כבש[h:wikt] || J(אָמַר I bh): to join, knot; to be knotted, thick;; to heap up;; to join words, compose || J(אֲמַר ch): they say, it is said; Inf; does this mean to say? || J(אָמַר II bh): to be thick, strong; to thrive; to boast, vaunt, be oppressive; to fatten || J(אִמַּר): lamb
127	תא	527	בוא	אתא/pe.impv.ms/-/irregular/reviewed choice	{תא} n  || J(תָּא I bh): cell; compartment back of the Holy of Holies; yatsiʿa, tselʿa, ta.—  ##  {אתא} v סימן[k:def:targum] ; בא[k:def:pe:bavli] ; הביא[r:reviewed:af] || J(אָתָא I): letter, sign || J(אֲתָא ch): to join; to come, to arrive; to occur to; surely, indeed || J(*אָתָא III): Great Bear, Ursa Major
128	דעתכ	526		NO ANALYSIS	
129	דאית	524	שיש	דאית/-/-/reviewed/reviewed form: ד + אִית (Krupnik: יש)	{דאית} v חמד[k:def:pe] || 
130	ומר	519		AMBIGUOUS מור/ "ואמר" ~ את/ "וסימן"	{מור} v אמר[k:def:pe] || J(מוּר): Hif.; to exchange; to substitute a dedicated sacrifice || J(מוֹר bh): myrrh; lumps of gum
131	קמיפלגי	518	נחלקים	קמיפלגי/-/-/reviewed/reviewed form: קא + מִיפַּלְגִי, Krupnik פְּלַג itpe. "נחלק", participle plural	
132	איבעיא	516	נשאלה	איבעיא/-/-/reviewed/reviewed form: Krupnik אִיבָּעֵי "נשאל" (itpe.), feminine (איבעיא להו = it was asked of them)	
133	מעיקרא	514	מתחילה	מעיקרא/-/-/reviewed/reviewed form: מן + עִיקָּרָא "the beginning" (Jastrow מֵעִיקָּרָא "from the beginning, originally")	
134	סלקא	507	עולה	סלקא/-/-/reviewed/reviewed form: Krupnik סְלֵק "עלה", participle fem. — "סלקא דעתך" = it would arise in your mind	{סלקא} n  || J(סִלְקָא): beet || J(סִלְקָא ²): well-boiled vegetable
135	דאורייתא	506	של תורה	אורייתא/-/d/exact/reviewed choice	{אורייתא} n תורה[k:def] ; ספר תורה[k:def:yerushalmi] || 
136	יומא	500	יום	יומא/-/-/exact/reviewed choice	{יומא} n יום[k:def:bavli] ; שמש[k:def:bavli] || K: name of a treatise of the Talmud on the order of exercises of the Day of Atonement | Name eines Talmudtraktates über den Versöhnungstag
137	למעוטי	491	למעט	למעוטי/-/-/reviewed/reviewed form: Jastrow מְעַט Pa. מַעֵט "to diminish, to exclude", infinitive with ל	
138	בהא	490	בזה	בהא/-/-/reviewed/reviewed form: ב + הָא "this" (Krupnik הָא 1: this)	{בהא} v נבהל והשתומם[k:def:pe:midrash] || 
139	קאי	485	עומד	קאי/-/-/reviewed/reviewed form: Krupnik קוּם "עמד, היה קיים"; JBA participle קָאֵי	{קאי} n  || J(קָאֵי): standing
140	תרתי	482	שתים	תרתי/-/-/exact/the sense cited from bavli	{תרתי} particle שתים[k:def:targum+bavli] || 
141	והכא	480	וכאן	הכא/-/w/exact/single sense	{הכא} adv כאן[k:def] || J(הָכָא): here, hither; in this case, now
142	בתר	479	אחר	בתר/-/-/reviewed/reviewed form: Jastrow בָּתַר ch. "after, behind" (= h. אַחַר)	{בתר} n  || J(בֶּתֶר ch): to cut; piece, decree, allotment || J(בָּתַר): after, behind.
143	למאי	472	למה	rev:מאי/-/l/reviewed-base/a proclitic on the reviewed form מאי	
144	רמי	464	שאל, הראה סתירה	רמי/-/-/exact/the sense cited from bavli	{רמי} v זרק, השליך[k:def:pe:targum] ; שם, הוסיף[k:def:pe] ; היה מוטל בתורת חובה[k:def:pe] ; שאל, הראה סתירה[k:def:pe:bavli] ; הרים[k:def:pe:yerushalmi] ; הטף[k:def:af] ; הושלך, נזרק[k:def:itpe] ; הזדמן[k:def:itpe] ; רמי[j:same:pe:targum+bavli+yerushalmi+tanakh+midrash] || J(רַמִּי): Rammi; Rami || J(רמי bh): to move; to throw, swing; ramah || J(רְמֵי ch): to throw, swing; to put on; to impose; Part. pass; thrown down, lying
145	הלכתא	462	הלכה	הלכתא/-/-/reviewed/reviewed form: Krupnik/Jastrow הִלְכְתָא = h. הֲלָכָה	{הלכתא} n  || J(הִלְכְתָא ch): step; custom, habit; law, rule
146	כוותיה	459	כמוהו	כוותיה/-/-/reviewed/reviewed form: כְּוָת (Jastrow: like) + ־יה "him"	{כוותיה} other כמוה, כמוהו, כמוכם, כמוהם[k:def:bavli+yerushalmi] || 
147	איתיביה	458	הקשה לו	איתיביה/-/-/reviewed/reviewed form: Jastrow תּוּב Af. "to raise an objection" + ־יה "to him"	
148	לרבננ	456	לחכמים	לרבננ/-/-/reviewed/reviewed form: ל + רַבָּנָן (Krupnik: the sages)	
149	מיבעיא	454	צריך	מיבעיא/-/-/reviewed/reviewed form: Krupnik אִיבָּעֵי "צריך להיות", participle (לא מיבעיא = it is not needed)	
150	אננ	437	אנו	אננ/-/-/reviewed/reviewed form: Jastrow אֲנַן ch. "we" (= h. אֲנַחְנוּ)	{אננ} v אנחנו[k:def:bavli] ; אנין[j:eq:targum+bavli] || J(אָנַן bh): to press, oppress, wrong; one who feels grieved, mourner; Onan || J(אֲנַן ch): to be grieved, to mourn
151	קרי	433	קורא	קרי/-/-/reviewed/reviewed form: Jastrow קְרֵי ch. "to call; to read", participle	{קרי} n עיר, קריה[k:def:targum] ; קרי[j:same:pe:targum+bavli+midrash+tanakh+yerushalmi+other] ; קרי[j:same:pe:bavli] || J(קרי ² bh): to call, name; to invite; yeraëh; those called up to read from the Torah || J(קְרֵי I ch): to call, name, invite; to read; evil || J(קרי ³): to join; to meet; to meet, join || J(קְרֵי II ch): to join; to do something by accident; to happen || J(קרי ⁴): Pi.; to lay beams; to cover; to wa
152	ואיבעית	432	ואם תרצה	ואיבעית/-/-/reviewed/reviewed form: Krupnik אִיבָּעִית "אם תרצה" (the Gemara's ואיבעית אימא)	
153	שפיר	431	יפה	שפיר/-/-/reviewed/reviewed form: Jastrow שַׁפִּיר "beautiful; well, right"	{שפיר} adj שפיר[j:same:targum+bavli] || K: handsome | schön || K: right, well | gut, richtig || K: sac of the) foetus | Hautblase des Embryos || J(שְׁפִיר): membraneous bag, sac of a fœtus; fœtus || J(שַׁפִּיר): handsome, pleasing; good; cheerful; Fem; right, well
154	חזי	428	ראה	חזי/-/-/reviewed/reviewed form: Krupnik חֲזִי "ראה"	{חזי} v ראה[k:def:pe:bavli] ; הראה[k:def:af:bavli] ; נראה[k:def:itpe:bavli] ; היה ראוי[k:def:itpe:bavli] ; הָראה[k:def:itpe] ; ראוי[k:def:bavli] ; חזי[j:same:pe:targum+bavli] || J(חזי bh): to divide; to discern, see; to distribute kindled chips between logs of wood || J(חֲזִי ch): to see, recognize, to decide; Part. pass; pointed out, fit for, prepared;
155	דינא	427	דין ומשפט	דינא/-/-/exact/reviewed choice	{דינא} n דין ומשפט[k:def:bavli] ; ריב[k:def] ; שופט[k:def] || 
156	קמא	427		AMBIGUOUS קמא/ "ראשון" ~ קומ/pe.perf.3fs "עמד, היה קיים"	{קמא} adj ראשון[k:def:bavli+targum] ; קמה[j:eq:targum] ; הקודם, הראשון[h:wikt] || J(קָמָא I): he says || J(קָמָא II): standing grain; pillar, statue || J(קַמָּא): first, former, previous; Fem; before, in presence of
157	והדר	424	וחזר	והדר/-/-/reviewed/reviewed form: ו + הֲדַר (Krupnik: חזר)	
158	ואימא	423	ואמור	ואימא/-/-/reviewed/reviewed form: ו + אֵימָא (of אֲמַר "say")	
159	מהכא	420	מכאן	הכא/-/m/exact/single sense	{הכא} adv כאן[k:def] || J(הָכָא): here, hither; in this case, now
160	סברי	407	סוברים	סברי/-/-/reviewed/reviewed form: Krupnik סְבַר "חשב"; Jastrow סְבַר ch. (h. סָבַר), participle plural	
161	ההיא	404	ההיא	ההיא/-/-/reviewed/reviewed form: Jastrow הַהִיא "that (fem.)" — the same Hebrew word	
162	נימא	400	נאמר	נימא/-/-/reviewed/reviewed form: אֲמַר imperfect 1st pl. (JBA נֵימָא: "let us say")	{נימא} n שערה[k:def:bavli] ; חוט[k:def:yerushalmi] ; מיתר הכנור[k:def:bavli] ; עלוקה[k:def:bavli] ; שפם[k:def:bavli] ; נימא[j:same:targum] || J(נִימָּא): Pi. || J(נִימָא): hanging over; fringe, cord, hair; bristle; fibre || J(נִימָא ² ch): cord; string
163	אבוה	391	אביו	אבוה/-/-/reviewed/reviewed form: אַבָּא "father" (Jastrow אַבָּא ch. = h. אָב) + ־וה "his"	
164	דלית	387	שאין	דלית/-/-/reviewed/reviewed form: ד + לֵית (Krupnik: אין)	{דלית} n  || J(דָּלִית bh): suspended; branches of the vine trained to an espalier; grapes of the espalier
165	אחרינא	386	אחר	אחרינא/-/-/exact/the sense cited from bavli	{אחרינא} n אחר[k:def:bavli] || J(אַחֲרִינָא): another
166	דלאו	386	שלא	דלאו/-/-/reviewed/reviewed form: ד + לָאו "not" (Jastrow לָאו)	
167	דידיה	385	שלו	pron:דידיה/fixed/-/pronominal/pronominal preposition table	{דידיה} other שלי, שלו[k:def] || 
168	ליכא	381		NO ANALYSIS	{ליכא} n  || J(לִיכָּא I): beating; into a mixture || J(לִיכָּא II): there is not, none
169	גופא	379	גוף	גופא/-/-/exact/the sense cited from bavli	{גופא} n גוף[k:def:midrash] ; עיקר הדבר[k:def] ; הלא יש סתירה בדבר[k:def:bavli] ; גוף[j:same:targum+midrash+bavli+yerushalmi] || K: i>Zitierungsform in der talmudischen Diskussion, wenn ein vorher gelegentlich angeführter Ausspruch zum Hauptgegenstand der Erörterung werden soll || J(גּוּפָא ch): body; self, substance; Gufa
170	אליבא	377	על פי	אליבא/-/-/exact/the sense cited from bavli	{אליבא} adv על פי[k:def:bavli] || J(אַלִּיבָּא): according to the opinion, in the sense of
171	זוזי	376	זוזים	זוזי/-/-/reviewed/reviewed form: plural of זוּזָא (Krupnik: זוז)	
172	ואידכ	374	ואחר	אידכ/-/w/exact/the sense cited from bavli	{אידכ} n אחר[k:def:bavli] || J(אִידֵּךְ): this, that; the other, another; both
173	תנינא	371	שנינו	תנינא/-/-/reviewed/reviewed form: Jastrow תְּנֵי ch. "to teach/learn", 1st pl. + object (תְּנֵינָא "we have learned it")	{תנינא} ? תנין[j:same:targum] || 
174	ואיכא	364	ויש	איכא/-/w/exact/reviewed choice	{איכא} particle היכן[k:def:targum] ; יש[k:def:bavli] || J(אֵיכָא): where now? || J(אִיכָּא): there is, there are; sunt qui; he who
175	עלכ	360	עליך	pron:עלכ/fixed/-/pronominal/pronominal preposition table	
176	דאינ	355		NO ANALYSIS	
177	והתננ	353	והלא שנינו במשנה	והתננ/-/-/reviewed/reviewed form: ו + הָא (Krupnik 3: הלא) + תְּנַן (reviewed: שנינו במשנה)	
178	יתיב	353	ישב	יתב/-/-/alias/reviewed choice	{יתב} v ישב[k:def:pe:bavli] ; נתן[k:def:pe:bavli] ; הושיב[k:def:pa:targum] ; הרגיע[k:def:pa] ; הושיב[k:def:af:targum] ; הקשה, שאל[k:def:af] ; נח[k:def:itpe:bavli] ; ישב[j:eq:targum+bavli+tanakh+midrash] ; הושיב[r:reviewed:af] || K: i>to dwell | sich aufhalten || J(יתֵב ch): to sit, dwell; to be inhabited, settled; inhabited || J(יְתֵב II): to give; to place; to give || J(יָתֵב): inhabitant
179	תיובתא	353	קושיא ופירכא	תיובתא/-/-/exact/reviewed choice	{תיובתא} n תשובה וחרטה[k:def:bavli] ; מענה[k:def:targum] ; קושיא ופירכא[k:def:bavli] || 
180	אטו	352	וכי	אטו/-/-/reviewed/reviewed form: Krupnik אַטּוּ "indeed? really?" (Hebrew missing in the digitization) — the rhetorical "וכי"	{אטו} particle בשביל[k:def] || K: indeed? really? | denn? etwa? || J(אָטוּ): on account of, because of, for the sake of; surprise, indignation; is it because? do you m
181	מסתברא	350	מסתבר	מסתברא/-/-/reviewed/reviewed form: Krupnik סְבַר itpe. "היה מובן"; Jastrow מִסְתַּבְּרָא "it stands to reason"	
182	אינשי	347	אנשים	אינשי/-/-/reviewed/reviewed form: plural of אִינָשׁ "man" (Jastrow אֱנָשׁ ch. = h. אֱנוֹשׁ)	
183	הויא	347	היתה	הויא/-/-/reviewed/reviewed form: הֲוָא (reviewed: היה) perfect/participle fem.	
184	אידכ	344	אחר	אידכ/-/-/exact/the sense cited from bavli	{אידכ} n אחר[k:def:bavli] || J(אִידֵּךְ): this, that; the other, another; both
185	מתניתינ	341	משנתנו	מתניתינ/-/-/reviewed/reviewed form: Jastrow מַתְנִיתִין "our Mishnah"	
186	בעא	339	שאל	בעא/-/-/reviewed/reviewed form: Krupnik בְּעֵי 1) "שאל" (בעא מיניה = asked of him), the perfect	
187	דתני	339	ששנה	תני/-/d/exact/reviewed choice	{תני} v חזר ועשה[k:def:pe:targum] ; לימד[k:def:pe:targum] ; קיבל ומסר הלכה[k:def:pe:bavli] ; שינה[k:def] ; דיבר, סיפר[k:def:targum] ; לימד[k:def:af] ; נכפל[k:def:itpe:targum] ; הוגד[k:def:itpe:targum] ; הוחד[k:def:itpe:targum] ; תני[j:same:pe:targum+bavli+mishnah+yerushalmi] ; שנה[r:reviewed:pe] || J(תני bh): to repeat; to tell; to stipulate, agree, make a condition || J(תְּנֵי ch): to repeat, do a second time; Pa.; to tell, relate; to teach || J(תְּנֵי II): to be pointed, sharp; to sharpen, to speak sharp words; to be sharpened
188	תלתא	338	שלושה	תלתא/-/-/reviewed/reviewed form: Jastrow תְּלָת ch. "three" (= h. שָׁלֹשׁ)	{תלתא} n שליש[k:def:targum] || J(תִּלְתָּא): a third part; having reached one-third of the full growth; a third-grown calf
189	מתיב	337	מקשה	מתיב/-/-/reviewed/reviewed form: Jastrow תּוּב Af. "to raise an objection", participle	{מתיב} ?  || 
190	כולי	336	כל	כולי/-/-/reviewed/reviewed form: Jastrow כֹּל ch. (כּוּלֵּי) = h. כָּל	
191	משכחת	334		NO ANALYSIS	
192	מצי	333	יכול	מצי/-/-/exact/reviewed choice	{מצי} v יכול[k:def:pe] ; סחט[k:def:pe:bavli] ; ינק[k:def:pe:bavli] ; היניק[k:def:pa:bavli] ; נסחט[k:def:itpe:targum] ; מצי[j:same:pe:bavli] ; מצי[j:same:pe:bavli+targum] || J(מצי bh): to reach; to find; as in the case of—, so; Part. pass || J(מְצִי I ch): to reach, be able; to master; to find one’s self; to succeed || J(מצי ²): to squeeze, wring, esp. to wring out the blood of the bird sacrifice; to pour out to the l || J(מְצִי II ch): to wring; to suck; to give suck
193	לאתויי	332	להביא	לאתויי/-/-/reviewed/reviewed form: אֲתָא Af. infinitive (Jastrow: to bring; = h. הֵבִיא)	
194	קני	332	קנה	קני/-/-/exact/the sense cited from bavli	{קני} v קני[j:same:pe:targum+bavli] ; קנה[j:eq:targum+midrash+bavli] || J(קני): ḳana; to be hot; to be jealous; to envy || J(קְנֵי ch): to be zealous for; to be jealous; to suspect of unfaithfulness; to make jealous; to warn o || J(קני ² bh): to establish; to create; to acquire, own; to take possession; to make sure; to obligate a  || J(קְנֵי ² ch): to make one a bondma
195	אתיא	328	באה	אתא/pe.ptcp.fs/-/irregular/reviewed choice	{אתא} v סימן[k:def:targum] ; בא[k:def:pe:bavli] ; הביא[r:reviewed:af] || J(אָתָא I): letter, sign || J(אֲתָא ch): to join; to come, to arrive; to occur to; surely, indeed || J(*אָתָא III): Great Bear, Ursa Major
196	תרוייהו	326		NO ANALYSIS	
197	הגלילי	325		NO ANALYSIS	
198	למימרא	322		NO ANALYSIS	
199	תיקו	321	השאלה נשארת בצריך עיון	תיקו/-/-/exact/the sense cited from bavli	{תיקו} ? השאלה נשארת בצריך עיון[k:def:bavli] || 
200	הדרנ	320	חזרנו	הדרנ/-/-/reviewed/reviewed form: הֲדַר (Krupnik: חזר), perfect 1st pl.	
201	סבירא	318	סבור	סבירא/-/-/reviewed/reviewed form: סְבַר (Krupnik: חשב), passive participle — "סבירא ליה" = he holds	
202	דכולי	317		AMBIGUOUS כול/n.sg "שמדד" ~ כולא/ "שהכל, כל"	{כול} v מדד[k:def:pe:bavli] ; כול[j:same:pe:targum+bavli] ; כל[j:eq:targum+yerushalmi+bavli+midrash+tanakh] ; כל שכן[j:eq:targum+yerushalmi+bavli+midrash+tanakh] || J(כּוּל bh): to enclose; to measure. || J(כּוּל ² ch): kor; kab; kab || J(כּוֹל ch): all, every one; any; all of thee, of him; entire
203	לאפוקי	316	להוציא, מלבד	לאפוקי/-/-/exact/the sense cited from bavli	{לאפוקי} adv להוציא, מלבד[k:def:bavli] || 
204	מכדי	316	הנה, מעתה	מכדי/-/-/reviewed/reviewed form: Krupnik מִכְּדֵי "הנה, מעתה"	{מכדי} other הנה, מעתה[k:def] || 
205	בהדי	315	עם ובמעמד	בהדי/-/-/exact/reviewed choice	{בהדי} other עם ובמעמד[k:def] ; בעוד, בשעה[k:def:bavli] || 
206	איהו	314	הוא	איהו/-/-/exact/the sense cited from bavli	{איהו} n הוא[k:def:bavli+targum] || J(אִיהוּ): he, himself; she, herself
207	דליכא	312		NO ANALYSIS	
208	זוטרא	311	קטן	זוטרא/-/-/exact/the sense cited from bavli	{זוטרא} ? קטן[k:def:bavli] || 
209	ניחא	310	נוח	ניחא/-/-/reviewed/reviewed form: Jastrow נִיחָא "rest; pleasing, agreeable" — "ניחא ליה" = it suits him	{ניחא} adj רך[k:def:bavli] || K: satisfactory | befriedigend || K: comfort | Beqeumlichkeit || K: right, well | recht, richtig || K: good, better | gut, besser || K: name of an Amora | Name eines Amoräers || J(נִיחָא I): soft; gentle; Fem || J(נִיחָא II): ease; satisfaction; one likes, prefers
210	כולהו	308	כולם	pron:כולהו/fixed/-/pronominal/pronominal preposition table	
211	להא	305	לזה	להא/-/-/reviewed/reviewed form: ל + הָא (Krupnik 1: this)	
212	ואמאי	304	ולמה, מדוע	אמאי/-/w/exact/the sense cited from bavli	{אמאי} particle למה, מדוע[k:def:bavli] || J(אַמַּאי): wherefore? why?; why not?
213	דאתא	298	שבא	אתא/-/d/exact/reviewed choice	{אתא} v סימן[k:def:targum] ; בא[k:def:pe:bavli] ; הביא[r:reviewed:af] || J(אָתָא I): letter, sign || J(אֲתָא ch): to join; to come, to arrive; to occur to; surely, indeed || J(*אָתָא III): Great Bear, Ursa Major
214	דקאמר	298	שאומר	אמר/pe.ptcp.ms/dq/irregular/the sense cited from bavli	{אמר} v הלעיט[k:def:af:bavli] ; אמר[j:same:pe:targum+bavli+yerushalmi] ; טלה, כבש[h:wikt] || J(אָמַר I bh): to join, knot; to be knotted, thick;; to heap up;; to join words, compose || J(אֲמַר ch): they say, it is said; Inf; does this mean to say? || J(אָמַר II bh): to be thick, strong; to thrive; to boast, vaunt, be oppressive; to fatten || J(אִמַּר): lamb
215	ותניא	298	ונאמר בברייתא	תניא/-/w/exact/the sense cited from bavli	{תניא} v נאמר בברייתא[k:def:bavli] || 
216	מינייהו	292	מהם	pron:מינייהו/fixed/-/pronominal/pronominal preposition table	
217	איניש	291	אדם	אינש/-/-/alias/the sense cited from bavli	{אינש} n אדם[k:def:bavli] || J(אֱינָשׁ): being; human being; people
218	חיישיננ	290	אנו דואגים	חוש/pe.ptcp.1pl/-/generated/the sense cited from bavli	{חוש} n עבי[k:def] ; דאג[k:def:bavli] || K: to be affected | Schmerz empfinden || J(חוּשׁ I): thick substance; knots || J(חוּשׁ II bh): to feel, press; to feel pain, be affected; to apprehend, consider || J(חוּשׁ ch): to feel, suffer, be troubled; to apprehend, care for; to be anxious, hasten to, flee
219	ואיתימא	289		NO ANALYSIS	
220	איתא	288	יש	איתא/-/-/reviewed/reviewed form: Krupnik אִיתָא (reviewed: יש), "there is"	{איתא} n יש[k:def:bavli] ; אשה[k:def:yerushalmi+targum+bavli] ; אשה[j:eq:targum+yerushalmi] || J(אִיתָּא): woman, wife
221	אזל	287	הלך	אזל/-/-/exact/reviewed choice	{אזל} v הלך[k:def:pe:bavli] ; טוה[k:def:pe:bavli] || J(אֲזַל I bh): to be gone, to leave; to go; Imper; to depart life, die || J(אֲזַל II): to spin, weave
222	לטעמיה	287	לשיטתו	לטעמיה/-/-/reviewed/reviewed form: ל + טַעֲמָא "reason" + ־יה "his" (Krupnik טעמא: סבה)	
223	נפשיה	286	עצמו	נפשיה/-/-/reviewed/reviewed form: נַפְשָׁא (Jastrow נְפַשׁ ch.: soul, self) + ־יה — "לנפשיה" = himself	
224	ארעא	284	אדמה, ארץ	ארעא/-/-/exact/reviewed choice	{ארעא} n אדמה, ארץ[k:def:bavli+targum] ; מקרה[k:def:targum] ; פגע[k:def] || J(אִרְעָא): accident, occurrence; evils, diseases || J(אַרְעָא): land, earth, ground, field; gout, sore on the toes; fields
225	דמר	284		AMBIGUOUS מור/ "שאמר" ~ את/ "של סימן"	{דמר} ?  || J(*דְּמַר): Ithpa.; to be stupefied, astonished  ##  {מור} v אמר[k:def:pe] || J(מוּר): Hif.; to exchange; to substitute a dedicated sacrifice || J(מוֹר bh): myrrh; lumps of gum
226	חמרא	283	יין	חמרא/-/-/reviewed/reviewed form: Jastrow חַמְרָא ch. "wine" (= h. יַיִן); the Gemara's חמרא	{חמרא} n חמוד[k:def:bavli] || J(חַמְרָא): wine || J(חֲמָרָא): ass
227	ומאנ	282	ומי	ומאנ/-/-/reviewed/reviewed form: ו + מַאן (Krupnik: מי)	
228	ודלמא	275	ושמא, אולי	דילמא/-/w/alias/reviewed choice	{דילמא} n שמא, אולי[k:def:bavli] ; עובדה[k:def:yerushalmi] ; מכסה[k:def] ; שמא[j:eq:tanakh+targum+bavli+midrash] || J(דִּילְמָא): for why; lest, perhaps; perhaps, it may be || J(דִּילְמָא ²): here is a confirmation; an illustration
229	ותו	270	ועוד	ותו/-/-/reviewed/reviewed form: ו + תּוּ "further, again" (Krupnik תו: עוד)	
230	תיבעי	268	תישאל	תיבעי/-/-/reviewed/reviewed form: בְּעֵי itpe. (Krupnik אִיבָּעֵי: נשאל), imperfect — "תיבעי" = let it be asked	
231	איצטריכ	267	היה זקוק לדבר	צרכ/itpe.perf.3ms/-/source-form/the sense cited from bavli	{צרכ} v היה זקוק לדבר[k:def:itpe:yerushalmi+bavli] ; נפנה[k:def:bavli] ; חייב, הזקיק[k:def:af:bavli] ; צרך[j:same:pe:targum+yerushalmi+bavli+tanakh+midrash] || J(צָרַךְ): to be narrow; to need, want; to be in need, be forced || J(צְרַךְ ch): pass; to need, be needed; to be needed; to need
232	הניחא	266	זה נוח	הניחא/-/-/reviewed/reviewed form: הָא + נִיחָא (Jastrow: pleasing) — "הניחא" = this is well	{הניחא} ?  || K: this would be right | das wäre richtig
233	דבעי	265	שצריך	דבעי/-/-/reviewed/reviewed form: ד + בְּעֵי 3) "היה צריך", participle	
234	ממאי	265	ממה	ממאי/-/-/reviewed/reviewed form: מן + מַאי (Krupnik: מה)	{ממאי} particle מהיכן[k:def:bavli] || 
235	דתנא	263	ששנה	תני/-/d/alias/reviewed choice	{תני} v חזר ועשה[k:def:pe:targum] ; לימד[k:def:pe:targum] ; קיבל ומסר הלכה[k:def:pe:bavli] ; שינה[k:def] ; דיבר, סיפר[k:def:targum] ; לימד[k:def:af] ; נכפל[k:def:itpe:targum] ; הוגד[k:def:itpe:targum] ; הוחד[k:def:itpe:targum] ; תני[j:same:pe:targum+bavli+mishnah+yerushalmi] ; שנה[r:reviewed:pe] || J(תני bh): to repeat; to tell; to stipulate, agree, make a condition || J(תְּנֵי ch): to repeat, do a second time; Pa.; to tell, relate; to teach || J(תְּנֵי II): to be pointed, sharp; to sharpen, to speak sharp words; to be sharpened
236	וקתני	261	ושונה	תני/pe.ptcp.ms/wq/generated/reviewed choice	{תני} v חזר ועשה[k:def:pe:targum] ; לימד[k:def:pe:targum] ; קיבל ומסר הלכה[k:def:pe:bavli] ; שינה[k:def] ; דיבר, סיפר[k:def:targum] ; לימד[k:def:af] ; נכפל[k:def:itpe:targum] ; הוגד[k:def:itpe:targum] ; הוחד[k:def:itpe:targum] ; תני[j:same:pe:targum+bavli+mishnah+yerushalmi] ; שנה[r:reviewed:pe] || J(תני bh): to repeat; to tell; to stipulate, agree, make a condition || J(תְּנֵי ch): to repeat, do a second time; Pa.; to tell, relate; to teach || J(תְּנֵי II): to be pointed, sharp; to sharpen, to speak sharp words; to be sharpened
237	אמרנ	258	אמרנו	אמר/pe.perf.1pl/-/irregular/the sense cited from bavli	{אמר} v הלעיט[k:def:af:bavli] ; אמר[j:same:pe:targum+bavli+yerushalmi] ; טלה, כבש[h:wikt] || J(אָמַר I bh): to join, knot; to be knotted, thick;; to heap up;; to join words, compose || J(אֲמַר ch): they say, it is said; Inf; does this mean to say? || J(אָמַר II bh): to be thick, strong; to thrive; to boast, vaunt, be oppressive; to fatten || J(אִמַּר): lamb
238	ברישא	258	בראש	ברישא/-/-/reviewed/reviewed form: ב + רֵישׁ (Krupnik: ראש)	
239	דרש	257	הורה בצבור	דרש/-/-/exact/the sense cited from bavli	{דרש} v הורה בצבור[k:def:pe:bavli] ; דרש[j:same:pe:targum+bavli+midrash+yerushalmi+tanakh] || K: to interpret | auslegen || J(דָּרַשׁ bh): to examine, question; to expound, interpret; to teach, lecture. || J(דְּרַשׁ ch): lecturer; to be interpreted
240	מתני	254	שונה	מתני/-/-/reviewed/reviewed form: Jastrow תְּנֵי Af./Pa. "to teach", participle	{מתני} n מלמד משנה[k:def:bavli+yerushalmi] ; משני[j:eq:bavli] || J(מַתְנֵי ch): teacher of the Mishnah
241	איסורא	252	איסור	איסורא/-/-/exact/reviewed choice	{איסורא} n איסור[k:def] ; יסורים[k:def:targum] ; איסור[j:same:targum+bavli] || J(אִיסּוּרָא ch): band; ritual questions; prostitution || J(אִיסוּרָא II): chastisement.
242	דריש	251	דורש	דריש/-/-/reviewed/reviewed form: Krupnik דְּרַשׁ, participle	{דריש} n  || J(דָּרֵישׁ): lecturer
243	אשמעיננ	249	השמיענו	אשמעיננ/-/-/reviewed/reviewed form: שְׁמַע Af. "to announce, let hear" (Jastrow) + ־ינן "us"	
244	לישנא	249	לשון, שפה	לישנא/-/-/exact/reviewed choice	{לישנא} other לשון, שפה[k:def:targum+tanakh] ; דעה, סברא, גירסא[k:def] || 
245	והכתיב	247	והלא כתוב	והכתיב/-/-/reviewed/reviewed form: ו + הָא (הלא) + כְּתִיב	
246	דמיא	246	דומה	דמיא/-/-/reviewed/reviewed form: Krupnik דְּמֵי "דמה" (to resemble), participle	
247	יהיב	245	נותן	יהיב/-/-/reviewed/reviewed form: יְהַב "to give" (Jastrow; = h. נָתַן), participle	
248	דומיא	244	דמיון ושווי	דומיא/-/-/exact/the sense cited from bavli	{דומיא} n דמיון ושווי[k:def:bavli] || J(דּוּמְיָא): resemblance; there is; an analogy;
249	אדרבה	240	להפך	אדרבה/-/-/exact/the sense cited from bavli	{אדרבה} adv להפך[k:def:bavli] || 
250	איבעית	240	אם תרצה	איבעית/-/-/exact/the sense cited from bavli	{איבעית} ? אם תרצה[k:def:bavli] || J(אִיבָּעִית): if thou so desirest; or
251	מיא	239	מים	מיא/-/-/reviewed/reviewed form: Jastrow מַיָּא ch. = h. מַיִם	{מיא} n מים[k:def:bavli] || J(מַיָּא ch): water
252	הואי	235	היתה	הואי/-/-/reviewed/reviewed form: הֲוָא (reviewed: היה), perfect 3rd fem. (JBA)	
253	מיפלגי	234	נחלקים	מיפלגי/-/-/reviewed/reviewed form: Krupnik פְּלַג itpe. "נחלק", participle plural	
254	מסייע	234	מסייע	מסייע/-/-/reviewed/reviewed form: Jastrow סַיַּע Pa. "to assist, support" = h. סִיַּע, participle	
255	דהאי	232	שזה, זאת	האי/-/d/exact/the sense cited from bavli	{האי} other זה, זאת[k:def:bavli] || J(הַאי): this, that; v’taher; locale
256	מייתי	232	מביא	מייתי/-/-/reviewed/reviewed form: אֲתָא Af. "to bring" (Jastrow; = h. הֵבִיא), participle	
257	אתמר	231	נאמר	אתמר/-/-/reviewed/reviewed form: Jastrow אֲמַר Ithpe. contr. אִתְּמַר "it has been said" = h. נֶאֱמַר; Hebrew Wiktionary אִתְּמַר "נאמר"	{אתמר} ? נאמר[h:wikt] || 
258	מיהא	231	לפחות, על כל פנים	מיהא/-/-/exact/the sense cited from bavli	{מיהא} adv לפחות, על כל פנים[k:def:bavli] || J(מִיהָא): whatever it be, be it as it may; however, at all events; from this
259	מיחייב	229	חייב	מיחייב/-/-/reviewed/reviewed form: Jastrow חוּב Ithpa. "to be guilty, liable"	
260	בעית	228	אתה רוצה	בעית/-/-/reviewed/reviewed form: בְּעֵי 3) "היה צריך, חפץ", participle 2nd person	{בעית} v נבהל[k:def:pe:bavli] || 
261	והיינו	223	וזהו	היינו/-/w/exact/the sense cited from bavli	{היינו} other זהו[k:def:bavli] || J(הַיְינוּ): it is this, it is he; it is the same, it corresponds to; which means
262	הנכ	221	הללו	הנכ/-/-/exact/the sense cited from bavli	{הנכ} other הללו[k:def:bavli] || 
263	בחד	219	באחד	חד/-/b/exact/the sense cited from bavli	{חד} particle אחד[k:def:bavli] ; אחד[j:eq:targum+yerushalmi+bavli] || J(חַד I bh): pointed, sharp; swift; Pl. || J(חַד II): one, singular, particular; like one; together, simultaneously
264	הדדי	218	זה את זה	הדדי/-/-/exact/the sense cited from bavli	{הדדי} adv זה את זה[k:def:bavli] || J(הֲדָדֵי): each other, mutually; like each other; ḥeleb
265	והלכתא	217	והלכה	והלכתא/-/-/reviewed/reviewed form: ו + הִלְכְתָא = h. הֲלָכָה	
266	שמעת	217		NO ANALYSIS	
267	לדידי	216	לי	לדידי/-/-/reviewed/reviewed form: ל + דִּידִי "mine"	
268	פלגא	215	מחצית	פלגא/-/-/exact/reviewed choice	{פלגא} n מחצית[k:def:mishnah+bavli] ; איש ריב[k:def:bavli] || 
269	איריא	213	טעם וראיה	איריא/-/-/exact/the sense cited from bavli	{איריא} n טעם וראיה[k:def:bavli] || 
270	דכתב	212		NO ANALYSIS	
271	בעיא	210	שאלה למודית	בעיא/-/-/exact/single sense	{בעיא} n שאלה למודית[k:def] || K: a man’s name | männlicher Name || J(בַּעְיָא): yawn, gap; greed; question. || J(*בָּעְיָא): Baya
272	וקאמר	207	ואומר	אמר/pe.ptcp.ms/wq/irregular/the sense cited from bavli	{אמר} v הלעיט[k:def:af:bavli] ; אמר[j:same:pe:targum+bavli+yerushalmi] ; טלה, כבש[h:wikt] || J(אָמַר I bh): to join, knot; to be knotted, thick;; to heap up;; to join words, compose || J(אֲמַר ch): they say, it is said; Inf; does this mean to say? || J(אָמַר II bh): to be thick, strong; to thrive; to boast, vaunt, be oppressive; to fatten || J(אִמַּר): lamb
273	קיימא	206	עומדת	קיימא/-/-/reviewed/reviewed form: קוּם, participle fem.	{קיימא} n קיום, חיים[k:def:bavli] || J(קַיָּימָא): existence, duration, permanence
274	דעתיה	203	דעה, סברא שלו	דעתא/n.sg+3ms/-/generated-noun/reviewed choice	{דעתא} n ידיעה[k:def:targum] ; בינה[k:def:targum] ; דעה, סברא[k:def:bavli] ; דעת[j:same:targum+bavli] || 
275	מניינ	203	מנין	מניינ/-/-/reviewed/reviewed form: Krupnik מְנַיִן "מאין, מהיכן"	
276	ואתא	202	ובא	אתא/-/w/exact/reviewed choice	{אתא} v סימן[k:def:targum] ; בא[k:def:pe:bavli] ; הביא[r:reviewed:af] || J(אָתָא I): letter, sign || J(אֲתָא ch): to join; to come, to arrive; to occur to; surely, indeed || J(*אָתָא III): Great Bear, Ursa Major
277	דאתי	199		NO ANALYSIS	
278	מדרבננ	197		REVIEW_GATE דרבננ/-/m "מתקנת חכמים" n=197	{דרבננ} ? תקנת חכמים[k:def:bavli] || 
279	ולאו	196	ולא	ולאו/-/-/reviewed/reviewed form: ו + לָאו "not" (Jastrow)	
280	להאי	195		REVIEW_GATE האי/-/l "לזה, זאת" n=195	{האי} other זה, זאת[k:def:bavli] || J(הַאי): this, that; v’taher; locale
281	ותננ	193		REVIEW_GATE תננ/-/w "ושנינו במשנה" n=193	{תננ} v אַתְנַן עשן[k:def:af:targum+tanakh] ; שנינו במשנה[k:def:bavli] ; עשן[k:def:targum] || K: i>stench | übler Geruch || J(תְּנַן): to smoke; Part; adj. || J(תְּנָן): smoke; vapor, reeking, stench
282	ותנא	191		REVIEW_GATE תני/-/w "ושנה" n=191	{תני} v חזר ועשה[k:def:pe:targum] ; לימד[k:def:pe:targum] ; קיבל ומסר הלכה[k:def:pe:bavli] ; שינה[k:def] ; דיבר, סיפר[k:def:targum] ; לימד[k:def:af] ; נכפל[k:def:itpe:targum] ; הוגד[k:def:itpe:targum] ; הוחד[k:def:itpe:targum] ; תני[j:same:pe:targum+bavli+mishnah+yerushalmi] ; שנה[r:reviewed:pe] || J(תני bh): to repeat; to tell; to stipulate, agree, make a condition || J(תְּנֵי ch): to repeat, do a second time; Pa.; to tell, relate; to teach || J(תְּנֵי II): to be pointed, sharp; to sharpen, to speak sharp words; to be sharpened
283	דהוו	187	שהיו	דהוו/-/-/reviewed/reviewed form: ד + הֲווֹ (reviewed הוה: היה), perfect plural	
284	ידענא	187		REVIEW_GATE ידע/pe.ptcp.1s/- "אני יודע" n=187	{ידע} v ידע[j:same:pe:targum+bavli+midrash] ; הודיע[r:reviewed:af] || J(יָדַע bh): to point out, select, love; to recognize, know; to find out; Part. pass || J(יְדַע ch): Hif.; Part. pass; friend
285	כרבננ	187	כחכמים	כרבננ/-/-/reviewed/reviewed form: כ + רַבָּנָן (Krupnik: the sages)	
286	גופה	183	עצמה	גופה/-/-/reviewed/reviewed form: גּוּפָא (Krupnik: גוף) + ־ה — "הא גופה קשיא" = this itself	
287	אזיל	182	הולך	אזיל/-/-/reviewed/reviewed form: Krupnik אֲזַל "הלך", participle	{אזיל} adj פחות ובטל[k:def:yerushalmi] || 
288	ניהו	182	הוא	pron:ניהו/fixed/-/pronominal/pronominal preposition table	{ניהו} n הוא[k:def:bavli] || J(נִיהוּ): he, himself; it, it is; Fem; myself, thyself, himself
289	דאפילו	178	שאפילו	דאפילו/-/-/reviewed/reviewed form: ד + אֲפִילּוּ	
290	ולימא	177	ויאמר	rev:לימא/pe.impf.3ms/w/reviewed-base/a proclitic on the reviewed form לימא	
291	שמיה	177	שמו	שמיה/-/-/reviewed/reviewed form: שְׁמָא (Jastrow ch. = h. שֵׁם) + ־יה	
292	שקיל	177	לוקח	שקיל/-/-/reviewed/reviewed form: Krupnik שְׁקַל "לקח", participle	
293	תלת	177		REVIEW_GATE תלת/-/- "שלש" n=177	{תלת} v חילק לשלשה חלקים[k:def:pa:targum] ; עשה בפעם השלישית[k:def:pa:targum] ; נעשה בפעם השלישית[k:def:itpe:targum] ; שלש[j:eq:targum+bavli+yerushalmi] || J(תַּלֵּת): to divide into three parts; to do a third time; Part. pass || J(תְּלַת): three; on the third; thirteen
294	סתמא	176		REVIEW_GATE סתמא/-/- "סתם" n=176	{סתמא} ? סתם[j:same:bavli+yerushalmi] || 
295	עלייהו	176	עליהם	pron:עלייהו/fixed/-/pronominal/pronominal preposition table	
296	גופיה	175	עצמו	גופיה/-/-/reviewed/reviewed form: גּוּפָא (Krupnik: גוף) + ־יה — itself	
297	מדקתני	175	ממה ששונה	מדקתני/-/-/reviewed/reviewed form: מן + ד + קא + תְּנֵי (reviewed: שנה), participle	
298	מהא	175	מזה	מהא/-/-/reviewed/reviewed form: מ + הָא (Krupnik 1: this)	
299	ואתי	174		NO ANALYSIS	
300	להכי	174		REVIEW_GATE הכי/-/l "לכן" n=174	{הכי} other כן[k:def:bavli] || J(הָכִי): so, in this manner, thus; if this be so; fit for such a thing, old enough
301	רובא	174		REVIEW_GATE רובא/-/- "רוב" n=174	{רובא} n רוב[k:def:bavli] ; רב, גדול[k:def:yerushalmi] ; בחור[k:def:bavli] ; רוב[j:same:bavli+mishnah] || J(רוּבָּא ch): yabam || J(רוֹבֵא bh): growing; young man, youth; archers
302	אייתי	173	הביא	אייתי/-/-/reviewed/reviewed form: אֲתָא Af. אַיְיתֵי "to bring" (Jastrow; = h. הֵבִיא)	{אייתי} v הביא[k:def:af:bavli] || 
303	וליכא	173		NO ANALYSIS	
304	ליתני	173	ישנה	ליתני/-/-/reviewed/reviewed form: תְּנֵי (reviewed: שנה), imperfect 3rd masc. (JBA ל־)	
305	דכל	172		NO ANALYSIS	
306	דאמרת	171	שאתה אומר	אמר/pe.ptcp.2ms/d/irregular/the sense cited from bavli	{אמר} v הלעיט[k:def:af:bavli] ; אמר[j:same:pe:targum+bavli+yerushalmi] ; טלה, כבש[h:wikt] || J(אָמַר I bh): to join, knot; to be knotted, thick;; to heap up;; to join words, compose || J(אֲמַר ch): they say, it is said; Inf; does this mean to say? || J(אָמַר II bh): to be thick, strong; to thrive; to boast, vaunt, be oppressive; to fatten || J(אִמַּר): lamb
307	לחומרא	171	לחומרה	לחומרא/-/-/reviewed/reviewed form: ל + חוּמְרָא "stringency" (Jastrow)	
308	דעלמא	170		REVIEW_GATE עלמא/-/d "של עולם" n=170	{עלמא} n עולם[k:def:midrash+bavli] || 
309	לבר	170		REVIEW_GATE בר/-/l "לבן" n=170	{בר} n בקי[k:def:tosefta] ; בר[j:same:targum+bavli+yerushalmi+midrash] ; שדה[j:eq:targum+bavli+yerushalmi+midrash] ; חוץ[j:eq:targum+bavli+yerushalmi+midrash] ; בן[r:reviewed] || J(בַּר I bh): empty, open; uncultivated ground, forest, prairie;; buffalo || J(בַּר ch): forest, prairie; living in the forest; wild || J(בַּר II ch): son, offspring; grandson; a scholar || J(בַּר III bh): clear, bright, clean, pure; bar || J(בַּר IV bh): sifted; grain
310	מלכא	169	מלך	מלכא/-/-/reviewed/reviewed form: Jastrow מַלְכָּא ch. = h. מֶלֶךְ	
311	גיסא	167		REVIEW_GATE גיסא/-/- "צד, שכנות" n=167	{גיסא} n בעל אחות האשה[k:def:bavli] ; צד, שכנות[k:def:bavli] ; גיס[j:same:yerushalmi+bavli] || K: trnsf. way, manner | übetr. Art, Weise || J(גִּיסָא II): bold man || J(גִּיסָא III): neighborhood, side; way, manner
312	דאילו	167	שאילו	דאילו/-/-/reviewed/reviewed form: ד + אִילּוּ	
313	ורמינהו	167	ומראים סתירה	ורמינהו/-/-/reviewed/reviewed form: ו + Krupnik רְמֵי "שאל, הראה סתירה" + ־ינהו	
314	נהי	167	נניח	נהי/-/-/reviewed/reviewed form: Krupnik נְהִי "נניח"	{נהי} v התאסף[k:def:itpe:targum] ; נניח[k:def:bavli] || J(נְהֵי I bh): to move; to be in commotion; to follow eagerly || J(נְהִי II bh): commotion; lamentation, elegy || J(נְהֵי): let it be, granted, admitted
315	דיקא	166		REVIEW_GATE דיקא/-/- "סברה הגיונית" n=166	{דיקא} n סברה הגיונית[k:def:bavli] ; עשרה[k:def] ; קורה[k:def:midrash] || J(דֵּיקָא): evidence by conclusion || J(*דִּיקָא): ten; Kappadokia; Kappa
316	אימר	165	אמור	אימר/-/-/reviewed/reviewed form: אֲמַר imperative (Jastrow)	{אימר} n אמר[j:eq:targum] || J(אֵימַר ch): speech, utterance || J(אִימַר): to retract || J(אִימַּר): thick, heavy; lamb; the
317	קראי	165	פסוקים	קראי/-/-/reviewed/reviewed form: plural of קְרָא "Biblical verse" (Jastrow; = h. מִקְרָא)	
318	כתנאי	164	כתנאים	כתנאי/-/-/reviewed/reviewed form: כ + תַּנָּאֵי, plural of תַּנָּא (Krupnik: תואר לחכמי המשנה)	
319	איקלע	161		NO_HEBREW_SENSE קלע	{קלע} v קלע[j:same:pe:targum+bavli+midrash] ; קלע[j:same:pe:targum+midrash] ; קלע[j:same:targum+yerushalmi+bavli+midrash] || J(קָלַע I bh): to swing; to cast, sling || J(קְלַע ch): Af.; to be thrown; to happen to come, happen to fall; on a certain day || J(קָלַע II): to twist, plait; to form a raised figure; Nif. || J(קְלַע ² ch): to plait || J(קֶלַע I bh): sling || J(קֶלַע II): twisted cord, rope; plait || J(קֶלַע III bh
320	בחדא	161		REVIEW_GATE חדא/-/b "באחד" n=161	{חדא} particle אחד[k:def:bavli] ; שמח[k:def:pe:bavli] || J(חֲדָא II): to be glad
321	דוקא	161	בדיוק	דוקא/-/-/reviewed/reviewed form: Krupnik דּוּקָא "exactness / exactly" (Hebrew missing in the digitization)	{דוקא} n מין חולי בעין[k:def:targum] ; מוץ[k:def:targum] ; דק[j:eq:targum] ; דק[j:eq:targum] || K: exactness | Genauigkeit || K: exactly, exlusively, absolutely, only | genau, nur, gerade, absolut || J(דַּוְקָא): exactness, minuteness; exactly, exclusively, only || J(דּוּקָא I): chaff || J(דּוּקָא II): a withered spot in the eye; withered in growth, dwarf
322	כוליה	161	כולו	pron:כוליה/fixed/-/pronominal/pronominal preposition table	
323	דעבד	160	שעשה	דעבד/-/-/reviewed/reviewed form: ד + עֲבַד (Krupnik: עשה)	
324	שמיע	160	שמע	שמיע/-/-/reviewed/reviewed form: Jastrow שְׁמַע ch. (h. שָׁמַע), passive participle — "שמיע ליה" = he has heard	
325	אשכחנ	159		NO ANALYSIS	
326	אינהו	158	הם	pron:אינהו/fixed/-/pronominal/pronominal preposition table	{אינהו} n  || K: they | sie
327	ותני	157		REVIEW_GATE תני/-/w "ושנה" n=157	{תני} v חזר ועשה[k:def:pe:targum] ; לימד[k:def:pe:targum] ; קיבל ומסר הלכה[k:def:pe:bavli] ; שינה[k:def] ; דיבר, סיפר[k:def:targum] ; לימד[k:def:af] ; נכפל[k:def:itpe:targum] ; הוגד[k:def:itpe:targum] ; הוחד[k:def:itpe:targum] ; תני[j:same:pe:targum+bavli+mishnah+yerushalmi] ; שנה[r:reviewed:pe] || J(תני bh): to repeat; to tell; to stipulate, agree, make a condition || J(תְּנֵי ch): to repeat, do a second time; Pa.; to tell, relate; to teach || J(תְּנֵי II): to be pointed, sharp; to sharpen, to speak sharp words; to be sharpened
328	קלא	157	קול	קלא/-/-/reviewed/reviewed form: Jastrow קָלָא = h. קוֹל	{קלא} n  || K: stone | Stein || J(קָלָא): voice || J(קְלָא I): something round; clod, stone || J(קְלָא II): to burn
329	בעו	156	שאלו	בעו/-/-/reviewed/reviewed form: Krupnik בְּעֵי 1) "שאל", perfect plural	{בעו} n בקשה[k:def] || J(בָּעוּ): prayer; I pray
330	דאמריננ	156	שאנו אומרים	אמר/pe.ptcp.1pl/d/irregular/the sense cited from bavli	{אמר} v הלעיט[k:def:af:bavli] ; אמר[j:same:pe:targum+bavli+yerushalmi] ; טלה, כבש[h:wikt] || J(אָמַר I bh): to join, knot; to be knotted, thick;; to heap up;; to join words, compose || J(אֲמַר ch): they say, it is said; Inf; does this mean to say? || J(אָמַר II bh): to be thick, strong; to thrive; to boast, vaunt, be oppressive; to fatten || J(אִמַּר): lamb
331	כדתניא	156	כמו שנאמר בברייתא	כדתניא/-/-/reviewed/reviewed form: כ + ד + תַּנְיָא (Krupnik: נאמר בברייתא)	
332	הי	154		REVIEW_GATE הי/-/- "איה, היכן" n=154	{הי} particle איה, היכן[k:def:bavli] || K: behold, here is | siehe, hier ist || K: which? | welcher? || J(הֵי II): behold, here is; helakh, the instantaneous delivery of the amount confessed; which? || J(הִי II): grief; woe! oh!
333	מרבננ	154	מחכמים	מרבננ/-/-/reviewed/reviewed form: מן + רַבָּנָן (Krupnik: the sages)	
334	עילויה	154	עליו	עילויה/-/-/reviewed/reviewed form: עִילָּוֵי "upon" (Krupnik: על גבי) + ־יה	
335	דידנ	153	שלנו	pron:דידנ/fixed/-/pronominal/pronominal preposition table	{דידנ} other שלנו[k:def:bavli] || 
336	וסיפא	153		REVIEW_GATE סיפא/-/w "והחלק האחרון של המשנה" n=153	{סיפא} n סוף[k:def:yerushalmi] ; החלק האחרון של המשנה[k:def:bavli] ; סף[k:def:targum] || J(סֵיפָא): end; the last; second
337	מיהת	153		REVIEW_GATE מיהא/-/- "לפחות, על כל פנים" n=153	{מיהא} adv לפחות, על כל פנים[k:def:bavli] || J(מִיהָא): whatever it be, be it as it may; however, at all events; from this
338	הכ	152		REVIEW_GATE הכ/-/- "זה, זאת" n=152	{הכ} v זה, זאת[k:def:bavli] || J(הַךְ): to go.; Part. Af. || J(הָךְ): this, that
339	גמירי	151	מקובל לנו	גמירי/-/-/reviewed/reviewed form: Jastrow גְּמַר "to learn by tradition", passive participle plural — "גמירי" = we have a tradition	{גמירי} ?  || K: they have a tradition) it is a well-known maxim | es steht traditionell fest (sie besitzen eine Ueberlieferung)
340	ורמינהי	151	ומראים סתירה	ורמינהי/-/-/reviewed/reviewed form: ו + Krupnik רְמֵי "הראה סתירה"	
341	חזיא	151		AMBIGUOUS_SENSE חזיא: ראי	{חזיא} n ראי[k:def:targum] || J(חַזְיָא): fit || J(חֶזְיָא II): mirror
342	סליק	151	עלה	סליק/-/-/reviewed/reviewed form: Krupnik סְלֵק "עלה"	
343	אימת	150	מתי	אימת/-/-/reviewed/reviewed form: Jastrow אֵימַת "when?" (= h. מָתַי)	{אימת} ?  || J(אֵימָת bh): when? || J(אֵימַת ch): whenever, when; when?; for what time? until what time?
344	כדרב	150	כדברי רב	כדרב/-/-/reviewed/reviewed form: כ + ד + רַב	
345	שמעתא	150		REVIEW_GATE שמעתא/-/- "הלכה מקובלת" n=150	{שמעתא} n הלכה מקובלת[k:def:bavli] || J(שְׁמַעְתָּא): report, tradition, traditional law; outcome of a discussion, decision
346	זימנינ	149	לפעמים	זימנינ/-/-/reviewed/reviewed form: Krupnik זִמְנִין "לפעמים"	
347	אהדדי	147	זה על זה	אהדדי/-/-/reviewed/reviewed form: א (= על) + הֲדָדֵי (Krupnik: זה את זה)	
348	אזליננ	147	אנו הולכים	אזליננ/-/-/reviewed/reviewed form: אֲזַל (Krupnik: הלך) + ־ינן "we", participle	
349	בהדיה	147	עמו	pron:בהדיה/fixed/-/pronominal/pronominal preposition table	
350	גיטא	147	גט	גיטא/-/-/reviewed/reviewed form: Jastrow גִּיטָּא ch. = h. גֵּט	
351	לההוא	147	לאותו	לההוא/-/-/reviewed/reviewed form: ל + הַהוּא "that"	
352	קאמרי	147	אומרים	אמר/pe.ptcp.mp/q/irregular/the sense cited from bavli	{אמר} v הלעיט[k:def:af:bavli] ; אמר[j:same:pe:targum+bavli+yerushalmi] ; טלה, כבש[h:wikt] || J(אָמַר I bh): to join, knot; to be knotted, thick;; to heap up;; to join words, compose || J(אֲמַר ch): they say, it is said; Inf; does this mean to say? || J(אָמַר II bh): to be thick, strong; to thrive; to boast, vaunt, be oppressive; to fatten || J(אִמַּר): lamb
353	איידי	146		REVIEW_GATE איידי/-/- "מכיון" n=146	{איידי} other מכיון[k:def:bavli] ; דרך, על ידי[k:def:bavli] || J(אַיְידֵי): by the way of, through; because, since as
354	דמתני	146	ששונה	דמתני/-/-/reviewed/reviewed form: ד + מַתְנֵי (Jastrow תְּנֵי Af.: to teach), participle	
355	ואליבא	146		REVIEW_GATE אליבא/-/w "ועל פי" n=146	{אליבא} adv על פי[k:def:bavli] || J(אַלִּיבָּא): according to the opinion, in the sense of
356	ויתיב	146		REVIEW_GATE יתב/-/w "וישב" n=146	{יתב} v ישב[k:def:pe:bavli] ; נתן[k:def:pe:bavli] ; הושיב[k:def:pa:targum] ; הרגיע[k:def:pa] ; הושיב[k:def:af:targum] ; הקשה, שאל[k:def:af] ; נח[k:def:itpe:bavli] ; ישב[j:eq:targum+bavli+tanakh+midrash] ; הושיב[r:reviewed:af] || K: i>to dwell | sich aufhalten || J(יתֵב ch): to sit, dwell; to be inhabited, settled; inhabited || J(יְתֵב II): to give; to place; to give || J(יָתֵב): inhabitant
357	אכיל	145	אוכל	אכיל/-/-/reviewed/reviewed form: Jastrow אֲכַל ch. (h. אָכַל), participle	
358	לכדתניא	145	לאותו שנאמר בברייתא	לכדתניא/-/-/reviewed/reviewed form: ל + כ + ד + תַּנְיָא (Krupnik: נאמר בברייתא)	
359	נפק	145	יצא	נפק/-/-/reviewed/reviewed form: Krupnik נְפַק "יצא"	{נפק} v יצא[k:def:pe:midrash] ; יצא ידי חובתו[k:def:bavli] ; הוציא[k:def:bavli] ; נפק[j:same:pe:midrash+yerushalmi+targum+bavli+tanakh] ; כיוצא בו[j:eq:midrash+yerushalmi+targum+bavli+tanakh] ; הוציא[r:reviewed:af] || J(*נָפַק): to go out || J(נְפַק ch): to go out, come out; to result, end; similar to, corresponding; to take out, exclude || J(נָפֵק): going out; a male prostitute; fem; a female prostitute
360	ודילמא	144		REVIEW_GATE דילמא/-/w "ושמא, אולי" n=144	{דילמא} n שמא, אולי[k:def:bavli] ; עובדה[k:def:yerushalmi] ; מכסה[k:def] ; שמא[j:eq:tanakh+targum+bavli+midrash] || J(דִּילְמָא): for why; lest, perhaps; perhaps, it may be || J(דִּילְמָא ²): here is a confirmation; an illustration
361	סהדי	143	עדים	סהדי/-/-/reviewed/reviewed form: plural of סַהֲדָא (Krupnik: עד)	
362	בידיה	142	בידו	בידיה/-/-/reviewed/reviewed form: ב + יְדָא (Jastrow ch. = h. יָד) + ־יה	
363	והשתא	142		REVIEW_GATE השתא/-/w "ועכשיו" n=142	{השתא} adv עכשיו[r:reviewed] || K: now | jetzt || K: since, if | da, wenn || J(הַשְׁתָּא): now; so now!, indeed; how can you compare these two cases?
364	אסיפא	141	על הסיפא	אסיפא/-/-/reviewed/reviewed form: א (= על) + סֵיפָא (reviewed: the last part of the Mishnah)	{אסיפא} n סף, מפתן[k:def:bavli] || J(*אֲסִיפָּא): threshold; end
365	ואזיל	141	והולך	ואזיל/-/-/reviewed/reviewed form: ו + אֲזַל (Krupnik: הלך), participle	
366	נפיק	141	יוצא	נפיק/-/-/reviewed/reviewed form: Krupnik נְפַק "יצא", participle	{נפיק} n  || J(נָפִיק): quick, alert
367	סברא	141		REVIEW_GATE סברא/-/- "דבר שבמחשבה ובהגיון" n=141	{סברא} n דבר שבמחשבה ובהגיון[k:def:bavli] || 
368	עובדא	141		REVIEW_GATE עובדא/-/- "מעשה, מאורע" n=141	{עובדא} n מעשה, מאורע[k:def:bavli+yerushalmi] ; מעשה, מאורע[k:def:bavli+yerushalmi] || J(עוֹבָדָא): deed, work; occurrence, event, fact, case, precedent; billʿa
369	בעינא	140	אני צריך	בעינא/-/-/reviewed/reviewed form: בְּעֵי 3) "היה צריך" + ־נא "I" (participle)	
370	וחדא	140		REVIEW_GATE חדא/-/w "ואחד" n=140	{חדא} particle אחד[k:def:bavli] ; שמח[k:def:pe:bavli] || J(חֲדָא II): to be glad
371	יומי	139	ימים	יומי/-/-/reviewed/reviewed form: plural of יוֹמָא (reviewed: יום)	
372	במערבא	138		REVIEW_GATE מערבא/-/b "בארץ ישראל" n=138	{מערבא} n מערב[k:def:targum] ; ארץ ישראל[k:def:bavli] ; מערב[j:same:targum+bavli+midrash] || J(מַעֲרָבָא ch): the West, Palestine
373	האמר	137	הלא אמר	האמר/-/-/reviewed/reviewed form: הָא (Krupnik 3: הלא) + אֲמַר	
374	שטרא	137	שטר	שטרא/-/-/reviewed/reviewed form: Jastrow שְׁטָרָא ch. = h. שְׁטָר	{שטרא} n מסלול הכוכבים[k:def:targum] || J(שִׁטְרָא): line; the course of stars, orbit
375	מהאי	135		REVIEW_GATE האי/-/m "מזה, זאת" n=135	{האי} other זה, זאת[k:def:bavli] || J(הַאי): this, that; v’taher; locale
376	הויינ	133	היו	הויינ/-/-/reviewed/reviewed form: הֲוָא (reviewed: היה), plural	
377	כדאמר	133	כמו שאמר	כדאמר/-/-/reviewed/reviewed form: כ + ד + אֲמַר	
378	אזלא	132		REVIEW_GATE אזל/pe.ptcp.fs/- "הולכת" n=132	{אזל} v הלך[k:def:pe:bavli] ; טוה[k:def:pe:bavli] || J(אֲזַל I bh): to be gone, to leave; to go; Imper; to depart life, die || J(אֲזַל II): to spin, weave
379	אשכחיה	132	מצאו	אשכחיה/-/-/reviewed/reviewed form: Jastrow שְׁכַח Af. אַשְׁכַּח "to find" + ־יה "him"	
380	וסבר	131		REVIEW_GATE סבר/-/w "וחשב" n=131	{סבר} v חשב[k:def] ; בירר, ביאר[k:def:af] ; התיחס בחבה[k:def] ; הבטיח[k:def:af:targum] ; ביאר ופירש[k:def:af:bavli] ; קוה[k:def:itpe:targum] ; היה מובן[k:def:itpe:bavli] ; הזדיין והצטייד[k:def:itpe:targum] ; תקוה[k:def] ; הסבר, פירוש[k:def] ; מחשבה, דעה[k:def:yerushalmi] ; סבר[j:same:pe:targum+bavli+midrash] ; סבר[j:same:targum+midrash+tanakh+yerushalmi] || K: to trust | vertrauen || J(סָבַר bh): Pi.; to be bright; to look for, be hopeful; to think, imagine. Part. pass || J(סְבַר ch): to show a bright face, be pleasant; to favor; Poël; Part. pass || J(סְבַר II): Poël; to encompass; to carry; to bear, endure; to sustain || J(סְבַר III): Poël; Saf; sabar
381	דידה	130	שלה	pron:דידה/fixed/-/pronominal/pronominal preposition table	
382	האידנא	128		REVIEW_GATE האידנא/-/- "כעת, עכשיו" n=128	{האידנא} adv כעת, עכשיו[k:def:bavli] || 
383	דידי	127	שלי	דידי/-/-/reviewed/reviewed form: דִּידִי "mine"	{דידי} other שלי, שלו[k:def] || 
384	והוה	127	והיה	והוה/-/-/reviewed/reviewed form: ו + הֲוָה (reviewed: היה)	
385	מעליא	127		REVIEW_GATE מעליא/-/- "טוב ומעולה" n=127	{מעליא} adj טוב ומעולה[k:def:targum+bavli] || J(מַעַלְיָא): good, perfect, valid
386	בהאי	126		REVIEW_GATE האי/-/b "בזה, זאת" n=126	{האי} other זה, זאת[k:def:bavli] || J(הַאי): this, that; v’taher; locale
387	יליפ	126	לומד	יליפ/-/-/reviewed/reviewed form: Krupnik יְלַף "למד", participle	{יליפ} v  || J(יְלֵיף): to get accustomed, to learn; accustomed, used to; to teach
388	לאיתויי	126	להביא	לאיתויי/-/-/reviewed/reviewed form: אֲתָא Af. infinitive (Jastrow: to bring; = h. הֵבִיא)	
389	לקולא	126	להקל	לקולא/-/-/reviewed/reviewed form: ל + קוּלָּא "leniency" (Jastrow)	
390	קיימי	126	עומדים	קיימי/-/-/reviewed/reviewed form: קוּם (Krupnik: עמד), participle plural	
391	והאיכא	125	והלא יש	והאיכא/-/-/reviewed/reviewed form: ו + הָא (Krupnik 3: הלא) + אִיכָּא (reviewed: יש)	
392	מצית	125		NO ANALYSIS	
393	עבדיננ	125		REVIEW_GATE עבד/pe.ptcp.1pl/- "אנו עושים" n=125	{עבד} v תיקן והכשיר[k:def:bavli] ; עבד[j:same:pe:targum+bavli+midrash+yerushalmi] ; עבד[j:same:targum+midrash+bavli+yerushalmi] ; עשה[r:reviewed:pe] || K: to tan | gerben || J(עָבַד bh): to work; to serve, work for.; to do priestly service || J(עֲבַד I ch): to do, labor; to make; to act; to do, fare, prosper; to spend time || J(עֶבֶד bh): slave; servant || J(עֲבַד ch): worshipper
394	פורתא	125		AMBIGUOUS_SENSE פורתא: צרה	{פורתא} n צרה[k:def] || K: a little | ein wenig || J(פּוּרְתָא): evil fate || J(פּוֹרְתָּא): fragment, portion; a little
395	צריכי	125		REVIEW_GATE צריכ/n.pl/- "צריך" n=125	{צריכ} n צריך[j:eq:targum+bavli+yerushalmi] || J(צָרִיךְ): needing; needed; he; she, it; must || J(צְרִיךְ): to need || J(צְרִיךְ ²): it is doubtful; it is; necessary to state it.
396	דמעיקרא	124		REVIEW_GATE עיקרא/-/dm "של מסריס" n=124	{עיקרא} n סריס[k:def:bavli] ; מתחלה, לכתחלה[k:def:bavli] || 
397	מבעי	124	צריך	מבעי/-/-/reviewed/reviewed form: בְּעֵי itpe. (Krupnik: צריך להיות), participle	
398	תיהוי	124	תהיה	הוה/pe.impf.2ms/-/irregular/reviewed choice	{הוה} v היה[r:reviewed:pe] || J(הַוָּה bh): change; misfortune || J(*הֵוָה): Ḥevah || J(הֲוָהּ): ah!
399	דהוי	123		NO ANALYSIS	
400	הב	123		NO_HEBREW_SENSE יהב	{הב} ?  ||   ##  {יהב} v  || J(יְהַב): to give; to deal; to put, place
401	קרו	123		NO ANALYSIS	
402	בסקילה	122		NO ANALYSIS	
403	כתיבי	122		NO ANALYSIS	
404	מקמי	122	מלפני	rev:קמי/-/m/reviewed-base/a proclitic on the reviewed form קמי	
405	דקאי	121	שעומד	rev:קאי/pe.ptcp.ms/d/reviewed-base/a proclitic on the reviewed form קאי	
406	ומודה	121		NO ANALYSIS	
407	יצתה	121		NO ANALYSIS	
408	מטא	121		REVIEW_GATE מטי/-/- "הגיע ובא" n=121	{מטי} v הגיע ובא[k:def:pe] ; נתבכר[k:def:pe:bavli] ; הביא[k:def:af] ; הלך[k:def:itpe:targum] ; מצא[j:eq:targum+bavli+midrash+yerushalmi] ; הוליך והביא[j:eq:targum+bavli+midrash+yerushalmi] || J(מְטֵי): to stretch, reach; to arrive at; to obtain; to happen to; to be ripe, ready
409	קמייתא	121		REVIEW_GATE קמא/n.pl/- "ראשון" n=121	{קמא} adj ראשון[k:def:bavli+targum] ; קמה[j:eq:targum] ; הקודם, הראשון[h:wikt] || J(קָמָא I): he says || J(קָמָא II): standing grain; pillar, statue || J(קַמָּא): first, former, previous; Fem; before, in presence of
410	דמאנ	120		REVIEW_GATE מאנ/-/d "של מי" n=120	{מאנ} n מי[k:def:bavli] ; קנקן[j:eq:targum+bavli+yerushalmi] || J(מָאַן): Pi.; to deny, refuse; to protest against, to annul one’s marriage || J(מַאן): who?, what?, which?;; who, which || J(מָאן): thing; vessel, utensil; garment, dress
411	חנניה	120		NO ANALYSIS	
412	לחבריה	120	לחבירו	rev:חבריה/n.sg+3ms/l/reviewed-base/a proclitic on the reviewed form חבריה	
413	ידעי	119		NO ANALYSIS	
414	איבעי	118		REVIEW_GATE בעי/itpe.perf.3ms/- "צריך להיות" n=118	{בעי} v שאל[k:def:pe:bavli] ; התפלל, בקש רחמים[k:def:bavli] ; היה צריך[k:def:pe:bavli] ; נתבקש[k:def:targum] ; נבהל ללכת[k:def:tanakh] ; נשאל[k:def:itpe] ; צריך להיות[k:def:itpe:bavli] ; פיהק[k:def:pe] ; בעי[j:same:pe:targum+bavli+yerushalmi] || K: not only … but | nicht nur … sondern auch || J(בעי bh): to enter into, split;; to be empty, bare; to lay bare, destroy the crop || J(בְּעֵי I ch): to search, inquire, ask, examine; uba hash-shemesh; to ask, pray || J(בְּעֵי II): to open wide; to yawn
415	מדרשא	118		AMBIGUOUS_SENSE מדרשא: מדרש | בית המדרש	{מדרשא} n דרוש[k:def:midrash] ; בית מדרש[k:def:targum] ; מדרש[j:same:midrash+targum+bavli+yerushalmi] ; בית המדרש[j:eq:midrash+targum+bavli+yerushalmi] || 
416	קאמריננ	118	אנו אומרים	אמר/pe.ptcp.1pl/q/irregular/the sense cited from bavli	{אמר} v הלעיט[k:def:af:bavli] ; אמר[j:same:pe:targum+bavli+yerushalmi] ; טלה, כבש[h:wikt] || J(אָמַר I bh): to join, knot; to be knotted, thick;; to heap up;; to join words, compose || J(אֲמַר ch): they say, it is said; Inf; does this mean to say? || J(אָמַר II bh): to be thick, strong; to thrive; to boast, vaunt, be oppressive; to fatten || J(אִמַּר): lamb
417	וצריכא	117		REVIEW_GATE צריכ/-/w "וצריך" n=117	{צריכ} n צריך[j:eq:targum+bavli+yerushalmi] || J(צָרִיךְ): needing; needed; he; she, it; must || J(צְרִיךְ): to need || J(צְרִיךְ ²): it is doubtful; it is; necessary to state it.
418	יוכיח	117		NO ANALYSIS	
419	גוונא	115		REVIEW_GATE גוונא/-/- "צבע, מראה פנים" n=115	{גוונא} n צבע, מראה פנים[k:def:bavli+targum] || 
420	מקיש	115		NO ANALYSIS	
421	ניהליה	115		NO ANALYSIS	
422	קאמינא	115	אני אומר	אמר/pe.ptcp.1s/q/irregular/the sense cited from bavli	{אמר} v הלעיט[k:def:af:bavli] ; אמר[j:same:pe:targum+bavli+yerushalmi] ; טלה, כבש[h:wikt] || J(אָמַר I bh): to join, knot; to be knotted, thick;; to heap up;; to join words, compose || J(אֲמַר ch): they say, it is said; Inf; does this mean to say? || J(אָמַר II bh): to be thick, strong; to thrive; to boast, vaunt, be oppressive; to fatten || J(אִמַּר): lamb
423	תקנתא	115		AMBIGUOUS_SENSE תקנתא: סגולה, תרופה | כלל, חק, קביעות	{תקנתא} n סגולה, תרופה[k:def:bavli] ; כלל, חק, קביעות[k:def:bavli] ; תקנה[j:same:targum+bavli] || J(תַּקַּנְתָּא ch): remedy; measure, ordinance, reform
424	גביה	114	אצלו	pron:גביה/fixed/-/pronominal/pronominal preposition table	{גביה} n גבוה[j:eq:targum+yerushalmi] || 
425	דההוא	114		NO ANALYSIS	
426	מתניתא	114		REVIEW_GATE מתניתא/-/- "משנה" n=114	{מתניתא} n משנה[j:eq:targum+bavli+yerushalmi] || J(מַתְנִיתָא ch): Mishnah; collection of Mishnahs not embodied in the Mishnah of R. Judah; our Mishnah
427	עירובו	114		NO ANALYSIS	
428	אחריתי	113		REVIEW_GATE אחריתי/-/- "אחרת" n=113	{אחריתי} other אחרת[k:def] ; אחרת[j:eq:bavli] || J(אַחֲרִיתִּי ch): another, something besides
429	דכיונ	113		NO ANALYSIS	
430	הפרט	113		NO ANALYSIS	
431	קמשמע	113		NO ANALYSIS	
432	שריפה	113		NO ANALYSIS	{שריפה} n  || J(שְׂרִיפָה): secretion, dripping, catarrh; s’rifah
433	אהא	112	אהיה	הוה/pe.impf.1s/-/irregular/reviewed choice	{הוה} v היה[r:reviewed:pe] || J(הַוָּה bh): change; misfortune || J(*הֵוָה): Ḥevah || J(הֲוָהּ): ah!
434	איתיה	112	ישנו	pron:איתיה/fixed/-/pronominal/pronominal preposition table	
435	ארישא	112	על הרישא	ארישא/-/-/reviewed/reviewed form: א (= על) + רֵישָׁא (the first clause)	
436	ואתו	112		NO ANALYSIS	
437	וריש	112		NO ANALYSIS	
438	טריפה	112		NO ANALYSIS	{טריפה} n  || K: an animal afflicted with an organic disease | ein krankes Tier, das nicht mehr lebensfähig ist || K: being cast ashore | das Stranden || J(טְרִיפָה): tearing; being carried away by waves, being cast ashore; covering with leaves, night cover || J(טְרֵיפָה bh): an animal torn by a beast of prey; an
439	למיפרכ	112		NO ANALYSIS	
440	ואנא	111	ואני	pron:אנא/fixed/w/pronominal/pronominal preposition table	
441	פירי	111		AMBIGUOUS_SENSE פרי: רץ	{פירי} ?  ||   ##  {פרי} v רץ[k:def:pe:yerushalmi] ; פרי[j:same:pe:bavli+midrash+yerushalmi] || J(פרי): to break through; to grow, increase, be fruitful; to cause to grow, make fruitful || J(פְּרֵי ch): to increase, grow; to run || J(פְּרִי bh): fruit, produce; fruition, usufruct; profit, interest
442	רחמי	111		AMBIGUOUS רחמינ/ "רחמים" ~ רחמא/n.pl "ידיד, אוהב"	{רחמינ} ? רחמים[j:same:targum+bavli] || 
443	בתריה	110	אחריו	pron:בתריה/fixed/-/pronominal/pronominal preposition table	
444	מתכוינ	110		NO ANALYSIS	
445	סבא	110		REVIEW_GATE סבא/-/- "שתה לשכרה" n=110	{סבא} v שתה לשכרה[k:def:pe:targum] ; סבא[j:same:pe:targum+bavli] || K: a man’s name | männlicher Name || J(סָבָא III bh): to drink freely; soaked, satiated; porous || J(סְבָא ch): to retail wine; to satiate, soak; to lash
446	פליג	110	חולק	פליג/-/-/reviewed/reviewed form: Krupnik פְּלַג "היה מחולק בדעות" (Bavli), participle	{פליג} other חילק[k:def:targum] ; היה מחולק בדעות[k:def:bavli] || 
447	שריא	110	שורה	שריא/-/-/reviewed/reviewed form: Jastrow שְׁרֵי "to dwell, rest upon", participle	
448	מהדר	109		NO ANALYSIS	
449	מספקא	109		AMBIGUOUS_SENSE ספק: השביר והמציא | דבר שאינו ודאי, פקפוק	{מספקא} n  || J(מְסַפְּקָא): sufficiency  ##  {ספק} v חיבר וצירף[k:def:mishnah] ; השביר והמציא[k:def:bavli] ; נתן זמן ואפשרות[k:def:af:midrash] ; נהנה[k:def:bavli] ; היה מסופק[k:def:yerushalmi] ; היה מסופק[k:def:targum] ; היה די[k:def:targum] ; היה שמח בחלקו[k:def:itpe:targum] ; שפק, די אפשרות[k:def:tosefta] ; דבר שאינו ודאי, פקפוק[k:def:bavli] ; ספק[j:same:pe:targum] ; ספק[j:same:pe:targum+bavli+midrash] || K: to clap the hands | die Hände zusammenschlagen || K: to have sufficient time or power | Zeit oder Möglichkeit haben || J(סָפַק I bh): Pi.; to strike, clap; to clap the hands against the hips to a certain tune || J(סְפַק ch): to strike, knock; to clap hands || J(סָפַק II bh): to divide, distribute
450	עדיפא	109		REVIEW_GATE עדיפ/-/- "היה מוטב ומובחר" n=109	{עדיפ} v היה מוטב ומובחר[k:def:pe:bavli] ; עדיף[j:same:targum+bavli] || J(עָדִיף): ample; liberal; better || J(עָדִיף ² ch): more, better, preferable; to be better
451	שנינ	109		AMBIGUOUS שננ/pe.ptcp.ms "צוק סלע" ~ שנא/n.pl "שנה"	{שננ} v ליטש וחידד[k:def:pa:targum] ; נלטש והוחד[k:def:itpe:targum] ; צוק סלע[k:def:mishnah] ; שנן[j:same:pe:targum] || J(שָׁנַן bh): to be pointed, sharp; to sharpen.; —Part. pass; sharpened || J(שְׁנַן ch): to sharpen; to be sharpened, polished || J(שָׁנָן): pointed rock, cliff.
452	ברוקה	108		REVIEW_GATE ברוקה/-/- "אור הבוקר" n=108	{ברוקה} ? אור הבוקר[k:def:yerushalmi] || 
453	דרישא	108		REVIEW_GATE ריש/-/d "של ראש, גלגולת" n=108	{ריש} n ראש, גלגולת[k:def:bavli] ; עומד בראש, נשיא[k:def:targum] ; התחלה[k:def:targum] ; החלק העליון[k:def:targum] ; ארס[k:def:targum] ; ראש[j:eq:targum+bavli+yerushalmi+midrash+tosefta] ; ראש[j:eq:targum] || J(רִישׁ bh): poverty, misery || J(רֵישׁ II): head, chief; beginning, first thing, firstling; at first, formerly || J(רֵישׁ III): drop; poison; pl.
454	העלמ	108		REVIEW_GATE העלמ/-/- "היסח הדעת, שכחה" n=108	{העלמ} n היסח הדעת, שכחה[k:def:yerushalmi+bavli] || J(הֵעָלֵם): being unknown; unconsciousness, forgetfulness
455	חזייה	108		AMBIGUOUS_SENSE חזיא: ראי	{חזיא} n ראי[k:def:targum] || J(חַזְיָא): fit || J(חֶזְיָא II): mirror
456	למר	108		REVIEW_GATE את/-/l "לסימן" n=108	{את} n סימן[k:def:targum] ; אות[j:eq:targum+midrash] || K: letter | Buchstabe || J(אַתְּ): thou; thou sayest; thou callest it || J(אָת): sign, type; letter || J(אֵת bh): essence; the thing; which
457	מבי	108		NO ANALYSIS	
458	נאמרה	108		NO ANALYSIS	
459	קומצ	108		NO ANALYSIS	{קומצ} n  || J(קוֹמֶץ bh): bending the three middle fingers over the hollow of the hand; grab, handful; the handful o
460	איתתא	107		REVIEW_GATE איתתא/-/- "אשה" n=107	{איתתא} n אשה[k:def] || 
461	גזריננ	107		AMBIGUOUS_SENSE גזר: חתך, גזר | גְּזַר דִּין משפט חרוץ	{גזר} n חתך, גזר[k:def:bavli] ; גְּזַר דִּין משפט חרוץ[k:def:bavli] ; גזר[j:same:pe:targum+bavli+midrash+yerushalmi] || J(גָּזַר bh): to cut;; to cut off, to guard;; to institute a precautionary measure || J(גְּזַר ch): to cut, split; to make a covenant; to circumcise, have one’s self circumcised || J(גָּזָר): decree; sentence, legal decision, divine dispensation || J(גֶּזֶר): piece; log, club
462	דאתו	107		NO ANALYSIS	
463	ופליגא	107	וחולקת	rev:פליגא/pe.pass.fs/w/reviewed-base/a proclitic on the reviewed form פליגא	
464	מדרבי	107		NO ANALYSIS	
465	מהימנ	107		REVIEW_GATE מהימנ/-/- "נאמן" n=107	{מהימנ} adj נאמן[k:def:targum] || 
466	אחוזה	106		NO ANALYSIS	{אחוזה} n  || J(אֲחוּזָה bh): possession, inheritance
467	איהי	106		REVIEW_GATE איהי/-/- "היא" n=106	{איהי} other היא[k:def:bavli] || J(*אִיהִי II): Ihi Dakkira
468	דקרא	106		HOMOGRAPH דקרא "כלי לחפור בו בקרקע" ~ d+קרא "של מקרא"	{דקרא} n כלי לחפור בו בקרקע[k:def:mishnah+bavli] || 
469	הכתיב	106		NO ANALYSIS	
470	הנהו	106		REVIEW_GATE הנהו/-/- "הללו" n=106	{הנהו} other הללו[k:def:bavli] || 
471	מהתמ	106		REVIEW_GATE התמ/-/m "משם" n=106	{התמ} adv שם[k:def] || J(הָתָם): there; in that case;
472	עבדא	106		REVIEW_GATE עבד/-/- "עשה" n=106	{עבד} v תיקן והכשיר[k:def:bavli] ; עבד[j:same:pe:targum+bavli+midrash+yerushalmi] ; עבד[j:same:targum+midrash+bavli+yerushalmi] ; עשה[r:reviewed:pe] || K: to tan | gerben || J(עָבַד bh): to work; to serve, work for.; to do priestly service || J(עֲבַד I ch): to do, labor; to make; to act; to do, fare, prosper; to spend time || J(עֶבֶד bh): slave; servant || J(עֲבַד ch): worshipper
473	שתא	106		REVIEW_GATE שתא/-/- "שנה" n=106	{שתא} n שנה[k:def:bavli] ; שנה[j:eq:targum+bavli+midrash] || J(שַׁתָּא): year
474	איקרי	105		NO_HEBREW_SENSE קרי	{קרי} n עיר, קריה[k:def:targum] ; קרי[j:same:pe:targum+bavli+midrash+tanakh+yerushalmi+other] ; קרי[j:same:pe:bavli] || J(קרי ² bh): to call, name; to invite; yeraëh; those called up to read from the Torah || J(קְרֵי I ch): to call, name, invite; to read; evil || J(קרי ³): to join; to meet; to meet, join || J(קְרֵי II ch): to join; to do something by accident; to happen || J(קרי ⁴): Pi.; to lay beams; to cover; to wa
475	לגביה	105	אליו	לגביה/-/-/reviewed/reviewed form: לְגַבֵּי "towards" + ־יה	
476	דאמרנ	104	שאמרנו	אמר/pe.perf.1pl/d/irregular/the sense cited from bavli	{אמר} v הלעיט[k:def:af:bavli] ; אמר[j:same:pe:targum+bavli+yerushalmi] ; טלה, כבש[h:wikt] || J(אָמַר I bh): to join, knot; to be knotted, thick;; to heap up;; to join words, compose || J(אֲמַר ch): they say, it is said; Inf; does this mean to say? || J(אָמַר II bh): to be thick, strong; to thrive; to boast, vaunt, be oppressive; to fatten || J(אִמַּר): lamb
477	יתבי	104		REVIEW_GATE יתב/n.pl/- "ישב" n=104	{יתב} v ישב[k:def:pe:bavli] ; נתן[k:def:pe:bavli] ; הושיב[k:def:pa:targum] ; הרגיע[k:def:pa] ; הושיב[k:def:af:targum] ; הקשה, שאל[k:def:af] ; נח[k:def:itpe:bavli] ; ישב[j:eq:targum+bavli+tanakh+midrash] ; הושיב[r:reviewed:af] || K: i>to dwell | sich aufhalten || J(יתֵב ch): to sit, dwell; to be inhabited, settled; inhabited || J(יְתֵב II): to give; to place; to give || J(יָתֵב): inhabitant
478	לכהונה	104		NO ANALYSIS	
479	בתרי	103		NO ANALYSIS	
480	דאסור	103		NO ANALYSIS	
481	דיעבד	103		REVIEW_GATE דיעבד/-/- "לאחר שנעשה מעשה" n=103	{דיעבד} adv לאחר שנעשה מעשה[k:def:bavli] || 
482	אורחיה	102		REVIEW_GATE אורח/n.pl+3ms/- "דרך, מנהג שלו" n=102	{אורח} n דרך, מנהג[k:def:bavli] ; ארח[j:eq:targum+bavli+midrash] || J(אוֹרֵחַ bh): wayfarer; guest; menstruation || J(אוֹרַח): road, path, way; custom; by the way, occasionally, incidentally
483	במיתה	102		NO ANALYSIS	
484	במתניתא	102		REVIEW_GATE מתניתא/-/b "במשנה" n=102	{מתניתא} n משנה[j:eq:targum+bavli+yerushalmi] || J(מַתְנִיתָא ch): Mishnah; collection of Mishnahs not embodied in the Mishnah of R. Judah; our Mishnah
485	גרמא	102		AMBIGUOUS_SENSE גרמא: עצם | גוף, עצם	{גרמא} n עצם[k:def:bavli] ; גוף, עצם[k:def:bavli] ; גרם[j:eq:mishnah+bavli] || K: a bare twig | ein entblösster Zweig || K: with suffixes used as a refl. | Umschreibung des rückbezügl. Fürwortes || J(גַּרְמָא ch): a bare twig; bone; an animal || J(גְּרָמָא ch): cause; indirect effect
486	דשרי	102		NO ANALYSIS	
487	דאיתיה	101	שישנו	pron:איתיה/fixed/d/pronominal/pronominal preposition table	
488	וכלל	101		NO ANALYSIS	
489	תיפוק	101	תצא	תיפוק/-/-/reviewed/reviewed form: נְפַק (Krupnik: יצא), imperfect	
490	חזא	100		AMBIGUOUS_SENSE חזי: ראה | ראוי	{חזי} v ראה[k:def:pe:bavli] ; הראה[k:def:af:bavli] ; נראה[k:def:itpe:bavli] ; היה ראוי[k:def:itpe:bavli] ; הָראה[k:def:itpe] ; ראוי[k:def:bavli] ; חזי[j:same:pe:targum+bavli] || J(חזי bh): to divide; to discern, see; to distribute kindled chips between logs of wood || J(חֲזִי ch): to see, recognize, to decide; Part. pass; pointed out, fit for, prepared;
491	תלתינ	100		REVIEW_GATE תלת/n.pl/- "שלש" n=100	{תלת} v חילק לשלשה חלקים[k:def:pa:targum] ; עשה בפעם השלישית[k:def:pa:targum] ; נעשה בפעם השלישית[k:def:itpe:targum] ; שלש[j:eq:targum+bavli+yerushalmi] || J(תַּלֵּת): to divide into three parts; to do a third time; Part. pass || J(תְּלַת): three; on the third; thirteen
492	איצטריכא	99		NO_HEBREW_SENSE צריכ	{צריכ} n צריך[j:eq:targum+bavli+yerushalmi] || J(צָרִיךְ): needing; needed; he; she, it; must || J(צְרִיךְ): to need || J(צְרִיךְ ²): it is doubtful; it is; necessary to state it.
493	ולית	99		REVIEW_GATE לית/-/w "ואין" n=99	{לית} particle אין[k:def:targum] ; אין[h:wikt] || J(לַיִת): there is; was; not, none
494	יתירה	99		NO ANALYSIS	{יתירה} n  || J(יְתֵירָה): superfluity
495	לדידיה	99		REVIEW_GATE דידיה/-/l "לשלי, שלו" n=99	{דידיה} other שלי, שלו[k:def] || 
496	לחודיה	99		NO ANALYSIS	
497	השרת	98		NO ANALYSIS	
498	ידעיננ	98		REVIEW_GATE ידע/pe.ptcp.1pl/- "אנו יודעים" n=98	{ידע} v ידע[j:same:pe:targum+bavli+midrash] ; הודיע[r:reviewed:af] || J(יָדַע bh): to point out, select, love; to recognize, know; to find out; Part. pass || J(יְדַע ch): Hif.; Part. pass; friend
499	למדנו	98		NO ANALYSIS	
500	מודי	98		NO ANALYSIS	
501	גלותא	97		REVIEW_GATE גלותא/-/- "גלות" n=97	{גלותא} n גלות[k:def] ; ראש הגולים בבבל[k:def] ; גלות[j:same:targum+bavli] || J(גָּלוּתָא ch): Resh-Galutha; exiles
502	דתנו	97		NO ANALYSIS	
503	ילפיננ	97		REVIEW_GATE ילפ/pe.ptcp.1pl/- "אנו לומדים" n=97	{ילפ} v למד[k:def:pe:targum] ; אוֹלֵף לימד[k:def:pa:yerushalmi+bavli] || 
504	ליהוי	97	יהיה	הוה/pe.impf.3ms/-/irregular/reviewed choice	{הוה} v היה[r:reviewed:pe] || J(הַוָּה bh): change; misfortune || J(*הֵוָה): Ḥevah || J(הֲוָהּ): ah!
505	קאתי	97		NO ANALYSIS	
506	תיתי	97	תבוא	אתא/af.impf.2ms/-/irregular/reviewed choice	{אתא} v סימן[k:def:targum] ; בא[k:def:pe:bavli] ; הביא[r:reviewed:af] || J(אָתָא I): letter, sign || J(אֲתָא ch): to join; to come, to arrive; to occur to; surely, indeed || J(*אָתָא III): Great Bear, Ursa Major
507	תקרי	97		NO ANALYSIS	
508	כתיבא	96		REVIEW_GATE כתב/pe.pass.fs/- "כתובה" n=96	{כתב} v כתב ורשם[k:def:pe:bavli] ; נכתב ונרשם[k:def:itpe:targum+bavli] ; כתב[j:same:pe:targum+bavli+tanakh+midrash+mishnah] ; כתב[j:same:targum+midrash] || J(כָּתַב): to join sign to sign; to compose, write; to promise in writing, to will, assign, consign;  || J(כְּתַב I ch): the text reads; evening; it is written, it reads || J(כְּתָב bh): writing, writ; character.; signature
509	ערל	96		NO_HEBREW_SENSE ערל	{ערל} v ערל[j:same:targum] || J(עָרַל): to sheathe, cover; to treat as ‘Orlah, to remove || J(עָרֵל bh): covered; uncircumcised; gentile; ʿarel?
510	אלמה	95		REVIEW_GATE אלמה/-/- "למה, מדוע" n=95	{אלמה} particle למה, מדוע[k:def:bavli] || 
511	דבעל	95		NO ANALYSIS	
512	מדאורייתא	95		REVIEW_GATE אורייתא/-/md "משל תורה" n=95	{אורייתא} n תורה[k:def] ; ספר תורה[k:def:yerushalmi] || 
513	נכתוב	95		NO ANALYSIS	
514	שנינו	95		NO ANALYSIS	
515	בפלוגתא	94		REVIEW_GATE פלוגתא/-/b "בוכוח, מחלוקת" n=94	{פלוגתא} n מחלקה[k:def:targum] ; וכוח, מחלוקת[k:def] ; הבדל[k:def] ; פלוגת[j:same:targum+midrash+bavli+yerushalmi] || K: name of a place | Ortsname || J(פְּלוּגְתָּא ch): separation; priestly; division
516	דהויא	94	שהיתה	rev:הויא/pe.perf.3fs/d/reviewed-base/a proclitic on the reviewed form הויא	
517	דפליגי	94		AMBIGUOUS_SENSE פלג: היה מחולק בדעות | מחצית	{פלג} v נתרחק[k:def:af:yerushalmi] ; נסע בספינה[k:def:af:bavli] ; שבת[k:def:af:midrash] ; דחה, הסיח את הדעת[k:def:af:yerushalmi] ; נתחלק[k:def:itpa:midrash] ; חילק[k:def:targum] ; היה מחולק בדעות[k:def:bavli] ; נחלק[k:def:itpe:targum+bavli] ; היה מחולק בדעות[k:def:itpe:midrash] ; הצטיין[k:def:itpe:bavli] ; מחצית[k:def:mishnah+bavli] ; פלג[j:same:pe:targum+bavli+yerushalmi+midrash] ; פלג[j:same:targum+bavli+midrash] || J(פָּלַג bh): to separate, split; to part, go away; to go to sea || J(פְּלַג I ch): to divide, share; Pa.; Part. pass. || J(פֶּלֶג bh): part, share || J(פָּלָג): part, middle || J(פְּלַג II ch): part, half; half; the demon Palga, a disease
518	ליתי	94		AMBIGUOUS אתא/af.impf.3ms "יבוא" ~ pron:יתי/fixed "לאותי"	{אתא} v סימן[k:def:targum] ; בא[k:def:pe:bavli] ; הביא[r:reviewed:af] || J(אָתָא I): letter, sign || J(אֲתָא ch): to join; to come, to arrive; to occur to; surely, indeed || J(*אָתָא III): Great Bear, Ursa Major
519	מתרצ	94		NO ANALYSIS	
520	שכיחא	94		REVIEW_GATE שכיחא/-/- "מצוי" n=94	{שכיחא} adj מצוי[k:def:bavli] || 
521	שעתא	94		REVIEW_GATE שעתא/-/- "שעה" n=94	{שעתא} n שעה[j:eq:targum+bavli+yerushalmi] || J(שַׁעְתָּא): while, time; hour
522	ביתא	93		REVIEW_GATE ביתא/-/- "בית" n=93	{ביתא} n בית[k:def:bavli] ; בת, מדת הלח[k:def:targum] ; בית[j:same:targum+bavli+midrash+yerushalmi] ; בת[j:eq:targum] || J(בֵּיתָא I ch): Pi.; the case of T’fillin; night-lodging || J(בֵּיתָא II): bath || J(בַּיְתָא): night-bird
523	דאיתמר	93	שנאמר	אמר/itpe.perf.3ms/d/irregular/the sense cited from bavli; reflexive by the Hebrew nif'al	{אמר} v הלעיט[k:def:af:bavli] ; אמר[j:same:pe:targum+bavli+yerushalmi] ; טלה, כבש[h:wikt] || J(אָמַר I bh): to join, knot; to be knotted, thick;; to heap up;; to join words, compose || J(אֲמַר ch): they say, it is said; Inf; does this mean to say? || J(אָמַר II bh): to be thick, strong; to thrive; to boast, vaunt, be oppressive; to fatten || J(אִמַּר): lamb
524	דחד	93		HOMOGRAPH דחד "שימח" ~ d+חד "שאחד"	{דחד} v שימח[k:def] || J(*דְּחַד): to set apart of each kind
525	ומנו	93		REVIEW_GATE נו/-/wm "ומהוא, היא" n=93	{נו} other הוא, היא[k:def] || J(נוּ): itself; it indeed
526	ואכתי	92		REVIEW_GATE אכתי/-/w "ועדיין" n=92	{אכתי} adv עדיין[k:def:bavli] || J(אַכַּתִּי): still, even now, yet; since
527	חצירות	92		NO ANALYSIS	
528	מותיב	92		NO ANALYSIS	
529	שבתא	92		REVIEW_GATE שבתא/-/- "שבת" n=92	{שבתא} n שבתון[k:def:targum] ; שבת[j:same:targum+bavli+yerushalmi+midrash] || J(שַׁבְּתָא ch): Sabbath; sing.; week || J(שְׁבָתָא): rest, solemn observance
530	וטעמא	91		REVIEW_GATE טעמא/-/w "וסבה" n=91	{טעמא} n סבה[k:def:bavli] ; טעם[k:def] || J(טָעֲמָא): pleader.; pleaders
531	לכולהו	91	לכולם	pron:כולהו/fixed/l/pronominal/pronominal preposition table	
532	שירימ	91		REVIEW_GATE שירימ/-/- "שארית, מותר" n=91	{שירימ} n שארית, מותר[k:def:bavli+yerushalmi] || 
533	בבי	90		REVIEW_GATE בב/n.pl/- "פתח" n=90	{בב} n פתח[k:def:bavli] || K: a river in Babylonia | Fluss in Babylonien || J(בָּב): entrance, door, gate; section, clause; Baba Kamma, Baba Metsia, Baba Bathra
534	גברי	90		AMBIGUOUS_SENSE גבר: היה חזק, הלך וגדול | איש	{גבר} v היה חזק, הלך וגדול[k:def:pe:bavli+targum] ; חיזק[k:def:pa:targum] ; עשה שיתגבר[k:def:af:bavli] ; איש[k:def:bavli] ; גבר[j:same:pe:targum+bavli] ; גבר[j:same:targum+bavli+midrash] || K: a certain man, euphem: I, thou | ein gewisser Mann, (euphem): ich, du || J(גָּבַר bh): to be uppermost, prevail; to be strong; to make strong, strengthen, sustain; to grow stron || J(גְּבַר I ch): Pi.; growing, swelling; to make strong, to cause to overpower || J(גֶּבֶר bh): man, master; cock.; m
535	וליטעמיכ	90		NO ANALYSIS	
536	מנהני	90		NO ANALYSIS	{מנהני} ?  || 
537	פנחס	90		NO ANALYSIS	
538	קמי	90	לפני	קמי/-/-/reviewed/reviewed form: Jastrow קַמֵּי "before"	{קמי} n לפני[k:def:bavli] || J(קַמֵּי): before, in the presence of; before, ere
539	שכיחי	90		NO ANALYSIS	
540	תו	90		AMBIGUOUS תו/ "שוב, עוד" ~ אתא/pe.impv.mp "בואו"	{תו} adv שוב, עוד[k:def:bavli] || J(תּוּ I): come ye || J(תּוּ II): again, furthermore
541	נאמרו	89		NO ANALYSIS	
542	נפחא	89		REVIEW_GATE נפחא/-/- "נפח" n=89	{נפחא} ? נפח[j:same:targum+bavli] ; נפח[j:eq:bavli] || J(נַפָּחָא ch): a bird
543	עייל	89	הביא · הכניס	עלל/af.perf.3ms/-/irregular/two senses	{עלל} v טיפל, עסק[k:def:pe:midrash] ; נכנס[k:def:pe] ; בא[k:def:pe:targum] ; הביא[k:def:af:targum] ; הובא והושם[k:def:itpe:targum] ; עלל[j:same:pe:targum+yerushalmi+bavli+midrash+tanakh] ; הכניס[r:reviewed:af] || J(עָלַל bh): Pol. to bring about; to go about; to superintend, be busy || J(עֲלַל I ch): to enter a town, a house; to come in; to set || J(עֲלַל II): that which is brought in; harvest, provision; income; ʿălalta
544	קמיבעיא	89		REVIEW_GATE בעי/itpe.ptcp.fs/q "צריך להיות" n=89	{בעי} v שאל[k:def:pe:bavli] ; התפלל, בקש רחמים[k:def:bavli] ; היה צריך[k:def:pe:bavli] ; נתבקש[k:def:targum] ; נבהל ללכת[k:def:tanakh] ; נשאל[k:def:itpe] ; צריך להיות[k:def:itpe:bavli] ; פיהק[k:def:pe] ; בעי[j:same:pe:targum+bavli+yerushalmi] || K: not only … but | nicht nur … sondern auch || J(בעי bh): to enter into, split;; to be empty, bare; to lay bare, destroy the crop || J(בְּעֵי I ch): to search, inquire, ask, examine; uba hash-shemesh; to ask, pray || J(בְּעֵי II): to open wide; to yawn
545	בההיא	88	באותה	בההיא/-/-/reviewed/reviewed form: ב + הַהִיא	
546	בשבתא	88		REVIEW_GATE שבתא/-/b "בשבת" n=88	{שבתא} n שבתון[k:def:targum] ; שבת[j:same:targum+bavli+yerushalmi+midrash] || J(שַׁבְּתָא ch): Sabbath; sing.; week || J(שְׁבָתָא): rest, solemn observance
547	מניומי	88		NO ANALYSIS	
548	אימור	87		REVIEW_GATE אמר/-/- "אמר" n=87	{אמר} v הלעיט[k:def:af:bavli] ; אמר[j:same:pe:targum+bavli+yerushalmi] ; טלה, כבש[h:wikt] || J(אָמַר I bh): to join, knot; to be knotted, thick;; to heap up;; to join words, compose || J(אֲמַר ch): they say, it is said; Inf; does this mean to say? || J(אָמַר II bh): to be thick, strong; to thrive; to boast, vaunt, be oppressive; to fatten || J(אִמַּר): lamb
549	ודברי	87		NO ANALYSIS	
550	לדידכ	87		REVIEW_GATE דידכ/-/l "לשלך" n=87	{דידכ} other שלך[k:def:bavli] || 
551	לקי	87	לוקה	לקי/-/-/reviewed/reviewed form: Jastrow לְקֵי "to be flogged", participle	{לקי} v לקי[j:same:pe:targum+bavli+yerushalmi+midrash] || J(לקי): to become less; to suffer, be under a disadvantage; to be smitten, afflicted with disease || J(לְקִי ch): to be affected, disordered, smitten, punished; Hif.
552	נצרכא	87		NO ANALYSIS	
553	אחריני	86		REVIEW_GATE אחרינא/n.pl/- "אחר" n=86	{אחרינא} n אחר[k:def:bavli] || J(אַחֲרִינָא): another
554	דבית	86	של בית	דבית/-/-/reviewed/reviewed form: ד + בֵּית (Jastrow ch. = h. בַּיִת)	
555	ולמאנ	86	ולמי	rev:מאנ/-/wl/reviewed-base/a proclitic on the reviewed form מאנ	
556	לידיה	86	לידו	לידיה/-/-/reviewed/reviewed form: ל + יְדָא (Jastrow: hand) + ־יה	
557	לימד	86		NO_HEBREW_SENSE אמד	{אמד} v הֶאֱמִיד העריך[k:def:af:mishnah+midrash] ; אמד[j:same:bavli] || J(אָמַד): to form an approximate estimate, to guess; to appraise, judge, deliver an expert’s opinion || J(אֲמַד ch): Part. pass; believed to be wealthy
558	מהיכא	86		HOMOGRAPH מהיכא "מהיכן, מנין" ~ m+היכא "מהיכן"	{מהיכא} particle מהיכן, מנין[k:def:bavli] ; מתנה[k:def:targum] || 
559	אגרא	85		REVIEW_GATE אגרא/-/- "שכר" n=85	{אגרא} n שכר[k:def:bavli] ; אסל[h:wikt] ; שכר, תשלום[h:wikt] ; גג[h:wikt] || K: a man’s name | männlicher Name
560	אהני	85	הועיל	אהני/-/-/reviewed/reviewed form: Jastrow הֲנִי Af. "to benefit"	
561	באתרא	85		REVIEW_GATE אתרא/-/b "במקום" n=85	{אתרא} n מקום[k:def:midrash] || 
562	ותיפוק	85	ותצא	ותיפוק/-/-/reviewed/reviewed form: ו + נְפַק (Krupnik: יצא), imperfect	
563	יומינ	85	ימים	יומינ/-/-/reviewed/reviewed form: plural of יוֹמָא	
564	קאמרת	85	אתה אומר	אמר/pe.ptcp.2ms/q/irregular/the sense cited from bavli	{אמר} v הלעיט[k:def:af:bavli] ; אמר[j:same:pe:targum+bavli+yerushalmi] ; טלה, כבש[h:wikt] || J(אָמַר I bh): to join, knot; to be knotted, thick;; to heap up;; to join words, compose || J(אֲמַר ch): they say, it is said; Inf; does this mean to say? || J(אָמַר II bh): to be thick, strong; to thrive; to boast, vaunt, be oppressive; to fatten || J(אִמַּר): lamb
565	אזלי	84	הולכים	אזלי/-/-/reviewed/reviewed form: אֲזַל (Krupnik: הלך), participle pl.	
566	אסיר	84	אסור	אסיר/-/-/reviewed/reviewed form: Jastrow אֲסַר ch. same (h. אָסַר), passive participle	{אסיר} n  || J(אָסִיר bh): prisoner. || J(אָסִיר ²): imprisoned, prisoner; tied, connected; forbidden
567	לעלמא	84		REVIEW_GATE עלמא/-/l "לעולם" n=84	{עלמא} n עולם[k:def:midrash+bavli] || 
568	מינכ	84	ממך	pron:מינכ/fixed/-/pronominal/pronominal preposition table	
569	והויננ	83	ואנו הווים	הוה/pe.ptcp.1pl/w/irregular/reviewed choice	{הוה} v היה[r:reviewed:pe] || J(הַוָּה bh): change; misfortune || J(*הֵוָה): Ḥevah || J(הֲוָהּ): ah!
570	תורא	83	שור	תורא/-/-/reviewed/reviewed form: Jastrow תּוֹרָא ch. = h. שׁוֹר	{תורא} n תור[j:eq:bavli+targum] || J(תּוֹרָא II): row, line, order; twisted band, border || J(תַּוָּרָא): ox-driver, plougher with oxen:—Pl.
571	איפוכ	82		NO ANALYSIS	
572	אתאי	82		AMBIGUOUS_TAG אתא pe.perf.1s "באתי" ~ pe.perf.3fs "באה"	{אתא} v סימן[k:def:targum] ; בא[k:def:pe:bavli] ; הביא[r:reviewed:af] || J(אָתָא I): letter, sign || J(אֲתָא ch): to join; to come, to arrive; to occur to; surely, indeed || J(*אָתָא III): Great Bear, Ursa Major
573	דמא	82		REVIEW_GATE דמא/-/- "דם" n=82	{דמא} n דם[k:def:bavli] || K: a man’s name | männlicher Name || J(דְּמָא): to resemble
574	מימר	82	לומר	מימר/-/-/reviewed/reviewed form: אֲמַר infinitive (Jastrow: Inf. מֵימַר) — "סבר מימר"	{מימר} n מאמר[j:eq:targum] || J(מֵימַר ch): word, command; the Lord
575	שרא	82	התיר	שרא/-/-/reviewed/reviewed form: Krupnik שְׁרָא "התיר"	{שרא} n שר[j:same:yerushalmi+midrash] || 
576	אתאנ	81	באנו	אתא/pe.perf.1pl/-/irregular/reviewed choice	{אתא} v סימן[k:def:targum] ; בא[k:def:pe:bavli] ; הביא[r:reviewed:af] || J(אָתָא I): letter, sign || J(אֲתָא ch): to join; to come, to arrive; to occur to; surely, indeed || J(*אָתָא III): Great Bear, Ursa Major
577	דאמרה	81		AMBIGUOUS אמר/pe.ptcp.fs "שאומרת" ~ אמרה/ "של שפת הבגד"	{אמר} v הלעיט[k:def:af:bavli] ; אמר[j:same:pe:targum+bavli+yerushalmi] ; טלה, כבש[h:wikt] || J(אָמַר I bh): to join, knot; to be knotted, thick;; to heap up;; to join words, compose || J(אֲמַר ch): they say, it is said; Inf; does this mean to say? || J(אָמַר II bh): to be thick, strong; to thrive; to boast, vaunt, be oppressive; to fatten || J(אִמַּר): lamb
578	דיהיב	81	שנותן	rev:יהיב/pe.ptcp.ms/d/reviewed-base/a proclitic on the reviewed form יהיב	
579	חזית	81	ראית	חזית/-/-/reviewed/reviewed form: חֲזִי (Krupnik: ראה), perfect 2nd	{חזית} n בליטה בכותל לנוי[k:def:mishnah] ; פני הבית[k:def:tosefta] || J(חָזִית): cutting; rough, unfinished side; the rough side of a fence or wall; border-mark
580	מודו	81		NO ANALYSIS	
581	קושיא	81		REVIEW_GATE קושיא/-/- "שאלה, השגה" n=81	{קושיא} n שאלה, השגה[k:def:bavli+yerushalmi] || J(קוּשְׁיָא): difficulty, question, objection, argument
582	בבמה	80		NO ANALYSIS	
583	דאתיא	80	שבאה	אתא/pe.ptcp.fs/d/irregular/reviewed choice	{אתא} v סימן[k:def:targum] ; בא[k:def:pe:bavli] ; הביא[r:reviewed:af] || J(אָתָא I): letter, sign || J(אֲתָא ch): to join; to come, to arrive; to occur to; surely, indeed || J(*אָתָא III): Great Bear, Ursa Major
584	דבעיננ	80	שאנו צריכים	דבעיננ/-/-/reviewed/reviewed form: ד + בְּעֵי 3) "היה צריך" + ־ינן	
585	דיתיב	80		REVIEW_GATE יתב/-/d "שישב" n=80	{יתב} v ישב[k:def:pe:bavli] ; נתן[k:def:pe:bavli] ; הושיב[k:def:pa:targum] ; הרגיע[k:def:pa] ; הושיב[k:def:af:targum] ; הקשה, שאל[k:def:af] ; נח[k:def:itpe:bavli] ; ישב[j:eq:targum+bavli+tanakh+midrash] ; הושיב[r:reviewed:af] || K: i>to dwell | sich aufhalten || J(יתֵב ch): to sit, dwell; to be inhabited, settled; inhabited || J(יְתֵב II): to give; to place; to give || J(יָתֵב): inhabitant
586	הקטרה	80		NO ANALYSIS	{הקטרה} n  || 
587	וליתני	80	וישנה	rev:ליתני/pe.impf.3ms/w/reviewed-base/a proclitic on the reviewed form ליתני	
588	וממאי	80		AMBIGUOUS rev:ממאי/ "וממה" ~ ממאי/ "ומהיכן"	
589	כותיה	80	כמוהו	pron:כותיה/fixed/-/pronominal/pronominal preposition table	{כותיה} other כמוהו[k:def] || 
590	להתמ	80	לשם	להתמ/-/-/reviewed/reviewed form: ל + הָתָם (Krupnik: שם)	
591	מט	80		NO ANALYSIS	{מט} n  || 
592	מיטרא	80		REVIEW_GATE מיטרא/-/- "גשם, מטר" n=80	{מיטרא} n גשם, מטר[k:def:bavli] || 
593	שית	80		REVIEW_GATE שית/-/- "שש" n=80	{שית} n יסוד, מסד[k:def:mishnah] ; ששה[k:def:targum+tanakh] ; ששה[k:def:targum+tanakh] ; שש[j:eq:targum+bavli] || J(שִׁית I bh): to place, set, make || J(שִׁית II): foundation; bottom; Shith, a pit by the side of the altar || J(שִׁית III): wild fig.—Pl. || J(שִׁית): six.; sixty; sixteen; sixteenth
594	תינח	80		REVIEW_GATE תינח/-/- "במה דברים אמורים" n=80	{תינח} ? במה דברים אמורים[k:def:bavli] || 
595	ונימא	79	ונאמר	rev:נימא/-/w/reviewed-base/a proclitic on the reviewed form נימא	
596	זוזא	79		REVIEW_GATE זוזא/-/- "זוז" n=79	{זוזא} n משקל[k:def:mishnah] ; זוז[j:same:targum+bavli] || J(זוּזָא I ch): money; country Zuz || J(זוּזָא II): couple
597	טעמיה	79		REVIEW_GATE טעמא/n.pl+3ms/- "סבה שלו" n=79	{טעמא} n סבה[k:def:bavli] ; טעם[k:def] || J(טָעֲמָא): pleader.; pleaders
598	פירא	79		AMBIGUOUS_SENSE פירא: בור | פרי | תועלת, הנאה, שימוש	{פירא} n בור[k:def:bavli] ; פרי[k:def:bavli] ; תועלת, הנאה, שימוש[k:def:bavli] ; פיר[j:same:bavli] ; פרי[j:eq:bavli+targum] || J(פֵּירָא I ch): ditch, pit, cavity || J(פֵּירָא II): fruit, crop; fruition, usufruct
599	שיעורא	79		REVIEW_GATE שיעורא/-/- "שיעור" n=79	{שיעורא} ? שיעור[j:same:targum+bavli+yerushalmi] || J(שִׁיעוּרָא ch): about
600	אדרבי	78		NO ANALYSIS	
601	דאפשר	78		NO ANALYSIS	
602	דארעא	78		REVIEW_GATE ארעא/-/d "של אדמה, ארץ" n=78	{ארעא} n אדמה, ארץ[k:def:bavli+targum] ; מקרה[k:def:targum] ; פגע[k:def] || J(אִרְעָא): accident, occurrence; evils, diseases || J(אַרְעָא): land, earth, ground, field; gout, sore on the toes; fields
603	דהני	78	של אלה	דהני/-/-/reviewed/reviewed form: ד + הָנֵי (Krupnik: הללו)	
604	דחזי	78	שרואה	דחזי/-/-/reviewed/reviewed form: ד + חֲזִי (Krupnik: ראה), participle	
605	ופלגא	78		REVIEW_GATE פלגא/-/w "ומחצית" n=78	{פלגא} n מחצית[k:def:mishnah+bavli] ; איש ריב[k:def:bavli] || 
606	כראי	78		NO ANALYSIS	
607	להדיוט	78		NO ANALYSIS	
608	צורבא	78		NO ANALYSIS	{צורבא} n  || J(צוֹרְבָא): mark of a burn, scab; one that has caught fire by associating with Rabbis; a student of ra
609	קניא	78		REVIEW_GATE קניא/-/- "קנה" n=78	{קניא} n קנה[k:def] || 
610	ואיצטריכ	77		REVIEW_GATE צרכ/itpe.perf.3ms/w "והיה זקוק לדבר" n=77	{צרכ} v היה זקוק לדבר[k:def:itpe:yerushalmi+bavli] ; נפנה[k:def:bavli] ; חייב, הזקיק[k:def:af:bavli] ; צרך[j:same:pe:targum+yerushalmi+bavli+tanakh+midrash] || J(צָרַךְ): to be narrow; to need, want; to be in need, be forced || J(צְרַךְ ch): pass; to need, be needed; to be needed; to need
611	ורמי	77		REVIEW_GATE רמי/-/w "ושאל, הראה סתירה" n=77	{רמי} v זרק, השליך[k:def:pe:targum] ; שם, הוסיף[k:def:pe] ; היה מוטל בתורת חובה[k:def:pe] ; שאל, הראה סתירה[k:def:pe:bavli] ; הרים[k:def:pe:yerushalmi] ; הטף[k:def:af] ; הושלך, נזרק[k:def:itpe] ; הזדמן[k:def:itpe] ; רמי[j:same:pe:targum+bavli+yerushalmi+tanakh+midrash] || J(רַמִּי): Rammi; Rami || J(רמי bh): to move; to throw, swing; ramah || J(רְמֵי ch): to throw, swing; to put on; to impose; Part. pass; thrown down, lying
612	חסורי	77		NO ANALYSIS	
613	כדתננ	77		NO ANALYSIS	
614	נצרכה	77		NO ANALYSIS	
615	שרו	77	התירו	שרו/-/-/reviewed/reviewed form: Krupnik שְׁרָא/שְׁרֵי "התיר", perfect pl.	
616	בשריפה	76		NO ANALYSIS	
617	ותסברא	76		AMBIGUOUS תסבר/n.sg "ואוצר" ~ תסברתא/n.sg "ותסברית"	{תסבר} n אוצר[k:def:yerushalmi] || J(תִּסְבָּר): store, storehouse.
618	יהביננ	76		NO_HEBREW_SENSE יהב	{יהב} v  || J(יְהַב): to give; to deal; to put, place
619	כנישתא	76		REVIEW_GATE כנישתא/-/- "בית הכנסת" n=76	{כנישתא} n אספה, קהל[k:def:targum] ; בית הכנסת[k:def:bavli] ; מטאטא[k:def] || 
620	מגו	76	מתוך	מגו/-/-/reviewed/reviewed form: מן + גּוֹ "inside" (Jastrow)	
621	ראי	76		NO ANALYSIS	{ראי} v  || J(ראי bh): to meet with; to see; Nif. || J(רֳאִי I bh): sight; aspect, nature of a case || J(רֳאִי II): excrement, discharge from the bowels; digestive organ, crop, maw
622	דזבינ	75		AMBIGUOUS_SENSE זבנ: קנה | מכר	{זבנ} v קנה[k:def:pe:bavli] ; מכר[k:def:bavli] ; נמכר[k:def:itpe:bavli] ; קנה[h:wikt] || J(זְבַן): to plan; to bargain, buy.; to sell
623	הילכתא	75	הלכה	הילכתא/-/-/reviewed/reviewed form: = h. הֲלָכָה	
624	מא	75		REVIEW_GATE מא/-/- "מה" n=75	{מא} particle מה[k:def:targum] ; מה[j:eq:targum] || J(מָא ch): what?; what; if?, suppose, perhaps
625	שביק	75	עוזב	שביק/-/-/reviewed/reviewed form: Krupnik שְׁבַק "עזב, הניח", participle	{שביק} n ספיח[k:def:targum] || J(שְׁבִיק): abandoned; spontaneous growth
626	דניחא	74	שנוח	דניחא/-/-/reviewed/reviewed form: ד + נִיחָא (Jastrow: agreeable)	
627	וקמ	74		NO ANALYSIS	
628	יתירא	74		REVIEW_GATE יתירא/-/- "יתר, חבל" n=74	{יתירא} n יתר, חבל[k:def:bavli] || J(יְתֵירָא): cord
629	לריש	74		NO ANALYSIS	
630	תוכיח	74		NO ANALYSIS	
631	אתונ	73	אתם	pron:אתונ/fixed/-/pronominal/pronominal preposition table	{אתונ} other אתם[k:def:yerushalmi] || 
632	גיהנמ	73		NO ANALYSIS	
633	דאיסורא	73		REVIEW_GATE איסורא/-/d "של איסור" n=73	{איסורא} n איסור[k:def] ; יסורים[k:def:targum] ; איסור[j:same:targum+bavli] || J(אִיסּוּרָא ch): band; ritual questions; prostitution || J(אִיסוּרָא II): chastisement.
634	דחמרא	73		REVIEW_GATE חמרא/-/d "של חמוד" n=73	{חמרא} n חמוד[k:def:bavli] || J(חַמְרָא): wine || J(חֲמָרָא): ass
635	ושאני	73	ושונה	ושאני/-/-/reviewed/reviewed form: ו + Krupnik שְׁנָא "שנה (differ)", participle	
636	נחית	73	יורד	נחית/-/-/reviewed/reviewed form: Krupnik נְחַת "ירד", participle	
637	דרחמנא	72		REVIEW_GATE רחמנא/-/d "של אלהים" n=72	{רחמנא} adj אלהים[k:def:bavli] || K: merciful | barmherzig || K: trnsf. The Word of God, Scripture | übertr. das Wort Gottes, die Schrift
638	הכושר	72		NO ANALYSIS	
639	ואננ	72		AMBIGUOUS pron:אננ/fixed "ואנו" ~ אננ/ "ואנחנו"	
640	וסימניכ	72		NO ANALYSIS	
641	משוי	72		AMBIGUOUS_SENSE שוי: עולה בערך, במחיר פלוני | זול	{שוי} n עולה בערך, במחיר פלוני[k:def:bavli] ; זול[k:def:bavli] ; שוי[j:same:pe:targum+yerushalmi+bavli+tanakh] ; שוי[j:same:bavli] ; שוה[j:eq:midrash+bavli] || K: a thing) moderate in price | Preiswertes || J(שוי bh): to join, combine; to be even, equal, alike; to be of value || J(שְׁוֵי ch): to be alike; to be worthy, deserve; to do alike, retaliate. || J(שְׁוִי): equivalent, value || J(שָׁוְי): valued, worth; worth its money, cheap
642	רבונו	72		NO ANALYSIS	
643	תליא	72	תלויה	תליא/-/-/reviewed/reviewed form: Jastrow תְּלָא "to hang, depend", passive participle fem.	{תליא} n יתד, תלי[k:def:bavli] || J(תַּלְיָא): hook, string
644	גלי	71		AMBIGUOUS_SENSE גלי: יצא ממקומו, הלך בשבי | גילה סוד, הודיע בפומבי	{גלי} v חשף[k:def:pe:tanakh] ; יצא ממקומו, הלך בשבי[k:def:pe:bavli] ; גילה סוד, הודיע בפומבי[k:def:bavli+midrash] ; נתגלה[k:def:itpe:bavli] ; הָגלה[k:def:itpe:targum] ; גלי[j:same:pe:targum+bavli+midrash+tanakh] || K: to banish | ins Exil führen || K: an odoriferous) plant | eine Pflanze (Weidenart) || J(גלי bh): to be uncovered; Part. pass; open, revealed || J(גְּלֵי ch): to reveal, uncover; to go into exile, go away, disappear; exiles || J(גְּלַי): flash; as a flash, suddenly, rapidly || J(*גַּלִּי): galium,
645	דאמ	71		NO ANALYSIS	
646	דביתהו	71		NO ANALYSIS	
647	דקיימא	71	שעומדת	דקיימא/-/-/reviewed/reviewed form: ד + קוּם, participle fem.	
648	ולטעמיכ	71		NO ANALYSIS	
649	מפיק	71	מוציא	מפיק/-/-/reviewed/reviewed form: נְפַק Af. (Jastrow: to take out), participle	
650	בריכ	70	ברוך	בריכ/-/-/reviewed/reviewed form: Jastrow בְּרִיךְ = h. בָּרוּךְ	{בריכ} v היה ברוך[k:def:itpe:targum] || 
651	דידע	70		NO ANALYSIS	
652	ושוינ	70		NO ANALYSIS	
653	כתובינ	70		AMBIGUOUS כתב/pe.ptcp.mp "כותבים" ~ כתוב/n.pl "מקרא, גוף המקרא"	{כתב} v כתב ורשם[k:def:pe:bavli] ; נכתב ונרשם[k:def:itpe:targum+bavli] ; כתב[j:same:pe:targum+bavli+tanakh+midrash+mishnah] ; כתב[j:same:targum+midrash] || J(כָּתַב): to join sign to sign; to compose, write; to promise in writing, to will, assign, consign;  || J(כְּתַב I ch): the text reads; evening; it is written, it reads || J(כְּתָב bh): writing, writ; character.; signature
654	לבתר	70	אחר כך	לבתר/-/-/reviewed/reviewed form: Jastrow לְבָתַר "afterwards"	
655	לגבוה	70		NO ANALYSIS	
656	מידע	70	לדעת	מידע/-/-/reviewed/reviewed form: יְדַע infinitive (Jastrow ch.)	
657	נשיאה	70		REVIEW_GATE נשיאה/-/- "נשיא" n=70	{נשיאה} n נשיא[j:same:bavli+yerushalmi] || K: loading, | das Beladen || J(נְשִׂיאָה I ch): prince, Nasi || J(נְשִׂיאָה II): lifting up; pronouncing the priestly benediction; carrying, loading
658	תקינו	70		NO ANALYSIS	
659	באורחא	69		REVIEW_GATE אורחא/-/b "בדרך, מנהג" n=69	{אורחא} n דרך, מנהג[k:def:bavli] || 
660	בעיניה	69		NO ANALYSIS	
661	דאזיל	69	שהולך	דאזיל/-/-/reviewed/reviewed form: ד + אֲזַל (Krupnik: הלך), participle	
662	חזינא	69	אני רואה	חזינא/-/-/reviewed/reviewed form: חֲזִי (Krupnik: ראה) + ־נא	{חזינא} n  || J(חַזְיָנָא ch): prickly bur, chestnut.
663	טעמייהו	69		REVIEW_GATE טעמא/n.pl+3mp/- "סבה שלהם" n=69	{טעמא} n סבה[k:def:bavli] ; טעם[k:def] || J(טָעֲמָא): pleader.; pleaders
664	למכתב	69	לכתוב	למכתב/-/-/reviewed/reviewed form: כְּתַב (Jastrow ch. same) infinitive + ל	
665	עינא	69		REVIEW_GATE עינא/-/- "עין" n=69	{עינא} n עין[k:def:targum] || 
666	פריש	69		NO_HEBREW_SENSE פריש	{פריש} n פריש[j:same:targum] || J(פָּרִישׁ I): a fruit, quince; p’rishin; set aside, excellent || J(פָּרִישׁ II): set aside, excellent || J(פָּרֵישׁ ch): separated, set aside; lonely; different
667	קפיד	69		NO_HEBREW_SENSE קפד	{קפד} v התרעם, היה נוח לכעוס[k:def:af:bavli] ; הכעיס, הרגיז[k:def:af:yerushalmi] ; דייק ביותר[k:def:af:mishnah] ; נתכווץ ונתקצר[k:def:itpe:targum] ; קפד[j:same:pe:bavli+targum] || J(קָפַד bh): to contract, convolve; to be angry, lose temper; to provoke, insult || J(קְפַד ch): to be angry, sensitive; to be particular, care for, mind; to be contracted, shortened; to 
668	שמעיננ	69	אנו שומעים	שמעיננ/-/-/reviewed/reviewed form: שְׁמַע (Jastrow ch. same) + ־ינן	
669	תניתוה	69	שניתם אותה	תניתוה/-/-/reviewed/reviewed form: תְּנֵי (reviewed: שנה), perfect 2nd pl. + object	
670	ואיידי	68		REVIEW_GATE איידי/-/w "ומכיון" n=68	{איידי} other מכיון[k:def:bavli] ; דרך, על ידי[k:def:bavli] || J(אַיְידֵי): by the way of, through; because, since as
671	ומנא	68	ומנין	rev:מנא/-/w/reviewed-base/a proclitic on the reviewed form מנא	
672	וקסבר	68	וסובר	וקסבר/-/-/reviewed/reviewed form: ו + קא + סְבַר, participle	
673	זימני	68	פעמים	זימני/-/-/reviewed/reviewed form: plural of זִימְנָא (reviewed: זמן) — "תלת זימני" = three times	
674	כדכתיב	68	כמו שכתוב	כדכתיב/-/-/reviewed/reviewed form: כ + ד + כְּתִיב (Jastrow: it is written)	
675	להכ	68	לאותו	להכ/-/-/reviewed/reviewed form: ל + הַךְ "that"	
676	נעביד	68	נעשה	נעביד/-/-/reviewed/reviewed form: עֲבַד imperfect 1st pl.	
677	קרנא	68		NO_HEBREW_SENSE קרנ	{קרנ} v קרן[j:same:targum+bavli+yerushalmi] || J(קָרַן bh): to emit horns; rays; to be horned. || J(קְרַן I): ḳaran; to join, harness, put to || J(קֶרֶן): joint, attachment; roundness, fulness; horn; shofars || J(קְרַן II ch): horn; strength; beam, ray; projection; corner
678	דהכא	67	של כאן	דהכא/-/-/reviewed/reviewed form: ד + הָכָא (Krupnik: כאן)	{דהכא} n לעג[k:def:targum] || 
679	דמייתי	67	שמביא	rev:מייתי/af.ptcp.ms/d/reviewed-base/a proclitic on the reviewed form מייתי	
680	חזיננ	67	אנו רואים	חזיננ/-/-/reviewed/reviewed form: חֲזִי (Krupnik: ראה) + ־ינן	
681	להודיעכ	67		NO ANALYSIS	
682	מדרב	67		NO ANALYSIS	
683	מומא	67		NO_HEBREW_SENSE מומ	{מומ} n מום[j:same:targum+bavli] || J(מוּם bh): something, anything; mamzer; mamzer
684	מינאי	67	ממני	pron:מינאי/fixed/-/pronominal/pronominal preposition table	
685	מעכבא	67	מעכבת	מעכבא/-/-/reviewed/reviewed form: Jastrow עַכֵּב Pa. "to hinder", participle fem.	
686	מעלמא	67		REVIEW_GATE עלמא/-/m "מעולם" n=67	{עלמא} n עולם[k:def:midrash+bavli] || 
687	נפיש	67		REVIEW_GATE נפיש/-/- "מרובה" n=67	{נפיש} adj מרובה[k:def:bavli] || J(נְפֵישׁ ch): to be blown up; to be large; to increase; to be blown away || J(נְפִישׁ): blown up; large, numerous
688	סגיא	67	די	סגיא/-/-/reviewed/reviewed form: Krupnik סְגִי "הספיק, היה די"	{סגיא} adj גדול, רב[k:def:targum+tanakh] ; רוב, כמות[k:def:targum] ; גדר[k:def] || K: name of a canal in Babylonia | Name eines Kanals in Babylonien || J(סַגְיָא II): fence
689	אייתו	66	באו	אתא/af.perf.3mp/-/irregular/reviewed choice	{אתא} v סימן[k:def:targum] ; בא[k:def:pe:bavli] ; הביא[r:reviewed:af] || J(אָתָא I): letter, sign || J(אֲתָא ch): to join; to come, to arrive; to occur to; surely, indeed || J(*אָתָא III): Great Bear, Ursa Major
690	בהדייהו	66	עמהם	pron:בהדייהו/fixed/-/pronominal/pronominal preposition table	
691	בשאינ	66		NO ANALYSIS	
692	גמיר	66	למד	גמיר/-/-/reviewed/reviewed form: Jastrow גְּמַר "to learn"	{גמיר} adj שלם[k:def:targum] ; כליל[k:def:targum] ; כליל[j:eq:targum] ; כלה[j:eq:targum] || J(גְּמִיר): finished, perfect; holocaust, entirely burnt; entire destruction, extermination
693	דיש	66		NO_HEBREW_SENSE דיש	{דיש} v דרס ודרך[k:def:pa:midrash] ; דיש[j:same:targum+bavli] || J(דַּיִשׁ bh): treading, threshing
694	דליתיה	66	שאיננו	pron:ליתיה/fixed/d/pronominal/pronominal preposition table	
695	דקסבר	66	שסובר	דקסבר/-/-/reviewed/reviewed form: ד + קא + סְבַר (Krupnik: חשב)	
696	והיכי	66		REVIEW_GATE היכי/-/w "וכיצד" n=66	{היכי} particle כיצד[k:def:bavli] || J(הֵיכִי): how?; how now; as well as
697	נתכוונ	66		NO ANALYSIS	
698	פלוגתא	66		REVIEW_GATE פלוגתא/-/- "וכוח, מחלוקת" n=66	{פלוגתא} n מחלקה[k:def:targum] ; וכוח, מחלוקת[k:def] ; הבדל[k:def] ; פלוגת[j:same:targum+midrash+bavli+yerushalmi] || K: name of a place | Ortsname || J(פְּלוּגְתָּא ch): separation; priestly; division
699	קביל	66	קיבל	קביל/-/-/reviewed/reviewed form: Jastrow קַבֵּל Pa. = h. קִבֵּל	
700	שיתינ	66	ששים	שיתינ/-/-/reviewed/reviewed form: Jastrow שִׁתִּין = h. שִׁשִּׁים	{שיתינ} n  || K: unripe figs | unreife Feigen || K: sixty | sechzig
701	אבדימי	65		NO ANALYSIS	
702	גמריננ	65	אנו לומדים	גמריננ/-/-/reviewed/reviewed form: Jastrow גְּמַר "to learn" + ־ינן	
703	דאבוה	65	של אביו	דאבוה/-/-/reviewed/reviewed form: ד + אַבָּא + ־וה	
704	ואמריננ	65	ואנו אומרים	אמר/pe.ptcp.1pl/w/irregular/the sense cited from bavli	{אמר} v הלעיט[k:def:af:bavli] ; אמר[j:same:pe:targum+bavli+yerushalmi] ; טלה, כבש[h:wikt] || J(אָמַר I bh): to join, knot; to be knotted, thick;; to heap up;; to join words, compose || J(אֲמַר ch): they say, it is said; Inf; does this mean to say? || J(אָמַר II bh): to be thick, strong; to thrive; to boast, vaunt, be oppressive; to fatten || J(אִמַּר): lamb
705	לבריה	65	לבנו	לבריה/-/-/reviewed/reviewed form: ל + בַּר (Jastrow: son) + ־יה	
706	לגופיה	65	לעצמו	לגופיה/-/-/reviewed/reviewed form: ל + גּוּפָא + ־יה (itself)	
707	לנפשיה	65	לעצמו	לנפשיה/-/-/reviewed/reviewed form: ל + נַפְשָׁא + ־יה (himself)	
708	מכפרת	65		NO ANALYSIS	
709	דהכי	64		REVIEW_GATE הכי/-/d "שכן" n=64	{הכי} other כן[k:def:bavli] || J(הָכִי): so, in this manner, thus; if this be so; fit for such a thing, old enough
710	דמיינ	64	דומים	דמיינ/-/-/reviewed/reviewed form: Krupnik דְּמֵי "דמה", participle pl.	
711	ותיתי	64	ותבוא	אתא/af.impf.2ms/w/irregular/reviewed choice	{אתא} v סימן[k:def:targum] ; בא[k:def:pe:bavli] ; הביא[r:reviewed:af] || J(אָתָא I): letter, sign || J(אֲתָא ch): to join; to come, to arrive; to occur to; surely, indeed || J(*אָתָא III): Great Bear, Ursa Major
712	זמנינ	64		REVIEW_GATE זמנינ/-/- "לפעמים" n=64	{זמנינ} adv לפעמים[k:def:bavli] || 
713	טבא	64		REVIEW_GATE טבא/-/- "טוב" n=64	{טבא} adj טוב[k:def:bavli] ; שוה[k:def:yerushalmi] ; ראש ונשיא[k:def:yerushalmi] ; יותר[k:def:bavli] || J(טִבָּא): rumor
714	כדרבי	64	כדברי רבי	כדרבי/-/-/reviewed/reviewed form: כ + ד + רַבִּי	
715	להדדי	64		REVIEW_GATE הדדי/-/l "לזה את זה" n=64	{הדדי} adv זה את זה[k:def:bavli] || J(הֲדָדֵי): each other, mutually; like each other; ḥeleb
716	מטי	64		REVIEW_GATE מטי/-/- "הגיע ובא" n=64	{מטי} v הגיע ובא[k:def:pe] ; נתבכר[k:def:pe:bavli] ; הביא[k:def:af] ; הלך[k:def:itpe:targum] ; מצא[j:eq:targum+bavli+midrash+yerushalmi] ; הוליך והביא[j:eq:targum+bavli+midrash+yerushalmi] || J(מְטֵי): to stretch, reach; to arrive at; to obtain; to happen to; to be ripe, ready
717	מעלייתא	64		NO ANALYSIS	
718	עשרינ	64		NO_HEBREW_SENSE עשר	{עשר} v עשר[j:same:pe:bavli] || J(עָשַׁר): to be strong, substantial, wealthy; to become wealthy; Hif. || J(עֲשַׁר ch): to become rich || J(עֶשֶׂר bh): ten.; eleven; twelve || J(עֲשַׂר I): eleven; twelve; g’rivas || J(עָשַׂר): Pi.; to give one-tenth, separate tithes; to reduce to one-tenth || J(עֲשַׂר II ch): Pa.; to tithe; Af.
719	תריסר	64		REVIEW_GATE תריסר/-/- "שנים עשר" n=64	{תריסר} particle שנים עשר[k:def:targum] || 
720	אדהכי	63		REVIEW_GATE אדהכי/-/- "בינתיים" n=63	{אדהכי} adv בינתיים[k:def:bavli] || 
721	בליליא	63	בלילה	בליליא/-/-/reviewed/reviewed form: ב + לֵילְיָא (Jastrow ch. = h. לַיְלָה)	
722	כדקתני	63	כמו ששונה	כדקתני/-/-/reviewed/reviewed form: כ + ד + קא + תְּנֵי (reviewed: שנה)	
723	ליתא	63	אינה	ליתא/-/-/reviewed/reviewed form: לֵית (Krupnik: אין) + ־א	{ליתא} n ליש, אריה[k:def:targum] ; ליש[j:eq:targum] || 
724	למיתני	63		NO ANALYSIS	
725	נהרא	63		REVIEW_GATE נהרא/-/- "נהר, נחל" n=63	{נהרא} n נהר, נחל[k:def:bavli] ; אור[k:def:targum] || J(נַהֲרָא III): brightness
726	תלמידיו	63		NO ANALYSIS	
727	אשכח	62		REVIEW_GATE שכח/af.perf.3ms/- "מצא" n=62	{שכח} v שכח, נשמט מזכרונו[k:def:pe:yerushalmi] ; מצא[k:def:af:bavli] ; נמצא[k:def:itpe:bavli] ; נשכח[k:def:itpe:bavli] ; שכח[j:same:pe:yerushalmi+bavli] ; נמצא[j:eq:targum+bavli+yerushalmi+midrash] ; נמצא[j:eq:itpe:targum+bavli+midrash] ; מצא[r:reviewed:af] || J(שָׁכַח bh): to sink,; to forget, discard; forgetting || J(שְׁכַח ch): to be forgotten || J(שְׁכַח II): Af.; to uncover,; to find
728	ביממא	62		REVIEW_GATE יממא/-/b "ביום, שעות היום" n=62	{יממא} n יום, שעות היום[k:def:bavli] ; אור היום[k:def:bavli] || J(יְמָמָא): day-time, day-light
729	דהדר	62	שחזר	דהדר/-/-/reviewed/reviewed form: ד + הֲדַר (Krupnik: חזר)	
730	דהוא	62		NO ANALYSIS	
731	דידכ	62	שלך	pron:דידכ/fixed/-/pronominal/pronominal preposition table	{דידכ} other שלך[k:def:bavli] || 
732	דנקיט	62	שאוחז	דנקיט/-/-/reviewed/reviewed form: ד + Krupnik נְקַט "החזיק, אחז", participle	
733	חיובא	62		AMBIGUOUS_SENSE חיובא: חובה, התחייבות, הטלת חובה | הוצאת דין לחובה, עונש	{חיובא} n חובה, התחייבות, הטלת חובה[k:def:yerushalmi+bavli] ; הוצאת דין לחובה, עונש[k:def:bavli] || 
734	כללא	62		REVIEW_GATE כללא/-/- "כלל" n=62	{כללא} v מתוך הכלל, סתם[k:def:bavli] ; כלל[j:same:targum+bavli+midrash] || 
735	כרבנ	62		NO ANALYSIS	
736	למיעבד	62	לעשות	למיעבד/-/-/reviewed/reviewed form: עֲבַד (Krupnik: עשה) infinitive + ל	
737	לתנא	62		REVIEW_GATE תני/pe.impf.3ms/- "ישנה" n=62	{תני} v חזר ועשה[k:def:pe:targum] ; לימד[k:def:pe:targum] ; קיבל ומסר הלכה[k:def:pe:bavli] ; שינה[k:def] ; דיבר, סיפר[k:def:targum] ; לימד[k:def:af] ; נכפל[k:def:itpe:targum] ; הוגד[k:def:itpe:targum] ; הוחד[k:def:itpe:targum] ; תני[j:same:pe:targum+bavli+mishnah+yerushalmi] ; שנה[r:reviewed:pe] || J(תני bh): to repeat; to tell; to stipulate, agree, make a condition || J(תְּנֵי ch): to repeat, do a second time; Pa.; to tell, relate; to teach || J(תְּנֵי II): to be pointed, sharp; to sharpen, to speak sharp words; to be sharpened
738	מיחסרא	62		NO_HEBREW_SENSE חסר	{חסר} v חסר[j:same:pe:targum+bavli] ; חסר[j:same:targum] || J(חָסַר bh): to scrape off; to diminish, take off; to be diminished, less; to want, miss; to be imperfe || J(חֲסַר ch): to lessen, deprive, reduce; Part. pass; Pi. || J(חָסֵר II): wanting, defective; less; a defective month; Pl. || J(חָסֵר ch): starving || J(*חֶסֶר): diminution
739	מנהרדעא	62		NO ANALYSIS	
740	מתייבמת	62		NO ANALYSIS	
741	נסיב	62	נשא	נסיב/-/-/reviewed/reviewed form: Krupnik נְסַב "נשא, לקח"	
742	אישתיק	61	שתק	אישתיק/-/-/reviewed/reviewed form: Jastrow שְׁתַק Ithpe. "to be silent"	
743	אמריתה	61	אמרתה	אמריתה/-/-/reviewed/reviewed form: אֲמַר, perfect 2nd + ־ה "it"	
744	בארעא	61		REVIEW_GATE ארעא/-/b "באדמה, ארץ" n=61	{ארעא} n אדמה, ארץ[k:def:bavli+targum] ; מקרה[k:def:targum] ; פגע[k:def] || J(אִרְעָא): accident, occurrence; evils, diseases || J(אַרְעָא): land, earth, ground, field; gout, sore on the toes; fields
745	דחי	61		REVIEW_GATE דחי/-/- "סילק וביטל" n=61	{דחי} v דחף, הדף[k:def:pe] ; סילק וביטל[k:def:pe:bavli] ; נדחף ונהדף[k:def:itpe:targum] ; נקבע לזמן אחר[k:def:itpe] ; דחי[j:same:pe:targum+bavli] || J(דחי bh): to push away, thrust; to dismiss with a vague or paltry reply; to expel || J(דְּחִי ch): to thrust, push, knock down; to suspend, supersede; to push aside, drive off
746	דנפקא	61	שיוצאת	דנפקא/-/-/reviewed/reviewed form: ד + נְפַק (Krupnik: יצא), participle fem.	
747	דסבר	61		REVIEW_GATE סבר/-/d "שחשב" n=61	{סבר} v חשב[k:def] ; בירר, ביאר[k:def:af] ; התיחס בחבה[k:def] ; הבטיח[k:def:af:targum] ; ביאר ופירש[k:def:af:bavli] ; קוה[k:def:itpe:targum] ; היה מובן[k:def:itpe:bavli] ; הזדיין והצטייד[k:def:itpe:targum] ; תקוה[k:def] ; הסבר, פירוש[k:def] ; מחשבה, דעה[k:def:yerushalmi] ; סבר[j:same:pe:targum+bavli+midrash] ; סבר[j:same:targum+midrash+tanakh+yerushalmi] || K: to trust | vertrauen || J(סָבַר bh): Pi.; to be bright; to look for, be hopeful; to think, imagine. Part. pass || J(סְבַר ch): to show a bright face, be pleasant; to favor; Poël; Part. pass || J(סְבַר II): Poël; to encompass; to carry; to bear, endure; to sustain || J(סְבַר III): Poël; Saf; sabar
748	האירוסינ	61		NO ANALYSIS	
749	והתמ	61	ושם	והתמ/-/-/reviewed/reviewed form: ו + הָתָם (Krupnik: שם)	
750	ידיע	61	ידוע	ידיע/-/-/reviewed/reviewed form: יְדַע (Jastrow ch.), passive participle	
751	כדאיתא	61		REVIEW_GATE איתא/-/kd "כשל יש" n=61	{איתא} n יש[k:def:bavli] ; אשה[k:def:yerushalmi+targum+bavli] ; אשה[j:eq:targum+yerushalmi] || J(אִיתָּא): woman, wife
752	להונ	61	להם	pron:להונ/fixed/-/pronominal/pronominal preposition table	
753	למיכל	61		NO ANALYSIS	
754	מדקאמר	61	ממה שאומר	מדקאמר/-/-/reviewed/reviewed form: מן + ד + קא + אֲמַר	
755	מוקימ	61	מעמיד	מוקימ/-/-/reviewed/reviewed form: קוּם Af. (Jastrow: to set up; explain), participle	
756	מתרומה	61		NO ANALYSIS	
757	נענה	61		NO ANALYSIS	
758	רישיה	61	ראשו	רישיה/-/-/reviewed/reviewed form: רֵישׁ (Krupnik: ראש) + ־יה	
759	שיתא	61		REVIEW_GATE שיתא/-/- "ששה" n=61	{שיתא} particle ששה[k:def:targum+tanakh] ; שה[j:eq:targum] || J(שֵׂיתָא): ewe.
760	במחובר	60		NO ANALYSIS	
761	דנפק	60	שיצא	דנפק/-/-/reviewed/reviewed form: ד + נְפַק (Krupnik: יצא)	
762	הדרי	60	חוזרים	הדרי/-/-/reviewed/reviewed form: הֲדַר (Krupnik: חזר), participle pl.	
763	המאורסה	60		NO ANALYSIS	
764	ואזדא	60	והלכה	ואזדא/-/-/reviewed/reviewed form: ו + Jastrow אֲזַד Ithpe. (= אזל) "went"	
765	ואזל	60		REVIEW_GATE אזל/-/w "והלך" n=60	{אזל} v הלך[k:def:pe:bavli] ; טוה[k:def:pe:bavli] || J(אֲזַל I bh): to be gone, to leave; to go; Imper; to depart life, die || J(אֲזַל II): to spin, weave
766	ושקיל	60	ולוקח	ושקיל/-/-/reviewed/reviewed form: ו + שְׁקַל (Krupnik: לקח), participle	
767	חמותו	60		NO ANALYSIS	
768	סימנא	60		REVIEW_GATE סימנ/-/- "אות, היכר" n=60	{סימנא} n  || J(סִימָנָא II): treasure  ##  {סימנ} n אות, היכר[k:def:bavli] ; סימן[j:same:targum+bavli+yerushalmi] || J(סִימָן): mark, sign; omen; symptom; cipher, mnemotechnical note; simah; simanah
769	קטלא	60	מיתה	קטלא/-/-/reviewed/reviewed form: Jastrow קְטָלָא "killing, death penalty"	{קטלא} n שרשרת[k:def:mishnah] ; קטלא[j:same:targum] || K: killing, death-penalty | Tötung, Todesstrafe || J(קְטָלָא): killing, death-penalty; makkeh || J(קַטְלָא): chain, necklace
770	שמעתתא	60		REVIEW_GATE שמעתתא/-/- "הלכה מקובלת" n=60	{שמעתתא} n הלכה מקובלת[k:def:bavli] || 
771	בהכ	59	באותו	בהכ/-/-/reviewed/reviewed form: ב + הַךְ "that"	
772	דאמור	59		NO ANALYSIS	
773	דנפל	59		NO ANALYSIS	
774	ודלא	59	ושלא	ודלא/-/-/reviewed/reviewed form: ו + ד + לָא	
775	וליחוש	59	ויחשוש	וליחוש/-/-/reviewed/reviewed form: ו + חוּשׁ, imperfect	
776	לבבל	59		NO ANALYSIS	
777	ליחייב	59		NO ANALYSIS	
778	למעבד	59	לעשות	למעבד/-/-/reviewed/reviewed form: עֲבַד infinitive + ל	
779	מינא	59		REVIEW_GATE מינא/-/- "מין" n=59	{מינא} n סוג, מין[k:def] ; מין[j:eq:targum+bavli] ; מין[j:eq:bavli+yerushalmi+midrash] || K: a man’s name | männlicher Name
780	מפקיננ	59	אנו מוציאים	מפקיננ/-/-/reviewed/reviewed form: נְפַק Af. + ־ינן	
781	תמרי	59	תמרים	תמרי/-/-/reviewed/reviewed form: plural of תַּמְרָא (Jastrow ch. = h. תָּמָר)	
782	אמרוה	58		NO ANALYSIS	
783	אשמועיננ	58	להשמיענו	אשמועיננ/-/-/reviewed/reviewed form: שְׁמַע Af. infinitive + ־ינן "us"	
784	בההוא	58	באותו	בההוא/-/-/reviewed/reviewed form: ב + הַהוּא	
785	ביומא	58		REVIEW_GATE יומא/-/b "ביום" n=58	{יומא} n יום[k:def:bavli] ; שמש[k:def:bavli] || K: name of a treatise of the Talmud on the order of exercises of the Day of Atonement | Name eines Talmudtraktates über den Versöhnungstag
786	דודאי	58		NO ANALYSIS	
787	דידהו	58	שלהם	pron:דידהו/fixed/-/pronominal/pronominal preposition table	
788	דעד	58		NO ANALYSIS	{דעד} ?  || 
789	ודקא	58		NO_HEBREW_SENSE דק	{דק} n דק[j:same:bavli] || J(דַּק I bh): thin, fine, tender; small bowels; retail. || J(דַּק II bh): a veiled; withered spot; cataract
790	והוו	58	והיו	הוה/pe.perf.3mp/w/irregular/reviewed choice	{הוה} v היה[r:reviewed:pe] || J(הַוָּה bh): change; misfortune || J(*הֵוָה): Ḥevah || J(הֲוָהּ): ah!
791	להנכ	58		REVIEW_GATE הנכ/-/l "להללו" n=58	{הנכ} other הללו[k:def:bavli] || 
792	למיכתב	58	לכתוב	למיכתב/-/-/reviewed/reviewed form: כְּתַב infinitive + ל	
793	למיתנא	58		AMBIGUOUS_SENSE מיתנא: מת	{מיתנא} n מת[k:def] || J(מִיתָנָא): death; the deceased || J(מֵיתָנָא): bringing home, drawing towards one’s self; rope
794	מדלא	58		AMBIGUOUS_SENSE מדלא: מלונת השומר | נזילה	{מדלא} n קנין, רכוש[k:def:yerushalmi] ; מלונת השומר[k:def:bavli] ; נזילה[k:def:bavli] || J(מַדְלָא I): watchman’s lodge || J(*מַדְלָא II): drawing, resorbing
795	אצטריכ	57		REVIEW_GATE צרכ/itpe.perf.3ms/- "היה זקוק לדבר" n=57	{צרכ} v היה זקוק לדבר[k:def:itpe:yerushalmi+bavli] ; נפנה[k:def:bavli] ; חייב, הזקיק[k:def:af:bavli] ; צרך[j:same:pe:targum+yerushalmi+bavli+tanakh+midrash] || J(צָרַךְ): to be narrow; to need, want; to be in need, be forced || J(צְרַךְ ch): pass; to need, be needed; to be needed; to need
796	בדרבננ	57		REVIEW_GATE דרבננ/-/b "בתקנת חכמים" n=57	{דרבננ} ? תקנת חכמים[k:def:bavli] || 
797	בשוקא	57		REVIEW_GATE שוקא/-/b "בשוק" n=57	{שוקא} n שוק[j:same] ; שוק[j:eq:midrash] ; שוק[j:eq:targum+bavli+midrash+yerushalmi] || J(שׁוּקָא): desire, pleasure, satisfaction || J(שׁוּקָא II): market, open place, street
798	דבת	57		NO ANALYSIS	
799	דדמי	57	שדומה	דדמי/-/-/reviewed/reviewed form: ד + דְּמֵי (Krupnik: דמה), participle	
800	דכולהו	57	שכולם	pron:כולהו/fixed/d/pronominal/pronominal preposition table	
801	ובעי	57	וצריך	ובעי/-/-/reviewed/reviewed form: ו + בְּעֵי 3) "היה צריך", participle	
802	נהרדעי	57		NO ANALYSIS	
803	נילפ	57	נלמד	נילפ/-/-/reviewed/reviewed form: Krupnik יְלַף "למד", imperfect 1st pl.	
804	סמיכ	57	סומך	סמיכ/-/-/reviewed/reviewed form: Jastrow סְמַךְ ch. = h. סָמַךְ, participle	{סמיכ} n עזרה[k:def:targum] || 
805	גלימא	56		REVIEW_GATE גלימ/-/- "מעיל, אדרת" n=56	{גלימא} n  || K: height, hill | Anhöhe || K: valley | Tal || J(גְּלִימָא II): height, hill; valley  ##  {גלימ} n מעיל, אדרת[k:def:targum] || J(גְּלִים): wrapper, cloak; g’lima
806	דיקלא	56		REVIEW_GATE דקלא/-/- "דקל" n=56	{דיקלא} n  || K: palm | Dattelpalme || K: boiling | Wallung  ##  {דקלא} ? דקל[j:same:targum+bavli+yerushalmi] || J(דִּקְלָא ch): palm-tree
807	ותרי	56		REVIEW_GATE תרי/-/w "ושנים" n=56	{תרי} v שרה במים[k:def:pe:bavli] ; התרה והזהיר[k:def:af:bavli] ; נשרה[k:def:itpe:targum] ; שנים[k:def:bavli] ; תרי[j:same:targum+bavli+midrash] ; שרה[j:eq:bavli+targum] || J(*תָּרַי): Taray || J(תרי): Hif.; to forewarn; to inform a person about to commit a criminal act of the penalty which  || J(תְּרֵי ch): Af. || J(תְּרֵי ²): to dissolve, soak; to be soaked || J(תְּרֵי ³): two; twelve
808	חזאי	56	ראיתי	חזאי/-/-/reviewed/reviewed form: חֲזִי (Krupnik: ראה), perfect 1st	
809	חליפינ	56		REVIEW_GATE חליפינ/-/- "חילוף והמרה" n=56	{חליפינ} n חילוף והמרה[k:def:bavli] || 
810	קריננ	56	אנו קוראים	קריננ/-/-/reviewed/reviewed form: קְרֵי (Jastrow: to call, read) + ־ינן	
811	שקלי	56	לוקחים	שקלי/-/-/reviewed/reviewed form: שְׁקַל (Krupnik: לקח), participle pl.	
812	תימצי	56		NO ANALYSIS	
813	דאסר	55		NO ANALYSIS	
814	והללו	55		NO ANALYSIS	
815	ועביד	55	ועושה	ועביד/-/-/reviewed/reviewed form: ו + עֲבַד, participle	
816	ופליג	55		AMBIGUOUS rev:פליג/ "וחולק" ~ פליג/ "והיה מחולק בדעות"	
817	וקאי	55	ועומד	rev:קאי/pe.ptcp.ms/w/reviewed-base/a proclitic on the reviewed form קאי	
818	חייש	55	חושש	חייש/-/-/reviewed/reviewed form: Krupnik חוּשׁ "דאג", participle	
819	מחוורתא	55		REVIEW_GATE מחוורתא/-/- "סברא נכונה" n=55	{מחוורתא} n סברא נכונה[k:def] || 
820	נקיט	55	אוחז	נקיט/-/-/reviewed/reviewed form: Krupnik נְקַט "החזיק, אחז", participle	{נקיט} adj בוחל ומתעב[k:def] || J(נָקִיט): shrinking; feeling aversion, disgusted
821	פוק	55	צא	פוק/-/-/reviewed/reviewed form: נְפַק (Krupnik: יצא), imperative	{פוק} v  || J(פּוּק bh): to go forth; to give forth, utter; to let pass, forego
822	תמני	55		REVIEW_GATE תמני/-/- "שמנה" n=55	{תמני} particle שמונה[k:def:targum] ; שמנה[j:eq:targum+bavli+tanakh+yerushalmi] || J(תַּמְנֵי): eight; eighty; eighteen
823	אכתי	54		REVIEW_GATE אכתי/-/- "עדיין" n=54	{אכתי} adv עדיין[k:def:bavli] || J(אַכַּתִּי): still, even now, yet; since
824	אסירא	54		NO_HEBREW_SENSE אסיר	{אסיר} n  || J(אָסִיר bh): prisoner. || J(אָסִיר ²): imprisoned, prisoner; tied, connected; forbidden
825	בחולו	54		NO ANALYSIS	
826	בכולהו	54	בכולם	pron:כולהו/fixed/b/pronominal/pronominal preposition table	
827	גזור	54		NO ANALYSIS	
828	דההיא	54		NO ANALYSIS	
829	דייק	54		NO_HEBREW_SENSE דוק	{דוק} n מין חולי בעין[k:def:targum] || J(דּוֹק): a withered spot in the eye || J(דּוּק): to pound, beat; to powder; powdered; to examine carefully, to be particular, exact in expr
830	ואייתי	54	והביא	ואייתי/-/-/reviewed/reviewed form: ו + אַיְיתֵי (Jastrow: to bring)	
831	ואכיל	54	ואוכל	rev:אכיל/af.perf.3ms/w/reviewed-base/a proclitic on the reviewed form אכיל	
832	והאננ	54		NO ANALYSIS	
833	ירחי	54	חודשים	ירחי/-/-/reviewed/reviewed form: plural of יַרְחָא (Jastrow ch. = h. יֶרַח)	
834	ליבעי	54		AMBIGUOUS_SENSE בעי: שאל | התפלל, בקש רחמים | היה צריך	{בעי} v שאל[k:def:pe:bavli] ; התפלל, בקש רחמים[k:def:bavli] ; היה צריך[k:def:pe:bavli] ; נתבקש[k:def:targum] ; נבהל ללכת[k:def:tanakh] ; נשאל[k:def:itpe] ; צריך להיות[k:def:itpe:bavli] ; פיהק[k:def:pe] ; בעי[j:same:pe:targum+bavli+yerushalmi] || K: not only … but | nicht nur … sondern auch || J(בעי bh): to enter into, split;; to be empty, bare; to lay bare, destroy the crop || J(בְּעֵי I ch): to search, inquire, ask, examine; uba hash-shemesh; to ask, pray || J(בְּעֵי II): to open wide; to yawn
835	מהנכ	54		REVIEW_GATE הנכ/-/m "מהללו" n=54	{הנכ} other הללו[k:def:bavli] || 
836	מחייבו	54		NO ANALYSIS	
837	מיכוינ	54	מתכוון	מיכוינ/-/-/reviewed/reviewed form: Jastrow כּוּן Ithpa. "to intend", participle singular (pass 2: was rendered plural)	
838	קעביד	54	עושה	קעביד/-/-/reviewed/reviewed form: קא + עֲבַד, participle	
839	תרגמה	54	פירשה	תרגמה/-/-/reviewed/reviewed form: Jastrow תַּרְגֵּם "to explain", perfect + ־ה	
840	במיא	53	במים	rev:מיא/-/b/reviewed-base/a proclitic on the reviewed form מיא	
841	הלמד	53		NO ANALYSIS	
842	מסיפא	53		REVIEW_GATE סיפא/-/m "מהחלק האחרון של המשנה" n=53	{סיפא} n סוף[k:def:yerushalmi] ; החלק האחרון של המשנה[k:def:bavli] ; סף[k:def:targum] || J(סֵיפָא): end; the last; second
843	פרסי	53		NO_HEBREW_SENSE פרסי	{פרסי} n פרסי[j:same:yerushalmi+bavli+targum+midrash] || J(פַּרְסִי): Pali || J(פַּרְסִי ² bh): Persian; Persian figs || J(פַּרְסָי ch): d’bir; Fem.
844	ריפתא	53		REVIEW_GATE ריפתא/-/- "לחם" n=53	{ריפתא} n לחם[k:def:bavli] || J(רִיפְתָּא): flat cake; bread; Pl.
845	אחוי	52		NO_HEBREW_SENSE חוי	{חוי} v אַחֲוֵי הראה[k:def:pa:bavli] || J(חוי): to point; to show, teach, tell || J(חוי ² ch): Pa.; to show;to tell; to be announced; to be told
846	אלימא	52	חזק	אלימא/-/-/reviewed/reviewed form: Jastrow אַלִּים "strong", fem.	{אלימא} n אלם[k:def:targum] || J(אִלֵּימָא I): not;; quidem, somehow; unless, but for || J(אִלֵּימָא II): mute; thick
847	דגברא	52		REVIEW_GATE גברא/-/d "של איש" n=52	{גברא} n איש[k:def:bavli] ; גבור[k:def:targum] || 
848	דחזו	52		REVIEW_GATE חזו/-/d "של מראה" n=52	{חזו} n מראה[k:def:targum] || 
849	דעל	52		NO ANALYSIS	
850	דשמעת	52	ששמעת	דשמעת/-/-/reviewed/reviewed form: ד + שְׁמַע, perfect 2nd	
851	ונפיק	52	ויוצא	ונפיק/-/-/reviewed/reviewed form: ו + נְפַק (Krupnik: יצא), participle	
852	ושדי	52	וזורק	ושדי/-/-/reviewed/reviewed form: ו + Krupnik שְׁדֵי "זרק", participle	
853	חבריה	52	חבירו	חבריה/-/-/reviewed/reviewed form: חַבְרָא (Jastrow ch. = h. חָבֵר) + ־יה	
854	לאשמועיננ	52	להשמיענו	לאשמועיננ/-/-/reviewed/reviewed form: ל + שְׁמַע Af. infinitive + ־ינן	
855	לדינא	52		REVIEW_GATE דינא/-/l "לדין ומשפט" n=52	{דינא} n דין ומשפט[k:def:bavli] ; ריב[k:def] ; שופט[k:def] || 
856	שזורי	52		NO ANALYSIS	{שזורי} n  || J(שְׁזוֹרִי): of Sh’zor
857	אינש	51	אדם	אינש/-/-/reviewed/reviewed form: Jastrow אֱנָשׁ ch.	{אינש} n אדם[k:def:bavli] || J(אֱינָשׁ): being; human being; people
858	במיננ	51	בממנו	pron:מיננ/fixed/b/pronominal/pronominal preposition table	
859	דנפשיה	51	של עצמו	דנפשיה/-/-/reviewed/reviewed form: ד + נַפְשָׁא + ־יה	
860	דקני	51		REVIEW_GATE קני/-/d "שקנה" n=51	{קני} v קני[j:same:pe:targum+bavli] ; קנה[j:eq:targum+midrash+bavli] || J(קני): ḳana; to be hot; to be jealous; to envy || J(קְנֵי ch): to be zealous for; to be jealous; to suspect of unfaithfulness; to make jealous; to warn o || J(קני ² bh): to establish; to create; to acquire, own; to take possession; to make sure; to obligate a  || J(קְנֵי ² ch): to make one a bondma
861	ומנלנ	51		REVIEW_GATE מנלנ/-/w "ומהיכן לנו זאת" n=51	{מנלנ} ? מהיכן לנו זאת[k:def:bavli] || 
862	להני	51	לאלה	להני/-/-/reviewed/reviewed form: ל + הָנֵי (Krupnik: הללו)	
863	ליחוש	51	יחשוש	ליחוש/-/-/reviewed/reviewed form: Krupnik חוּשׁ "דאג", imperfect (JBA ל־)	
864	לרבויי	51		NO ANALYSIS	
865	מאני	51	כלים	מאני/-/-/reviewed/reviewed form: plural of מָאנָא (reviewed: כלי)	
866	מריש	51		REVIEW_GATE מריש/-/- "קורה" n=51	{מריש} n קורה[k:def:mishnah] || J(מָרֵישׁ): joist, beam; maresh
867	מתא	51	עיר	מתא/-/-/reviewed/reviewed form: Jastrow מָתָא "town"	{מתא} n מקום, עיר[k:def:bavli] || J(מָתָא): land; home, place, town; settlements
868	קמאי	51	לפני	pron:קמאי/fixed/-/pronominal/pronominal preposition table	
869	תפשוט	51		NO ANALYSIS	
870	אדרבננ	50		NO ANALYSIS	
871	אימיה	50	אמו	אימיה/-/-/reviewed/reviewed form: אִימָּא (Jastrow: mother) + ־יה	
872	גמרי	50	לומדים	גמרי/-/-/reviewed/reviewed form: Jastrow גְּמַר "to learn", participle pl.	{גמרי} ?  || J(גַּמְּרִי): entirely
873	דא	50		REVIEW_GATE דא/-/- "זו" n=50	{דא} n זו[j:eq:targum+bavli+yerushalmi+midrash] || K: this | sie, diese || K: but | aber || J(דָּא I): this; not in this case || J(דָּא II): da da
874	דרמי	50	שמקשה	דרמי/-/-/reviewed/reviewed form: ד + Krupnik רְמֵי "הראה סתירה", participle	
875	ובפלוגתא	50		REVIEW_GATE פלוגתא/-/wb "ובוכוח, מחלוקת" n=50	{פלוגתא} n מחלקה[k:def:targum] ; וכוח, מחלוקת[k:def] ; הבדל[k:def] ; פלוגת[j:same:targum+midrash+bavli+yerushalmi] || K: name of a place | Ortsname || J(פְּלוּגְתָּא ch): separation; priestly; division
876	ופליגי	50	וחולקים	rev:פליגי/pe.ptcp.mp/w/reviewed-base/a proclitic on the reviewed form פליגי	
877	חיטי	50		REVIEW_GATE חיטי/-/- "חטים" n=50	{חיטי} n חטים[k:def:bavli] || 
878	לייתי	50	יבוא	אתא/af.impf.3ms/-/irregular/reviewed choice	{אתא} v סימן[k:def:targum] ; בא[k:def:pe:bavli] ; הביא[r:reviewed:af] || J(אָתָא I): letter, sign || J(אֲתָא ch): to join; to come, to arrive; to occur to; surely, indeed || J(*אָתָא III): Great Bear, Ursa Major
879	לינה	50		REVIEW_GATE לינה/-/- "מנוחת לילה · שהית לילה" n=50	{לינה} n מנוחת לילה[k:def:midrash] ; שהית לילה[k:def:yerushalmi] || J(לִינָה): night-rest, staying over night, lodging
880	מדפתי	50		NO ANALYSIS	
881	קנסא	50		REVIEW_GATE קנסא/-/- "עונש ממון" n=50	{קנסא} ? עונש ממון[k:def:bavli] ; קנס[j:same:targum+bavli] || 
882	קסברי	50	סוברים	קסברי/-/-/reviewed/reviewed form: קא + סְבַר, participle pl.	
883	ארבעינ	49		NO_HEBREW_SENSE ארבעה	{ארבעה} n ארבעה[j:same:targum+bavli+midrash] || J(אַרְבָּעָה I): four; forty || J(אַרְבְּעָה ch): the fourth; forty; fourteen, fourteenth || J(*אַרְבָּעָה II): couching
884	בבעלי	49		NO ANALYSIS	
885	בישרא	49		REVIEW_GATE בישרא/-/- "בשר" n=49	{בישרא} n בשר[k:def] || 
886	בעובד	49		NO ANALYSIS	
887	גיטיכ	49		NO ANALYSIS	
888	חיותא	49		AMBIGUOUS_SENSE חיותא: בהמה | רחם	{חיותא} n בהמה[k:def:bavli] ; רחם[k:def:bavli] ; חיות[j:same:bavli+midrash+tanakh] || J(חַיּוּתָא ch): life, livelihood; womb; animal || J(חֵיוְתָא): living, provision
889	לכדרבי	49		NO ANALYSIS	
890	מהדדי	49		REVIEW_GATE הדדי/-/m "מזה את זה" n=49	{הדדי} adv זה את זה[k:def:bavli] || J(הֲדָדֵי): each other, mutually; like each other; ḥeleb
891	מחסרא	49	חסרה	מחסרא/-/-/reviewed/reviewed form: Jastrow חֲסַר "to be wanting", participle fem.	
892	מיית	49		REVIEW_GATE מית/-/- "מות" n=49	{מית} v מות[j:eq:targum+bavli+yerushalmi] || J(מִית I ch): to die, be dead; Part.; to cause death, slay || J(מִית II): dead; corpse
893	ניסא	49		REVIEW_GATE ניסא/-/- "נס, פלא" n=49	{ניסא} n נס, פלא[k:def:bavli] ; אי[k:def:targum] || J(נִיסָא): to emigrate; to subject; settlement, colony
894	ניסת	49		NO_HEBREW_SENSE יסת	{יסת} v  || J(*יָסַת): to do habitually; to cause to do, stir up, instigate; he who stirs people up to worship id
895	פירכא	49		REVIEW_GATE פירכא/-/- "קושיא, טענה, סתירה" n=49	{פירכא} n קושיא, טענה, סתירה[k:def:bavli] || J(פִּירְכָא): refutation, objection
896	קריבינ	49		NO_HEBREW_SENSE קריב	{קריב} n  || J(קָרֵיב): near, related
897	רשותא	49		REVIEW_GATE רשותא/-/- "רשות" n=49	{רשותא} ? רשות[j:same:targum+tanakh+midrash+bavli+yerushalmi] || J(רְשׁוּתָא ch): power, control, authority; permission, license; leave
898	שימור	49		REVIEW_GATE שימור/-/- "שמירה" n=49	{שימור} n שמירה[k:def:bavli] ; סינון השמרים[k:def] || J(שִׁימּוּר): guarding, care; clearing wine, straining
899	אדתני	48		NO ANALYSIS	
900	אהייא	48		NO_HEBREW_SENSE הייא	{הייא} particle איזה[k:def:bavli+yerushalmi] || K: quickly | schnell || K: go on! | vorwärts! || J(הֵיָיא): to which; this || J(הַיָיא): quickly, rapidly; quick! go on!
901	בתירה	48		NO_HEBREW_SENSE בתירא	{בתירא} v משפחת לומדים מבבל[k:def:bavli] || K: a man’s name | männlicher Name
902	גירושינ	48		NO ANALYSIS	
903	ואית	48	ויש	rev:אית/-/w/reviewed-base/a proclitic on the reviewed form אית	
904	ויהיב	48	ונותן	ויהיב/-/-/reviewed/reviewed form: ו + יְהַב (Jastrow: to give), participle	
905	ומינה	48	וממנה	pron:מינה/fixed/w/pronominal/pronominal preposition table	
906	חוקה	48		NO ANALYSIS	{חוקה} n  || J(חוּקָּה bh): firmly established distinctive usage, religious observance; ḥukkah
907	יוכיחו	48		NO ANALYSIS	
908	למילפ	48	ללמוד	למילפ/-/-/reviewed/reviewed form: יְלַף (Krupnik: למד) infinitive + ל	
909	לשמעיה	48	לשמשו	לשמעיה/-/-/reviewed/reviewed form: Jastrow שַׁמָּעָא "attendant" + ־יה	
910	משתעי	48	מדבר	משתעי/-/-/reviewed/reviewed form: Jastrow שְׁעֵי Ithpa. "to tell, converse", participle	
911	אימורינ	47		NO ANALYSIS	
912	בעידנא	47	בשעה	בעידנא/-/-/reviewed/reviewed form: ב + עִידָּנָא "time" (Krupnik עידן)	
913	בפר	47		NO ANALYSIS	
914	דנפיש	47	שמרובה	דנפיש/-/-/reviewed/reviewed form: ד + Krupnik נְפִישׁ "מרובה"	
915	והתני	47		NO ANALYSIS	
916	וכדרב	47	וכדברי רב	rev:כדרב/-/w/reviewed-base/a proclitic on the reviewed form כדרב	
917	חלא	47		AMBIGUOUS_SENSE חלא: חומץ | חול	{חלא} n חומץ[k:def:targum+bavli] ; חול[k:def:bavli] ; חול[j:eq:targum+bavli] || K: a globular concretion | eiförmiges Kügelchen || K: Phoenix | Phönix || J(חַלָּא): a globular concretion; yaḥmur || J(חָלָא I): sand || J(חָלָא III): turned, spoiled; vinegar || J(חֲלָא): to be sick
918	יוחאי	47		NO ANALYSIS	
919	ינוקא	47		REVIEW_GATE ינוקא/-/- "ילד" n=47	{ינוקא} n ילד[k:def:bavli] || K: a man’s name | männlicher Name || J(יָנוּקָא I): suckling, infant; child; school-boy; pathia; Fem. || J(יַנּוֹקָא): breasts
920	כתביננ	47		REVIEW_GATE כתב/pe.ptcp.1pl/- "אנו כותבים" n=47	{כתב} v כתב ורשם[k:def:pe:bavli] ; נכתב ונרשם[k:def:itpe:targum+bavli] ; כתב[j:same:pe:targum+bavli+tanakh+midrash+mishnah] ; כתב[j:same:targum+midrash] || J(כָּתַב): to join sign to sign; to compose, write; to promise in writing, to will, assign, consign;  || J(כְּתַב I ch): the text reads; evening; it is written, it reads || J(כְּתָב bh): writing, writ; character.; signature
921	לשמעתא	47		REVIEW_GATE שמעתא/-/l "ללכה מקובלת" n=47	{שמעתא} n הלכה מקובלת[k:def:bavli] || J(שְׁמַעְתָּא): report, tradition, traditional law; outcome of a discussion, decision
922	מדסיפא	47		REVIEW_GATE סיפא/-/md "משל החלק האחרון של המשנה" n=47	{סיפא} n סוף[k:def:yerushalmi] ; החלק האחרון של המשנה[k:def:bavli] ; סף[k:def:targum] || J(סֵיפָא): end; the last; second
923	מההיא	47	מאותה	מההיא/-/-/reviewed/reviewed form: מן + הַהִיא	
924	מהימנא	47		NO_HEBREW_SENSE הימנ	{הימנ} v האמין[j:eq:targum+bavli+yerushalmi+tanakh] ; נאמן[j:eq:targum+bavli+yerushalmi+tanakh] || J(הֵימַן): to credit, trust, confide; to loan on trust; to admit as evidence; Part. pass; faithful, r
925	מזוני	47	מזונות	מזוני/-/-/reviewed/reviewed form: Jastrow מְזוֹנָא ch. "food, maintenance" (= h. מָזוֹן), plural	
926	מריה	47	בעליו	מריה/-/-/reviewed/reviewed form: מָרֵי "master, owner" (Jastrow מָרָא) + ־יה	
927	רווחא	47		REVIEW_GATE רווחא/-/- "הנחה והקלה" n=47	{רווחא} n הנחה והקלה[k:def:bavli] || K: room, open space | (freier) Raum || J(רְוָוחָא): wide space, relief
928	שנתננ	47		NO ANALYSIS	
929	בדלא	46	בלא	בדלא/-/-/reviewed/reviewed form: ב + ד + לָא	
930	בזר	46		NO_HEBREW_SENSE בזר	{בזר} v בזר[j:same:bavli] || J(בָּזַר bh): to strew, scatter || J(בְּזַר ch): Pa.
931	בזריקה	46		NO ANALYSIS	
932	בשעיר	46		NO ANALYSIS	
933	דהו	46		NO ANALYSIS	
934	דמית	46		REVIEW_GATE מית/-/d "שמות" n=46	{מית} v מות[j:eq:targum+bavli+yerushalmi] || J(מִית I ch): to die, be dead; Part.; to cause death, slay || J(מִית II): dead; corpse
935	דמצוה	46		NO ANALYSIS	
936	דפליג	46		REVIEW_GATE פליג/-/d "שהיה מחולק בדעות" n=46	{פליג} other חילק[k:def:targum] ; היה מחולק בדעות[k:def:bavli] || 
937	דשקיל	46	שלוקח	rev:שקיל/pe.ptcp.ms/d/reviewed-base/a proclitic on the reviewed form שקיל	
938	ונילפ	46	ונלמד	rev:נילפ/pe.impf.3ms/w/reviewed-base/a proclitic on the reviewed form נילפ	
939	זילו	46		NO ANALYSIS	
940	לביתיה	46		AMBIGUOUS_TAG ביתי n.sg "לשל הבית" ~ n.sg+3fs "לשל הבית שלה"	{ביתי} adj של הבית[k:def] || 
941	למיתב	46	לשבת	למיתב/-/-/reviewed/reviewed form: יְתֵיב infinitive (Jastrow; = h. יָשַׁב) + ל	
942	מכללו	46		NO ANALYSIS	
943	מתיא	46		REVIEW_GATE מית/n.pl/- "מות" n=46	{מית} v מות[j:eq:targum+bavli+yerushalmi] || J(מִית I ch): to die, be dead; Part.; to cause death, slay || J(מִית II): dead; corpse
944	נקט	46		REVIEW_GATE נקט/-/- "החזיק, אחז" n=46	{נקט} v העניק[k:def:pa:midrash] ; החזיק, אחז[k:def:pe] ; לקח[k:def:pe] ; נתן הושיט[k:def:bavli] ; ליקט[k:def:bavli] ; נקט[j:same:pe:targum+bavli] || J(נָקַט): to hold in hand, take, seize; to cause to hold, to procure || J(נְקַט ch): holding; to contract a habit; to cause to hold, to give, hand
945	פרטא	46		REVIEW_GATE פרטא/-/- "פרט" n=46	{פרטא} ? פרט[j:same:bavli+tanakh] || 
946	קניס	46		NO ANALYSIS	
947	שוורימ	46		NO_HEBREW_SENSE שור	{שוורימ} ?  ||   ##  {שור} v קפץ[k:def:pa:bavli] ; שור[j:same:targum+midrash+bavli+yerushalmi] || J(שׁוּר I): to sing; Polel || J(שׁוּר II bh): desert of Shur; caravan road || J(שׁוּר III bh): wall, fortification, stronghold; protected habitation, civilized condition || J(שׁוּר ch): wall, fortification; line, road || J(שׁוֹר I bh): shor || J(שׁוֹר II bh): chain, cord; umbilical cord
948	תרווייהו	46		NO ANALYSIS	
949	אוירא	45		REVIEW_GATE אוירא/-/- "חלל העולם" n=45	{אוירא} n חלל העולם[k:def:bavli] ; אויר[j:same:targum+bavli+yerushalmi] || J(אָוֵירָא ch): empty space, air; air, weather; pile of bricks with openings between
950	איזיל	45		NO ANALYSIS	
951	איתקש	45		NO_HEBREW_SENSE נקש	{נקש} v התחבט זה לזה[k:def:pe:bavli] ; הכה בכלי זמר[k:def:af:midrash] ; השוה[k:def:af:bavli] ; נקש[j:same:pe:targum+bavli+midrash+tanakh] || J(נָקַשׁ): to strike against; to touch closely; to cause striking against; to knock; to strike an ins || J(נְקַשׁ ch): to strike against; to knock, drive in; to compare; to be knocked together
952	בנהרדעא	45		NO ANALYSIS	
953	בשרא	45		REVIEW_GATE בשרא/-/- "בשר, גוף" n=45	{בשרא} n בשר, גוף[k:def:targum] ; אדם[k:def] ; בשורה[k:def:targum] ; בשר[j:same:targum+bavli] || J(בִּשְׂרָא ch): body, flesh, meat; mortal
954	דאכל	45		NO ANALYSIS	
955	דחבריה	45		NO ANALYSIS	
956	דחזא	45		AMBIGUOUS_SENSE חזי: ראה | ראוי	{חזי} v ראה[k:def:pe:bavli] ; הראה[k:def:af:bavli] ; נראה[k:def:itpe:bavli] ; היה ראוי[k:def:itpe:bavli] ; הָראה[k:def:itpe] ; ראוי[k:def:bavli] ; חזי[j:same:pe:targum+bavli] || J(חזי bh): to divide; to discern, see; to distribute kindled chips between logs of wood || J(חֲזִי ch): to see, recognize, to decide; Part. pass; pointed out, fit for, prepared;
957	דיחיד	45		NO ANALYSIS	
958	דמילתא	45		REVIEW_GATE מילתא/-/d "של דבר" n=45	{מילתא} n מלה[k:def:bavli] ; דבר[k:def:bavli] || J(מִילְּתָא): word; thing, affair; to let blood; to be bled
959	דעבדי	45		NO ANALYSIS	
960	דשכיחי	45		NO ANALYSIS	
961	וגבי	45		NO ANALYSIS	
962	זיקא	45		REVIEW_GATE זיקא/-/- "חיבור וקישור" n=45	{זיקא} n נאד[k:def] ; כבל[k:def] ; חיבור וקישור[k:def:bavli] ; חיוב, התחייבות[k:def:yerushalmi] ; זיק[j:same:yerushalmi+targum+bavli+midrash+tanakh] || J(זִיקָא I ch): shooting star; comet; blast, wind, draught || J(זִיקָא II): sprinkler; hose, skin || J(זִיקָא III): fetters, chains; obligation
963	יהבי	45		NO_HEBREW_SENSE יהב	{יהב} v  || J(יְהַב): to give; to deal; to put, place
964	כדאמרנ	45		NO ANALYSIS	
965	לאיסורא	45		REVIEW_GATE איסורא/-/l "לאיסור" n=45	{איסורא} n איסור[k:def] ; יסורים[k:def:targum] ; איסור[j:same:targum+bavli] || J(אִיסּוּרָא ch): band; ritual questions; prostitution || J(אִיסוּרָא II): chastisement.
966	לארעא	45		REVIEW_GATE ארעא/-/l "לאדמה, ארץ" n=45	{ארעא} n אדמה, ארץ[k:def:bavli+targum] ; מקרה[k:def:targum] ; פגע[k:def] || J(אִרְעָא): accident, occurrence; evils, diseases || J(אַרְעָא): land, earth, ground, field; gout, sore on the toes; fields
967	להכא	45		REVIEW_GATE הכא/-/l "לכאן" n=45	{הכא} adv כאן[k:def] || J(הָכָא): here, hither; in this case, now
968	לטעמייהו	45		REVIEW_GATE טעמא/n.pl+3mp/l "לסבה שלהם" n=45	{טעמא} n סבה[k:def:bavli] ; טעם[k:def] || J(טָעֲמָא): pleader.; pleaders
969	ליוחסינ	45		NO ANALYSIS	
970	ליתיה	45	איננו	pron:ליתיה/fixed/-/pronominal/pronominal preposition table	
971	מטו	45	הגיעו	מטו/-/-/reviewed/reviewed form: Krupnik מְטָא "הגיע", perfect pl.	{מטו} n סליחה[k:def:bavli] ; טובה[k:def:targum] ; , בְּמָטוּתָא בבקשה, אנא[k:def:targum+bavli] || J(מָטוּ): inclining; favor; to ask a favor, beg.
972	מיעוטא	45		AMBIGUOUS_SENSE מיעוטא: מעט | החלק הקטן מן	{מיעוטא} n מעט[k:def:mishnah+bavli] ; החלק הקטן מן[k:def:bavli] ; מיעוט[j:same:bavli] || 
973	מעייל	45	מביא · הכניס	עלל/af.ptcp.ms/-/irregular/two senses	{עלל} v טיפל, עסק[k:def:pe:midrash] ; נכנס[k:def:pe] ; בא[k:def:pe:targum] ; הביא[k:def:af:targum] ; הובא והושם[k:def:itpe:targum] ; עלל[j:same:pe:targum+yerushalmi+bavli+midrash+tanakh] ; הכניס[r:reviewed:af] || J(עָלַל bh): Pol. to bring about; to go about; to superintend, be busy || J(עֲלַל I ch): to enter a town, a house; to come in; to set || J(עֲלַל II): that which is brought in; harvest, provision; income; ʿălalta
974	עלויה	45		NO ANALYSIS	
975	קאימנא	45	עמד, היה קיים	קומ/pe.ptcp.1s/-/irregular/the sense cited from bavli	{קומ} v עמד, היה קיים[k:def:pe:bavli] ; מי חלב[k:def:mishnah] ; קום[j:same:pe:targum+bavli+midrash+yerushalmi+tanakh] ; העמיד[r:reviewed:af] || J(קוּם bh): to stand up, rise; to stand, exist; a transgression of a prohibitive law which you must re || J(קוּם ² ch): ḥălitsah; to ascertain; to bargain for || J(קוֹם): curdled milk, curd; whey; ḳom?
976	קרינא	45		REVIEW_GATE קרינא/-/- "יין מתוק" n=45	{קרינא} n יין מתוק[k:def] || J(קְרִינָא): a sweet wine; ḳ’rina
977	תבעי	45		NO ANALYSIS	
978	אדרב	44		NO ANALYSIS	
979	אלמלא	44		AMBIGUOUS_SENSE אלמלא: לולא | לו, אילו	{אלמלא} other לולא[k:def:mishnah+bavli] ; לו, אילו[k:def:bavli] || J(אִלְמָלֵא): if in any way not, if not, but for; if indeed
980	אמוראי	44		REVIEW_GATE אמוראה/n.pl/- "אמורי" n=44	{אמוראה} n מלמד[k:def:targum] ; אמורי[j:eq:targum+bavli+tosefta] || J(אֲמוֹרָאָה): teacher || J(אֱמוֹרָאָה ch): Emorite; the chapter treating of idolatrous practices
981	בגויה	44		NO ANALYSIS	
982	דחוי	44		REVIEW_GATE דחוי/-/- "סילוק וביטול" n=44	{דחוי} n סילוק וביטול[k:def] || 
983	דיומא	44		REVIEW_GATE יומא/-/d "של יום" n=44	{יומא} n יום[k:def:bavli] ; שמש[k:def:bavli] || K: name of a treatise of the Talmud on the order of exercises of the Day of Atonement | Name eines Talmudtraktates über den Versöhnungstag
984	דכנ	44		NO_HEBREW_SENSE דכנ	{דכנ} v כתת[k:def:pa] ; דכן[j:same:pe:targum] || J(דָּכַן): Pi.; to pound || J(דְּכַן ch): to crush
985	דנפיק	44	שיוצא	דנפיק/-/-/reviewed/reviewed form: ד + נְפַק, participle	
986	דסליק	44	שעולה	דסליק/-/-/reviewed/reviewed form: ד + סְלֵק, participle	
987	הבלא	44		REVIEW_GATE הבלא/-/- "הבל" n=44	{הבלא} n הבל[k:def:targum+tanakh] || J(הַבְלָא): breath; vanity
988	זביחה	44		REVIEW_GATE זביחה/-/- "שחיטת קרבן" n=44	{זביחה} n שחיטת קרבן[k:def:bavli] || J(זְבִיחָה): slaughtering ceremony
989	כקנינ	44		NO ANALYSIS	
990	לגזירה	44		REVIEW_GATE גזירא/-/l "לחוק, פקודה" n=44	{גזירא} n חוק, פקודה[k:def] ; גזרה[j:eq:targum] || J(גְּזֵירָא ch): decree, law
991	לחד	44		REVIEW_GATE חד/-/l "לאחד" n=44	{חד} particle אחד[k:def:bavli] ; אחד[j:eq:targum+yerushalmi+bavli] || J(חַד I bh): pointed, sharp; swift; Pl. || J(חַד II): one, singular, particular; like one; together, simultaneously
992	ליתנהו	44	אינם	pron:ליתנהו/fixed/-/pronominal/pronominal preposition table	
993	מדיפתי	44		NO ANALYSIS	
994	מחיל	44		AMBIGUOUS_SENSE מחל: סלח וכיפר | ויתר	{מחל} v סלח וכיפר[k:def:pe:bavli] ; ויתר[k:def:pe:bavli] ; נסלח[k:def:itpe:bavli] ; הופקע ובטל[k:def:itpe:bavli] ; מחל[j:same:bavli] || J(מָחַל): to blot out, annul; to remit; to forgive, pardon, to forego, renounce
995	מיאונ	44		AMBIGUOUS_SENSE אינ: אם	{מיאונ} n  || K: a woman’s protest against a marriage contracted during her minority | (nachträgliche) Eheverweigerung eines unmündig verheirateten Mädchens || J(מִיאוּן): a woman’s protest against a marriage contracted during her minority, annulment of marriage  ##  {אינ} adv אם[k:def:yerushalmi] || K: yes | ja || J(אָיַן): to look upon, investigate || J(אַיִן I): naught; something rounded, decorative || J(אַיִן II bh): where?; whither?; whence || J(אֵין bh): nothing, not; not I; so much the more || J(אִין I): yes, indeed; is it really so? indeed? || J(אִין II): if, whether
996	מיחזי	44		REVIEW_GATE מחזי/-/- "מראה" n=44	{מחזי} n מראה[k:def:targum] || J(מִחְזֵי): appearance
997	ניחוש	44		REVIEW_GATE ניחוש/-/- "מעשה כשפים" n=44	{ניחוש} n מעשה כשפים[k:def:yerushalmi] || 
998	שטעונ	44		NO ANALYSIS	
999	תילתא	44		REVIEW_GATE תלתא/-/- "שליש" n=44	{תילתא} ?  || K: three years old | dreijährig  ##  {תלתא} n שליש[k:def:targum] || J(תִּלְתָּא): a third part; having reached one-third of the full growth; a third-grown calf
1000	תרגמא	44		NO_HEBREW_SENSE תרגמ	{תרגמ} v תרגם[j:same:pe:bavli+midrash+tanakh] || J(תִּרְגֵּם): to speak aloud; to deliver, proclaim; to explain, interpret || J(תַּרְגֵּם ch): to read; to interpret, translate, explain
