rank	form	count	gloss	analysis	lexicon
1	ליה	65667	לו	pron:ליה/fixed/-/pronominal/pronominal preposition table	
2	דלא	60015	שלא	דלא/-/-/reviewed/reviewed form: ד + לָא (Jastrow דְּלָא² "that not"); Krupnik's דְּלָא "lifted" is another, rare word	{דלא} v הרים[k:def:pe:bavli] ; נזל[k:def:pe:targum] || J(דְּלָא ²): that not, which not || J(דְּלָא ³): to draw
3	היינו	47279	זהו	היינו/-/-/exact/the sense cited from bavli	{היינו} other זהו[k:def:bavli] || J(הַיְינוּ): it is this, it is he; it is the same, it corresponds to; which means
4	נמי	41926	גם, כמו כן	נמי/-/-/exact/the sense cited from bavli	{נמי} adv גם, כמו כן[k:def:bavli] || J(נַמִּי): at all events, really, even, likewise; it is really so; is it really so?
5	דהא	25490	שהרי	דהא/-/-/reviewed/reviewed form: ד + הָא (Krupnik 3: הלא)	
6	דהיינו	24918	שזהו	היינו/-/d/exact/the sense cited from bavli	{היינו} other זהו[k:def:bavli] || J(הַיְינוּ): it is this, it is he; it is the same, it corresponds to; which means
7	דאינ	23637		NO ANALYSIS	
8	כתיב	23479	כתוב	כתיב/-/-/reviewed/reviewed form: Jastrow כְּתִיב "written, it is written" (כְּתַב, passive participle)	{כתיב} n  || K: the traditional spelling of some Biblical words, opp. to the Massoretic instruction for reading | die Schreibung mancher biblischer Worte, im Gegensatz zur massoretischen Lesung || J(כְּתִיב): written; it is written; K’thib; halakhah
9	דאמר	22224		NO ANALYSIS	
10	דכתיב	20885	שכתוב	דכתיב/-/-/reviewed/reviewed form: ד + כְּתִיב (Jastrow: it is written)	
11	והיינו	20378	וזהו	היינו/-/w/exact/the sense cited from bavli	{היינו} other זהו[k:def:bavli] || J(הַיְינוּ): it is this, it is he; it is the same, it corresponds to; which means
12	דוקא	19118	בדיוק	דוקא/-/-/reviewed/reviewed form: Krupnik דּוּקָא "exactness / exactly" (Hebrew missing in the digitization)	{דוקא} n מין חולי בעין[k:def:targum] ; מוץ[k:def:targum] ; דק[j:eq:targum] ; דק[j:eq:targum] || K: exactness | Genauigkeit || K: exactly, exlusively, absolutely, only | genau, nur, gerade, absolut || J(דַּוְקָא): exactness, minuteness; exactly, exclusively, only || J(דּוּקָא I): chaff || J(דּוּקָא II): a withered spot in the eye; withered in growth, dwarf
13	הוה	18876	היה	הוה/-/-/exact/reviewed choice	{הוה} v היה[r:reviewed:pe] || J(הַוָּה bh): change; misfortune || J(*הֵוָה): Ḥevah || J(הֲוָהּ): ah!
14	מאי	18809	מה	מאי/-/-/reviewed/reviewed form: Krupnik מַאי "מה"; Jastrow מַאי "what?"	{מאי} particle מה[k:def:bavli] || J(מַאי): what?; why?; v’taher; v’omer
15	בחינת	18653		NO ANALYSIS	
16	בר	16365	בן	בר/-/-/exact/reviewed choice	{בר} n בקי[k:def:tosefta] ; בר[j:same:targum+bavli+yerushalmi+midrash] ; שדה[j:eq:targum+bavli+yerushalmi+midrash] ; חוץ[j:eq:targum+bavli+yerushalmi+midrash] ; בן[r:reviewed] || J(בַּר I bh): empty, open; uncultivated ground, forest, prairie;; buffalo || J(בַּר ch): forest, prairie; living in the forest; wild || J(בַּר II ch): son, offspring; grandson; a scholar || J(בַּר III bh): clear, bright, clean, pure; bar || J(בַּר IV bh): sifted; grain
17	התמ	15390	שם	התמ/-/-/reviewed/reviewed form: Krupnik הָתָם "שם"	{התמ} adv שם[k:def] || J(הָתָם): there; in that case;
18	והא	15356		NO_HEBREW_SENSE וה	{וה} particle  || J(וָהּ): vah; hăvah; ah!
19	הכא	15344	כאן	הכא/-/-/exact/single sense	{הכא} adv כאן[k:def] || J(הָכָא): here, hither; in this case, now
20	יצחק	14099		NO ANALYSIS	
21	קאמר	13285		NO ANALYSIS	
22	אמריננ	13191	אנו אומרים	אמר/pe.ptcp.1pl/-/irregular/the sense cited from bavli	{אמר} v הלעיט[k:def:af:bavli] ; אמר[j:same:pe:targum+bavli+yerushalmi] ; טלה, כבש[h:wikt] || J(אָמַר I bh): to join, knot; to be knotted, thick;; to heap up;; to join words, compose || J(אֲמַר ch): they say, it is said; Inf; does this mean to say? || J(אָמַר II bh): to be thick, strong; to thrive; to boast, vaunt, be oppressive; to fatten || J(אִמַּר): lamb
23	למימר	13087	לומר	למימר/-/-/reviewed/reviewed form: אֲמַר infinitive (Jastrow: Inf. מֵימַר) + ל	
24	האי	12729	זה, זאת	האי/-/-/exact/the sense cited from bavli	{האי} other זה, זאת[k:def:bavli] || J(הַאי): this, that; v’taher; locale
25	ביה	12492	בו	pron:ביה/fixed/-/pronominal/pronominal preposition table	
26	דאמ	12095		NO ANALYSIS	
27	טעמא	11880	טעם	טעמא/-/-/reviewed/reviewed form: Krupnik טַעֲמָא 2) "טעם" (Galilean: the reason / taste)	{טעמא} n סבה[k:def:bavli] ; טעם[k:def] || J(טָעֲמָא): pleader.; pleaders
28	איכא	11854	יש	איכא/-/-/exact/reviewed choice	{איכא} particle היכן[k:def:targum] ; יש[k:def:bavli] || J(אֵיכָא): where now? || J(אִיכָּא): there is, there are; sunt qui; he who
29	דאי	11406	שאם	דאי/-/-/reviewed/reviewed form: ד + אִי "if" (Krupnik אִי 2; Jastrow אִי II "if"); Krupnik's דַּאי "sufficiency" is rare	{דאי} n מדה מספקת[k:def] ; ראוי והגון[k:def:midrash+bavli] || J(דַּאי): sufficiency; too much
30	דכל	11204		NO ANALYSIS	
31	היכא	9843	היכן	היכא/-/-/exact/reviewed choice	{היכא} particle היכן[r:reviewed] || K: where? | wo? || K: where | wo || J(הֵיכָא): where?; where
32	דהוי	9723		NO ANALYSIS	
33	שפיר	9323	יפה	שפיר/-/-/reviewed/reviewed form: Jastrow שַׁפִּיר "beautiful; well, right"	{שפיר} adj שפיר[j:same:targum+bavli] || K: handsome | schön || K: right, well | gut, richtig || K: sac of the) foetus | Hautblase des Embryos || J(שְׁפִיר): membraneous bag, sac of a fœtus; fœtus || J(שַׁפִּיר): handsome, pleasing; good; cheerful; Fem; right, well
34	דכיונ	9172		NO ANALYSIS	
35	בעי	9051	צריך	בעי/-/-/reviewed/reviewed form: Krupnik בְּעֵי 3) "היה צריך" (Bavli), the participle	{בעי} v שאל[k:def:pe:bavli] ; התפלל, בקש רחמים[k:def:bavli] ; היה צריך[k:def:pe:bavli] ; נתבקש[k:def:targum] ; נבהל ללכת[k:def:tanakh] ; נשאל[k:def:itpe] ; צריך להיות[k:def:itpe:bavli] ; פיהק[k:def:pe] ; בעי[j:same:pe:targum+bavli+yerushalmi] || K: not only … but | nicht nur … sondern auch || J(בעי bh): to enter into, split;; to be empty, bare; to lay bare, destroy the crop || J(בְּעֵי I ch): to search, inquire, ask, examine; uba hash-shemesh; to ask, pray || J(בְּעֵי II): to open wide; to yawn
36	דאיכא	8973	שיש	איכא/-/d/exact/reviewed choice	{איכא} particle היכן[k:def:targum] ; יש[k:def:bavli] || J(אֵיכָא): where now? || J(אִיכָּא): there is, there are; sunt qui; he who
37	חד	8860	אחד	חד/-/-/exact/the sense cited from bavli	{חד} particle אחד[k:def:bavli] ; אחד[j:eq:targum+yerushalmi+bavli] || J(חַד I bh): pointed, sharp; swift; Pl. || J(חַד II): one, singular, particular; like one; together, simultaneously
38	קאי	8567	עומד	קאי/-/-/reviewed/reviewed form: Krupnik קוּם "עמד, היה קיים"; JBA participle קָאֵי	{קאי} n  || J(קָאֵי): standing
39	רבננ	8498	חכמים	רבננ/-/-/reviewed/reviewed form: Krupnik רַבָּנָן: "שם כללי לחכמי המשנה והתלמוד" (the general name of the sages)	
40	דרבננ	8478	של חכמים	דרבננ/-/-/reviewed/reviewed form: ד + רַבָּנָן (Krupnik: the sages)	{דרבננ} ? תקנת חכמים[k:def:bavli] || 
41	קמא	8081		AMBIGUOUS קמא/ "ראשון" ~ קומ/pe.perf.3fs "עמד, היה קיים"	{קמא} adj ראשון[k:def:bavli+targum] ; קמה[j:eq:targum] ; הקודם, הראשון[h:wikt] || J(קָמָא I): he says || J(קָמָא II): standing grain; pillar, statue || J(קַמָּא): first, former, previous; Fem; before, in presence of
42	ליכא	8066		NO ANALYSIS	{ליכא} n  || J(לִיכָּא I): beating; into a mixture || J(לִיכָּא II): there is not, none
43	כדאיתא	8001	כשל יש	איתא/-/kd/exact/reviewed choice	{איתא} n יש[k:def:bavli] ; אשה[k:def:yerushalmi+targum+bavli] ; אשה[j:eq:targum+yerushalmi] || J(אִיתָּא): woman, wife
44	איתא	7905	יש	איתא/-/-/reviewed/reviewed form: Krupnik אִיתָא (reviewed: יש), "there is"	{איתא} n יש[k:def:bavli] ; אשה[k:def:yerushalmi+targum+bavli] ; אשה[j:eq:targum+yerushalmi] || J(אִיתָּא): woman, wife
45	דאורייתא	7732	של תורה	אורייתא/-/d/exact/reviewed choice	{אורייתא} n תורה[k:def] ; ספר תורה[k:def:yerushalmi] || 
46	דיש	7585		NO_HEBREW_SENSE דיש	{דיש} v דרס ודרך[k:def:pa:midrash] ; דיש[j:same:targum+bavli] || J(דַּיִשׁ bh): treading, threshing
47	ההיא	7440	ההיא	ההיא/-/-/reviewed/reviewed form: Jastrow הַהִיא "that (fem.)" — the same Hebrew word	
48	דאמריננ	6943	שאנו אומרים	אמר/pe.ptcp.1pl/d/irregular/the sense cited from bavli	{אמר} v הלעיט[k:def:af:bavli] ; אמר[j:same:pe:targum+bavli+yerushalmi] ; טלה, כבש[h:wikt] || J(אָמַר I bh): to join, knot; to be knotted, thick;; to heap up;; to join words, compose || J(אֲמַר ch): they say, it is said; Inf; does this mean to say? || J(אָמַר II bh): to be thick, strong; to thrive; to boast, vaunt, be oppressive; to fatten || J(אִמַּר): lamb
49	וכתיב	6910	וכתוב	וכתיב/-/-/reviewed/reviewed form: ו + כְּתִיב	
50	דקאמר	6778		NO ANALYSIS	
51	היכי	6765	כיצד	היכי/-/-/exact/the sense cited from bavli	{היכי} particle כיצד[k:def:bavli] || J(הֵיכִי): how?; how now; as well as
52	מאנ	6604	מי	מאנ/-/-/reviewed/reviewed form: Krupnik מַאן "מי"	{מאנ} n מי[k:def:bavli] ; קנקן[j:eq:targum+bavli+yerushalmi] || J(מָאַן): Pi.; to deny, refuse; to protest against, to annul one’s marriage || J(מַאן): who?, what?, which?;; who, which || J(מָאן): thing; vessel, utensil; garment, dress
53	דאפילו	6309	שאפילו	דאפילו/-/-/reviewed/reviewed form: ד + אֲפִילּוּ	
54	אמאי	6233	למה, מדוע	אמאי/-/-/exact/the sense cited from bavli	{אמאי} particle למה, מדוע[k:def:bavli] || J(אַמַּאי): wherefore? why?; why not?
55	מיניה	6117	ממנו	pron:מיניה/fixed/-/pronominal/pronominal preposition table	
56	דא	6047	זו	דא/-/-/exact/the sense cited from bavli	{דא} n זו[j:eq:targum+bavli+yerushalmi+midrash] || K: this | sie, diese || K: but | aber || J(דָּא I): this; not in this case || J(דָּא II): da da
57	אלמא	5970	אם כן, נמצא	אלמא/-/-/exact/the sense cited from bavli	{אלמא} adv אם כן, נמצא[k:def:bavli] ; אלם[j:same:targum+bavli+midrash] || J(אַלְּמָא): strong || J(אַלְמָא): confirmation;; consequently || J(אַלָּמָּא): why?, wherefore?
58	יומא	5966	יום	יומא/-/-/exact/reviewed choice	{יומא} n יום[k:def:bavli] ; שמש[k:def:bavli] || K: name of a treatise of the Talmud on the order of exercises of the Day of Atonement | Name eines Talmudtraktates über den Versöhnungstag
59	דינא	5894	דין ומשפט	דינא/-/-/exact/reviewed choice	{דינא} n דין ומשפט[k:def:bavli] ; ריב[k:def] ; שופט[k:def] || 
60	דהוא	5834		NO ANALYSIS	
61	סבר	5766	חשב	סבר/-/-/exact/reviewed choice	{סבר} v חשב[k:def] ; בירר, ביאר[k:def:af] ; התיחס בחבה[k:def] ; הבטיח[k:def:af:targum] ; ביאר ופירש[k:def:af:bavli] ; קוה[k:def:itpe:targum] ; היה מובן[k:def:itpe:bavli] ; הזדיין והצטייד[k:def:itpe:targum] ; תקוה[k:def] ; הסבר, פירוש[k:def] ; מחשבה, דעה[k:def:yerushalmi] ; סבר[j:same:pe:targum+bavli+midrash] ; סבר[j:same:targum+midrash+tanakh+yerushalmi] || K: to trust | vertrauen || J(סָבַר bh): Pi.; to be bright; to look for, be hopeful; to think, imagine. Part. pass || J(סְבַר ch): to show a bright face, be pleasant; to favor; Poël; Part. pass || J(סְבַר II): Poël; to encompass; to carry; to bear, endure; to sustain || J(סְבַר III): Poël; Saf; sabar
62	דהתמ	5735	ששם	התמ/-/d/exact/single sense	{התמ} adv שם[k:def] || J(הָתָם): there; in that case;
63	תנא	5694	שנה	תני/-/-/alias/reviewed choice	{תני} v חזר ועשה[k:def:pe:targum] ; לימד[k:def:pe:targum] ; קיבל ומסר הלכה[k:def:pe:bavli] ; שינה[k:def] ; דיבר, סיפר[k:def:targum] ; לימד[k:def:af] ; נכפל[k:def:itpe:targum] ; הוגד[k:def:itpe:targum] ; הוחד[k:def:itpe:targum] ; תני[j:same:pe:targum+bavli+mishnah+yerushalmi] ; שנה[r:reviewed:pe] || J(תני bh): to repeat; to tell; to stipulate, agree, make a condition || J(תְּנֵי ch): to repeat, do a second time; Pa.; to tell, relate; to teach || J(תְּנֵי II): to be pointed, sharp; to sharpen, to speak sharp words; to be sharpened
64	בבחינת	5677		NO ANALYSIS	
65	אית	5654	יש	אית/-/-/reviewed/reviewed form: Krupnik אִית "יש"	{אית} particle יש[k:def:bavli] ; עודי[j:eq:targum+yerushalmi+midrash+bavli] || J(אִית): being, existence; there is, are; est qui; I have, I hold
66	חדא	5644	אחד	חדא/-/-/exact/reviewed choice	{חדא} particle אחד[k:def:bavli] ; שמח[k:def:pe:bavli] || J(חֲדָא II): to be glad
67	מהו	5643	מה הוא	מהו/-/-/reviewed/reviewed form: Krupnik מַהוּ, second headword מַה הוּא	{מהו} ?  || J(מָהוּ ch): what is it? how is it?; bor’kay
68	כדכתיב	5596	כמו שכתוב	כדכתיב/-/-/reviewed/reviewed form: כ + ד + כְּתִיב (Jastrow: it is written)	
69	פשיטא	5551	ודאי, ממילא מובן	פשיטא/-/-/exact/reviewed choice	{פשיטא} n למוד[k:def] ; מטבע קטנה[k:def] ; אבעבועה[k:def:bavli] ; ודאי, ממילא מובן[k:def:bavli] || J(פְּשִׁיטָא): explanation, teaching; plain, self-evident truth; is it not a matter of course?; Ps’hiṭa
70	בעיננ	5398	אנו צריכים	בעיננ/-/-/reviewed/reviewed form: בְּעֵי 3) "היה צריך" + ־ינן "we" (participle)	
71	מצי	5376	יכול	מצי/-/-/exact/reviewed choice	{מצי} v יכול[k:def:pe] ; סחט[k:def:pe:bavli] ; ינק[k:def:pe:bavli] ; היניק[k:def:pa:bavli] ; נסחט[k:def:itpe:targum] ; מצי[j:same:pe:bavli] ; מצי[j:same:pe:bavli+targum] || J(מצי bh): to reach; to find; as in the case of—, so; Part. pass || J(מְצִי I ch): to reach, be able; to master; to find one’s self; to succeed || J(מצי ²): to squeeze, wring, esp. to wring out the blood of the bird sacrifice; to pour out to the l || J(מְצִי II ch): to wring; to suck; to give suck
72	דהנה	5315		NO ANALYSIS	
73	מינה	5236	ממנה	pron:מינה/fixed/-/pronominal/pronominal preposition table	
74	מר	5208		AMBIGUOUS את/ "אות" ~ מור/ "אמר"	{מר} n  || J(מֹר): myrrh || J(מַר I): to speak, say || J(מַר II bh): bitter; corrosive substance; care, worry || J(מַר III): exchange; instead of; as || J(מַר IV): marua; to be strong;; man, lord, master; somebody; || J(מָר): hoe, rake; marvu; flint  ##  {את} n סימן[k:def:targum] ; אות[j:eq:targum+midrash] || K: letter | Buchstabe || J(אַתְּ): thou; thou sayest; thou callest it || J(אָת): sign, type; letter || J(אֵת bh): essence; the thing; which
75	הוו	5124	היו	הוה/pe.perf.3mp/-/irregular/reviewed choice	{הוו} ?  || J(הֲווֹ): he who  ##  {הוה} v היה[r:reviewed:pe] || J(הַוָּה bh): change; misfortune || J(*הֵוָה): Ḥevah || J(הֲוָהּ): ah!
76	דקתני	5109	ששונה	תני/pe.ptcp.ms/dq/generated/reviewed choice	{תני} v חזר ועשה[k:def:pe:targum] ; לימד[k:def:pe:targum] ; קיבל ומסר הלכה[k:def:pe:bavli] ; שינה[k:def] ; דיבר, סיפר[k:def:targum] ; לימד[k:def:af] ; נכפל[k:def:itpe:targum] ; הוגד[k:def:itpe:targum] ; הוחד[k:def:itpe:targum] ; תני[j:same:pe:targum+bavli+mishnah+yerushalmi] ; שנה[r:reviewed:pe] || J(תני bh): to repeat; to tell; to stipulate, agree, make a condition || J(תְּנֵי ch): to repeat, do a second time; Pa.; to tell, relate; to teach || J(תְּנֵי II): to be pointed, sharp; to sharpen, to speak sharp words; to be sharpened
77	דתננ	5109	ששנינו במשנה	תננ/-/d/exact/reviewed choice	{תננ} v אַתְנַן עשן[k:def:af:targum+tanakh] ; שנינו במשנה[k:def:bavli] ; עשן[k:def:targum] || K: i>stench | übler Geruch || J(תְּנַן): to smoke; Part; adj. || J(תְּנָן): smoke; vapor, reeking, stench
78	מדרבננ	5106	מתקנת חכמים	דרבננ/-/m/exact/the sense cited from bavli	{דרבננ} ? תקנת חכמים[k:def:bavli] || 
79	מילתא	5069	דבר	מילתא/-/-/exact/reviewed choice	{מילתא} n מלה[k:def:bavli] ; דבר[k:def:bavli] || J(מִילְּתָא): word; thing, affair; to let blood; to be bled
80	לית	5064		HOMOGRAPH לית "אין" ~ l+ית "לאת"	{לית} particle אין[k:def:targum] ; אין[h:wikt] || J(לַיִת): there is; was; not, none
81	דליכא	5051		NO ANALYSIS	
82	הני	5023		AMBIGUOUS_SENSE הני: הללו	{הני} v הללו[k:def] ; הני[j:same:pe:targum+midrash+tanakh+bavli] || J(הני): Nif; to be pleased, to enjoy, to profit; to be enjoyed || J(הֲנִי ch): to please, to profit; Part.; to please, do good, benefit
83	כדאמריננ	4976		NO ANALYSIS	
84	דמשמע	4931		NO ANALYSIS	
85	דהכא	4890	של כאן	דהכא/-/-/reviewed/reviewed form: ד + הָכָא (Krupnik: כאן)	{דהכא} n לעג[k:def:targum] || 
86	דלאו	4877	שלא	דלאו/-/-/reviewed/reviewed form: ד + לָאו "not" (Jastrow לָאו)	
87	נקט	4859	החזיק, אחז	נקט/-/-/exact/reviewed choice	{נקט} v העניק[k:def:pa:midrash] ; החזיק, אחז[k:def:pe] ; לקח[k:def:pe] ; נתן הושיט[k:def:bavli] ; ליקט[k:def:bavli] ; נקט[j:same:pe:targum+bavli] || J(נָקַט): to hold in hand, take, seize; to cause to hold, to procure || J(נְקַט ch): holding; to contract a habit; to cause to hold, to give, hand
88	דהוה	4854	שהיה	הוה/-/d/exact/reviewed choice	{הוה} v היה[r:reviewed:pe] || J(הַוָּה bh): change; misfortune || J(*הֵוָה): Ḥevah || J(הֲוָהּ): ah!
89	דאפ	4829		NO ANALYSIS	
90	פליגי	4763	חולקים	פליגי/-/-/reviewed/reviewed form: Krupnik פְּלַג "היה מחולק בדעות" (Bavli), participle plural	
91	קשיא	4760	קשה	קשיא/-/-/exact/reviewed choice	{קשיא} adj קשה[r:reviewed] || K: objection, contradiction | Schwierigkeit, Einwand, Widerspruch || J(קַשְׁיָא II): difficult, open to objection; unanswerable objection; contradiction
92	דאיתא	4739		AMBIGUOUS איתא/ "של יש" ~ אתא/pe.impv.ms "שבוא"	{איתא} n יש[k:def:bavli] ; אשה[k:def:yerushalmi+targum+bavli] ; אשה[j:eq:targum+yerushalmi] || J(אִיתָּא): woman, wife
93	לעתיד	4725		NO ANALYSIS	
94	כביכול	4712	כאילו אפשר לומר	כביכול/-/-/exact/the sense cited from bavli	{כביכול} ? כאילו אפשר לומר[k:def:bavli] || 
95	דלעיל	4708		NO ANALYSIS	
96	פריכ	4667	שאל, הקשה	פרכ/pa.perf.3ms/-/source-form/the sense cited from bavli	{פרכ} v נשבר ונתפורר[k:def:itpe:bavli] ; נדרס ונשוף[k:def:itpa:yerushalmi] ; שאל, הקשה[k:def:pa:bavli] ; נסתרו דבריו[k:def:itpe:bavli] ; פרך[j:same:pe:targum+bavli+midrash] || K: to crush | zerreiben || J(פָּרַךְ): to split, divide off; to split; to crush, rub, grind || J(פְּרַךְ I ch): to break, smash, crumble.; —Part. pass; crushed; peeling, brittle || J(פְּרַךְ II): Pa.; to tie dry ears; to bind sheaves; to untie sheaves || J(פֶּרֶךְ): tyranny, rigor; that which is eas
97	יובנ	4659		NO ANALYSIS	
98	בהו	4656	בהם	pron:בהו/fixed/-/pronominal/pronominal preposition table	{בהו} n  || J(בֹּהוּ bh): chaotic condition; || J(בְּהוֹ ch): with, in them
99	חיישיננ	4573	אנו דואגים	חוש/pe.ptcp.1pl/-/generated/the sense cited from bavli	{חוש} n עבי[k:def] ; דאג[k:def:bavli] || K: to be affected | Schmerz empfinden || J(חוּשׁ I): thick substance; knots || J(חוּשׁ II bh): to feel, press; to feel pain, be affected; to apprehend, consider || J(חוּשׁ ch): to feel, suffer, be troubled; to apprehend, care for; to be anxious, hasten to, flee
100	דגמ	4522	מופת	דוגמא/-/-/alias/the sense cited from bavli	{דוגמא} n מעט מהרבה לסימן[k:def] ; משל ודמיון[k:def] ; מראית עין[k:def:mishnah] ; מופת[k:def:bavli] || J(דּוּגְמָא): simile, illustration; show, exhibition, public appearance; like themselves
101	תרי	4493	שנים	תרי/-/-/exact/reviewed choice	{תרי} v שרה במים[k:def:pe:bavli] ; התרה והזהיר[k:def:af:bavli] ; נשרה[k:def:itpe:targum] ; שנים[k:def:bavli] ; תרי[j:same:targum+bavli+midrash] ; שרה[j:eq:bavli+targum] || J(*תָּרַי): Taray || J(תרי): Hif.; to forewarn; to inform a person about to commit a criminal act of the penalty which  || J(תְּרֵי ch): Af. || J(תְּרֵי ²): to dissolve, soak; to be soaked || J(תְּרֵי ³): two; twelve
102	קתני	4402	שונה	תני/pe.ptcp.ms/q/generated/reviewed choice	{תני} v חזר ועשה[k:def:pe:targum] ; לימד[k:def:pe:targum] ; קיבל ומסר הלכה[k:def:pe:bavli] ; שינה[k:def] ; דיבר, סיפר[k:def:targum] ; לימד[k:def:af] ; נכפל[k:def:itpe:targum] ; הוגד[k:def:itpe:targum] ; הוחד[k:def:itpe:targum] ; תני[j:same:pe:targum+bavli+mishnah+yerushalmi] ; שנה[r:reviewed:pe] || J(תני bh): to repeat; to tell; to stipulate, agree, make a condition || J(תְּנֵי ch): to repeat, do a second time; Pa.; to tell, relate; to teach || J(תְּנֵי II): to be pointed, sharp; to sharpen, to speak sharp words; to be sharpened
103	השתא	4325	עכשיו	השתא/-/-/exact/reviewed choice	{השתא} adv עכשיו[r:reviewed] || K: now | jetzt || K: since, if | da, wenn || J(הַשְׁתָּא): now; so now!, indeed; how can you compare these two cases?
104	דאית	4259	שיש	דאית/-/-/reviewed/reviewed form: ד + אִית (Krupnik: יש)	{דאית} v חמד[k:def:pe] || 
105	איהו	4245	הוא	איהו/-/-/exact/the sense cited from bavli	{איהו} n הוא[k:def:bavli+targum] || J(אִיהוּ): he, himself; she, herself
106	דאסור	4159		NO ANALYSIS	
107	ניחא	4145	נוח	ניחא/-/-/reviewed/reviewed form: Jastrow נִיחָא "rest; pleasing, agreeable" — "ניחא ליה" = it suits him	{ניחא} adj רך[k:def:bavli] || K: satisfactory | befriedigend || K: comfort | Beqeumlichkeit || K: right, well | recht, richtig || K: good, better | gut, besser || K: name of an Amora | Name eines Amoräers || J(נִיחָא I): soft; gentle; Fem || J(נִיחָא II): ease; satisfaction; one likes, prefers
108	בריש	4125		NO ANALYSIS	{בריש} ?  || 
109	דייקא	4027	דיוק ומסקנא	דייקא/-/-/exact/the sense cited from bavli	{דייקא} n דיוק ומסקנא[k:def:bavli] || J(דַּיְיקָא): evidence by implication
110	דלמא	3971		HOMOGRAPH דילמא "שמא, אולי" ~ dl+מא "שלמה"	{דלמא} n  || K: perhaps | vielleicht || K: fact | Tatsache  ##  {דילמא} n שמא, אולי[k:def:bavli] ; עובדה[k:def:yerushalmi] ; מכסה[k:def] ; שמא[j:eq:tanakh+targum+bavli+midrash] || J(דִּילְמָא): for why; lest, perhaps; perhaps, it may be || J(דִּילְמָא ²): here is a confirmation; an illustration
111	דלית	3956	שאין	דלית/-/-/reviewed/reviewed form: ד + לֵית (Krupnik: אין)	{דלית} n  || J(דָּלִית bh): suspended; branches of the vine trained to an espalier; grapes of the espalier
112	דודאי	3861		NO ANALYSIS	
113	תננ	3828	שנינו במשנה	תננ/-/-/exact/reviewed choice	{תננ} v אַתְנַן עשן[k:def:af:targum+tanakh] ; שנינו במשנה[k:def:bavli] ; עשן[k:def:targum] || K: i>stench | übler Geruch || J(תְּנַן): to smoke; Part; adj. || J(תְּנָן): smoke; vapor, reeking, stench
114	אימא	3802	אמור	אימא/-/-/reviewed/reviewed form: אֵימָא, imperative/1st person of אֲמַר "say" (Jastrow אֲמַר; the Gemara's "אימא סיפא", "ואימא")	{אימא} n אם[j:eq:targum+bavli] || K: mother | Mutter || J(אימָּא I): distaff || J(אִימָּא II ch): mother; my mother; grandmother
115	כדאמר	3700	כמו שאמר	כדאמר/-/-/reviewed/reviewed form: כ + ד + אֲמַר	
116	נינהו	3679	הם	pron:נינהו/fixed/-/pronominal/pronominal preposition table	{נינהו} other הם[k:def:bavli] || 
117	עביד	3679	עושה	עביד/-/-/reviewed/reviewed form: Krupnik עֲבַד "עשה" (Jastrow עֲבַד ch. "to do"), participle	{עביד} adj עשוי, נהוג[k:def:bavli] || 
118	והשתא	3677	ועכשיו	השתא/-/w/exact/reviewed choice	{השתא} adv עכשיו[r:reviewed] || K: now | jetzt || K: since, if | da, wenn || J(הַשְׁתָּא): now; so now!, indeed; how can you compare these two cases?
119	תניא	3667	נאמר בברייתא	תניא/-/-/exact/the sense cited from bavli	{תניא} v נאמר בברייתא[k:def:bavli] || 
120	אתא	3650	בא	אתא/-/-/exact/reviewed choice	{אתא} v סימן[k:def:targum] ; בא[k:def:pe:bavli] ; הביא[r:reviewed:af] || J(אָתָא I): letter, sign || J(אֲתָא ch): to join; to come, to arrive; to occur to; surely, indeed || J(*אָתָא III): Great Bear, Ursa Major
121	דהכי	3624		NO ANALYSIS	
122	ומשני	3616		NO ANALYSIS	
123	ודוקא	3529	ובדיוק	rev:דוקא/-/w/reviewed-base/a proclitic on the reviewed form דוקא	
124	תימא	3357	תאמר	אמר/pe.impf.2ms/-/irregular/the sense cited from bavli	{אמר} v הלעיט[k:def:af:bavli] ; אמר[j:same:pe:targum+bavli+yerushalmi] ; טלה, כבש[h:wikt] || J(אָמַר I bh): to join, knot; to be knotted, thick;; to heap up;; to join words, compose || J(אֲמַר ch): they say, it is said; Inf; does this mean to say? || J(אָמַר II bh): to be thick, strong; to thrive; to boast, vaunt, be oppressive; to fatten || J(אִמַּר): lamb
125	והכא	3356	וכאן	הכא/-/w/exact/single sense	{הכא} adv כאן[k:def] || J(הָכָא): here, hither; in this case, now
126	מרנ	3331		NO ANALYSIS	
127	עלאה	3290	עליון	עילאה/-/-/alias/the sense cited from bavli	{עלאה} ?  || J(עִלָּאָה): rib  ##  {עילאה} adj עליון[k:def:targum+bavli] || J(עִילָאָה): high, uppermost; Most High; Pl.; Fem
128	הרצונ	3267		NO ANALYSIS	
129	יתירה	3242		NO ANALYSIS	{יתירה} n  || J(יְתֵירָה): superfluity
130	ששת	3234		NO ANALYSIS	
131	אינונ	3206	הם	pron:אינונ/fixed/-/pronominal/pronominal preposition table	{אינונ} ?  || 
132	דילמא	3204	שמא, אולי	דילמא/-/-/exact/reviewed choice	{דילמא} n שמא, אולי[k:def:bavli] ; עובדה[k:def:yerushalmi] ; מכסה[k:def] ; שמא[j:eq:tanakh+targum+bavli+midrash] || J(דִּילְמָא): for why; lest, perhaps; perhaps, it may be || J(דִּילְמָא ²): here is a confirmation; an illustration
133	כדתננ	3188		NO ANALYSIS	
134	והאי	3179	וזה, זאת	האי/-/w/exact/the sense cited from bavli	{האי} other זה, זאת[k:def:bavli] || J(הַאי): this, that; v’taher; locale
135	גרסיננ	3174		NO_HEBREW_SENSE גרסי	{גרסי} n  || J(גַּרְסִי): grits-dealer; maker
136	דתניא	3166	שנאמר בברייתא	תניא/-/d/exact/the sense cited from bavli	{תניא} v נאמר בברייתא[k:def:bavli] || 
137	עילאה	3144	עליון	עילאה/-/-/exact/the sense cited from bavli	{עילאה} adj עליון[k:def:targum+bavli] || J(עִילָאָה): high, uppermost; Most High; Pl.; Fem
138	סברא	3123	דבר שבמחשבה ובהגיון	סברא/-/-/exact/the sense cited from bavli	{סברא} n דבר שבמחשבה ובהגיון[k:def:bavli] || 
139	בחינות	3111		NO ANALYSIS	
140	ותו	3064	ועוד	ותו/-/-/reviewed/reviewed form: ו + תּוּ "further, again" (Krupnik תו: עוד)	
141	דאיהו	3062	שהוא	דאיהו/-/-/reviewed/reviewed form: ד + אִיהוּ (Krupnik: הוא)	
142	דבעי	3015	שצריך	דבעי/-/-/reviewed/reviewed form: ד + בְּעֵי 3) "היה צריך", participle	
143	קושיא	3014	שאלה, השגה	קושיא/-/-/exact/the sense cited from bavli	{קושיא} n שאלה, השגה[k:def:bavli+yerushalmi] || J(קוּשְׁיָא): difficulty, question, objection, argument
144	רישא	3011	ראש	רישא/-/-/reviewed/reviewed form: Krupnik רֵישׁ "ראש, גלגולת" (first alternative); the Gemara's רישא = the head (first clause)	
145	דהאי	2977	שזה, זאת	האי/-/d/exact/the sense cited from bavli	{האי} other זה, זאת[k:def:bavli] || J(הַאי): this, that; v’taher; locale
146	נימא	2969	נאמר	נימא/-/-/reviewed/reviewed form: אֲמַר imperfect 1st pl. (JBA נֵימָא: "let us say")	{נימא} n שערה[k:def:bavli] ; חוט[k:def:yerushalmi] ; מיתר הכנור[k:def:bavli] ; עלוקה[k:def:bavli] ; שפם[k:def:bavli] ; נימא[j:same:targum] || J(נִימָּא): Pi. || J(נִימָא): hanging over; fringe, cord, hair; bristle; fibre || J(נִימָא ² ch): cord; string
147	אליבא	2957	על פי	אליבא/-/-/exact/the sense cited from bavli	{אליבא} adv על פי[k:def:bavli] || J(אַלִּיבָּא): according to the opinion, in the sense of
148	ומאי	2951	ומה	ומאי/-/-/reviewed/reviewed form: ו + מַאי (Krupnik: מה)	
149	תני	2919	שנה	תני/-/-/exact/reviewed choice	{תני} v חזר ועשה[k:def:pe:targum] ; לימד[k:def:pe:targum] ; קיבל ומסר הלכה[k:def:pe:bavli] ; שינה[k:def] ; דיבר, סיפר[k:def:targum] ; לימד[k:def:af] ; נכפל[k:def:itpe:targum] ; הוגד[k:def:itpe:targum] ; הוחד[k:def:itpe:targum] ; תני[j:same:pe:targum+bavli+mishnah+yerushalmi] ; שנה[r:reviewed:pe] || J(תני bh): to repeat; to tell; to stipulate, agree, make a condition || J(תְּנֵי ch): to repeat, do a second time; Pa.; to tell, relate; to teach || J(תְּנֵי II): to be pointed, sharp; to sharpen, to speak sharp words; to be sharpened
150	נפקא	2902	יוצאת	נפקא/-/-/reviewed/reviewed form: Jastrow נְפַק "to go out; to result", participle fem. — "נפקא מינה" = results from it	{נפקא} n צואה[k:def:bavli] ; מוצא[k:def:bavli] ; צאה[j:eq:bavli] ; מוצא[j:eq:bavli] || J(נִפִקָא): excrements; outlet, opening; projection
151	וכאנ	2900		NO ANALYSIS	
152	הכ	2896	זה, זאת	הכ/-/-/exact/the sense cited from bavli	{הכ} v זה, זאת[k:def:bavli] || J(הַךְ): to go.; Part. Af. || J(הָךְ): this, that
153	פלוגתא	2857	וכוח, מחלוקת	פלוגתא/-/-/exact/reviewed choice	{פלוגתא} n מחלקה[k:def:targum] ; וכוח, מחלוקת[k:def] ; הבדל[k:def] ; פלוגת[j:same:targum+midrash+bavli+yerushalmi] || K: name of a place | Ortsname || J(פְּלוּגְתָּא ch): separation; priestly; division
154	דזה	2844		NO ANALYSIS	
155	הלכתא	2824	הלכה	הלכתא/-/-/reviewed/reviewed form: Krupnik/Jastrow הִלְכְתָא = h. הֲלָכָה	{הלכתא} n  || J(הִלְכְתָא ch): step; custom, habit; law, rule
156	דצריכ	2740		NO ANALYSIS	
157	ברישא	2727	בראש	ברישא/-/-/reviewed/reviewed form: ב + רֵישׁ (Krupnik: ראש)	
158	גופא	2720	גוף	גופא/-/-/exact/the sense cited from bavli	{גופא} n גוף[k:def:midrash] ; עיקר הדבר[k:def] ; הלא יש סתירה בדבר[k:def:bavli] ; גוף[j:same:targum+midrash+bavli+yerushalmi] || K: i>Zitierungsform in der talmudischen Diskussion, wenn ein vorher gelegentlich angeführter Ausspruch zum Hauptgegenstand der Erörterung werden soll || J(גּוּפָא ch): body; self, substance; Gufa
159	דבעיננ	2720	שאנו צריכים	דבעיננ/-/-/reviewed/reviewed form: ד + בְּעֵי 3) "היה צריך" + ־ינן	
160	איצטריכ	2707	היה זקוק לדבר	צרכ/itpe.perf.3ms/-/source-form/the sense cited from bavli	{צרכ} v היה זקוק לדבר[k:def:itpe:yerushalmi+bavli] ; נפנה[k:def:bavli] ; חייב, הזקיק[k:def:af:bavli] ; צרך[j:same:pe:targum+yerushalmi+bavli+tanakh+midrash] || J(צָרַךְ): to be narrow; to need, want; to be in need, be forced || J(צְרַךְ ch): pass; to need, be needed; to be needed; to need
161	איסורא	2673	איסור	איסורא/-/-/exact/reviewed choice	{איסורא} n איסור[k:def] ; יסורים[k:def:targum] ; איסור[j:same:targum+bavli] || J(אִיסּוּרָא ch): band; ritual questions; prostitution || J(אִיסוּרָא II): chastisement.
162	דכתב	2673		NO ANALYSIS	
163	בהא	2670	בזה	בהא/-/-/reviewed/reviewed form: ב + הָא "this" (Krupnik הָא 1: this)	{בהא} v נבהל והשתומם[k:def:pe:midrash] || 
164	וכדומה	2670		NO ANALYSIS	
165	וחד	2660	ואחד	חד/-/w/exact/the sense cited from bavli	{חד} particle אחד[k:def:bavli] ; אחד[j:eq:targum+yerushalmi+bavli] || J(חַד I bh): pointed, sharp; swift; Pl. || J(חַד II): one, singular, particular; like one; together, simultaneously
166	דאמרי	2659		NO ANALYSIS	
167	דעל	2657		NO ANALYSIS	
168	דווקא	2656	מין חולי בעין · מוץ	דוקא/-/-/alias/two senses	{דוקא} n מין חולי בעין[k:def:targum] ; מוץ[k:def:targum] ; דק[j:eq:targum] ; דק[j:eq:targum] || K: exactness | Genauigkeit || K: exactly, exlusively, absolutely, only | genau, nur, gerade, absolut || J(דַּוְקָא): exactness, minuteness; exactly, exclusively, only || J(דּוּקָא I): chaff || J(דּוּקָא II): a withered spot in the eye; withered in growth, dwarf
169	עליונימ	2628		NO_HEBREW_SENSE עליונ	{עליונ} n  || J(עֶלְיוֹן bh): uppermost, highest; most high; lof; Fem
170	דמיירי	2625		NO ANALYSIS	
171	דשבת	2616		NO ANALYSIS	
172	בהאי	2569	בזה, זאת	האי/-/b/exact/the sense cited from bavli	{האי} other זה, זאת[k:def:bavli] || J(הַאי): this, that; v’taher; locale
173	לאפוקי	2522	להוציא, מלבד	לאפוקי/-/-/exact/the sense cited from bavli	{לאפוקי} adv להוציא, מלבד[k:def:bavli] || 
174	שמצינו	2521		NO ANALYSIS	
175	דעלמא	2511		NO ANALYSIS	
176	דשמ	2510		NO ANALYSIS	
177	הויא	2506	היתה	הויא/-/-/reviewed/reviewed form: הֲוָא (reviewed: היה) perfect/participle fem.	
178	ואיכא	2502	ויש	איכא/-/w/exact/reviewed choice	{איכא} particle היכן[k:def:targum] ; יש[k:def:bavli] || J(אֵיכָא): where now? || J(אִיכָּא): there is, there are; sunt qui; he who
179	דומיא	2496	דמיון ושווי	דומיא/-/-/exact/the sense cited from bavli	{דומיא} n דמיון ושווי[k:def:bavli] || J(דּוּמְיָא): resemblance; there is; an analogy;
180	דאפשר	2489		NO ANALYSIS	
181	דשרי	2483		NO ANALYSIS	
182	חזי	2482	ראה	חזי/-/-/reviewed/reviewed form: Krupnik חֲזִי "ראה"	{חזי} v ראה[k:def:pe:bavli] ; הראה[k:def:af:bavli] ; נראה[k:def:itpe:bavli] ; היה ראוי[k:def:itpe:bavli] ; הָראה[k:def:itpe] ; ראוי[k:def:bavli] ; חזי[j:same:pe:targum+bavli] || J(חזי bh): to divide; to discern, see; to distribute kindled chips between logs of wood || J(חֲזִי ch): to see, recognize, to decide; Part. pass; pointed out, fit for, prepared;
183	מעיקרא	2481	מתחילה	מעיקרא/-/-/reviewed/reviewed form: מן + עִיקָּרָא "the beginning" (Jastrow מֵעִיקָּרָא "from the beginning, originally")	
184	דידנ	2479	שלנו	pron:דידנ/fixed/-/pronominal/pronominal preposition table	{דידנ} other שלנו[k:def:bavli] || 
185	מייתי	2456	מביא	מייתי/-/-/reviewed/reviewed form: אֲתָא Af. "to bring" (Jastrow; = h. הֵבִיא), participle	
186	לישנא	2452	לשון, שפה	לישנא/-/-/exact/reviewed choice	{לישנא} other לשון, שפה[k:def:targum+tanakh] ; דעה, סברא, גירסא[k:def] || 
187	סבירא	2447	סבור	סבירא/-/-/reviewed/reviewed form: סְבַר (Krupnik: חשב), passive participle — "סבירא ליה" = he holds	
188	דמותר	2445		NO ANALYSIS	
189	דקרא	2433	כלי לחפור בו בקרקע	דקרא/-/-/exact/the sense cited from bavli	{דקרא} n כלי לחפור בו בקרקע[k:def:mishnah+bavli] || 
190	פליג	2425	חולק	פליג/-/-/reviewed/reviewed form: Krupnik פְּלַג "היה מחולק בדעות" (Bavli), participle	{פליג} other חילק[k:def:targum] ; היה מחולק בדעות[k:def:bavli] || 
191	מתניתינ	2369	משנתנו	מתניתינ/-/-/reviewed/reviewed form: Jastrow מַתְנִיתִין "our Mishnah"	
192	ואמריננ	2351	ואנו אומרים	אמר/pe.ptcp.1pl/w/irregular/the sense cited from bavli	{אמר} v הלעיט[k:def:af:bavli] ; אמר[j:same:pe:targum+bavli+yerushalmi] ; טלה, כבש[h:wikt] || J(אָמַר I bh): to join, knot; to be knotted, thick;; to heap up;; to join words, compose || J(אֲמַר ch): they say, it is said; Inf; does this mean to say? || J(אָמַר II bh): to be thick, strong; to thrive; to boast, vaunt, be oppressive; to fatten || J(אִמַּר): lamb
193	לרבננ	2315	לחכמים	לרבננ/-/-/reviewed/reviewed form: ל + רַבָּנָן (Krupnik: the sages)	
194	אדרבה	2288	להפך	אדרבה/-/-/exact/the sense cited from bavli	{אדרבה} adv להפך[k:def:bavli] || 
195	ולהכי	2283		NO ANALYSIS	
196	כוותיה	2271	כמוהו	כוותיה/-/-/reviewed/reviewed form: כְּוָת (Jastrow: like) + ־יה "him"	{כוותיה} other כמוה, כמוהו, כמוכם, כמוהם[k:def:bavli+yerushalmi] || 
197	תתאה	2260	תחתון	תתאה/-/-/exact/the sense cited from bavli	{תתאה} adj תחתון[k:def:bavli] || J(תַּתָּאָה): lower, nethermost; Pl.; Fem
198	מהא	2246	מזה	מהא/-/-/reviewed/reviewed form: מ + הָא (Krupnik 1: this)	
199	בנדונ	2226		NO ANALYSIS	
200	הנכ	2177	הללו	הנכ/-/-/exact/the sense cited from bavli	{הנכ} other הללו[k:def:bavli] || 
201	וליכא	2171		NO ANALYSIS	
202	דאז	2155		NO ANALYSIS	
203	להכי	2153		NO ANALYSIS	
204	דבי	2150	של בית	דבי/-/-/reviewed/reviewed form: ד + בֵּי "house of" (Jastrow בֵּי ch. = בֵּית)	{דבי} v  || J(*דְּבִי): to look out, lie in wait; Pa.; to lurk for, hunt
205	כמאנ	2150	כמי	כמאנ/-/-/reviewed/reviewed form: כ + מַאן	
206	גוונא	2144	צבע, מראה פנים	גוונא/-/-/exact/the sense cited from bavli	{גוונא} n צבע, מראה פנים[k:def:bavli+targum] || 
207	דריש	2135	דורש	דריש/-/-/reviewed/reviewed form: Krupnik דְּרַשׁ, participle	{דריש} n  || J(דָּרֵישׁ): lecturer
208	מדאורייתא	2135	משל תורה	אורייתא/-/md/exact/reviewed choice	{אורייתא} n תורה[k:def] ; ספר תורה[k:def:yerushalmi] || 
209	בגינ	2116	בגלל · לפי, משום	בגינ/-/-/exact/two senses	{בגינ} other בגלל[k:def] ; לפי, משום[k:def] || 
210	למעוטי	2107	למעט	למעוטי/-/-/reviewed/reviewed form: Jastrow מְעַט Pa. מַעֵט "to diminish, to exclude", infinitive with ל	
211	תרתי	2106	שתים	תרתי/-/-/exact/the sense cited from bavli	{תרתי} particle שתים[k:def:targum+bavli] || 
212	פנחס	2104		NO ANALYSIS	
213	כדמוכח	2102		NO ANALYSIS	
214	בגימטריא	2075	בנדסה	גימטריא/-/b/exact/single sense	{גימטריא} n הנדסה[k:def] || K: the use of letters for their numerical value (in homiletic interpretation) | die Methode, die Buchstaben nach ihrem Zahlenwert zu berechnen || K: cipher | permutatorische Schreibweise (Geheimschrift) || J(גִּימַטְרְיָא): accounts; the use of letters for their numerical value; homiletic interpreta
215	וטעמא	2074		AMBIGUOUS rev:טעמא/ "וטעם" ~ טעמא/ "וסבה"	
216	דאתי	2055		NO ANALYSIS	
217	תרינ	2055	שנים	תרינ/-/-/exact/single sense	{תרינ} particle שנים[k:def:targum] || 
218	ורבננ	2031	וחכמים	ורבננ/-/-/reviewed/reviewed form: ו + רַבָּנָן (Krupnik: the sages)	
219	במאמר	2006		NO ANALYSIS	
220	דידיה	2004	שלו	pron:דידיה/fixed/-/pronominal/pronominal preposition table	{דידיה} other שלי, שלו[k:def] || 
221	והוה	1999	והיה	והוה/-/-/reviewed/reviewed form: ו + הֲוָה (reviewed: היה)	
222	גבורות	1991		NO_HEBREW_SENSE גבורה	{גבורה} n  || J(גְּבוּרָה bh): superiority, strength, might; Divine Majesty, the Lord; high age
223	סיפא	1984	החלק האחרון של המשנה	סיפא/-/-/exact/reviewed choice	{סיפא} n סוף[k:def:yerushalmi] ; החלק האחרון של המשנה[k:def:bavli] ; סף[k:def:targum] || J(סֵיפָא): end; the last; second
224	ילפיננ	1977	אנו לומדים	ילפ/pe.ptcp.1pl/-/generated/single sense	{ילפ} v למד[k:def:pe:targum] ; אוֹלֵף לימד[k:def:pa:yerushalmi+bavli] || 
225	אטו	1971	וכי	אטו/-/-/reviewed/reviewed form: Krupnik אַטּוּ "indeed? really?" (Hebrew missing in the digitization) — the rhetorical "וכי"	{אטו} particle בשביל[k:def] || K: indeed? really? | denn? etwa? || J(אָטוּ): on account of, because of, for the sake of; surprise, indignation; is it because? do you m
226	כולי	1938	כל	כולי/-/-/reviewed/reviewed form: Jastrow כֹּל ch. (כּוּלֵּי) = h. כָּל	
227	אמינא	1930	אני אומר	אמר/pe.ptcp.1s/-/irregular/the sense cited from bavli	{אמר} v הלעיט[k:def:af:bavli] ; אמר[j:same:pe:targum+bavli+yerushalmi] ; טלה, כבש[h:wikt] || J(אָמַר I bh): to join, knot; to be knotted, thick;; to heap up;; to join words, compose || J(אֲמַר ch): they say, it is said; Inf; does this mean to say? || J(אָמַר II bh): to be thick, strong; to thrive; to boast, vaunt, be oppressive; to fatten || J(אִמַּר): lamb
228	כולהו	1930	כולם	pron:כולהו/fixed/-/pronominal/pronominal preposition table	
229	שנינו	1926		NO ANALYSIS	
230	דלקמנ	1923	שללפנינו	pron:קמנ/fixed/dl/pronominal/pronominal preposition table	
231	אננ	1914	אנו	אננ/-/-/reviewed/reviewed form: Jastrow אֲנַן ch. "we" (= h. אֲנַחְנוּ)	{אננ} v אנחנו[k:def:bavli] ; אנין[j:eq:targum+bavli] || J(אָנַן bh): to press, oppress, wrong; one who feels grieved, mourner; Onan || J(אֲנַן ch): to be grieved, to mourn
232	ודלא	1913	ושלא	ודלא/-/-/reviewed/reviewed form: ו + ד + לָא	
233	דקאי	1912	שעומד	rev:קאי/pe.ptcp.ms/d/reviewed-base/a proclitic on the reviewed form קאי	
234	מט	1909		NO ANALYSIS	{מט} n  || 
235	דמשומ	1903		NO ANALYSIS	
236	גימטריא	1899	הנדסה	גימטריא/-/-/exact/single sense	{גימטריא} n הנדסה[k:def] || K: the use of letters for their numerical value (in homiletic interpretation) | die Methode, die Buchstaben nach ihrem Zahlenwert zu berechnen || K: cipher | permutatorische Schreibweise (Geheimschrift) || J(גִּימַטְרְיָא): accounts; the use of letters for their numerical value; homiletic interpreta
237	עלייהו	1892	עליהם	pron:עלייהו/fixed/-/pronominal/pronominal preposition table	
238	בשלמא	1889	מובן	בשלמא/-/-/reviewed/reviewed form: Jastrow בִּשְׁלָמָא: "granted, it is right" (literally "in peace")	{בשלמא} ?  || J(בִּשְׁלָמָא): in peace, well; granted, it is right, it would be right
239	כללות	1884	סך הכל	כלל/n.pl/-/source-form/the sense cited from bavli	{כלל} v הכתיר[k:def:pa:midrash] ; חיבר[k:def:pe:yerushalmi] ; הוכתר[k:def:itpa:midrash] ; נכנס לחופה[k:def:itpa:bavli] ; חוק ועיקר[k:def:mishnah] ; צבור[k:def] ; סוג הכולל[k:def] ; סך הכל[k:def:bavli] ; כלל[j:same:pe:targum+yerushalmi+bavli+midrash+tanakh] || J(כָּלַל bh): to surround, comprise, include; Part. pass; included || J(כְּלַל ch): to surround, crown; to make whole, combine; to surround, crown || J(כְּלָל): general rule, principle; under the influence of; community
240	וקאמר	1880		NO ANALYSIS	
241	מינייהו	1861	מהם	pron:מינייהו/fixed/-/pronominal/pronominal preposition table	
242	בחינה	1855		NO ANALYSIS	
243	דפליגי	1850		AMBIGUOUS_SENSE פלג: היה מחולק בדעות | מחצית	{פלג} v נתרחק[k:def:af:yerushalmi] ; נסע בספינה[k:def:af:bavli] ; שבת[k:def:af:midrash] ; דחה, הסיח את הדעת[k:def:af:yerushalmi] ; נתחלק[k:def:itpa:midrash] ; חילק[k:def:targum] ; היה מחולק בדעות[k:def:bavli] ; נחלק[k:def:itpe:targum+bavli] ; היה מחולק בדעות[k:def:itpe:midrash] ; הצטיין[k:def:itpe:bavli] ; מחצית[k:def:mishnah+bavli] ; פלג[j:same:pe:targum+bavli+yerushalmi+midrash] ; פלג[j:same:targum+bavli+midrash] || J(פָּלַג bh): to separate, split; to part, go away; to go to sea || J(פְּלַג I ch): to divide, share; Pa.; Part. pass. || J(פֶּלֶג bh): part, share || J(פָּלָג): part, middle || J(פְּלַג II ch): part, half; half; the demon Palga, a disease
244	התפשטות	1842		NO ANALYSIS	
245	ולית	1841		AMBIGUOUS לית/ "ואין" ~ ית/ "ולאת"	{לית} particle אין[k:def:targum] ; אין[h:wikt] || J(לַיִת): there is; was; not, none
246	להאי	1838	לזה, זאת	האי/-/l/exact/the sense cited from bavli	{האי} other זה, זאת[k:def:bavli] || J(הַאי): this, that; v’taher; locale
247	אחרינא	1835	אחר	אחרינא/-/-/exact/the sense cited from bavli	{אחרינא} n אחר[k:def:bavli] || J(אַחֲרִינָא): another
248	טריפה	1834		NO ANALYSIS	{טריפה} n  || K: an animal afflicted with an organic disease | ein krankes Tier, das nicht mehr lebensfähig ist || K: being cast ashore | das Stranden || J(טְרִיפָה): tearing; being carried away by waves, being cast ashore; covering with leaves, night cover || J(טְרֵיפָה bh): an animal torn by a beast of prey; an
249	דנקט	1831	שהחזיק, אחז	נקט/-/d/exact/reviewed choice	{נקט} v העניק[k:def:pa:midrash] ; החזיק, אחז[k:def:pe] ; לקח[k:def:pe] ; נתן הושיט[k:def:bavli] ; ליקט[k:def:bavli] ; נקט[j:same:pe:targum+bavli] || J(נָקַט): to hold in hand, take, seize; to cause to hold, to procure || J(נְקַט ch): holding; to contract a habit; to cause to hold, to give, hand
250	דהרי	1824		NO ANALYSIS	
251	דהשתא	1809	שעכשיו	השתא/-/d/exact/reviewed choice	{השתא} adv עכשיו[r:reviewed] || K: now | jetzt || K: since, if | da, wenn || J(הַשְׁתָּא): now; so now!, indeed; how can you compare these two cases?
252	מתכוינ	1809		NO ANALYSIS	
253	סתמא	1797	סתם	סתמא/-/-/exact/the sense cited from bavli	{סתמא} ? סתם[j:same:bavli+yerushalmi] || 
254	להשפיע	1795	לשפע וגודש	השפע/-/l/alias/single sense	{השפע} n שפע וגודש[k:def] || J(הַשְׁפִּעַ): plenty, liberality
255	אזליננ	1787	אנו הולכים	אזליננ/-/-/reviewed/reviewed form: אֲזַל (Krupnik: הלך) + ־ינן "we", participle	
256	גופיה	1786	עצמו	גופיה/-/-/reviewed/reviewed form: גּוּפָא (Krupnik: גוף) + ־יה — itself	
257	לבחינת	1775		NO ANALYSIS	
258	בברייתא	1774	במשנה החיצונה	ברייתא/-/b/exact/the sense cited from bavli	{ברייתא} ? משנה החיצונה[k:def:bavli] || 
259	מגו	1761	מתוך	מגו/-/-/reviewed/reviewed form: מן + גּוֹ "inside" (Jastrow)	
260	בהדי	1755	עם ובמעמד	בהדי/-/-/exact/reviewed choice	{בהדי} other עם ובמעמד[k:def] ; בעוד, בשעה[k:def:bavli] || 
261	מא	1753	מה	מא/-/-/exact/single sense	{מא} particle מה[k:def:targum] ; מה[j:eq:targum] || J(מָא ch): what?; what; if?, suppose, perhaps
262	כנסת	1750		AMBIGUOUS_SENSE כנסת: אספה, קיבוץ | בית הכנסת, בית התפלה	{כנסת} n אספה, קיבוץ[k:def:midrash+mishnah] ; בית הכנסת, בית התפלה[k:def:midrash+mishnah] || J(כְּנֶסֶת): gathering, storage; assembly, community, congregation; congregation of worshippers
263	רובא	1750	רוב	רובא/-/-/exact/reviewed choice	{רובא} n רוב[k:def:bavli] ; רב, גדול[k:def:yerushalmi] ; בחור[k:def:bavli] ; רוב[j:same:bavli+mishnah] || J(רוּבָּא ch): yabam || J(רוֹבֵא bh): growing; young man, youth; archers
264	לימא	1747	יאמר	לימא/-/-/reviewed/reviewed form: אֲמַר imperfect 3rd masc. (JBA לֵימָא: "shall we say")	
265	תליא	1746	תלויה	תליא/-/-/reviewed/reviewed form: Jastrow תְּלָא "to hang, depend", passive participle fem.	{תליא} n יתד, תלי[k:def:bavli] || J(תַּלְיָא): hook, string
266	ופריכ	1742	ושאל, הקשה	פרכ/pa.perf.3ms/w/source-form/the sense cited from bavli	{פרכ} v נשבר ונתפורר[k:def:itpe:bavli] ; נדרס ונשוף[k:def:itpa:yerushalmi] ; שאל, הקשה[k:def:pa:bavli] ; נסתרו דבריו[k:def:itpe:bavli] ; פרך[j:same:pe:targum+bavli+midrash] || K: to crush | zerreiben || J(פָּרַךְ): to split, divide off; to split; to crush, rub, grind || J(פְּרַךְ I ch): to break, smash, crumble.; —Part. pass; crushed; peeling, brittle || J(פְּרַךְ II): Pa.; to tie dry ears; to bind sheaves; to untie sheaves || J(פֶּרֶךְ): tyranny, rigor; that which is eas
267	שמעיננ	1740	אנו שומעים	שמעיננ/-/-/reviewed/reviewed form: שְׁמַע (Jastrow ch. same) + ־ינן	
268	מבחינת	1735		NO ANALYSIS	
269	למאי	1731	למה	rev:מאי/-/l/reviewed-base/a proclitic on the reviewed form מאי	
270	מדלא	1729		AMBIGUOUS_SENSE מדלא: מלונת השומר | נזילה	{מדלא} n קנין, רכוש[k:def:yerushalmi] ; מלונת השומר[k:def:bavli] ; נזילה[k:def:bavli] || J(מַדְלָא I): watchman’s lodge || J(*מַדְלָא II): drawing, resorbing
271	עובדא	1724	מעשה, מאורע	עובדא/-/-/exact/the sense cited from bavli	{עובדא} n מעשה, מאורע[k:def:bavli+yerushalmi] ; מעשה, מאורע[k:def:bavli+yerushalmi] || J(עוֹבָדָא): deed, work; occurrence, event, fact, case, precedent; billʿa
272	קני	1721	קנה	קני/-/-/exact/the sense cited from bavli	{קני} v קני[j:same:pe:targum+bavli] ; קנה[j:eq:targum+midrash+bavli] || J(קני): ḳana; to be hot; to be jealous; to envy || J(קְנֵי ch): to be zealous for; to be jealous; to suspect of unfaithfulness; to make jealous; to warn o || J(קני ² bh): to establish; to create; to acquire, own; to take possession; to make sure; to obligate a  || J(קְנֵי ² ch): to make one a bondma
273	תו	1721		AMBIGUOUS תו/ "שוב, עוד" ~ אתא/pe.impv.mp "בואו"	{תו} adv שוב, עוד[k:def:bavli] || J(תּוּ I): come ye || J(תּוּ II): again, furthermore
274	דסבר	1717	שחשב	סבר/-/d/exact/reviewed choice	{סבר} v חשב[k:def] ; בירר, ביאר[k:def:af] ; התיחס בחבה[k:def] ; הבטיח[k:def:af:targum] ; ביאר ופירש[k:def:af:bavli] ; קוה[k:def:itpe:targum] ; היה מובן[k:def:itpe:bavli] ; הזדיין והצטייד[k:def:itpe:targum] ; תקוה[k:def] ; הסבר, פירוש[k:def] ; מחשבה, דעה[k:def:yerushalmi] ; סבר[j:same:pe:targum+bavli+midrash] ; סבר[j:same:targum+midrash+tanakh+yerushalmi] || K: to trust | vertrauen || J(סָבַר bh): Pi.; to be bright; to look for, be hopeful; to think, imagine. Part. pass || J(סְבַר ch): to show a bright face, be pleasant; to favor; Poël; Part. pass || J(סְבַר II): Poël; to encompass; to carry; to bear, endure; to sustain || J(סְבַר III): Poël; Saf; sabar
275	אלקיכ	1710		NO ANALYSIS	
276	מהאי	1702	מזה, זאת	האי/-/m/exact/the sense cited from bavli	{האי} other זה, זאת[k:def:bavli] || J(הַאי): this, that; v’taher; locale
277	ואמאי	1696	ולמה, מדוע	אמאי/-/w/exact/the sense cited from bavli	{אמאי} particle למה, מדוע[k:def:bavli] || J(אַמַּאי): wherefore? why?; why not?
278	בריכ	1686	ברוך	בריכ/-/-/reviewed/reviewed form: Jastrow בְּרִיךְ = h. בָּרוּךְ	{בריכ} v היה ברוך[k:def:itpe:targum] || 
279	כדמפרש	1674		NO ANALYSIS	
280	תלת	1664	שלש	תלת/-/-/exact/the sense cited from bavli	{תלת} v חילק לשלשה חלקים[k:def:pa:targum] ; עשה בפעם השלישית[k:def:pa:targum] ; נעשה בפעם השלישית[k:def:itpe:targum] ; שלש[j:eq:targum+bavli+yerushalmi] || J(תַּלֵּת): to divide into three parts; to do a third time; Part. pass || J(תְּלַת): three; on the third; thirteen
281	מדרש	1661	ספר דרוש	מדרש/-/-/exact/the sense cited from bavli	{מדרש} n למוד[k:def:midrash] ; ספר דרוש[k:def:bavli] || J(מִדְרָשׁ bh): textual interpretation; study; school, college; Midrash, homiletic book
282	לאשמועיננ	1659	להשמיענו	לאשמועיננ/-/-/reviewed/reviewed form: ל + שְׁמַע Af. infinitive + ־ינן	
283	דבכל	1646		NO ANALYSIS	
284	ודברי	1646		NO_HEBREW_SENSE איסתוורא	{איסתוורא} n  || J(אִיסְתְּוָורָא): to leap, stride;; ankle; foot-step
285	משכחת	1634		NO ANALYSIS	
286	ודוק	1630		AMBIGUOUS_SENSE דוק: מין חולי בעין	{דוק} n מין חולי בעין[k:def:targum] || J(דּוֹק): a withered spot in the eye || J(דּוּק): to pound, beat; to powder; powdered; to examine carefully, to be particular, exact in expr
287	במאי	1623	במה	rev:מאי/-/b/reviewed-base/a proclitic on the reviewed form מאי	
288	דיליה	1616	שלו	pron:דיליה/fixed/-/pronominal/pronominal preposition table	
289	ספירות	1605	הרצאה וספור דברים	ספירה/n.pl/-/source-form/the sense cited from bavli	{ספירות} n  ||   ##  {ספירה} n כדור[k:def:midrash] ; מנין[k:def] ; הרצאה וספור דברים[k:def:bavli] || J(סְפִירָה bh): counting; writing; recording
290	כרבננ	1599	כחכמים	כרבננ/-/-/reviewed/reviewed form: כ + רַבָּנָן (Krupnik: the sages)	
291	השרת	1598		NO ANALYSIS	
292	יהיב	1583	נותן	יהיב/-/-/reviewed/reviewed form: יְהַב "to give" (Jastrow; = h. נָתַן), participle	
293	קמיה	1581	לפניו	pron:קמיה/fixed/-/pronominal/pronominal preposition table	
294	למדנו	1578		NO ANALYSIS	
295	דאצילות	1575		NO ANALYSIS	
296	אתיא	1570	באה	אתא/pe.ptcp.fs/-/irregular/reviewed choice	{אתא} v סימן[k:def:targum] ; בא[k:def:pe:bavli] ; הביא[r:reviewed:af] || J(אָתָא I): letter, sign || J(אֲתָא ch): to join; to come, to arrive; to occur to; surely, indeed || J(*אָתָא III): Great Bear, Ursa Major
297	לונ	1564	להם	לונ/-/-/reviewed/reviewed form: Jastrow לוֹן (Zoharic/Targumic) = לְהוֹן "to them"	{לונ} v  || J(לוּן bh): to stay over night, to take; night; lodging; to be kept over night || J(לוּן II bh): to join; to rise against, murmur, rebel || J(לוֹן): unto them
298	מדכתיב	1557		NO ANALYSIS	
299	אכתי	1548	עדיין	אכתי/-/-/exact/the sense cited from bavli	{אכתי} adv עדיין[k:def:bavli] || J(אַכַּתִּי): still, even now, yet; since
300	בההוא	1548	באותו	בההוא/-/-/reviewed/reviewed form: ב + הַהוּא	
301	נרמז	1546		AMBIGUOUS_SENSE רמז: נאמר לו ברמז	{רמז} v רמז וקרץ[k:def:pe:bavli] ; נאמר לו ברמז[k:def:itpe:mishnah] ; אות וסימן[k:def:bavli] ; רמז[j:same:pe:targum+bavli+tanakh+midrash] || J(רָמַז): to move; to nod, gesticulate, hint; to intimate, hint || J(רְמַז ch): Pe. || J(רֶמֶז): gesture, hint, intimation.
302	דפשיטא	1522	של ודאי, ממילא מובן	פשיטא/-/d/exact/reviewed choice	{פשיטא} n למוד[k:def] ; מטבע קטנה[k:def] ; אבעבועה[k:def:bavli] ; ודאי, ממילא מובן[k:def:bavli] || J(פְּשִׁיטָא): explanation, teaching; plain, self-evident truth; is it not a matter of course?; Ps’hiṭa
303	מדריגה	1520		NO ANALYSIS	
304	נבראו	1517		NO ANALYSIS	
305	להא	1512	לזה	להא/-/-/reviewed/reviewed form: ל + הָא (Krupnik 1: this)	
306	דגבי	1509		NO ANALYSIS	
307	דעיקר	1505		NO ANALYSIS	
308	סברי	1502	סוברים	סברי/-/-/reviewed/reviewed form: Krupnik סְבַר "חשב"; Jastrow סְבַר ch. (h. סָבַר), participle plural	
309	ואית	1497	ויש	ואית/-/-/reviewed/reviewed form: ו + אִית	
310	מיהא	1492	לפחות, על כל פנים	מיהא/-/-/exact/the sense cited from bavli	{מיהא} adv לפחות, על כל פנים[k:def:bavli] || J(מִיהָא): whatever it be, be it as it may; however, at all events; from this
311	לקמיה	1482	לפניו	לקמיה/-/-/reviewed/reviewed form: ל + קַמֵּי (Krupnik: לפני) + ־יה "him"	
312	גיהנמ	1466		NO ANALYSIS	
313	יליפ	1462	לומד	יליפ/-/-/reviewed/reviewed form: Krupnik יְלַף "למד", participle	{יליפ} v  || J(יְלֵיף): to get accustomed, to learn; accustomed, used to; to teach
314	דהוו	1457	שהיו	דהוו/-/-/reviewed/reviewed form: ד + הֲווֹ (reviewed הוה: היה), perfect plural	
315	בחד	1455	באחד	חד/-/b/exact/the sense cited from bavli	{חד} particle אחד[k:def:bavli] ; אחד[j:eq:targum+yerushalmi+bavli] || J(חַד I bh): pointed, sharp; swift; Pl. || J(חַד II): one, singular, particular; like one; together, simultaneously
316	ותניא	1453	ונאמר בברייתא	תניא/-/w/exact/the sense cited from bavli	{תניא} v נאמר בברייתא[k:def:bavli] || 
317	תלתא	1448	שלושה	תלתא/-/-/reviewed/reviewed form: Jastrow תְּלָת ch. "three" (= h. שָׁלֹשׁ)	{תלתא} n שליש[k:def:targum] || J(תִּלְתָּא): a third part; having reached one-third of the full growth; a third-grown calf
318	דמתניתינ	1443		NO ANALYSIS	
319	אהדדי	1437	זה על זה	אהדדי/-/-/reviewed/reviewed form: א (= על) + הֲדָדֵי (Krupnik: זה את זה)	
320	האיכ	1429	הלא, ההוא	האיכ/-/-/exact/the sense cited from bavli	{האיכ} particle כיצד[k:def] ; הלא, ההוא[k:def:bavli] || 
321	בההיא	1425	באותה	בההיא/-/-/reviewed/reviewed form: ב + הַהִיא	
322	מוקי	1422		AMBIGUOUS_SENSE קומ: העמיד	{מוקי} ?  ||   ##  {קומ} v עמד, היה קיים[k:def:pe:bavli] ; מי חלב[k:def:mishnah] ; קום[j:same:pe:targum+bavli+midrash+yerushalmi+tanakh] ; העמיד[r:reviewed:af] || J(קוּם bh): to stand up, rise; to stand, exist; a transgression of a prohibitive law which you must re || J(קוּם ² ch): ḥălitsah; to ascertain; to bargain for || J(קוֹם): curdled milk, curd; whey; ḳom?
323	דפריכ	1416	ששאל, הקשה	פרכ/pa.perf.3ms/d/source-form/the sense cited from bavli	{פרכ} v נשבר ונתפורר[k:def:itpe:bavli] ; נדרס ונשוף[k:def:itpa:yerushalmi] ; שאל, הקשה[k:def:pa:bavli] ; נסתרו דבריו[k:def:itpe:bavli] ; פרך[j:same:pe:targum+bavli+midrash] || K: to crush | zerreiben || J(פָּרַךְ): to split, divide off; to split; to crush, rub, grind || J(פְּרַךְ I ch): to break, smash, crumble.; —Part. pass; crushed; peeling, brittle || J(פְּרַךְ II): Pa.; to tie dry ears; to bind sheaves; to untie sheaves || J(פֶּרֶךְ): tyranny, rigor; that which is eas
324	מיבעיא	1400	צריך	מיבעיא/-/-/reviewed/reviewed form: Krupnik אִיבָּעֵי "צריך להיות", participle (לא מיבעיא = it is not needed)	
325	דאילו	1397	שאילו	דאילו/-/-/reviewed/reviewed form: ד + אִילּוּ	
326	דלענינ	1395		NO ANALYSIS	
327	כדפרישית	1395		NO ANALYSIS	
328	משפיע	1392		NO ANALYSIS	
329	דוגמת	1391		NO ANALYSIS	
330	מודו	1389		NO ANALYSIS	
331	דסבירא	1388	שחשובה	סבר/pe.pass.fs/d/generated/reviewed choice	{סבר} v חשב[k:def] ; בירר, ביאר[k:def:af] ; התיחס בחבה[k:def] ; הבטיח[k:def:af:targum] ; ביאר ופירש[k:def:af:bavli] ; קוה[k:def:itpe:targum] ; היה מובן[k:def:itpe:bavli] ; הזדיין והצטייד[k:def:itpe:targum] ; תקוה[k:def] ; הסבר, פירוש[k:def] ; מחשבה, דעה[k:def:yerushalmi] ; סבר[j:same:pe:targum+bavli+midrash] ; סבר[j:same:targum+midrash+tanakh+yerushalmi] || K: to trust | vertrauen || J(סָבַר bh): Pi.; to be bright; to look for, be hopeful; to think, imagine. Part. pass || J(סְבַר ch): to show a bright face, be pleasant; to favor; Poël; Part. pass || J(סְבַר II): Poël; to encompass; to carry; to bear, endure; to sustain || J(סְבַר III): Poël; Saf; sabar
332	מסיק	1386		AMBIGUOUS_SENSE סלק: העלה	{מסיק} n עושק[k:def:mishnah] || K: olive harvest | (Zeit der) Olivenlese || J(מָסִיק): olive harvest || J(מַסִּיק I): reaching definite conclusions, decided || J(מַסִּיק II): one who levies contributions; a Roman collector, oppressor; massiḳin  ##  {סלק} v הסיר והעביר[k:def:mishnah] ; הרים[k:def:bavli] ; התרחק[k:def:itpa:midrash] ; מת[k:def:itpa:tosefta] ; סלק[j:same:pe:targum+bavli+midrash] ; עָלָה[h:wikt] ; העלה[r:reviewed:af] || J(סָלַק): to go up, go away; to pile up; to remove; to cause cessation, suspend || J(סְלֵק ch): to rise, go up; to go away; to occur; to stop, hush, keep silence || J(סְלַק): to boil down
333	לתתא	1382	למטה	לתתא/-/-/reviewed/reviewed form: Jastrow לְתַתָּא "below"	
334	יומינ	1381	ימים	יומינ/-/-/reviewed/reviewed form: plural of יוֹמָא	
335	טעמימ	1370		AMBIGUOUS_SENSE טעמ: סבה | סימן ההפסק במקרא, נגינה	{טעמ} v סבה[k:def:bavli] ; סימן ההפסק במקרא, נגינה[k:def:bavli] ; טעם[j:same:tanakh+targum+bavli] ; צו, פקודה[h:wikt] || J(טָעַם bh): to be bright, wise; to examine, to taste, test, try, experience; to give to taste || J(טְעַם): to give to taste; to taste; tasted, touched || J(טַעַם bh): pleasure, will; sense, wisdom, sound reasoning; reason, cause, ground; the incisions, in t || J(טְעַם ² ch): pleasure, will.; good c
336	דקיימא	1365	שעומדת	דקיימא/-/-/reviewed/reviewed form: ד + קוּם, participle fem.	
337	מלכא	1364	מלך	מלכא/-/-/reviewed/reviewed form: Jastrow מַלְכָּא ch. = h. מֶלֶךְ	
338	ידעיננ	1360	אנו יודעים	ידע/pe.ptcp.1pl/-/generated/the sense cited from bavli	{ידע} v ידע[j:same:pe:targum+bavli+midrash] ; הודיע[r:reviewed:af] || J(יָדַע bh): to point out, select, love; to recognize, know; to find out; Part. pass || J(יְדַע ch): Hif.; Part. pass; friend
339	דרוש	1359	הורה בצבור	דרש/pe.ptcp.ms/-/source-form/the sense cited from bavli	{דרש} v הורה בצבור[k:def:pe:bavli] ; דרש[j:same:pe:targum+bavli+midrash+yerushalmi+tanakh] || K: to interpret | auslegen || J(דָּרַשׁ bh): to examine, question; to expound, interpret; to teach, lecture. || J(דְּרַשׁ ch): lecturer; to be interpreted
340	אנפינ	1356	פנים	אנפינ/-/-/reviewed/reviewed form: Jastrow אַנְפִּין = h. פָּנִים	
341	רזא	1355	סוד	רזא/-/-/reviewed/reviewed form: Jastrow רָזָא "mystery, secret" (= h. סוֹד)	
342	נפשיה	1353	עצמו	נפשיה/-/-/reviewed/reviewed form: נַפְשָׁא (Jastrow נְפַשׁ ch.: soul, self) + ־יה — "לנפשיה" = himself	
343	מדריגות	1352		NO ANALYSIS	
344	וגבי	1338		NO ANALYSIS	
345	דמלכא	1337	של המלך	דמלכא/-/-/reviewed/reviewed form: ד + מַלְכָּא (Jastrow ch. = h. מֶלֶךְ)	
346	והתמ	1337	ושם	והתמ/-/-/reviewed/reviewed form: ו + הָתָם (Krupnik: שם)	
347	דאינונ	1336	שהם	pron:אינונ/fixed/d/pronominal/pronominal preposition table	
348	מההיא	1331	מאותה	מההיא/-/-/reviewed/reviewed form: מן + הַהִיא	
349	דההוא	1330		NO ANALYSIS	
350	ומאנ	1327	ומי	ומאנ/-/-/reviewed/reviewed form: ו + מַאן	
351	דשאני	1323		NO ANALYSIS	
352	תכוינ	1320		NO ANALYSIS	
353	ארעא	1313	אדמה, ארץ	ארעא/-/-/exact/reviewed choice	{ארעא} n אדמה, ארץ[k:def:bavli+targum] ; מקרה[k:def:targum] ; פגע[k:def] || J(אִרְעָא): accident, occurrence; evils, diseases || J(אַרְעָא): land, earth, ground, field; gout, sore on the toes; fields
354	אומה	1303		NO ANALYSIS	{אומה} n  || J(אוּמָּה bh): people, nation, government; nations; gentiles
355	הי	1302	איה, היכן	הי/-/-/exact/the sense cited from bavli	{הי} particle איה, היכן[k:def:bavli] || K: behold, here is | siehe, hier ist || K: which? | welcher? || J(הֵי II): behold, here is; helakh, the instantaneous delivery of the amount confessed; which? || J(הִי II): grief; woe! oh!
356	אשכחנ	1300		NO ANALYSIS	
357	המכוונ	1298		NO ANALYSIS	
358	דאיירי	1295		NO ANALYSIS	
359	דטעמא	1292	של סבה	טעמא/-/d/exact/the sense cited from bavli	{טעמא} n סבה[k:def:bavli] ; טעם[k:def] || J(טָעֲמָא): pleader.; pleaders
360	דלפי	1292		NO ANALYSIS	
361	דברכות	1291		NO ANALYSIS	
362	ליתא	1288	אינה	ליתא/-/-/reviewed/reviewed form: לֵית (Krupnik: אין) + ־א	{ליתא} n ליש, אריה[k:def:targum] ; ליש[j:eq:targum] || 
363	נפיק	1286	יוצא	נפיק/-/-/reviewed/reviewed form: Krupnik נְפַק "יצא", participle	{נפיק} n  || J(נָפִיק): quick, alert
364	דחיישיננ	1276	שאנו דואגים	חוש/pe.ptcp.1pl/d/generated/the sense cited from bavli	{חוש} n עבי[k:def] ; דאג[k:def:bavli] || K: to be affected | Schmerz empfinden || J(חוּשׁ I): thick substance; knots || J(חוּשׁ II bh): to feel, press; to feel pain, be affected; to apprehend, consider || J(חוּשׁ ch): to feel, suffer, be troubled; to apprehend, care for; to be anxious, hasten to, flee
365	אורייתא	1265	תורה	אורייתא/-/-/exact/reviewed choice	{אורייתא} n תורה[k:def] ; ספר תורה[k:def:yerushalmi] || 
366	דהלכה	1263		NO ANALYSIS	
367	נוקבא	1257	נקבה	נוקבא/-/-/exact/the sense cited from yerushalmi	{נוקבא} n נקבה[j:eq:targum+yerushalmi+midrash+mishnah] || K: hole | Loch || J(נוּקְבָּא): hole || J(נוּקְבָא II ch): female
368	דאימא	1252		AMBIGUOUS אימא/ "של אם" ~ אמר/pe.impf.1s "שאומר"	{אימא} n אם[j:eq:targum+bavli] || K: mother | Mutter || J(אימָּא I): distaff || J(אִימָּא II ch): mother; my mother; grandmother
369	דמיא	1250	דומה	דמיא/-/-/reviewed/reviewed form: Krupnik דְּמֵי "דמה" (to resemble), participle	
370	מהכא	1250	מכאן	הכא/-/m/exact/single sense	{הכא} adv כאן[k:def] || J(הָכָא): here, hither; in this case, now
371	כדלעיל	1245		NO ANALYSIS	
372	הסוגיא	1241		NO ANALYSIS	
373	כדלקמנ	1239		NO ANALYSIS	
374	דחשיב	1237		NO ANALYSIS	
375	דפליג	1236	שהיה מחולק בדעות	פליג/-/d/exact/reviewed choice	{פליג} other חילק[k:def:targum] ; היה מחולק בדעות[k:def:bavli] || 
376	ביומא	1234	ביום	יומא/-/b/exact/reviewed choice	{יומא} n יום[k:def:bavli] ; שמש[k:def:bavli] || K: name of a treatise of the Talmud on the order of exercises of the Day of Atonement | Name eines Talmudtraktates über den Versöhnungstag
377	דעתכ	1227		NO ANALYSIS	
378	דאלו	1226	השקאה	דאלו/-/-/exact/the sense cited from bavli	{דאלו} n השקאה[k:def:bavli] || 
379	דעד	1225		NO ANALYSIS	{דעד} ?  || 
380	דלתתא	1215	של מטה	דלתתא/-/-/reviewed/reviewed form: ד + לְתַתָּא	
381	דהיכא	1214	שהיכן	היכא/-/d/exact/reviewed choice	{היכא} particle היכן[r:reviewed] || K: where? | wo? || K: where | wo || J(הֵיכָא): where?; where
382	יבואר	1213		NO ANALYSIS	
383	דעתיה	1212	דעה, סברא שלו	דעתא/n.sg+3ms/-/generated-noun/reviewed choice	{דעתא} n ידיעה[k:def:targum] ; בינה[k:def:targum] ; דעה, סברא[k:def:bavli] ; דעת[j:same:targum+bavli] || 
384	אתר	1209	מקום	אתר/-/-/exact/the sense cited from midrash	{אתר} n מקום[k:def:midrash] || J(אָתַר): place, town; our; local custom
385	דתני	1208	ששנה	תני/-/d/exact/reviewed choice	{תני} v חזר ועשה[k:def:pe:targum] ; לימד[k:def:pe:targum] ; קיבל ומסר הלכה[k:def:pe:bavli] ; שינה[k:def] ; דיבר, סיפר[k:def:targum] ; לימד[k:def:af] ; נכפל[k:def:itpe:targum] ; הוגד[k:def:itpe:targum] ; הוחד[k:def:itpe:targum] ; תני[j:same:pe:targum+bavli+mishnah+yerushalmi] ; שנה[r:reviewed:pe] || J(תני bh): to repeat; to tell; to stipulate, agree, make a condition || J(תְּנֵי ch): to repeat, do a second time; Pa.; to tell, relate; to teach || J(תְּנֵי II): to be pointed, sharp; to sharpen, to speak sharp words; to be sharpened
386	הויות	1204		AMBIGUOUS_SENSE הויה: מציאות | משא ומתן של הלכה	{הויה} n מציאות[k:def:bavli] ; חיתון[k:def] ; משא ומתן של הלכה[k:def:bavli] || J(הֲוָיָה): existence, status, condition, stability; Pi.; legal status of marriage
387	דהינו	1202		NO ANALYSIS	
388	עולמו	1200		NO ANALYSIS	
389	דכתובות	1193		NO ANALYSIS	
390	דתנא	1189	ששנה	תני/-/d/alias/reviewed choice	{תני} v חזר ועשה[k:def:pe:targum] ; לימד[k:def:pe:targum] ; קיבל ומסר הלכה[k:def:pe:bavli] ; שינה[k:def] ; דיבר, סיפר[k:def:targum] ; לימד[k:def:af] ; נכפל[k:def:itpe:targum] ; הוגד[k:def:itpe:targum] ; הוחד[k:def:itpe:targum] ; תני[j:same:pe:targum+bavli+mishnah+yerushalmi] ; שנה[r:reviewed:pe] || J(תני bh): to repeat; to tell; to stipulate, agree, make a condition || J(תְּנֵי ch): to repeat, do a second time; Pa.; to tell, relate; to teach || J(תְּנֵי II): to be pointed, sharp; to sharpen, to speak sharp words; to be sharpened
391	ומסיק	1187		AMBIGUOUS_SENSE סלק: העלה	{סלק} v הסיר והעביר[k:def:mishnah] ; הרים[k:def:bavli] ; התרחק[k:def:itpa:midrash] ; מת[k:def:itpa:tosefta] ; סלק[j:same:pe:targum+bavli+midrash] ; עָלָה[h:wikt] ; העלה[r:reviewed:af] || J(סָלַק): to go up, go away; to pile up; to remove; to cause cessation, suspend || J(סְלֵק ch): to rise, go up; to go away; to occur; to stop, hush, keep silence || J(סְלַק): to boil down
392	דההיא	1186		NO ANALYSIS	
393	ואות	1186		NO ANALYSIS	
394	סליק	1185	עלה	סליק/-/-/reviewed/reviewed form: Krupnik סְלֵק "עלה"	
395	דקדושה	1181		NO ANALYSIS	
396	דסתמ	1180		NO ANALYSIS	
397	בבינה	1157		NO ANALYSIS	
398	דייק	1157		NO_HEBREW_SENSE דוק	{דוק} n מין חולי בעין[k:def:targum] || J(דּוֹק): a withered spot in the eye || J(דּוּק): to pound, beat; to powder; powdered; to examine carefully, to be particular, exact in expr
399	דיכול	1157		NO ANALYSIS	
400	וכלל	1156		NO ANALYSIS	
401	לבר	1152	לבן	בר/-/l/exact/reviewed choice	{בר} n בקי[k:def:tosefta] ; בר[j:same:targum+bavli+yerushalmi+midrash] ; שדה[j:eq:targum+bavli+yerushalmi+midrash] ; חוץ[j:eq:targum+bavli+yerushalmi+midrash] ; בן[r:reviewed] || J(בַּר I bh): empty, open; uncultivated ground, forest, prairie;; buffalo || J(בַּר ch): forest, prairie; living in the forest; wild || J(בַּר II ch): son, offspring; grandson; a scholar || J(בַּר III bh): clear, bright, clean, pure; bar || J(בַּר IV bh): sifted; grain
402	לדינא	1152	לדין ומשפט	דינא/-/l/exact/reviewed choice	{דינא} n דין ומשפט[k:def:bavli] ; ריב[k:def] ; שופט[k:def] || 
403	נהי	1152	נניח	נהי/-/-/reviewed/reviewed form: Krupnik נְהִי "נניח"	{נהי} v התאסף[k:def:itpe:targum] ; נניח[k:def:bavli] || J(נְהֵי I bh): to move; to be in commotion; to follow eagerly || J(נְהִי II bh): commotion; lamentation, elegy || J(נְהֵי): let it be, granted, admitted
404	דקדושינ	1149		NO ANALYSIS	
405	דהיא	1148	זה, זאת	דה/n.pl/-/generated-noun/the sense cited from yerushalmi	{דה} n זה, זאת[k:def:yerushalmi] || 
406	דחולינ	1148		NO ANALYSIS	
407	קסבר	1146	חושב	סבר/pe.ptcp.ms/q/generated/reviewed choice	{סבר} v חשב[k:def] ; בירר, ביאר[k:def:af] ; התיחס בחבה[k:def] ; הבטיח[k:def:af:targum] ; ביאר ופירש[k:def:af:bavli] ; קוה[k:def:itpe:targum] ; היה מובן[k:def:itpe:bavli] ; הזדיין והצטייד[k:def:itpe:targum] ; תקוה[k:def] ; הסבר, פירוש[k:def] ; מחשבה, דעה[k:def:yerushalmi] ; סבר[j:same:pe:targum+bavli+midrash] ; סבר[j:same:targum+midrash+tanakh+yerushalmi] || K: to trust | vertrauen || J(סָבַר bh): Pi.; to be bright; to look for, be hopeful; to think, imagine. Part. pass || J(סְבַר ch): to show a bright face, be pleasant; to favor; Poël; Part. pass || J(סְבַר II): Poël; to encompass; to carry; to bear, endure; to sustain || J(סְבַר III): Poël; Saf; sabar
408	דרישא	1140	של ראש, גלגולת	ריש/-/d/alias/the sense cited from bavli	{ריש} n ראש, גלגולת[k:def:bavli] ; עומד בראש, נשיא[k:def:targum] ; התחלה[k:def:targum] ; החלק העליון[k:def:targum] ; ארס[k:def:targum] ; ראש[j:eq:targum+bavli+yerushalmi+midrash+tosefta] ; ראש[j:eq:targum] || J(רִישׁ bh): poverty, misery || J(רֵישׁ II): head, chief; beginning, first thing, firstling; at first, formerly || J(רֵישׁ III): drop; poison; pl.
409	ויתכנ	1137		NO ANALYSIS	
410	דאינה	1134		NO ANALYSIS	
411	מדרגה	1134		NO ANALYSIS	{מדרגה} n  || J(מַדְרֵגָה bh): embankment, acclivity.; step, rank
412	בעיא	1133	שאלה למודית	בעיא/-/-/exact/single sense	{בעיא} n שאלה למודית[k:def] || K: a man’s name | männlicher Name || J(בַּעְיָא): yawn, gap; greed; question. || J(*בָּעְיָא): Baya
413	לסבול	1133		NO ANALYSIS	
414	רוחא	1124	רוח	רוחא/-/-/reviewed/reviewed form: Jastrow רוּחָא ch. = h. רוּחַ	{רוחא} ? רוח[j:same:targum+midrash+bavli] ; רוח הקדש[j:eq:targum+midrash+bavli] || 
415	ובדברינו	1120		NO ANALYSIS	
416	סלקא	1115	עולה	סלקא/-/-/reviewed/reviewed form: Krupnik סְלֵק "עלה", participle fem. — "סלקא דעתך" = it would arise in your mind	{סלקא} n  || J(סִלְקָא): beet || J(סִלְקָא ²): well-boiled vegetable
417	דיומא	1110	של יום	יומא/-/d/exact/reviewed choice	{יומא} n יום[k:def:bavli] ; שמש[k:def:bavli] || K: name of a treatise of the Talmud on the order of exercises of the Day of Atonement | Name eines Talmudtraktates über den Versöhnungstag
418	הקושיא	1110		NO ANALYSIS	
419	לאתויי	1110	להביא	לאתויי/-/-/reviewed/reviewed form: אֲתָא Af. infinitive (Jastrow: to bring; = h. הֵבִיא)	
420	במתניתינ	1103		NO ANALYSIS	
421	דבזה	1103		NO ANALYSIS	
422	שהתבאר	1101		NO ANALYSIS	
423	מסתברא	1100	מסתבר	מסתברא/-/-/reviewed/reviewed form: Krupnik סְבַר itpe. "היה מובן"; Jastrow מִסְתַּבְּרָא "it stands to reason"	
424	דכבר	1099	של כבן	בר/-/dk/exact/reviewed choice	{בר} n בקי[k:def:tosefta] ; בר[j:same:targum+bavli+yerushalmi+midrash] ; שדה[j:eq:targum+bavli+yerushalmi+midrash] ; חוץ[j:eq:targum+bavli+yerushalmi+midrash] ; בן[r:reviewed] || J(בַּר I bh): empty, open; uncultivated ground, forest, prairie;; buffalo || J(בַּר ch): forest, prairie; living in the forest; wild || J(בַּר II ch): son, offspring; grandson; a scholar || J(בַּר III bh): clear, bright, clean, pure; bar || J(בַּר IV bh): sifted; grain
425	איתמר	1092	נאמר	איתמר/-/-/reviewed/reviewed form: Jastrow אֲמַר Ithpe. אִתְאֲמַר, contr. אִתְּמַר "it has been said" — the nif'al of the Hebrew entry אָמַר, נֶאֱמַר	
426	התנא	1089		NO ANALYSIS	
427	ריבוי	1088	כמות יתרה · הוספה, הכנסה אל הכלל	ריבוי/-/-/exact/two senses	{ריבוי} n כמות יתרה[k:def] ; הוספה, הכנסה אל הכלל[k:def] || J(רִיבּוּי): increase, plenty; larger number of garments, investment of the high priest with the eight 
428	עתיקא	1086		NO_HEBREW_SENSE עתיק	{עתיקא} n  || J(עַתִּיקָא II bh): support?; a kind of peristyle  ##  {עתיק} n עתיק[j:same:targum+bavli+tanakh+midrash+yerushalmi] || J(עַתִּיק): old, ancient; Hif.; remote || J(עַתִּיק ² ch): enduring, strong, old
429	דפרק	1080		NO ANALYSIS	
430	דמהני	1079		AMBIGUOUS_SENSE הנ: זה, ההוא	{הנ} other זה, ההוא[k:def] || K: here | hier || J(הֵן): they || J(הֵן ² ch): here is, behold; behold, they are; how?, indeed! || J(הָן): he who; this one, that one; what?
431	דמילתא	1079	של דבר	מילתא/-/d/exact/reviewed choice	{מילתא} n מלה[k:def:bavli] ; דבר[k:def:bavli] || J(מִילְּתָא): word; thing, affair; to let blood; to be bled
432	אינשי	1076	אנשים	אינשי/-/-/reviewed/reviewed form: plural of אִינָשׁ "man" (Jastrow אֱנָשׁ ch. = h. אֱנוֹשׁ)	
433	טעמי	1070		NO ANALYSIS	
434	במלת	1066		NO ANALYSIS	
435	בדברינו	1064		NO ANALYSIS	
436	בינייהו	1064	ביניהם	pron:בינייהו/fixed/-/pronominal/pronominal preposition table	
437	בגיטינ	1061		NO ANALYSIS	
438	דמייתי	1061	שמביא	rev:מייתי/af.ptcp.ms/d/reviewed-base/a proclitic on the reviewed form מייתי	
439	צמצומ	1059		NO ANALYSIS	
440	כדתניא	1053	כמו שנאמר בברייתא	כדתניא/-/-/reviewed/reviewed form: כ + ד + תַּנְיָא (Krupnik: נאמר בברייתא)	
441	אתוונ	1049	אותיות	אתוונ/-/-/reviewed/reviewed form: Jastrow אָת ch. (plural אַתְוָון) = h. אוֹת	
442	אצטריכ	1047	היה זקוק לדבר	צרכ/itpe.perf.3ms/-/source-form/the sense cited from bavli	{צרכ} v היה זקוק לדבר[k:def:itpe:yerushalmi+bavli] ; נפנה[k:def:bavli] ; חייב, הזקיק[k:def:af:bavli] ; צרך[j:same:pe:targum+yerushalmi+bavli+tanakh+midrash] || J(צָרַךְ): to be narrow; to need, want; to be in need, be forced || J(צְרַךְ ch): pass; to need, be needed; to be needed; to need
443	ומר	1047		AMBIGUOUS את/ "ואות" ~ מור/ "ואמר"	{את} n סימן[k:def:targum] ; אות[j:eq:targum+midrash] || K: letter | Buchstabe || J(אַתְּ): thou; thou sayest; thou callest it || J(אָת): sign, type; letter || J(אֵת bh): essence; the thing; which
444	איהי	1045	היא	איהי/-/-/exact/the sense cited from bavli	{איהי} other היא[k:def:bavli] || J(*אִיהִי II): Ihi Dakkira
445	שריא	1042	שורה	שריא/-/-/reviewed/reviewed form: Jastrow שְׁרֵי "to dwell, rest upon", participle	
446	תמנ	1040	שם	תמנ/-/-/reviewed/reviewed form: Jastrow תַּמָּן "there" (= h. שָׁם)	{תמנ} ?  || K: there | dort || J(תַּמָּן): there
447	למדריגה	1035		NO ANALYSIS	
448	דביקות	1034		NO ANALYSIS	
449	מנלנ	1034	מהיכן לנו זאת	מנלנ/-/-/exact/the sense cited from bavli	{מנלנ} ? מהיכן לנו זאת[k:def:bavli] || 
450	באורייתא	1032	בתורה	אורייתא/-/b/exact/reviewed choice	{אורייתא} n תורה[k:def] ; ספר תורה[k:def:yerushalmi] || 
451	וכדאיתא	1032	וכשל יש	איתא/-/wkd/exact/reviewed choice	{איתא} n יש[k:def:bavli] ; אשה[k:def:yerushalmi+targum+bavli] ; אשה[j:eq:targum+yerushalmi] || J(אִיתָּא): woman, wife
452	פרצופ	1031		NO ANALYSIS	{פרצופ} n  || K: face, visage | Gesicht, Bild, Gestalt || J(פַּרְצוֹף): face, visage, front; roḳem; ḥoshebh
453	דבאמת	1030		NO ANALYSIS	
454	דברינו	1030		NO ANALYSIS	
455	משמיה	1029	משמו	משמיה/-/-/reviewed/reviewed form: מן + שְׁמָא "name" (Jastrow שְׁמָא ch. = h. שֵׁם) + ־יה "his"	
456	ואימא	1022	ואמור	ואימא/-/-/reviewed/reviewed form: ו + אֵימָא (of אֲמַר "say")	
457	פירשתי	1021		NO ANALYSIS	
458	בירור	1020		NO ANALYSIS	{בירור} n  || K: arbitration | Schiedspruch || J(בֵּירוּר): clearness, correct sense; arbitration; exact account of wine measures
459	דרגא	1014	מדרגה	דרגא/-/-/exact/reviewed choice	{דרגא} n מדרגה[k:def] ; פסיעה[k:def:targum] || 
460	העבירה	1013		NO ANALYSIS	
461	מיחייב	1012	חייב	מיחייב/-/-/reviewed/reviewed form: Jastrow חוּב Ithpa. "to be guilty, liable"	
462	ואזיל	1011	והולך	ואזיל/-/-/reviewed/reviewed form: ו + אֲזַל (Krupnik: הלך), participle	
463	במדריגה	1010		NO ANALYSIS	
464	דהיה	1006	זה, זאת שלו	דה/n.pl+3ms/-/generated-noun/the sense cited from yerushalmi	{דה} n זה, זאת[k:def:yerushalmi] || 
465	דמסתמא	1006	של מסתם	סתמא/-/dm/exact/the sense cited from bavli	{סתמא} ? סתם[j:same:bavli+yerushalmi] || 
466	מדקאמר	1006	ממה שאומר	מדקאמר/-/-/reviewed/reviewed form: מן + ד + קא + אֲמַר	
467	ואננ	1004		AMBIGUOUS pron:אננ/fixed "ואנו" ~ אננ/ "ואנחנו"	
468	חש	1003	דאג	חוש/-/-/alias/the sense cited from bavli	{חוש} n עבי[k:def] ; דאג[k:def:bavli] || K: to be affected | Schmerz empfinden || J(חוּשׁ I): thick substance; knots || J(חוּשׁ II bh): to feel, press; to feel pain, be affected; to apprehend, consider || J(חוּשׁ ch): to feel, suffer, be troubled; to apprehend, care for; to be anxious, hasten to, flee
469	דרגינ	1001	דרגות	דרגינ/-/-/reviewed/reviewed form: plural of דַּרְגָּא (reviewed: מדרגה)	
470	בתחילת	999		NO ANALYSIS	
471	אחריתי	996	אחרת	אחריתי/-/-/exact/the sense cited from bavli	{אחריתי} other אחרת[k:def] ; אחרת[j:eq:bavli] || J(אַחֲרִיתִּי ch): another, something besides
472	גזירת	991		NO ANALYSIS	
473	סמכיננ	985	עיבה	סמכ/pa.perf.1pl/-/generated/the sense cited from bavli	{סמכ} v עיבה[k:def:pa:bavli] ; חיזק[k:def:bavli] ; נתן תמיכה ומשען[k:def] ; משען[k:def:targum] ; סמך[j:same:pe:targum+bavli+yerushalmi+midrash+mishnah] || J(סָמַךְ bh): to close, join; to pack, make close, stamp.; to support, stem || J(סְמַךְ I ch): to press, lay hands on, lean on; to support, uphold; to rest on; to rely, feel safe || J(סְמַךְ II): support; help
474	עסקיננ	983	אנו עוסקים	עסקיננ/-/-/reviewed/reviewed form: Krupnik עֲסַק "פעל וטיפל בדבר" + ־ינן "we" (participle)	
475	אתמר	979	נאמר	אתמר/-/-/reviewed/reviewed form: Jastrow אֲמַר Ithpe. contr. אִתְּמַר "it has been said" = h. נֶאֱמַר; Hebrew Wiktionary אִתְּמַר "נאמר"	{אתמר} ? נאמר[h:wikt] || 
476	דאתא	979	שבא	אתא/-/d/exact/reviewed choice	{אתא} v סימן[k:def:targum] ; בא[k:def:pe:bavli] ; הביא[r:reviewed:af] || J(אָתָא I): letter, sign || J(אֲתָא ch): to join; to come, to arrive; to occur to; surely, indeed || J(*אָתָא III): Great Bear, Ursa Major
477	בתמיה	977		AMBIGUOUS תמ/n.pl+3ms "בשם שלו" ~ תמיהא/n.sg "בתמהון והשתוממות"	{תמ} n שם[j:eq:bavli] || J(תָּם I bh): perfect, unblemished; Fem; simple, innocent, artless || J(תָּם II): there; Palestine
478	דיעבד	976	לאחר שנעשה מעשה	דיעבד/-/-/exact/the sense cited from bavli	{דיעבד} adv לאחר שנעשה מעשה[k:def:bavli] || 
479	למילפ	972	ללמוד	למילפ/-/-/reviewed/reviewed form: יְלַף (Krupnik: למד) infinitive + ל	
480	תרוייהו	968		NO ANALYSIS	
481	בסיפא	963	בחלק האחרון של המשנה	סיפא/-/b/exact/reviewed choice	{סיפא} n סוף[k:def:yerushalmi] ; החלק האחרון של המשנה[k:def:bavli] ; סף[k:def:targum] || J(סֵיפָא): end; the last; second
482	וקיימא	963		NO ANALYSIS	
483	ידענא	963	אני יודע	ידע/pe.ptcp.1s/-/generated/the sense cited from bavli	{ידע} v ידע[j:same:pe:targum+bavli+midrash] ; הודיע[r:reviewed:af] || J(יָדַע bh): to point out, select, love; to recognize, know; to find out; Part. pass || J(יְדַע ch): Hif.; Part. pass; friend
484	ודא	962	וזה	ודא/-/-/reviewed/reviewed form: ו + דָּא	
485	דמפרש	961		NO ANALYSIS	
486	והלכתא	960	והלכה	והלכתא/-/-/reviewed/reviewed form: ו + הִלְכְתָא = h. הֲלָכָה	
487	ותננ	956	ושנינו במשנה	תננ/-/w/exact/reviewed choice	{תננ} v אַתְנַן עשן[k:def:af:targum+tanakh] ; שנינו במשנה[k:def:bavli] ; עשן[k:def:targum] || K: i>stench | übler Geruch || J(תְּנַן): to smoke; Part; adj. || J(תְּנָן): smoke; vapor, reeking, stench
488	דהכ	955	שזה, זאת	הכ/-/d/exact/the sense cited from bavli	{דהכ} v לעג[k:def:pe:targum] ||   ##  {הכ} v זה, זאת[k:def:bavli] || J(הַךְ): to go.; Part. Af. || J(הָךְ): this, that
489	דיבמות	955		NO ANALYSIS	
490	קיצור	955		NO ANALYSIS	
491	כדמשמע	950		NO ANALYSIS	
492	מהימנ	950	נאמן	מהימנ/-/-/exact/single sense	{מהימנ} adj נאמן[k:def:targum] || 
493	מניינ	950	מנין	מניינ/-/-/reviewed/reviewed form: Krupnik מְנַיִן "מאין, מהיכן"	
494	שכינתא	950	שכינה	שכינתא/-/-/reviewed/reviewed form: Jastrow שְׁכִינְתָּא = h. שְׁכִינָה	
495	ששנינו	947		NO ANALYSIS	
496	דמיונ	942		NO ANALYSIS	
497	נו	942	הוא, היא	נו/-/-/exact/single sense	{נו} other הוא, היא[k:def] || J(נוּ): itself; it indeed
498	וסוד	940		NO ANALYSIS	
499	מדינא	940	מדין ומשפט	דינא/-/m/exact/reviewed choice	{דינא} n דין ומשפט[k:def:bavli] ; ריב[k:def] ; שופט[k:def] || 
500	קדישינ	936	קדושים	קדישינ/-/-/reviewed/reviewed form: plural of קַדִּישׁ (Jastrow ch. = h. קָדוֹשׁ)	
501	מתלבש	932		NO ANALYSIS	
502	נהורא	932	אור	נהורא/-/-/reviewed/reviewed form: Jastrow נְהוֹרָא "light"	
503	אלינ	931	אלה	אלינ/-/-/reviewed/reviewed form: Jastrow אִלֵּין ch. = h. אֵלֶּה	
504	וההיא	930	וההיא	rev:ההיא/-/w/reviewed-base/a proclitic on the reviewed form ההיא	
505	להלכה	930		NO ANALYSIS	
506	איניש	928	אדם	אינש/-/-/alias/the sense cited from bavli	{אינש} n אדם[k:def:bavli] || J(אֱינָשׁ): being; human being; people
507	דמלתא	925		NO ANALYSIS	
508	דמצי	923	שיכול	מצי/-/d/exact/reviewed choice	{מצי} v יכול[k:def:pe] ; סחט[k:def:pe:bavli] ; ינק[k:def:pe:bavli] ; היניק[k:def:pa:bavli] ; נסחט[k:def:itpe:targum] ; מצי[j:same:pe:bavli] ; מצי[j:same:pe:bavli+targum] || J(מצי bh): to reach; to find; as in the case of—, so; Part. pass || J(מְצִי I ch): to reach, be able; to master; to find one’s self; to succeed || J(מצי ²): to squeeze, wring, esp. to wring out the blood of the bird sacrifice; to pour out to the l || J(מְצִי II ch): to wring; to suck; to give suck
509	דמעיקרא	922	של מסריס	עיקרא/-/dm/exact/the sense cited from bavli	{עיקרא} n סריס[k:def:bavli] ; מתחלה, לכתחלה[k:def:bavli] || 
510	הגנוז	921		NO ANALYSIS	
511	דידה	916	שלה	pron:דידה/fixed/-/pronominal/pronominal preposition table	
512	ונכונ	914		NO ANALYSIS	
513	דמאנ	910	של מי	מאנ/-/d/exact/reviewed choice	{מאנ} n מי[k:def:bavli] ; קנקן[j:eq:targum+bavli+yerushalmi] || J(מָאַן): Pi.; to deny, refuse; to protest against, to annul one’s marriage || J(מַאן): who?, what?, which?;; who, which || J(מָאן): thing; vessel, utensil; garment, dress
514	למיתני	909	לשנות	תני/pe.inf/l/generated/reviewed choice	{תני} v חזר ועשה[k:def:pe:targum] ; לימד[k:def:pe:targum] ; קיבל ומסר הלכה[k:def:pe:bavli] ; שינה[k:def] ; דיבר, סיפר[k:def:targum] ; לימד[k:def:af] ; נכפל[k:def:itpe:targum] ; הוגד[k:def:itpe:targum] ; הוחד[k:def:itpe:targum] ; תני[j:same:pe:targum+bavli+mishnah+yerushalmi] ; שנה[r:reviewed:pe] || J(תני bh): to repeat; to tell; to stipulate, agree, make a condition || J(תְּנֵי ch): to repeat, do a second time; Pa.; to tell, relate; to teach || J(תְּנֵי II): to be pointed, sharp; to sharpen, to speak sharp words; to be sharpened
515	קריננ	909	אנו קוראים	קריננ/-/-/reviewed/reviewed form: קְרֵי (Jastrow: to call, read) + ־ינן	
516	יתירא	908	יתר, חבל	יתירא/-/-/exact/the sense cited from bavli	{יתירא} n יתר, חבל[k:def:bavli] || J(יְתֵירָא): cord
517	גווני	906	צבע	גוונ/n.pl/-/source-form/reviewed choice	{גוונ} n צבע, מראה פנים[k:def:bavli+targum] ; כעין, כמו, למשל[k:def:bavli] ; צבע[k:def:pa:bavli] ; גוון[j:same:targum+bavli] || K: like this, in a case like this | so, auf diese Weise || J(גַּוָּון): surface, color; resemblance; like, similar to; for example; for instance if, when. || J(גַּוָּון ² ch): way, manner; like this, in this way, in a case like this
518	מסייע	906	מסייע	מסייע/-/-/reviewed/reviewed form: Jastrow סַיַּע Pa. "to assist, support" = h. סִיַּע, participle	
519	מהות	902		NO ANALYSIS	
520	קמייתא	902	ראשון	קמא/n.pl/-/source-form/the sense cited from bavli	{קמא} adj ראשון[k:def:bavli+targum] ; קמה[j:eq:targum] ; הקודם, הראשון[h:wikt] || J(קָמָא I): he says || J(קָמָא II): standing grain; pillar, statue || J(קַמָּא): first, former, previous; Fem; before, in presence of
521	בקדושת	901		NO ANALYSIS	
522	ואמרי	901		NO ANALYSIS	
523	דבעל	899		NO ANALYSIS	
524	מוקמיננ	898		AMBIGUOUS_SENSE קומ: העמיד	{קומ} v עמד, היה קיים[k:def:pe:bavli] ; מי חלב[k:def:mishnah] ; קום[j:same:pe:targum+bavli+midrash+yerushalmi+tanakh] ; העמיד[r:reviewed:af] || J(קוּם bh): to stand up, rise; to stand, exist; a transgression of a prohibitive law which you must re || J(קוּם ² ch): ḥălitsah; to ascertain; to bargain for || J(קוֹם): curdled milk, curd; whey; ḳom?
525	במנחות	897		NO ANALYSIS	
526	דכר	897	זכר, פקד	דכר/-/-/exact/the sense cited from bavli	{דכר} v זכר, פקד[k:def:pe:bavli] ; הזכיר[k:def:af:yerushalmi] ; העלה בזכרונו[k:def:itpe] ; נזכר[k:def:itpe:targum] ; זכר[k:def:midrash] ; איל[k:def] ; בעל תאוה[k:def:midrash] ; תרנגול[k:def] ; יחור זכר[k:def] ; זכר[j:eq:targum+bavli] ; זכר[j:eq:targum+midrash+bavli+mishnah] || J(דְּכַר I): to mark; to remember; remembering, reminded || J(דְּכַר II): marked; male, man; the male of the flock, ram
527	זוטא	896	קטן	זוטא/-/-/exact/the sense cited from bavli	{זוטא} adj קטן[k:def:bavli] || J(זוּטָא): slender, young; small;; short; junior
528	קראי	896	פסוקים	קראי/-/-/reviewed/reviewed form: plural of קְרָא "Biblical verse" (Jastrow; = h. מִקְרָא)	
529	דביצה	895		NO ANALYSIS	
530	דקסבר	895	שסובר	דקסבר/-/-/reviewed/reviewed form: ד + קא + סְבַר (Krupnik: חשב)	
531	קיימי	895	עומדים	קיימי/-/-/reviewed/reviewed form: קוּם (Krupnik: עמד), participle plural	
532	בתריה	893	אחריו	pron:בתריה/fixed/-/pronominal/pronominal preposition table	
533	אצילות	890		NO ANALYSIS	
534	דדבר	889		NO ANALYSIS	
535	תלמודא	889	תלמוד	תלמודא/-/-/exact/the sense cited from bavli	{תלמודא} ? תלמוד[j:same:targum+bavli] || J(תַּלְמוּדָא ch): talmuda; tosefeth
536	התבאר	885		NO ANALYSIS	
537	מהימנא	884		NO_HEBREW_SENSE הימנ	{הימנ} v האמין[j:eq:targum+bavli+yerushalmi+tanakh] ; נאמן[j:eq:targum+bavli+yerushalmi+tanakh] || J(הֵימַן): to credit, trust, confide; to loan on trust; to admit as evidence; Part. pass; faithful, r
538	דלעולמ	882		NO ANALYSIS	
539	יוכיח	882		NO ANALYSIS	
540	לשנויי	882		NO ANALYSIS	
541	לפעול	880		NO ANALYSIS	
542	הדא	878	זה, זאת	הדא/-/-/exact/single sense	{הדא} other זה, זאת[k:def] || 
543	וקשיא	876	וקשה	קשיא/-/w/exact/reviewed choice	{קשיא} adj קשה[r:reviewed] || K: objection, contradiction | Schwierigkeit, Einwand, Widerspruch || J(קַשְׁיָא II): difficult, open to objection; unanswerable objection; contradiction
544	למעבד	876	לעשות	למעבד/-/-/reviewed/reviewed form: עֲבַד infinitive + ל	
545	באדרא	875		AMBIGUOUS_SENSE אדרא: נס ודגל | עצם של דג	{אדרא} n עור[k:def] ; נס ודגל[k:def:bavli] ; עצם של דג[k:def:bavli] || J(אֲדָרָא II): flag
546	תא	871	בוא	אתא/pe.impv.ms/-/irregular/reviewed choice	{תא} n  || J(תָּא I bh): cell; compartment back of the Holy of Holies; yatsiʿa, tselʿa, ta.—  ##  {אתא} v סימן[k:def:targum] ; בא[k:def:pe:bavli] ; הביא[r:reviewed:af] || J(אָתָא I): letter, sign || J(אֲתָא ch): to join; to come, to arrive; to occur to; surely, indeed || J(*אָתָא III): Great Bear, Ursa Major
547	אקרי	869	נקרא	אקרי/-/-/reviewed/reviewed form: Jastrow קְרֵי Ithpe. (אִיקְּרִי) "to be called"	
548	דזהו	869		NO ANALYSIS	
549	אלקות	868		NO ANALYSIS	
550	כדקתני	868	כמו ששונה	כדקתני/-/-/reviewed/reviewed form: כ + ד + קא + תְּנֵי (reviewed: שנה)	
551	עלאינ	868	עליונים	עלאינ/-/-/reviewed/reviewed form: plural of עִילָּאָה (Krupnik: עליון)	
552	פלגא	864	מחצית	פלגא/-/-/exact/reviewed choice	{פלגא} n מחצית[k:def:mishnah+bavli] ; איש ריב[k:def:bavli] || 
553	בדרוש	863		NO ANALYSIS	
554	איקרי	861		NO_HEBREW_SENSE קרי	{קרי} n עיר, קריה[k:def:targum] ; קרי[j:same:pe:targum+bavli+midrash+tanakh+yerushalmi+other] ; קרי[j:same:pe:bavli] || J(קרי ² bh): to call, name; to invite; yeraëh; those called up to read from the Torah || J(קְרֵי I ch): to call, name, invite; to read; evil || J(קרי ³): to join; to meet; to meet, join || J(קְרֵי II ch): to join; to do something by accident; to happen || J(קרי ⁴): Pi.; to lay beams; to cover; to wa
555	השתלשלות	859		NO ANALYSIS	
556	הבחינה	856		NO ANALYSIS	
557	מיא	856	מים	מיא/-/-/reviewed/reviewed form: Jastrow מַיָּא ch. = h. מַיִם	{מיא} n מים[k:def:bavli] || J(מַיָּא ch): water
558	רקיע	855	מפורסם	רקיע/-/-/exact/the sense cited from bavli	{רקיע} adj מפורסם[k:def:bavli] ; רקיע[j:same:targum+bavli] || J(רָקִיעַ bh): expanse, sky; Raḳiʿa
559	שעתא	853	שעה	שעתא/-/-/exact/the sense cited from bavli	{שעתא} n שעה[j:eq:targum+bavli+yerushalmi] || J(שַׁעְתָּא): while, time; hour
560	סוגיא	852		AMBIGUOUS_SENSE סוגיא: מהלך, מרוצה | הלכה נהוגה	{סוגיא} n מהלך, מרוצה[k:def:midrash+bavli] ; הלכה נהוגה[k:def:bavli] || J(סוּגְיָא): walk; study, lesson, subject; practice, usage
561	לאוקמי	849		AMBIGUOUS_SENSE קומ: העמיד	{קומ} v עמד, היה קיים[k:def:pe:bavli] ; מי חלב[k:def:mishnah] ; קום[j:same:pe:targum+bavli+midrash+yerushalmi+tanakh] ; העמיד[r:reviewed:af] || J(קוּם bh): to stand up, rise; to stand, exist; a transgression of a prohibitive law which you must re || J(קוּם ² ch): ḥălitsah; to ascertain; to bargain for || J(קוֹם): curdled milk, curd; whey; ḳom?
562	דבית	847	של בית	דבית/-/-/reviewed/reviewed form: ד + בֵּית (Jastrow ch. = h. בַּיִת)	
563	דוכתי	847		NO ANALYSIS	
564	מקמי	847		NO ANALYSIS	
565	כללא	844	כלל	כללא/-/-/exact/the sense cited from bavli	{כללא} v מתוך הכלל, סתם[k:def:bavli] ; כלל[j:same:targum+bavli+midrash] || 
566	לההוא	843	לאותו	לההוא/-/-/reviewed/reviewed form: ל + הַהוּא "that"	
567	נאמרה	843		NO ANALYSIS	
568	דמצוה	842		NO ANALYSIS	
569	דפסחימ	842		NO ANALYSIS	
570	יחדיו	842		NO ANALYSIS	
571	סבא	839	שתה לשכרה	סבא/-/-/exact/single sense	{סבא} v שתה לשכרה[k:def:pe:targum] ; סבא[j:same:pe:targum+bavli] || K: a man’s name | männlicher Name || J(סָבָא III bh): to drink freely; soaked, satiated; porous || J(סְבָא ch): to retail wine; to satiate, soak; to lash
572	לחודיה	837		NO ANALYSIS	
573	נפלא	837		AMBIGUOUS נפל/pe.ptcp.fs "נופלת" ~ פלי/pe.impf.1pl "נבקע"	{נפלא} n  || J(נִפְלָא II ch): giant || J(נִפְלָא III): miracles  ##  {נפל} v נתפורר[k:def:itpe] ; נפל[j:same:pe:targum+bavli] || J(נָפַל bh): to fall, lie down; to be dropped; to occur; to cause to fall; to throw down; to miscarry || J(נְפַל ch): Hif.; to be upset, fall in || J(נֵפֶל): capacity for seed; abortion; premature, not viable birth
574	דעבד	834	שעשה	דעבד/-/-/reviewed/reviewed form: ד + עֲבַד (Krupnik: עשה)	
575	עבדיננ	832	אנו עושים	עבד/pe.ptcp.1pl/-/generated/reviewed choice	{עבד} v תיקן והכשיר[k:def:bavli] ; עבד[j:same:pe:targum+bavli+midrash+yerushalmi] ; עבד[j:same:targum+midrash+bavli+yerushalmi] ; עשה[r:reviewed:pe] || K: to tan | gerben || J(עָבַד bh): to work; to serve, work for.; to do priestly service || J(עֲבַד I ch): to do, labor; to make; to act; to do, fare, prosper; to spend time || J(עֶבֶד bh): slave; servant || J(עֲבַד ch): worshipper
576	ההשפעה	831		NO ANALYSIS	
577	בסיני	830		NO ANALYSIS	
578	דכנ	829		NO_HEBREW_SENSE דכנ	{דכנ} v כתת[k:def:pa] ; דכן[j:same:pe:targum] || J(דָּכַן): Pi.; to pound || J(דְּכַן ch): to crush
579	תירוצ	829		NO ANALYSIS	
580	דדריש	827		NO ANALYSIS	
581	דמוקי	827		AMBIGUOUS_SENSE קומ: העמיד	{קומ} v עמד, היה קיים[k:def:pe:bavli] ; מי חלב[k:def:mishnah] ; קום[j:same:pe:targum+bavli+midrash+yerushalmi+tanakh] ; העמיד[r:reviewed:af] || J(קוּם bh): to stand up, rise; to stand, exist; a transgression of a prohibitive law which you must re || J(קוּם ² ch): ḥălitsah; to ascertain; to bargain for || J(קוֹם): curdled milk, curd; whey; ḳom?
582	הברייתא	826		NO ANALYSIS	
583	המדריגות	825		NO ANALYSIS	
584	דבינ	823		NO_HEBREW_SENSE אנבול	{אנבול} n  || J(אִנְבֹּול): clapper of a bell.
585	דדינא	820	של דין ומשפט	דינא/-/d/exact/reviewed choice	{דינא} n דין ומשפט[k:def:bavli] ; ריב[k:def] ; שופט[k:def] || 
586	דנראה	820		NO ANALYSIS	
587	דדמי	819	שדומה	דדמי/-/-/reviewed/reviewed form: ד + דְּמֵי (Krupnik: דמה), participle	
588	דבריאה	818	של באבר הנשימה שבחזה	ריאה/-/db/exact/single sense	{ריאה} n אבר הנשימה שבחזה[k:def:mishnah] || J(רֵיאָה): lungs
589	דהני	813	של אלה	דהני/-/-/reviewed/reviewed form: ד + הָנֵי (Krupnik: הללו)	
590	אמא	812		AMBIGUOUS_SENSE אמא: אמר | אם, אמי	{אמא} v אמר[k:def:pe:bavli] ; אם, אמי[k:def:bavli] ; אמה[j:eq:targum] || J(אַמָּא): cubit || J(אֲמָא II): to join; to say, speak, think; does it mean to say?
591	הגזירה	812		NO ANALYSIS	
592	דברייתא	811	של משנה החיצונה	ברייתא/-/d/exact/the sense cited from bavli	{ברייתא} ? משנה החיצונה[k:def:bavli] || 
593	מכולמ	810		NO ANALYSIS	
594	דדעת	806		NO ANALYSIS	
595	כחדא	806	יחד	כחדא/-/-/reviewed/reviewed form: Jastrow כַּחֲדָא "together"	{כחדא} adv כאחד, ביחד[k:def:targum] || 
596	גזריננ	802		AMBIGUOUS_SENSE גזר: חתך, גזר | גְּזַר דִּין משפט חרוץ	{גזר} n חתך, גזר[k:def:bavli] ; גְּזַר דִּין משפט חרוץ[k:def:bavli] ; גזר[j:same:pe:targum+bavli+midrash+yerushalmi] || J(גָּזַר bh): to cut;; to cut off, to guard;; to institute a precautionary measure || J(גְּזַר ch): to cut, split; to make a covenant; to circumcise, have one’s self circumcised || J(גָּזָר): decree; sentence, legal decision, divine dispensation || J(גֶּזֶר): piece; log, club
597	הגלילי	802		NO ANALYSIS	
598	דרוב	799		NO ANALYSIS	
599	ונחזור	799		NO ANALYSIS	
600	אבילות	798	אבל	אבילות/-/-/exact/the sense cited from bavli	{אבילות} n אבל[k:def:midrash+bavli] || J(אֲבֵילוּת): mourning time, mourning ceremonies
601	דכולהו	798	שכולם	pron:כולהו/fixed/d/pronominal/pronominal preposition table	
602	ואיהו	798	והוא	איהו/-/w/exact/the sense cited from bavli	{איהו} n הוא[k:def:bavli+targum] || J(אִיהוּ): he, himself; she, herself
603	כמשמעו	796		NO ANALYSIS	
604	הבירור	794		NO ANALYSIS	
605	כדפירש	791		NO ANALYSIS	
606	לטעמיה	790	לשיטתו	לטעמיה/-/-/reviewed/reviewed form: ל + טַעֲמָא "reason" + ־יה "his" (Krupnik טעמא: סבה)	
607	דאיהי	788	שהיא	דאיהי/-/-/reviewed/reviewed form: ד + אִיהִי (Krupnik: היא)	
608	גרס	787		NO ANALYSIS	{גרס} v למד, שינן בעל פה[k:def:pe:bavli] || J(גָּרַס bh): Pi.; to crush, split, grind || J(גְּרַס I ch): Pa. || J(גְּרַס II): to scrape together; to collect, accumulate; to acquire knowledge, to commit traditions to 
609	רוחני	787		NO ANALYSIS	
610	תנינא	785	שנינו	תנינא/-/-/reviewed/reviewed form: Jastrow תְּנֵי ch. "to teach/learn", 1st pl. + object (תְּנֵינָא "we have learned it")	{תנינא} ? תנין[j:same:targum] || 
611	דורו	784		NO ANALYSIS	
612	דבפרק	782		NO ANALYSIS	
613	ומייתי	782	ומביא	ומייתי/-/-/reviewed/reviewed form: ו + אֲתָא Af., participle (to bring)	
614	דחד	780		HOMOGRAPH דחד "שימח" ~ d+חד "שאחד"	{דחד} v שימח[k:def] || J(*דְּחַד): to set apart of each kind
615	עתיק	780		NO_HEBREW_SENSE עתיק	{עתיק} n עתיק[j:same:targum+bavli+tanakh+midrash+yerushalmi] || J(עַתִּיק): old, ancient; Hif.; remote || J(עַתִּיק ² ch): enduring, strong, old
616	חזיננ	779	אנו רואים	חזיננ/-/-/reviewed/reviewed form: חֲזִי (Krupnik: ראה) + ־ינן	
617	תיפוק	779	תצא	תיפוק/-/-/reviewed/reviewed form: נְפַק (Krupnik: יצא), imperfect	
618	ומלת	774		NO ANALYSIS	
619	דעתיקא	773		NO_HEBREW_SENSE עתיק	{עתיק} n עתיק[j:same:targum+bavli+tanakh+midrash+yerushalmi] || J(עַתִּיק): old, ancient; Hif.; remote || J(עַתִּיק ² ch): enduring, strong, old
620	מדריגת	773		NO ANALYSIS	
621	דפסק	772		NO ANALYSIS	
622	דקשה	772		NO ANALYSIS	
623	והנכונ	771		NO ANALYSIS	
624	כלשונ	770		NO ANALYSIS	
625	מטי	768	הגיע ובא	מטי/-/-/exact/reviewed choice	{מטי} v הגיע ובא[k:def:pe] ; נתבכר[k:def:pe:bavli] ; הביא[k:def:af] ; הלך[k:def:itpe:targum] ; מצא[j:eq:targum+bavli+midrash+yerushalmi] ; הוליך והביא[j:eq:targum+bavli+midrash+yerushalmi] || J(מְטֵי): to stretch, reach; to arrive at; to obtain; to happen to; to be ripe, ready
626	בחדא	766	באחד	חדא/-/b/exact/reviewed choice	{חדא} particle אחד[k:def:bavli] ; שמח[k:def:pe:bavli] || J(חֲדָא II): to be glad
627	מעליא	765	טוב ומעולה	מעליא/-/-/exact/the sense cited from bavli	{מעליא} adj טוב ומעולה[k:def:targum+bavli] || J(מַעַלְיָא): good, perfect, valid
628	נתכוונ	764		NO ANALYSIS	
629	דילפיננ	759	שאנו לומדים	ילפ/pe.ptcp.1pl/d/generated/single sense	{ילפ} v למד[k:def:pe:targum] ; אוֹלֵף לימד[k:def:pa:yerushalmi+bavli] || 
630	לפומ	757	על פי	לפומ/-/-/exact/the sense cited from midrash	{לפומ} other על פי[k:def:midrash] ; לפי[h:wikt] || J(לְפוּם): according to
631	הכרח	755		NO ANALYSIS	
632	חננאל	755		NO ANALYSIS	
633	דהויא	754	שהיתה	rev:הויא/pe.perf.3fs/d/reviewed-base/a proclitic on the reviewed form הויא	
634	ירידה	754	יריד	ירידה/-/-/exact/the sense cited from bavli	{ירידה} n פעולת היורד, נפילה[k:def:mishnah+yerushalmi] ; יריד[j:same:yerushalmi+bavli] || J(יְרִידָה II): going down, fall, decline, degradation.
635	יתיב	752	ישב	יתב/-/-/alias/reviewed choice	{יתב} v ישב[k:def:pe:bavli] ; נתן[k:def:pe:bavli] ; הושיב[k:def:pa:targum] ; הרגיע[k:def:pa] ; הושיב[k:def:af:targum] ; הקשה, שאל[k:def:af] ; נח[k:def:itpe:bavli] ; ישב[j:eq:targum+bavli+tanakh+midrash] ; הושיב[r:reviewed:af] || K: i>to dwell | sich aufhalten || J(יתֵב ch): to sit, dwell; to be inhabited, settled; inhabited || J(יְתֵב II): to give; to place; to give || J(יָתֵב): inhabitant
636	לדידיה	751	לשלי, שלו	דידיה/-/l/exact/single sense	{דידיה} other שלי, שלו[k:def] || 
637	דאכתי	749	שעדיין	אכתי/-/d/exact/the sense cited from bavli	{אכתי} adv עדיין[k:def:bavli] || J(אַכַּתִּי): still, even now, yet; since
638	אתערותא	747	התעוררות	אתערותא/-/-/exact/single sense	{אתערותא} n התעוררות[k:def:targum] ; התעוררות[h:wikt] || J(אַתְעָרוּתָא): inciting, exciting the funeral escort to weeping
639	מיבעי	747	צריך	מיבעי/-/-/reviewed/reviewed form: Krupnik אִיבָּעֵי "צריך להיות" (Bavli: מיבעי ליה), participle	
640	והיכי	746	וכיצד	היכי/-/w/exact/the sense cited from bavli	{היכי} particle כיצד[k:def:bavli] || J(הֵיכִי): how?; how now; as well as
641	דהואיל	744		NO ANALYSIS	
642	דמר	744		AMBIGUOUS את/ "של אות" ~ מור/ "שאמר"	{דמר} ?  || J(*דְּמַר): Ithpa.; to be stupefied, astonished  ##  {את} n סימן[k:def:targum] ; אות[j:eq:targum+midrash] || K: letter | Buchstabe || J(אַתְּ): thou; thou sayest; thou callest it || J(אָת): sign, type; letter || J(אֵת bh): essence; the thing; which
643	הנהו	743	הללו	הנהו/-/-/exact/the sense cited from bavli	{הנהו} other הללו[k:def:bavli] || 
644	דזבחימ	742		NO ANALYSIS	
645	שית	740	שש	שית/-/-/exact/the sense cited from bavli	{שית} n יסוד, מסד[k:def:mishnah] ; ששה[k:def:targum+tanakh] ; ששה[k:def:targum+tanakh] ; שש[j:eq:targum+bavli] || J(שִׁית I bh): to place, set, make || J(שִׁית II): foundation; bottom; Shith, a pit by the side of the altar || J(שִׁית III): wild fig.—Pl. || J(שִׁית): six.; sixty; sixteen; sixteenth
646	מדקתני	739	ממה ששונה	מדקתני/-/-/reviewed/reviewed form: מן + ד + קא + תְּנֵי (reviewed: שנה), participle	
647	צריכא	737	צריך	צריכ/-/-/alias/the sense cited from bavli	{צריכא} n  || J(צְרִיכָא II): needy, poor man  ##  {צריכ} n צריך[j:eq:targum+bavli+yerushalmi] || J(צָרִיךְ): needing; needed; he; she, it; must || J(צְרִיךְ): to need || J(צְרִיךְ ²): it is doubtful; it is; necessary to state it.
648	דאמרו	735		NO ANALYSIS	
649	הצמצומ	734		NO ANALYSIS	
650	עדיפא	734	היה מוטב ומובחר	עדיפ/-/-/alias/the sense cited from bavli	{עדיפ} v היה מוטב ומובחר[k:def:pe:bavli] ; עדיף[j:same:targum+bavli] || J(עָדִיף): ample; liberal; better || J(עָדִיף ² ch): more, better, preferable; to be better
651	דבשלמא	733		NO_HEBREW_SENSE שלמ	{שלמ} v כלה ונגמר[k:def:itpa] ; נפרע הכסף[k:def:itpa] ; שלם[j:same:pe:targum+bavli] ; שלום[j:eq:targum+bavli+yerushalmi] || K: to end | zu Ende sein || J(שָׁלֵם bh): to be whole, complete; to end, cease; to complete, finish; to finish the fast-day || J(שִׁלֵם ch): to be perfect, complete, finished, spent; to be peaceful, sincere, friendly; to complete,  || J(שָׁלֵם II bh): preced; whole, complete; Fem. || J(שְׁלָם): perf
652	למיפרכ	733		NO ANALYSIS	
653	למתני	733	למלמד משנה	מתני/-/l/exact/the sense cited from bavli	{מתני} n מלמד משנה[k:def:bavli+yerushalmi] ; משני[j:eq:bavli] || J(מַתְנֵי ch): teacher of the Mishnah
654	דגיטינ	732		NO ANALYSIS	
655	ורבותינו	730		NO ANALYSIS	
656	רמי	729	שאל, הראה סתירה	רמי/-/-/exact/the sense cited from bavli	{רמי} v זרק, השליך[k:def:pe:targum] ; שם, הוסיף[k:def:pe] ; היה מוטל בתורת חובה[k:def:pe] ; שאל, הראה סתירה[k:def:pe:bavli] ; הרים[k:def:pe:yerushalmi] ; הטף[k:def:af] ; הושלך, נזרק[k:def:itpe] ; הזדמן[k:def:itpe] ; רמי[j:same:pe:targum+bavli+yerushalmi+tanakh+midrash] || J(רַמִּי): Rammi; Rami || J(רמי bh): to move; to throw, swing; ramah || J(רְמֵי ch): to throw, swing; to put on; to impose; Part. pass; thrown down, lying
657	דמוכח	727		NO ANALYSIS	
658	דילה	725	שלה	pron:דילה/fixed/-/pronominal/pronominal preposition table	
659	ואתא	725	ובא	אתא/-/w/exact/reviewed choice	{אתא} v סימן[k:def:targum] ; בא[k:def:pe:bavli] ; הביא[r:reviewed:af] || J(אָתָא I): letter, sign || J(אֲתָא ch): to join; to come, to arrive; to occur to; surely, indeed || J(*אָתָא III): Great Bear, Ursa Major
660	התחדשות	724		NO ANALYSIS	
661	דניחא	723	שנוח	דניחא/-/-/reviewed/reviewed form: ד + נִיחָא (Jastrow: agreeable)	
662	הדדי	720	זה את זה	הדדי/-/-/exact/the sense cited from bavli	{הדדי} adv זה את זה[k:def:bavli] || J(הֲדָדֵי): each other, mutually; like each other; ḥeleb
663	שמיא	720	שמים	שמיא/-/-/exact/the sense cited from bavli	{שמיא} n שמים[j:eq:targum+bavli+yerushalmi] || J(שְׁמַיָּא): heaven; God.; arch, ceiling
664	דנדרימ	719		NO ANALYSIS	
665	דידוע	717		NO ANALYSIS	
666	קמנ	717	לפנינו	pron:קמנ/fixed/-/pronominal/pronominal preposition table	{קמנ} ?  || 
667	לברוא	716		NO ANALYSIS	
668	נקודת	716		NO ANALYSIS	
669	מההוא	715	מאותו	מההוא/-/-/reviewed/reviewed form: מן + הַהוּא	
670	דנוקבא	713	של נקבה	נוקבא/-/d/exact/the sense cited from yerushalmi	{נוקבא} n נקבה[j:eq:targum+yerushalmi+midrash+mishnah] || K: hole | Loch || J(נוּקְבָּא): hole || J(נוּקְבָא II ch): female
671	בהכ	712	באותו	בהכ/-/-/reviewed/reviewed form: ב + הַךְ "that"	
672	לעלמא	710		NO ANALYSIS	
673	בקידושינ	709		NO ANALYSIS	
674	דמגילה	708		NO ANALYSIS	
675	דספק	708		NO ANALYSIS	
676	הפעולות	706		NO ANALYSIS	
677	להונ	706	להם	pron:להונ/fixed/-/pronominal/pronominal preposition table	
678	דוכתא	705	מקום	דוכתא/-/-/exact/the sense cited from bavli	{דוכתא} n מקום[k:def:bavli] || J(דּוּכְתָּא): place
679	חייש	705	חושש	חייש/-/-/reviewed/reviewed form: Krupnik חוּשׁ "דאג", participle	
680	דלדעת	704		NO ANALYSIS	
681	נהירא	704	נזכר	נהר/pe.pass.fs/-/generated/the sense cited from yerushalmi	{נהר} v האיר[k:def:pe] ; נזכר[k:def:pe:yerushalmi] ; הואר[k:def:itpe:targum] ; נהר[j:same:pe:targum+bavli+midrash+yerushalmi] ; נהר[j:same:targum+midrash+bavli+yerushalmi] || K: to enlighten | erleuchten || J(נָהַר bh): to break forth, shine; to enlighten || J(נְהַר I ch): to shine; Part. pass; bright, clear || J(נָהָר bh): river, stream, canal || J(נְהַר II ch): N’har Abba
682	שיעורא	704	שיעור	שיעורא/-/-/exact/the sense cited from bavli	{שיעורא} ? שיעור[j:same:targum+bavli+yerushalmi] || J(שִׁיעוּרָא ch): about
683	נדרש	702		NO ANALYSIS	
684	דאיסור	701		NO ANALYSIS	
685	דלכאורה	701		NO ANALYSIS	
686	יומי	701	ימים	יומי/-/-/reviewed/reviewed form: plural of יוֹמָא (reviewed: יום)	
687	לינשא	698		AMBIGUOUS נשא/pe.impf.3ms "עסק במסחר, במקח וממכר" ~ נשי/pe.impf.3ms "ישכח"	{נשא} v עסק במסחר, במקח וממכר[k:def:bavli] ; התוכח[k:def] ; נלקחה לאשה[k:def:itpe:mishnah] ; נתן את האשה לאיש[k:def:bavli] ; דחה[k:def:tosefta] ; הדליק מדורה לסימן[k:def:mishnah] ; חיכך[k:def:mishnah] ; העתיק[k:def:tosefta] ; אשה[k:def] ; נשא[j:same:pe:bavli] || J(נְשָׁא I): woman; the wife’s family, father-in-law; the paternal house after the father’s death || J(נָשָׁא II): to forget || J(נָשָׁא III): plant; nasha || J(נָשָׂא bh): to lift up, carry; to lift up the face, to respect, favor, spare, be partial; to lift up t || J(נְשָׂא ch): to lift up; to brin
688	ובגינ	697	ובגלל · ולפי, משום	בגינ/-/w/exact/two senses	{בגינ} other בגלל[k:def] ; לפי, משום[k:def] || 
689	רבתי	697		NO ANALYSIS	
690	שקיל	697	לוקח	שקיל/-/-/reviewed/reviewed form: Krupnik שְׁקַל "לקח", participle	
691	למר	694	לאות	את/-/l/source-form/the sense cited from midrash	{את} n סימן[k:def:targum] ; אות[j:eq:targum+midrash] || K: letter | Buchstabe || J(אַתְּ): thou; thou sayest; thou callest it || J(אָת): sign, type; letter || J(אֵת bh): essence; the thing; which
692	לפרושי	692		NO ANALYSIS	
693	דסנהדרינ	691		NO ANALYSIS	
694	מיעוטא	691		AMBIGUOUS_SENSE מיעוטא: מעט | החלק הקטן מן	{מיעוטא} n מעט[k:def:mishnah+bavli] ; החלק הקטן מן[k:def:bavli] ; מיעוט[j:same:bavli] || 
695	באצילות	690		NO ANALYSIS	
696	להבורא	690		NO ANALYSIS	
697	תליננ	690		AMBIGUOUS תליא/n.pl+1pl "יתד, תלי שלנו" ~ תלנ/pe.pass.fp "כיבס וליבן"	{תליא} n יתד, תלי[k:def:bavli] || J(תַּלְיָא): hook, string
698	ביש	689		AMBIGUOUS_SENSE ביש: רע | חולה	{ביש} adj רע[k:def:midrash] ; חולה[k:def:midrash] ; רַע[h:wikt] || J(בִּישׁ I): bad, wrong; ill, sick; the sick
699	ותנא	689	ושנה	תני/-/w/alias/reviewed choice	{תני} v חזר ועשה[k:def:pe:targum] ; לימד[k:def:pe:targum] ; קיבל ומסר הלכה[k:def:pe:bavli] ; שינה[k:def] ; דיבר, סיפר[k:def:targum] ; לימד[k:def:af] ; נכפל[k:def:itpe:targum] ; הוגד[k:def:itpe:targum] ; הוחד[k:def:itpe:targum] ; תני[j:same:pe:targum+bavli+mishnah+yerushalmi] ; שנה[r:reviewed:pe] || J(תני bh): to repeat; to tell; to stipulate, agree, make a condition || J(תְּנֵי ch): to repeat, do a second time; Pa.; to tell, relate; to teach || J(תְּנֵי II): to be pointed, sharp; to sharpen, to speak sharp words; to be sharpened
700	דאמא	688		AMBIGUOUS_SENSE אמא: אמר | אם, אמי	{אמא} v אמר[k:def:pe:bavli] ; אם, אמי[k:def:bavli] ; אמה[j:eq:targum] || J(אַמָּא): cubit || J(אֲמָא II): to join; to say, speak, think; does it mean to say?
701	דגרסיננ	688		NO_HEBREW_SENSE גרסי	{גרסי} n  || J(גַּרְסִי): grits-dealer; maker
702	זעירא	688	היה קטן	זער/pe.pass.fs/-/generated/single sense	{זער} v היה קטן[k:def:pe] ; הקטין והמעיט[k:def:af:targum] ; נתמעט[k:def:itpe:yerushalmi] || 
703	חוה	688		NO_HEBREW_SENSE חוי	{חוי} v אַחֲוֵי הראה[k:def:pa:bavli] || J(חוי): to point; to show, teach, tell || J(חוי ² ch): Pa.; to show;to tell; to be announced; to be told
704	מדרגת	688		NO ANALYSIS	
705	פרקינ	687	שעור בלימודים	פרקא/n.pl/-/source-form/the sense cited from bavli	{פרקא} n שעור בלימודים[k:def:bavli] ; פרק[j:same:targum+tosefta+yerushalmi+bavli+mishnah] || J(פִּרְקָא ch): cross-road; period.; joint
706	דתימא	686	שתאמר	אמר/pe.impf.2ms/d/irregular/the sense cited from bavli	{אמר} v הלעיט[k:def:af:bavli] ; אמר[j:same:pe:targum+bavli+yerushalmi] ; טלה, כבש[h:wikt] || J(אָמַר I bh): to join, knot; to be knotted, thick;; to heap up;; to join words, compose || J(אֲמַר ch): they say, it is said; Inf; does this mean to say? || J(אָמַר II bh): to be thick, strong; to thrive; to boast, vaunt, be oppressive; to fatten || J(אִמַּר): lamb
707	חיצוניות	686		NO ANALYSIS	
708	למיעבד	686	לעשות	למיעבד/-/-/reviewed/reviewed form: עֲבַד (Krupnik: עשה) infinitive + ל	
709	ואידכ	685	ואחר	אידכ/-/w/exact/the sense cited from bavli	{אידכ} n אחר[k:def:bavli] || J(אִידֵּךְ): this, that; the other, another; both
710	קדמאה	685	ראשון, קדום	קדמאה/-/-/exact/single sense	{קדמאה} adj ראשון, קדום[k:def:targum+tanakh] || 
711	אשתכח	684	נמצא	אשתכח/-/-/reviewed/reviewed form: Jastrow שְׁכַח Ithpa. "to be found"	
712	בנידונ	684		NO ANALYSIS	
713	וגרסיננ	682		NO_HEBREW_SENSE גרסי	{גרסי} n  || J(גַּרְסִי): grits-dealer; maker
714	עילאינ	680	עליונים	עילאינ/-/-/reviewed/reviewed form: plural of עִילָּאָה	
715	דאסר	678		NO ANALYSIS	
716	התחברות	674		NO ANALYSIS	
717	נהורינ	672	אורות	נהורינ/-/-/reviewed/reviewed form: plural of נְהוֹרָא	
718	תקרי	672		NO ANALYSIS	
719	בכללות	671	בסך הכל	כלל/n.pl/b/source-form/the sense cited from bavli	{כלל} v הכתיר[k:def:pa:midrash] ; חיבר[k:def:pe:yerushalmi] ; הוכתר[k:def:itpa:midrash] ; נכנס לחופה[k:def:itpa:bavli] ; חוק ועיקר[k:def:mishnah] ; צבור[k:def] ; סוג הכולל[k:def] ; סך הכל[k:def:bavli] ; כלל[j:same:pe:targum+yerushalmi+bavli+midrash+tanakh] || J(כָּלַל bh): to surround, comprise, include; Part. pass; included || J(כְּלַל ch): to surround, crown; to make whole, combine; to surround, crown || J(כְּלָל): general rule, principle; under the influence of; community
720	להמתיק	671		NO ANALYSIS	
721	דהו	670		NO ANALYSIS	
722	המעיינ	669		NO ANALYSIS	
723	יוחאי	668		NO ANALYSIS	
724	פירוד	667		NO ANALYSIS	
725	כולא	666	הכל, כל	כולא/-/-/exact/the sense cited from yerushalmi	{כולא} other הכל, כל[k:def:yerushalmi] || 
726	דלאחר	665		NO ANALYSIS	
727	העלאת	665		NO ANALYSIS	
728	וההוא	664	וההוא	וההוא/-/-/reviewed/reviewed form: ו + הַהוּא "that"	
729	שרו	663	התירו	שרו/-/-/reviewed/reviewed form: Krupnik שְׁרָא/שְׁרֵי "התיר", perfect pl.	
730	בפלוגתא	661	בוכוח, מחלוקת	פלוגתא/-/b/exact/reviewed choice	{פלוגתא} n מחלקה[k:def:targum] ; וכוח, מחלוקת[k:def] ; הבדל[k:def] ; פלוגת[j:same:targum+midrash+bavli+yerushalmi] || K: name of a place | Ortsname || J(פְּלוּגְתָּא ch): separation; priestly; division
731	דהמ	661		NO ANALYSIS	
732	דבמקומ	658		NO ANALYSIS	
733	דהלכתא	658		NO_HEBREW_SENSE הלכ	{הלכ} v הלך[j:same:pe:targum] || K: to cause opening of the bowels | Durchfall verursachen || J(הָלַךְ bh): to go, go away; to walk; Pi.; to walk, tread upon || J(הֲלַךְ ch): to walk || J(הֲלָךְ): atax; sustenance of marching troops || J(הֵלֶךְ bh): traveller
734	דאחר	657		NO ANALYSIS	
735	המדריגה	657		NO ANALYSIS	
736	דמשה	656		NO ANALYSIS	
737	תוקפ	656		NO ANALYSIS	{תוקפ} n  || J(תּוֹקֶף bh): strength, power; ethans
738	דהכל	654		NO ANALYSIS	
739	לרשעימ	654		NO ANALYSIS	
740	ספרא	653		AMBIGUOUS_SENSE ספרא: ספר | סופר	{ספרא} n ספר[k:def:bavli] ; סופר[k:def:bavli] ; מלמד[k:def:yerushalmi] ; ספר[j:eq:targum+bavli+yerushalmi] || K: a halakhic Midrash on Leviticus | ein halachischer Midrasch zum 3. Buch Mosis || K: name of an Amora | Name eines Amoräers || J(סִפְרָא ch): Biblical book; Pentateuch; Sifra; of the school
741	שיתגלה	653		NO ANALYSIS	
742	שלימ	653	שלם, תמים	שלימ/-/-/exact/single sense	{שלימ} adj שלם, תמים[k:def:targum+tanakh] || J(שְׁלִים): complete, perfect; whole, unimpaired; Fem.; peaceful, sincere, friendly.
743	שריפה	653		NO ANALYSIS	{שריפה} n  || J(שְׂרִיפָה): secretion, dripping, catarrh; s’rifah
744	דקודמ	652		NO ANALYSIS	
745	קושיית	651		NO ANALYSIS	
746	בעובדא	650	במעשה, מאורע	עובדא/-/b/exact/the sense cited from bavli	{עובדא} n מעשה, מאורע[k:def:bavli+yerushalmi] ; מעשה, מאורע[k:def:bavli+yerushalmi] || J(עוֹבָדָא): deed, work; occurrence, event, fact, case, precedent; billʿa
747	ההשתלשלות	650		NO ANALYSIS	
748	סטרא	650	צד	סטרא/-/-/exact/single sense	{סטרא} n צד[k:def:targum] || 
749	קודשא	650	קודש, קדושה	קודשא/-/-/exact/single sense	{קודשא} n קודש, קדושה[k:def:targum] || 
750	דאיצטריכ	649	שהיה זקוק לדבר	צרכ/itpe.perf.3ms/d/source-form/the sense cited from bavli	{צרכ} v היה זקוק לדבר[k:def:itpe:yerushalmi+bavli] ; נפנה[k:def:bavli] ; חייב, הזקיק[k:def:af:bavli] ; צרך[j:same:pe:targum+yerushalmi+bavli+tanakh+midrash] || J(צָרַךְ): to be narrow; to need, want; to be in need, be forced || J(צְרַךְ ch): pass; to need, be needed; to be needed; to need
751	בישא	647	רע	בישא/-/-/reviewed/reviewed form: Jastrow בִּישׁ "bad"	{בישא} adj רע[k:def:midrash] ; חולה[k:def:midrash] || 
752	בקיצור	646		NO ANALYSIS	
753	דסברי	646		NO ANALYSIS	
754	ותכוינ	646		NO ANALYSIS	
755	גירושינ	645		NO ANALYSIS	
756	כדאמרנ	645		NO ANALYSIS	
757	נחית	644	יורד	נחית/-/-/reviewed/reviewed form: Krupnik נְחַת "ירד", participle	
758	בהונ	643	בהם	pron:בהונ/fixed/-/pronominal/pronominal preposition table	
759	הילכתא	643	הלכה	הילכתא/-/-/reviewed/reviewed form: = h. הֲלָכָה	
760	חשביננ	643	חשוב	חשב/pe.ptcp.1pl/-/generated/the sense cited from bavli	{חשב} v חשוב[j:eq:targum+tanakh+bavli] || J(חָשַׁב bh): to think, intend, plan; Pi.; to consider, regard; to count || J(חֲשֵׁב): Part. pass; to plan, to count, calculate; to be planned
761	להכ	643	לאותו	להכ/-/-/reviewed/reviewed form: ל + הַךְ "that"	
762	למדרגה	643		NO ANALYSIS	
763	למכתב	643	לכתוב	למכתב/-/-/reviewed/reviewed form: כְּתַב (Jastrow ch. same) infinitive + ל	
764	דנפיק	642	שיוצא	דנפיק/-/-/reviewed/reviewed form: ד + נְפַק, participle	
765	אלמלא	641		AMBIGUOUS_SENSE אלמלא: לולא | לו, אילו	{אלמלא} other לולא[k:def:mishnah+bavli] ; לו, אילו[k:def:bavli] || J(אִלְמָלֵא): if in any way not, if not, but for; if indeed
766	דחי	640	סילק וביטל	דחי/-/-/exact/the sense cited from bavli	{דחי} v דחף, הדף[k:def:pe] ; סילק וביטל[k:def:pe:bavli] ; נדחף ונהדף[k:def:itpe:targum] ; נקבע לזמן אחר[k:def:itpe] ; דחי[j:same:pe:targum+bavli] || J(דחי bh): to push away, thrust; to dismiss with a vague or paltry reply; to expel || J(דְּחִי ch): to thrust, push, knock down; to suspend, supersede; to push aside, drive off
767	דידהו	640	שלהם	pron:דידהו/fixed/-/pronominal/pronominal preposition table	
768	חיובא	639		AMBIGUOUS_SENSE חיובא: חובה, התחייבות, הטלת חובה | הוצאת דין לחובה, עונש	{חיובא} n חובה, התחייבות, הטלת חובה[k:def:yerushalmi+bavli] ; הוצאת דין לחובה, עונש[k:def:bavli] || 
769	בסוגיא	633		AMBIGUOUS_SENSE סוגיא: מהלך, מרוצה | הלכה נהוגה	{סוגיא} n מהלך, מרוצה[k:def:midrash+bavli] ; הלכה נהוגה[k:def:bavli] || J(סוּגְיָא): walk; study, lesson, subject; practice, usage
770	גמירי	630	מקובל לנו	גמירי/-/-/reviewed/reviewed form: Jastrow גְּמַר "to learn by tradition", passive participle plural — "גמירי" = we have a tradition	{גמירי} ?  || K: they have a tradition) it is a well-known maxim | es steht traditionell fest (sie besitzen eine Ueberlieferung)
771	רצוא	630		NO ANALYSIS	
772	רוחניות	629		NO ANALYSIS	
773	דאיסורא	627	של איסור	איסורא/-/d/exact/reviewed choice	{איסורא} n איסור[k:def] ; יסורים[k:def:targum] ; איסור[j:same:targum+bavli] || J(אִיסּוּרָא ch): band; ritual questions; prostitution || J(אִיסוּרָא II): chastisement.
774	דלשונ	627		NO ANALYSIS	
775	מפקיננ	626	אנו מוציאים	מפקיננ/-/-/reviewed/reviewed form: נְפַק Af. + ־ינן	
776	תיתי	626	תבוא	אתא/af.impf.2ms/-/irregular/reviewed choice	{אתא} v סימן[k:def:targum] ; בא[k:def:pe:bavli] ; הביא[r:reviewed:af] || J(אָתָא I): letter, sign || J(אֲתָא ch): to join; to come, to arrive; to occur to; surely, indeed || J(*אָתָא III): Great Bear, Ursa Major
777	אחריני	625	אחר	אחרינא/n.pl/-/source-form/the sense cited from bavli	{אחרינא} n אחר[k:def:bavli] || J(אַחֲרִינָא): another
778	גיטא	625	גט	גיטא/-/-/reviewed/reviewed form: Jastrow גִּיטָּא ch. = h. גֵּט	
779	שיעקב	624		NO ANALYSIS	
780	יתגלה	623		NO ANALYSIS	
781	ביתא	621	בית	ביתא/-/-/exact/reviewed choice	{ביתא} n בית[k:def:bavli] ; בת, מדת הלח[k:def:targum] ; בית[j:same:targum+bavli+midrash+yerushalmi] ; בת[j:eq:targum] || J(בֵּיתָא I ch): Pi.; the case of T’fillin; night-lodging || J(בֵּיתָא II): bath || J(בַּיְתָא): night-bird
782	אידכ	619	אחר	אידכ/-/-/exact/the sense cited from bavli	{אידכ} n אחר[k:def:bavli] || J(אִידֵּךְ): this, that; the other, another; both
783	דשייכ	619		NO ANALYSIS	
784	מהדר	618		NO ANALYSIS	
785	דנפקא	617	שיוצאת	דנפקא/-/-/reviewed/reviewed form: ד + נְפַק (Krupnik: יצא), participle fem.	
786	תקנתא	617		AMBIGUOUS_SENSE תקנתא: סגולה, תרופה | כלל, חק, קביעות	{תקנתא} n סגולה, תרופה[k:def:bavli] ; כלל, חק, קביעות[k:def:bavli] ; תקנה[j:same:targum+bavli] || J(תַּקַּנְתָּא ch): remedy; measure, ordinance, reform
787	תרווייהו	617		NO ANALYSIS	
788	דלמה	616		NO ANALYSIS	
789	שנינ	616		NO_HEBREW_SENSE שנ	{שנ} ? שן[j:same:targum+midrash+bavli+tosefta] || J(שֵׁן): tooth, tooth-like projection; the damage done by an animal’s eating; ubhiʿer || J(שֵׁן ² ch): the Cliff of Dor
790	גלי	614		AMBIGUOUS_SENSE גלי: יצא ממקומו, הלך בשבי | גילה סוד, הודיע בפומבי	{גלי} v חשף[k:def:pe:tanakh] ; יצא ממקומו, הלך בשבי[k:def:pe:bavli] ; גילה סוד, הודיע בפומבי[k:def:bavli+midrash] ; נתגלה[k:def:itpe:bavli] ; הָגלה[k:def:itpe:targum] ; גלי[j:same:pe:targum+bavli+midrash+tanakh] || K: to banish | ins Exil führen || K: an odoriferous) plant | eine Pflanze (Weidenart) || J(גלי bh): to be uncovered; Part. pass; open, revealed || J(גְּלֵי ch): to reveal, uncover; to go into exile, go away, disappear; exiles || J(גְּלַי): flash; as a flash, suddenly, rapidly || J(*גַּלִּי): galium,
791	הרוחני	612		NO ANALYSIS	
792	דאזליננ	610	שאנו הולכים	rev:אזליננ/pe.perf.1pl/d/reviewed-base/a proclitic on the reviewed form אזליננ	
793	ברמ	608	אבל	ברמ/-/-/reviewed/reviewed form: Jastrow בְּרַם "but"	{ברמ} particle  || J(בְּרַם ch): to split; besides; however.
794	דסופ	608		NO ANALYSIS	
795	העיונ	608		NO ANALYSIS	
796	בעו	607	שאלו	בעו/-/-/reviewed/reviewed form: Krupnik בְּעֵי 1) "שאל", perfect plural	{בעו} n בקשה[k:def] || J(בָּעוּ): prayer; I pray
797	יודינ	606		NO_HEBREW_SENSE יו״ד	{יו״ד} ?  || J(יו"ד): Yod; water; yarbeh
798	דמדאורייתא	605		NO ANALYSIS	
799	קולא	602	קול	קולא/-/-/exact/the sense cited from bavli	{קולא} n מדור, חדר[k:def:targum] ; מצודה, פח[k:def:targum] ; קול[j:same:yerushalmi+bavli] || K: a vessel | ein Gefäß || K: a dress | ein Kleid || J(קוּלָּא ch): lenient rule, easier practice || J(קוֹלָא I): compartment, enclosure; snare; Pl. || J(קוֹלָא II): bowl; dress; an ornament, clasp
800	מוחא	601	מח, קדקוד	מוחא/-/-/exact/the sense cited from bavli	{מוחא} n מח, קדקוד[k:def:bavli] || 
801	שאיתא	601	שש	שית/pe.ptcp.fs/-/generated/the sense cited from bavli	{שית} n יסוד, מסד[k:def:mishnah] ; ששה[k:def:targum+tanakh] ; ששה[k:def:targum+tanakh] ; שש[j:eq:targum+bavli] || J(שִׁית I bh): to place, set, make || J(שִׁית II): foundation; bottom; Shith, a pit by the side of the altar || J(שִׁית III): wild fig.—Pl. || J(שִׁית): six.; sixty; sixteen; sixteenth
802	רחמי	600		AMBIGUOUS רחמינ/ "רחמים" ~ רחמא/n.pl "ידיד, אוהב"	{רחמינ} ? רחמים[j:same:targum+bavli] || 
803	שנבראו	600		NO ANALYSIS	
804	דאננ	599		AMBIGUOUS pron:אננ/fixed "שאנו" ~ אננ/ "שאנחנו"	
805	וסבר	599	וחשב	סבר/-/w/exact/reviewed choice	{סבר} v חשב[k:def] ; בירר, ביאר[k:def:af] ; התיחס בחבה[k:def] ; הבטיח[k:def:af:targum] ; ביאר ופירש[k:def:af:bavli] ; קוה[k:def:itpe:targum] ; היה מובן[k:def:itpe:bavli] ; הזדיין והצטייד[k:def:itpe:targum] ; תקוה[k:def] ; הסבר, פירוש[k:def] ; מחשבה, דעה[k:def:yerushalmi] ; סבר[j:same:pe:targum+bavli+midrash] ; סבר[j:same:targum+midrash+tanakh+yerushalmi] || K: to trust | vertrauen || J(סָבַר bh): Pi.; to be bright; to look for, be hopeful; to think, imagine. Part. pass || J(סְבַר ch): to show a bright face, be pleasant; to favor; Poël; Part. pass || J(סְבַר II): Poël; to encompass; to carry; to bear, endure; to sustain || J(סְבַר III): Poël; Saf; sabar
806	וקתני	599	ושונה	תני/pe.ptcp.ms/wq/generated/reviewed choice	{תני} v חזר ועשה[k:def:pe:targum] ; לימד[k:def:pe:targum] ; קיבל ומסר הלכה[k:def:pe:bavli] ; שינה[k:def] ; דיבר, סיפר[k:def:targum] ; לימד[k:def:af] ; נכפל[k:def:itpe:targum] ; הוגד[k:def:itpe:targum] ; הוחד[k:def:itpe:targum] ; תני[j:same:pe:targum+bavli+mishnah+yerushalmi] ; שנה[r:reviewed:pe] || J(תני bh): to repeat; to tell; to stipulate, agree, make a condition || J(תְּנֵי ch): to repeat, do a second time; Pa.; to tell, relate; to teach || J(תְּנֵי II): to be pointed, sharp; to sharpen, to speak sharp words; to be sharpened
807	פירקינ	599	שעור בלימודים	פרקא/n.pl/-/source-form/the sense cited from bavli	{פרקא} n שעור בלימודים[k:def:bavli] ; פרק[j:same:targum+tosefta+yerushalmi+bavli+mishnah] || J(פִּרְקָא ch): cross-road; period.; joint
808	בעינא	598	אני צריך	בעינא/-/-/reviewed/reviewed form: בְּעֵי 3) "היה צריך" + ־נא "I" (participle)	
809	דיליפ	597		NO ANALYSIS	
810	אילימא	596	אם נאמר	אילימא/-/-/exact/reviewed choice	{אילימא} ? אם נאמר[k:def:bavli] ; אילמלא[k:def:midrash] || J(אִילֵימָא): if to say; you do not mean to say; shall I say || J(אִילֵּימָא I): unless, but for; || J(אִילֵּימָא II): mute
811	שלכמ	595		NO ANALYSIS	
812	אלקותו	594		NO ANALYSIS	
813	דבשעת	594		NO ANALYSIS	
814	דיומ	594		NO ANALYSIS	
815	דמסיק	594		AMBIGUOUS_SENSE סלק: העלה	{סלק} v הסיר והעביר[k:def:mishnah] ; הרים[k:def:bavli] ; התרחק[k:def:itpa:midrash] ; מת[k:def:itpa:tosefta] ; סלק[j:same:pe:targum+bavli+midrash] ; עָלָה[h:wikt] ; העלה[r:reviewed:af] || J(סָלַק): to go up, go away; to pile up; to remove; to cause cessation, suspend || J(סְלֵק ch): to rise, go up; to go away; to occur; to stop, hush, keep silence || J(סְלַק): to boil down
816	דמסכת	594		NO ANALYSIS	
817	חשוכא	594	דל ורזה · עני	חשוכא/-/-/exact/two senses	{חשוכא} ? דל ורזה[k:def:targum] ; עני[k:def:targum] || 
818	כתיבי	593		NO ANALYSIS	
819	אירוסינ	592	התקשרות שלפני הנשואין	אירוסינ/-/-/exact/single sense	{אירוסינ} n התקשרות שלפני הנשואין[k:def:mishnah] || 
820	ובחינת	592		NO ANALYSIS	
821	דחזי	591	שרואה	דחזי/-/-/reviewed/reviewed form: ד + חֲזִי (Krupnik: ראה), participle	
822	נקטיננ	591	החזיק, אחז	נקט/pe.ptcp.1pl/-/generated/reviewed choice	{נקט} v העניק[k:def:pa:midrash] ; החזיק, אחז[k:def:pe] ; לקח[k:def:pe] ; נתן הושיט[k:def:bavli] ; ליקט[k:def:bavli] ; נקט[j:same:pe:targum+bavli] || J(נָקַט): to hold in hand, take, seize; to cause to hold, to procure || J(נְקַט ch): holding; to contract a habit; to cause to hold, to give, hand
823	דרשות	590		NO ANALYSIS	
824	רמוז	590		AMBIGUOUS_SENSE רמז: רמז וקרץ | אות וסימן	{רמז} v רמז וקרץ[k:def:pe:bavli] ; נאמר לו ברמז[k:def:itpe:mishnah] ; אות וסימן[k:def:bavli] ; רמז[j:same:pe:targum+bavli+tanakh+midrash] || J(רָמַז): to move; to nod, gesticulate, hint; to intimate, hint || J(רְמַז ch): Pe. || J(רֶמֶז): gesture, hint, intimation.
825	דבלא	589	תאנת בוסר	דבלא/-/-/exact/single sense	{דבלא} n תאנת בוסר[k:def:targum] || 
826	דסוכה	588		NO ANALYSIS	
827	טבא	588	טוב	טבא/-/-/exact/reviewed choice	{טבא} adj טוב[k:def:bavli] ; שוה[k:def:yerushalmi] ; ראש ונשיא[k:def:yerushalmi] ; יותר[k:def:bavli] || J(טִבָּא): rumor
828	גמריננ	587	אנו לומדים	גמריננ/-/-/reviewed/reviewed form: Jastrow גְּמַר "to learn" + ־ינן	
829	דמודה	586		NO ANALYSIS	
830	לבתר	586	אחר כך	לבתר/-/-/reviewed/reviewed form: Jastrow לְבָתַר "afterwards"	
831	בגיהנמ	584		NO ANALYSIS	
832	דגדלות	584		NO ANALYSIS	
833	למימרא	584	לומר	אמר/pe.inf/l/irregular/the sense cited from bavli	{אמר} v הלעיט[k:def:af:bavli] ; אמר[j:same:pe:targum+bavli+yerushalmi] ; טלה, כבש[h:wikt] || J(אָמַר I bh): to join, knot; to be knotted, thick;; to heap up;; to join words, compose || J(אֲמַר ch): they say, it is said; Inf; does this mean to say? || J(אָמַר II bh): to be thick, strong; to thrive; to boast, vaunt, be oppressive; to fatten || J(אִמַּר): lamb
834	גיסא	583	צד, שכנות	גיסא/-/-/exact/reviewed choice	{גיסא} n בעל אחות האשה[k:def:bavli] ; צד, שכנות[k:def:bavli] ; גיס[j:same:yerushalmi+bavli] || K: trnsf. way, manner | übetr. Art, Weise || J(גִּיסָא II): bold man || J(גִּיסָא III): neighborhood, side; way, manner
835	אבוה	582	אביו	אבוה/-/-/reviewed/reviewed form: אַבָּא "father" (Jastrow אַבָּא ch. = h. אָב) + ־וה "his"	
836	בבבא	582		NO ANALYSIS	
837	והתניא	582	והלא נאמר בברייתא	והתניא/-/-/reviewed/reviewed form: ו + הָא (Krupnik 3: הלא) + תַּנְיָא (Krupnik: נאמר בברייתא)	
838	ואינונ	581	והם	pron:אינונ/fixed/w/pronominal/pronominal preposition table	
839	לההיא	580		NO ANALYSIS	
840	דאשה	579		NO ANALYSIS	
841	הנוקבא	579		NO ANALYSIS	
842	דיקנא	577	זקן	דיקנא/-/-/exact/single sense	{דיקנא} n זקן[k:def] || 
843	דסוטה	577		NO ANALYSIS	
844	דעירובינ	577		NO ANALYSIS	
845	המשפיע	577		NO ANALYSIS	
846	אלפינ	576		NO_HEBREW_SENSE אלפ	{אלפ} n אלף[j:same:targum+bavli+yerushalmi] || K: the first letter of the alphabet | der erste Buchstabe des Alphabets || J(אֶלֶף bh): thousand.; Du.; a million || J(אֲלַף II): to join, be joined; to become used; to learn, study, train one’s self; accustomed, used to
847	דמלכותא	576	של ממשלה	מלכותא/-/d/exact/the sense cited from bavli	{מלכותא} n ממשלה[k:def:bavli] || J(מַלְכוּתָא): kingdom, rulership; Pl.
848	בהלכה	575		NO ANALYSIS	
849	ומתרצ	575		NO ANALYSIS	
850	יאות	574	ראוי	יאות/-/-/reviewed/reviewed form: Jastrow יָאוּת "it is proper"	{יאות} adv  || K: well, right | richtig, schön || K: honesty | Redlichkeit || J(יָאוּת ch): propriety;; right; properly; it is right
851	להיתר	574		NO ANALYSIS	
852	שבתא	574	שבת	שבתא/-/-/exact/the sense cited from bavli	{שבתא} n שבתון[k:def:targum] ; שבת[j:same:targum+bavli+yerushalmi+midrash] || J(שַׁבְּתָא ch): Sabbath; sing.; week || J(שְׁבָתָא): rest, solemn observance
853	פעולות	573		NO_HEBREW_SENSE פעולה	{פעולה} n  || J(פְּעוּלָּה bh): work; hire; wages; working stock
854	דלגבי	572		NO ANALYSIS	
855	דעדיינ	571		NO ANALYSIS	
856	ירידת	571		NO ANALYSIS	
857	מהניא	569	קבל הנאה ותועלת	הנה/itpe.ptcp.fs/-/generated/the sense cited from bavli	{הנה} v קבל הנאה ותועלת[k:def:itpe:bavli] ; זה, זאת[k:def:midrash] || K: to benefit, to cause to share | Genuss, Nutzen verschaffen || J(הִנֵּה bh): behold, here is
858	זיווג	568	חיבור והזדווגות	זווג/-/-/alias/the sense cited from bavli	{זיווג} n  || J(זִיוּוּג): coupling, matching, marital destiny; a corresponding case, solace offered by pointing to a  ##  {זווג} n חיבור והזדווגות[k:def:bavli] || 
859	בכולהו	567	בכולם	pron:כולהו/fixed/b/pronominal/pronominal preposition table	
860	בשמעתינ	566		NO ANALYSIS	
861	דקידושינ	566		NO ANALYSIS	
862	פירכא	566	קושיא, טענה, סתירה	פירכא/-/-/exact/the sense cited from bavli	{פירכא} n קושיא, טענה, סתירה[k:def:bavli] || J(פִּירְכָא): refutation, objection
863	שיטת	565		NO ANALYSIS	
864	דלכתחלה	564		NO ANALYSIS	
865	קמאי	564	לפני	pron:קמאי/fixed/-/pronominal/pronominal preposition table	
866	דבלאו	562		NO ANALYSIS	
867	דכאנ	562		NO ANALYSIS	
868	דליתא	562		AMBIGUOUS אתא/pe.impf.3ms "שיבוא" ~ ליתא/ "של ליש, אריה"	{אתא} v סימן[k:def:targum] ; בא[k:def:pe:bavli] ; הביא[r:reviewed:af] || J(אָתָא I): letter, sign || J(אֲתָא ch): to join; to come, to arrive; to occur to; surely, indeed || J(*אָתָא III): Great Bear, Ursa Major
869	חזיא	562		AMBIGUOUS_SENSE חזיא: ראי	{חזיא} n ראי[k:def:targum] || J(חַזְיָא): fit || J(חֶזְיָא II): mirror
870	ההשגחה	560		NO ANALYSIS	
871	עניינ	559	חפץ, עסק	עניינ/-/-/exact/the sense cited from bavli	{עניינ} n חפץ, עסק[k:def:yerushalmi+bavli] || 
872	דשבועות	558		NO ANALYSIS	
873	והוו	558	והיו	הוה/pe.perf.3mp/w/irregular/reviewed choice	{הוה} v היה[r:reviewed:pe] || J(הַוָּה bh): change; misfortune || J(*הֵוָה): Ḥevah || J(הֲוָהּ): ah!
874	עתידינ	558		NO_HEBREW_SENSE עתיד	{עתיד} n עתיד[j:same:targum+tanakh+bavli] || J(עָתִיד bh): standing; ready, designated; in future; the future || J(עֲתִיד ch): ready, destined; future
875	אייתי	557	הביא	אייתי/-/-/reviewed/reviewed form: אֲתָא Af. אַיְיתֵי "to bring" (Jastrow; = h. הֵבִיא)	{אייתי} v הביא[k:def:af:bavli] || 
876	מוליד	557	לידה	מולד/-/-/alias/the sense cited from bavli	{מולד} n לידה[k:def:bavli+midrash] ; התחדשות הלבנה[k:def:midrash] || J(מוֹלֵד): issue, descendant || J(מוֹלָד): birth-time; New-Moon; travail
877	תקשה	556		NO ANALYSIS	
878	במילי	555		NO ANALYSIS	
879	דאברהמ	555		NO ANALYSIS	
880	נחזור	555		NO ANALYSIS	
881	דאריכ	554		NO ANALYSIS	
882	מושג	554		NO ANALYSIS	
883	כדקאמר	553		NO ANALYSIS	
884	פירי	553	רץ	פרי/-/-/alias/the sense cited from yerushalmi	{פירי} ?  ||   ##  {פרי} v רץ[k:def:pe:yerushalmi] ; פרי[j:same:pe:bavli+midrash+yerushalmi] || J(פרי): to break through; to grow, increase, be fruitful; to cause to grow, make fruitful || J(פְּרֵי ch): to increase, grow; to run || J(פְּרִי bh): fruit, produce; fruition, usufruct; profit, interest
885	דכלימ	552		NO ANALYSIS	
886	ובעי	552	וצריך	ובעי/-/-/reviewed/reviewed form: ו + בְּעֵי 3) "היה צריך", participle	
887	יתפרש	552		NO ANALYSIS	
888	דאדרבה	551	שלהפך	אדרבה/-/d/exact/the sense cited from bavli	{אדרבה} adv להפך[k:def:bavli] || 
889	דיקא	551	סברה הגיונית	דיקא/-/-/exact/the sense cited from bavli	{דיקא} n סברה הגיונית[k:def:bavli] ; עשרה[k:def] ; קורה[k:def:midrash] || J(דֵּיקָא): evidence by conclusion || J(*דִּיקָא): ten; Kappadokia; Kappa
890	דנהי	551	שנניח	נהי/-/d/exact/the sense cited from bavli	{נהי} v התאסף[k:def:itpe:targum] ; נניח[k:def:bavli] || J(נְהֵי I bh): to move; to be in commotion; to follow eagerly || J(נְהִי II bh): commotion; lamentation, elegy || J(נְהֵי): let it be, granted, admitted
891	בבחינה	550		NO ANALYSIS	
892	דעשיה	550		NO ANALYSIS	
893	חיצונית	549		NO ANALYSIS	
894	כההיא	549		NO ANALYSIS	
895	מנייהו	549	מהם	pron:מנייהו/fixed/-/pronominal/pronominal preposition table	
896	דבתר	548		NO ANALYSIS	
897	לכוונ	548		NO ANALYSIS	
898	מסקיננ	548		AMBIGUOUS_SENSE סלק: העלה	{סלק} v הסיר והעביר[k:def:mishnah] ; הרים[k:def:bavli] ; התרחק[k:def:itpa:midrash] ; מת[k:def:itpa:tosefta] ; סלק[j:same:pe:targum+bavli+midrash] ; עָלָה[h:wikt] ; העלה[r:reviewed:af] || J(סָלַק): to go up, go away; to pile up; to remove; to cause cessation, suspend || J(סְלֵק ch): to rise, go up; to go away; to occur; to stop, hush, keep silence || J(סְלַק): to boil down
899	דגמרא	547		NO ANALYSIS	
900	דיצירה	547		NO ANALYSIS	
901	קג	547		NO ANALYSIS	
902	מרבננ	544	מחכמים	מרבננ/-/-/reviewed/reviewed form: מן + רַבָּנָן (Krupnik: the sages)	
903	נפרש	544		NO ANALYSIS	
904	מהכ	543		NO ANALYSIS	
905	גזירות	542		NO_HEBREW_SENSE גזרה	{גזרה} n  || J(גִּזְרָה bh): enclosure; balcony.; hewn stone block || J(גְּזֵרָה bh): a secluded and narrow place, dale, precipice; g’zerah; decree, edict, divine dispensation
906	דידי	541	שלי	דידי/-/-/reviewed/reviewed form: דִּידִי "mine"	{דידי} other שלי, שלו[k:def] || 
907	לייחד	541		NO ANALYSIS	
908	מאירה	541		NO ANALYSIS	{מאירה} ?  || 
909	לגביה	539	אליו	לגביה/-/-/reviewed/reviewed form: לְגַבֵּי "towards" + ־יה	
910	ממדריגה	538		NO ANALYSIS	
911	וסיפא	537	והחלק האחרון של המשנה	סיפא/-/w/exact/reviewed choice	{סיפא} n סוף[k:def:yerushalmi] ; החלק האחרון של המשנה[k:def:bavli] ; סף[k:def:targum] || J(סֵיפָא): end; the last; second
912	דאתיא	536	שבאה	אתא/pe.ptcp.fs/d/irregular/reviewed choice	{אתא} v סימן[k:def:targum] ; בא[k:def:pe:bavli] ; הביא[r:reviewed:af] || J(אָתָא I): letter, sign || J(אֲתָא ch): to join; to come, to arrive; to occur to; surely, indeed || J(*אָתָא III): Great Bear, Ursa Major
913	דבינה	536		NO ANALYSIS	
914	קדמונ	535		NO ANALYSIS	{קדמונ} n  || J(קַדְמוֹן bh): ancient, originator
915	אמוראי	534	אמורי	אמוראה/n.pl/-/source-form/the sense cited from bavli	{אמוראה} n מלמד[k:def:targum] ; אמורי[j:eq:targum+bavli+tosefta] || J(אֲמוֹרָאָה): teacher || J(אֱמוֹרָאָה ch): Emorite; the chapter treating of idolatrous practices
916	ההנהגה	534		NO ANALYSIS	
917	מפיק	534	מוציא	מפיק/-/-/reviewed/reviewed form: נְפַק Af. (Jastrow: to take out), participle	
918	בהדיה	533	עמו	pron:בהדיה/fixed/-/pronominal/pronominal preposition table	
919	דנדה	533		NO ANALYSIS	
920	דפסח	533		NO ANALYSIS	
921	דחול	532		NO ANALYSIS	
922	והאמר	532	והלא אמר	והאמר/-/-/reviewed/reviewed form: ו + הָא (Krupnik 3: הלא) + אֲמַר	
923	דבוקימ	531		NO ANALYSIS	
924	דכולי	531		AMBIGUOUS כולא/ "שהכל, כל" ~ כול/n.sg "שמדד"	{כולא} other הכל, כל[k:def:yerushalmi] || 
925	דנזיר	531		NO ANALYSIS	
926	במכילתא	530	בקובץ הלכות	מכילתא/-/b/exact/the sense cited from midrash	{מכילתא} n מדה[k:def:targum] ; קובץ הלכות[k:def:midrash] || 
927	וחדא	530	ואחד	חדא/-/w/exact/reviewed choice	{חדא} particle אחד[k:def:bavli] ; שמח[k:def:pe:bavli] || J(חֲדָא II): to be glad
928	וקאי	530	ועומד	rev:קאי/pe.ptcp.ms/w/reviewed-base/a proclitic on the reviewed form קאי	
929	ורחימו	530		NO ANALYSIS	
930	בשעתא	529	בשעה	שעתא/-/b/exact/the sense cited from bavli	{שעתא} n שעה[j:eq:targum+bavli+yerushalmi] || J(שַׁעְתָּא): while, time; hour
931	דרשה	529		NO ANALYSIS	
932	דידע	528		NO ANALYSIS	
933	ירמוז	528		NO ANALYSIS	
934	מתתא	527		NO_HEBREW_SENSE מות	{מות} v מות[j:same] ; מות[j:same:targum+bavli] || J(מוֹת bh): to die.; to put to death; to cause death; to be put to death || J(מָוֶת bh): death. || J(מוֹת ² ch): poison; fem
935	למיכל	526		NO ANALYSIS	
936	אורחא	525	דרך, מנהג	אורחא/-/-/exact/the sense cited from bavli	{אורחא} n דרך, מנהג[k:def:bavli] || 
937	דקרי	525		NO ANALYSIS	
938	ובתר	525		NO ANALYSIS	
939	עמא	524	העם	עמא/-/-/reviewed/reviewed form: Jastrow עַמָּא ch. = h. עַם	{עמא} n עם, אומה[k:def:bavli] ; כעס, שנאה[k:def] || J(עֵמָּא): leaven;; passion
940	קטרוג	523		NO ANALYSIS	
941	דאזיל	522	שהולך	דאזיל/-/-/reviewed/reviewed form: ד + אֲזַל (Krupnik: הלך), participle	
942	עשייה	522	פעולה, מעשה	עשייה/-/-/exact/the sense cited from yerushalmi	{עשייה} n פעולה, מעשה[k:def:midrash+yerushalmi] || 
943	איבעיא	521	נשאלה	איבעיא/-/-/reviewed/reviewed form: Krupnik אִיבָּעֵי "נשאל" (itpe.), feminine (איבעיא להו = it was asked of them)	
944	דגרסי	521	שגורסים	דגרסי/-/-/reviewed/reviewed form: ד + Jastrow גְּרַס "to read (a text)", participle pl.	
945	נשפע	521		NO ANALYSIS	
946	אינש	520	אדם	אינש/-/-/reviewed/reviewed form: Jastrow אֱנָשׁ ch.	{אינש} n אדם[k:def:bavli] || J(אֱינָשׁ): being; human being; people
947	דחה	518	דחף	דחה/-/-/exact/the sense cited from bavli	{דחה} v השיב תשובה קלושה[k:def:yerushalmi] ; סילק וביטל[k:def:mishnah] ; העביר לזמן אחר[k:def:yerushalmi] ; דחף[k:def:bavli] ; פינה וביער[k:def:af:bavli] || K: to be suspended | aufgehoben werden || J(דְּחַהּ): to be merry, wanton
948	ומוקי	518		AMBIGUOUS_SENSE קומ: העמיד	{קומ} v עמד, היה קיים[k:def:pe:bavli] ; מי חלב[k:def:mishnah] ; קום[j:same:pe:targum+bavli+midrash+yerushalmi+tanakh] ; העמיד[r:reviewed:af] || J(קוּם bh): to stand up, rise; to stand, exist; a transgression of a prohibitive law which you must re || J(קוּם ² ch): ḥălitsah; to ascertain; to bargain for || J(קוֹם): curdled milk, curd; whey; ḳom?
949	כדאשכחנ	518		NO ANALYSIS	
950	מתרצ	518		NO ANALYSIS	
951	וכדלעיל	517		NO ANALYSIS	
952	הדמיונ	516		NO ANALYSIS	
953	גוונ	514	צבע	גוונ/-/-/exact/reviewed choice	{גוונ} n צבע, מראה פנים[k:def:bavli+targum] ; כעין, כמו, למשל[k:def:bavli] ; צבע[k:def:pa:bavli] ; גוון[j:same:targum+bavli] || K: like this, in a case like this | so, auf diese Weise || J(גַּוָּון): surface, color; resemblance; like, similar to; for example; for instance if, when. || J(גַּוָּון ² ch): way, manner; like this, in this way, in a case like this
954	נסיונ	514	מסה	נסיונ/-/-/exact/the sense cited from bavli	{נסיונ} n מסה[k:def:bavli+targum] ; נסיון[j:same:targum+bavli+yerushalmi+midrash] || J(נִסָּיוֹן): lifting up; trial, test; temptation || J(נִסָּיוֹן ² ch): sign, test, trial; wonder, providential escape, salvation
955	נענה	514		NO ANALYSIS	
956	הבחינות	513		NO ANALYSIS	
957	דפסול	512		NO ANALYSIS	
958	דרחמנא	512		NO ANALYSIS	
959	הבהמית	512		NO ANALYSIS	
960	דשפיר	511		NO_HEBREW_SENSE שפיר	{שפיר} adj שפיר[j:same:targum+bavli] || K: handsome | schön || K: right, well | gut, richtig || K: sac of the) foetus | Hautblase des Embryos || J(שְׁפִיר): membraneous bag, sac of a fœtus; fœtus || J(שַׁפִּיר): handsome, pleasing; good; cheerful; Fem; right, well
961	סטרינ	511	צד	סטר/n.pl/-/source-form/reviewed choice	{סטר} v הכה בפסת היד[k:def:pa:mishnah+yerushalmi] ; צד[k:def:targum] ; סטר[j:same:pe:targum] || J(סָטַר): to turn sideways; to strike sideways, slap || J(סְטַר I ch): to strike with the flat hand; to flatten || J(סְטַר II): to be near; side, border; wages
962	דמאחר	510		NO ANALYSIS	
963	הואי	510	היתה	הואי/-/-/reviewed/reviewed form: הֲוָא (reviewed: היה), perfect 3rd fem. (JBA)	
964	דלהכי	509		NO ANALYSIS	
965	נקיט	509	אוחז	נקיט/-/-/reviewed/reviewed form: Krupnik נְקַט "החזיק, אחז", participle	{נקיט} adj בוחל ומתעב[k:def] || J(נָקִיט): shrinking; feeling aversion, disgusted
966	כגוונא	507	כצבע, מראה פנים	גוונא/-/k/exact/the sense cited from bavli	{גוונא} n צבע, מראה פנים[k:def:bavli+targum] || 
967	דיהיב	506	שנותן	rev:יהיב/pe.ptcp.ms/d/reviewed-base/a proclitic on the reviewed form יהיב	
968	והלככ	506		NO ANALYSIS	
969	לקדושת	506		NO ANALYSIS	
970	אינהו	505	הם	pron:אינהו/fixed/-/pronominal/pronominal preposition table	{אינהו} n  || K: they | sie
971	דבכורות	505		NO ANALYSIS	
972	דחיי	505	של חיים	דחיי/-/-/reviewed/reviewed form: ד + חַיֵּי "life"	
973	רבונו	505		NO ANALYSIS	
974	שמעתא	505	הלכה מקובלת	שמעתא/-/-/exact/the sense cited from bavli	{שמעתא} n הלכה מקובלת[k:def:bavli] || J(שְׁמַעְתָּא): report, tradition, traditional law; outcome of a discussion, decision
975	ודבור	504		NO ANALYSIS	
976	בארעא	503	באדמה, ארץ	ארעא/-/b/exact/reviewed choice	{ארעא} n אדמה, ארץ[k:def:bavli+targum] ; מקרה[k:def:targum] ; פגע[k:def] || J(אִרְעָא): accident, occurrence; evils, diseases || J(אַרְעָא): land, earth, ground, field; gout, sore on the toes; fields
977	שתא	503	שנה	שתא/-/-/exact/the sense cited from bavli	{שתא} n שנה[k:def:bavli] ; שנה[j:eq:targum+bavli+midrash] || J(שַׁתָּא): year
978	סתימ	502	סתום	סתימ/-/-/reviewed/reviewed form: Jastrow סְתַם, passive participle	
979	דדברי	499		NO ANALYSIS	
980	וקרי	499		NO ANALYSIS	
981	ימינא	499	ימין	ימינא/-/-/exact/the sense cited from midrash	{ימינא} ? ימין[j:same:targum+midrash] || 
982	דסגי	498		NO ANALYSIS	
983	יורינו	498		NO ANALYSIS	
984	להכניע	498		NO ANALYSIS	
985	פעולותיו	497		NO ANALYSIS	
986	בקדירה	496		NO ANALYSIS	
987	דתענית	496		NO ANALYSIS	
988	קפיד	496		NO_HEBREW_SENSE קפד	{קפד} v התרעם, היה נוח לכעוס[k:def:af:bavli] ; הכעיס, הרגיז[k:def:af:yerushalmi] ; דייק ביותר[k:def:af:mishnah] ; נתכווץ ונתקצר[k:def:itpe:targum] ; קפד[j:same:pe:bavli+targum] || J(קָפַד bh): to contract, convolve; to be angry, lose temper; to provoke, insult || J(קְפַד ch): to be angry, sensitive; to be particular, care for, mind; to be contracted, shortened; to 
989	תחיית	496		NO ANALYSIS	
990	ויובנ	495		NO ANALYSIS	
991	לקי	495	לוקה	לקי/-/-/reviewed/reviewed form: Jastrow לְקֵי "to be flogged", participle	{לקי} v לקי[j:same:pe:targum+bavli+yerushalmi+midrash] || J(לקי): to become less; to suffer, be under a disadvantage; to be smitten, afflicted with disease || J(לְקִי ch): to be affected, disordered, smitten, punished; Hif.
992	בהיכא	494	בהיכן	היכא/-/b/exact/reviewed choice	{היכא} particle היכן[r:reviewed] || K: where? | wo? || K: where | wo || J(הֵיכָא): where?; where
993	הזיווג	494		NO ANALYSIS	
994	דאתמר	493	שנאמר	דאתמר/-/-/reviewed/reviewed form: ד + אִתְּמַר (it has been said)	
995	וכדכתיב	492	וכמו שכתוב	rev:כדכתיב/-/w/reviewed-base/a proclitic on the reviewed form כדכתיב	
996	דתרי	491	ששנים	תרי/-/d/exact/reviewed choice	{תרי} v שרה במים[k:def:pe:bavli] ; התרה והזהיר[k:def:af:bavli] ; נשרה[k:def:itpe:targum] ; שנים[k:def:bavli] ; תרי[j:same:targum+bavli+midrash] ; שרה[j:eq:bavli+targum] || J(*תָּרַי): Taray || J(תרי): Hif.; to forewarn; to inform a person about to commit a criminal act of the penalty which  || J(תְּרֵי ch): Af. || J(תְּרֵי ²): to dissolve, soak; to be soaked || J(תְּרֵי ³): two; twelve
997	לאוכלו	491		NO ANALYSIS	
998	ניחוש	491	מעשה כשפים	ניחוש/-/-/exact/the sense cited from yerushalmi	{ניחוש} n מעשה כשפים[k:def:yerushalmi] || 
999	דלככ	490		NO ANALYSIS	
1000	אוירא	488	חלל העולם	אוירא/-/-/exact/the sense cited from bavli	{אוירא} n חלל העולם[k:def:bavli] ; אויר[j:same:targum+bavli+yerushalmi] || J(אָוֵירָא ch): empty space, air; air, weather; pile of bricks with openings between
