rank	form	count	gloss	analysis	lexicon
1	ית	2463	את	ית/-/-/exact/the sense cited from targum	{ית} ? את[j:eq:targum+yerushalmi+midrash] || K: a particle indicating the objective case | Partikel zur Bezeichnung des Akkusativs || J(יַת): being, existence; thee; he himself, this one
2	יי	1694		AMBIGUOUS_SENSE יי: קיצור שם הויה | מלת הקריאה	{יי} n קיצור שם הויה[k:def:targum] ; מלת הקריאה[k:def:targum] || J(יֳי): Adonai, the Lord || J(יִי): woe!
3	די	1636	אשר	די/-/-/reviewed/reviewed form: Jastrow דִּי "who, which, that" (= h. אֲשֶׁר)	{די} n אשר, ש־[k:def:yerushalmi] ; כי[k:def:yerushalmi] ; שאם[k:def] ; זה[j:targum-h:targum] ; של[h:wikt] ; אשר, ש־[h:wikt] || J(דִּי): who, which, where, whom; mine, thine; ḥazith || J(דִּי II): for if; for if not; for if not so || J(דַּי bh): sufficiency, plenty; enough for; enough for me || J(דִּי־): two, twice
4	על	1104	על	על/-/-/reviewed/reviewed form: Jastrow עַל ch. = h. עַל	{על} n על[j:same:targum+midrash] || J(עַל bh): height; upon, above; about || J(*עָל): plan
5	לא	1040	לא	לא/-/-/exact/the sense cited from targum	{לא} n לא[j:same:targum+bavli] || K: you have no right | du bist nicht berechtigt || J(לֹא bh): not, no; indeed not; a prohibitory law || J(לָא II): particle, mote
6	ארי	938	כי	ארי/-/-/reviewed/reviewed form: Jastrow אֲרֵי "for, because" (= h. כִּי)	{ארי} v כי[k:def:targum+tanakh] || J(אֲרֵי): behold; that, so that, because, if; but || J(אֲרִי I): to point, throw; to argue, question, discuss, treat || J(ארי bh): to create a gap; to pluck; arah || J(אֲרִי II bh): the light-colored; lion; brave man; distinguished scholar
7	כל	937	כל	כל/-/-/reviewed/reviewed form: Jastrow כֹּל ch. = h. כָּל	{כל} ?  || J(כֹּל): all, every one; it is; the unanimous opinion, all agree
8	וית	775	ואת	ית/-/w/exact/the sense cited from targum	{ית} ? את[j:eq:targum+yerushalmi+midrash] || K: a particle indicating the objective case | Partikel zur Bezeichnung des Akkusativs || J(יַת): being, existence; thee; he himself, this one
9	קדמ	771	לפני	קדמ/-/-/reviewed/reviewed form: Jastrow קֳדָם "before" (= h. לִפְנֵי)	{קדמ} v קדם[j:same:pe:targum+bavli] ; קדם[j:same:targum] || K: to advance, to precede | vorangehen || J(קָדַם bh): to bend, go forward; to advance, precede; to anticipate; Hif. || J(קְדַם ch): Pa.; to precede; to do early, be early, first; to go before, come to meet || J(קֶדֶם bh): olden time; before || J(קָדָם): precedence; before; pl.
10	ואמר	639	ואמר	אמר/-/w/exact/the sense cited from targum	{אמר} v הלעיט[k:def:af:bavli] ; אמר[j:same:pe:targum+bavli+yerushalmi] ; טלה, כבש[h:wikt] || J(אָמַר I bh): to join, knot; to be knotted, thick;; to heap up;; to join words, compose || J(אֲמַר ch): they say, it is said; Inf; does this mean to say? || J(אָמַר II bh): to be thick, strong; to thrive; to boast, vaunt, be oppressive; to fatten || J(אִמַּר): lamb
11	בני	533	בני	בני/-/-/reviewed/reviewed form: Jastrow בְּנֵי, construct plural of בַּר "son" (= h. בְּנֵי)	{בני} v עשה בנין[k:def:pe:targum] ; בנה[j:eq:targum+bavli] || J(בני bh): to combine; to build; to educate, train
12	מנ	515	מן	מנ/-/-/reviewed/reviewed form: Jastrow מִן ch. = h. מִן	{מנ} n מאין[j:eq:bavli+tanakh] ; מן[j:same:targum+yerushalmi+bavli+midrash] ; מן[j:same:bavli+targum] ; מי[h:wikt] || J(מִן bh): from, of; more; less; than || J(מִן ² ch): from me; from thee;; from him || J(מָן I bh): portion, food; man; the manna || J(מַן I ch): a day’s; support; man || J(מַן): who?, what? || J(מָן III): thing, vessel, garment; coulter
13	לה	465	לה	לה/-/-/reviewed/reviewed form: ל + ־הּ "to her"	
14	ארעא	436	אדמה, ארץ	ארעא/-/-/exact/reviewed choice	{ארעא} n אדמה, ארץ[k:def:bavli+targum] ; מקרה[k:def:targum] ; פגע[k:def] || J(אִרְעָא): accident, occurrence; evils, diseases || J(אַרְעָא): land, earth, ground, field; gout, sore on the toes; fields
15	בר	412	בן	בר/-/-/exact/reviewed choice	{בר} n בקי[k:def:tosefta] ; בר[j:same:targum+bavli+yerushalmi+midrash] ; שדה[j:eq:targum+bavli+yerushalmi+midrash] ; חוץ[j:eq:targum+bavli+yerushalmi+midrash] ; בן[r:reviewed] || J(בַּר I bh): empty, open; uncultivated ground, forest, prairie;; buffalo || J(בַּר ch): forest, prairie; living in the forest; wild || J(בַּר II ch): son, offspring; grandson; a scholar || J(בַּר III bh): clear, bright, clean, pure; bar || J(בַּר IV bh): sifted; grain
16	ולא	374	ולא	לא/-/w/exact/the sense cited from targum	{ולא} n  || J(וָלָא): it is; becoming  ##  {לא} n לא[j:same:targum+bavli] || K: you have no right | du bist nicht berechtigt || J(לֹא bh): not, no; indeed not; a prohibitory law || J(לָא II): particle, mote
17	דיי	353	של ה׳	דיי/-/-/reviewed/reviewed form: ד + the divine name	{דיי} ?  || 
18	לכ	326	לך	לכ/-/-/reviewed/reviewed form: ל + ־ךְ "to you"	{לכ} ?  || J(לְךָ): unto thee
19	עמ	316	עם	עמ/-/-/reviewed/reviewed form: Jastrow עִם ch. = h. עִם	{עמ} particle עם[j:same:targum] ; עם[j:same:targum+bavli+yerushalmi+mishnah] || J(עִם bh): junction; with, near || J(עַם bh): to press, crowd, join; gathering, crowd, people; gentiles
20	הוא	312	הוא	הוא/-/-/reviewed/reviewed form: Jastrow הוּא ch. "he"	{הוא} v היה[k:def:pe:bavli] ; הוא[j:same:targum+yerushalmi+mishnah+bavli] || K: supposed | vorausgesetzt || J(הוּא bh): he, it; she; it is; whosoever, whatsoever; whatever it may be, a minimum || J(הוּא ² ch): myself, thyself
21	אנא	309	אני	pron:אנא/fixed/-/pronominal/pronominal preposition table	{אנא} other אנכי[k:def] ; אני[j:eq:targum+bavli+yerushalmi] || J(אָנָּא bh): oh! I pray || J(אִנָּא): if I
22	למימר	308	לאמר	למימר/-/-/reviewed/reviewed form: אֲמַר infinitive + ל (the Targum's rendering of h. לֵאמֹר)	
23	יתה	298	אותה	pron:יתה/fixed/-/pronominal/pronominal preposition table	{יתה} other אותה[k:def:targum] || 
24	עד	292	עד	עד/-/-/reviewed/reviewed form: Jastrow עַד ch. = h. עַד	{עד} n עד[j:same:targum+bavli+midrash] || J(עַד bh): turn; continuation;; up to, until, during, while; in place of || J(עֵד bh): present; confirming; witness
25	חד	282	אחד	חד/-/-/exact/the sense cited from targum	{חד} particle אחד[k:def:bavli] ; אחד[j:eq:targum+yerushalmi+bavli] || J(חַד I bh): pointed, sharp; swift; Pl. || J(חַד II): one, singular, particular; like one; together, simultaneously
26	להונ	264	להם	pron:להונ/fixed/-/pronominal/pronominal preposition table	
27	או	260	או	או/-/-/reviewed/reviewed form: Jastrow אוֹ = h. אוֹ	{או} n הוא[k:def:yerushalmi] ; ההוא[k:def:yerushalmi] ; או[j:same:targum+bavli] || J(אוֹ I bh): or;; either; and || J(אוֹ II): the || J(אוּ): he, that, this; Fem
28	לכונ	250	לכם	pron:לכונ/fixed/-/pronominal/pronominal preposition table	
29	אלהכ	247	אלהיך	אלהכ/-/-/reviewed/reviewed form: אֱלָהּ (Jastrow = h. אֱלוֹהַּ) + ־ךְ	
30	עמא	247	העם	עמא/-/-/reviewed/reviewed form: Jastrow עַמָּא ch. = h. עַם	{עמא} n עם, אומה[k:def:bavli] ; כעס, שנאה[k:def] || J(עֵמָּא): leaven;; passion
31	כהנא	224	הכהן	כהנא/-/-/reviewed/reviewed form: Jastrow כַּהֲנָא ch. = h. כֹּהֵן	
32	יהי	223	יהיה	הוה/pe.impf.3ms/-/irregular/reviewed choice	{הוה} v היה[r:reviewed:pe] || J(הַוָּה bh): change; misfortune || J(*הֵוָה): Ḥevah || J(הֲוָהּ): ah!
33	יתהונ	222	אותם	pron:יתהונ/fixed/-/pronominal/pronominal preposition table	{יתהונ} other אותם[k:def:midrash] || 
34	גבר	219	איש	גבר/-/-/reviewed/reviewed form: Jastrow גְּבַר "man"	{גבר} v היה חזק, הלך וגדול[k:def:pe:bavli+targum] ; חיזק[k:def:pa:targum] ; עשה שיתגבר[k:def:af:bavli] ; איש[k:def:bavli] ; גבר[j:same:pe:targum+bavli] ; גבר[j:same:targum+bavli+midrash] || K: a certain man, euphem: I, thou | ein gewisser Mann, (euphem): ich, du || J(גָּבַר bh): to be uppermost, prevail; to be strong; to make strong, strengthen, sustain; to grow stron || J(גְּבַר I ch): Pi.; growing, swelling; to make strong, to cause to overpower || J(גֶּבֶר bh): man, master; cock.; m
35	הדינ	206	הזה	הדינ/-/-/reviewed/reviewed form: Jastrow הָדֵין "this"	
36	בה	204	בה	בה/-/-/reviewed/reviewed form: ב + ־הּ	
37	וכל	198	וכל	וכל/-/-/reviewed/reviewed form: ו + כֹּל	
38	כמא	190	כמו	כמא/-/-/exact/the sense cited from targum	{כמא} other כמו[k:def:targum] || K: how! | o, wie || J(כְּמָא): like that which; how! how many!, how much!, how long!; how much?
39	דינ	188	זה	דינ/-/-/reviewed/reviewed form: Jastrow דֵּין "this"	{דינ} v חקר ודרש[k:def:pe:mishnah] ; הוציא מסקנא[k:def:pe:bavli] ; נשפט[k:def:itpe:mishnah] ; נחשב[k:def:itpe:bavli] ; התוכח, ריב[k:def:pa] ; שפט[k:def:pe:yerushalmi] ; הוציא מסקנא[k:def:pe] ; בא בדין[k:def:pe:targum] ; הוציא דין[k:def:pa] ; בא בדין[k:def:itpe:yerushalmi] ; נשפט[k:def:itpe:targum] ; נשפט, נענש[k:def:itpe:targum] ; סברא הגיונית[k:def] ; קל וחומר[k:def:bavli] ; זה[k:def] ; בזה, כאן[k:def] ; כזה, כן[k:def:targum] ; דין[j:same:pe:targum+bavli+tanakh+midrash] ; דין[j:same:targum+midrash+bavli] || J(*דֵּין): faintness, trouble, sickness; Oh! Ah!; Thou || J(דִּין I bh): to rule; to hold court, pass sentence, punish; to argue, conclude || J(דִּין ch): Part; to dispute, quarrel; to decide || J(דִּין II bh): law-suit, claim; judgment, justice, law; equity; argument, analogy || J(דִּין ² ch): law,
40	והוה	187	והיה	הוה/-/w/exact/reviewed choice	{הוה} v היה[r:reviewed:pe] || J(הַוָּה bh): change; misfortune || J(*הֵוָה): Ḥevah || J(הֲוָהּ): ah!
41	כנ	178	כן	כנ/-/-/reviewed/reviewed form: Jastrow כֵּן ch. = h. כֵּן	{כנ} n כן[j:same:targum+bavli+yerushalmi] ; מכאן ואילך[j:eq:targum+bavli+yerushalmi] || J(כַּן): here || J(כֵּן I bh): so, thus; for such a purpose || J(כֵּן ch): after this; therefore; it is so; is it so, indeed? || J(כֵּן II): base, stand, rest; social status; Pi.
42	יומא	176	יום	יומא/-/-/exact/reviewed choice	{יומא} n יום[k:def:bavli] ; שמש[k:def:bavli] || K: name of a treatise of the Talmud on the order of exercises of the Day of Atonement | Name eines Talmudtraktates über den Versöhnungstag
43	שנינ	176	שנים	שנינ/-/-/reviewed/reviewed form: plural of שַׁתָּא "year" (Jastrow שְׁנִין)	
44	תמנ	173	שם	תמנ/-/-/reviewed/reviewed form: Jastrow תַּמָּן "there" (= h. שָׁם)	{תמנ} ?  || K: there | dort || J(תַּמָּן): there
45	ויהי	172	ויהיה	הוה/pe.impf.3ms/w/irregular/reviewed choice	{הוה} v היה[r:reviewed:pe] || J(הַוָּה bh): change; misfortune || J(*הֵוָה): Ḥevah || J(הֲוָהּ): ah!
46	עלוהי	172	עליו	pron:עלוהי/fixed/-/pronominal/pronominal preposition table	
47	לי	166	לי	לי/-/-/reviewed/reviewed form: ל + ־י	{לי} other לא[k:def:yerushalmi] || J(לֵי): not
48	מאה	164	מאה	מאה/-/-/reviewed/reviewed form: Jastrow מְאָה = h. מֵאָה	{מאה} ? מאה[j:same:targum+tanakh+yerushalmi+midrash] || J(מֵאָה bh): one hundred
49	את	163	אתה	את/-/-/reviewed/reviewed form: Jastrow אַתְּ ch. "thou"	{את} n סימן[k:def:targum] ; אות[j:eq:targum+midrash] || K: letter | Buchstabe || J(אַתְּ): thou; thou sayest; thou callest it || J(אָת): sign, type; letter || J(אֵת bh): essence; the thing; which
50	ועל	163	ועל	ועל/-/-/reviewed/reviewed form: ו + עַל	
51	דמצרימ	160	של מצרים	דמצרימ/-/-/reviewed/reviewed form: ד + מִצְרַיִם	
52	כענ	160	עתה	כענ/-/-/reviewed/reviewed form: Jastrow כְּעַן "now" (= h. עַתָּה)	{כענ} ? היום[j:targum-h:targum] || J(כְּעַן): now
53	בארעא	159	באדמה, ארץ	ארעא/-/b/exact/reviewed choice	{ארעא} n אדמה, ארץ[k:def:bavli+targum] ; מקרה[k:def:targum] ; פגע[k:def] || J(אִרְעָא): accident, occurrence; evils, diseases || J(אַרְעָא): land, earth, ground, field; gout, sore on the toes; fields
54	אמ	153	אם	אמ/-/-/reviewed/reviewed form: Jastrow אִם ch. = h. אִם	
55	היא	153	היה	הוא/-/-/alias/single sense	{היא} ?  ||   ##  {הוא} v היה[k:def:pe:bavli] ; הוא[j:same:targum+yerushalmi+mishnah+bavli] || K: supposed | vorausgesetzt || J(הוּא bh): he, it; she; it is; whosoever, whatsoever; whatever it may be, a minimum || J(הוּא ² ch): myself, thyself
56	תרינ	150	שנים	תרינ/-/-/exact/the sense cited from targum	{תרינ} particle שנים[k:def:targum] || 
57	ואמ	145	ואם	ואמ/-/-/reviewed/reviewed form: ו + אִם	
58	בכל	141	בכל	בכל/-/-/reviewed/reviewed form: ב + כֹּל	
59	הא	140	הנה	הא/-/-/reviewed/reviewed form: Jastrow הָא "behold" (the Targum's rendering of h. הִנֵּה)	{הא} n זה[k:def-en] ; כאן[k:def:bavli] ; הלא[k:def:bavli] || K: this means to say) but.. | aber, dagegen || K: oh! (interjection) | o! || J(הָא I): this; both; of this || J(הָא II): Oh!; korban; ha-korban || J(הִא III): a worm
60	זמנא	140	פעם	זמנא/-/-/reviewed/reviewed form: Jastrow זִמְנָא "time, occasion" — "חד זמנא" = once	{זמנא} n עת[k:def:targum] ; פעם[k:def:targum] || 
61	יומינ	140	ימים	יומינ/-/-/reviewed/reviewed form: plural of יוֹמָא	
62	ביומא	139	ביום	יומא/-/b/exact/reviewed choice	{יומא} n יום[k:def:bavli] ; שמש[k:def:bavli] || K: name of a treatise of the Talmud on the order of exercises of the Day of Atonement | Name eines Talmudtraktates über den Versöhnungstag
63	לות	139	אל	לות/-/-/reviewed/reviewed form: Jastrow לְוָת "to, towards" (= h. אֶל)	{לות} ? אצל[j:targum-h:targum] || J(לְוָת): unto; with; unto me, unto thee; from the presence of
64	עמה	137	עמו	עמה/-/-/reviewed/reviewed form: עִם + ־הּ "with him"	{עמה} v תשש, רפה[k:def:af:midrash] ; עכור ועמום[k:def:midrash] || 
65	אלינ	135	אלה	אלינ/-/-/reviewed/reviewed form: Jastrow אִלֵּין ch. = h. אֵלֶּה	
66	ומליל	135	ודיבר	ומליל/-/-/reviewed/reviewed form: ו + מַלֵּל	
67	אפ	131	אף	אפ/-/-/reviewed/reviewed form: Jastrow אַף ch. = h. אַף	
68	והא	127	והנה	והא/-/-/reviewed/reviewed form: ו + הָא "behold"	
69	עבד	125	עשה	עבד/-/-/reviewed/reviewed form: Krupnik עֲבַד "עשה"	{עבד} v תיקן והכשיר[k:def:bavli] ; עבד[j:same:pe:targum+bavli+midrash+yerushalmi] ; עבד[j:same:targum+midrash+bavli+yerushalmi] ; עשה[r:reviewed:pe] || K: to tan | gerben || J(עָבַד bh): to work; to serve, work for.; to do priestly service || J(עֲבַד I ch): to do, labor; to make; to act; to do, fare, prosper; to spend time || J(עֶבֶד bh): slave; servant || J(עֲבַד ch): worshipper
70	קדמי	125	לפני	קדמי/-/-/reviewed/reviewed form: Jastrow קֳדָם + ־י	{קדמי} n  || J(קַדְמַי): first, former, previous; Fem.; in ancient times
71	מדבחא	124	המזבח	מדבחא/-/-/reviewed/reviewed form: Jastrow מַדְבְּחָא = h. מִזְבֵּחַ	
72	סחור	123	סביב	סחור/-/-/reviewed/reviewed form: Jastrow סְחוֹר "around" (= h. סָבִיב)	{סחור} n  || J(סְחוֹר): surrounding; all around
73	כד	120	כאשר	כד/-/-/reviewed/reviewed form: Krupnik כַּד "כאשר"	{כד} adj כאשר[k:def:bavli] ; מעוגל[k:def:bavli] ; כלי חרס עגול[k:def:bavli] || J(כַּד I): when, as, as though; kaddarbonoth; kidd’rabbanuth || J(כַּד II): to be rounded; arched; an arched, pouched vessel, jug
74	יתכונ	117	אתכם	pron:יתכונ/fixed/-/pronominal/pronominal preposition table	
75	אמר	114	אמר	אמר/-/-/exact/the sense cited from targum	{אמר} v הלעיט[k:def:af:bavli] ; אמר[j:same:pe:targum+bavli+yerushalmi] ; טלה, כבש[h:wikt] || J(אָמַר I bh): to join, knot; to be knotted, thick;; to heap up;; to join words, compose || J(אֲמַר ch): they say, it is said; Inf; does this mean to say? || J(אָמַר II bh): to be thick, strong; to thrive; to boast, vaunt, be oppressive; to fatten || J(אִמַּר): lamb
76	רבא	113	גדול	רבא/-/-/reviewed/reviewed form: Jastrow רַבָּא ch. "great"	
77	בדיל	110	בשביל	בדיל/-/-/reviewed/reviewed form: Krupnik בְּדִיל "בשל"	{בדיל} other בשביל[k:def:midrash] ; כדי[k:def] ; בשל[j:eq:targum+midrash+yerushalmi+bavli] || J(בְּדִיל): as to what refers to; on account of, for the sake of, in order that
78	בית	109	בית	בית/-/-/reviewed/reviewed form: Jastrow בֵּית ch. = h. בַּיִת	{בית} v לן לינת לילה[k:def:pe:bavli] || K: second letter of the alphabet | zweiter Buchstabe des Alphabets || J(בִּית): to go in, lodge, pass the night.; to keep over night, postpone burial || J(בַּיִת bh): house, household, home; bayith; owner, landlord; host; private man
79	גברא	109	האיש	גברא/-/-/reviewed/reviewed form: Jastrow גַּבְרָא "the man"	{גברא} n איש[k:def:bavli] ; גבור[k:def:targum] || 
80	משכנא	108	המשכן	משכנא/-/-/reviewed/reviewed form: Jastrow מַשְׁכְּנָא = h. מִשְׁכָּן	{משכנא} ? משכן[j:same:targum] || J(מַשְׁכְּנָא ch): dwelling, tent; the Tabernacle
81	זרעית	106	משפחת	זרעית/-/-/reviewed/reviewed form: Jastrow זַרְעִית "family" (= h. מִשְׁפַּחַת)	{זרעית} n צאצאים[k:def:mishnah+yerushalmi] ; זרעית[j:same:targum+yerushalmi+midrash+mishnah+bavli] || J(זַרְעִית): descendants, family
82	בתר	105	אחר	בתר/-/-/reviewed/reviewed form: Jastrow בָּתַר ch. "after, behind" (= h. אַחַר)	{בתר} n  || J(בֶּתֶר ch): to cut; piece, decree, allotment || J(בָּתַר): after, behind.
83	מנה	105	ממנה	pron:מנה/fixed/-/pronominal/pronominal preposition table	{מנה} n  || J(מָנֶה bh): one hundred; Maneh; Maneh || J(מָנָה I bh): share, portion || J(מָנָה II): to count
84	חדא	103	אחד	חדא/-/-/exact/reviewed choice	{חדא} particle אחד[k:def:bavli] ; שמח[k:def:pe:bavli] || J(חֲדָא II): to be glad
85	למשה	102	למשה	למשה/-/-/reviewed/reviewed form: ל + משה	
86	אנונ	100	הם	pron:אנונ/fixed/-/pronominal/pronominal preposition table	{אנונ} ?  || 
87	לכל	100	לכל	לכל/-/-/reviewed/reviewed form: ל + כֹּל	{לכל} ?  || 
88	לית	97	אין	לית/-/-/reviewed/reviewed form: Krupnik לֵית "אין"	{לית} particle אין[k:def:targum] ; אין[h:wikt] || J(לַיִת): there is; was; not, none
89	עמכ	94	עמך	עמכ/-/-/reviewed/reviewed form: עִם + ־ךְ	{עמכ} v  || J(עָמַך I): to estimate || J(עָמַך II bh): to stand, stand up, rise; to remain, endure; to be ready; to understand; to insist upon
90	פקיד	94	ציוה	פקיד/-/-/reviewed/reviewed form: Jastrow פַּקֵּיד Pa. "to command" (= h. צִוָּה)	{פקיד} n  || J(פָּקִיד bh): appointed to examine, officer, commissioner.
91	קודשא	94	קודש, קדושה	קודשא/-/-/exact/the sense cited from targum	{קודשא} n קודש, קדושה[k:def:targum] || 
92	הוה	93	היה	הוה/-/-/exact/reviewed choice	{הוה} v היה[r:reviewed:pe] || J(הַוָּה bh): change; misfortune || J(*הֵוָה): Ḥevah || J(הֲוָהּ): ah!
93	ועבד	93	ועשה	ועבד/-/-/reviewed/reviewed form: ו + עֲבַד	
94	אתתא	92	אשה	איתתא/-/-/alias/single sense	{איתתא} n אשה[k:def] || 
95	כנשתא	92	העדה	כנשתא/-/-/reviewed/reviewed form: Jastrow כְּנִשְׁתָּא "assembly" (the Targum's rendering of h. עֵדָה)	
96	יהב	91	נתן	יהב/-/-/reviewed/reviewed form: Jastrow יְהַב "to give" (= h. נָתַן)	{יהב} v יהב[j:targum-h:targum] || J(יְהַב): to give; to deal; to put, place
97	הדא	90	זה, זאת	הדא/-/-/exact/single sense	{הדא} other זה, זאת[k:def] || 
98	לבני	90	לבני	לבני/-/-/reviewed/reviewed form: ל + בְּנֵי	
99	ואמרו	89		NO ANALYSIS	
100	לארעא	89	לאדמה, ארץ	ארעא/-/l/exact/reviewed choice	{ארעא} n אדמה, ארץ[k:def:bavli+targum] ; מקרה[k:def:targum] ; פגע[k:def] || J(אִרְעָא): accident, occurrence; evils, diseases || J(אַרְעָא): land, earth, ground, field; gout, sore on the toes; fields
101	למעבד	88	לעשות	למעבד/-/-/reviewed/reviewed form: עֲבַד infinitive + ל	
102	אלהכונ	87	אלהיכם	אלהכונ/-/-/reviewed/reviewed form: אֱלָהּ + ־כוֹן	
103	האלינ	87	האלה	האלינ/-/-/reviewed/reviewed form: Jastrow הָאִלֵּין = h. הָאֵלֶּה	
104	אלפינ	86	אלפים	אלפינ/-/-/reviewed/reviewed form: plural of אַלְפָּא (= h. אֶלֶף)	
105	מיא	86	מים	מיא/-/-/reviewed/reviewed form: Jastrow מַיָּא = h. מַיִם	{מיא} n מים[k:def:bavli] || J(מַיָּא ch): water
106	עממיא	86	העמים	עממיא/-/-/reviewed/reviewed form: plural of עַמָּא	
107	אפי	83	פני	אפי/-/-/reviewed/reviewed form: Jastrow אַפֵּי "face of" (= h. פְּנֵי)	{אפי} v  || J(אפי ² bh): to heat, darken; to bake; pastry || J(אָפֵי): baking women, bakers; to be baked
108	וקרא	82	וקרא	וקרא/-/-/reviewed/reviewed form: ו + קְרָא "to call" (= h. קָרָא)	
109	תעבד	82	תעשה	תעבד/-/-/reviewed/reviewed form: עֲבַד imperfect 2nd	
110	בהונ	81	בהם	pron:בהונ/fixed/-/pronominal/pronominal preposition table	
111	מסאב	81	טמא	מסאב/-/-/exact/the sense cited from targum	{מסאב} adj טמא[k:def:targum] || J(מְסָאָב): repulsive; unclean; Fem
112	משכנ	81	משכן	משכנ/-/-/reviewed/reviewed form: Jastrow מַשְׁכַּן = h. מִשְׁכָּן	{משכנ} v לקח עבוט[k:def:pe:bavli] ; נלקח לעבוט[k:def:itpa:midrash] ; משכן[j:same:pe:targum+bavli+midrash] ; תערבות[j:targum-h:targum] || J(מִשְׁכֵּן): to take a pledge; to seize, levy; to be seized || J(מַשְׁכֵּן ch): to be given as a pledge; to be levied upon; to borrow on pledge || J(מִשְׁכָּן bh): dwelling,; the sanctuary of the desert, the Tabernacle
113	אחוהי	79	אחיו	אחוהי/-/-/reviewed/reviewed form: אַחָא + ־וֹהִי "his (brothers)"	
114	לחדא	79	מאד	לחדא/-/-/exact/the sense cited from targum	{לחדא} adv מאד[k:def:targum] || 
115	אבוהי	78	אביו	אבוהי/-/-/reviewed/reviewed form: אַבָּא + ־וֹהִי	
116	לנא	78	לנו	pron:לנא/fixed/-/pronominal/pronominal preposition table	
117	מליל	78	דיבר	מליל/-/-/reviewed/reviewed form: Jastrow מַלֵּל Pa. "to speak" (= h. דִּבֶּר)	
118	בינ	77	בין	בינ/-/-/reviewed/reviewed form: Jastrow בֵּין = h. בֵּין	{בינ} v בין[j:same:pe:targum+midrash] || J(בִּין bh): to pierce, split, penetrate;; to discern, understand;; to cause to penetrate, to saturate || J(בִּין ² ch): Pa.; to teach, make wise; understand || J(בַּיִן): something split; placed between;; between, among || J(בֵּין ch): in the meantime; the difference between
119	פתגמא	77	דבר	פתגמ/-/-/alias/the sense cited from targum	{פתגמ} n דבר[j:eq:targum] || J(פִּתְגָּם bh): decree; word; affair, event
120	ההוא	76	ההוא	ההוא/-/-/reviewed/reviewed form: Jastrow הַהוּא = h. הַהוּא	
121	ויהב	76	ונתן	ויהב/-/-/reviewed/reviewed form: ו + יְהַב	
122	יהונ	75	יהיו	הוה/pe.impf.3mp/-/irregular/reviewed choice	{הוה} v היה[r:reviewed:pe] || J(הַוָּה bh): change; misfortune || J(*הֵוָה): Ḥevah || J(הֲוָהּ): ah!
123	מכל	74	מכל	מכל/-/-/reviewed/reviewed form: מן + כֹּל	{מכל} n זיוף[k:def] || J(מַכָּל): fraud, adulteration
124	תרתינ	74	שתים	תרתינ/-/-/reviewed/reviewed form: Jastrow תַּרְתֵּין = h. שְׁתַּיִם	
125	דמא	73	דם	דמא/-/-/reviewed/reviewed form: Jastrow דְּמָא = h. דָּם	{דמא} n דם[k:def:bavli] || K: a man’s name | männlicher Name || J(דְּמָא): to resemble
126	אתונ	72	אתם	pron:אתונ/fixed/-/pronominal/pronominal preposition table	{אתונ} other אתם[k:def:yerushalmi] || 
127	ותעבד	72	ותעשה	ותעבד/-/-/reviewed/reviewed form: ו + עֲבַד imperfect	
128	לבית	72	לבית	לבית/-/-/reviewed/reviewed form: ל + בֵּית	
129	מלכא	72	מלך	מלכא/-/-/reviewed/reviewed form: Jastrow מַלְכָּא = h. מֶלֶךְ	
130	עוד	71	עוד	עוד/-/-/reviewed/reviewed form: Jastrow עוֹד = h. עוֹד	{עוד} v  || J(עוּד bh): to turn, return, occur; to continue, endure, exist; to straighten, erect, help up; to decl || J(עוֹד bh): existence; strength; still, yet, more
131	ואפ	70	ואף	ואפ/-/-/reviewed/reviewed form: ו + אַף	
132	וחזא	70	וראה	וחזא/-/-/reviewed/reviewed form: ו + חֲזָא (Krupnik: ראה)	
133	שמיא	70	שמים	שמיא/-/-/exact/the sense cited from targum	{שמיא} n שמים[j:eq:targum+bavli+yerushalmi] || J(שְׁמַיָּא): heaven; God.; arch, ceiling
134	מה	69	מה	מה/-/-/reviewed/reviewed form: Jastrow מָה ch. = h. מָה	{מה} ? כמו[k:def] ; אִם[k:def:bavli] ; מה[j:same:targum+bavli+midrash+yerushalmi] || J(מָה bh): something; anything; what? which?; as … so
135	שבע	69	שבע	שבע/-/-/reviewed/reviewed form: Jastrow שְׁבַע = h. שֶׁבַע	{שבע} v נשבע[k:def:itpe] ; שבע[j:same:targum+yerushalmi] ; שבע[j:same:pe:targum+midrash+bavli] || J(שֶׁבַע bh): seven; Shib ah, the seven days of mourning for a near relative; seventy || J(שְׁבַע ch): seventy || J(שָׁבַע): Nif.; to be sworn, to swear; to adjure; to impose, administer an oath || J(שְׁבַע II ch): Ithpa.; Ithpe.; Nif. || J(שָׂבֵעַ I bh): sated, filled, satisfied; Fem. || J(שָׂבֵעַ 
136	דא	68	זאת	דא/-/-/reviewed/reviewed form: Jastrow דָּא "this (fem.)" (= h. זֹאת)	{דא} n זו[j:eq:targum+bavli+yerushalmi+midrash] || K: this | sie, diese || K: but | aber || J(דָּא I): this; not in this case || J(דָּא II): da da
137	עשו	68		NO ANALYSIS	
138	תהי	68	תהיה	הוה/pe.impf.2ms/-/irregular/reviewed choice	{תהי} v  || J(תהי): to stand still; to gaze, be astonished; to be confounded, be waste; to pause, bethink one’ || J(תְּהֵי): to gaze, be astonished, be waste; to pause, regret, repent; to smell || J(תָּהֵי): regret; astonishment  ##  {הוה} v היה[r:reviewed:pe] || J(הַוָּה bh): change; misfortune || J(*הֵוָה): Ḥevah || J(הֲוָהּ): ah!
139	בנוהי	67	בניו	בנוהי/-/-/reviewed/reviewed form: בְּנִין + ־וֹהִי	
140	אנשא	66	אנשים	אנשא/-/-/reviewed/reviewed form: Jastrow אֱנָשָׁא "men, people"	
141	יצחק	66		NO ANALYSIS	
142	עשר	65	עשר	עשר/-/-/reviewed/reviewed form: Jastrow עֲשַׂר = h. עֶשֶׂר	{עשר} v עשר[j:same:pe:bavli] || J(עָשַׁר): to be strong, substantial, wealthy; to become wealthy; Hif. || J(עֲשַׁר ch): to become rich || J(עֶשֶׂר bh): ten.; eleven; twelve || J(עֲשַׂר I): eleven; twelve; g’rivas || J(עָשַׂר): Pi.; to give one-tenth, separate tithes; to reduce to one-tenth || J(עֲשַׂר II ch): Pa.; to tithe; Af.
143	קימ	65	ברית	קימ/-/-/reviewed/reviewed form: Jastrow קְיָים "covenant" (the Targum's rendering of h. בְּרִית)	{קימ} v אישר[k:def:pa:bavli] ; הקים, העמיד[k:def:af] ; קבע, הניח[k:def:af] ; הוקם[k:def:itpe:targum] ; חוק[k:def:targum] ; ברית[k:def:targum] ; שבועה[k:def:targum] || J(קִים): standing;; it is; established, certain
144	מימרא	63	מאמר	מימרא/-/-/reviewed/reviewed form: Jastrow מֵימְרָא "word" (the Targum's מימרא דיי)	
145	סלעינ	63	סלעים	סלעינ/-/-/reviewed/reviewed form: plural of סַלְעָא (Jastrow: sela = shekel)	
146	קדמכ	63	לפניך	pron:קדמכ/fixed/-/pronominal/pronominal preposition table	
147	שבעא	63	שבעה	שבעא/-/-/reviewed/reviewed form: Jastrow שִׁבְעָא = h. שִׁבְעָה	
148	אלהא	62	אלוה	אלה/-/-/alias/the sense cited from targum	{אלה} n מקל שראשו מעובה[k:def:mishnah] ; קלשון[k:def:yerushalmi] ; אלוה[j:eq:tanakh+targum+midrash+yerushalmi] || J(אָלָה): to curse || J(אָלָה ² bh): to point; imprecation, curse || J(אֵלֶּה): these, those; v’elleh; elleh || J(אֵלָה bh): terebinth. || J(אַלָּה bh): lance, fork.; sign-pole || J(אֱלָהּ ch): God.; Pl.; gods.
149	בת	62	בת	בת/-/-/reviewed/reviewed form: Jastrow בַּת ch. = h. בַּת	{בת} n בת בליעל[j:targum-h:targum] || J(בַּת I bh): daughter; maiden, girl; servant-girl; girls; fuel, fit for fuel || J(בַּת II): daughter, product of; headlong;; at once, simultaneously, suddenly || J(בַּת III): bath
150	ונטלו	62	ונסעו	ונטלו/-/-/reviewed/reviewed form: ו + Jastrow נְטַל "to set out" (the Targum's rendering of h. נָסְעוּ)	
151	קודשיא	62	הקדשים	קודשיא/-/-/reviewed/reviewed form: plural of קוּדְשָׁא	
152	בגו	61	בתוך	בגו/-/-/reviewed/reviewed form: ב + גּוֹ	
153	במדברא	61	במדבר	במדברא/-/-/reviewed/reviewed form: ב + מַדְבְּרָא (Jastrow = h. מִדְבָּר)	
154	טורא	61	ההר	טורא/-/-/reviewed/reviewed form: Jastrow טוּרָא "mountain" (= h. הַר)	{טורא} n מין ירק מר[k:def:bavli] || J(טוּרָא II): clearness, sky || J(*טוּרָא III): tura
155	גבריא	60	האנשים	גבריא/-/-/reviewed/reviewed form: plural of גַּבְרָא	
156	דדהב	60	שזהב	דהב/-/d/exact/reviewed choice	{דהב} v הרגיז והאדים[k:def:af] ; זהב[k:def:yerushalmi] ; מטבע של זהב[k:def:bavli] ; זהב[j:eq:targum+yerushalmi+bavli] || J(דָּהַב): to be red; yellow; Hif. || J(דְּהַב ch): gold
157	בעירא	59	בהמה	בעירא/-/-/exact/single sense	{בעירא} other בהמה[k:def:yerushalmi] || 
158	דכספ	59	של כסף	דכספ/-/-/reviewed/reviewed form: ד + כְּסַף	
159	ותהי	58	ותהיה	הוה/pe.impf.2ms/w/irregular/reviewed choice	{הוה} v היה[r:reviewed:pe] || J(הַוָּה bh): change; misfortune || J(*הֵוָה): Ḥevah || J(הֲוָהּ): ah!
160	מארעא	58	מאדמה, ארץ	ארעא/-/m/exact/reviewed choice	{מארעא} ?  || J(מְאָרְעָא): holy convocation, festival  ##  {ארעא} n אדמה, ארץ[k:def:bavli+targum] ; מקרה[k:def:targum] ; פגע[k:def] || J(אִרְעָא): accident, occurrence; evils, diseases || J(אַרְעָא): land, earth, ground, field; gout, sore on the toes; fields
161	קדמוהי	58	לפניו	pron:קדמוהי/fixed/-/pronominal/pronominal preposition table	
162	שתא	58	שנה	שתא/-/-/exact/the sense cited from targum	{שתא} n שנה[k:def:bavli] ; שנה[j:eq:targum+bavli+midrash] ; זן[j:targum-h:targum] || J(שַׁתָּא): year
163	תעבדונ	58	תעשו	תעבדונ/-/-/reviewed/reviewed form: עֲבַד imperfect 2nd pl.	
164	ואמרת	57	ואתה אומר	אמר/pe.ptcp.2ms/w/irregular/the sense cited from targum	{אמר} v הלעיט[k:def:af:bavli] ; אמר[j:same:pe:targum+bavli+yerushalmi] ; טלה, כבש[h:wikt] || J(אָמַר I bh): to join, knot; to be knotted, thick;; to heap up;; to join words, compose || J(אֲמַר ch): they say, it is said; Inf; does this mean to say? || J(אָמַר II bh): to be thick, strong; to thrive; to boast, vaunt, be oppressive; to fatten || J(אִמַּר): lamb
165	ובני	57	ובני	ובני/-/-/reviewed/reviewed form: ו + בְּנֵי	
166	מגו	57	מתוך	מגו/-/-/reviewed/reviewed form: מן + גּוֹ "inside" (Jastrow)	
167	עלה	57	עליה	עלה/-/-/reviewed/reviewed form: עַל + ־הּ	{עלה} v שיבח[k:def:pa:mishnah] ; ביטל[k:def:mishnah] ; הביא בחשבון[k:def:mishnah] ; התרומם[k:def:itpa:bavli] || J(עָלֶה bh): cover; foliage, leaf
168	אנש	56	איש	אנש/-/-/reviewed/reviewed form: Jastrow אֱנָשׁ "man"	
169	שמה	56	שמו	שמה/-/-/reviewed/reviewed form: שְׁמָא + ־הּ "his name" (Targumic)	{שמה} n  || J(שַׁמָּה bh): desolation
170	וכענ	55	ועתה	וכענ/-/-/reviewed/reviewed form: ו + כְּעַן	
171	עלתא	55	קרבן עולה	עלתא/-/-/exact/the sense cited from targum	{עלתא} n קרבן עולה[k:def:targum] ; עולה[j:eq:targum] || J(עָלָתָא): burnt offering
172	ענא	55	צאן	ענא/-/-/exact/the sense cited from targum	{ענא} n צאן[k:def:targum+other] || 
173	דארעא	54	של אדמה, ארץ	ארעא/-/d/exact/reviewed choice	{ארעא} n אדמה, ארץ[k:def:bavli+targum] ; מקרה[k:def:targum] ; פגע[k:def] || J(אִרְעָא): accident, occurrence; evils, diseases || J(אַרְעָא): land, earth, ground, field; gout, sore on the toes; fields
174	דכנענ	54	של כנען	דכנענ/-/-/reviewed/reviewed form: ד + כנען	
175	ידה	54	ידו	ידה/-/-/reviewed/reviewed form: יְדָא + ־הּ "his hand" (Targumic)	
176	עליהונ	54	עליהם	pron:עליהונ/fixed/-/pronominal/pronominal preposition table	
177	חמשא	53	חמשה	חמשא/-/-/reviewed/reviewed form: Jastrow חַמְשָׁא = h. חֲמִשָּׁה	
178	בוכרא	52	בכורים	בוכרא/-/-/exact/the sense cited from targum	{בוכרא} n בכור[k:def:bavli] ; בכורים[k:def:targum] ; שכבה התחתונה[k:def:bavli] ; בכור[j:eq:targum+bavli] ; בכורה[j:eq:targum+bavli] ; בכור שוטה[j:targum-h:targum] || J(בּוּכְרָא I): first-born; first fruits || J(בּוּכְרָא II): the first; lowest layer
179	ובינ	52	ובין	ובינ/-/-/reviewed/reviewed form: ו + בֵּין	
180	והוו	52	והווים	הוה/pe.ptcp.mp/w/irregular/reviewed choice	{הוה} v היה[r:reviewed:pe] || J(הַוָּה bh): change; misfortune || J(*הֵוָה): Ḥevah || J(הֲוָהּ): ah!
181	ומנ	52	ומאין	מנ/-/w/exact/the sense cited from tanakh	{מנ} n מאין[j:eq:bavli+tanakh] ; מן[j:same:targum+yerushalmi+bavli+midrash] ; מן[j:same:bavli+targum] ; מי[h:wikt] || J(מִן bh): from, of; more; less; than || J(מִן ² ch): from me; from thee;; from him || J(מָן I bh): portion, food; man; the manna || J(מַן I ch): a day’s; support; man || J(מַן): who?, what? || J(מָן III): thing, vessel, garment; coulter
182	חלפ	52	חלף ועבר	חלפ/-/-/exact/the sense cited from targum	{חלפ} v חלף ועבר[k:def:pe:targum] ; החליף, המיר[k:def:bavli] ; השתנה והתהפך[k:def:itpe:targum] ; נצר[k:def:bavli] ; גומא[k:def:mishnah] ; הפך[k:def:yerushalmi] ; במקום[k:def] ; חלף[j:same:pe:targum+bavli+midrash] || J(חָלַף bh): to be smooth, glistening, sharp-edged; to cut; to pass by, be gone || J(חֲלַף I ch): to pass by, be gone; to pass repeatedly, promenade; to exchange || J(חִלֶף I): shoot; rush || J(חֵלֶף II): reversion || J(חֲלַף II): in place of, instead; change of order; clepsydra
183	לזרעיתהונ	52		NO ANALYSIS	
184	אוריתא	51	התורה	אוריתא/-/-/reviewed/reviewed form: Jastrow אוֹרָיְתָא = h. תּוֹרָה	
185	ונסיב	51	ולקח	ונסיב/-/-/reviewed/reviewed form: ו + Krupnik נְסַב "נשא, לקח"	
186	ימא	51	ים	ימא/-/-/exact/the sense cited from targum	{ימא} ? ים[j:same:targum+bavli+midrash] || J(יַמָּא ch): Yammé
187	לשבטא	51	לשבט	לשבטא/-/-/reviewed/reviewed form: ל + שִׁבְטָא (= h. שֵׁבֶט)	
188	עלמ	51	עולם	עלמ/-/-/reviewed/reviewed form: Jastrow עָלַם = h. עוֹלָם	{עלמ} v סגר ואטם[k:def:pa:midrash] ; חיזק[k:def:pa:targum] ; התחזק[k:def:itpe:targum] ; עולם[k:def:midrash+bavli] ; עלם[j:same:pe:targum] ; עולם[j:eq:targum+midrash+bavli] ; עולם הבא[j:eq:targum+midrash+bavli] ; עוֹלָם[h:wikt] || J(עָלַם I): to surround, tie up; to be strong; to tie up || J(עֲלֵם ch): to be strong; to strengthen; to be strengthened || J(עָלַם II bh): to surround, tie up; to conceal; ʿălumoth || J(עֶלֶם I): secret; l’‘elem; forgetfulness || J(עֶלֶם II bh): vigorous; lad; Fem || J(עָלַם III): eternity, world; 
189	שביעאה	51	השביעי	שביעאה/-/-/reviewed/reviewed form: Jastrow שְׁבִיעָאָה = h. שְׁבִיעִי	{שביעאה} particle דשביעי[k:def:targum] ; שביעי[j:eq:targum] || J(שְׁבִיעָאָה): seventh; Fem.
190	וארי	50	וכי	וארי/-/-/reviewed/reviewed form: ו + אֲרֵי	
191	יומי	50	ימי	יומי/-/-/reviewed/reviewed form: construct plural of יוֹמָא	
192	אתת	49	באה	אתא/pe.perf.3fs/-/irregular/reviewed choice	{אתא} v סימן[k:def:targum] ; בא[k:def:pe:bavli] ; הביא[r:reviewed:af] || J(אָתָא I): letter, sign || J(אֲתָא ch): to join; to come, to arrive; to occur to; surely, indeed || J(*אָתָא III): Great Bear, Ursa Major
193	תלתא	49	שלושה	תלתא/-/-/reviewed/reviewed form: Jastrow תְּלָת ch. "three" (= h. שָׁלֹשׁ)	{תלתא} n שליש[k:def:targum] || J(תִּלְתָּא): a third part; having reached one-third of the full growth; a third-grown calf
194	במיא	48	במים	מיא/-/b/exact/single sense	{מיא} n מים[k:def:bavli] || J(מַיָּא ch): water
195	ברמ	48	אבל	ברמ/-/-/reviewed/reviewed form: Jastrow בְּרַם "but"	{ברמ} particle אך[j:targum-h:targum] || J(בְּרַם ch): to split; besides; however.
196	קדיש	48	קדוש	קדיש/-/-/exact/the sense cited from targum	{קדיש} ? קדוש[j:eq:targum+midrash+bavli+other] || J(קַדִּישׁ): holy, sacred, pure; Ḳaddish
197	דילמא	47	שמא, אולי	דילמא/-/-/exact/reviewed choice	{דילמא} n שמא, אולי[k:def:bavli] ; עובדה[k:def:yerushalmi] ; מכסה[k:def] ; שמא[j:eq:tanakh+targum+bavli+midrash] || J(דִּילְמָא): for why; lest, perhaps; perhaps, it may be || J(דִּילְמָא ²): here is a confirmation; an illustration
198	והוא	47	והיה	הוא/-/w/exact/single sense	{הוא} v היה[k:def:pe:bavli] ; הוא[j:same:targum+yerushalmi+mishnah+bavli] || K: supposed | vorausgesetzt || J(הוּא bh): he, it; she; it is; whosoever, whatsoever; whatever it may be, a minimum || J(הוּא ² ch): myself, thyself
199	ותתנ	47	ויהב	יהב/pe.impf.2ms/w/irregular/the sense cited from targum	{יהב} v יהב[j:targum-h:targum] || J(יְהַב): to give; to deal; to put, place
200	מנהונ	47	מהם	pron:מנהונ/fixed/-/pronominal/pronominal preposition table	
201	עמי	47	עמי	עמי/-/-/reviewed/reviewed form: עַמָּא + ־י	{עמי} v הלך וכבה[k:def:pe] ; עמי[j:same:pe:targum+midrash+bavli] || J(עמי): to be dark, dim, faint; to become faint || J(עֲמֵי ch): to be dim; to be faint, grieved; Ithpe.
202	תורי	47	שוורים	תורי/-/-/reviewed/reviewed form: plural of תּוֹרָא (= h. שׁוֹר)	
203	ארבעינ	46	ארבעים	ארבעינ/-/-/reviewed/reviewed form: Jastrow אַרְבְּעִין = h. אַרְבָּעִים	
204	בנינ	46	בנים	בנינ/-/-/reviewed/reviewed form: plural of בַּר	{בנינ} n  || J(בִּנְיָן bh): building, structure; erection; standard rule; human frame, skeleton.
205	דלא	46	שלא	דלא/-/-/reviewed/reviewed form: ד + לָא (Jastrow דְּלָא² "that not"); Krupnik's דְּלָא "lifted" is another, rare word	{דלא} v הרים[k:def:pe:bavli] ; נזל[k:def:pe:targum] || J(דְּלָא ²): that not, which not || J(דְּלָא ³): to draw
206	ואהרנ	46		NO ANALYSIS	
207	ועד	46	ועד	ועד/-/-/reviewed/reviewed form: ו + עַד	{ועד} n הזדמנות והתועדות[k:def] || J(וַעַד): meeting, appointment; meeting place; scholars’ meeting place
208	חמשינ	46	חמשים	חמשינ/-/-/exact/the sense cited from targum	{חמשינ} particle חמשים[k:def:targum] || 
209	ממצרימ	46	ממצרים	ממצרימ/-/-/reviewed/reviewed form: מן + מִצְרַיִם	
210	עבדא	46	העבד	עבדא/-/-/reviewed/reviewed form: Jastrow עַבְדָּא = h. עֶבֶד	
211	פתגמיא	46	הדברים	פתגמיא/-/-/reviewed/reviewed form: plural of פִּתְגָּמָא (Krupnik: דבר)	
212	תיכלונ	46	תאכלו	תיכלונ/-/-/reviewed/reviewed form: אֲכַל imperfect 2nd pl.	
213	אבא	45	אב	אבא/-/-/exact/the sense cited from targum	{אבא} n אב, אבי[k:def:bavli] ; יער[k:def:bavli] ; אב[j:eq:targum+mishnah+bavli+yerushalmi+tanakh] || K: name of Amoraim | Name von Amoräern || J(אַבָּא I ch): my father; my grandfather; grandfather || J(אַבָּא II): Abba; Ba, Va; Abba Mari || J(אַבָּא III): Abba || J(אִבָּא): thicket, woods, grove; fruit
214	ההיא	45	ההיא	ההיא/-/-/reviewed/reviewed form: Jastrow הַהִיא = h. הַהִיא	
215	ותימר	45	ותאמר	אמר/pe.impf.2ms/w/irregular/the sense cited from targum	{אמר} v הלעיט[k:def:af:bavli] ; אמר[j:same:pe:targum+bavli+yerushalmi] ; טלה, כבש[h:wikt] || J(אָמַר I bh): to join, knot; to be knotted, thick;; to heap up;; to join words, compose || J(אֲמַר ch): they say, it is said; Inf; does this mean to say? || J(אָמַר II bh): to be thick, strong; to thrive; to boast, vaunt, be oppressive; to fatten || J(אִמַּר): lamb
216	סגי	45		AMBIGUOUS_SENSE סגי: שפע | גדול, רב	{סגי} v גדל, נתרבה[k:def:pe] ; הספיק, היה די[k:def:pe:bavli] ; היה באפשרות[k:def:pe:bavli] ; הלך[k:def:pe:bavli] ; הגדיל, הרבה[k:def:targum] ; הלך[k:def] ; התרבה[k:def:targum] ; הלך[k:def:bavli] ; שפע[k:def:targum] ; גדול, רב[k:def:targum+tanakh] ; רב[j:eq:tanakh+targum+midrash+mishnah+bavli] || J(סְגֵי bh): to swell, rise, grow, spread, increase, thrive; to be sufficient; to enlarge, increase, ma || J(סְגֵי ²): to progress, pass, walk; to be marched, be set in motion; he moved on || J(סְגֵי III): multitude, greatness; majority || J(סַגִּי): spreading; numerous, large, great; much, enough; 
217	רב	45	סר	רב/-/-/exact/the sense cited from targum	{רב} n רב[j:same:targum+midrash+bavli+yerushalmi] ; סר[j:targum-h:targum] || J(רַב I bh): large, great; much; community, public; in public || J(רַב II): superior, master; teacher; Rab, a || J(רַב ch): large, great, numerous; senior; chief, master, teacher; school, academy
218	תחות	45	תחת	תחות/-/-/exact/the sense cited from targum	{תחות} ? תחת[j:eq:targum+yerushalmi] || J(תְּחוֹת): under, beneath, in place of
219	במשח	44		NO ANALYSIS	
220	ודי	44	וזה	די/-/w/exact/the sense cited from targum	{ודי} ?  ||   ##  {די} n אשר, ש־[k:def:yerushalmi] ; כי[k:def:yerushalmi] ; שאם[k:def] ; זה[j:targum-h:targum] ; של[h:wikt] ; אשר, ש־[h:wikt] || J(דִּי): who, which, where, whom; mine, thine; ḥazith || J(דִּי II): for if; for if not; for if not so || J(דַּי bh): sufficiency, plenty; enough for; enough for me || J(דִּי־): two, twice
221	לחוד	44	לבד	לחוד/-/-/exact/the sense cited from targum	{לחוד} adv לבד[k:def:bavli+targum] ; ובלבד, בתנאי[k:def:yerushalmi] ; ובלבד[j:eq:targum+bavli+yerushalmi] || J(לְחוֹד): singly, separately, only; for, by myself; for, by thyself
222	ויהונ	43	ויהיו	הוה/pe.impf.3mp/w/irregular/reviewed choice	{הוה} v היה[r:reviewed:pe] || J(הַוָּה bh): change; misfortune || J(*הֵוָה): Ḥevah || J(הֲוָהּ): ah!
223	למדבחא	43	למזבח	מדבח/-/l/alias/the sense cited from targum	{מדבח} n מזבח[j:eq:targum+bavli+tanakh+mishnah+tosefta] || J(מַדְבַּח ch): altar
224	נפשא	43	נשמה, נפש	נפשא/-/-/exact/single sense	{נפשא} n נשמה, נפש[k:def:bavli] || K: name of a place | Ortsname
225	עמהונ	43	עמהם	pron:עמהונ/fixed/-/pronominal/pronominal preposition table	
226	אמינ	42	אמה	אמתא/n.pl/-/source-form/the sense cited from targum	{אמתא} n אמה[k:def:bavli] ; שפחה[k:def:bavli] ; אמה[j:eq:targum+yerushalmi+bavli] || J(אַמְּתָא ch): cubit; membrum virile; enclosure; protection || J(אַמְתָא): hand-maid
227	בטורא	42	במין ירק מר	טורא/-/b/exact/single sense	{טורא} n מין ירק מר[k:def:bavli] || J(טוּרָא II): clearness, sky || J(*טוּרָא III): tura
228	ברעוא	42	ברועה	רעוא/-/b/exact/the sense cited from targum	{רעוא} n רועה[k:def:targum] ; רצוי[j:targum-h:targum] || J(רַעְוָא): will, pleasure || J(רַעְוָא ²): shepherd;
229	לאהרנ	42		NO ANALYSIS	
230	למשריתא	42	למחנה	משריתא/-/l/exact/the sense cited from targum	{משריתא} n מחנה[k:def:targum] || 
231	מבר	42	מבן	בר/-/m/exact/reviewed choice	{בר} n בקי[k:def:tosefta] ; בר[j:same:targum+bavli+yerushalmi+midrash] ; שדה[j:eq:targum+bavli+yerushalmi+midrash] ; חוץ[j:eq:targum+bavli+yerushalmi+midrash] ; בן[r:reviewed] || J(בַּר I bh): empty, open; uncultivated ground, forest, prairie;; buffalo || J(בַּר ch): forest, prairie; living in the forest; wild || J(בַּר II ch): son, offspring; grandson; a scholar || J(בַּר III bh): clear, bright, clean, pure; bar || J(בַּר IV bh): sifted; grain
232	מעל	42		HOMOGRAPH עלל "מביא" ~ m+על "מעל"	{מעל} n מעל[j:same:bavli] || J(מֵעַל): from on; upper || J(מַעַל bh): circumvention; fraud, adulteration, faithlessness || J(מָעַל bh): to circumvent, defraud; to make inappropriate use of sacred property, to be guilty of tran  ##  {עלל} v טיפל, עסק[k:def:pe:midrash] ; נכנס[k:def:pe] ; בא[k:def:pe:targum] ; הביא[k:def:af:targum] ; הובא והושם[k:def:itpe:targum] ; עלל[j:same:pe:targum+yerushalmi+bavli+midrash+tanakh] ; בול[j:targum-h:targum] ; הכניס[r:reviewed:af] || J(עָלַל bh): Pol. to bring about; to go about; to superintend, be busy || J(עֲלַל I ch): to enter a town, a house; to come in; to set || J(עֲלַל II): that which is brought in; harvest, provision; income; ʿălalta
233	קרתא	42	עיר, קריה	קרתא/-/-/exact/reviewed choice	{קרתא} n קור[k:def:targum] ; עיר, קריה[k:def:yerushalmi] ; קרת[j:same:targum+yerushalmi] || J(קָרְתָא): cold
234	רמשא	42	ערב	רמשא/-/-/exact/the sense cited from targum	{רמשא} n ערב[k:def:targum+yerushalmi] || 
235	אבהתהונ	41		NO ANALYSIS	
236	ואנא	41	ואני	pron:אנא/fixed/w/pronominal/pronominal preposition table	
237	ואת	41	וסימן	את/-/w/exact/the sense cited from targum	{את} n סימן[k:def:targum] ; אות[j:eq:targum+midrash] || K: letter | Buchstabe || J(אַתְּ): thou; thou sayest; thou callest it || J(אָת): sign, type; letter || J(אֵת bh): essence; the thing; which
238	ונפק	41	וכיוצא בו	נפק/-/w/exact/the sense cited from targum	{נפק} v יצא[k:def:pe:midrash] ; יצא ידי חובתו[k:def:bavli] ; הוציא[k:def:bavli] ; נפק[j:same:pe:midrash+yerushalmi+targum+bavli+tanakh] ; כיוצא בו[j:eq:midrash+yerushalmi+targum+bavli+tanakh] ; הוציא[r:reviewed:af] || J(*נָפַק): to go out || J(נְפַק ch): to go out, come out; to result, end; similar to, corresponding; to take out, exclude || J(נָפֵק): going out; a male prostitute; fem; a female prostitute
239	מכתשא	41	היה מנוגע	כתש/itpe.ptcp.fs/-/generated/the sense cited from targum	{כתש} v כתת ודך[k:def:pe:targum] ; היה מנוגע[k:def:itpe:targum] ; כתש[j:same:pe:targum+midrash+bavli] ; נגע[j:eq:targum+midrash+bavli] || J(כָּתַשׁ bh): to crush; to pound, beat; pounding || J(כְּתַשׁ ch): to crush; to touch, strike, afflict; to wrestle, fight
240	עמכונ	41	עם, אומה שלכם · כעס, שנאה שלכם	עמא/n.sg+2mp/-/generated-noun/two senses	{עמא} n עם, אומה[k:def:bavli] ; כעס, שנאה[k:def] || J(עֵמָּא): leaven;; passion
241	רבוני	41		NO ANALYSIS	
242	תורא	41	שור	תורא/-/-/reviewed/reviewed form: Jastrow תּוֹרָא ch. = h. שׁוֹר	{תורא} n תור[j:eq:bavli+targum] ; תקות[j:targum-h:targum] || J(תּוֹרָא II): row, line, order; twisted band, border || J(תַּוָּרָא): ox-driver, plougher with oxen:—Pl.
243	חיתא	40	חית	חיתא/-/-/exact/the sense cited from targum	{חיתא} n חית[k:def:targum] ; מילדת[k:def] || 
244	צפרא	40	בוקר	צפרא/-/-/exact/reviewed choice	{צפרא} n שריקה[k:def:yerushalmi] ; בוקר[k:def:targum+bavli] || 
245	ריש	40		AMBIGUOUS_SENSE ריש: עומד בראש, נשיא | התחלה | החלק העליון | ארס	{ריש} n ראש, גלגולת[k:def:bavli] ; עומד בראש, נשיא[k:def:targum] ; התחלה[k:def:targum] ; החלק העליון[k:def:targum] ; ארס[k:def:targum] ; ראש[j:eq:targum+bavli+yerushalmi+midrash+tosefta] ; ראש[j:eq:targum] || J(רִישׁ bh): poverty, misery || J(רֵישׁ II): head, chief; beginning, first thing, firstling; at first, formerly || J(רֵישׁ III): drop; poison; pl.
246	תקיפ	40		NO_HEBREW_SENSE תקיפ	{תקיפ} n תקיף[j:same:targum+bavli] || J(תַּקִּיף bh): strong, powerful; Fem. || J(תַּקִּיף ² ch): strong, mighty; protector; hard, stern, severe; Fem.
247	אחוכ	39		NO ANALYSIS	
248	ברה	39		AMBIGUOUS ברי/ "נקב, חדר" ~ בור/pe.ptcp.ms "נבער"	{ברה} ?  ||   ##  {ברי} v ברא[k:def:tanakh] ; היה בריא וחזק[k:def:bavli] ; נברא[k:def:itpe:targum+bavli] ; חיזק[k:def:bavli] ; נקב[k:def] ; נקב, חדר[k:def:pe:targum] ; חזר לאיתנו[k:def] ; חזק[k:def:mishnah+bavli] ; ודאי, ברור[k:def:bavli+yerushalmi] ; ברי[j:same:pe:targum+bavli+midrash] ; זעם[j:targum-h:targum] ; ברי[j:same:targum+bavli] || J(ברי I bh): to hollow out, perforate; to think out, plan; to create || J(ברי ch): to create; to get well, strong; to cut, shape || J(ברי II bh): to cut out; hollowed out; to strengthen, to offer refreshment || J(בָּרִי bh): in natural condition; healthy, strong, stout, fat; sound, sure, evident
249	ואזל	39	והלך	אזל/-/w/exact/reviewed choice	{אזל} v הלך[k:def:pe:bavli] ; טוה[k:def:pe:bavli] || J(אֲזַל I bh): to be gone, to leave; to go; Imper; to depart life, die || J(אֲזַל II): to spin, weave
250	וחמש	39		NO_HEBREW_SENSE חמש	{חמש} n חמש[j:same:targum+bavli] || J(חָמֵשׁ bh): five; fifty; to divide into five || J(חֲמֵשׁ ch): fifty; fifteen
251	ומית	39	ומות	מית/-/w/exact/the sense cited from targum	{מית} v מות[j:eq:targum+bavli+yerushalmi] || J(מִית I ch): to die, be dead; Part.; to cause death, slay || J(מִית II): dead; corpse
252	ועמ	39	ועם	עמ/-/w/exact/the sense cited from targum	{עמ} particle עם[j:same:targum] ; עם[j:same:targum+bavli+yerushalmi+mishnah] || J(עִם bh): junction; with, near || J(עַם bh): to press, crowd, join; gathering, crowd, people; gentiles
253	ידכ	39		NO ANALYSIS	
254	לבושוהי	39		NO ANALYSIS	
255	מצראי	39	מצרי	מצראי/-/-/exact/the sense cited from targum	{מצראי} adj מצרי[k:def:targum] || 
256	עלכ	39	עליך	pron:עלכ/fixed/-/pronominal/pronominal preposition table	
257	דהבא	38	זהב	דהבא/-/-/exact/reviewed choice	{דהבא} n זהב[k:def:yerushalmi] ; מטבע של זהב[k:def:bavli] || 
258	דכר	38	זכר	דכר/-/-/exact/the sense cited from targum	{דכר} v זכר, פקד[k:def:pe:bavli] ; הזכיר[k:def:af:yerushalmi] ; העלה בזכרונו[k:def:itpe] ; נזכר[k:def:itpe:targum] ; זכר[k:def:midrash] ; איל[k:def] ; בעל תאוה[k:def:midrash] ; תרנגול[k:def] ; יחור זכר[k:def] ; זכר[j:eq:targum+bavli] ; זכר[j:eq:targum+midrash+bavli+mishnah] || J(דְּכַר I): to mark; to remember; remembering, reminded || J(דְּכַר II): marked; male, man; the male of the flock, ram
259	ואלינ	38	ואלה	ואלינ/-/-/reviewed/reviewed form: ו + אִלֵּין	
260	ובכל	38		NO ANALYSIS	
261	וגבר	38	והיה חזק, הלך וגדול	גבר/-/w/exact/the sense cited from targum	{גבר} v היה חזק, הלך וגדול[k:def:pe:bavli+targum] ; חיזק[k:def:pa:targum] ; עשה שיתגבר[k:def:af:bavli] ; איש[k:def:bavli] ; גבר[j:same:pe:targum+bavli] ; גבר[j:same:targum+bavli+midrash] || K: a certain man, euphem: I, thou | ein gewisser Mann, (euphem): ich, du || J(גָּבַר bh): to be uppermost, prevail; to be strong; to make strong, strengthen, sustain; to grow stron || J(גְּבַר I ch): Pi.; growing, swelling; to make strong, to cause to overpower || J(גֶּבֶר bh): man, master; cock.; m
262	עשרינ	38		NO_HEBREW_SENSE עשר	{עשר} v עשר[j:same:pe:bavli] || J(עָשַׁר): to be strong, substantial, wealthy; to become wealthy; Hif. || J(עֲשַׁר ch): to become rich || J(עֶשֶׂר bh): ten.; eleven; twelve || J(עֲשַׂר I): eleven; twelve; g’rivas || J(עָשַׂר): Pi.; to give one-tenth, separate tithes; to reduce to one-tenth || J(עֲשַׂר II ch): Pa.; to tithe; Af.
263	בשרא	37	בשר, גוף	בשרא/-/-/exact/reviewed choice	{בשרא} n בשר, גוף[k:def:targum] ; אדם[k:def] ; בשורה[k:def:targum] ; בשר[j:same:targum+bavli] || J(בִּשְׂרָא ch): body, flesh, meat; mortal
264	ואוליד	37		NO_HEBREW_SENSE ילד	{ילד} v ילד[j:same:pe:targum+bavli+midrash+mishnah+tanakh] ; ילדת[j:targum-h:targum] || J(יָלַד bh): to bear, bring forth; to beget; Hof; Part. pass || J(יְלֵד ch): to bear; to beget; to beget, produce; to act as midwife || J(יֶלֶד bh): child, young man; Fem.; girl, young woman
265	ויתנ	37	ויהב	יהב/pe.impf.3ms/w/irregular/the sense cited from targum	{יהב} v יהב[j:targum-h:targum] || J(יְהַב): to give; to deal; to put, place
266	יהבית	37		AMBIGUOUS יהבית/ "מתנה" ~ יהב/pe.perf.1s "יהב"	{יהבית} n מתנה[k:def:targum] ; מתן שכר[j:eq:targum] ; מנת[j:targum-h:targum] || J(יְהָבִית): giving; share, dispensation
267	לבא	37	לב	לבא/-/-/exact/the sense cited from targum	{לבא} n לב[k:def:targum] || J(*לַבָּא): flame || J(*לְבָא): to grow white;; to be dried up; to lay dry
268	לבנ	37	לבנה	לבנ/-/-/exact/the sense cited from targum	{לבנ} v עשה לבן[k:def:midrash] ; קלה באש[k:def:mishnah] ; בייש והלעיב[k:def:af:bavli] ; היה קלוי ומלובן באש[k:def:itpa:bavli] ; לבן[j:same:targum] ; לבנה[j:eq:targum] || J(לָבַן I bh): to make; pile bricks || J(לָבַן II): to glisten; to polish, brighten; to finish. || J(לְבַן ch): to have a strong rest; to be well balanced; falsehood; truth || J(לָבָן II bh): white; white color, white substance; Fem || J(לָבָן ch): brick || J(לְבָן): white poplar
269	ליה	37	לו	pron:ליה/fixed/-/pronominal/pronominal preposition table	
270	לקבל	37	כנגד	לקבל/-/-/reviewed/reviewed form: Jastrow לָקֳבֵל "opposite, in front of; corresponding to"	
271	מתמנ	37	משם	מתמנ/-/-/reviewed/reviewed form: מן + תַּמָּן	
272	עבדו	37	מצב העבד	עבדו/-/-/exact/the sense cited from targum	{עבדו} n מצב העבד[k:def:bavli+mishnah+targum] || 
273	פתגמי	37		NO ANALYSIS	
274	תור	37	שור	תור/-/-/exact/the sense cited from targum	{תור} n שוור, נוהג בשוורים[k:def] ; שור[j:eq:targum+midrash+tanakh+yerushalmi+bavli] || J(תּוּר I bh): to go around; to espy || J(תּוּר II ch): to be awake; to awaken || J(תּוֹר I bh): turn, order.; string, twist.; —Pl. || J(תּוֹר II bh): turtle-dove || J(תּוֹר): aurochs; tor; dove
275	תורינ	37	שור	תור/n.pl/-/source-form/the sense cited from targum	{תור} n שוור, נוהג בשוורים[k:def] ; שור[j:eq:targum+midrash+tanakh+yerushalmi+bavli] || J(תּוּר I bh): to go around; to espy || J(תּוּר II ch): to be awake; to awaken || J(תּוֹר I bh): turn, order.; string, twist.; —Pl. || J(תּוֹר II bh): turtle-dove || J(תּוֹר): aurochs; tor; dove
276	אנחנא	36	אנו	pron:אנחנא/fixed/-/pronominal/pronominal preposition table	{אנחנא} ?  || 
277	בידא	36	עלילת שוא	בידא/-/-/exact/single sense	{בידא} n עלילת שוא[k:def:yerushalmi] || J(בִּידָּא ²): fiction, false report, information
278	ביתא	36	בית	ביתא/-/-/exact/reviewed choice	{ביתא} n בית[k:def:bavli] ; בת, מדת הלח[k:def:targum] ; בית[j:same:targum+bavli+midrash+yerushalmi] ; בת[j:eq:targum] || J(בֵּיתָא I ch): Pi.; the case of T’fillin; night-lodging || J(בֵּיתָא II): bath || J(בַּיְתָא): night-bird
279	ובתר	36		NO ANALYSIS	
280	ועבדו	36	ומצב העבד	עבדו/-/w/exact/the sense cited from targum	{עבדו} n מצב העבד[k:def:bavli+mishnah+targum] || 
281	לאברהמ	36		NO ANALYSIS	
282	ליעקב	36	ירדוף · קיפח ועקר, ביטל	עקב/pe.impf.3ms/-/generated/two senses	{עקב} v רדף[k:def] ; קיפח ועקר, ביטל[k:def:bavli] || J(עָקַב bh): to trace, follow; to go beyond, supersede; to supplant || J(עֲקַב ch): Pa.; to trace, espy || J(עָקֵב bh): to be curved; heel; pl. || J(עֵקֶב bh): rear, consequence; in consequence of; end, future world
283	למתנ	36		NO ANALYSIS	
284	לעמא	36	לעם, אומה · לכעס, שנאה	עמא/-/l/exact/two senses	{עמא} n עם, אומה[k:def:bavli] ; כעס, שנאה[k:def] || J(עֵמָּא): leaven;; passion
285	לפרעה	36		NO ANALYSIS	
286	לקדמ	36		NO ANALYSIS	
287	נפק	36	כיוצא בו	נפק/-/-/exact/the sense cited from targum	{נפק} v יצא[k:def:pe:midrash] ; יצא ידי חובתו[k:def:bavli] ; הוציא[k:def:bavli] ; נפק[j:same:pe:midrash+yerushalmi+targum+bavli+tanakh] ; כיוצא בו[j:eq:midrash+yerushalmi+targum+bavli+tanakh] ; הוציא[r:reviewed:af] || J(*נָפַק): to go out || J(נְפַק ch): to go out, come out; to result, end; similar to, corresponding; to take out, exclude || J(נָפֵק): going out; a male prostitute; fem; a female prostitute
288	תלתינ	36	שלש	תלת/n.pl/-/source-form/the sense cited from targum	{תלת} v חילק לשלשה חלקים[k:def:pa:targum] ; עשה בפעם השלישית[k:def:pa:targum] ; נעשה בפעם השלישית[k:def:itpe:targum] ; שלש[j:eq:targum+bavli+yerushalmi] || J(תַּלֵּת): to divide into three parts; to do a third time; Part. pass || J(תְּלַת): three; on the third; thirteen
289	ארבע	35		NO_HEBREW_SENSE ארבעה	{ארבע} ?  || J(אַרְבַּע): four  ##  {ארבעה} n ארבעה[j:same:targum+bavli+midrash] || J(אַרְבָּעָה I): four; forty || J(אַרְבְּעָה ch): the fourth; forty; fourteen, fourteenth || J(*אַרְבָּעָה II): couching
290	דמשה	35		NO ANALYSIS	
291	וביומא	35	וביום	יומא/-/wb/exact/reviewed choice	{יומא} n יום[k:def:bavli] ; שמש[k:def:bavli] || K: name of a treatise of the Talmud on the order of exercises of the Day of Atonement | Name eines Talmudtraktates über den Versöhnungstag
292	וילידת	35		NO ANALYSIS	
293	חילא	35	כח	חילא/-/-/reviewed/reviewed form: Jastrow חֵילָא "strength, host"	{חילא} n  || J(חֵילָא II): valley || J(חֵילָא III): vinegar
294	יקרא	35	היה כבד	יקר/-/-/alias/the sense cited from targum	{יקר} v כיבד[k:def:midrash] ; התגאה[k:def:midrash] ; נעשה יקר[k:def:af] ; היה כבד[k:def:pe:targum] ; היה יקר[k:def:pe:bavli] ; הכביד[k:def:targum] ; כיבד[k:def:targum] ; נתן במתנה[k:def:yerushalmi] ; נעשה כבד[k:def:bavli] ; היה נכבד[k:def:bavli] ; נתיקר במחירו[k:def:bavli] ; יקר[j:same:pe:targum+bavli+midrash] ; כבד[j:targum-h:targum] ; יקר[j:same:targum+bavli+midrash+yerushalmi] || J(יָקַר bh): to be heavy;; to be weighty, important, honored; to be dear, precious; to hold dear || J(יְקַר ch): to be heavy; to be dear, precious; to make heavy || J(יָקָר bh): heavy; dear, precious, worthy; honored; Pl.; Fem. || J(יְקָר bh): gravity, dignity, honor; heavy fog, mist || J(יְקָר ² ch
295	ככל	35		NO ANALYSIS	
296	לחטאתא	35		NO_HEBREW_SENSE חטאת	{חטאת} n  || J(חַטָּאת bh): mistake, inadvertence, sin; sacrifice expiating inadvertent sin, sin-offering
297	לחמא	35		NO_HEBREW_SENSE לחמ	{לחמ} v לחם[j:same:targum+bavli+midrash+tanakh] || J(לָחַם I): to join; to be joined, be inserted; to fit, insert; to tenon || J(לָחַם II bh): to join; Nithpa.; to come in || J(לֶחֶם bh): to chew; food, bread;; meat || J(לְחֵם ch): meat, flesh; laḥma
298	קימי	35		NO ANALYSIS	
299	קרבא	35	קרב	קרב/-/-/alias/the sense cited from targum	{קרב} v נעשה קרוב[k:def:itpa:midrash] ; קרב, נגע[k:def] ; הגין[k:def:yerushalmi] ; קרב[j:same:pe:targum+mishnah+yerushalmi+bavli+midrash] ; תנגשו[j:targum-h:targum] ; קרב[j:same:targum+tosefta+bavli+midrash] || K: to do in near intervals | häufen, in kurzen Intervallen tun || J(קָרֵב bh): to join, come near, be near; to be offered as; to come before court; to sue, complain; to  || J(קְרֵב ch): to be near, come near, touch; to intercede, protect; to complain, sue || J(קֶרֶב bh): inside, intestine.; Du.; inn
300	תדירא	35	תדיר	תדירא/-/-/exact/the sense cited from targum	{תדירא} ? תדיר[j:same:targum+tanakh] || J(תְּדִירָא ch): permanency; steadily, constantly
301	בוסמיא	34	בשמים	בוסמ/n.pl/-/source-form/the sense cited from targum	{בוסמ} n בשמים[k:def:bavli+targum] ; בוסם[j:same:targum] || J(בֹּוסֶם bh): flavor, perfume, spices
302	בעלי	34	אויב	דבב/n.pl/-/source-form/the sense cited from targum	{דבב} n זב וטפטף[k:def] ; זיפף בזפת[k:def:yerushalmi] ; שנאה[k:def:midrash+tanakh] ; דבב[j:same:pe:bavli] ; דבב[j:same:targum+bavli+midrash] ; אויב[j:targum-h:targum] || K: name of a place | Ortsname || J(דָּבַב I bh): to drip, flow; to murmur, speak lowly, whisper; to drop pitch || J(דָּבַב II): to speak evil, be hostile || J(דְּבַב I ch): to murmur || J(דְּבָב): whisper, evil speech;; man of evil speech; opponent, informer
303	דכורא	34		NO ANALYSIS	{דכורא} n  || J(דְּכוּרָא): male person, male population
304	הוו	34	הווים	הוה/pe.ptcp.mp/-/irregular/reviewed choice	{הוו} ?  || J(הֲווֹ): he who  ##  {הוה} v היה[r:reviewed:pe] || J(הַוָּה bh): change; misfortune || J(*הֵוָה): Ḥevah || J(הֲוָהּ): ah!
305	ואתו	34	ובאים	אתא/pe.ptcp.mp/w/irregular/reviewed choice	{אתא} v סימן[k:def:targum] ; בא[k:def:pe:bavli] ; הביא[r:reviewed:af] || J(אָתָא I): letter, sign || J(אֲתָא ch): to join; to come, to arrive; to occur to; surely, indeed || J(*אָתָא III): Great Bear, Ursa Major
306	ולעלא	34		NO_HEBREW_SENSE עלי	{עלי} v עלי[j:same:pe:targum] || J(עלי bh): to go up, rise; to come up, arrive; ‘ăle ‘ayin; ‘ole ‘ayin || J(עֲלֵי ch): Hif.; to balance; to estimate, value; to be elevated, exalted || J(עֱלִי bh): pestle
307	זהורי	34	שָׁנִי	זהורי/-/-/exact/the sense cited from targum	{זהורי} n שָׁנִי[k:def:targum+mishnah] || J(זְהוֹרִי): safran-colored; crimson
308	ירדנא	34	ירדן	ירדנא/-/-/exact/the sense cited from targum	{ירדנא} ? ירדן[j:same:targum+bavli] || 
309	לתמנ	34		NO ANALYSIS	
310	מנכ	34	ממך	pron:מנכ/fixed/-/pronominal/pronominal preposition table	
311	שלח	34	שלח	שלח/-/-/exact/the sense cited from targum	{שלח} v שלח[k:def:af:targum+tanakh] ; הפשיט, פשט[k:def:af:targum+tanakh+bavli] ; הוסר מעל־[k:def:itpe:targum] ; נפשט עורו[k:def:itpe:bavli] ; שלח[j:same:pe:targum+tanakh+bavli+midrash+yerushalmi] || J(שָׁלַח bh): to draw out; to stretch forth; to send; to stretch out a hand against,; to make illegitima || J(שְׁלַח ch): to send, send off; to throw off, undress, flay; to send; to send off, dismiss || J(שֶׁלַח I): hide, fresh skin || J(שֶׁלַח): stripped of its skin,; a pressed olive the stone of w
312	במצרימ	33		NO ANALYSIS	
313	הלא	33		NO_HEBREW_SENSE הול	{הלא} ?  || J(הָלָא bh): further on  ##  {הול} v  || J(הוּל): to be merry.; —Polel; to deride, laugh at
314	ובנוהי	33		NO ANALYSIS	
315	וחיא	33		NO_HEBREW_SENSE חי	{חי} n חי[j:same:targum+bavli+midrash] || J(חַי bh): living, alive; living creature; healthy; in natural condition, raw; unmixed || J(חַי ² ch): Fem.; strong
316	ותרינ	33	ושנים	תרינ/-/w/exact/the sense cited from targum	{תרינ} particle שנים[k:def:targum] || 
317	יהודה	33	הוא זה	יודנ/-/-/alias/the sense cited from targum	{יודנ} other הוא זה[j:targum-h:targum] || K: who, what) is this | (wer, was) ist das || J(יוּדֵן): is this
318	יתקטל	33		NO ANALYSIS	
319	לירחא	33	ליֶרח, חודש	ירחא/-/l/exact/single sense	{ירחא} n יֶרח, חודש[k:def] || 
320	מימרי	33	מאמר	מימר/n.pl/-/generated-noun/the sense cited from targum	{מימר} n מאמר[j:eq:targum] || J(מֵימַר ch): word, command; the Lord
321	נכסת	33	זבח	נכסא/n.sg/-/source-form/the sense cited from targum	{נכסא} n זבח[k:def:targum] ; נכסים[k:def:bavli] ; זבח[j:eq:targum+bavli] ; טבח[j:targum-h:targum] || J(נִכְסָא): slaughter; slaughtering; sacrifice, feast; ritually cut throat
322	תרבא	33	חלב	תרב/-/-/alias/the sense cited from targum	{תרב} n חלב[j:eq:targum+bavli] || K: forbidden) fat | Talg || J(תְּרָב): fat; forbidden; abdominal fat
323	אל	32		NO ANALYSIS	{אל} particle  || J(אַל־): appointed over treasures || J(אַל bh): not, no || J(אֶל bh): to turn; to, toward.; of itself, of my || J(אֵל bh): God
324	אלהנא	32		NO ANALYSIS	
325	אתרא	32	מקום	אתרא/-/-/exact/single sense	{אתרא} n מקום[k:def:midrash] || 
326	במשכנ	32	בעבוט, ערבון	משכונ/-/b/alias/the sense cited from targum	{משכונ} n עבוט, ערבון[k:def:bavli+targum] ; משכון[j:same:targum+midrash] || J(מַשְׁכּוֹן): security, pledge || J(מַשְׁכּוֹן ² ch): pledge, seized goods
327	דפילא	32		NO ANALYSIS	
328	הכא	32	כאן	הכא/-/-/exact/single sense	{הכא} adv כאן[k:def] || J(הָכָא): here, hither; in this case, now
329	ואתא	32	ובא	אתא/-/w/exact/reviewed choice	{אתא} v סימן[k:def:targum] ; בא[k:def:pe:bavli] ; הביא[r:reviewed:af] || J(אָתָא I): letter, sign || J(אֲתָא ch): to join; to come, to arrive; to occur to; surely, indeed || J(*אָתָא III): Great Bear, Ursa Major
330	ויכפר	32		NO ANALYSIS	
331	וקמ	32	ועמד, היה קיים · ומי חלב	קומ/pe.perf.3ms/w/irregular/two senses	{קומ} v עמד, היה קיים[k:def:pe:bavli] ; מי חלב[k:def:mishnah] ; קום[j:same:pe:targum+bavli+midrash+yerushalmi+tanakh] ; העמיד[r:reviewed:af] || J(קוּם bh): to stand up, rise; to stand, exist; a transgression of a prohibitive law which you must re || J(קוּם ² ch): ḥălitsah; to ascertain; to bargain for || J(קוֹם): curdled milk, curd; whey; ḳom?
332	ותלתינ	32	ושלש	תלת/n.pl/w/source-form/the sense cited from targum	{תלת} v חילק לשלשה חלקים[k:def:pa:targum] ; עשה בפעם השלישית[k:def:pa:targum] ; נעשה בפעם השלישית[k:def:itpe:targum] ; שלש[j:eq:targum+bavli+yerushalmi] || J(תַּלֵּת): to divide into three parts; to do a third time; Part. pass || J(תְּלַת): three; on the third; thirteen
333	חקלא	32	שדה	חקלא/-/-/exact/the sense cited from targum	{חקלא} n שדה[k:def:targum+other] || 
334	יקרב	32		NO ANALYSIS	
335	לותי	32		NO ANALYSIS	
336	למצרימ	32		NO ANALYSIS	
337	לעלתא	32	לקרבן עולה	עלתא/-/l/exact/the sense cited from targum	{עלתא} n קרבן עולה[k:def:targum] ; עולה[j:eq:targum] || J(עָלָתָא): burnt offering
338	לתרע	32		NO ANALYSIS	
339	מנחתא	32	קרבן מנחה	מנחתא/-/-/exact/the sense cited from targum	{מנחתא} n קרבן מנחה[k:def:targum] ; מנחה[j:eq:targum+bavli+midrash] || J(מִנְחָתָא ch): offering; meal offering; afternoon, afternoon prayer, Minḥah
340	משחא	32		AMBIGUOUS_SENSE משחא: שמן | מדה	{משחא} n שמן[k:def:targum+tanakh] ; שומן[k:def:bavli] ; מדה[k:def:targum] || 
341	משריתא	32	מחנה	משריתא/-/-/exact/the sense cited from targum	{משריתא} n מחנה[k:def:targum] || 
342	עלי	32		NO_HEBREW_SENSE עלי	{עלי} v עלי[j:same:pe:targum] || J(עלי bh): to go up, rise; to come up, arrive; ‘ăle ‘ayin; ‘ole ‘ayin || J(עֲלֵי ch): Hif.; to balance; to estimate, value; to be elevated, exalted || J(עֱלִי bh): pestle
343	שמא	32		NO_HEBREW_SENSE שמ	{שמא} n  || K: perhaps | vielleicht || K: doubt | Zweifel || J(שֶׁמָּא): for why; lest, perhaps; apprehension, doubt, possibility  ##  {שמ} n שם[j:same:targum+bavli+midrash+yerushalmi] || J(שָׁם bh): there, thither; thither || J(שֵׁם II bh): mark, name, title, nature, denomination; the Divine Name, the Tetragrammaton; the Lord
344	תלת	32	שלש	תלת/-/-/exact/the sense cited from targum	{תלת} v חילק לשלשה חלקים[k:def:pa:targum] ; עשה בפעם השלישית[k:def:pa:targum] ; נעשה בפעם השלישית[k:def:itpe:targum] ; שלש[j:eq:targum+bavli+yerushalmi] || J(תַּלֵּת): to divide into three parts; to do a third time; Part. pass || J(תְּלַת): three; on the third; thirteen
345	תרויהונ	32		NO ANALYSIS	
346	אבוכ	31		NO ANALYSIS	
347	אתתה	31		NO_HEBREW_SENSE תתי	{תתי} v ירד[k:def:pa:bavli] ; הורד[k:def:itpe] || J(תְּתֵי): Pa.; to lower, go down; to be lowered, placed under
348	בנורא	31		NO ANALYSIS	
349	ברי	31	נקב, חדר	ברי/-/-/exact/the sense cited from targum	{ברי} v ברא[k:def:tanakh] ; היה בריא וחזק[k:def:bavli] ; נברא[k:def:itpe:targum+bavli] ; חיזק[k:def:bavli] ; נקב[k:def] ; נקב, חדר[k:def:pe:targum] ; חזר לאיתנו[k:def] ; חזק[k:def:mishnah+bavli] ; ודאי, ברור[k:def:bavli+yerushalmi] ; ברי[j:same:pe:targum+bavli+midrash] ; זעם[j:targum-h:targum] ; ברי[j:same:targum+bavli] || J(ברי I bh): to hollow out, perforate; to think out, plan; to create || J(ברי ch): to create; to get well, strong; to cut, shape || J(ברי II bh): to cut out; hollowed out; to strengthen, to offer refreshment || J(בָּרִי bh): in natural condition; healthy, strong, stout, fat; sound, sure, evident
350	בשתא	31	בשנה	שתא/-/b/exact/the sense cited from targum	{שתא} n שנה[k:def:bavli] ; שנה[j:eq:targum+bavli+midrash] ; זן[j:targum-h:targum] || J(שַׁתָּא): year
351	יתנ	31	יהב	יהב/pe.impf.3ms/-/irregular/the sense cited from targum	{יהב} v יהב[j:targum-h:targum] || J(יְהַב): to give; to deal; to put, place
352	לותה	31		NO ANALYSIS	
353	מלל	31	דיבר	מלל/-/-/exact/the sense cited from targum	{מלל} v פירר וריסק[k:def:tosefta] ; עשה שולים[k:def:bavli] ; דיבר[k:def:pe:targum] ; היה מדובר[k:def:itpe:targum] ; שפה, שולים[k:def:mishnah] ; מלל[j:same] || J(מָלָל): border, hem. || J(מָלַל I): to hem, edge || J(מָלַל II bh): to crush, squeeze; to rub ears; to stir a mush, make a pulp || J(מָלַל III): Pi.; to present, show; to proclaim, utter, speak || J(מְלַל II ch): to speak; to be spoken, said, told; me saḥu?
354	שרי	31	התיר	שרי/-/-/exact/the sense cited from targum	{שרי} v שרי[j:same:pe:targum+bavli+midrash+yerushalmi] ; התיר[j:eq:targum+bavli+midrash+yerushalmi] || J(שרי bh): to dissolve, soak, steep; to be soaked, dissolved; halmé || J(שרי ² bh): to loosen, untie;; to take lodging; to rest, dwell; Hif. || J(שְׁרֵי ch): to untie, unharness; to disengage, dismiss; Pa.; to settle
355	בארחא	30	בדרך	ארחא/-/b/exact/the sense cited from targum	{ארחא} n דרך[k:def:targum] ; אורח[k:def:yerushalmi] ; אור[k:def:yerushalmi] || J(אָרְחָא): traveler, guest; path || J(אַרְחָא): lath
356	בצפרא	30	בבוקר	צפרא/-/b/exact/reviewed choice	{צפרא} n שריקה[k:def:yerushalmi] ; בוקר[k:def:targum+bavli] || 
357	גברינ	30	היה חזק, הלך וגדול	גבר/n.pl/-/source-form/the sense cited from targum	{גבר} v היה חזק, הלך וגדול[k:def:pe:bavli+targum] ; חיזק[k:def:pa:targum] ; עשה שיתגבר[k:def:af:bavli] ; איש[k:def:bavli] ; גבר[j:same:pe:targum+bavli] ; גבר[j:same:targum+bavli+midrash] || K: a certain man, euphem: I, thou | ein gewisser Mann, (euphem): ich, du || J(גָּבַר bh): to be uppermost, prevail; to be strong; to make strong, strengthen, sustain; to grow stron || J(גְּבַר I ch): Pi.; growing, swelling; to make strong, to cause to overpower || J(גֶּבֶר bh): man, master; cock.; m
358	גלי	30	ביד רמה	גלי/-/-/exact/the sense cited from targum	{גלי} v חשף[k:def:pe:tanakh] ; יצא ממקומו, הלך בשבי[k:def:pe:bavli] ; גילה סוד, הודיע בפומבי[k:def:bavli+midrash] ; נתגלה[k:def:itpe:bavli] ; הָגלה[k:def:itpe:targum] ; גלי[j:same:pe:targum+bavli+midrash+tanakh] ; ביד רמה[j:targum-h:targum] || K: to banish | ins Exil führen || K: an odoriferous) plant | eine Pflanze (Weidenart) || J(גלי bh): to be uncovered; Part. pass; open, revealed || J(גְּלֵי ch): to reveal, uncover; to go into exile, go away, disappear; exiles || J(גְּלַי): flash; as a flash, suddenly, rapidly || J(*גַּלִּי): galium,
359	דימינא	30	של ימין	ימינא/-/d/exact/the sense cited from targum	{ימינא} ? ימין[j:same:targum+midrash] || 
360	דינא	30	דין ומשפט	דינא/-/-/exact/reviewed choice	{דינא} n דין ומשפט[k:def:bavli] ; ריב[k:def] ; שופט[k:def] || 
361	דכרינ	30	זכר	דכר/n.pl/-/source-form/the sense cited from targum	{דכר} v זכר, פקד[k:def:pe:bavli] ; הזכיר[k:def:af:yerushalmi] ; העלה בזכרונו[k:def:itpe] ; נזכר[k:def:itpe:targum] ; זכר[k:def:midrash] ; איל[k:def] ; בעל תאוה[k:def:midrash] ; תרנגול[k:def] ; יחור זכר[k:def] ; זכר[j:eq:targum+bavli] ; זכר[j:eq:targum+midrash+bavli+mishnah] || J(דְּכַר I): to mark; to remember; remembering, reminded || J(דְּכַר II): marked; male, man; the male of the flock, ram
362	דפרעה	30		NO ANALYSIS	
363	ודבר	30		AMBIGUOUS_SENSE דבר: מנהיג	{דבר} v נלקח[k:def:itpe:targum] ; התנהל[k:def:itpe:targum] ; מנהיג[k:def:bavli] ; דבר[j:same:pe:targum+bavli+midrash] || K: to lead, to drive | führen, leiten || K: to conduct one's self | sich führen, leben || K: to take | nehmen || J(דָּבַר bh): to join, arrange, lead; to converse, speak; ḥērēsh || J(דְּבַר ch): to seize, take, lead, drive; to conduct one’s self; to lead, drive || J(דָּבָר bh): word, utterance, comm
364	טב	30	היה טוב	טב/-/-/exact/the sense cited from targum	{טב} v היה טוב[k:def:pe:targum] ; היטיב[k:def:af] ; טוב[k:def:bavli] ; שוה[k:def:yerushalmi] ; ראש ונשיא[k:def:yerushalmi] ; יותר[k:def:bavli] ; טוב[j:eq:targum] ; טוב[h:wikt] || J(טַב I): to be good, well; to feel well, be satisfied, fare well; to do good || J(טַב II): good, precious; worth, valued; best man, elder, officer
365	יתיה	30	אותו	pron:יתיה/fixed/-/pronominal/pronominal preposition table	{יתיה} other אותו, ההוא[k:def:yerushalmi] || 
366	סלתא	30		AMBIGUOUS_SENSE סלת: מנפה קמח	{סלתא} ?  ||   ##  {סלת} v בירר וניפה[k:def:pa:mishnah] ; חטב עצים לשבבים[k:def:pa:bavli] ; מנפה קמח[k:def:mishnah] ; סלת[j:same:targum+yerushalmi] || J(סָלַת): Pi.; to sift, select, produce fine flour. || J(סְלַת): to cut chips, trim || J(סַלָּת): flour-sifter, fancy-baker || J(סֹלֶת bh): sifted fine flour; a dish made of fine flour, pudding || J(סֹלַת ch): flour-dish
367	קדמאה	30	ראשון, קדום	קדמאה/-/-/exact/the sense cited from targum	{קדמאה} adj ראשון, קדום[k:def:targum+tanakh] || 
368	קיימ	30		AMBIGUOUS_SENSE קיימ: הי, נמצא | כשר, יש לו תוקף	{קיימ} adj הי, נמצא[k:def:bavli] ; כשר, יש לו תוקף[k:def:yerushalmi] ; קיים[j:same:targum+bavli+yerushalmi+tanakh+midrash] || J(קְיֵים): live! || J(קַיָּים): existing, enduring, lasting; valid || J(קְיָים): that which is established; law, statute; covenant; oath, vow
369	קימא	30		AMBIGUOUS_SENSE קימ: חוק | ברית | שבועה	{קימ} v אישר[k:def:pa:bavli] ; הקים, העמיד[k:def:af] ; קבע, הניח[k:def:af] ; הוקם[k:def:itpe:targum] ; חוק[k:def:targum] ; ברית[k:def:targum] ; שבועה[k:def:targum] || J(קִים): standing;; it is; established, certain
370	שנא	30	שנה	שנא/-/-/exact/the sense cited from targum	{שנא} v שנא[j:same] ; שנה[j:eq:targum+midrash+bavli] || J(שָׂנֵא bh): to hate; to be hated; y’shunne || J(שְׁנָא I): to change || J(שְׁנָא II ch): year
371	ארונא	29		NO ANALYSIS	{ארונא} ?  || 
372	בתרע	29		NO ANALYSIS	
373	דסיני	29		NO ANALYSIS	
374	זמנינ	29	לפעמים	זמנינ/-/-/exact/single sense	{זמנינ} adv לפעמים[k:def:bavli] || 
375	יתכ	29	אותך	pron:יתכ/fixed/-/pronominal/pronominal preposition table	{יתכ} ?  || 
376	יתרעי	29		NO ANALYSIS	
377	כספא	29	הכלם	כספ/-/-/alias/the sense cited from targum	{כספא} ?  ||   ##  {כספ} n צורף כסף[k:def:tosefta] ; נעשה חוור[k:def:itpe:tosefta] ; ירד מערכו[k:def:af] ; בייש[k:def:af:yerushalmi] ; התבייש[k:def:pe] ; בייש[k:def:bavli] ; גרם ירידת הערך[k:def:bavli] ; נתבייש[k:def:itpe:targum+bavli] ; כסף[j:same:pe:targum+bavli] ; הכלם[j:targum-h:targum] ; כסף[j:same:targum+yerushalmi+bavli] || J(כָּסַף bh): to peel, whiten; bright; to grow pale, fade, wither || J(כְּסַף I ch): to feel ashamed, frightened; Ithpe.; to frighten; to put to shame || J(כֶּסֶף bh): silver; a silver piece, M’ah; money, value || J(כַּסָּף): silver-smith
378	לוי	29	התחבר	לוי/-/-/exact/the sense cited from targum	{לוי} v התחבר[k:def:pe:targum] ; אַלְוֵי הלך ביחד[k:def:pa:midrash+bavli] ; לוי[j:same:pe:targum+bavli+midrash+tosefta] ; דבק[j:targum-h:targum] || J(לוי bh): to join, be connected; Piel; to assume an obligation; to borrow || J(לְוִי ch): to join, cling to; to join a caravan, travel with; to escort
379	עמנא	29	עמנו	pron:עמנא/fixed/-/pronominal/pronominal preposition table	
380	קרבנא	29		NO_HEBREW_SENSE קרבנ	{קרבנ} n קרבן[j:same:targum+bavli+midrash+yerushalmi] || J(קָרְבָּן bh): gift, offering, sacrifice; ḳorban; ḳorban
381	שבעינ	29		NO_HEBREW_SENSE שבע	{שבע} v נשבע[k:def:itpe] ; שבע[j:same:targum+yerushalmi] ; שבע[j:same:pe:targum+midrash+bavli] || J(שֶׁבַע bh): seven; Shib ah, the seven days of mourning for a near relative; seventy || J(שְׁבַע ch): seventy || J(שָׁבַע): Nif.; to be sworn, to swear; to adjure; to impose, administer an oath || J(שְׁבַע II ch): Ithpa.; Ithpe.; Nif. || J(שָׂבֵעַ I bh): sated, filled, satisfied; Fem. || J(שָׂבֵעַ 
382	תיכול	29		NO ANALYSIS	
383	תנינא	29	שנינו	תנינא/-/-/reviewed/reviewed form: Jastrow תְּנֵי ch. "to teach/learn", 1st pl. + object (תְּנֵינָא "we have learned it")	{תנינא} ? תנין[j:same:targum] || 
384	אלהימ	28		NO ANALYSIS	
385	אמרינ	28	אומרים	אמר/pe.ptcp.mp/-/irregular/the sense cited from targum	{אמר} v הלעיט[k:def:af:bavli] ; אמר[j:same:pe:targum+bavli+yerushalmi] ; טלה, כבש[h:wikt] || J(אָמַר I bh): to join, knot; to be knotted, thick;; to heap up;; to join words, compose || J(אֲמַר ch): they say, it is said; Inf; does this mean to say? || J(אָמַר II bh): to be thick, strong; to thrive; to boast, vaunt, be oppressive; to fatten || J(אִמַּר): lamb
386	בכ	28		NO ANALYSIS	
387	בסרא	28	גוף, בשר	בסרא/-/-/exact/single sense	{בסרא} n גוף, בשר[k:def] || 
388	ויסב	28		NO ANALYSIS	
389	ושלח	28	ושלח	שלח/-/w/exact/the sense cited from targum	{שלח} v שלח[k:def:af:targum+tanakh] ; הפשיט, פשט[k:def:af:targum+tanakh+bavli] ; הוסר מעל־[k:def:itpe:targum] ; נפשט עורו[k:def:itpe:bavli] ; שלח[j:same:pe:targum+tanakh+bavli+midrash+yerushalmi] || J(שָׁלַח bh): to draw out; to stretch forth; to send; to stretch out a hand against,; to make illegitima || J(שְׁלַח ch): to send, send off; to throw off, undress, flay; to send; to send off, dismiss || J(שֶׁלַח I): hide, fresh skin || J(שֶׁלַח): stripped of its skin,; a pressed olive the stone of w
390	חטאתא	28		NO_HEBREW_SENSE חטאת	{חטאתא} ?  || J(חַטָּאתָא): sin, stumbling; sin-offering  ##  {חטאת} n  || J(חַטָּאת bh): mistake, inadvertence, sin; sacrifice expiating inadvertent sin, sin-offering
391	יעבד	28		NO ANALYSIS	
392	לותכ	28		NO ANALYSIS	
393	למחזי	28		NO ANALYSIS	
394	למללא	28		NO ANALYSIS	
395	מימר	28		AMBIGUOUS מימר/ "מאמר" ~ אמר/pe.inf "לומר"	{מימר} n מאמר[j:eq:targum] || J(מֵימַר ch): word, command; the Lord
396	מפקדכ	28		NO ANALYSIS	
397	עננא	28		NO_HEBREW_SENSE עננ	{עננא} n  || J(עָנְנָא): interpreter of clouds, augur  ##  {עננ} v ענן[j:same:pe:targum] ; ענן[j:same:targum+bavli+midrash] || J(עָנַן bh): Pi.; to make cloudy; Polel || J(עֲנַן I ch): gather clouds; to augur from clouds; Pol || J(עָנָן II bh): cloud; cover protection
398	קרבנה	28		NO ANALYSIS	
399	אלהנ	27		NO ANALYSIS	
400	אתקטלא	27	הריגה	אתקטלא/-/-/exact/the sense cited from targum	{אתקטלא} n הריגה[k:def:targum] || J(אִתְקְטָלָא): killing
401	אתר	27	מקום	אתר/-/-/exact/single sense	{אתר} n מקום[k:def:midrash] || J(אָתַר): place, town; our; local custom
402	בכנ	27	אז	בכנ/-/-/reviewed/reviewed form: Jastrow בְּכֵן "then, thereupon"	
403	דחטאתא	27		NO_HEBREW_SENSE חטאת	{חטאת} n  || J(חַטָּאת bh): mistake, inadvertence, sin; sacrifice expiating inadvertent sin, sin-offering
404	ואתנ	27		AMBIGUOUS אתא/pe.ptcp.mp "ובאים" ~ יהב/pe.impf.1s "ויהב"	{אתא} v סימן[k:def:targum] ; בא[k:def:pe:bavli] ; הביא[r:reviewed:af] || J(אָתָא I): letter, sign || J(אֲתָא ch): to join; to come, to arrive; to occur to; surely, indeed || J(*אָתָא III): Great Bear, Ursa Major
405	ולכל	27		NO ANALYSIS	
406	ידי	27		NO_HEBREW_SENSE ידי	{ידי} v הודה על האמת, התודה[k:def:bavli] ; הביע את תודתו[k:def:targum] || J(ידי bh): to point, move; to raise hands; to thank, acknowledge; to give praise || J(יְדִי ch): Ithpa.; to confess; Hif.
407	נהרא	27	נהר, נחל	נהרא/-/-/exact/reviewed choice	{נהרא} n נהר, נחל[k:def:bavli] ; אור[k:def:targum] || J(נַהֲרָא III): brightness
408	עשרא	27		NO_HEBREW_SENSE עשר	{עשר} v עשר[j:same:pe:bavli] || J(עָשַׁר): to be strong, substantial, wealthy; to become wealthy; Hif. || J(עֲשַׁר ch): to become rich || J(עֶשֶׂר bh): ten.; eleven; twelve || J(עֲשַׂר I): eleven; twelve; g’rivas || J(עָשַׂר): Pi.; to give one-tenth, separate tithes; to reduce to one-tenth || J(עֲשַׂר II ch): Pa.; to tithe; Af.
409	שבטא	27		AMBIGUOUS_SENSE שבט: הכה בשבט, חבט	{שבט} v הכה בשבט, חבט[k:def:pe:bavli] ; שבט[j:same:pe:targum] ; שבט[j:same:targum+yerushalmi+bavli] || J(שָׁבַט): to press the weaving rod, to make the web close || J(שְׁבַט I ch): to strike with the rod, to beat || J(שֵׁבֶט bh): rod, staff; tribe || J(שְׁבַט ch): rod, staff; tribe || J(שְׁבָט bh): Shebat
410	שטינ	27		AMBIGUOUS_SENSE שיטתא: שיטה	{שיטתא} n שיטה[j:eq:bavli+yerushalmi+midrash] || J(שִׁיטְּתָא): row, line, stripe; opinion, principle, system || J(שִׁיטָּתָא): posts, legs
411	ותסב	26		NO ANALYSIS	
412	חזי	26	ראה · ראוי	חזי/-/-/exact/two senses	{חזי} v ראה[k:def:pe:bavli] ; הראה[k:def:af:bavli] ; נראה[k:def:itpe:bavli] ; היה ראוי[k:def:itpe:bavli] ; הָראה[k:def:itpe] ; ראוי[k:def:bavli] ; חזי[j:same:pe:targum+bavli] || J(חזי bh): to divide; to discern, see; to distribute kindled chips between logs of wood || J(חֲזִי ch): to see, recognize, to decide; Part. pass; pointed out, fit for, prepared;
413	חמש	26		NO_HEBREW_SENSE חמש	{חמש} n חמש[j:same:targum+bavli] || J(חָמֵשׁ bh): five; fifty; to divide into five || J(חֲמֵשׁ ch): fifty; fifteen
414	ידא	26	יד	ידא/-/-/exact/the sense cited from targum	{ידא} v עף, פרח[k:def:pa:midrash] ; יד[k:def:targum] ; על ידי[k:def:bavli] || 
415	למירתה	26		NO ANALYSIS	
416	עזינ	26		NO_HEBREW_SENSE עז	{עז} n  || J(עַז bh): strong, firm; vehement, rough; bright, intense; pungent, acrid || J(עֵז): goat
417	קרבנ	26		NO_HEBREW_SENSE קרבנ	{קרבנ} n קרבן[j:same:targum+bavli+midrash+yerushalmi] || J(קָרְבָּן bh): gift, offering, sacrifice; ḳorban; ḳorban
418	רברבי	26		NO ANALYSIS	
419	רחמינ	26	רחמים	רחמינ/-/-/exact/the sense cited from targum	{רחמינ} ? רחמים[j:same:targum+bavli] || 
420	שלימ	26	שלם, תמים	שלימ/-/-/exact/the sense cited from targum	{שלימ} adj שלם, תמים[k:def:targum+tanakh] || J(שְׁלִים): complete, perfect; whole, unimpaired; Fem.; peaceful, sincere, friendly.
421	תכלא	26	תכלת	תכלא/-/-/exact/the sense cited from targum	{תכלא} adj חוסר בנים[k:def] ; עש[k:def:bavli] ; כאב[k:def:bavli] ; תכלת[k:def:targum] ; תכלת[j:eq:targum] || K: childless | kinderlos || J(תִּכְלָא): consumption, ruin, decay || J(תִּכְלָא III): purple-blue wool
422	תסב	26		NO ANALYSIS	
423	אלעזר	25		NO ANALYSIS	
424	אפרשותא	25		NO_HEBREW_SENSE אפרשו	{אפרשו} ?  || 
425	בחקלא	25	בשדה	חקלא/-/b/exact/the sense cited from targum	{חקלא} n שדה[k:def:targum+other] || 
426	בליליא	25		AMBIGUOUS ליל/n.pl "ביללה" ~ לילי/n.sg "בליליות, רוחות הלילה"	{ליל} n יללה[k:def:targum] || J(לַיִל bh): night, evening; darkness; suffering, misery
427	במנינ	25	במאין, מהיכן	מנינ/-/b/exact/single sense	{מנינ} particle מאין, מהיכן[k:def:tosefta] ; מנין[j:same:targum+bavli+yerushalmi] || J(מִנְיָן bh): number, count; ballot, vote; the requisite number of males for congregational worship || J(מִנְיַן ch): one
428	בסלעי	25		NO ANALYSIS	
429	דננ	25	זה	דננ/-/-/exact/the sense cited from targum	{דננ} other זה[k:def:targum] ; זה[k:def:targum] ; הנה[k:def] ; הנה[k:def] ; למה זה[j:eq:targum+bavli] || J(דְּנַן): this one; there; thus
430	ויחזי	25		NO ANALYSIS	
431	ונטל	25		AMBIGUOUS_SENSE נטל: לקח | נסע	{נטל} v נלקח ביד[k:def:mishnah] ; הופרש והורם[k:def:mishnah] ; הוסר ולוקח[k:def:mishnah] ; הוציא לאויר העולם[k:def:mishnah] ; המליטה התרנגולת ביצה[k:def:bavli] ; יצק מים[k:def:mishnah] ; השתין[k:def:mishnah] ; עשה שלום[k:def] ; לקח[k:def:pe:targum] ; נסע[k:def:pe:targum] ; רחץ[k:def:pe:yerushalmi] ; הורם[k:def:itpe:targum] ; נטל[j:same:pe:targum+yerushalmi+bavli] || K: to put | legen || J(נָטַל bh): to move, carry off; to receive, take; removed; to pour water over one’s hands || J(נְטַל ch): to take, lift, move, carry; to move; to wash the hands
432	ותקיפ	25		NO_HEBREW_SENSE תקיפ	{תקיפ} n תקיף[j:same:targum+bavli] || J(תַּקִּיף bh): strong, powerful; Fem. || J(תַּקִּיף ² ch): strong, mighty; protector; hard, stern, severe; Fem.
433	יהא	25	יהיה	הוה/pe.impf.3ms/-/irregular/reviewed choice	{הוה} v היה[r:reviewed:pe] || J(הַוָּה bh): change; misfortune || J(*הֵוָה): Ḥevah || J(הֲוָהּ): ah!
434	יתב	25	ישב	יתב/-/-/exact/reviewed choice	{יתב} v ישב[k:def:pe:bavli] ; נתן[k:def:pe:bavli] ; הושיב[k:def:pa:targum] ; הרגיע[k:def:pa] ; הושיב[k:def:af:targum] ; הקשה, שאל[k:def:af] ; נח[k:def:itpe:bavli] ; ישב[j:eq:targum+bavli+tanakh+midrash] ; גור[j:targum-h:targum] ; הושיב[r:reviewed:af] || K: i>to dwell | sich aufhalten || J(יתֵב ch): to sit, dwell; to be inhabited, settled; inhabited || J(יְתֵב II): to give; to place; to give || J(יָתֵב): inhabitant
435	יתי	25	אותי	pron:יתי/fixed/-/pronominal/pronominal preposition table	
436	כפרתא	25		NO_HEBREW_SENSE כפר	{כפר} v כפר[j:same:pe:targum+bavli] || J(כָּפַר bh): to bend, arch over, cover; to pass over with one’s palm; to wipe out, rub || J(כְּפַר ch): to deny, renounce; to wipe out, efface; to forgive, atone, procure forgiveness || J(כָּפָר bh): to be round; circle; village, country town
437	לאנתו	25		NO ANALYSIS	
438	לבושי	25		NO ANALYSIS	
439	לטורא	25	למין ירק מר	טורא/-/l/exact/single sense	{טורא} n מין ירק מר[k:def:bavli] || J(טוּרָא II): clearness, sky || J(*טוּרָא III): tura
440	למשכנא	25	למשכן	משכנא/-/l/exact/the sense cited from targum	{משכנא} ? משכן[j:same:targum] || J(מַשְׁכְּנָא ch): dwelling, tent; the Tabernacle
441	מא	25	מה	מא/-/-/exact/the sense cited from targum	{מא} particle מה[k:def:targum] ; מה[j:eq:targum] || J(מָא ch): what?; what; if?, suppose, perhaps
442	מסאבא	25	טמא	מסאבא/-/-/exact/the sense cited from targum	{מסאבא} adj טמא[k:def:targum] || 
443	מתקלה	25		NO ANALYSIS	
444	שלמינ	25		AMBIGUOUS שלימ/n.pl "שלם, תמים" ~ שלמ/n.pl "שלום"	{שלימ} adj שלם, תמים[k:def:targum+tanakh] || J(שְׁלִים): complete, perfect; whole, unimpaired; Fem.; peaceful, sincere, friendly.
445	שמשא	25	חמה, שמש	שמשא/-/-/exact/reviewed choice	{שמשא} n חמה, שמש[k:def:midrash] ; קדחת[k:def:bavli] ; שמש[j:same:targum+bavli+midrash+tanakh] ; בין הערבים[j:targum-h:targum] ; שמש[j:eq:targum+yerushalmi] || J(שִׁמְשָׁא ch): Pl.; at twilight; Friday evening, Sabbath eve || J(שַׁמָּשָׁא): prostitute
446	תליתאה	25		NO ANALYSIS	{תליתאה} n  || J(תְּלִיתָאָה): third; Fem.; threefold
447	תתנ	25	יהב	יהב/pe.impf.2ms/-/irregular/the sense cited from targum	{יהב} v יהב[j:targum-h:targum] || J(יְהַב): to give; to deal; to put, place
448	אחי	24		NO_HEBREW_SENSE חיי	{אחי} v  || J(אחי): to unite; united; to join; to sew together  ##  {חיי} v חיי[j:same:pe:targum+bavli] || J(חיי bh): to live; Part.; to heal; to recover, regain health || J(חֲיִי ch): Part. || J(חַיֵּי): life; the living
449	אלהה	24		NO ANALYSIS	
450	אמנ	24	הרגיל	אמנ/-/-/exact/single sense	{אמנ} v הרגיל[k:def:pe:bavli] || J(אָמַן bh): to arrange in lines, array.; expert, skilful; to make skilful, to train || J(אָמֵן I): to be strong, enduring;; to support; to support; || J(אָמֵן II bh): firm, straight; Amen!, true! so may it be!; Amen
451	אתנ	24		AMBIGUOUS אתא/pe.ptcp.mp "באים" ~ יהב/pe.impf.1s "יהב"	{אתא} v סימן[k:def:targum] ; בא[k:def:pe:bavli] ; הביא[r:reviewed:af] || J(אָתָא I): letter, sign || J(אֲתָא ch): to join; to come, to arrive; to occur to; surely, indeed || J(*אָתָא III): Great Bear, Ursa Major
452	ביתה	24	באותה	pron:יתה/fixed/b/pronominal/pronominal preposition table	
453	בניכ	24		NO ANALYSIS	
454	וחמשינ	24	וחמשים	חמשינ/-/w/exact/the sense cited from targum	{חמשינ} particle חמשים[k:def:targum] || 
455	ושבע	24		NO_HEBREW_SENSE שבע	{שבע} v נשבע[k:def:itpe] ; שבע[j:same:targum+yerushalmi] ; שבע[j:same:pe:targum+midrash+bavli] || J(שֶׁבַע bh): seven; Shib ah, the seven days of mourning for a near relative; seventy || J(שְׁבַע ch): seventy || J(שָׁבַע): Nif.; to be sworn, to swear; to adjure; to impose, administer an oath || J(שְׁבַע II ch): Ithpa.; Ithpe.; Nif. || J(שָׂבֵעַ I bh): sated, filled, satisfied; Fem. || J(שָׂבֵעַ 
456	לאחוהי	24	לאהבת אחים	אחוה/n.pl/l/generated-noun/single sense	{אחוה} n אהבת אחים[k:def:midrash] || J(אַחֲוָה bh): brotherhood, brotherly love, friendship; aḥu; jointly
457	לגבר	24		NO ANALYSIS	
458	לדריכונ	24	דרך ופסע · התהלך	דרכ/pe.impf.3mp/-/generated/two senses	{דרכ} v דרך ופסע[k:def:pe:bavli] ; התהלך[k:def:pe:midrash] ; דש[k:def] ; הדריך[k:def:targum] ; השיג[k:def:bavli] ; דרך[j:same:pe:targum+bavli+yerushalmi+midrash] || J(דָּרַךְ bh): to tread, stamp, walk.; to be trodden, pressed.; to lead, rear, train || J(דְּרַךְ ch): to overtake; to thresh; to lead || J(דֶּרֶךְ): way, road; method, manner; derekh; good manners;
459	למא	24	למה	מא/-/l/exact/the sense cited from targum	{למא} particle  || K: wherefore? | weshalb || K: naught | Nichts || J(לְמָא I): wherefore? || J(לְמָא II): naught, vanity  ##  {מא} particle מה[k:def:targum] ; מה[j:eq:targum] || J(מָא ch): what?; what; if?, suppose, perhaps
460	למיכל	24		NO ANALYSIS	
461	מלאכא	24		NO_HEBREW_SENSE מלאכ	{מלאכ} n מלאך[j:same:targum+bavli+midrash+tanakh] || J(מַלְאָךְ bh): to work; messenger; angel
462	מנרתא	24	מנורה	מנרתא/-/-/exact/the sense cited from targum	{מנרתא} n מנורה[k:def:midrash] ; מנורה[j:eq:targum+yerushalmi+midrash+tanakh] || J(מְנָרְתָּא ch): lamp
463	סגיאינ	24		AMBIGUOUS_SENSE סגי: שפע | גדול, רב	{סגי} v גדל, נתרבה[k:def:pe] ; הספיק, היה די[k:def:pe:bavli] ; היה באפשרות[k:def:pe:bavli] ; הלך[k:def:pe:bavli] ; הגדיל, הרבה[k:def:targum] ; הלך[k:def] ; התרבה[k:def:targum] ; הלך[k:def:bavli] ; שפע[k:def:targum] ; גדול, רב[k:def:targum+tanakh] ; רב[j:eq:tanakh+targum+midrash+mishnah+bavli] || J(סְגֵי bh): to swell, rise, grow, spread, increase, thrive; to be sufficient; to enlarge, increase, ma || J(סְגֵי ²): to progress, pass, walk; to be marched, be set in motion; he moved on || J(סְגֵי III): multitude, greatness; majority || J(סַגִּי): spreading; numerous, large, great; much, enough; 
464	עיבורא	24		AMBIGUOUS_SENSE עיבור: עכור, תבואה | הריון | עובר במעי אמו | פרברים שנוספו על העיר	{עיבור} n עכור, תבואה[k:def:bavli] ; הריון[k:def] ; עובר במעי אמו[k:def] ; פרברים שנוספו על העיר[k:def:bavli] ; עיבור[j:same:targum+yerushalmi+bavli] || K: intercalation | Einschaltung eines Monats oder Tages || J(עִיבּוּר): passing, crossing; cross-road;; crisis || J(עִיבּוּר ² ch): grain, breadstuff; d’ganah; pregnancy, conception
465	עסרינ	24		NO_HEBREW_SENSE עשר	{עשר} v עשר[j:same:pe:bavli] || J(עָשַׁר): to be strong, substantial, wealthy; to become wealthy; Hif. || J(עֲשַׁר ch): to become rich || J(עֶשֶׂר bh): ten.; eleven; twelve || J(עֲשַׂר I): eleven; twelve; g’rivas || J(עָשַׂר): Pi.; to give one-tenth, separate tithes; to reduce to one-tenth || J(עֲשַׂר II ch): Pa.; to tithe; Af.
466	קרב	24	קרב	קרב/-/-/exact/the sense cited from targum	{קרב} v נעשה קרוב[k:def:itpa:midrash] ; קרב, נגע[k:def] ; הגין[k:def:yerushalmi] ; קרב[j:same:pe:targum+mishnah+yerushalmi+bavli+midrash] ; תנגשו[j:targum-h:targum] ; קרב[j:same:targum+tosefta+bavli+midrash] || K: to do in near intervals | häufen, in kurzen Intervallen tun || J(קָרֵב bh): to join, come near, be near; to be offered as; to come before court; to sue, complain; to  || J(קְרֵב ch): to be near, come near, touch; to intercede, protect; to complain, sue || J(קֶרֶב bh): inside, intestine.; Du.; inn
467	אזל	23	הלך	אזל/-/-/exact/reviewed choice	{אזל} v הלך[k:def:pe:bavli] ; טוה[k:def:pe:bavli] || J(אֲזַל I bh): to be gone, to leave; to go; Imper; to depart life, die || J(אֲזַל II): to spin, weave
468	אמה	23	אמה	אמא/-/-/alias/the sense cited from targum	{אמה} n  || J(אַמָּה bh): fore-arm, arm; arm-pit; cubit || J(אָמָה bh): hand-maid  ##  {אמא} v אמר[k:def:pe:bavli] ; אם, אמי[k:def:bavli] ; אמה[j:eq:targum] || J(אַמָּא): cubit || J(אֲמָא II): to join; to say, speak, think; does it mean to say?
469	ביש	23	רע · חולה	ביש/-/-/exact/two senses	{ביש} adj רע[k:def:midrash] ; חולה[k:def:midrash] ; רַע[h:wikt] || J(בִּישׁ I): bad, wrong; ill, sick; the sick
470	דהב	23	זהב	דהב/-/-/exact/reviewed choice	{דהב} v הרגיז והאדים[k:def:af] ; זהב[k:def:yerushalmi] ; מטבע של זהב[k:def:bavli] ; זהב[j:eq:targum+yerushalmi+bavli] || J(דָּהַב): to be red; yellow; Hif. || J(דְּהַב ch): gold
471	וצבע	23	ותולעת שני	צבע/-/w/exact/the sense cited from targum	{צבע} v משח בצבע[k:def:pe:yerushalmi] ; טבל[k:def:pe] ; הגריל[k:def:pa] ; נטבל[k:def:itpe:targum] ; אומן לצביעה[k:def:mishnah+bavli] ; צבע[j:same] ; צבע[j:same:pe:targum+yerushalmi+midrash+bavli] ; צבע[j:same:targum+bavli+yerushalmi] ; תולעת שני[j:targum-h:targum] || J(צָבַע I): to seize, handle; to raise one or more fingers || J(צְבַע ch): Pa.; Hif.; to cast lots || J(צָבַע II): to dip; to dye; Orlah || J(צְבַע ² ch): to dip; to dye; to dip, immerse; Pe. || J(צֶבַע bh): dye, color; dyed material || J(צַבָּע): dyer
472	יומיא	23		NO_HEBREW_SENSE יומ	{יומ} ? יום[j:same:targum+bavli+midrash] || J(יוֹם bh): light, day; astronomical; day; || J(יוֹם ² ch): at once; of the same day, one day old, used the same day; Yoma
473	ייכול	23		NO ANALYSIS	
474	כספ	23	הכלם	כספ/-/-/exact/the sense cited from targum	{כספ} n צורף כסף[k:def:tosefta] ; נעשה חוור[k:def:itpe:tosefta] ; ירד מערכו[k:def:af] ; בייש[k:def:af:yerushalmi] ; התבייש[k:def:pe] ; בייש[k:def:bavli] ; גרם ירידת הערך[k:def:bavli] ; נתבייש[k:def:itpe:targum+bavli] ; כסף[j:same:pe:targum+bavli] ; הכלם[j:targum-h:targum] ; כסף[j:same:targum+yerushalmi+bavli] || J(כָּסַף bh): to peel, whiten; bright; to grow pale, fade, wither || J(כְּסַף I ch): to feel ashamed, frightened; Ithpe.; to frighten; to put to shame || J(כֶּסֶף bh): silver; a silver piece, M’ah; money, value || J(כַּסָּף): silver-smith
475	לאתקבלא	23		NO ANALYSIS	
476	לאתרא	23	למקום	אתרא/-/l/exact/single sense	{אתרא} n מקום[k:def:midrash] || 
477	למהוי	23		NO ANALYSIS	
478	לשמשא	23	לחמה, שמש	שמשא/-/l/exact/reviewed choice	{שמשא} n חמה, שמש[k:def:midrash] ; קדחת[k:def:bavli] ; שמש[j:same:targum+bavli+midrash+tanakh] ; בין הערבים[j:targum-h:targum] ; שמש[j:eq:targum+yerushalmi] || J(שִׁמְשָׁא ch): Pl.; at twilight; Friday evening, Sabbath eve || J(שַׁמָּשָׁא): prostitute
479	מברא	23	עבָרה על פני נהר	מברא/-/-/exact/single sense	{מברא} n עבָרה על פני נהר[k:def] || J(מַבָּרָא): ferry, ford, crossing board
480	נחשא	23	נחושת	נחשא/-/-/exact/reviewed choice	{נחשא} n נחושת[k:def:targum] ; נחש, כשוף[k:def:midrash] || K: a man’s name | männlicher Name
481	קדמיכונ	23	לפניכם	pron:קדמיכונ/fixed/-/pronominal/pronominal preposition table	
482	קודשינ	23		NO_HEBREW_SENSE קודש	{קודש} n קודש[j:same:targum+bavli] || J(קוֹדֶשׁ bh): sanctity, sacred affair, sacred ground, dedicated object; sacred precincts, Temple ground; || J(קוֹדַשׁ ch): holiness, sanctuary; the Holy of Holies; the Holiness, the Lord
483	קל	23		AMBIGUOUS_SENSE קל: קול | בת קול	{קל} v קול[j:eq:targum+bavli+yerushalmi+midrash] ; בת קול[j:eq:targum+bavli+yerushalmi+midrash] || J(קַל I): to be light || J(קַל II bh): light; unimportant, of minor value; easy to achieve; lowly, poor. || J(קַל III): voice, sound; rumor; divine voice
484	קריב	23	קרב	קרב/-/-/alias/the sense cited from targum	{קריב} n  || J(קָרֵיב): near, related  ##  {קרב} v נעשה קרוב[k:def:itpa:midrash] ; קרב, נגע[k:def] ; הגין[k:def:yerushalmi] ; קרב[j:same:pe:targum+mishnah+yerushalmi+bavli+midrash] ; תנגשו[j:targum-h:targum] ; קרב[j:same:targum+tosefta+bavli+midrash] || K: to do in near intervals | häufen, in kurzen Intervallen tun || J(קָרֵב bh): to join, come near, be near; to be offered as; to come before court; to sue, complain; to  || J(קְרֵב ch): to be near, come near, touch; to intercede, protect; to complain, sue || J(קֶרֶב bh): inside, intestine.; Du.; inn
485	רוח	23	רוח	רווח/-/-/alias/the sense cited from targum	{רוח} v  || J(רוּחַ I): to smell || J(רוּחַ II bh): wind, air; direction, side; mind, disposition, spirit; spirit, soul  ##  {רווח} v רווח[j:same:pe:targum+bavli+yerushalmi] ; רווח[j:same:targum+bavli+midrash] ; רוח[j:targum-h:targum] || J(רָוַוח bh): to be wide, roomy; to spread; to be placed wide apart; to be wide and flat || J(רְוַוח ch): to be wide, extend; to be easy; to feel relieved; to make room || J(רֶוַוח bh): extension, wide space; interval; ease, relief; profit, gain || J(רְוַוח ² ch): open space, room; relief; ample pro
486	אתא	22	בא	אתא/-/-/exact/reviewed choice	{אתא} v סימן[k:def:targum] ; בא[k:def:pe:bavli] ; הביא[r:reviewed:af] || J(אָתָא I): letter, sign || J(אֲתָא ch): to join; to come, to arrive; to occur to; surely, indeed || J(*אָתָא III): Great Bear, Ursa Major
487	בידה	22	המציא מלבו · הפריש, בחר	בדה/-/-/alias/two senses	{בדה} v המציא מלבו[k:def:pe:bavli] ; הפריש, בחר[k:def:pe:mishnah] ; שיקר[k:def:pa] ; נתפס בדברי שקר[k:def:itpa] || 
488	בישראל	22		NO ANALYSIS	
489	דיקרב	22		NO ANALYSIS	
490	דכרא	22		AMBIGUOUS_SENSE דכרא: זכר | איל | בעל תאוה | תרנגול | יחור זכר	{דכרא} n זכר[k:def:midrash] ; איל[k:def] ; בעל תאוה[k:def:midrash] ; תרנגול[k:def] ; יחור זכר[k:def] || 
491	דמואב	22		NO ANALYSIS	
492	וארבע	22		NO_HEBREW_SENSE ארבעה	{ארבעה} n ארבעה[j:same:targum+bavli+midrash] || J(אַרְבָּעָה I): four; forty || J(אַרְבְּעָה ch): the fourth; forty; fourteen, fourteenth || J(*אַרְבָּעָה II): couching
493	ואתיב	22	והשיב	תוב/af.perf.3ms/w/source-form/the sense cited from targum	{תוב} v שב, חזר[k:def:pe:targum] ; השיב[k:def:af:targum] ; הקשה, פירך[k:def:af:bavli] ; הושב[k:def:itpe] ; הופרך[k:def:itpe:yerushalmi] ; שוב[j:eq:targum+tanakh+bavli+midrash] ; שוב[j:eq:targum+bavli+yerushalmi] || J(תּוּב I): to go back, return, do again; to restore; to go back on, || J(תּוּב II): again, furthermore
494	ויימר	22	ויאמר	אמר/pe.impf.3ms/w/irregular/the sense cited from targum	{אמר} v הלעיט[k:def:af:bavli] ; אמר[j:same:pe:targum+bavli+yerushalmi] ; טלה, כבש[h:wikt] || J(אָמַר I bh): to join, knot; to be knotted, thick;; to heap up;; to join words, compose || J(אֲמַר ch): they say, it is said; Inf; does this mean to say? || J(אָמַר II bh): to be thick, strong; to thrive; to boast, vaunt, be oppressive; to fatten || J(אִמַּר): lamb
495	ויקרב	22		NO ANALYSIS	
496	ושומ	22	ושם	שומ/-/w/exact/the sense cited from targum	{שומ} v אמד, שיער, העריך[k:def:pe:mishnah] ; נערך[k:def:itpe:bavli] ; הערכה ואומד[k:def] ; שם[k:def:targum] ; בשביל[k:def:mishnah] ; כשם[k:def:mishnah] ; בסבת, מפאת[k:def:bavli] ; מפני שׁ־[k:def:mishnah] ; שום[j:same:pe:targum] ; שום[j:same:pe:midrash+tanakh+bavli] ; שום[j:same:targum] || J(שׂוּם bh): to place, put, appoint, make || J(שׂוּם ² ch): to be placed || J(שׁוּם I): to arrange;; to value, estimate; to mark, name; v’sam || J(שׁוּם ch): to tax, impose fine || J(שׁוּם II): valuation, estimate; the description and valuation of seized property; appraised goods bro || J(שׁוּם ² ch
497	ותטרונ	22		NO ANALYSIS	
498	ותעבדונ	22		NO ANALYSIS	
499	טבא	22	טוב	טבא/-/-/exact/reviewed choice	{טבא} adj טוב[k:def:bavli] ; שוה[k:def:yerushalmi] ; ראש ונשיא[k:def:yerushalmi] ; יותר[k:def:bavli] || J(טִבָּא): rumor
500	יסב	22		NO ANALYSIS	
501	לכפרא	22		NO ANALYSIS	
502	מדעמ	22		HOMOGRAPH מדעמ "דבר מה" ~ md+עמ "ממה שעם"	{מדעמ} n דבר מה[k:def:bavli] || J(מִדַּעַם): noticeable; something; anything
503	מטרת	22		NO ANALYSIS	
504	מכא	22	מכאן	מכא/-/-/exact/reviewed choice	{מכא} adv מכאן[k:def:targum] ; מעוך ונפחת[k:def:bavli] || J(מָכָא): crushed, battered
505	סבי	22		NO_HEBREW_SENSE סבי	{סבי} v מכר יין[k:def:pa:bavli] ; הלקה[k:def:af:bavli] || 
506	פולחנ	22	עבודת אלהים	פולחנ/-/-/exact/the sense cited from targum	{פולחנ} n עבודה[k:def:tanakh] ; עבודת אלהים[k:def:targum] ; עבודה זרה[j:eq:targum+tanakh] || J(פּוּלְחָן): servitude, service; priestly service, Temple service, worship
507	קרויא	22	עיר, קריה	קרוא/n.pl/-/source-form/the sense cited from targum	{קרויא} n  || K: scaffold | Gerüst || J(קֵרוּיָא I): scaffold for laying joists || J(קִרְוָיָא): Ḳirva; Ḳirvaya  ##  {קרוא} n עיר, קריה[k:def:targum] ; קריה[j:eq:targum+yerushalmi+bavli] ; קרויה[j:eq:targum] ; חמת[j:targum-h:targum] || J(קִרְוָא): town, village || J(קִרְוָא ²): pumpkin-shell; pumpkin-shaped vessel for water, cooler
508	רחשא	22		AMBIGUOUS_SENSE רחש: שרץ | רגש	{רחש} v קרה, אירע[k:def:itpe] ; שרץ[k:def:mishnah] ; רגש[k:def:midrash] ; רחש[j:same:pe:targum+bavli] ; רחש[j:same:targum+bavli+yerushalmi] || J(רָחַשׁ bh): to move, vibrate; Pi.; marḥesheth || J(רְחַשׁ ch): to move, creep; to swarm, bring forth; Pa.; to move || J(רַחַשׁ): a creeping thing, reptile; emotion, thought || J(רְחֵשׁ ch): worm, reptile, insect; living thing, noxious animal
509	רישה	22		NO ANALYSIS	
510	שמהת	22		NO ANALYSIS	
511	תקבל	22		NO ANALYSIS	
512	אפוהי	21		NO ANALYSIS	
513	ביניהונ	21	ביניהם	pron:ביניהונ/fixed/-/pronominal/pronominal preposition table	
514	דאעי	21		NO ANALYSIS	
515	דילה	21	שלה	pron:דילה/fixed/-/pronominal/pronominal preposition table	
516	דסהדותא	21	של עדות	סהדותא/-/d/exact/single sense	{סהדותא} n עדות[k:def:midrash] || 
517	הות	21	היתה	הוה/pe.perf.3fs/-/irregular/reviewed choice	{הוה} v היה[r:reviewed:pe] || J(הַוָּה bh): change; misfortune || J(*הֵוָה): Ḥevah || J(הֲוָהּ): ah!
518	וארגונא	21		NO ANALYSIS	
519	ויסחי	21		NO ANALYSIS	
520	ולית	21	ואין	לית/-/w/exact/the sense cited from targum	{לית} particle אין[k:def:targum] ; אין[h:wikt] || J(לַיִת): there is; was; not, none
521	ורבא	21		AMBIGUOUS רב/ "וסר" ~ רבי/ "ונער"	{רב} n רב[j:same:targum+midrash+bavli+yerushalmi] ; סר[j:targum-h:targum] || J(רַב I bh): large, great; much; community, public; in public || J(רַב II): superior, master; teacher; Rab, a || J(רַב ch): large, great, numerous; senior; chief, master, teacher; school, academy
522	ותב	21		NO ANALYSIS	
523	ימות	21		NO_HEBREW_SENSE יומ	{יומ} ? יום[j:same:targum+bavli+midrash] || J(יוֹם bh): light, day; astronomical; day; || J(יוֹם ² ch): at once; of the same day, one day old, used the same day; Yoma
524	כדינ	21	עתה	כדינ/-/-/exact/the sense cited from targum	{כדינ} adv עתה[k:def:targum] ; כך[k:def:targum] || 
525	ליט	21	קלת	לוט/-/-/alias/the sense cited from targum	{לוט} n קללה[k:def] ; קלת[j:targum-h:targum] || J(לוֹט II bh): lotus || J(לוּט): to curse || J(לוּט ² ch): to cover, talk secretly; to curse; Part. pass || J(לְוָט): curse
526	לכהנא	21	לכהן	כהנ/-/l/alias/the sense cited from targum	{כהנ} n כהן[j:eq:targum+bavli] || J(כֹּהֵן bh): standing, stationed; officer; priest || J(כָּהַן bh): Nithpa.; to be appointed priest, to act as priest || J(כָּהֵן ch): Fem || J(כָּהֵן ²): Kahen, Kahăna
527	למשכנ	21	לעבוט, ערבון	משכונ/-/l/alias/the sense cited from targum	{משכונ} n עבוט, ערבון[k:def:bavli+targum] ; משכון[j:same:targum+midrash] || J(מַשְׁכּוֹן): security, pledge || J(מַשְׁכּוֹן ² ch): pledge, seized goods
528	מנוהי	21	מאין שלו	מנ/n.pl+3ms/-/generated-noun/the sense cited from tanakh	{מנ} n מאין[j:eq:bavli+tanakh] ; מן[j:same:targum+yerushalmi+bavli+midrash] ; מן[j:same:bavli+targum] ; מי[h:wikt] || J(מִן bh): from, of; more; less; than || J(מִן ² ch): from me; from thee;; from him || J(מָן I bh): portion, food; man; the manna || J(מַן I ch): a day’s; support; man || J(מַן): who?, what? || J(מָן III): thing, vessel, garment; coulter
529	נטלינ	21		NO ANALYSIS	
530	עבר	21	עבר	עבר/-/-/exact/the sense cited from targum	{עבר} v פועל נשתנה ונסתרס[k:def:mishnah] ; הרתה האשה[k:def:midrash] ; נעשתה השנה מעוברת[k:def:mishnah+yerushalmi] ; הסיר[k:def:pa:bavli] ; עבר[j:same:pe:targum+bavli+yerushalmi+midrash] || K: to stroke | streichen || K: to be consolidated into one township | eingemeindet werden || J(עָבַר bh): to be thick, swell; to run over.; to pass, to cross; to cross the line of justice, to be t || J(עֲבַר ch): to pass, cross, step over, forgive; Hif.; to pass through; to bar || J(עֵבֶר II bh): bo
531	עליכונ	21	עליכם	pron:עליכונ/fixed/-/pronominal/pronominal preposition table	
532	קטולא	21	רוצח	קטול/-/-/alias/the sense cited from targum	{קטול} n רוצח[k:def:targum+yerushalmi] || J(קָטוֹל): manslayer, murderer || J(קְטוֹל): slaying, death
533	קטורת	21		NO ANALYSIS	
534	רוגזא	21	רוגז וכעס	רוגזא/-/-/exact/the sense cited from targum	{רוגזא} n רוגז וכעס[k:def:targum] ; רוגז[j:same:targum+midrash] || J(רוּגְזָא ch): masc
535	שבעת	21		NO ANALYSIS	
536	שומ	21	שם	שומ/-/-/exact/the sense cited from targum	{שומ} v אמד, שיער, העריך[k:def:pe:mishnah] ; נערך[k:def:itpe:bavli] ; הערכה ואומד[k:def] ; שם[k:def:targum] ; בשביל[k:def:mishnah] ; כשם[k:def:mishnah] ; בסבת, מפאת[k:def:bavli] ; מפני שׁ־[k:def:mishnah] ; שום[j:same:pe:targum] ; שום[j:same:pe:midrash+tanakh+bavli] ; שום[j:same:targum] || J(שׂוּם bh): to place, put, appoint, make || J(שׂוּם ² ch): to be placed || J(שׁוּם I): to arrange;; to value, estimate; to mark, name; v’sam || J(שׁוּם ch): to tax, impose fine || J(שׁוּם II): valuation, estimate; the description and valuation of seized property; appraised goods bro || J(שׁוּם ² ch
537	שזיר	21	פתיל	שזיר/-/-/exact/the sense cited from targum	{שזיר} n פתיל[k:def:targum] ; פתיל[j:targum-h:targum] || J(שְׁזִיר): twisted thread, cord
538	תניתא	21	שנית	תני/pe.perf.2ms/-/generated/reviewed choice	{תני} v חזר ועשה[k:def:pe:targum] ; לימד[k:def:pe:targum] ; קיבל ומסר הלכה[k:def:pe:bavli] ; שינה[k:def] ; דיבר, סיפר[k:def:targum] ; לימד[k:def:af] ; נכפל[k:def:itpe:targum] ; הוגד[k:def:itpe:targum] ; הוחד[k:def:itpe:targum] ; תני[j:same:pe:targum+bavli+mishnah+yerushalmi] ; הוחדה[j:targum-h:targum] ; שנה[r:reviewed:pe] || J(תני bh): to repeat; to tell; to stipulate, agree, make a condition || J(תְּנֵי ch): to repeat, do a second time; Pa.; to tell, relate; to teach || J(תְּנֵי II): to be pointed, sharp; to sharpen, to speak sharp words; to be sharpened
539	אבוהונ	20		NO ANALYSIS	
540	אזיל	20	הולך	אזיל/-/-/reviewed/reviewed form: אֲזַל (Krupnik: הלך), participle	{אזיל} adj פחות ובטל[k:def:yerushalmi] || 
541	אחסנא	20	אחוזה	אחסנא/-/-/exact/the sense cited from targum	{אחסנא} n אחוזה[k:def:targum+bavli] || J(אַחְסָנָא): property, inheritance
542	אפודא	20		NO ANALYSIS	
543	ארבעא	20	ארבעה	ארבעתא/n.sg/-/generated-noun/the sense cited from targum	{ארבעא} ?  || J(אַרְבְּעָא): couching  ##  {ארבעתא} particle ארבעה[k:def:midrash+targum] || 
544	באתר	20	במקום	אתר/-/b/exact/single sense	{אתר} n מקום[k:def:midrash] || J(אָתַר): place, town; our; local custom
545	באתרא	20	במקום	אתרא/-/b/exact/single sense	{אתרא} n מקום[k:def:midrash] || 
546	בירחא	20	ביֶרח, חודש	ירחא/-/b/exact/single sense	{ירחא} n יֶרח, חודש[k:def] || 
547	בכונ	20	בכם	pron:בכונ/fixed/-/pronominal/pronominal preposition table	
548	דרתא	20	דירה	דרתא/-/-/exact/single sense	{דרתא} n דירה[k:def] || J(דַּרְתָּא): court-yard; buildings, dwellings; houses;
549	דשמיא	20	של שמים	שמיא/-/d/exact/the sense cited from targum	{שמיא} n שמים[j:eq:targum+bavli+yerushalmi] || J(שְׁמַיָּא): heaven; God.; arch, ceiling
550	ואזלו	20		NO ANALYSIS	
551	ואתגלי	20	ונגלה	ואתגלי/-/-/reviewed/reviewed form: ו + Jastrow גְּלֵי Ithpe. "to be revealed" (= h. נִגְלָה)	
552	ובריכ	20		NO_HEBREW_SENSE בריכ	{בריכ} v היה ברוך[k:def:itpe:targum] || 
553	וייתי	20	ויבוא	אתא/af.impf.3ms/w/irregular/reviewed choice	{אתא} v סימן[k:def:targum] ; בא[k:def:pe:bavli] ; הביא[r:reviewed:af] || J(אָתָא I): letter, sign || J(אֲתָא ch): to join; to come, to arrive; to occur to; surely, indeed || J(*אָתָא III): Great Bear, Ursa Major
554	ולבנוהי	20		NO ANALYSIS	
555	חברה	20	אחבירה	חבר/-/-/alias/the sense cited from targum	{חבר} n מכשף[k:def:bavli] ; כהן פרסי עובד האש[k:def:bavli] ; אחבירה[j:targum-h:targum] ; חבר[j:same:midrash+bavli] || J(חָבַר bh): to join, befriend, assist; having a share in the ownership of a sacrifice; to join against || J(חֲבַר ch): Pa.; to fasten, join; to combine against || J(חָבֵר bh): associate, friend, partner; colleague, fellow-student; fellow-being; of the same kind; fel || J(חֶבֶר bh): association; a t
556	חתאה	20		NO ANALYSIS	
557	ירחא	20	יֶרח, חודש	ירחא/-/-/exact/single sense	{ירחא} n יֶרח, חודש[k:def] || 
558	לבה	20		NO_HEBREW_SENSE לבה	{לבה} v נשב והעלה אש[k:def:pa:bavli] ; נתלהט[k:def:itpa:bavli] || 
559	לוחי	20	גליון	לוח/n.pl/-/source-form/the sense cited from targum	{לוח} v לוח[j:same:targum+bavli] ; גליון[j:targum-h:targum] || J(לוּחַ I): to join; to place straps close together so as to form a boardlike surface || J(לוּחַ II bh): tablet, board
560	ליצחק	20		NO_HEBREW_SENSE צחק	{צחק} v צחק[j:same:yerushalmi] || J(צָחַק bh): to be bright; to laugh; to jest, sport
561	מבית	20		AMBIGUOUS ביתא/ "מבית" ~ פרס/n.pl "מהעריך"	{ביתא} n בית[k:def:bavli] ; בת, מדת הלח[k:def:targum] ; בית[j:same:targum+bavli+midrash+yerushalmi] ; בת[j:eq:targum] || J(בֵּיתָא I ch): Pi.; the case of T’fillin; night-lodging || J(בֵּיתָא II): bath || J(בַּיְתָא): night-bird
562	מנא	20	מנין	מנא/-/-/exact/reviewed choice	{מנא} n כלי[k:def] ; מנין[k:def:bavli+midrash] ; מנין[j:eq:bavli+midrash] || K: name of an Amora | Name eines Amoräers || J(מְנָא I): who?, what? || J(מְנָא II): whence?; whence is it proven?; whence do we have this?, how do we know? || J(מַנָּא): manna || J(מְנֵא): to count || J(מָנָא III): Mana; Mona || J(מָנָא IV): a weight
563	מתקל	20	משקל	מתקל/-/-/exact/reviewed choice	{מתקל} n מכשול[k:def:targum] ; משקל[k:def:targum+bavli] ; משקל[j:eq:targum+yerushalmi+bavli] || J(מִתְקַל): stumbling, offense || J(מַתְקַל): weight
564	עבדוהי	20		NO ANALYSIS	
565	עבדינ	20	עשה	עבד/n.pl/-/source-form/reviewed choice	{עבד} v תיקן והכשיר[k:def:bavli] ; עבד[j:same:pe:targum+bavli+midrash+yerushalmi] ; עבד[j:same:targum+midrash+bavli+yerushalmi] ; עשה[r:reviewed:pe] || K: to tan | gerben || J(עָבַד bh): to work; to serve, work for.; to do priestly service || J(עֲבַד I ch): to do, labor; to make; to act; to do, fare, prosper; to spend time || J(עֶבֶד bh): slave; servant || J(עֲבַד ch): worshipper
566	פלחנ	20		NO ANALYSIS	{פלחנ} ?  || 
567	קרא	20	מקרא	קרא/-/-/exact/the sense cited from targum	{קרא} n קשוא בצורת בקבוק[k:def:bavli] ; בקי במקרא[k:def] ; קרא[j:same] ; מקרא[j:eq:targum+bavli] ; דלעת[h:wikt] || K: Biblical verse | Bibelvers || J(קָרָא I): pumpkin, gourd; all kinds of gourds || J(קָרָא II): to call || J(קְרָא II): Biblical verse; babboḳer || J(קַרָא): a Biblical scholar, Bible teacher; Pl.; Karaites
568	רישי	20		AMBIGUOUS_SENSE ריש: עומד בראש, נשיא | התחלה | החלק העליון | ארס	{ריש} n ראש, גלגולת[k:def:bavli] ; עומד בראש, נשיא[k:def:targum] ; התחלה[k:def:targum] ; החלק העליון[k:def:targum] ; ארס[k:def:targum] ; ראש[j:eq:targum+bavli+yerushalmi+midrash+tosefta] ; ראש[j:eq:targum] || J(רִישׁ bh): poverty, misery || J(רֵישׁ II): head, chief; beginning, first thing, firstling; at first, formerly || J(רֵישׁ III): drop; poison; pl.
569	תתנונ	20	יהב	יהב/pe.impf.2mp/-/irregular/the sense cited from targum	{יהב} v יהב[j:targum-h:targum] || J(יְהַב): to give; to deal; to put, place
570	אבוהא	19		NO ANALYSIS	
571	אית	19	יש	אית/-/-/reviewed/reviewed form: Krupnik אִית "יש"	{אית} particle יש[k:def:bavli] ; עודי[j:eq:targum+yerushalmi+midrash+bavli] ; יש[j:targum-h:targum] || J(אִית): being, existence; there is, are; est qui; I have, I hold
572	בידכ	19		NO ANALYSIS	
573	ביניכונ	19		NO ANALYSIS	
574	בישא	19	רע	בישא/-/-/reviewed/reviewed form: Jastrow בִּישׁ "bad"	{בישא} adj רע[k:def:midrash] ; חולה[k:def:midrash] || 
575	בעיני	19		NO ANALYSIS	
576	ברא	19		AMBIGUOUS_SENSE ברא: יער, שדה | נקב, חדר	{ברא} n יער, שדה[k:def:targum] ; פרא, מדברי[k:def] ; ברא[k:def:pe] ; נקב[k:def:pe] ; ברא[k:def:tanakh] ; היה בריא וחזק[k:def:bavli] ; נקב, חדר[k:def:pe:targum] || J(בָּרָא I ch): outside, forest || J(בָּרָא II): to create || J(בְּרָא II): son
577	בריכ	19	ברוך	בריכ/-/-/reviewed/reviewed form: Jastrow בְּרִיךְ = h. בָּרוּךְ	{בריכ} v היה ברוך[k:def:itpe:targum] || 
578	ברכ	19		AMBIGUOUS_SENSE ברכ: ברך | בריכה	{ברכ} v ברך[j:same:pe:targum+bavli+midrash] ; ברך[j:same:targum+bavli] ; בריכה[j:eq:targum+bavli] || J(בָּרַךְ bh): to cave out; to select, point out; to bless || J(בְּרַךְ ch): blessed; to bless; to say grace after meal || J(בֶּרֶךְ): knee; a knee-shaped pole; Du. || J(בֶּרֶךְ ² ch): knee; shoots, branches
579	דמה	19	של מה	מה/-/d/exact/the sense cited from targum	{מה} ? כמו[k:def] ; אִם[k:def:bavli] ; מה[j:same:targum+bavli+midrash+yerushalmi] || J(מָה bh): something; anything; what? which?; as … so
580	ואתונ	19	ואתם	pron:אתונ/fixed/w/pronominal/pronominal preposition table	
581	ובננ	19	ובנות שבע	ברת/n.pl/w/source-form/the sense cited from targum	{ברת} n בת, נצר[k:def:yerushalmi+midrash] ; בנות שבע[j:targum-h:targum] || J(בְּרַת I): daughter, child, issue; young tree; figs
582	והיא	19	והיה	הוא/-/w/alias/single sense	{הוא} v היה[k:def:pe:bavli] ; הוא[j:same:targum+yerushalmi+mishnah+bavli] || K: supposed | vorausgesetzt || J(הוּא bh): he, it; she; it is; whosoever, whatsoever; whatever it may be, a minimum || J(הוּא ² ch): myself, thyself
583	ויי	19		AMBIGUOUS_SENSE יי: קיצור שם הויה | מלת הקריאה	{יי} n קיצור שם הויה[k:def:targum] ; מלת הקריאה[k:def:targum] || J(יֳי): Adonai, the Lord || J(יִי): woe!
584	ויסק	19	והס	סלק/pe.impf.3ms/w/irregular/the sense cited from targum	{סלק} v הסיר והעביר[k:def:mishnah] ; הרים[k:def:bavli] ; התרחק[k:def:itpa:midrash] ; מת[k:def:itpa:tosefta] ; סלק[j:same:pe:targum+bavli+midrash] ; הס[j:targum-h:targum] ; עָלָה[h:wikt] ; העלה[r:reviewed:af] || J(סָלַק): to go up, go away; to pile up; to remove; to cause cessation, suspend || J(סְלֵק ch): to rise, go up; to go away; to occur; to stop, hush, keep silence || J(סְלַק): to boil down
585	ויעבד	19		NO ANALYSIS	
586	וסמכיהונ	19		NO ANALYSIS	
587	וקריבו	19		NO ANALYSIS	
588	וקרת	19		NO ANALYSIS	
589	ושמע	19	ושמע	שמע/-/w/exact/the sense cited from targum	{שמע} v שמע והקשיב[k:def:pe:bavli] ; הבין[k:def:pe:bavli] ; שרת[k:def:pa:bavli] ; השמיע[k:def:af:targum] ; הורה, הודיע[k:def:af] ; נשמע[k:def:itpe:bavli] ; נכנע[k:def:itpe:targum] ; שמע[j:same:pe:targum+yerushalmi+bavli+midrash+tanakh] ; נפלו[j:targum-h:targum] ; שמע[j:same:targum+tanakh] ; השמיע[r:reviewed:af] || K: recitation of the Sh'ma (Deut. 6, 4-9) | zweimal täglich zu rezitierender Abschnitt des Pentateuchs || J(שָׁמַע bh): to be still,; to hear, listen, obey; to understand; m’ḳuddash || J(שְׁמַע I ch): he knows of; to understand from, to infer, prove; and || J(שְׁמַע II): Sh’mʿa, the confession of fa
590	ותלתא	19	ושלושה	ותלתא/-/-/reviewed/reviewed form: ו + תְּלָתָא "three"	
591	ותרתינ	19	ושנים	תרי/-/w/alias/reviewed choice	{תרי} v שרה במים[k:def:pe:bavli] ; התרה והזהיר[k:def:af:bavli] ; נשרה[k:def:itpe:targum] ; שנים[k:def:bavli] ; תרי[j:same:targum+bavli+midrash] ; שרה[j:eq:bavli+targum] || J(*תָּרַי): Taray || J(תרי): Hif.; to forewarn; to inform a person about to commit a criminal act of the penalty which  || J(תְּרֵי ch): Af. || J(תְּרֵי ²): to dissolve, soak; to be soaked || J(תְּרֵי ³): two; twelve
592	חובא	19	חטא	חובא/-/-/exact/reviewed choice	{חובא} n חטא[k:def] ; חוק[k:def:targum] ; חוב[j:eq:targum+yerushalmi+bavli+midrash] ; נשים[j:targum-h:targum] ; חוב[j:eq:targum] || K: name of a bird | eine Vogelart || J(חוֹבָא ch): debt; sin, guilt || J(חוּבָא): storage || J(חוּבָּא I ch): lap, bosom || J(חוּבָּא II): ḥubba
593	ידיהונ	19		NO ANALYSIS	
594	כדננ	19		AMBIGUOUS כדננ/ "כך" ~ דננ/ "כזה"	{כדננ} other כך[k:def] || 
595	כפנא	19	רעב	כפנא/-/-/exact/the sense cited from targum	{כפנא} n רעב[k:def:targum+bavli] || 
596	ליליא	19	לילה	ליליא/-/-/reviewed/reviewed form: Jastrow לֵילְיָא = h. לַיְלָה	
597	למברא	19	לעבָרה על פני נהר	מברא/-/l/exact/single sense	{מברא} n עבָרה על פני נהר[k:def] || J(מַבָּרָא): ferry, ford, crossing board
598	למדברא	19	למנהיג	מדברא/-/l/exact/the sense cited from targum	{מדברא} n מדבר[k:def:bavli] ; מנהיג[k:def:targum] ; מדבר[j:same:targum+bavli+midrash] || J(מַדְבְּרָא ch): midbar; thy speech || J(מְדַבְּרָא): leader
599	למטר	19		NO_HEBREW_SENSE מטר	{מטר} n מטר[j:same:targum] || J(מָטָר bh): drip;; rain || J(מָטַר): to let rain
600	לעיני	19		NO ANALYSIS	
601	מאנ	19	מי	מאנ/-/-/reviewed/reviewed form: Krupnik מַאן "מי"	{מאנ} n מי[k:def:bavli] ; קנקן[j:eq:targum+bavli+yerushalmi] || J(מָאַן): Pi.; to deny, refuse; to protest against, to annul one’s marriage || J(מַאן): who?, what?, which?;; who, which || J(מָאן): thing; vessel, utensil; garment, dress
602	ממלל	19	דיבור	ממלל/-/-/exact/the sense cited from targum	{ממלל} n דיבור[k:def:targum] ; פנים[j:targum-h:targum] || J(מַמְלָל): speech
603	מניניהונ	19		NO ANALYSIS	
604	סמכינ	19	בסיס	סמכא/n.pl/-/source-form/the sense cited from targum	{סמכא} n בסיס[k:def:targum] ; ראוי לסמוך עליו[k:def:bavli] || J(סַמְכָא): socket; base; reclining
605	עופא	19	משנה	עופא/-/-/exact/the sense cited from targum	{עופא} ? משנה[j:targum-h:targum] || J(*עוֹפָא II): ‘Ofa
606	פסחא	19	פסח	פסחא/-/-/exact/the sense cited from targum	{פסחא} n חג הפסח[k:def:yerushalmi] ; פסח[j:same:targum+yerushalmi+bavli] ; בטלאים[j:targum-h:targum] || 
607	פתורא	19	שולחן	פתורא/-/-/exact/the sense cited from targum	{פתורא} n שולחן[k:def:bavli+targum] || 
608	קדש	19	קדש	קדש/-/-/exact/the sense cited from targum	{קדש} v קדש[j:same:pe:bavli+targum+midrash] ; נתתי[j:targum-h:targum] || J(קָדַשׁ bh): to be cut off, separated; to be, become pure, sacred, holy; to sanctify || J(קְדַשׁ ch): to be sanctified, sacred; Ithpa.; Pi., to sanctify; to proclaim; to betroth || J(קָדֵשׁ bh): cut off, rejected; sodomite; Fem.
609	שמהנ	19	שמות	שמהנ/-/-/reviewed/reviewed form: plural of שְׁמָא (= h. שֵׁם)	
610	שמע	19	שמע	שמע/-/-/exact/the sense cited from targum	{שמע} v שמע והקשיב[k:def:pe:bavli] ; הבין[k:def:pe:bavli] ; שרת[k:def:pa:bavli] ; השמיע[k:def:af:targum] ; הורה, הודיע[k:def:af] ; נשמע[k:def:itpe:bavli] ; נכנע[k:def:itpe:targum] ; שמע[j:same:pe:targum+yerushalmi+bavli+midrash+tanakh] ; נפלו[j:targum-h:targum] ; שמע[j:same:targum+tanakh] ; השמיע[r:reviewed:af] || K: recitation of the Sh'ma (Deut. 6, 4-9) | zweimal täglich zu rezitierender Abschnitt des Pentateuchs || J(שָׁמַע bh): to be still,; to hear, listen, obey; to understand; m’ḳuddash || J(שְׁמַע I ch): he knows of; to understand from, to infer, prove; and || J(שְׁמַע II): Sh’mʿa, the confession of fa
611	שתה	19		NO_HEBREW_SENSE שתה	{שתה} v ארג[k:def:af:midrash] || 
612	תקיפא	19		NO_HEBREW_SENSE תקיפ	{תקיפ} n תקיף[j:same:targum+bavli] || J(תַּקִּיף bh): strong, powerful; Fem. || J(תַּקִּיף ² ch): strong, mighty; protector; hard, stern, severe; Fem.
613	אבניא	18		NO_HEBREW_SENSE אבנ	{אבנ} n אבן[j:same:targum+midrash+bavli+yerushalmi] || J(אֶבֶן bh): stone; jewel; Stone Chamber || J(אֶבֶן ² ch): weight-stones; black marble stone || J(אֹבֶן): the potter’s turning implement; the passage of the embryo, vagina
614	אימרינ	18	אמר	אימר/n.pl/-/source-form/the sense cited from targum	{אימר} n אמר[j:eq:targum] || J(אֵימַר ch): speech, utterance || J(אִימַר): to retract || J(אִימַּר): thick, heavy; lamb; the
615	בלחודוהי	18		NO ANALYSIS	
616	בסרה	18		NO ANALYSIS	
617	בעדנא	18	הרחיק	בעד/pe.ptcp.1s/-/generated/single sense	{בעד} v הרחיק[k:def:pe:midrash] || J(בעד): to keep off
618	בתריהונ	18	אחריהם	pron:בתריהונ/fixed/-/pronominal/pronominal preposition table	
619	דעלתא	18	של קרבן עולה	עלתא/-/d/exact/the sense cited from targum	{עלתא} n קרבן עולה[k:def:targum] ; עולה[j:eq:targum] || J(עָלָתָא): burnt offering
620	ואמרית	18	ואמרתי	אמר/pe.perf.1s/w/irregular/the sense cited from targum	{אמר} v הלעיט[k:def:af:bavli] ; אמר[j:same:pe:targum+bavli+yerushalmi] ; טלה, כבש[h:wikt] || J(אָמַר I bh): to join, knot; to be knotted, thick;; to heap up;; to join words, compose || J(אֲמַר ch): they say, it is said; Inf; does this mean to say? || J(אָמַר II bh): to be thick, strong; to thrive; to boast, vaunt, be oppressive; to fatten || J(אִמַּר): lamb
621	ואנש	18	ואדם	אינש/-/w/alias/single sense	{אינש} n אדם[k:def:bavli] || J(אֱינָשׁ): being; human being; people
622	ודינ	18	ובא בדין	דינ/-/w/exact/the sense cited from targum	{דינ} v חקר ודרש[k:def:pe:mishnah] ; הוציא מסקנא[k:def:pe:bavli] ; נשפט[k:def:itpe:mishnah] ; נחשב[k:def:itpe:bavli] ; התוכח, ריב[k:def:pa] ; שפט[k:def:pe:yerushalmi] ; הוציא מסקנא[k:def:pe] ; בא בדין[k:def:pe:targum] ; הוציא דין[k:def:pa] ; בא בדין[k:def:itpe:yerushalmi] ; נשפט[k:def:itpe:targum] ; נשפט, נענש[k:def:itpe:targum] ; סברא הגיונית[k:def] ; קל וחומר[k:def:bavli] ; זה[k:def] ; בזה, כאן[k:def] ; כזה, כן[k:def:targum] ; דין[j:same:pe:targum+bavli+tanakh+midrash] ; דין[j:same:targum+midrash+bavli] || J(*דֵּין): faintness, trouble, sickness; Oh! Ah!; Thou || J(דִּין I bh): to rule; to hold court, pass sentence, punish; to argue, conclude || J(דִּין ch): Part; to dispute, quarrel; to decide || J(דִּין II bh): law-suit, claim; judgment, justice, law; equity; argument, analogy || J(דִּין ² ch): law,
623	וחזו	18	ומראה	חזו/-/w/exact/the sense cited from targum	{חזו} n מראה[k:def:targum] || 
624	וידכי	18		NO ANALYSIS	
625	ויתב	18	וישב	יתב/-/w/exact/reviewed choice	{יתב} v ישב[k:def:pe:bavli] ; נתן[k:def:pe:bavli] ; הושיב[k:def:pa:targum] ; הרגיע[k:def:pa] ; הושיב[k:def:af:targum] ; הקשה, שאל[k:def:af] ; נח[k:def:itpe:bavli] ; ישב[j:eq:targum+bavli+tanakh+midrash] ; גור[j:targum-h:targum] ; הושיב[r:reviewed:af] || K: i>to dwell | sich aufhalten || J(יתֵב ch): to sit, dwell; to be inhabited, settled; inhabited || J(יְתֵב II): to give; to place; to give || J(יָתֵב): inhabitant
626	ועדיאת	18		NO ANALYSIS	
627	ופקיד	18	ונתן צו	פקד/pa.perf.3ms/w/source-form/single sense	{פקד} v נתן צו[k:def:pa] ; פקד[j:same:pe:targum+bavli+midrash] || J(פָּקַד bh): to search, examine; to visit; to have marital connection with || J(פְּקַד ch): to command; Ithpa.; Pa.
628	חושנא	18		NO_HEBREW_SENSE חושנ	{חושנא} n  || K: the breast-plate of the Highpriest | Brustschild des Hohenpriesters  ##  {חושנ} n חושן[j:same:targum] || J(חוֹשֶׁן bh): breast-plate; Ephod;
629	לאגחא	18		NO ANALYSIS	
630	ליוספ	18		NO ANALYSIS	
631	ללואי	18	לשמנונית החלב	לואי/-/l/exact/the sense cited from targum	{לואי} n מי יתן[k:def:bavli] ; שמנונית החלב[k:def:targum] || 
632	לקרבא	18	לקרב, מלחמה	קרבתא/n.sg/l/generated-noun/the sense cited from targum	{קרבתא} n קרב, מלחמה[k:def:targum] || 
633	מלרע	18	מלמטה	מלרע/-/-/exact/single sense	{מלרע} adv מלמטה[k:def:yerushalmi] || 
634	מנכונ	18	מכם	pron:מנכונ/fixed/-/pronominal/pronominal preposition table	
635	מעלוי	18		NO ANALYSIS	
636	נפש	18	פרה ורבה	נפש/-/-/exact/the sense cited from targum	{נפש} v נח ושבת[k:def:pe:midrash] ; פרה ורבה[k:def:pe:targum] ; הרבה, הגדיל[k:def:af:bavli] ; נפש[j:same:yerushalmi+targum+midrash+bavli] || J(נָפֵשׁ): Nif.; breathing, resting || J(נֶפֶשׁ bh): resting place; a structure next to; over a tomb. || J(נְפַשׁ ch): monument; soul, will
637	נפשכ	18		NO ANALYSIS	
638	עבדכ	18		NO ANALYSIS	
639	עבדת	18		NO ANALYSIS	
640	עבידת	18		NO ANALYSIS	
641	עזקנ	18		NO ANALYSIS	
642	עממינ	18		NO_HEBREW_SENSE עממ	{עממ} v נעשה כהה[k:def:itpe:targum] ; עמם[j:same:pe:targum] ; עמם[j:same:midrash+targum+bavli] || K: to become dim | erlöschen || K: gentile | Heide || J(עָמַם bh): to be pressed; to be dim; to press, quench || J(עֲמַם I ch): to be dim; to be made or become dim; to make dim || J(עֲמָם): people; gentiles || J(עֲמַם II ch): gentile
643	עשרונינ	18	עשרון	עשרונא/n.pl/-/source-form/the sense cited from targum	{עשרונא} ? עשרון[j:same:targum] || 
644	פתגמ	18	דבר	פתגמ/-/-/exact/the sense cited from targum	{פתגמ} n דבר[j:eq:targum] || J(פִּתְגָּם bh): decree; word; affair, event
645	צפיר	18		NO ANALYSIS	{צפיר} n  || J(צְפִיר): young he-goat; Fem
646	קבל	18	חשיכה	קבל/-/-/exact/the sense cited from targum	{קבל} v צווח, טען[k:def:pe] ; יצא לקראת, ביקר[k:def:bavli] ; קיבל[k:def:mishnah] ; חשיכה[k:def:targum] ; קבל[j:same:pe:targum+bavli] ; ישא נפש[j:targum-h:targum] ; קבל[j:same:pe:targum+bavli+yerushalmi+midrash] ; זעק[j:targum-h:targum] ; חלקות[j:targum-h:targum] || K: to be received, to be accepted | aufgenommen werden || J(קָבַל I bh): to seize; to join, meet, correspond; to receive, accept; to take an obligation upon one’s  || J(קְבַל ch): to visit; to listen, obey; to receive, take, accept || J(קָבַל II): to feel oppressed; to cry; to complain, bring charge
647	קהלא	18		NO_HEBREW_SENSE קהל	{קהל} v נאסף ונתלקט[k:def:itpa:midrash] ; קהל[j:same:targum+bavli+tanakh] || J(קָהַל bh): to call; to assemble; to be assembled || J(קָהָל bh): gathering, congregation; ḳahal || J(קָהָל ² ch): ḳahal; ḳahal
648	רבתא	18	סר	רב/n.pl/-/source-form/the sense cited from targum	{רבתא} ?  || J(רַבְּתָא): great city, capital; amon; amon  ##  {רב} n רב[j:same:targum+midrash+bavli+yerushalmi] ; סר[j:targum-h:targum] || J(רַב I bh): large, great; much; community, public; in public || J(רַב II): superior, master; teacher; Rab, a || J(רַב ch): large, great, numerous; senior; chief, master, teacher; school, academy
649	שמעונ	18		NO ANALYSIS	
650	תטרונ	18		NO ANALYSIS	
651	תקרב	18		NO ANALYSIS	
652	אוליד	17		NO_HEBREW_SENSE ילד	{ילד} v ילד[j:same:pe:targum+bavli+midrash+mishnah+tanakh] ; ילדת[j:targum-h:targum] || J(יָלַד bh): to bear, bring forth; to beget; Hof; Part. pass || J(יְלֵד ch): to bear; to beget; to beget, produce; to act as midwife || J(יֶלֶד bh): child, young man; Fem.; girl, young woman
653	אתגלי	17	נגלה	אתגלי/-/-/reviewed/reviewed form: Jastrow גְּלֵי Ithpe. "to be revealed" (= h. נִגְלָה)	
654	בבית	17		AMBIGUOUS ביתא/ "בבית" ~ פרס/n.pl "בהעריך"	{ביתא} n בית[k:def:bavli] ; בת, מדת הלח[k:def:targum] ; בית[j:same:targum+bavli+midrash+yerushalmi] ; בת[j:eq:targum] || J(בֵּיתָא I ch): Pi.; the case of T’fillin; night-lodging || J(בֵּיתָא II): bath || J(בַּיְתָא): night-bird
655	דאהרנ	17		NO ANALYSIS	
656	דאוליד	17		NO_HEBREW_SENSE ילד	{ילד} v ילד[j:same:pe:targum+bavli+midrash+mishnah+tanakh] ; ילדת[j:targum-h:targum] || J(יָלַד bh): to bear, bring forth; to beget; Hof; Part. pass || J(יְלֵד ch): to bear; to beget; to beget, produce; to act as midwife || J(יֶלֶד bh): child, young man; Fem.; girl, young woman
657	דאנשא	17	שאשכח	נשי/pe.impf.1s/d/generated/the sense cited from targum	{נשי} v שכח[k:def:pe:targum] ; השכיח[k:def:af] ; נשי[j:same:pe:targum+bavli+midrash] || J(נשי bh): to move, slip; gid hannasheh; to discard, forget || J(נְשֵׁי ch): to forget; Ithpe.; to cause to forget
658	דבר	17		AMBIGUOUS_SENSE דבר: מנהיג	{דבר} v נלקח[k:def:itpe:targum] ; התנהל[k:def:itpe:targum] ; מנהיג[k:def:bavli] ; דבר[j:same:pe:targum+bavli+midrash] || K: to lead, to drive | führen, leiten || K: to conduct one's self | sich führen, leben || K: to take | nehmen || J(דָּבַר bh): to join, arrange, lead; to converse, speak; ḥērēsh || J(דְּבַר ch): to seize, take, lead, drive; to conduct one’s self; to lead, drive || J(דָּבָר bh): word, utterance, comm
659	דנחשא	17	של נחושת	נחשא/-/d/exact/reviewed choice	{נחשא} n נחושת[k:def:targum] ; נחש, כשוף[k:def:midrash] || K: a man’s name | männlicher Name
660	דרומא	17	דרום	דרומא/-/-/exact/the sense cited from targum	{דרומא} n נגב[k:def] ; דרום[j:same:targum+midrash+yerushalmi+bavli] || J(דָּרוֹמָא ch): Bar-Daroma
661	והות	17	והיתה	הוה/pe.perf.3fs/w/irregular/reviewed choice	{הוה} v היה[r:reviewed:pe] || J(הַוָּה bh): change; misfortune || J(*הֵוָה): Ḥevah || J(הֲוָהּ): ah!
662	זרעא	17		AMBIGUOUS_SENSE זרע: נטע	{זרע} v נטע[k:def:pe:yerushalmi] ; נזרע[k:def:itpe] ; זרע[j:same:pe:targum+midrash+yerushalmi] ; זרע[j:same:targum+yerushalmi] || K: to sow | säen || J(זָרַע bh): to strew, sow.; to be sown, to be stocked with seed; to emit semen || J(זְרַע I ch): Nif.; Hif. || J(זֶרַע bh): seed;; semen; issue, descent || J(זְרַע II ch): seed-capsule
663	חב	17		AMBIGUOUS_SENSE חוב: היה חייב | גרם נזק | גזע האילן | תפר | מַשה יד	{חוב} v היה חייב[k:def:pe:mishnah] ; גרם נזק[k:def:pe] ; גזע האילן[k:def:bavli] ; תפר[k:def] ; מַשה יד[k:def:mishnah] || J(חוּב bh): to be bound over, seized; to be declared guilty, be sentenced; to be punishable; to be; le || J(חוּב ² ch): to incur guilt, to sin; ḥayaba; ͑ayaba || J(חוֹב I bh): debt, indebtedness; creditor; note of indebtedness || J(חוֹב II bh): bosom; the full ramification of a tree; seam, rim
664	חלמא	17	חלום	חלמא/-/-/exact/the sense cited from targum	{חלמא} n חלום[k:def:bavli] ; חלום[j:eq:targum+bavli] || J(חָלְמָא): dreamer, or interpreter of dreams || J(חֲלָמָא): a sort of cement
665	חמרא	17		AMBIGUOUS_SENSE חמרא: חמוד	{חמרא} n חמוד[k:def:bavli] || J(חַמְרָא): wine || J(חֲמָרָא): ass
666	ידוהי	17		NO ANALYSIS	
667	ידע	17	ידע	ידע/-/-/exact/the sense cited from targum	{ידע} v ידע[j:same:pe:targum+bavli+midrash] ; הודיע[r:reviewed:af] || J(יָדַע bh): to point out, select, love; to recognize, know; to find out; Part. pass || J(יְדַע ch): Hif.; Part. pass; friend
668	יצבע	17		NO ANALYSIS	
669	יתאכל	17		NO ANALYSIS	
670	כהניא	17	כהן	כהנ/n.pl/-/source-form/the sense cited from targum	{כהנ} n כהן[j:eq:targum+bavli] || J(כֹּהֵן bh): standing, stationed; officer; priest || J(כָּהַן bh): Nithpa.; to be appointed priest, to act as priest || J(כָּהֵן ch): Fem || J(כָּהֵן ²): Kahen, Kahăna
671	למפלח	17		NO ANALYSIS	
672	לעמ	17	לעם	עמ/-/l/exact/the sense cited from targum	{עמ} particle עם[j:same:targum] ; עם[j:same:targum+bavli+yerushalmi+mishnah] || J(עִם bh): junction; with, near || J(עַם bh): to press, crowd, join; gathering, crowd, people; gentiles
673	מאימ	17	מאומה	מאימ/-/-/reviewed/reviewed form: Jastrow מְאוּם "anything"	{מאימ} other אולי[k:def:targum] || 
674	מכתש	17		NO ANALYSIS	{מכתש} n  || J(מַכְתֵּשׁ bh): mortar; mortar-shaped cavity; jaw || J(מַכְתַּשׁ): wound, plague, affliction; fem; pounding
675	סהדותא	17	עדות	סהדותא/-/-/exact/single sense	{סהדותא} n עדות[k:def:midrash] || 
676	עבידא	17		AMBIGUOUS עבד/pe.pass.fs "עשויה" ~ עביד/n.sg "עשוי, נהוג"	{עבידא} ?  ||   ##  {עבד} v תיקן והכשיר[k:def:bavli] ; עבד[j:same:pe:targum+bavli+midrash+yerushalmi] ; עבד[j:same:targum+midrash+bavli+yerushalmi] ; עשה[r:reviewed:pe] || K: to tan | gerben || J(עָבַד bh): to work; to serve, work for.; to do priestly service || J(עֲבַד I ch): to do, labor; to make; to act; to do, fare, prosper; to spend time || J(עֶבֶד bh): slave; servant || J(עֲבַד ch): worshipper
677	עברינ	17		NO_HEBREW_SENSE עברא	{עברא} n  || K: i>Riegel || J(עַבְּרָא): Pa.; bar; bolt
678	עשרי	17		NO ANALYSIS	
679	רבונה	17		NO ANALYSIS	
680	שית	17	ששה	שית/-/-/exact/the sense cited from targum	{שית} n יסוד, מסד[k:def:mishnah] ; ששה[k:def:targum+tanakh] ; ששה[k:def:targum+tanakh] ; שש[j:eq:targum+bavli] || J(שִׁית I bh): to place, set, make || J(שִׁית II): foundation; bottom; Shith, a pit by the side of the altar || J(שִׁית III): wild fig.—Pl. || J(שִׁית): six.; sixty; sixteen; sixteenth
681	שני	17		AMBIGUOUS_SENSE שני: חזר, כפל | היה משונה, שונה | שינה והחליף | השיב	{שני} v חזר, כפל[k:def:bavli] ; היה משונה, שונה[k:def:bavli] ; שינה והחליף[k:def:bavli] ; השיב[k:def:bavli] ; שינה והחליף[k:def:af:targum] ; נשתנה ונתחלף[k:def:itpe:bavli] ; שני[j:same:pe:targum+bavli+midrash+mishnah+tanakh] || J(שָׁנִי bh): scarlet; kasshanim?; kasshani || J(שני bh): to repeat, do a second time; to study the Mishnah; to study; to teach || J(שְׁנֵי ch): to repeat; to change; to be different; Part || J(שְׁנֵי ²): two || J(שְׂנֵי): to hate || J(שֵׁנִי bh): second; the second degree of levitical uncleanness, 
682	תמני	17	שמונה	תמני/-/-/exact/the sense cited from targum	{תמני} particle שמונה[k:def:targum] ; שמנה[j:eq:targum+bavli+tanakh+yerushalmi] || J(תַּמְנֵי): eight; eighty; eighteen
683	תקרבונ	17		NO ANALYSIS	
684	אבנא	16		NO_HEBREW_SENSE אבנ	{אבנ} n אבן[j:same:targum+midrash+bavli+yerushalmi] || J(אֶבֶן bh): stone; jewel; Stone Chamber || J(אֶבֶן ² ch): weight-stones; black marble stone || J(אֹבֶן): the potter’s turning implement; the passage of the embryo, vagina
685	אחוכונ	16	צחוק, לעג	חוכ/pe.impf.3mp/-/generated/the sense cited from targum	{חוכ} v חכך[k:def:pe:bavli] ; צחוק, לעג[k:def:targum+bavli] ; חוך[j:same:bavli] || J(חוֹךְ): to rub, scratch || J(חוּךְ II): to hawk; to laugh; to jest with, caress; to laugh at || J(חוֹךְ I): scab || J(חוֹךְ II): laughter, gladness, object of derision
686	אחרנ	16	אחרון	אחרנ/-/-/exact/the sense cited from targum	{אחרנ} n אחרון[j:eq:targum+tanakh+midrash+bavli] || 
687	אמתא	16	אמה	אמתא/-/-/exact/the sense cited from targum	{אמתא} n אמה[k:def:bavli] ; שפחה[k:def:bavli] ; אמה[j:eq:targum+yerushalmi+bavli] || J(אַמְּתָא ch): cubit; membrum virile; enclosure; protection || J(אַמְתָא): hand-maid
688	אעבד	16		NO ANALYSIS	
689	בירא	16	בור · באר	בירא/-/-/exact/two senses	{בירא} n בור[k:def:bavli] ; באר[k:def:bavli] || 
690	במשכא	16	בעור	משכא/-/b/exact/the sense cited from targum	{משכא} n עור[k:def:yerushalmi+midrash+targum] || 
691	גוא	16	תוך, קרב	גוא/-/-/exact/the sense cited from targum	{גוא} n תוך, קרב[k:def:targum] || 
692	גזר	16	גזר	גזר/-/-/exact/the sense cited from targum	{גזר} n חתך, גזר[k:def:bavli] ; גְּזַר דִּין משפט חרוץ[k:def:bavli] ; גזר[j:same:pe:targum+bavli+midrash+yerushalmi] || J(גָּזַר bh): to cut;; to cut off, to guard;; to institute a precautionary measure || J(גְּזַר ch): to cut, split; to make a covenant; to circumcise, have one’s self circumcised || J(גָּזָר): decree; sentence, legal decision, divine dispensation || J(גֶּזֶר): piece; log, club
693	דאברהמ	16		NO ANALYSIS	
694	דיריעתא	16	של מסך	יריעתא/-/d/exact/the sense cited from targum	{יריעתא} n מסך[k:def:targum] ; יריעה[j:same:targum] || J(יְרִיעֲתָא ch): curtain, hanging
695	דמ	16		NO_HEBREW_SENSE דמ	{דמ} n דם[j:same:targum+bavli] || K: money, value, equivalent | Geld, Preis, Entgelt || J(דָּם): liquid; blood; life; fluid; murder || J(דָּם ² ch): blood; life; M’ah; congestion
696	דעל	16		AMBIGUOUS על/ "של על" ~ עלל/pe.perf.3ms "שבא"	{על} n על[j:same:targum+midrash] || J(עַל bh): height; upon, above; about || J(*עָל): plan
697	ואמתא	16	ואמה	אמתא/-/w/exact/the sense cited from targum	{אמתא} n אמה[k:def:bavli] ; שפחה[k:def:bavli] ; אמה[j:eq:targum+yerushalmi+bavli] || J(אַמְּתָא ch): cubit; membrum virile; enclosure; protection || J(אַמְתָא): hand-maid
698	ואנונ	16	והם	pron:אנונ/fixed/w/pronominal/pronominal preposition table	
699	ובר	16	ובן	בר/-/w/exact/reviewed choice	{בר} n בקי[k:def:tosefta] ; בר[j:same:targum+bavli+yerushalmi+midrash] ; שדה[j:eq:targum+bavli+yerushalmi+midrash] ; חוץ[j:eq:targum+bavli+yerushalmi+midrash] ; בן[r:reviewed] || J(בַּר I bh): empty, open; uncultivated ground, forest, prairie;; buffalo || J(בַּר ch): forest, prairie; living in the forest; wild || J(בַּר II ch): son, offspring; grandson; a scholar || J(בַּר III bh): clear, bright, clean, pure; bar || J(בַּר IV bh): sifted; grain
700	וחד	16	ואחד	חד/-/w/exact/the sense cited from targum	{חד} particle אחד[k:def:bavli] ; אחד[j:eq:targum+yerushalmi+bavli] || J(חַד I bh): pointed, sharp; swift; Pl. || J(חַד II): one, singular, particular; like one; together, simultaneously
701	ויכוס	16		NO ANALYSIS	
702	וצלי	16		NO ANALYSIS	
703	זעירא	16	היה קטן	זער/pe.pass.fs/-/generated/single sense	{זער} v היה קטן[k:def:pe] ; הקטין והמעיט[k:def:af:targum] ; נתמעט[k:def:itpe:yerushalmi] || 
704	חגא	16	חג	חגא/-/-/exact/the sense cited from targum	{חגא} n חג ומועד[k:def:bavli] ; חג הסוכות[k:def:midrash] ; חג[j:same:targum+bavli+tanakh+midrash+yerushalmi] ; מועד[j:targum-h:targum] || K: name of an Amora | Name eines Amoräers || J(חַגָּא I ch): ḥag
705	ידעת	16		NO ANALYSIS	
706	יומ	16		NO_HEBREW_SENSE יומ	{יומ} ? יום[j:same:targum+bavli+midrash] || J(יוֹם bh): light, day; astronomical; day; || J(יוֹם ² ch): at once; of the same day, one day old, used the same day; Yoma
707	ילידת	16		NO ANALYSIS	
708	יריענ	16	מסך	יריעתא/n.pl/-/source-form/the sense cited from targum	{יריעתא} n מסך[k:def:targum] ; יריעה[j:same:targum] || J(יְרִיעֲתָא ch): curtain, hanging
709	ישלמ	16		NO ANALYSIS	
710	כחדא	16	יחד	כחדא/-/-/reviewed/reviewed form: Jastrow כַּחֲדָא "together"	{כחדא} adv כאחד, ביחד[k:def:targum] || 
711	לחילא	16	לעמק	חילתא/-/l/alias/single sense	{חילתא} n עמק[k:def] || J(חֵילְתָא): hollow, glen, valley; Pl.
712	לחיליהונ	16		NO ANALYSIS	
713	לחמ	16		NO_HEBREW_SENSE לחמ	{לחמ} v לחם[j:same:targum+bavli+midrash+tanakh] || J(לָחַם I): to join; to be joined, be inserted; to fit, insert; to tenon || J(לָחַם II bh): to join; Nithpa.; to come in || J(לֶחֶם bh): to chew; food, bread;; meat || J(לְחֵם ch): meat, flesh; laḥma
714	ליתוהי	16		NO ANALYSIS	
715	מי	16		AMBIGUOUS_SENSE מי: לאחר | כאשר | האם, כלום	{מי} ? לאחר[k:def:midrash] ; כאשר[k:def:yerushalmi] ; האם, כלום[k:def:bavli] || J(מִי I): from, of; because || J(מִי II ch): who?; which?; he who; who will?; Oh that! || J(מַי): what?; || J(מַי ²): water
716	מית	16		HOMOGRAPH מית "מות" ~ m+ית "מאת"	{מית} v מות[j:eq:targum+bavli+yerushalmi] || J(מִית I ch): to die, be dead; Part.; to cause death, slay || J(מִית II): dead; corpse
717	מלעלא	16		NO ANALYSIS	
718	מערע	16		NO ANALYSIS	
719	עבדי	16	עשה	עבד/n.pl/-/source-form/reviewed choice	{עבד} v תיקן והכשיר[k:def:bavli] ; עבד[j:same:pe:targum+bavli+midrash+yerushalmi] ; עבד[j:same:targum+midrash+bavli+yerushalmi] ; עשה[r:reviewed:pe] || K: to tan | gerben || J(עָבַד bh): to work; to serve, work for.; to do priestly service || J(עֲבַד I ch): to do, labor; to make; to act; to do, fare, prosper; to spend time || J(עֶבֶד bh): slave; servant || J(עֲבַד ch): worshipper
720	עבדתא	16	עשית	עבד/pe.perf.2ms/-/generated/reviewed choice	{עבד} v תיקן והכשיר[k:def:bavli] ; עבד[j:same:pe:targum+bavli+midrash+yerushalmi] ; עבד[j:same:targum+midrash+bavli+yerushalmi] ; עשה[r:reviewed:pe] || K: to tan | gerben || J(עָבַד bh): to work; to serve, work for.; to do priestly service || J(עֲבַד I ch): to do, labor; to make; to act; to do, fare, prosper; to spend time || J(עֶבֶד bh): slave; servant || J(עֲבַד ch): worshipper
721	עינא	16	עין	עינא/-/-/exact/the sense cited from targum	{עינא} n עין[k:def:targum] || 
722	קורבנ	16	קרבן, זבח	קורבנ/-/-/exact/reviewed choice	{קורבנ} ? מנחה, דורון[k:def:bavli] ; קרבן, זבח[k:def:targum+bavli] || 
723	קימיא	16		NO ANALYSIS	
724	קרוי	16	עיר, קריה	קרי/pe.ptcp.ms/-/source-form/the sense cited from targum	{קרוי} n  || J(קָרוֹי): reading.; Biblical scholar  ##  {קרי} n עיר, קריה[k:def:targum] ; קרי[j:same:pe:targum+bavli+midrash+tanakh+yerushalmi+other] ; קרי[j:same:pe:bavli] || J(קרי ² bh): to call, name; to invite; yeraëh; those called up to read from the Torah || J(קְרֵי I ch): to call, name, invite; to read; evil || J(קרי ³): to join; to meet; to meet, join || J(קְרֵי II ch): to join; to do something by accident; to happen || J(קרי ⁴): Pi.; to lay beams; to cover; to wa
725	קרוינ	16	נר של שעוה	קרוינ/-/-/exact/single sense	{קרוינ} n נר של שעוה[k:def:midrash] || 
726	רברביא	16		NO_HEBREW_SENSE רברבא	{רברבא} n  || J(רַבְרְבָא): great; great man; prince, officer.; Pl.; Fem.
727	רישא	16	ראש	רישא/-/-/reviewed/reviewed form: Krupnik רֵישׁ "ראש, גלגולת" (first alternative); the Gemara's רישא = the head (first clause)	
728	שבתא	16	שבתון	שבתא/-/-/exact/the sense cited from targum	{שבתא} n שבתון[k:def:targum] ; שבת[j:same:targum+bavli+yerushalmi+midrash] ; שבתון[j:targum-h:targum] || J(שַׁבְּתָא ch): Sabbath; sing.; week || J(שְׁבָתָא): rest, solemn observance
729	שתינ	16	ששים	שתינ/-/-/exact/single sense	{שתינ} particle ששים[k:def:midrash] || 
730	תחומ	16	גבול	תחומ/-/-/exact/the sense cited from targum	{תחומ} n גבול[k:def:tosefta+targum] ; תחום[j:same:targum+yerushalmi+bavli] || J(תְּחוּם): surrounded, marked place; dominion, area, district, border, limits; pl. || J(תְּחוּם ² ch): at the place assigned for scholars’ meetings, the school house
731	אילנ	15	עץ	אילנ/-/-/exact/single sense	{אילנ} n עץ[k:def:midrash] ; אילן[j:same:targum+bavli+midrash] || J(אִילָּן): oak; tree.
732	אלהינ	15		NO ANALYSIS	{אלהינ} ?  || J(אִלָּהֵין): but that, unless, except, only; even only; so much the more
733	אמרא	15	אומרת	אמר/pe.ptcp.fs/-/irregular/the sense cited from targum	{אמר} v הלעיט[k:def:af:bavli] ; אמר[j:same:pe:targum+bavli+yerushalmi] ; טלה, כבש[h:wikt] || J(אָמַר I bh): to join, knot; to be knotted, thick;; to heap up;; to join words, compose || J(אֲמַר ch): they say, it is said; Inf; does this mean to say? || J(אָמַר II bh): to be thick, strong; to thrive; to boast, vaunt, be oppressive; to fatten || J(אִמַּר): lamb
734	אשכח	15		AMBIGUOUS_SENSE שכח: מצא	{שכח} v שכח, נשמט מזכרונו[k:def:pe:yerushalmi] ; מצא[k:def:af:bavli] ; נמצא[k:def:itpe:bavli] ; נשכח[k:def:itpe:bavli] ; שכח[j:same:pe:yerushalmi+bavli] ; נמצא[j:eq:targum+bavli+yerushalmi+midrash] ; נמצא[j:eq:itpe:targum+bavli+midrash] ; מצא[r:reviewed:af] || J(שָׁכַח bh): to sink,; to forget, discard; forgetting || J(שְׁכַח ch): to be forgotten || J(שְׁכַח II): Af.; to uncover,; to find
735	בסעדכ	15		NO ANALYSIS	
736	בקרויכ	15		NO ANALYSIS	
737	ברמשא	15	בערב	רמשא/-/b/exact/the sense cited from targum	{רמשא} n ערב[k:def:targum+yerushalmi] || 
738	דבבכ	15		NO ANALYSIS	
739	דביש	15	של רע · של חולה	ביש/-/d/exact/two senses	{ביש} adj רע[k:def:midrash] ; חולה[k:def:midrash] ; רַע[h:wikt] || J(בִּישׁ I): bad, wrong; ill, sick; the sick
740	דדהבא	15	של זהב	דהבא/-/d/exact/reviewed choice	{דהבא} n זהב[k:def:yerushalmi] ; מטבע של זהב[k:def:bavli] || 
741	דיניא	15	דין ומשפט	דינא/n.pl/-/generated-noun/reviewed choice	{דינא} n דין ומשפט[k:def:bavli] ; ריב[k:def] ; שופט[k:def] || 
742	דכיא	15	טהור	דכיא/-/-/exact/the sense cited from targum	{דכיא} adj טהור[k:def:targum+tanakh] || 
743	דמתקבל	15		NO ANALYSIS	
744	דרבותא	15	של חדוש, דבר פלא	רבותא/-/d/exact/reviewed choice	{רבותא} n יתרון[k:def] ; חדוש, דבר פלא[k:def:bavli] || J(רְבוּתָא): greatness, dignity, office; anointment; a great thing, something remarkable || J(רַבּוּתָא): seniority; superiority
745	הינא	15	הין	הינא/-/-/exact/the sense cited from targum	{הינא} n נא, אפוי למחצה[k:def] ; הין[j:same:targum] || K: a liquid measure | ein Mass für Flüssigkeit || J(הֶינָא): one || J(*הַיָנָא): quick-baked, half-baked
746	וארעא	15	ואדמה, ארץ	ארעא/-/w/exact/reviewed choice	{ארעא} n אדמה, ארץ[k:def:bavli+targum] ; מקרה[k:def:targum] ; פגע[k:def] || J(אִרְעָא): accident, occurrence; evils, diseases || J(אַרְעָא): land, earth, ground, field; gout, sore on the toes; fields
747	ובוצ	15		NO ANALYSIS	
748	ודבש	15		NO ANALYSIS	
749	וחפא	15		NO ANALYSIS	
750	ויתיב	15	וישב	יתב/-/w/alias/reviewed choice	{יתב} v ישב[k:def:pe:bavli] ; נתן[k:def:pe:bavli] ; הושיב[k:def:pa:targum] ; הרגיע[k:def:pa] ; הושיב[k:def:af:targum] ; הקשה, שאל[k:def:af] ; נח[k:def:itpe:bavli] ; ישב[j:eq:targum+bavli+tanakh+midrash] ; גור[j:targum-h:targum] ; הושיב[r:reviewed:af] || K: i>to dwell | sich aufhalten || J(יתֵב ch): to sit, dwell; to be inhabited, settled; inhabited || J(יְתֵב II): to give; to place; to give || J(יָתֵב): inhabitant
751	ולדא	15	ולזו	דא/-/wl/exact/the sense cited from targum	{דא} n זו[j:eq:targum+bavli+yerushalmi+midrash] || K: this | sie, diese || K: but | aber || J(דָּא I): this; not in this case || J(דָּא II): da da
752	חלב	15	הוציא חלב מן הדד · נתן חלב	חלב/-/-/exact/two senses	{חלב} v הוציא חלב מן הדד[k:def] ; נתן חלב[k:def] ; חלב[j:same:targum+yerushalmi+bavli] ; חלב[j:same:yerushalmi] ; חלב[j:same:bavli] || J(חָלָב bh): secretion; milk; the boiling of meat with milk, the prohibitory law concerning || J(חָלַב): to milk; to yield milk; to be milked || J(חֵלֶב bh): fatty concretion; that abdominal fat of cattle which it is forbidden to eat, ḥeleb; ḥeleb || J(*חֵלֶב ch): a viscous substance, glair
753	טבתא	15	היה טוב	טב/-/-/alias/the sense cited from targum	{טב} v היה טוב[k:def:pe:targum] ; היטיב[k:def:af] ; טוב[k:def:bavli] ; שוה[k:def:yerushalmi] ; ראש ונשיא[k:def:yerushalmi] ; יותר[k:def:bavli] ; טוב[j:eq:targum] ; טוב[h:wikt] || J(טַב I): to be good, well; to feel well, be satisfied, fare well; to do good || J(טַב II): good, precious; worth, valued; best man, elder, officer
754	ימותונ	15		NO_HEBREW_SENSE מות	{מות} v מות[j:same] ; מות[j:same:targum+bavli] || J(מוֹת bh): to die.; to put to death; to cause death; to be put to death || J(מָוֶת bh): death. || J(מוֹת ² ch): poison; fem
755	לזנה	15		NO ANALYSIS	
756	לקימ	15		AMBIGUOUS_SENSE קיימ: הי, נמצא | כשר, יש לו תוקף	{קיימ} adj הי, נמצא[k:def:bavli] ; כשר, יש לו תוקף[k:def:yerushalmi] ; קיים[j:same:targum+bavli+yerushalmi+tanakh+midrash] || J(קְיֵים): live! || J(קַיָּים): existing, enduring, lasting; valid || J(קְיָים): that which is established; law, statute; covenant; oath, vow
757	מימרה	15	לומר	אמר/pe.inf/-/irregular/the sense cited from targum	{אמר} v הלעיט[k:def:af:bavli] ; אמר[j:same:pe:targum+bavli+yerushalmi] ; טלה, כבש[h:wikt] || J(אָמַר I bh): to join, knot; to be knotted, thick;; to heap up;; to join words, compose || J(אֲמַר ch): they say, it is said; Inf; does this mean to say? || J(אָמַר II bh): to be thick, strong; to thrive; to boast, vaunt, be oppressive; to fatten || J(אִמַּר): lamb
758	מקדשא	15	מקדש	מקדשא/-/-/reviewed/reviewed form: Jastrow מַקְדְּשָׁא = h. מִקְדָּשׁ	
759	נחלא	15	חוצות	נחל/-/-/alias/the sense cited from targum	{נחל} n נחל[j:same:targum] ; חוצות[j:targum-h:targum] || J(נַחַל bh): wady, river-bed, ravine, stream; naḥal || J(נָחַל bh): to inherit.; to transmit by legal succession; to give in possession
760	סב	15		AMBIGUOUS_SENSE סב: שב | זקן	{סב} adj זקן[k:def:yerushalmi] ; חכם, מלומד[k:def] ; שב[j:eq:targum+bavli+midrash+tanakh+yerushalmi] ; זקן[j:eq:targum+bavli+midrash+tanakh+yerushalmi] || J(סָב ch): grey, old; elder; ancestor; scholar; grandfather; Fem
761	עבדיכ	15		NO ANALYSIS	
762	עולמתא	15	נערה, בתולה	עולימתא/-/-/alias/the sense cited from targum	{עולימתא} n נערה, בתולה[k:def:targum] || 
763	עלו	15	באו	עלל/pe.perf.3mp/-/irregular/the sense cited from targum	{עלל} v טיפל, עסק[k:def:pe:midrash] ; נכנס[k:def:pe] ; בא[k:def:pe:targum] ; הביא[k:def:af:targum] ; הובא והושם[k:def:itpe:targum] ; עלל[j:same:pe:targum+yerushalmi+bavli+midrash+tanakh] ; בול[j:targum-h:targum] ; הכניס[r:reviewed:af] || J(עָלַל bh): Pol. to bring about; to go about; to superintend, be busy || J(עֲלַל I ch): to enter a town, a house; to come in; to set || J(עֲלַל II): that which is brought in; harvest, provision; income; ʿălalta
764	עלל	15	בא	עלל/-/-/exact/the sense cited from targum	{עלל} v טיפל, עסק[k:def:pe:midrash] ; נכנס[k:def:pe] ; בא[k:def:pe:targum] ; הביא[k:def:af:targum] ; הובא והושם[k:def:itpe:targum] ; עלל[j:same:pe:targum+yerushalmi+bavli+midrash+tanakh] ; בול[j:targum-h:targum] ; הכניס[r:reviewed:af] || J(עָלַל bh): Pol. to bring about; to go about; to superintend, be busy || J(עֲלַל I ch): to enter a town, a house; to come in; to set || J(עֲלַל II): that which is brought in; harvest, provision; income; ʿălalta
765	ערית	15		NO ANALYSIS	
766	פקודוהי	15		NO ANALYSIS	
767	פרסא	15		AMBIGUOUS_SENSE פרסא: פרס | פרסה	{פרסא} n מסך[k:def:midrash+bavli] ; רשת[k:def:tosefta+bavli] ; פרס[j:same:targum+bavli] ; מסך[j:targum-h:targum] ; פרסה[j:eq:targum+bavli] || K: Persian | persisch || J(פְּרָסָא ch): curtain, cover; sifting nets || J(פַּרְסָא): Persian mile.; Persian
768	קרח	15	קרח	קרח/-/-/exact/the sense cited from targum	{קרח} n קרח[j:same:targum] ; קרח[j:same:pe:bavli+yerushalmi] ; קרח[j:eq:targum+bavli+yerushalmi] || J(קֵרֵחַ bh): bald, bald head; Fem || J(קָרַח bh): to be round and smooth; to make a bald spot; to become bald, hairless, smooth || J(קְרַח I ch): to make bald; to become bald || J(קֶרַח): baldness; ḳeraḥ; ḳorḥah? || J(קְרַח II): peas; sores; ḳarḥim
769	שרנ	15		NO ANALYSIS	
770	תגלי	15		NO ANALYSIS	
771	תימר	15	תאמר	אמר/pe.impf.2ms/-/irregular/the sense cited from targum	{אמר} v הלעיט[k:def:af:bavli] ; אמר[j:same:pe:targum+bavli+yerushalmi] ; טלה, כבש[h:wikt] || J(אָמַר I bh): to join, knot; to be knotted, thick;; to heap up;; to join words, compose || J(אֲמַר ch): they say, it is said; Inf; does this mean to say? || J(אָמַר II bh): to be thick, strong; to thrive; to boast, vaunt, be oppressive; to fatten || J(אִמַּר): lamb
772	תקבלונ	15		NO ANALYSIS	
773	אוספ	14		NO ANALYSIS	{אוספ} n  || J(אוֹסֶף bh): gathering in
774	אחתה	14		NO ANALYSIS	
775	אילנא	14	עץ	אילנ/-/-/alias/single sense	{אילנ} n עץ[k:def:midrash] ; אילן[j:same:targum+bavli+midrash] || J(אִילָּן): oak; tree.
776	אליונ	14	בוהן, אגודל	אליונ/-/-/exact/single sense	{אליונ} n בוהן, אגודל[k:def:midrash+bavli] ; אליון[j:same:targum+bavli] || J(אַלְיוֹן): thumb, great toe.
777	אמרת	14	אתה אומר	אמר/pe.ptcp.2ms/-/irregular/the sense cited from targum	{אמר} v הלעיט[k:def:af:bavli] ; אמר[j:same:pe:targum+bavli+yerushalmi] ; טלה, כבש[h:wikt] || J(אָמַר I bh): to join, knot; to be knotted, thick;; to heap up;; to join words, compose || J(אֲמַר ch): they say, it is said; Inf; does this mean to say? || J(אָמַר II bh): to be thick, strong; to thrive; to boast, vaunt, be oppressive; to fatten || J(אִמַּר): lamb
778	אסתמר	14	נשמר ונזהר	סמר/itpe.perf.3ms/-/source-form/the sense cited from targum	{סמר} v נעץ מסמרים במקל[k:def:pa:mishnah] ; נשמר ונזהר[k:def:itpe:targum+tanakh] ; שמר[j:eq:targum] || J(סָמַר): to stand erect, bristle; to nail, fasten; to stud with nails. || J(סְמַר II): Ithpa.; to take heed, beware
779	ארחא	14	דרך	ארחא/-/-/exact/the sense cited from targum	{ארחא} n דרך[k:def:targum] ; אורח[k:def:yerushalmi] ; אור[k:def:yerushalmi] || J(אָרְחָא): traveler, guest; path || J(אַרְחָא): lath
780	באנשא	14		NO ANALYSIS	
781	בוסמינ	14	בשמים	בוסמ/n.pl/-/source-form/the sense cited from targum	{בוסמ} n בשמים[k:def:bavli+targum] ; בוסם[j:same:targum] || J(בֹּוסֶם bh): flavor, perfume, spices
782	בניא	14	בלן	בניא/-/-/exact/single sense	{בניא} n בלן[k:def] || 
783	בשמא	14	בשם	בשמא/-/-/reviewed/reviewed form: ב + שְׁמָא	
784	בתרכ	14	אחריך	pron:בתרכ/fixed/-/pronominal/pronominal preposition table	
785	גדיי	14	עז	גדי/n.sg/-/source-form/the sense cited from targum	{גדי} v כרת, החרים[k:def:pa:bavli] ; תבואה שלא בשלה[k:def] ; גדי[j:same:targum+bavli+tanakh] ; עז[j:targum-h:targum] || K: the Capricorn, a sign in the Zodiac | das Sternbild Ziegenbock || J(*גְּדֵי): to cut, divide, assign; to cut off, excommunicate; gadd’yeh || J(גְּדִי bh): kid; young animal; g’di izzim
786	גיורא	14	גר	גיורא/-/-/exact/reviewed choice	{גיורא} n זר[k:def:bavli] ; גר[k:def:yerushalmi] ; נואף[k:def:targum] ; נואף[k:def:targum] ; זנות[k:def:targum] || J(גַּיּוֹרָא): adulterer, wencher, lewd man
787	דבביכונ	14		NO ANALYSIS	
788	דבוצ	14		NO ANALYSIS	
789	דלמא	14		AMBIGUOUS דילמא/ "שמא, אולי" ~ מא/ "שלמה"	{דלמא} n  || K: perhaps | vielleicht || K: fact | Tatsache  ##  {דילמא} n שמא, אולי[k:def:bavli] ; עובדה[k:def:yerushalmi] ; מכסה[k:def] ; שמא[j:eq:tanakh+targum+bavli+midrash] || J(דִּילְמָא): for why; lest, perhaps; perhaps, it may be || J(דִּילְמָא ²): here is a confirmation; an illustration
790	וארבעינ	14		NO_HEBREW_SENSE ארבעה	{ארבעה} n ארבעה[j:same:targum+bavli+midrash] || J(אַרְבָּעָה I): four; forty || J(אַרְבְּעָה ch): the fourth; forty; fourteen, fourteenth || J(*אַרְבָּעָה II): couching
791	ובדיל	14	ובשל	בדיל/-/w/exact/the sense cited from targum	{בדיל} other בשביל[k:def:midrash] ; כדי[k:def] ; בשל[j:eq:targum+midrash+yerushalmi+bavli] || J(בְּדִיל): as to what refers to; on account of, for the sake of, in order that
792	ובנא	14	ועשה בנין	בנא/-/w/exact/the sense cited from targum	{בנא} v עשה בנין[k:def:pe:targum] ; נבנה כמקדם[k:def:itpe:yerushalmi] || 
793	וחזת	14		NO ANALYSIS	
794	וחמשא	14		NO_HEBREW_SENSE חמש	{חמש} n חמש[j:same:targum+bavli] || J(חָמֵשׁ bh): five; fifty; to divide into five || J(חֲמֵשׁ ch): fifty; fifteen
795	וידי	14		NO_HEBREW_SENSE ידי	{ידי} v הודה על האמת, התודה[k:def:bavli] ; הביע את תודתו[k:def:targum] || J(ידי bh): to point, move; to raise hands; to thank, acknowledge; to give praise || J(יְדִי ch): Ithpa.; to confess; Hif.
796	ויעבדונ	14		NO ANALYSIS	
797	ויתנונ	14		NO ANALYSIS	
798	ולבניכ	14		NO ANALYSIS	
799	ולנכסת	14	ולזבח	נכסא/n.sg/wl/source-form/the sense cited from targum	{נכסא} n זבח[k:def:targum] ; נכסים[k:def:bavli] ; זבח[j:eq:targum+bavli] ; טבח[j:targum-h:targum] || J(נִכְסָא): slaughter; slaughtering; sacrifice, feast; ritually cut throat
800	ונסיבו	14		NO ANALYSIS	
801	ונסכיהונ	14		NO ANALYSIS	
802	וקרב	14	וקרב	קרב/-/w/exact/the sense cited from targum	{קרב} v נעשה קרוב[k:def:itpa:midrash] ; קרב, נגע[k:def] ; הגין[k:def:yerushalmi] ; קרב[j:same:pe:targum+mishnah+yerushalmi+bavli+midrash] ; תנגשו[j:targum-h:targum] ; קרב[j:same:targum+tosefta+bavli+midrash] || K: to do in near intervals | häufen, in kurzen Intervallen tun || J(קָרֵב bh): to join, come near, be near; to be offered as; to come before court; to sue, complain; to  || J(קְרֵב ch): to be near, come near, touch; to intercede, protect; to complain, sue || J(קֶרֶב bh): inside, intestine.; Du.; inn
803	ותיכול	14		NO ANALYSIS	
804	יתנא	14	אותנו	pron:יתנא/fixed/-/pronominal/pronominal preposition table	
805	לזנוהי	14		NO ANALYSIS	
806	למנחתא	14	לקרבן מנחה	מנחתא/-/l/exact/the sense cited from targum	{מנחתא} n קרבן מנחה[k:def:targum] ; מנחה[j:eq:targum+bavli+midrash] || J(מִנְחָתָא ch): offering; meal offering; afternoon, afternoon prayer, Minḥah
807	לרעוא	14	לרועה	רעוא/-/l/exact/the sense cited from targum	{רעוא} n רועה[k:def:targum] ; רצוי[j:targum-h:targum] || J(רַעְוָא): will, pleasure || J(רַעְוָא ²): shepherd;
808	לתרינ	14	לשנים	תרינ/-/l/exact/the sense cited from targum	{תרינ} particle שנים[k:def:targum] || 
809	מאתנ	14	מאתים	מאתנ/-/-/exact/the sense cited from targum	{מאתנ} particle מאתים[k:def:targum] || 
810	מבינכ	14	מבינך	pron:בינכ/fixed/m/pronominal/pronominal preposition table	
811	מבני	14		AMBIGUOUS_SENSE חור: הלבין, היה לבן	{חור} v הלבין, היה לבן[k:def:pe:bavli] ; ליבן[k:def:bavli] ; בירר[k:def:midrash] ; חור[j:same:pe:targum+bavli+midrash] || J(חָוַר bh): to perforate; to be transparent, white, clear; to make clear, evident; Part. pass || J(חֲוַר ch): to be white, to shine; Pa.; to be bright, to look with gratification || J(חוּר I): to bore || J(חוֹר I bh): hole, cavity; ant’s store || J(חוֹר II bh): white garments; freedom;; free, freed
812	מותא	14		NO_HEBREW_SENSE מות	{מותא} n  || J(מוֹתָא II): oath  ##  {מות} v מות[j:same] ; מות[j:same:targum+bavli] || J(מוֹת bh): to die.; to put to death; to cause death; to be put to death || J(מָוֶת bh): death. || J(מוֹת ² ch): poison; fem
813	מטרא	14	משמר, מצפה	מטרא/-/-/exact/the sense cited from targum	{מטרא} n משמר, מצפה[k:def:targum] ; מטר[j:eq:targum+bavli] ; אורו[j:targum-h:targum] || J(מִטְרָא ch): sing; womb
814	מנינ	14	מאין, מהיכן	מנינ/-/-/exact/single sense	{מנינ} particle מאין, מהיכן[k:def:tosefta] ; מנין[j:same:targum+bavli+yerushalmi] || J(מִנְיָן bh): number, count; ballot, vote; the requisite number of males for congregational worship || J(מִנְיַן ch): one
815	מננא	14	ממנו	pron:מננא/fixed/-/pronominal/pronominal preposition table	
816	מערבא	14	מערב	מערבא/-/-/exact/the sense cited from targum	{מערבא} n מערב[k:def:targum] ; ארץ ישראל[k:def:bavli] ; מערב[j:same:targum+bavli+midrash] ; ערב יום[j:targum-h:targum] || J(מַעֲרָבָא ch): the West, Palestine
817	מקדמכ	14	מלפניך	pron:קדמכ/fixed/m/pronominal/pronominal preposition table	
818	נתקא	14	נתק	נתקא/-/-/exact/the sense cited from targum	{נתקא} ? נתק[j:same:targum] || 
819	סגירותא	14	צרעת	סגירותא/-/-/exact/the sense cited from targum	{סגירותא} n צרעת[k:def:targum+tanakh] || 
820	עינוהי	14		NO ANALYSIS	
821	עלנא	14	עלינו	pron:עלנא/fixed/-/pronominal/pronominal preposition table	
822	עסר	14		NO ANALYSIS	
823	פקודיא	14		NO_HEBREW_SENSE פקוד	{פקוד} n  || J(פָּקוּד): mustered, included in the census
824	פרסנה	14		NO ANALYSIS	
825	פתיה	14	פתי	פתיא/-/-/alias/the sense cited from tanakh	{פתיא} n פתי[j:same:midrash+tanakh+bavli] || K: i>Kind | || K: a vessel | ein Gefäß || J(פַּתְיָא I ch): inexperienced, child, lad; p’thaim; pathia || J(פַּתְיָא II): a wide earthen vessel, pot; open place, street; drinking vessel
826	קביל	14	חשיכה	קבל/-/-/alias/the sense cited from targum	{קבל} v צווח, טען[k:def:pe] ; יצא לקראת, ביקר[k:def:bavli] ; קיבל[k:def:mishnah] ; חשיכה[k:def:targum] ; קבל[j:same:pe:targum+bavli] ; ישא נפש[j:targum-h:targum] ; קבל[j:same:pe:targum+bavli+yerushalmi+midrash] ; זעק[j:targum-h:targum] ; חלקות[j:targum-h:targum] || K: to be received, to be accepted | aufgenommen werden || J(קָבַל I bh): to seize; to join, meet, correspond; to receive, accept; to take an obligation upon one’s  || J(קְבַל ch): to visit; to listen, obey; to receive, take, accept || J(קָבַל II): to feel oppressed; to cry; to complain, bring charge
827	קדומא	14		AMBIGUOUS_SENSE קדומא: מזרח | השכמת הבוקר	{קדומא} n מזרח[k:def:targum] ; השכמת הבוקר[k:def:targum] || 
828	קורבנא	14	קרבן, זבח	קורבנא/-/-/exact/reviewed choice	{קורבנא} ? מנחה, דורון[k:def:bavli] ; קרבן, זבח[k:def:targum+bavli] || 
829	קטרת	14		NO ANALYSIS	{קטרת} n  || J(קְטֹרֶת bh): incense
830	רבני	14		NO ANALYSIS	
831	רברבינ	14		NO ANALYSIS	
832	שוי	14	עולה בערך, במחיר פלוני · זול	שוי/-/-/exact/two senses	{שוי} n עולה בערך, במחיר פלוני[k:def:bavli] ; זול[k:def:bavli] ; שוי[j:same:pe:targum+yerushalmi+bavli+tanakh] ; שוי[j:same:bavli] ; שוה[j:eq:midrash+bavli] || K: a thing) moderate in price | Preiswertes || J(שוי bh): to join, combine; to be even, equal, alike; to be of value || J(שְׁוֵי ch): to be alike; to be worthy, deserve; to do alike, retaliate. || J(שְׁוִי): equivalent, value || J(שָׁוְי): valued, worth; worth its money, cheap
833	שכנתה	14		NO ANALYSIS	
834	שקר	14		NO_HEBREW_SENSE שקר	{שקר} v שקר[j:same:pe:targum+bavli+midrash] ; שקר[j:same:targum+bavli+midrash] || K: to be proved to be a liar | Lügen gestraft werden || J(שָׁקַר bh): to be false; to lie; to defraud; mah li l’shaḳḳer || J(שְׁקַר I ch): Pe. || J(שַׁקָּר): liar || J(שֶׁקֶר bh): lie, falsehood, vanity; sheḳer; sheḳer
835	תפלח	14		NO ANALYSIS	
836	אחסנתהונ	13		NO ANALYSIS	
837	אנשי	13	השכיח	נשי/af.perf.3ms/-/source-form/single sense	{נשי} v שכח[k:def:pe:targum] ; השכיח[k:def:af] ; נשי[j:same:pe:targum+bavli+midrash] || J(נשי bh): to move, slip; gid hannasheh; to discard, forget || J(נְשֵׁי ch): to forget; Ithpe.; to cause to forget
838	אעא	13	עץ	אע/-/-/alias/the sense cited from targum	{אע} n עץ[j:targum-h:targum] || J(אָע ch): wood, woods;; wooden handle.; Hebr.
839	ארכא	13	ארוכה	ארכא/-/-/exact/the sense cited from targum	{ארכא} n ארוכה[j:eq:targum] || J(אַרְכָא I): meshes, ranges, intervals || J(אַרְכָא II): duration, term, limit; extension of time. || J(אַרְכָא III): healing, restoration
840	ארעה	13		NO ANALYSIS	
841	ארעכ	13		NO ANALYSIS	
842	בביתא	13	בבה	בביתא/-/-/exact/the sense cited from targum	{בביתא} n בבה[j:eq:targum+bavli] || K: pupil of the eye | Augapfel || J(בָּבִיתָא I): the innermost; pupil of the eye; their || J(*בָּבִיתָא II): gutter, outlet
843	בחד	13	באחד	חד/-/b/exact/the sense cited from targum	{חד} particle אחד[k:def:bavli] ; אחד[j:eq:targum+yerushalmi+bavli] || J(חַד I bh): pointed, sharp; swift; Pl. || J(חַד II): one, singular, particular; like one; together, simultaneously
844	בינכ	13	בינך	pron:בינכ/fixed/-/pronominal/pronominal preposition table	
845	בשר	13		NO_HEBREW_SENSE בשר	{בשר} v פַעֵל[k:def] ; נתבשר[k:def:itpe:targum] ; בשר[j:same:pe:targum] || J(בָּשַׂר): to be sweet, pleasant; to gladden, to bring good tidings to;; to announce || J(בְּשַׂר ch): to be glad;; Pa.; Pi. || J(בָּשָׂר bh): ripe, warm, sweet, well-looking;; body; flesh, meat
846	דילי	13	שלי	pron:דילי/fixed/-/pronominal/pronominal preposition table	{דילי} other  || K: mine; your | mein; euer
847	דכיר	13	זכור	דכיר/-/-/exact/the sense cited from targum	{דכיר} n זכור[j:eq:targum+bavli] || J(דְּכִיר): remembered, reminded, mindful
848	דמות	13		NO_HEBREW_SENSE דמות	{דמות} n דמות[j:same:targum+midrash] || J(דָּמוּת): gossip || J(דְּמוּת bh): resemblance, image; man’s divine image; designs
849	דמליל	13		NO ANALYSIS	
850	דמצראי	13	של מצרי	מצראי/-/d/exact/the sense cited from targum	{מצראי} adj מצרי[k:def:targum] || 
851	דמשכ	13	של עור	משכ/-/d/exact/the sense cited from targum	{משכ} n עור[k:def:yerushalmi+midrash+targum] ; משך[j:same:pe:targum+bavli+midrash+tanakh] || J(משַׁךְ bh): to draw, pull; to seize;; to withdraw;; to stretch, produce a continuous line or flow; to  || J(מְשַׁךְ I ch): to draw, carry along; to attract; to run in a continuous line; to be prolonged, continued || J(מְשַׁךְ II): hide, skin
852	דסופ	13		NO ANALYSIS	
853	ואתתא	13	ואשה	איתתא/-/w/alias/single sense	{איתתא} n אשה[k:def] || 
854	ודא	13	וזה	ודא/-/-/reviewed/reviewed form: ו + דָּא	
855	ויימרונ	13	ויאמרו	אמר/pe.impf.3mp/w/irregular/the sense cited from targum	{אמר} v הלעיט[k:def:af:bavli] ; אמר[j:same:pe:targum+bavli+yerushalmi] ; טלה, כבש[h:wikt] || J(אָמַר I bh): to join, knot; to be knotted, thick;; to heap up;; to join words, compose || J(אֲמַר ch): they say, it is said; Inf; does this mean to say? || J(אָמַר II bh): to be thick, strong; to thrive; to boast, vaunt, be oppressive; to fatten || J(אִמַּר): lamb
856	וישתבק	13		NO ANALYSIS	
857	ומנחתהונ	13		NO ANALYSIS	
858	ומניניהונ	13		NO ANALYSIS	
859	ומשה	13		NO ANALYSIS	
860	וקביל	13	וחשיכה	קבל/-/w/alias/the sense cited from targum	{קבל} v צווח, טען[k:def:pe] ; יצא לקראת, ביקר[k:def:bavli] ; קיבל[k:def:mishnah] ; חשיכה[k:def:targum] ; קבל[j:same:pe:targum+bavli] ; ישא נפש[j:targum-h:targum] ; קבל[j:same:pe:targum+bavli+yerushalmi+midrash] ; זעק[j:targum-h:targum] ; חלקות[j:targum-h:targum] || K: to be received, to be accepted | aufgenommen werden || J(קָבַל I bh): to seize; to join, meet, correspond; to receive, accept; to take an obligation upon one’s  || J(קְבַל ch): to visit; to listen, obey; to receive, take, accept || J(קָבַל II): to feel oppressed; to cry; to complain, bring charge
861	וקמו	13		NO ANALYSIS	
862	ושבעינ	13		NO_HEBREW_SENSE שבע	{שבע} v נשבע[k:def:itpe] ; שבע[j:same:targum+yerushalmi] ; שבע[j:same:pe:targum+midrash+bavli] || J(שֶׁבַע bh): seven; Shib ah, the seven days of mourning for a near relative; seventy || J(שְׁבַע ch): seventy || J(שָׁבַע): Nif.; to be sworn, to swear; to adjure; to impose, administer an oath || J(שְׁבַע II ch): Ithpa.; Ithpe.; Nif. || J(שָׂבֵעַ I bh): sated, filled, satisfied; Fem. || J(שָׂבֵעַ 
863	ותיכלונ	13		NO ANALYSIS	
864	ותשוי	13		NO ANALYSIS	
865	זעיר	13		NO ANALYSIS	
866	חופאה	13	צפוי	חופאה/-/-/exact/the sense cited from targum	{חופאה} n צפוי[k:def:targum] || J(חוֹפָאָה): cover, roofing; coating, plate
867	חות	13		NO ANALYSIS	{חות} v  || J(חוּת): to shrink from, to loathe; Part.; to create aversion
868	טעות	13	משגה, שגיאה · אליל	טעות/-/-/exact/two senses	{טעות} n משגה, שגיאה[k:def:yerushalmi] ; אליל[k:def:midrash] || J(טָעוּת): error, mistake; idol
869	ידענא	13	אני יודע	ידע/pe.ptcp.1s/-/generated/the sense cited from targum	{ידע} v ידע[j:same:pe:targum+bavli+midrash] ; הודיע[r:reviewed:af] || J(יָדַע bh): to point out, select, love; to recognize, know; to find out; Part. pass || J(יְדַע ch): Hif.; Part. pass; friend
870	ייתי	13	יבוא	אתא/af.impf.3ms/-/irregular/reviewed choice	{אתא} v סימן[k:def:targum] ; בא[k:def:pe:bavli] ; הביא[r:reviewed:af] || J(אָתָא I): letter, sign || J(אֲתָא ch): to join; to come, to arrive; to occur to; surely, indeed || J(*אָתָא III): Great Bear, Ursa Major
871	ישכוב	13		NO ANALYSIS	
872	ישמעאל	13		NO ANALYSIS	
873	ישתכח	13		NO ANALYSIS	
874	כלא	13	הכל	כלא/-/-/reviewed/reviewed form: Jastrow כֹּלָּא "all, everything"	
875	לאבהתכ	13		NO ANALYSIS	
876	לאברמ	13		NO ANALYSIS	
877	לאתר	13	למקום	אתר/-/l/exact/single sense	{אתר} n מקום[k:def:midrash] || J(אָתַר): place, town; our; local custom
878	לעלמ	13		NO ANALYSIS	
879	מדברא	13	מנהיג	מדברא/-/-/exact/the sense cited from targum	{מדברא} n מדבר[k:def:bavli] ; מנהיג[k:def:targum] ; מדבר[j:same:targum+bavli+midrash] || J(מַדְבְּרָא ch): midbar; thy speech || J(מְדַבְּרָא): leader
880	מומא	13		NO_HEBREW_SENSE מומ	{מומ} n מום[j:same:targum+bavli] || J(מוּם bh): something, anything; mamzer; mamzer
881	מידא	13		AMBIGUOUS_SENSE יד: על ידי | ע"י ש	{יד} n יד[j:same:targum+bavli] ; על ידי[j:eq:targum+bavli] ; ע"י ש[j:eq:targum+bavli] || J(יָד): hand; forefoot; handle; liberality
882	מליא	13	מלא	מליא/-/-/exact/the sense cited from targum	{מליא} adj מלוא[k:def] ; מלא[j:eq:tanakh+midrash+targum+bavli] || K: full | voll || J(מַלְיָא): fulness; the fill of, as much as
883	מלנ	13	מלנו	pron:לנ/fixed/m/pronominal/pronominal preposition table	
884	מפקד	13		NO_HEBREW_SENSE פקד	{פקד} v נתן צו[k:def:pa] ; פקד[j:same:pe:targum+bavli+midrash] || J(פָּקַד bh): to search, examine; to visit; to have marital connection with || J(פְּקַד ch): to command; Ithpa.; Pa.
885	נסיב	13		AMBIGUOUS_SENSE נסב: נשא ונתן | נשא פנים	{נסב} v לקח[k:def:pe:yerushalmi] ; נשא ונתן[j:eq:targum+midrash+bavli+yerushalmi] ; נשא פנים[j:eq:targum+midrash+bavli+yerushalmi] || J(נְסַב): to lift up; to take; to carry; to deal; to take to wife, marry
886	נפקו	13		NO ANALYSIS	
887	עסרא	13	עשרה	עסרא/-/-/exact/the sense cited from targum	{עסרא} particle עשרה[k:def:targum] || 
888	פלחנא	13	אני עובד	פלח/pe.ptcp.1s/-/generated/the sense cited from targum	{פלח} v עבד[k:def:pe:targum] ; עבד לאלהות[k:def:pe:bavli] ; עשה, פעל[k:def:pa:targum] ; העביד[k:def:af:targum] ; נעבד[k:def:itpe:targum] ; פלח[j:same:pe:targum+bavli] || J(פָּלַח bh): to split; to dig, till; to cut out; to work for, serve; to worship || J(פְּלַח ch): to till, work; Pa.; to serve || J(פֶּלַח): segment, slice; millstone
889	צפונא	13	צפון	ציפונא/-/-/alias/the sense cited from targum	{ציפונא} n צפון[k:def:bavli] ; צפון[j:eq:targum+bavli+tanakh+yerushalmi] || J(צִיפּוּנָא): north
890	קאמ	13	עמד, היה קיים · מי חלב	קומ/pe.ptcp.ms/-/irregular/two senses	{קומ} v עמד, היה קיים[k:def:pe:bavli] ; מי חלב[k:def:mishnah] ; קום[j:same:pe:targum+bavli+midrash+yerushalmi+tanakh] ; העמיד[r:reviewed:af] || J(קוּם bh): to stand up, rise; to stand, exist; a transgression of a prohibitive law which you must re || J(קוּם ² ch): ḥălitsah; to ascertain; to bargain for || J(קוֹם): curdled milk, curd; whey; ḳom?
891	קדמיהונ	13	לפניהם	pron:קדמיהונ/fixed/-/pronominal/pronominal preposition table	
892	קנינ	13	רכש	קנינ/-/-/exact/the sense cited from targum	{קנינ} n קנין[j:same:targum+bavli] ; רכש[j:targum-h:targum] || J(קִנְיָן bh): purchase, ownership, right of possession; property; cattle || J(קִנְיָן ² ch): possession; cattle; agreement by symbol, the object exchanged to make the agreement bindin
893	קרתה	13	עיר, קריה	קרתה/-/-/exact/single sense	{קרתה} n עיר, קריה[k:def:yerushalmi] || 
894	רשו	13	רשות	רשו/-/-/reviewed/reviewed form: Jastrow רְשׁוּ "permission, power"	{רשו} n הרשאה, יפוי כח[k:def:yerushalmi] ; רשיון[k:def:targum] ; הלואה[k:def:targum] || 
895	שבטיא	13		AMBIGUOUS_SENSE שבט: הכה בשבט, חבט	{שבט} v הכה בשבט, חבט[k:def:pe:bavli] ; שבט[j:same:pe:targum] ; שבט[j:same:targum+yerushalmi+bavli] || J(שָׁבַט): to press the weaving rod, to make the web close || J(שְׁבַט I ch): to strike with the rod, to beat || J(שֵׁבֶט bh): rod, staff; tribe || J(שְׁבַט ch): rod, staff; tribe || J(שְׁבָט bh): Shebat
896	שכנתי	13		NO ANALYSIS	
897	תבותא	13	תבה	תיבותא/-/-/alias/the sense cited from targum	{תיבותא} n תבה[j:eq:targum+bavli+yerushalmi] || J(תֵּיבוּתָא): chest, box; ark
898	תדחלונ	13		NO ANALYSIS	
899	תחותוהי	13	תחתיו	pron:תחותוהי/fixed/-/pronominal/pronominal preposition table	
900	תחזי	13		NO ANALYSIS	
901	תמינאה	13	שמיני	תמינאה/-/-/exact/the sense cited from targum	{תמינאה} particle שמיני[k:def:targum] || J(תְּמִינָאָה): the eighth; Fem
902	תפקדתא	13		NO ANALYSIS	
903	תרי	13	שנים	תרי/-/-/exact/reviewed choice	{תרי} v שרה במים[k:def:pe:bavli] ; התרה והזהיר[k:def:af:bavli] ; נשרה[k:def:itpe:targum] ; שנים[k:def:bavli] ; תרי[j:same:targum+bavli+midrash] ; שרה[j:eq:bavli+targum] || J(*תָּרַי): Taray || J(תרי): Hif.; to forewarn; to inform a person about to commit a criminal act of the penalty which  || J(תְּרֵי ch): Af. || J(תְּרֵי ²): to dissolve, soak; to be soaked || J(תְּרֵי ³): two; twelve
904	אסירי	12		NO_HEBREW_SENSE אסיר	{אסיר} n  || J(אָסִיר bh): prisoner. || J(אָסִיר ²): imprisoned, prisoner; tied, connected; forbidden
905	אריחיא	12	מוט	אריחא/n.pl/-/source-form/the sense cited from targum	{אריחא} n מוט[k:def:targum] ; אריח[j:eq:targum+bavli+yerushalmi] || J(אָרִיחָא ch): lath, bar, pole
906	ארכה	12	מועד	ארכה/-/-/exact/single sense	{ארכה} n מועד[k:def:midrash] || J(אַרְכָה): extension, a certain time
907	אשכחית	12		NO ANALYSIS	
908	אשר	12		AMBIGUOUS_SENSE אשר: קיים והעיד | חיזק | האמין	{אשר} v קיים והעיד[k:def:yerushalmi] ; חיזק[k:def:bavli] ; האמין[k:def:bavli] ; אשר[j:same:pe:targum+bavli] || J(אֲשֶׁר bh): being; who, which || J(אָשַׁר bh): to exist, be strong, happy;; to exalt, praise, declare happy; to substantiate; to verify,  || J(אֲשַׁר ch): Ithpe.; to be strengthened; to make strong || J(אֶשֶׁר bh): happiness of!, happy is he, are they
909	בבעו	12	בבקשה	בבעו/-/-/exact/the sense cited from targum	{בבעו} other בבקשה[k:def:targum] || K: I pray! | ich bitte
910	בזיכא	12	קערה	בזיכא/-/-/exact/the sense cited from targum	{בזיכא} n קערה[k:def:mishnah+targum] || 
911	ביתכ	12	באותך	pron:יתכ/fixed/b/pronominal/pronominal preposition table	
912	בלא	12		AMBIGUOUS_SENSE בלא: סמרטוט | בלה | מחריב	{בלא} n סמרטוט[k:def:mishnah] ; בלה[k:def:pe] ; מחריב[k:def:bavli] || K: without | ohne || J(בַּלָּא): destroyer || J(בְּלָא): to be worn out || J(בְּלֹא): without
913	במימרי	12	במאמר	מימר/n.pl/b/generated-noun/the sense cited from targum	{מימר} n מאמר[j:eq:targum] || J(מֵימַר ch): word, command; the Lord
914	בניכונ	12		NO ANALYSIS	
915	בנת	12		NO ANALYSIS	
916	בעלה	12	בתואנה, טעם	עילה/-/b/alias/single sense	{בעלה} n  || J(בַּעֲלָה): mistress, owner  ##  {עילה} n תואנה, טעם[k:def:yerushalmi] || J(עִילָה): going about, bringing about; circumstance, cause; pretext; rib
917	בקדמיתא	12	בתחילה	בקדמיתא/-/-/reviewed/reviewed form: Jastrow בְּקַדְמֵיתָא "at first"	
918	בקודשא	12	בקודש, קדושה	קודשא/-/b/exact/the sense cited from targum	{קודשא} n קודש, קדושה[k:def:targum] || 
919	ברדא	12	ברד	ברדא/-/-/exact/the sense cited from targum	{ברדא} n ברד[k:def:bavli] ; ברד[j:same:targum+bavli] || K: a cosmetic lotion used as a detergent, a mixture of aloes, myrtle and violet | ein Kosmetikum aus Myrte, Aloe und Veilchen || K: name of an unclean bird | Name eines unreinen Vogels || J(בַּרְדָּא II): barda || J(בַּרְדָּא III): barda
920	ברתה	12		NO ANALYSIS	
921	דאמוראה	12	של מלמד	אמוראה/-/d/exact/the sense cited from targum	{אמוראה} n מלמד[k:def:targum] ; אמורי[j:eq:targum+bavli+tosefta] || J(אֲמוֹרָאָה): teacher || J(אֱמוֹרָאָה ch): Emorite; the chapter treating of idolatrous practices
922	דדרתא	12	של דירה	דרתא/-/d/exact/single sense	{דרתא} n דירה[k:def] || J(דַּרְתָּא): court-yard; buildings, dwellings; houses;
923	דיוספ	12		NO ANALYSIS	
924	דירדנא	12	של ירדן	ירדנא/-/d/exact/the sense cited from targum	{ירדנא} ? ירדן[j:same:targum+bavli] || 
925	דמדכי	12		NO ANALYSIS	
926	דפינ	12	דף	דפא/n.pl/-/source-form/the sense cited from targum	{דפא} ? דף[j:same:targum+tanakh+bavli] || J(דַּפָּא ch): ish
927	דר	12		AMBIGUOUS_SENSE דר: דור | שורה | מדורה	{דר} n דור[k:def] ; שורה[k:def:midrash+bavli] ; מדורה[k:def:midrash] ; דר[j:same:bavli+tanakh+midrash+targum] || J(דָּר ²): row || J(דָּר ³ ch): row, range, order; a range of wood, pyre; period, generation
928	דרחש	12		NO ANALYSIS	
929	האנונ	12		NO ANALYSIS	
930	הוי	12		AMBIGUOUS הוי/ "שאל, הקשה" ~ הוה/pe.ptcp.mp "הווים"	{הוי} v שאל, הקשה[k:def:bavli] || J(הוֹי bh): woe!, ah! || J(הוי bh): to exist; to be, become; to occur, come to pass; he looked;; he said || J(הֲוֵי): to dwell upon, discuss; to produce; dwell upon, to discuss, argue, oppose
931	וארימ	12		NO_HEBREW_SENSE רומ	{רומ} v רום[j:same:pe:targum+yerushalmi+midrash] ; רום[j:same:targum+mishnah+bavli+midrash] || J(רוּם bh): to swing; to be high, lifted up; to rise; to lift up, raise || J(רוּם ² ch): to be high; to lift; to remove; to swing; to wave an offering; to uplift || J(רוּם II bh): height || J(רוּם ³ ch): height; haughtiness
932	ודכר	12	וזכר	דכר/-/w/exact/the sense cited from targum	{דכר} v זכר, פקד[k:def:pe:bavli] ; הזכיר[k:def:af:yerushalmi] ; העלה בזכרונו[k:def:itpe] ; נזכר[k:def:itpe:targum] ; זכר[k:def:midrash] ; איל[k:def] ; בעל תאוה[k:def:midrash] ; תרנגול[k:def] ; יחור זכר[k:def] ; זכר[j:eq:targum+bavli] ; זכר[j:eq:targum+midrash+bavli+mishnah] || J(דְּכַר I): to mark; to remember; remembering, reminded || J(דְּכַר II): marked; male, man; the male of the flock, ram
933	ויוספ	12		NO ANALYSIS	
934	ויטרונ	12		NO ANALYSIS	
935	וימות	12		NO_HEBREW_SENSE יומ	{יומ} ? יום[j:same:targum+bavli+midrash] || J(יוֹם bh): light, day; astronomical; day; || J(יוֹם ² ch): at once; of the same day, one day old, used the same day; Yoma
936	ויצבע	12		NO ANALYSIS	
937	ויתוב	12		NO ANALYSIS	
938	ולאהרנ	12		NO ANALYSIS	
939	וליעקב	12	וירדוף · וקיפח ועקר, ביטל	עקב/pe.impf.3ms/w/generated/two senses	{עקב} v רדף[k:def] ; קיפח ועקר, ביטל[k:def:bavli] || J(עָקַב bh): to trace, follow; to go beyond, supersede; to supplant || J(עֲקַב ch): Pa.; to trace, espy || J(עָקֵב bh): to be curved; heel; pl. || J(עֵקֶב bh): rear, consequence; in consequence of; end, future world
940	ונפקו	12		NO ANALYSIS	
941	וסגיד	12		NO ANALYSIS	
942	וסליק	12	והס	סלק/pe.ptcp.ms/w/irregular/the sense cited from targum	{סלק} v הסיר והעביר[k:def:mishnah] ; הרים[k:def:bavli] ; התרחק[k:def:itpa:midrash] ; מת[k:def:itpa:tosefta] ; סלק[j:same:pe:targum+bavli+midrash] ; הס[j:targum-h:targum] ; עָלָה[h:wikt] ; העלה[r:reviewed:af] || J(סָלַק): to go up, go away; to pile up; to remove; to cause cessation, suspend || J(סְלֵק ch): to rise, go up; to go away; to occur; to stop, hush, keep silence || J(סְלַק): to boil down
943	ופלגא	12		NO ANALYSIS	
944	ושית	12	וששה	שית/-/w/exact/the sense cited from targum	{שית} n יסוד, מסד[k:def:mishnah] ; ששה[k:def:targum+tanakh] ; ששה[k:def:targum+tanakh] ; שש[j:eq:targum+bavli] || J(שִׁית I bh): to place, set, make || J(שִׁית II): foundation; bottom; Shith, a pit by the side of the altar || J(שִׁית III): wild fig.—Pl. || J(שִׁית): six.; sixty; sixteen; sixteenth
945	ותחפי	12		NO ANALYSIS	
946	ותלת	12	ושלש	תלת/-/w/exact/the sense cited from targum	{תלת} v חילק לשלשה חלקים[k:def:pa:targum] ; עשה בפעם השלישית[k:def:pa:targum] ; נעשה בפעם השלישית[k:def:itpe:targum] ; שלש[j:eq:targum+bavli+yerushalmi] || J(תַּלֵּת): to divide into three parts; to do a third time; Part. pass || J(תְּלַת): three; on the third; thirteen
947	ותקרבונ	12		NO ANALYSIS	
948	זכאה	12	צדיק	זכאה/-/-/exact/the sense cited from targum	{זכאה} adj צדיק[k:def:targum] ; זכאה[j:same:targum] || J(זַכָּאָה ² ch): clear, innocent
949	חובי	12	חטא	חובא/n.pl/-/source-form/reviewed choice	{חובא} n חטא[k:def] ; חוק[k:def:targum] ; חוב[j:eq:targum+yerushalmi+bavli+midrash] ; נשים[j:targum-h:targum] ; חוב[j:eq:targum] || K: name of a bird | eine Vogelart || J(חוֹבָא ch): debt; sin, guilt || J(חוּבָא): storage || J(חוּבָּא I ch): lap, bosom || J(חוּבָּא II): ḥubba
950	חובתה	12	חובה	חובתא/-/-/alias/the sense cited from targum	{חובתא} n חובה[j:eq:targum+yerushalmi+bavli] || J(חוֹבְתָא ch): debt; obligation, duty; guilt, sin, sin-offering
951	חוטרא	12	מקל	חוטרא/-/-/exact/reviewed choice	{חוטרא} n מקל[k:def:midrash] ; גדרות צאן[k:def:bavli] || K: name of a place in Babylonia | Name einer Ortschaft in Babylonien || J(חוּטְרָא II): fold; enclosure
952	חמוהי	12		NO_HEBREW_SENSE חמוה	{חמוה} ?  || 
953	טעותהונ	12		NO ANALYSIS	
954	יקבל	12		NO ANALYSIS	
955	יקרבונ	12		NO ANALYSIS	
956	יתעבד	12		NO ANALYSIS	
957	כיפ	12		AMBIGUOUS_SENSE כיפ: כפה בבנין | גובה הגל | אבן | אבן טובה | חוף	{כיפ} n כפה בבנין[k:def:mishnah] ; גובה הגל[k:def:bavli] ; אבן[k:def:bavli] ; אבן טובה[k:def:bavli] ; חוף[k:def] ; כיף[j:same:targum+yerushalmi+bavli+midrash+tosefta] || J(כִּיף): to bend || J(כֵּיף bh): ball; rock; arch, tuft, umbel || J(כֵּיף ² ch): rock, stone, ball; pearls, jewels; corals
958	כמסת	12	ראוי, מוכשר	כמסת/-/-/exact/the sense cited from targum	{כמסת} adj ראוי, מוכשר[k:def:targum] ; כדיי[j:eq:tanakh+targum] ; מי אנכי[j:targum-h:targum] || J(כְּמֵסַת): adequate, able, worthy
959	כפתגמא	12	כדבר	פתגמ/-/k/alias/the sense cited from targum	{פתגמ} n דבר[j:eq:targum] || J(פִּתְגָּם bh): decree; word; affair, event
960	לאבוהי	12	לאב שלו	אבא/n.pl+3ms/l/generated-noun/the sense cited from targum	{אבא} n אב, אבי[k:def:bavli] ; יער[k:def:bavli] ; אב[j:eq:targum+mishnah+bavli+yerushalmi+tanakh] || K: name of Amoraim | Name von Amoräern || J(אַבָּא I ch): my father; my grandfather; grandfather || J(אַבָּא II): Abba; Ba, Va; Abba Mari || J(אַבָּא III): Abba || J(אִבָּא): thicket, woods, grove; fruit
961	לבלעמ	12		NO ANALYSIS	
962	לדריהונ	12		NO ANALYSIS	
963	לופי	12	מחברת	לופי/-/-/exact/the sense cited from targum	{לופי} n מחברת[j:eq:targum] || J(לוֹפֵי): place of coupling, border
964	למטל	12		NO ANALYSIS	
965	למיעל	12		NO ANALYSIS	
966	למשתי	12		NO ANALYSIS	
967	לקרתא	12	לעיר, קריה	קרתא/-/l/exact/reviewed choice	{קרתא} n קור[k:def:targum] ; עיר, קריה[k:def:yerushalmi] ; קרת[j:same:targum+yerushalmi] || J(קָרְתָא): cold
968	מגסתא	12		NO ANALYSIS	
969	מדמא	12		AMBIGUOUS דמא/ "מדם" ~ מא/ "ממה שמה"	{דמא} n דם[k:def:bavli] || K: a man’s name | männlicher Name || J(דְּמָא): to resemble
970	מזרקא	12		NO_HEBREW_SENSE מזרק	{מזרק} n מזרק[j:same:targum+bavli] || J(מִזְרָק bh): the bowl || J(מִזְרַק ch): blood-vessel, jugular vain; the neck with the jugular veins
971	מחר	12	מָחר	מחר/-/-/exact/the sense cited from targum	{מחר} adv מָחר[k:def:targum] ; מחר[j:same:targum+midrash+yerushalmi] || J(מָחָר bh): next day, future day; maḥar; now
972	מלי	12	מלא	מלי/-/-/exact/the sense cited from targum	{מלי} v מלא[j:eq:targum+bavli+midrash] || J(מַלֵּי): to speak || J(מְלֵי ch): to be full; to fill; to fill || J(מְלִי ch): full
973	מניני	12	מיני דגים קטנים	מניני/-/-/exact/single sense	{מניני} n מיני דגים קטנים[k:def:bavli] || 
974	מסופ	12		NO ANALYSIS	
975	מעלת	12	ממין כף לשאיבת יין	עלת/-/m/exact/single sense	{עלת} n מין כף לשאיבת יין[k:def:bavli] || J(עַלַּת): turning about; ladle
976	משכא	12	עור	משכא/-/-/exact/the sense cited from targum	{משכא} n עור[k:def:yerushalmi+midrash+targum] || 
977	משרית	12		NO ANALYSIS	
978	נפשתא	12	פרה ורבה	נפש/n.pl/-/source-form/the sense cited from targum	{נפש} v נח ושבת[k:def:pe:midrash] ; פרה ורבה[k:def:pe:targum] ; הרבה, הגדיל[k:def:af:bavli] ; נפש[j:same:yerushalmi+targum+midrash+bavli] || J(נָפֵשׁ): Nif.; breathing, resting || J(נֶפֶשׁ bh): resting place; a structure next to; over a tomb. || J(נְפַשׁ ch): monument; soul, will
979	נפשתיכונ	12		NO ANALYSIS	
980	סטרי	12		NO ANALYSIS	
981	עיניכ	12		NO ANALYSIS	
982	עלמא	12	עולם	עלמא/-/-/exact/single sense	{עלמא} n עולם[k:def:midrash+bavli] || 
983	ענה	12	עני	עני/-/-/alias/the sense cited from targum	{עני} v השיב, ענה[k:def:pe:yerushalmi] ; זימר במקהלה[k:def:pa:targum] ; איחר[k:def:pa] ; עינה, גרם יסורים[k:def:pa:targum] ; אנס אשה[k:def:pa:targum] ; התענה[k:def:itpe] ; נעשה עני[k:def:itpe:bavli] ; עני[j:same:pe:midrash+bavli+targum+tanakh] ; עני[j:eq:targum] || J(עני bh): to turn, come out in turn; to begin to speak; to respond; to speak; sing in chorus; to ans || J(עֲנֵי): to speak; sing in chorus; to respond; to be answered || J(עני ² bh): to press, be pressed; to be detained; to detain, postpone; to delay execution of capital j || J(עֲנֵי ² ch): to tarr
984	פקד	12		NO_HEBREW_SENSE פקד	{פקד} v נתן צו[k:def:pa] ; פקד[j:same:pe:targum+bavli+midrash] || J(פָּקַד bh): to search, examine; to visit; to have marital connection with || J(פְּקַד ch): to command; Ithpa.; Pa.
985	פרכתא	12		AMBIGUOUS_SENSE פרכ: שאל, הקשה	{פרכ} v נשבר ונתפורר[k:def:itpe:bavli] ; נדרס ונשוף[k:def:itpa:yerushalmi] ; שאל, הקשה[k:def:pa:bavli] ; נסתרו דבריו[k:def:itpe:bavli] ; פרך[j:same:pe:targum+bavli+midrash] || K: to crush | zerreiben || J(פָּרַךְ): to split, divide off; to split; to crush, rub, grind || J(פְּרַךְ I ch): to break, smash, crumble.; —Part. pass; crushed; peeling, brittle || J(פְּרַךְ II): Pa.; to tie dry ears; to bind sheaves; to untie sheaves || J(פֶּרֶךְ): tyranny, rigor; that which is eas
986	פרת	12		NO_HEBREW_SENSE פרת	{פרת} v זלזל[k:def:pa] ; נשך[k:def:pa:targum] ; נפרד ונפרש[k:def:itpe] ; פרת[j:same:pe:midrash+tanakh+targum+bavli] || J(פָּרַת): to divide, crush, crumble; to belittle, make light of || J(פְּרַת I ch): to divide, dismember; to belittle, make light of; to be broken off, separated
987	קבילו	12		NO ANALYSIS	
988	קומ	12	עמד, היה קיים · מי חלב	קומ/-/-/exact/two senses	{קומ} v עמד, היה קיים[k:def:pe:bavli] ; מי חלב[k:def:mishnah] ; קום[j:same:pe:targum+bavli+midrash+yerushalmi+tanakh] ; העמיד[r:reviewed:af] || J(קוּם bh): to stand up, rise; to stand, exist; a transgression of a prohibitive law which you must re || J(קוּם ² ch): ḥălitsah; to ascertain; to bargain for || J(קוֹם): curdled milk, curd; whey; ḳom?
989	קימית	12		NO ANALYSIS	
990	רגז	12	כעס, קצף	רגז/-/-/exact/the sense cited from targum	{רגז} n כעס, קצף[k:def:targum] ; רגז[j:same:pe:targum+tanakh+midrash] || J(רָגַז bh): to be unsteady, restless; to be agitated; to stir, excite, incite to anger; to be excited, || J(רְגַז I ch): to tremble; to be agitated, angry; to be shaken; to be excited; to shake; to excite; to sc || J(רְגַז II): anger, wrath || J(רַגָּז bh): trembling, fearful
991	רעי	12		AMBIGUOUS_SENSE רעי: רעה את הצאן | רצה	{רעי} v רעה את הצאן[k:def:pe:targum] ; רצה[k:def:pe:targum] ; נרצה[k:def:itpe:targum] ; רצה ב־[k:def:itpe:targum] ; בחר[k:def:itpe:targum] ; רעי[j:same:pe:targum+bavli] ; רצה[j:eq:targum+midrash+yerushalmi+bavli] ; רעי[j:same:targum] || J(רעי bh): to join, arrange; to lead, pasture, feed; to graze || J(רְעֵי ch): to feed; to graze || J(רְעֵי ²): to join in; to desire, take delight in; to welcome; Af. || J(רְעִי): a grazing animal; soiled matter || J(רְעִי ²): secretion, excrements; privy || J(רְעִי III): pasture
992	שכמ	12		NO ANALYSIS	{שכמ} n  || J(שָׂכַם): Hif. || J(שָׁכַם): Hif.; to load; to rise early; to do a thing early || J(שְׁכֶם I bh): shoulder; load; portion, share || J(שְׁכֶם II bh): Shechem; Shechem
993	תדחל	12		NO ANALYSIS	
994	תולדת	12		NO ANALYSIS	
995	תולדתהונ	12		NO ANALYSIS	
996	אחסנת	11		NO ANALYSIS	
997	אימר	11		AMBIGUOUS אימר/ "אמר" ~ אמר/pe.impf.1s "אומר"	{אימר} n אמר[j:eq:targum] || J(אֵימַר ch): speech, utterance || J(אִימַר): to retract || J(אִימַּר): thick, heavy; lamb; the
998	אינונ	11	הם	pron:אינונ/fixed/-/pronominal/pronominal preposition table	{אינונ} ?  || 
999	אמכ	11		NO ANALYSIS	{אמכ} ?  || 
1000	אמרית	11	אמרתי	אמר/pe.perf.1s/-/irregular/the sense cited from targum	{אמר} v הלעיט[k:def:af:bavli] ; אמר[j:same:pe:targum+bavli+yerushalmi] ; טלה, כבש[h:wikt] || J(אָמַר I bh): to join, knot; to be knotted, thick;; to heap up;; to join words, compose || J(אֲמַר ch): they say, it is said; Inf; does this mean to say? || J(אָמַר II bh): to be thick, strong; to thrive; to boast, vaunt, be oppressive; to fatten || J(אִמַּר): lamb
